time,H_1,H_2,H_3,Hs_1,Hs_2,Hs_3,cry_1,cry_2,cry_3,disloc_density,disp_x,disp_y,disp_z,fp_yy,gd_0,gd_1,gd_10,gd_11,gd_2,gd_3,gd_4,gd_5,gd_6,gd_7,gd_8,gd_9,slip_increment_0,slip_increment_1,slip_increment_10,slip_increment_11,slip_increment_2,slip_increment_3,slip_increment_4,slip_increment_5,slip_increment_6,slip_increment_7,slip_increment_8,slip_increment_9,slip_resistance_0,slip_resistance_1,slip_resistance_10,slip_resistance_11,slip_resistance_2,slip_resistance_3,slip_resistance_4,slip_resistance_5,slip_resistance_6,slip_resistance_7,slip_resistance_8,slip_resistance_9,sliprate,strain_eff,strain_shear,strain_yy,stress_vm,stress_xx,stress_xy,stress_xz,stress_yy,stress_yz,stress_zz,surface_react_y,total_twin_volume,twin_slip_increment_0,twin_slip_increment_1,twin_slip_increment_10,twin_slip_increment_11,twin_slip_increment_2,twin_slip_increment_3,twin_slip_increment_4,twin_slip_increment_5,twin_slip_increment_6,twin_slip_increment_7,twin_slip_increment_8,twin_slip_increment_9,twin_twin_system_volume_fraction_0,twin_twin_system_volume_fraction_1,twin_twin_system_volume_fraction_10,twin_twin_system_volume_fraction_11,twin_twin_system_volume_fraction_2,twin_twin_system_volume_fraction_3,twin_twin_system_volume_fraction_4,twin_twin_system_volume_fraction_5,twin_twin_system_volume_fraction_6,twin_twin_system_volume_fraction_7,twin_twin_system_volume_fraction_8,twin_twin_system_volume_fraction_9
0.05,1733333333.3334,1733333333.3334,1733333333.3334,1155555555.5556,1155555555.5556,1155555555.5556,1,1,1,20000000,2.7478808777193e-07,1.4683332190501e-06,2.7196323231083e-07,1,397.00698982202,397.00698982202,397.2429770706,397.2429770706,397.00698982202,397.4783138598,397.4783138598,397.4783138598,396.67316701598,396.67316701598,396.67316701598,397.2429770706,1.9689515918529e-52,3.9140363490497e-206,1.7007562141511e-205,-1.9229174912386e-52,-1.9523747730638e-52,-1.8567274217158e-52,-1.8720346218852e-207,-1.8711195630838e-52,-2.0456361569617e-52,-2.4055198324765e-205,-2.0618112527003e-52,1.9416104956582e-52,435.72951879005,435.72951879005,435.96550603864,435.96550603864,435.72951879005,436.20084282783,436.20084282783,436.20084282783,435.39569598401,435.39569598401,435.39569598401,435.96550603864,0,0.00056170609530807,0.00034053619386609,0.00049987487523467,69.54780046226,-0.00033693900630164,0.011499652537751,-0.0010305309970019,69.547002725301,-0.00035838131000695,-0.0012431702625751,0,1.8675773806111e-34,1.5060214816753e-35,0,0,1.5214534975998e-35,1.5226628897075e-35,1.5150988289791e-35,0,1.5017941072457e-35,1.5166171408484e-35,0,1.5023731341337e-35,1.505751150784e-35,2.2841072434602e-35,0,0,2.3075125457115e-35,2.3093468013601e-35,2.2978746109057e-35,0,2.2776957319229e-35,2.3001774164664e-35,0,2.2785738903517e-35,2.2836972955631e-35
0.1,1733333333.3334,1733333333.3334,1733333333.3334,1155555555.5556,1155555555.5556,1155555555.5556,1,1,1,20000000,5.4930020261577e-07,2.9366346560371e-06,5.4407954517101e-07,1,397.00698982202,397.00698982202,397.2429770706,397.2429770706,397.00698982202,397.4783138598,397.4783138598,397.4783138598,396.67316701598,396.67316701598,396.67316701598,397.2429770706,2.2362948345206e-37,3.7275275890459e-206,1.4616779304042e-205,-2.1921970463162e-37,-2.2268483144236e-37,-2.1254746420742e-37,-1.5507695417673e-207,-2.1336724003746e-37,-2.3399397305167e-37,-1.6850635348865e-205,-2.3491163129295e-37,2.2028263852423e-37,435.72951879005,435.72951879005,435.96550603864,435.96550603864,435.72951879005,436.20084282783,436.20084282783,436.20084282783,435.39569598401,435.39569598401,435.39569598401,435.96550603864,1.6708045491678e-51,0.0011232893073614,0.00068100642379151,0.0009995000004995,139.2501436733,-0.00029016913764256,0.011496757499793,-0.0010204310834809,139.24938759053,-0.00035165106922304,-0.001214314165867,0,1.4547937390228e-27,1.271869757402e-28,0,0,1.2783691927011e-28,1.2788714598937e-28,1.2756922802378e-28,0,1.2700981045713e-28,1.2763216078945e-28,0,1.2703436204544e-28,1.2717512329418e-28,1.7986956889008e-28,0,0,1.8078872807891e-28,1.8085975940482e-28,1.8041015539144e-28,0,1.7961901927986e-28,1.804991557852e-28,0,1.7965374047781e-28,1.7985280699607e-28
0.15,1733333333.3334,1733333333.3334,1733333333.3334,1155555555.5556,1155555555.5556,1155555555.5556,1,1,1,20000000,8.2353693488533e-07,4.404905402518e-06,8.1633187749152e-07,1,397.00698982202,397.00698982202,397.2429770706,397.2429770706,397.00698982202,397.4783138598,397.4783138598,397.4783138598,396.67316701598,396.67316701598,396.67316701598,397.2429770706,1.4388674995557e-28,6.4730820448282e-256,1.8644276863631e-257,-1.4153157326632e-28,-1.4387306979019e-28,-1.3778696154624e-28,-3.9453749405227e-255,-1.3779625339631e-28,-1.5156416220238e-28,-3.7989968089054e-258,-1.5159919583588e-28,1.4156906862728e-28,435.72951879005,435.72951879005,435.96550603864,435.96550603864,435.72951879005,436.20084282783,436.20084282783,436.20084282783,435.39569598401,435.39569598401,435.39569598401,435.96550603864,1.8771249129068e-36,0.0016847503667919,0.0010214128742302,0.0014988756252322,209.1073433403,-1.2691429594808e-05,0.0006906729229642,0.00015658321879071,209.10730300402,-0.00035949813903378,-6.7947783164554e-05,0,4.8219328911621e-24,4.2572886717259e-25,0,0,4.2584715753811e-25,4.2586356827166e-25,4.2579773472524e-25,0,4.2576423433311e-25,4.2584335732066e-25,0,4.2572222122833e-25,4.258000926989e-25,6.022514074181e-25,0,0,6.0241961441651e-25,6.0244289372979e-25,6.0234934143157e-25,0,6.0230117358655e-25,6.0241395052516e-25,0,6.0224179280518e-25,6.023521187615e-25
0.2,1733333333.3334,1733333333.3334,1733333333.3334,1155555555.5556,1155555555.5556,1155555555.5556,1,1,1,20000000,1.0985166466647e-06,5.8732335081757e-06,1.0888293258007e-06,1,397.00698982202,397.00698982202,397.2429770706,397.2429770706,397.00698982202,397.4783138598,397.4783138598,397.4783138598,396.67316701598,396.67316701598,396.67316701598,397.2429770706,2.576163514027e-22,1.3133651911082e-211,8.9915986534941e-210,-2.5292696182345e-22,-2.573420064906e-22,-2.4614441714744e-22,4.4785732685579e-213,-2.4641427582815e-22,-2.7060795226665e-22,-1.8233420953066e-214,-2.7107632303057e-22,2.5341591451644e-22,435.72951879005,435.72951879005,435.96550603864,435.96550603864,435.72951879005,436.20084282783,436.20084282783,436.20084282783,435.39569598401,435.39569598401,435.39569598401,435.96550603864,1.2087227195426e-27,0.0022460934952801,0.001361803974428,0.0019980019984957,279.1202528352,-0.00074243047224223,0.0081641570862629,0.0015279469769394,279.11944480394,-0.002025833768002,-0.00087154779301458,0,1.5384935833567e-21,1.3480947771186e-22,0,0,1.3509844944468e-22,1.3510781108708e-22,1.349964519591e-22,0,1.3482289654974e-22,1.3504486189097e-22,0,1.3475418969951e-22,1.3491726575797e-22,1.9125164312396e-22,0,0,1.9166047907466e-22,1.9167374171563e-22,1.9151616257424e-22,0,1.9127066999266e-22,1.9158468916554e-22,0,1.9117344445245e-22,1.9140417915198e-22
0.25,1733333333.3334,1733333333.3334,1733333333.3334,1155555555.5556,1155555555.5556,1155555555.5556,1,1,1,20000000,1.3734564290396e-06,7.3415257865102e-06,1.3614641076985e-06,1,397.00698982202,397.00698982202,397.2429770706,397.2429770706,397.00698982202,397.4783138598,397.4783138598,397.4783138598,396.67316701598,396.67316701598,396.67316701598,397.2429770706,1.8263848343279e-17,1.4075014199752e-221,6.335420061247e-214,-1.7945197449935e-17,-1.8258097010334e-17,-1.7473560542566e-17,3.0285637637334e-215,-1.7481225259132e-17,-1.9211268323778e-17,-4.7188651568e-218,-1.9232127817467e-17,1.7964857642179e-17,435.72951879005,435.72951879005,435.96550603864,435.96550603864,435.72951879005,436.20084282783,436.20084282783,436.20084282783,435.39569598401,435.39569598401,435.39569598401,435.96550603864,2.162671013172e-21,0.0028073150369694,0.0017021338780974,0.0024968793689881,349.28848573976,-0.00086245415500626,0.0051665272158468,0.0017534908167689,349.28776916024,-0.0024141745941888,-0.00056972146020791,0,1.3496103590808e-19,1.1755453353617e-20,0,0,1.1769247464346e-20,1.1770110209276e-20,1.1764757281855e-20,0,1.1758633484017e-20,1.1768860265194e-20,0,1.175301773459e-20,1.1764311190549e-20,1.6815973207653e-20,0,0,1.6835889862078e-20,1.68371232303e-20,1.6829395468601e-20,0,1.6820489618064e-20,1.6835266489877e-20,0,1.6812450523521e-20,1.6828652616804e-20
0.3,1733333333.3334,1733333333.3334,1733333333.3334,1155555555.5556,1155555555.5556,1155555555.5556,1,1,1,20000000,1.6486467709177e-06,8.8098270315163e-06,1.6342512921927e-06,1,397.00698982202,397.00698982202,397.2429770706,397.2429770706,397.00698982202,397.4783138598,397.4783138598,397.4783138598,396.67316701598,396.67316701598,396.67316701598,397.2429770706,1.6823427538942e-13,2.7610582764735e-218,6.0495794028263e-218,-1.6543871892701e-13,-1.681331501688e-13,-1.6096225238436e-13,3.0993268056646e-221,-1.6104590177678e-13,-1.7709887226004e-13,-7.0323734148649e-221,-1.7722554169283e-13,1.6557866200219e-13,435.72951879005,435.72951879005,435.96550603864,435.96550603864,435.72951879005,436.20084282783,436.20084282783,436.20084282783,435.39569598401,435.39569598401,435.39569598401,435.96550603864,1.5347750120062e-16,0.0033684150140514,0.0020424154257522,0.0029955079850241,419.61224074167,0.00068875652548721,0.0055549843902016,-0.00076386263315335,419.61271205807,-0.00079367505993176,0.00025464574177769,0,5.2720581587578e-18,4.5306558457859e-19,0,0,4.5343564000904e-19,4.535028152148e-19,4.5327095594797e-19,0,4.529921185755e-19,4.5337197843402e-19,0,4.5299155483232e-19,4.5310000596148e-19,6.5754746756319e-19,0,0,6.5809072162619e-19,6.5818695508144e-19,6.5785132880004e-19,0,6.5744808735566e-19,6.5800006719119e-19,0,6.5743925100787e-19,6.5760882615886e-19
0.35,1733333333.3328,1733333333.3328,1733333333.3328,1155555555.555,1155555555.555,1155555555.555,1,1,1,20000000.000123,1.9241879869775e-06,1.0278141534783e-05,1.9072795426378e-06,1.0000000000618,397.00698982196,397.00698982196,397.24297707054,397.24297707054,397.00698982196,397.47831385973,397.47831385973,397.47831385973,396.67316701591,396.67316701591,396.67316701591,397.24297707054,3.7921603663893e-10,1.3061184223534e-208,6.2618818245415e-205,-3.7265791537986e-10,-3.7890435188568e-10,-3.6252919295451e-10,-1.4039327590184e-208,-3.6285110407383e-10,-3.9881421483627e-10,-2.3809655601375e-211,-3.9931529368311e-10,3.7317440601654e-10,435.72951879009,435.72951879009,435.96550603867,435.96550603867,435.72951879009,436.20084282787,436.20084282787,436.20084282787,435.39569598405,435.39569598405,435.39569598405,435.96550603867,1.4138691341026e-12,0.0039293995101207,0.0023826631109685,0.0034938880945516,490.09265155114,-0.0004217779563043,0.010602976854898,-4.1037885105639e-05,490.09219823646,-0.0021750459477322,-0.00048300258626262,0,1.1806070990991e-16,9.9345952696935e-18,0,0,9.9483380688845e-18,9.950124722949e-18,9.9431099288724e-18,0,9.9329899242253e-18,9.9466471909554e-18,0,9.9312731109962e-18,9.9380635428332e-18,1.4707186834651e-17,0,0,1.4727165341715e-17,1.472978828558e-17,1.4719532242378e-17,0,1.470481715311e-17,1.4724683424781e-17,0,1.470238037621e-17,1.4712153072159e-17
0.4,1733333332.1083,1733333332.1083,1733333332.1083,1155555554.3305,1155555554.3305,1155555554.3305,1,1,1,20000000.276513,2.1995259976691e-06,1.1746413961747e-05,2.1804684983981e-06,1.0000000496882,397.00698968132,397.00698968132,397.24297693145,397.24297693145,397.00698968132,397.4783137232,397.4783137232,397.4783137232,396.67316687062,396.67316687062,396.67316687062,397.24297693145,3.0427458526294e-07,9.6870413864891e-249,1.7569493189516e-247,-2.9933288762983e-07,-3.0423688429317e-07,-2.9138200649496e-07,7.0851800080686e-247,-2.9140903131237e-07,-3.2055008978789e-07,-6.3030721785457e-247,-3.2060305698569e-07,2.9939695298639e-07,435.729518871,435.729518871,435.96550612114,435.96550612114,435.729518871,436.20084291289,436.20084291289,436.20084291289,435.3956960603,435.3956960603,435.3956960603,435.96550612114,3.1840899622194e-09,0.0044902670043556,0.0027228445118488,0.003992019945153,560.72195258079,0.00018443091884779,0.0016568176966505,-6.6210873558997e-05,560.72203043013,-0.00047999572294091,-2.8690199852572e-05,0,1.7513205006031e-15,1.4429958773838e-16,0,0,1.443300385594e-16,1.4433561803168e-16,1.4431581025555e-16,0,1.4430110269018e-16,1.4432627890599e-16,0,1.4429690288087e-16,1.4430867694013e-16,2.1877762085912e-16,0,0,2.1884066333026e-16,2.1885117683949e-16,2.1881290837064e-16,0,2.1877739364295e-16,2.1883286446047e-16,0,2.1876901743878e-16,2.18795441169e-16
0.45,1733332348.7321,1733332348.7321,1733332348.7321,1155554570.9543,1155554570.9543,1155554570.9543,1,1,1,20000222.09332,2.479196427304e-06,1.3214800844181e-05,2.4577732306601e-06,1.000015327164,397.0068767786,397.0068767786,397.2428652643,397.2428652643,397.0068767786,397.47820404575,397.47820404575,397.47820404575,396.67305016564,396.67305016564,396.67305016564,397.2428652643,9.3733451558979e-05,3.4771920943243e-159,7.7437917833121e-167,-9.212274228896e-05,-9.3731032193895e-05,-8.9676534738253e-05,-9.7631189245998e-161,-8.970229476016e-05,-9.8594748412172e-05,2.8687138635409e-165,-9.8670637554309e-05,9.2197702674748e-05,435.7295838838,435.7295838838,435.9655723695,435.9655723695,435.7295838838,436.20091115095,436.20091115095,436.20091115095,435.39575727084,435.39575727084,435.39575727084,435.9655723695,2.5553948741953e-06,0.005052334649245,0.0030644038809238,0.0044899037838213,629.34011892306,-0.00056594799309488,0.0074546323238696,5.1429409853916e-05,629.3396293813,-0.0038186569690646,-0.00033762969915395,0,1.7990662412179e-14,1.4276240279197e-15,0,0,1.428781689205e-15,1.4290864768129e-15,1.4283120697626e-15,0,1.4277345186213e-15,1.428938082247e-15,0,1.4274147299803e-15,1.4282652880149e-15,2.2377428831128e-15,0,0,2.2394431058743e-15,2.2398846541523e-15,2.23875120873e-15,0,2.2378989133454e-15,2.2396564801655e-15,0,2.237438287708e-15,2.2386675821464e-15
0.5,1733029607.5508,1733029607.5508,1733029607.5508,1155251829.773,1155251829.773,1155251829.773,1,1,1,20068710.364981,2.8207710920197e-06,1.4683981672321e-05,2.7930462669895e-06,1.0002589901881,396.97210102497,396.97210102497,397.20848593989,397.20848593989,396.97210102497,397.44444163089,397.44444163089,397.44444163089,396.63713373847,396.63713373847,396.63713373847,397.20848593989,0.0014969185114058,7.3759698502714e-113,-4.687477264652e-120,-0.0014694445811084,-0.0014988892545931,-0.0014305733347704,-2.6795140530447e-113,-0.0014311883338872,-0.0015696464917129,5.6199146959314e-118,-0.0015686250751133,0.0014686763419186,435.74953423303,435.74953423303,435.98591914795,435.98591914795,435.74953423303,436.22187483895,436.22187483895,436.22187483895,435.41456694654,435.41456694654,435.41456694654,435.98591914795,0.00078900367665766,0.0056341706275101,0.00342662496193,0.0049875398032175,665.52979663516,-0.00015997004745877,0.0045692080591634,0.00058001152213475,665.52749310764,-0.00070482059775527,-0.00026394971132671,0,6.8212297820952e-14,4.3348473250435e-15,0,0,4.3382158671208e-15,4.3356575767074e-15,4.337474953697e-15,0,4.3334810203644e-15,4.3345571367035e-15,0,4.3341287701806e-15,4.3340344145311e-15,8.3681427610061e-15,0,0,8.3746068216588e-15,8.3714304009376e-15,8.3728671147019e-15,0,8.3663665446312e-15,8.3696459697727e-15,0,8.3668219755688e-15,8.3679178309681e-15
0.55,1728202258.8785,1728202258.8785,1728202258.8785,1150424481.1007,1150424481.1007,1150424481.1007,1,1,1,21164282.83246,3.213222336654e-06,1.6153686067328e-05,3.1795317509903e-06,1.0007000802042,396.41643410438,396.41643410438,396.6600413778,396.6600413778,396.41643410438,396.90553991118,396.90553991118,396.90553991118,396.06490259433,396.06490259433,396.06490259433,396.6600413778,0.0027115853714643,6.5702335252236e-103,-1.7187942982011e-109,-0.0026600652391351,-0.0027154914628987,-0.002587960665534,-3.958688222134e-103,-0.0025908759239197,-0.0028376425970879,1.156003446895e-107,-0.002833920250994,0.0026564833555911,436.05579365965,436.05579365965,436.29940093307,436.29940093307,436.05579365965,436.54489946644,436.54489946644,436.54489946644,435.70426214959,435.70426214959,435.70426214959,436.29940093307,0.012605914707753,0.0062337768624244,0.0038062485573212,0.0054849280240309,673.5899729885,0.0003781445705781,0.0069371828014161,0.00029256155452624,673.58537917705,-0.00056356432977294,-1.5647399756271e-05,0,1.3254497909578e-13,5.5116239578788e-15,0,0,5.5193346028491e-15,5.5110325527349e-15,5.5181177824584e-15,0,5.5070770286589e-15,5.507378081829e-15,0,5.5096855050012e-15,5.5073231889864e-15,1.6162756112939e-14,0,0,1.6180124672283e-14,1.6165207379695e-14,1.6176664121427e-14,0,1.6154549567594e-14,1.6158254746212e-14,0,1.6158693941152e-14,1.6156448977205e-14
0.6,1719503466.2997,1719503466.2997,1719503466.2997,1141725688.5219,1141725688.5219,1141725688.5219,1,1,1,23195324.422144,3.6175068677022e-06,1.76234177636e-05,3.5775829643893e-06,1.0011853404538,395.41243503226,395.41243503226,395.66980004968,395.66980004968,395.41243503226,395.93246559938,395.93246559938,395.93246559938,395.0326380434,395.0326380434,395.0326380434,395.66980004968,0.0029822329589243,1.9282176425667e-99,-1.0159598324861e-105,-0.002925413537318,-0.0029857045007108,-0.0028416470351994,-1.30490203729e-99,-0.0028464689818983,-0.0031259115269149,4.3098525705564e-104,-0.0031193045666988,0.0029184126023183,436.58571063405,436.58571063405,436.84307565147,436.84307565147,436.58571063405,437.10574120118,437.10574120118,437.10574120118,436.20591364519,436.20591364519,436.20591364519,436.84307565147,0.022973048952299,0.0068380329474409,0.0041898946575999,0.0059820685652018,675.35100084187,0.00010429156026418,0.0061628898168422,7.5495809745054e-05,675.3446071488,-0.00055808992204624,-0.00023228097944851,0,2.0041260788676e-13,5.8110941575413e-15,0,0,5.8201999322195e-15,5.8065891751263e-15,5.8197957245707e-15,0,5.8027835508805e-15,5.8004245673624e-15,0,5.8077271486752e-15,5.8016443539211e-15,2.4380884282761e-14,0,0,2.4411130352151e-14,2.4376964542287e-14,2.4407098165356e-14,0,2.4360924764765e-14,2.4361293836898e-14,0,2.4372060441371e-14,2.4361213106585e-14
0.65,1710012414.0442,1710012414.0442,1710012414.0442,1132234636.2664,1132234636.2664,1132234636.2664,1,1,1,25503639.658868,4.0242813462875e-06,1.9093086604372e-05,3.9784283191391e-06,1.0016762557968,394.31399516821,394.31399516821,394.58671646271,394.58671646271,394.31399516821,394.86864786161,394.86864786161,394.86864786161,393.90236162561,393.90236162561,393.90236162561,394.58671646271,0.0030157546128877,1.5758903287015e-97,-1.0485212916141e-103,-0.002957451688202,-0.0030176861460358,-0.0028655812079107,-1.0015497593188e-97,-0.0028723852840696,-0.0031716676599814,3.1949805774509e-102,-0.0031623805939369,0.002947363118677,437.15033293962,437.15033293962,437.42305423412,437.42305423412,437.15033293962,437.70498563301,437.70498563301,437.70498563301,436.73869939702,436.73869939702,436.73869939702,437.42305423412,0.025252368164921,0.0074433859554457,0.0045745078269369,0.006478961602016,676.3044041695,0.00013170621634393,0.006233654903548,7.1306785734134e-05,676.29700429089,-0.00054871905485533,-0.00021764099992624,0,2.703330050886e-13,5.9815753017944e-15,0,0,5.9921074956304e-15,5.9732107889829e-15,5.9926159996777e-15,0,5.9687287247229e-15,5.9639544229149e-15,0,5.9762646668189e-15,5.9660285619867e-15,3.2840109198914e-14,0,0,3.2885250039669e-14,3.282436025098e-14,3.2881936986194e-14,0,3.2801981877394e-14,3.2795599067159e-14,0,3.2823774985517e-14,3.2798451612452e-14
0.7,1700498338.4544,1700498338.4544,1700498338.4544,1122720560.6767,1122720560.6767,1122720560.6767,1,1,1,27912821.470926,4.4327902933434e-06,2.0562713883282e-05,4.3808269814216e-06,1.0021678121095,393.20983810893,393.20983810893,393.4983895558,393.4983895558,393.20983810893,393.80078108766,393.80078108766,393.80078108766,392.76389671062,392.76389671062,392.76389671062,393.4983895558,0.0030182912182726,3.9409591421168e-96,-2.7387842842472e-102,-0.0029590333252285,-0.0030183475950319,-0.0028592652459534,-2.254145714489e-96,-0.0028680935436877,-0.0031866500533814,6.5163215072954e-101,-0.0031745241029597,0.0029458914176579,437.70513605986,437.70513605986,437.99368750672,437.99368750672,437.70513605986,438.29607903858,438.29607903858,438.29607903858,437.25919466154,437.25919466154,437.25919466154,437.99368750672,0.02552812622232,0.008049242820742,0.0049597520496516,0.0069756073013421,677.16526441523,0.00013510901985414,0.0062842580694326,6.5728788899796e-05,677.15702000598,-0.00053985911743492,-0.00022609363847203,0,3.421746979452e-13,6.140008243091e-15,0,0,6.1519157615482e-15,6.1274172972346e-15,6.1534992283044e-15,0,6.1219572026909e-15,6.1146832867302e-15,0,6.132373895231e-15,6.1175380974198e-15,4.1523392129376e-14,0,0,4.1585372744227e-14,4.1489836895049e-14,4.1584299050914e-14,0,4.1459736781707e-14,4.1443067100869e-14,0,4.1496261317696e-14,4.1449956958157e-14
0.75,1691060217.9525,1691060217.9525,1691060217.9525,1113282440.1747,1113282440.1747,1113282440.1747,1,1,1,30396444.437081,4.8432025827546e-06,2.2032444425362e-05,4.7847528688167e-06,1.0026595898044,392.11150089623,392.11150089623,392.41618299712,392.41618299712,392.11150089623,392.74015454305,392.74015454305,392.74015454305,391.62874115474,391.62874115474,391.62874115474,392.41618299712,0.0030180685365662,6.1238026371792e-95,-4.0248551629854e-101,-0.0029580244508329,-0.003016050205982,-0.0028501013958129,-3.1476922088476e-95,-0.0028610093069054,-0.0031997757731785,8.1392222712999e-100,-0.0031845946658235,0.0029418156828335,438.24464680957,438.24464680957,438.54932891046,438.54932891046,438.24464680957,438.87330045639,438.87330045639,438.87330045639,437.76188706808,437.76188706808,437.76188706808,438.54932891046,0.025554056605368,0.0086554681091472,0.0053456576187306,0.0074720058178018,677.99348255005,0.00013472114824502,0.0063384290226865,5.9289237704134e-05,677.98444082004,-0.00052820875715189,-0.00023787465324345,0,4.159241734583e-13,6.2966086665525e-15,0,0,6.3100116873201e-15,6.2794296285864e-15,6.312795261041e-15,0,6.2727071249085e-15,6.2628155725431e-15,0,6.2862691516279e-15,6.2664447305625e-15,5.0428141502571e-14,0,0,5.0509076851168e-14,5.0370291439763e-14,5.0511939725563e-14,0,5.0330684270547e-14,5.0300025822201e-14,0,5.0386388408655e-14,5.031204808398e-14
0.8,1681706027.2289,1681706027.2289,1681706027.2289,1103928249.4511,1103928249.4511,1103928249.4511,1,1,1,32948598.167536,5.2557409032278e-06,2.3502183187663e-05,5.1902956853201e-06,1.0031515731189,391.02000897999,391.02000897999,391.341060874,391.341060874,391.02000897999,391.68776794491,391.68776794491,391.68776794491,390.49775452609,390.49775452609,390.49775452609,391.341060874,0.0030175409968756,7.6543069664122e-94,-4.4494586107187e-100,-0.0029568702501886,-0.0030133025881755,-0.0028405245433476,-3.5618421584748e-94,-0.0028535476375899,-0.0032135905224824,8.2962823219082e-99,-0.0031951215249786,0.002937559837888,438.76859208439,438.76859208439,439.0896439784,439.0896439784,438.76859208439,439.43635104931,439.43635104931,439.43635104931,438.2463376305,438.2463376305,438.2463376305,439.0896439784,0.025563071290823,0.0092619973160916,0.0057322878939746,0.0079681572940159,678.79135195432,0.00013059123180733,0.0063969020804494,5.2394975537079e-05,678.78150557802,-0.00051322508140288,-0.0002527820607153,0,4.9182092803052e-13,6.4516334309635e-15,0,0,6.4667342661267e-15,6.4294994845048e-15,6.4708322111592e-15,0,6.4212341295659e-15,6.4085785057524e-15,0,6.4381898860036e-15,6.4130160688391e-15,5.9552129000099e-14,0,0,5.9654420154587e-14,5.9462976810021e-14,5.9663078398425e-14,0,5.9411680663752e-14,5.9363124460568e-14,0,5.9491363862575e-14,5.9381422384249e-14
0.85,1672435866.5226,1672435866.5226,1672435866.5226,1094658088.7448,1094658088.7448,1094658088.7448,1,1,1,35565278.74768,5.6706102789992e-06,2.4971908187529e-05,5.5975609352228e-06,1.0036437658256,389.93547391488,389.93547391488,390.27308594813,390.27308594813,389.93547391488,390.64372161887,390.64372161887,390.64372161887,389.37087553898,389.37087553898,389.37087553898,390.27308594813,0.0030168024512939,8.5776951633895e-93,-4.1764961218001e-99,-0.0029556865241237,-0.0030102250651488,-0.0028306749815089,-3.6365081495016e-93,-0.0028458301398172,-0.0032282317519367,7.7325300829598e-98,-0.0032062339365181,0.0029332255632104,439.27716985147,439.27716985147,439.61478188473,439.61478188473,439.27716985147,439.98541755547,439.98541755547,439.98541755547,438.71257147557,438.71257147557,438.71257147557,439.61478188473,0.025574199284077,0.0098687922052568,0.0061197085950625,0.0084640618594094,679.55835165644,0.00012682857414729,0.006460736057655,4.4339996573765e-05,679.54767101423,-0.00049507500395982,-0.00026761073575643,0,5.7042506225332e-13,6.6047771987531e-15,0,0,6.6218381925737e-15,6.5773173979022e-15,6.6273603735461e-15,0,6.5672179694419e-15,6.5516298656907e-15,0,6.5878037523038e-15,6.5569367127083e-15,6.8892694491028e-14,0,0,6.9019113534365e-14,6.8764708278167e-14,6.9035581321428e-14,0,6.8699129383197e-14,6.8628528272277e-14,0,6.8807925275335e-14,6.8654331210983e-14
0.9,1663249512.0406,1663249512.0406,1663249512.0406,1085471734.2628,1085471734.2628,1085471734.2628,1,1,1,38242753.624533,6.0874495892099e-06,2.644161515548e-05,6.007174352195e-06,1.0041361707863,388.85796972742,388.85796972742,389.21228444164,389.21228444164,388.85796972742,389.60807327433,389.60807327433,389.60807327433,388.24800481653,388.24800481653,388.24800481653,389.21228444164,0.00301620748086,8.9683261224867e-92,-3.4132690388163e-98,-0.002954451489219,-0.0030068707378707,-0.0028204021781607,-3.4334799643008e-92,-0.0028378885638669,-0.0032433307986375,6.8871115710241e-97,-0.0032177686910317,0.0029290386494178,439.77062743134,439.77062743134,440.12494214556,440.12494214556,439.77062743134,440.52073097825,440.52073097825,440.52073097825,439.16066252045,439.16066252045,439.16066252045,440.12494214556,0.025588500521502,0.0104758318226,0.0065079840897449,0.0089597196276762,680.29399005854,0.00054464748395167,0.0077324541035826,0.00028567223578383,680.28274753734,-0.00053677941609961,-7.2460521161305e-05,0,6.5121235229094e-13,6.7553562081542e-15,0,0,6.7755948665944e-15,6.7230182248072e-15,6.7822543475987e-15,0,6.7099901080777e-15,6.6917262578316e-15,0,6.7343298913649e-15,6.6976448299321e-15,7.8446210859261e-14,0,0,7.8601251687849e-14,7.827249183177e-14,7.8627137403266e-14,0,7.818848839743e-14,7.809205830179e-14,0,7.8331705941198e-14,7.8126231365431e-14
0.95,1654146821.2048,1654146821.2048,1654146821.2048,1076369043.4271,1076369043.4271,1076369043.4271,1,1,1,40978063.583505,6.5071539452921e-06,2.7911303225144e-05,6.4186122263975e-06,1.0046287913496,387.78752792374,387.78752792374,388.15866543148,388.15866543148,387.78752792374,388.58089912496,388.58089912496,388.58089912496,387.12911645205,387.12911645205,387.12911645205,388.15866543148,0.0030149426184608,9.136977137261e-91,-2.6573131266339e-97,-0.0029531845707741,-0.00300309352549,-0.0028101122492509,-3.1845785566653e-91,-0.002829683894183,-0.0032596846862172,6.0497410723343e-96,-0.0032300686902513,0.0029244630757381,440.2491842681,440.2491842681,440.62032177584,440.62032177584,440.2491842681,441.04255546932,441.04255546932,441.04255546932,439.59077279641,439.59077279641,439.59077279641,440.62032177584,0.025611676517641,0.011083111948393,0.0068971873466166,0.0094551306982236,680.99795291182,0.00058165954725362,0.0077699069269484,0.00028012256883488,680.98580266746,-0.00050455110748266,-7.0056547235899e-05,0,7.3419771616035e-13,6.9037952372814e-15,0,0,6.926644391933e-15,6.8653323820866e-15,6.9349454022242e-15,0,6.8499150109204e-15,6.8282482550949e-15,0,6.8783178786162e-15,6.8352628684523e-15,8.8209651715671e-14,0,0,8.8397006128656e-14,8.7981537996716e-14,8.8434631245408e-14,0,8.7875731106976e-14,8.7748659591396e-14,0,8.8059116371451e-14,8.7792752816382e-14
1,1645127705.0412,1645127705.0412,1645127705.0412,1067349927.2634,1067349927.2634,1067349927.2634,1,1,1,43767122.711151,6.9297768680831e-06,2.9381047605807e-05,6.8326721394841e-06,1.0051216304192,386.72429586843,386.72429586843,387.11230330384,387.11230330384,386.72429586843,387.56223893141,387.56223893141,387.56223893141,386.01405912858,386.01405912858,386.01405912858,387.11230330384,0.0030133979202372,9.1176403520232e-90,-1.9617671636692e-96,-0.002951872509044,-0.0029989671025798,-0.0027996319838545,-2.8751705557298e-90,-0.0028212631439797,-0.003276873573984,5.2964341976883e-95,-0.0032429443414292,0.002919769000344,440.71319308582,440.71319308582,441.10120052123,441.10120052123,440.71319308582,441.5511361488,441.5511361488,441.5511361488,440.00295634597,440.00295634597,440.00295634597,441.10120052123,0.025631504205589,0.011690637695824,0.007287388986452,0.0099502951510696,681.66974122845,0.00062006848535353,0.0078077328453203,0.00027176665727545,681.65661367976,-0.00046501527377597,-6.6831064433959e-05,0,8.1940813530524e-13,7.0493976455649e-15,0,0,7.0752788805457e-15,7.0044255643689e-15,7.0853323144552e-15,0,6.9862842564894e-15,6.9609716091471e-15,0,7.0189404560844e-15,6.9692131096682e-15,9.817900547259e-14,0,0,9.8402961479095e-14,9.788729162648e-14,9.8454804298431e-14,0,9.7755829053097e-14,9.7592960048346e-14,0,9.7985397157934e-14,9.7648708515143e-14
1.05,1636192155.5728,1636192155.5728,1636192155.5728,1058414377.795,1058414377.795,1058414377.795,1,1,1,46606724.83282,7.3554685640099e-06,3.0851039515466e-05,7.2494387974283e-06,1.0056146913199,385.66837156264,385.66837156264,386.07324909556,386.07324909556,385.66837156264,386.55215301691,386.55215301691,386.55215301691,384.90276586219,384.90276586219,384.90276586219,386.07324909556,0.0030115388252993,8.9353777608358e-89,-1.3824564201596e-95,-0.0029504944862262,-0.0029944763639002,-0.0027890129853889,-2.5262108166776e-89,-0.0028126561936768,-0.00329492419442,4.6483948673068e-94,-0.0032564207029074,0.0029149216787438,441.16296736651,441.16296736651,441.56784489944,441.56784489944,441.16296736651,442.04674882079,442.04674882079,442.04674882079,440.39736166607,440.39736166607,440.39736166607,441.56784489944,0.025655047709024,0.01229842440434,0.0076786641855858,0.010445213045829,682.30887111287,0.00066014015529991,0.0078529681223723,0.00025922808337377,682.29468462781,-0.00041799664202853,-6.2280841402479e-05,0,9.0687322983168e-13,7.1918343370972e-15,0,0,7.2212364814971e-15,7.1399748495009e-15,7.2331468574477e-15,0,7.1187476309675e-15,7.089524725648e-15,0,7.1558238469754e-15,7.0991506132432e-15,1.0834979513045e-13,0,0,1.0861533204833e-13,1.0798474089365e-13,1.0868401868287e-13,0,1.0782325849992e-13,1.0761906206614e-13,0,1.0810526029228e-13,1.0768842359372e-13
1.1,1627340232.9111,1627340232.9111,1627340232.9111,1049562455.1333,1049562455.1333,1049562455.1333,1,1,1,49493780.549769,7.7843680835394e-06,3.2321148173554e-05,7.6688099494518e-06,1.0061079776246,384.61986375266,384.61986375266,385.04156679114,385.04156679114,384.61986375266,385.55069862666,385.55069862666,385.55069862666,383.79517508453,383.79517508453,383.79517508453,385.04156679114,0.0030093474668321,8.6013889872959e-88,-9.3542158016984e-95,-0.002949038009566,-0.0029896271523193,-0.0027783050028132,-2.1520333572175e-88,-0.0028038940320181,-0.003313830570702,4.1030754134405e-93,-0.0032704921134499,0.0029098966779881,441.59884228044,441.59884228044,442.02054531891,442.02054531891,441.59884228044,442.52967715444,442.52967715444,442.52967715444,440.7741536123,440.7741536123,440.7741536123,442.02054531891,0.025682022045893,0.01290649569079,0.0080710866540073,0.010939884419708,682.9148218083,0.00070217879133697,0.0079103840040421,0.00024042735518097,682.89948127257,-0.00036143942350906,-5.5268194882434e-05,0,9.9662534530575e-13,7.3307795012029e-15,0,0,7.3642611216119e-15,7.2716594890833e-15,7.3781273015474e-15,0,7.2469617525146e-15,7.213536242706e-15,0,7.288596779829e-15,7.2247340595103e-15,1.1871708292382e-13,0,0,1.1902997000337e-13,1.1826842036407e-13,1.1911826637763e-13,0,1.1807201009633e-13,1.1782054285324e-13,0,1.1841289270898e-13,1.1790574048522e-13
1.15,1618572072.0546,1618572072.0546,1618572072.0546,1040794294.2768,1040794294.2768,1040794294.2768,1,1,1,52425291.804535,8.2166587936658e-06,3.3791391629784e-05,8.0908701231899e-06,1.0066014932544,383.5788879597,383.5788879597,384.01733152495,384.01733152495,383.5788879597,384.55793095988,384.55793095988,384.55793095988,382.691238773,382.691238773,382.691238773,384.01733152495,0.003006763310367,8.0363075317473e-87,-6.090849519212e-94,-0.0029474667050538,-0.0029844620293278,-0.002767603213436,-1.7613499014919e-87,-0.0027950175571155,-0.0033336064447688,3.6417624615437e-92,-0.0032851733996688,0.0029046091678421,442.02116822562,442.02116822562,442.45961179087,442.45961179087,442.02116822562,443.0002112258,443.0002112258,443.0002112258,441.13351903892,441.13351903892,441.13351903892,442.45961179087,0.02571200290684,0.013514882675257,0.0084647308819352,0.011434309285743,683.48705914964,0.00057694540022196,0.0078410231024396,0.00026382467033818,683.47031877309,-0.00032906673166239,-0.00014499883700117,0,1.0886977370567e-12,7.4659475391071e-15,0,0,7.504030608053e-15,7.3990933071789e-15,7.520021638168e-15,0,7.3706555900635e-15,7.3326374646165e-15,0,7.4169098625934e-15,7.3457080244494e-15,1.2927552718959e-13,0,0,1.2964227186174e-13,1.2873231846834e-13,1.2975318296767e-13,0,1.2849569119538e-13,1.2819045820367e-13,0,1.2890198722756e-13,1.2829414039863e-13
1.2,1609887883.1298,1609887883.1298,1609887883.1298,1032110105.352,1032110105.352,1032110105.352,1,1,1,55398256.915352,8.652342388561e-06,3.5261779960972e-05,8.5159692487181e-06,1.0070952420975,382.54556724845,382.54556724845,383.00063919731,383.00063919731,382.54556724845,383.57389750314,383.57389750314,383.57389750314,381.59091822331,381.59091822331,381.59091822331,383.00063919731,0.0030038880356858,7.4619864402197e-86,-3.8671606440987e-93,-0.0029458136026477,-0.0029789146036782,-0.0027568723366166,-1.3887771623077e-86,-0.0027860686851145,-0.0033541566376593,3.2638679065906e-91,-0.0033003742147279,0.0028991770325461,442.43031030967,442.43031030967,442.88538225854,442.88538225854,442.43031030967,443.45864056436,443.45864056436,443.45864056436,441.47566128453,441.47566128453,441.47566128453,442.88538225854,0.025768549016189,0.014123622154805,0.0088596732436495,0.011928487629037,684.02491075868,0.00077876506781182,0.0080273080515431,0.00018885066461493,684.00689870949,-0.00021313402834473,-4.119245512458e-05,0,1.1831314235836e-12,7.59692293225e-15,0,0,7.6405235000772e-15,7.5221663388027e-15,7.6585772445156e-15,0,7.4893314492338e-15,7.4464537156723e-15,0,7.5403548029313e-15,7.4615200634018e-15,1.4001919863268e-13,0,0,1.4044760381918e-13,1.393702681231e-13,1.4058404677535e-13,0,1.3908720530399e-13,1.3872133403995e-13,0,1.3956565925497e-13,1.3884632326821e-13
1.25,1601287964.9221,1601287964.9221,1601287964.9221,1023510187.1443,1023510187.1443,1023510187.1443,1,1,1,58409977.851653,9.0915459164794e-06,3.6732328666999e-05,8.9442124291875e-06,1.0075892287329,381.5200275967,381.5200275967,381.99157636662,381.99157636662,381.5200275967,382.5986538432,382.5986538432,382.5986538432,380.49420933591,380.49420933591,380.49420933591,381.99157636662,0.003000611156472,6.6096008222211e-85,-2.3787382871036e-92,-0.0029440285251205,-0.0029730751692407,-0.0027461959102793,-1.034856114898e-85,-0.0027770650039993,-0.0033755034897545,2.9291678536526e-90,-0.0033162045156435,0.0028934800725862,442.82664088114,442.82664088114,443.29818965105,443.29818965105,442.82664088114,443.90526712764,443.90526712764,443.90526712764,441.80082262034,441.80082262034,441.80082262034,443.29818965105,0.025859831915441,0.014732758172425,0.0092559905670402,0.012422419406891,684.52781769211,0.00080169626725842,0.0083697193258788,-2.0807457309391e-05,684.50825812441,-0.00013372982180071,-2.6050594932662e-06,0,1.2799628258793e-12,7.7234911155378e-15,0,0,7.7733596545979e-15,7.6405288115107e-15,7.793593457817e-15,0,7.6027034885333e-15,7.5547571515736e-15,0,7.6585311855883e-15,7.5720196812244e-15,1.5094186451715e-13,0,0,1.5144079446792e-13,1.5017560759205e-13,1.5160585234301e-13,0,1.4983905168818e-13,1.4940537406414e-13,0,1.5039645792549e-13,1.4955477619595e-13
1.3,1592772686.3379,1592772686.3379,1592772686.3379,1014994908.5601,1014994908.5601,1014994908.5601,1,1,1,61457585.774717,9.534445574455e-06,3.8203062210382e-05,9.3756708113312e-06,1.0080834576423,380.50240291465,380.50240291465,380.99025545976,380.99025545976,380.50240291465,381.63225274409,381.63225274409,381.63225274409,379.40110579547,379.40110579547,379.40110579547,380.99025545976,0.0029969109318448,5.7104290893108e-84,-1.422166128857e-91,-0.0029419991484043,-0.0029670530964555,-0.002735889389168,-7.676356372205e-85,-0.0027681807491054,-0.0033976366579292,2.6532158967054e-89,-0.003332438616877,0.0028872943534641,443.21054591575,443.21054591575,443.69839846086,443.69839846086,443.21054591575,444.34039574519,444.34039574519,444.34039574519,442.10924879657,442.10924879657,442.10924879657,443.69839846086,0.025953867709661,0.015342339033662,0.0096537574773984,0.012916104546134,684.99510483234,0.00085090682223992,0.0082123975361976,0.00010247337372784,684.97380416673,-1.338558906996e-05,-1.9060077292799e-05,0,1.3792377554689e-12,7.8453637008918e-15,0,0,7.9022735901188e-15,7.7535642265934e-15,7.9247923510478e-15,0,7.7108684645426e-15,7.6568621652669e-15,0,7.7713511064373e-15,7.6770370965966e-15,1.620368842647e-13,0,0,1.6261629695265e-13,1.6114080327802e-13,1.6281320116486e-13,0,1.6074386644841e-13,1.6023381238349e-13,0,1.6138680805817e-13,1.604117461768e-13
1.35,1584342506.104,1584342506.104,1584342506.104,1006564728.3262,1006564728.3262,1006564728.3262,1,1,1,64538310.729343,9.9810431461932e-06,3.9673992790631e-05,9.8105725762457e-06,1.0085779336116,379.49282410529,379.49282410529,379.99683491366,379.99683491366,379.49282410529,380.67470191585,380.67470191585,380.67470191585,378.3116414579,378.3116414579,378.3116414579,379.99683491366,0.0029928339287536,4.6961665086669e-83,-8.3082562954994e-91,-0.0029397929414974,-0.0029608102628807,-0.0027257571782351,-6.6529117198785e-84,-0.0027593628868403,-0.0034204428199191,2.3941228398061e-88,-0.0033492063473727,0.0028808003702962,443.58241042314,443.58241042314,444.08642123151,444.08642123151,443.58241042314,444.7642882337,444.7642882337,444.7642882337,442.40122777574,442.40122777574,442.40122777574,444.08642123151,0.026056860460356,0.015952418092199,0.01005304935417,0.013409542939545,685.4260827057,0.00087540579521858,0.0083103241743076,5.0896844058532e-05,685.402833246,0.00011064043525936,-1.2274504097793e-05,0,1.4809970194169e-12,7.962247212374e-15,0,0,8.0272359491173e-15,7.8614202082668e-15,8.0520500510702e-15,0,7.81311615846e-15,7.7527815464806e-15,0,7.8782309736866e-15,7.7760960998658e-15,1.732972022594e-13,0,0,1.7396852290026e-13,1.7225853035607e-13,1.7420051955199e-13,0,1.717932812841e-13,1.7119790119264e-13,0,1.7252830914867e-13,1.7140880674355e-13
1.4,1575997960.6105,1575997960.6105,1575997960.6105,998220182.83272,998220182.83272,998220182.83272,1,1,1,67649480.260975,1.0431397997023e-05,4.1145138755534e-05,1.0249068654258e-05,1.0090726614465,378.49142823872,378.49142823872,379.01145108114,379.01145108114,378.49142823872,379.72604727287,379.72604727287,379.72604727287,377.22586165077,377.22586165077,377.22586165077,379.01145108114,0.0029883631859199,3.6888589422504e-82,-4.7389793469551e-90,-0.0029373265344483,-0.0029544472218034,-0.0027159914077411,-1.0293511703283e-82,-0.0027507326885373,-0.0034438726833018,2.1479871739408e-87,-0.0033664011738208,0.0028738510384563,443.9426280326,443.9426280326,444.46265087502,444.46265087502,443.9426280326,445.17724706675,445.17724706675,445.17724706675,442.67706144465,442.67706144465,442.67706144465,444.46265087502,0.026161482992939,0.01656305268496,0.010453939339874,0.013902734446106,685.82007044744,0.00088978513700824,0.0084090427167321,-2.7181642349877e-06,685.79462481598,0.00025168973719528,-1.1268973867834e-05,0,1.5852817659396e-12,8.0739161278357e-15,0,0,8.1480615907657e-15,7.9637343369631e-15,8.1751804383433e-15,0,7.9093586197531e-15,7.8421027970376e-15,0,7.9789669070283e-15,7.8690208643038e-15,1.8471544394885e-13,0,0,1.8549162210897e-13,1.8352095146254e-13,1.8576197060274e-13,0,1.8297880351382e-13,1.8228830932573e-13,0,1.8381227236232e-13,1.8253728277244e-13
1.45,1567739666.4838,1567739666.4838,1567739666.4838,989961888.70604,989961888.70604,989961888.70604,1,1,1,70788422.567536,1.088554292384e-05,4.2616518189914e-05,1.0691307530656e-05,1.0095676459463,377.49835001779,377.49835001779,378.0342727455,378.0342727455,377.49835001779,378.7863101998,378.7863101998,378.7863101998,376.14384200819,376.14384200819,376.14384200819,378.0342727455,0.0029835029177751,2.7811705276199e-81,-2.6446885475329e-89,-0.0029345573657436,-0.0029480455860782,-0.0027066741500849,-2.7334188408625e-81,-0.0027423588154762,-0.0034678513955605,1.9042432103892e-86,-0.0033839728157138,0.0028663867463467,444.29159085857,444.29159085857,444.82751358627,444.82751358627,444.29159085857,445.57955104057,445.57955104057,445.57955104057,442.93708284897,442.93708284897,442.93708284897,444.82751358627,0.026270892122777,0.017174303506649,0.010856502315528,0.01439567888895,686.17639419392,0.00089022360445639,0.0084991704460223,-5.1484785941705e-05,686.14846420572,0.0004078256122553,-2.0397184382439e-05,0,1.6921303020729e-12,8.1801706178027e-15,0,0,8.2646521079204e-15,8.0603149624054e-15,8.2940527794088e-15,0,7.9993955947128e-15,7.9245583240685e-15,0,8.0733008304065e-15,7.9556012169238e-15,1.9628395217907e-13,0,0,1.9717960520829e-13,1.9491995819937e-13,1.9749153253042e-13,0,1.9429165725466e-13,1.9349532718344e-13,0,1.9522964388979e-13,1.9378820191025e-13
1.5,1559568314.9632,1559568314.9632,1559568314.9632,981790537.18541,981790537.18541,981790537.18541,1,1,1,73952494.278922,1.1343491975821e-05,4.408814927961e-05,1.1137431876651e-05,1.0100628917735,376.51372165338,376.51372165338,377.06548547259,377.06548547259,376.51372165338,377.85550609512,377.85550609512,377.85550609512,375.0656843759,375.0656843759,375.0656843759,377.06548547259,0.00297826378121,2.046478951196e-80,-1.4487613805885e-88,-0.0029314358037832,-0.0029416951625598,-0.0026978900457827,-8.0951758757257e-80,-0.0027343181669777,-0.0034922898779894,1.6562146136924e-85,-0.0034018622113664,0.0028583458490598,444.6296886853,444.6296886853,445.18145250451,445.18145250451,444.6296886853,445.97147312705,445.97147312705,445.97147312705,443.18165140782,443.18165140782,443.18165140782,445.18145250451,0.026385459326742,0.017786233808676,0.011260809604746,0.014888376054735,686.49440783134,0.00087597928137808,0.0085817542971767,-9.2783175218385e-05,686.46366074556,0.00057928174639947,-4.5133992614824e-05,0,1.8015751414783e-12,8.2808535450676e-15,0,0,8.3769608829084e-15,8.1510201394913e-15,8.4085763171688e-15,0,8.0830618180302e-15,7.999922251779e-15,0,8.1610149966832e-15,8.0356601822556e-15,2.0799484757053e-13,0,0,2.0902641690037e-13,2.0644724142782e-13,2.0938305519841e-13,0,2.0572283290321e-13,2.0480892572984e-13,0,2.0677106198083e-13,2.0515234152262e-13
1.55,1551484665.8664,1551484665.8664,1551484665.8664,973706888.08858,973706888.08858,973706888.08858,1,1,1,77139076.265529,1.1805246083372e-05,4.5560050290926e-05,1.158757012645e-05,1.0105584032976,375.53767115152,375.53767115152,376.10529156454,376.10529156454,375.53767115152,376.93364319034,376.93364319034,376.93364319034,373.99151838954,373.99151838954,373.99151838954,376.10529156454,0.0029726566621318,1.5158641268017e-79,-7.8401478600273e-88,-0.0029279069628374,-0.0029354984682421,-0.0026897230959048,-2.2391933074294e-78,-0.0027266868389463,-0.0035170925929339,1.4019206947537e-84,-0.003420006496746,0.0028496626133695,444.95730636571,444.95730636571,445.52492677873,445.52492677873,444.95730636571,446.35327840453,446.35327840453,446.35327840453,443.41115360373,443.41115360373,443.41115360373,445.52492677873,0.026505538650321,0.018398908519404,0.011666915351473,0.015380825693475,686.77351755617,0.00084135206856786,0.0086388634950643,-0.00011448412336781,686.73956892494,0.00075943769862419,-9.0037433440382e-05,0,1.9136395176706e-12,8.3758629219107e-15,0,0,8.4849860720377e-15,8.2357496541256e-15,8.5187055886166e-15,0,8.1602485494794e-15,8.0680175203883e-15,0,8.2419453133982e-15,8.109078207314e-15,2.1984010651128e-13,0,0,2.2102599927999e-13,2.1809435028499e-13,2.2143032417569e-13,0,2.1726316707422e-13,2.1621882552864e-13,0,2.1842693282338e-13,2.1662030990174e-13
1.6,1543489539.5944,1543489539.5944,1543489539.5944,965711761.81664,965711761.81664,965711761.81664,1,1,1,80345560.11754,1.2270792626425e-05,4.7032237169462e-05,1.2041860433358e-05,1.011054184492,374.57032063522,374.57032063522,375.15390976911,375.15390976911,374.57032063522,376.02072251578,376.02072251578,376.02072251578,372.92150134762,372.92150134762,372.92150134762,375.15390976911,0.002966722027,1.1663022520664e-78,-4.0363724393707e-87,-0.0029239137605754,-0.0029295637241527,-0.0026822284882216,-5.5692526971823e-77,-0.0027195362199787,-0.0035421489062835,1.1447862603322e-83,-0.0034383349883887,0.0028402889244591,445.27482129005,445.27482129005,445.85841042394,445.85841042394,445.27482129005,446.72522317061,446.72522317061,446.72522317061,443.62600200245,443.62600200245,443.62600200245,445.85841042394,0.026631634397479,0.019012393328017,0.012074873419662,0.015873027518129,687.01319754106,0.00078253633399885,0.008717339865717,-9.9649012080298e-05,686.97560588406,0.00096656718085495,-0.00016107533471379,0,2.0283328320674e-12,8.4651495750097e-15,0,0,8.5888178309537e-15,8.3144839386117e-15,8.6244745380037e-15,0,8.2308697731657e-15,8.1287307527004e-15,0,8.3159631975978e-15,8.1757673588273e-15,2.3181163584777e-13,0,0,2.3317242194127e-13,2.2985280623511e-13,2.3362717303568e-13,0,2.2890337473756e-13,2.2771458680399e-13,0,2.3018748076162e-13,2.2818259098341e-13
1.65,1535583805.76,1535583805.76,1535583805.76,957806027.98226,957806027.98226,957806027.98226,1,1,1,83569436.151853,1.2740069959098e-05,4.8504729953098e-05,1.2500392402581e-05,1.0115502387216,373.61178216234,373.61178216234,374.2115719739,374.2115719739,373.61178216234,375.11674085793,375.11674085793,375.11674085793,371.85581915677,371.85581915677,371.85581915677,374.2115719739,0.002960441207691,9.2695800300916e-78,3.7235898503071e-86,-0.0029194128013293,-0.0029239916658268,-0.002675499762184,-1.2359496198855e-75,-0.0027129103623844,-0.0035673344412516,8.9438189397279e-83,-0.0034568127851471,0.0028301855231509,445.58259860818,445.58259860818,446.18238841974,446.18238841974,445.58259860818,447.08755730378,447.08755730378,447.08755730378,443.82663560261,443.82663560261,443.82663560261,446.18238841974,0.026764416544628,0.019626753713239,0.012484733475546,0.016364981209156,687.21304426444,0.00061661981496397,0.0087954749595444,-0.00010099240154193,687.17121736282,0.0010899870148051,-0.00036146883065328,0,2.1456476858347e-12,8.548711297776e-15,0,0,8.6885734857165e-15,8.387310746658e-15,8.7258798485461e-15,0,8.2949389318696e-15,8.1820569539646e-15,0,8.3830336532325e-15,8.235747733899e-15,2.439013393059e-13,0,0,2.4545992040245e-13,2.4171425484487e-13,2.4596743066113e-13,0,2.4063418987407e-13,2.3928576271639e-13,0,2.4204288064785e-13,2.3982969712497e-13
1.7,1527768373.2276,1527768373.2276,1527768373.2276,949990595.44984,949990595.44984,949990595.44984,1,1,1,86831384.252882,1.3256519777993e-05,4.9977545818841e-05,1.2980842986406e-05,1.0120465680756,372.66216415586,372.66216415586,373.27851934706,373.27851934706,372.66216415586,374.2216893455,374.2216893455,374.2216893455,370.79468212731,370.79468212731,370.79468212731,373.27851934706,0.0029537864159863,6.5456826416424e-77,1.3694675932334e-83,-0.0029143351111686,-0.0029188949397132,-0.002669578677454,-2.4473832735121e-74,-0.0027069243410485,-0.0035926223187097,6.6499367569456e-82,-0.0034753438392634,0.0028192464546643,445.8809966626,445.8809966626,446.49735185379,446.49735185379,445.8809966626,447.44052185224,447.44052185224,447.44052185224,444.01351463404,444.01351463404,444.01351463404,446.49735185379,0.026916505848879,0.020242053151173,0.012896537367864,0.016856686411525,687.37274944013,0.00057141973419066,0.0086266007913432,-3.4211512909283e-05,687.32630847057,0.0013057053369295,-0.00036511105897014,0,2.265552586715e-12,8.626804793329e-15,0,0,8.7843475888773e-15,8.4541252388189e-15,8.8231517167699e-15,0,8.3525943794812e-15,8.2279127911766e-15,0,8.443305269155e-15,8.2890827323312e-15,2.5610148364457e-13,0,0,2.5788286389924e-13,2.5367019341561e-13,2.5844525148186e-13,0,2.5244654212653e-13,2.509217885757e-13,0,2.5398351747074e-13,2.5155223034466e-13
1.75,1520044179.3177,1520044179.3177,1520044179.3177,942266401.53996,942266401.53996,942266401.53996,1,1,1,90177895.495405,1.3786242552191e-05,5.1450697448705e-05,1.3483759326642e-05,1.0125431744679,371.72157054172,371.72157054172,372.35500988977,372.35500988977,371.72157054172,373.33554999511,373.33554999511,373.33554999511,369.73831915094,369.73831915094,369.73831915094,372.35500988977,0.0029468906418919,-1.2635304572521e-76,3.1052170443137e-81,-0.0029086283627146,-0.0029143984612586,-0.0026644700542564,-4.3560711118921e-73,-0.0027015610803618,-0.0036177849076732,4.7328500262209e-81,-0.0034938975254284,0.0028075332397747,446.17036477277,446.17036477277,446.80380412082,446.80380412082,446.17036477277,447.78434422616,447.78434422616,447.78434422616,444.18711338199,444.18711338199,444.18711338199,446.80380412082,0.027099864712129,0.020858353746202,0.013310314225152,0.017348142740347,687.49219740563,0.00039895704966124,0.0085715161669152,9.9499897803866e-05,687.44040565484,0.0014334996543928,-0.00049767765951347,0,2.3879887684544e-12,8.6994347322606e-15,0,0,8.8766152281839e-15,8.5153895930707e-15,8.9164873612196e-15,0,8.4038626404631e-15,8.2665585577093e-15,0,8.4967138215507e-15,8.3359088759417e-15,2.6840434222791e-13,0,0,2.704362935429e-13,2.6571277286702e-13,2.7105506883683e-13,0,2.6433139864899e-13,2.6261246780216e-13,0,2.6599968539278e-13,2.6334098573173e-13
1.8,1512412159.1746,1512412159.1746,1512412159.1746,934634381.39679,934634381.39679,934634381.39679,1,1,1,93548454.296406,1.4325279155719e-05,5.2924198973675e-05,1.3993907685528e-05,1.0130400583778,370.79008074319,370.79008074319,371.44129690493,371.44129690493,370.79008074319,372.45831167377,372.45831167377,372.45831167377,368.68698970143,368.68698970143,368.68698970143,371.44129690493,0.0029396498075592,-4.3231109603991e-74,7.2252974935667e-79,-0.0029022934371909,-0.0029105077853245,-0.0026601969047009,-7.0496821118152e-72,-0.0026968476420311,-0.0036428438374691,3.4257294220524e-80,-0.003512456337187,0.0027950232840157,446.45102521904,446.45102521904,447.10224138079,447.10224138079,446.45102521904,448.11925614963,448.11925614963,448.11925614963,444.34793417729,444.34793417729,444.34793417729,447.10224138079,0.027331778724013,0.021475713680753,0.013726084328654,0.017839349780837,687.57138366979,0.00021296298421607,0.008335679708627,0.00010125211989861,687.51353613459,0.0016254219946828,-0.00065662879847723,0,2.512856322537e-12,8.7670437689962e-15,0,0,8.9655697369009e-15,8.5712737298489e-15,9.0061081970176e-15,0,8.4490002380253e-15,8.2981010958975e-15,0,8.5436966767416e-15,8.3763686561822e-15,2.8080281442795e-13,0,0,2.8311552385923e-13,2.7783438442258e-13,2.8379162919325e-13,0,2.762800893741e-13,2.7434775491392e-13,0,2.7808229710583e-13,2.7518695988874e-13
1.85,1504873245.7494,1504873245.7494,1504873245.7494,927095467.97165,927095467.97165,927095467.97165,1,1,1,96941219.633097,1.4873667700384e-05,5.4398063631131e-05,1.4511472615018e-05,1.0135372201598,369.8677871536,369.8677871536,370.5376305364,370.5376305364,369.8677871536,371.58996301866,371.58996301866,371.58996301866,367.64095404753,367.64095404753,367.64095404753,370.5376305364,0.0029322139890364,-3.2286888869971e-72,1.7393630267125e-76,-0.0028952432449189,-0.0029073718983876,-0.0026566779030205,-1.0511718950661e-70,-0.0026928567483725,-0.0036675551008658,3.005489298108e-79,-0.0035309644456514,0.0027818089636188,446.72330806742,446.72330806742,447.39315145022,447.39315145022,446.72330806742,448.44548393248,448.44548393248,448.44548393248,444.49647496134,444.49647496134,444.49647496134,447.39315145022,0.027592852967892,0.022094188229069,0.014143860758136,0.018330307098291,687.61038536888,-7.4930689440303e-05,0.0083909909023759,0.00016824479965834,687.54562930938,0.0018110503624222,-0.00087937931035229,0,2.6400408863538e-12,8.8297856739891e-15,0,0,9.0518937234654e-15,8.6223415244488e-15,9.0925245608552e-15,0,8.4881438362635e-15,8.3229485774343e-15,0,8.5842320116106e-15,8.4107034395885e-15,2.9329001708095e-13,0,0,2.9591683472812e-13,2.9002821674587e-13,2.9665040074342e-13,0,2.8828413750672e-13,2.8611818167106e-13,0,2.9022223443921e-13,2.870814907621e-13
1.9,1497428336.431,1497428336.431,1497428336.431,919650558.65323,919650558.65323,919650558.65323,1,1,1,100367215.43623,1.5431468270946e-05,5.587229695126e-05,1.5036652894977e-05,1.0140346546562,368.95475146252,368.95475146252,369.64425300892,369.64425300892,368.95475146252,370.73049567313,370.73049567313,370.73049567313,366.60050316018,366.60050316018,366.60050316018,369.64425300892,0.0029244362310444,-2.350514377479e-70,4.2947714604554e-74,-0.0028874310994466,-0.0029051038726176,-0.0026540139767,-1.4991632217645e-69,-0.0026894927224899,-0.0036918813526946,4.0481925790906e-78,-0.0035493953024922,0.0027677628384572,446.98751030808,446.98751030808,447.67701185448,447.67701185448,446.98751030808,448.76325451868,448.76325451868,448.76325451868,444.63326200573,444.63326200573,444.63326200573,447.67701185448,0.027862655108172,0.02271382329219,0.014563643195994,0.018821014235695,687.60999552374,-0.00030231559826104,0.0082164553252699,0.00035466585769176,687.53760356364,0.0018525423628053,-0.0008997111487357,0,2.7693709195185e-12,8.8883456603135e-15,0,0,9.1359584756727e-15,8.6689190696345e-15,9.1761658483271e-15,0,8.521942877916e-15,8.3415113377202e-15,0,8.6189737436591e-15,8.4396830742505e-15,3.0586003606083e-13,0,0,3.0883703110969e-13,3.0228791966526e-13,3.0962745893671e-13,0,3.0033598470244e-13,2.9791486013556e-13,0,3.0241130400123e-13,2.9901700502784e-13
1.95,1490078328.993,1490078328.993,1490078328.993,912300551.2152,912300551.2152,912300551.2152,1,1,1,103832596.33512,1.5999276365917e-05,5.734712913875e-05,1.55700566521e-05,1.0145323602144,368.05103856434,368.05103856434,368.76141702847,368.76141702847,368.05103856434,369.87990189025,369.87990189025,369.87990189025,365.56593127023,365.56593127023,365.56593127023,368.76141702847,0.0029157831057893,-1.7874590356664e-68,1.0646030484226e-71,-0.0028785780993391,-0.0029037478144706,-0.0026524343903551,-2.0599357043599e-68,-0.0026863958653641,-0.0037165657766836,7.7174106594327e-77,-0.003568357305282,0.0027526006599332,447.24391724367,447.24391724367,447.9542957078,447.9542957078,447.24391724367,449.07278056959,449.07278056959,449.07278056959,444.75880994957,444.75880994957,444.75880994957,447.9542957078,0.02814307754421,0.023334664298041,0.014985426919026,0.019311470670633,687.57081385573,-0.0013624621458598,0.0063599178529663,0.00036574617403066,687.48911800566,0.00075539941953575,-0.0015145237955986,0,2.9005844118589e-12,8.9430346926035e-15,0,0,9.2171902137328e-15,8.7112250365159e-15,9.2566031851132e-15,0,8.5513690167687e-15,8.3544816766584e-15,0,8.648704599671e-15,8.4644590758516e-15,3.1850739701188e-13,0,0,3.2187210651692e-13,3.1460745225679e-13,3.227182727026e-13,0,3.1242944674281e-13,3.0972988142928e-13,0,3.1464241934304e-13,3.1098755785106e-13
2,1482823990.719,1482823990.719,1482823990.719,905046212.94125,905046212.94125,905046212.94125,1,1,1,107324064.05012,1.6576473433747e-05,5.8822836083232e-05,1.6111405131797e-05,1.0150303344918,367.15675526684,367.15675526684,367.8894147855,367.8894147855,367.15675526684,369.03818625174,369.03818625174,369.03818625174,364.53738969671,364.53738969671,364.53738969671,367.8894147855,0.0029072783717126,-1.4181932865929e-66,2.590023746027e-69,-0.0028692389026244,-0.002903115606623,-0.002651273109273,-2.7490827763663e-67,-0.002684289517605,-0.0037400859929577,1.603943755468e-75,-0.0035868408230242,0.0027373731190304,447.49286402281,447.49286402281,448.22552354146,448.22552354146,447.49286402281,449.37429500771,449.37429500771,449.37429500771,444.87349845267,444.87349845267,444.87349845267,448.22552354146,0.028459289555805,0.023956749208116,0.015409208232811,0.019801675967126,687.49306483684,-0.0019547275469567,0.0057931649077066,0.00031720261902178,687.40129627889,0.00033596428340555,-0.0020097131968442,0,3.0334932551316e-12,8.9944707886689e-15,0,0,9.2984143689151e-15,8.7510710369759e-15,9.335797581807e-15,0,8.5758320526856e-15,8.3620380599594e-15,0,8.6734586581923e-15,8.4837324114983e-15,3.3122749958758e-13,0,0,3.3502205022601e-13,3.2698333560257e-13,3.3592108425836e-13,0,3.2455750474035e-13,3.2155558906276e-13,0,3.2690854221014e-13,3.2298536728694e-13
2.05,1475666055.2428,1475666055.2428,1475666055.2428,897888277.46499,897888277.46499,897888277.46499,1,1,1,110838113.89806,1.716276381566e-05,6.0298973282556e-05,1.6661080475064e-05,1.0155285666871,366.27192812694,366.27192812694,367.02837261572,367.02837261572,366.27192812694,368.20534295509,368.20534295509,368.20534295509,363.5152820826,363.5152820826,363.5152820826,367.02837261572,0.002898918523466,-1.1544698924415e-64,6.0173056812532e-67,-0.0028588387064696,-0.0029035673356255,-0.0026505034379198,-3.51765012032e-66,-0.0026825754045608,-0.0037627540323583,3.5168870368099e-74,-0.0036053401333588,0.0027217014882922,447.73459905287,447.73459905287,448.49104354164,448.49104354164,447.73459905287,449.66801388102,449.66801388102,449.66801388102,444.97795300853,444.97795300853,444.97795300853,448.49104354164,0.028753495082624,0.024580104397302,0.015834955042284,0.020291629622722,687.37838650988,-0.0020090982892173,0.0063771996619499,0.00064447681174448,687.27584987328,-0.00060652631646485,-0.0020867072834536,0,3.1678270685847e-12,9.0429510826069e-15,0,0,9.380160297062e-15,8.7894329894966e-15,9.41427228149e-15,0,8.596332892097e-15,8.3654518648399e-15,0,8.6935565353333e-15,8.4992279275567e-15,3.4401616365248e-13,0,0,3.4828760013535e-13,3.3941347094189e-13,3.4923487579872e-13,0,3.3671455530303e-13,3.3338612454539e-13,0,3.3920308776767e-13,3.3500509069179e-13
2.1,1468605209.0077,1468605209.0077,1468605209.0077,890827431.22989,890827431.22989,890827431.22989,1,1,1,114372010.98311,1.7757479170786e-05,6.1775496124909e-05,1.7218583538119e-05,1.0160270444116,365.39654132874,365.39654132874,366.17849729766,366.17849729766,365.39654132874,367.38141989327,367.38141989327,367.38141989327,362.49992162734,362.49992162734,362.49992162734,366.17849729766,0.0028903428691703,-9.1952784073297e-63,1.2960075200424e-64,-0.0028484881079791,-0.0029042014352368,-0.0026501367752703,-4.2455006284014e-65,-0.0026813098930934,-0.003785087056431,1.6298616382582e-72,-0.0036235299930346,0.0027053952928651,447.96930922125,447.96930922125,448.75126519017,448.75126519017,447.96930922125,449.95418778578,449.95418778578,449.95418778578,445.07268951985,445.07268951985,445.07268951985,448.75126519017,0.029054577406151,0.025204748065167,0.016262612580217,0.020781331137283,687.22893697454,-0.0024301067212509,0.0056791063158746,0.00023595125182953,687.11393574992,0.00093367182849145,-0.0026346542158663,0,3.3032901608243e-12,9.0918763037336e-15,0,0,9.4624150072743e-15,8.8258421570603e-15,9.4937090455831e-15,0,8.6140729935929e-15,8.3638639351076e-15,0,8.7122164795267e-15,8.5107233358895e-15,3.5687401842864e-13,0,0,3.6166947577144e-13,3.5189509661977e-13,3.6266100788821e-13,0,3.4889669415784e-13,3.4521441435627e-13,0,3.5152402247135e-13,3.4704107105901e-13
2.15,1461641988.2829,1461641988.2829,1461641988.2829,883864210.5051,883864210.5051,883864210.5051,1,1,1,117926221.46936,1.8361106607995e-05,6.3252449474942e-05,1.7784809009123e-05,1.016525773549,364.53069699122,364.53069699122,365.33988569,365.33988569,364.53069699122,366.56644686192,366.56644686192,366.56644686192,361.49158057188,361.49158057188,361.49158057188,365.33988569,0.0028812931471244,-7.3484164002657e-61,2.5126419590748e-62,-0.0028367189629701,-0.0029061037790742,-0.002650523458538,-4.7575196092792e-64,-0.0026806310763821,-0.0038066975228249,3.0307133676164e-70,-0.0036420206345269,0.0026892697531658,448.19729755417,448.19729755417,449.00648625295,449.00648625295,448.19729755417,450.23304742487,450.23304742487,450.23304742487,445.15818113483,445.15818113483,445.15818113483,449.00648625295,0.02932787286037,0.025830708659651,0.016692160368558,0.021270779968705,687.04401405346,-0.0029302703302079,0.0060173480958577,0.00034077612695437,686.91500438697,0.00036789387494141,-0.0033441883147847,0,3.4443760398682e-12,9.1382293266319e-15,0,0,9.5462785207568e-15,8.8625804095218e-15,9.5726297402225e-15,0,8.6293628111166e-15,8.3602057308588e-15,0,8.7271482269551e-15,8.5206299808575e-15,3.6979742627844e-13,0,0,3.7516995232568e-13,3.6442867803253e-13,3.7619875069441e-13,0,3.6110045607996e-13,3.5703753068508e-13,0,3.6386607385475e-13,3.5909106153791e-13
2.2,1454776716.8051,1454776716.8051,1454776716.8051,876998939.02732,876998939.02732,876998939.02732,1,1,1,121501028.50109,1.8973857116209e-05,6.4729857411058e-05,1.8360088987043e-05,1.0170247430196,363.67440452976,363.67440452976,364.51269115666,364.51269115666,363.67440452976,365.76040443585,365.76040443585,365.76040443585,360.49050792991,360.49050792991,360.49050792991,364.51269115666,0.0028714192032461,-5.6626785821819e-59,4.2867889491335e-60,-0.0028242367853462,-0.0029087746756244,-0.0026512781196885,-4.7672382399699e-63,-0.0026806402386493,-0.0038279779843406,7.1831904570983e-68,-0.0036609120777677,0.00267243016987,448.41880876362,448.41880876362,449.25709539052,449.25709539052,448.41880876362,450.50480866972,450.50480866972,450.50480866972,445.23491216377,445.23491216377,445.23491216377,449.25709539052,0.029625872104136,0.02645799914366,0.017123564126632,0.021759975635245,686.82520706418,-0.0032509664650915,0.0055054638860196,0.00052206138475422,686.68118919242,-4.1133689511698e-05,-0.0031404685716607,0,3.5909019926484e-12,9.1848872626216e-15,0,0,9.6321667284745e-15,8.8992999769336e-15,9.6533376365255e-15,0,8.6429421150451e-15,8.3539806361867e-15,0,8.7402205507379e-15,8.529241467667e-15,3.8278681841411e-13,0,0,3.8879189314813e-13,3.7701418875554e-13,3.8985063170215e-13,0,3.7332342203786e-13,3.6885184340057e-13,0,3.7622661229573e-13,3.7115323049824e-13
2.25,1448007258.8566,1448007258.8566,1448007258.8566,870229481.07877,870229481.07877,870229481.07877,1,1,1,125097570.07838,1.9594122330662e-05,6.6207628486188e-05,1.8944297820697e-05,1.0175239298411,362.82750792081,362.82750792081,363.69685998349,363.69685998349,362.82750792081,364.96307356505,364.96307356505,364.96307356505,359.49627380768,359.49627380768,359.49627380768,363.69685998349,0.0028624844623205,-3.9949219815676e-57,7.4296615956032e-58,-0.0028114191946072,-0.0029116801706882,-0.0026513262428246,-4.1487630065837e-62,-0.0026807996849502,-0.0038475720237927,1.3819016931581e-65,-0.0036794893532467,0.0026563623451209,448.63429934155,448.63429934155,449.50365140424,449.50365140424,448.63429934155,450.7698649858,450.7698649858,450.7698649858,445.30306522843,445.30306522843,445.30306522843,449.50365140424,0.029931920248416,0.027086614916459,0.017556755994345,0.022248917724801,686.57625523898,-0.0036240994886448,0.0086819919283723,0.00054467636873177,686.41503845123,0.0018673740387131,-0.0039055615011831,0,3.7393266133776e-12,9.2334445766615e-15,0,0,9.7242264234497e-15,8.9404256579591e-15,9.7388407854244e-15,0,8.6546825920848e-15,8.3462500839525e-15,0,8.7525392339131e-15,8.5355395456681e-15,3.9584488096184e-13,0,0,4.0254402603976e-13,3.8965785997441e-13,4.0362343242269e-13,0,3.8556299153762e-13,3.8065522346426e-13,0,3.8860457198553e-13,3.8322430628589e-13
2.3,1441331692.7294,1441331692.7294,1441331692.7294,863553914.95159,863553914.95159,863553914.95159,1,1,1,128710145.87961,2.0222693452218e-05,6.7685791116863e-05,1.9538029394083e-05,1.0180233312171,361.989704185,361.989704185,362.89214737226,362.89214737226,361.989704185,364.17456195089,364.17456195089,364.17456195089,358.50855897124,358.50855897124,358.50855897124,362.89214737226,0.0028521951835627,-2.5591741253292e-55,1.1544006631441e-55,-0.0027974543601071,-0.0029157793022971,-0.0026523617613978,-3.1429659909379e-61,-0.0026805524496147,-0.0038676185643876,2.0977502120958e-63,-0.0036991333123334,0.0026395422733455,448.84403705572,448.84403705572,449.74648024298,449.74648024298,448.84403705572,451.02889482162,451.02889482162,451.02889482162,445.36289184196,445.36289184196,445.36289184196,449.74648024298,0.030217621462909,0.02771655850677,0.017991679527266,0.022737605579819,686.2976511904,-0.0042414401481208,0.0089327846772131,0.00043269497114104,686.1174122902,0.0010044000755288,-0.0043774543273044,0,3.8945602560487e-12,9.2837753032284e-15,0,0,9.8185307022468e-15,8.9846301718751e-15,9.8266103333775e-15,0,8.6688821830965e-15,8.3392117135052e-15,0,8.7660114332753e-15,8.5450296106987e-15,4.0897412190569e-13,0,0,4.1642952532145e-13,4.0236404581639e-13,4.175203580283e-13,0,3.9782264229157e-13,3.92448649769e-13,0,4.0100158424239e-13,3.9530880305222e-13
2.35,1434742459.8869,1434742459.8869,1434742459.8869,856964682.10914,856964682.10914,856964682.10914,1,1,1,132791878.60121,2.0859683248114e-05,6.9164340338046e-05,2.014118147087e-05,1.0185229410701,361.16056420958,361.16056420958,362.09754435141,362.09754435141,361.16056420958,363.39430603292,363.39430603292,363.39430603292,357.52564022611,357.52564022611,357.52564022611,362.09754435141,0.0028406794539242,-1.6284053403597e-53,1.5375805499577e-53,-0.0027829369931054,-0.002920465379087,-0.0026541251489515,-4.5566279132135e-60,-0.0026801534022528,-0.0038879473641838,2.5462108231042e-61,-0.0037193642017466,0.0026223460843577,449.04904438606,449.04904438606,449.98602452789,449.98602452789,449.04904438606,451.2827862094,451.2827862094,451.2827862094,445.41412040259,445.41412040259,445.41412040259,449.98602452789,0.030517892856663,0.02834782820099,0.018428279125013,0.023226038578299,685.99046635222,-0.0046377557916852,0.0059111361840032,0.00032424977531381,685.78950411484,-0.00045178000313684,-0.0043958077723714,0,4.0627089018744e-12,9.3376620007002e-15,0,0,9.9168671010028e-15,9.0329569795503e-15,9.9195408930963e-15,0,8.686466835743e-15,8.3324448361821e-15,0,8.7824825039763e-15,8.5577962652446e-15,4.2217957014794e-13,0,0,4.3045409327194e-13,4.151385760852e-13,4.3154870729184e-13,0,4.1010716149978e-13,4.0423250626405e-13,0,4.1342189011082e-13,4.0741135459456e-13
2.4,1428226859.8013,1428226859.8013,1428226859.8013,850449082.02351,850449082.02351,850449082.02351,1,1,1,137519722.65113,2.1503968269349e-05,7.0643238321634e-05,2.0754192018734e-05,1.019022764092,360.33936992867,360.33936992867,361.31090078826,361.31090078826,360.33936992867,362.62155906594,362.62155906594,362.62155906594,356.54460262644,356.54460262644,356.54460262644,361.31090078826,0.0028296438614654,-1.1554179623498e-51,1.636309008536e-51,-0.0027683983661919,-0.0029256346168531,-0.0026551414215233,-7.3639020639609e-59,-0.0026798765371088,-0.0039066954441107,2.3690311351865e-59,-0.0037399442657178,0.0026064612529041,449.25096089965,449.25096089965,450.22249175924,450.22249175924,449.25096089965,451.53315003692,451.53315003692,451.53315003692,445.45619359742,445.45619359742,445.45619359742,450.22249175924,0.030843332836217,0.028980429260364,0.018866518122921,0.023714216265333,685.65468267921,-0.005198468401844,0.0073050268408787,0.00066566873685876,685.43021379343,-0.00032131634964064,-0.005124415119486,0,4.2359693077329e-12,9.3955532042138e-15,0,0,1.0027280574721e-14,9.0906425812721e-15,1.0022919702601e-14,0,8.7058103815421e-15,8.3269924277528e-15,0,8.7999132235034e-15,8.5726449407811e-15,4.3546688891533e-13,0,0,4.4463480945443e-13,4.2799468611432e-13,4.4572325626983e-13,0,4.2241903661281e-13,4.1600865188916e-13,0,4.258668467392e-13,4.1953490533522e-13
2.45,1421764686.2216,1421764686.2216,1421764686.2216,843986908.44381,843986908.44381,843986908.44381,1,1,1,143224279.79617,2.2156877943751e-05,7.212248830553e-05,2.1377258064515e-05,1.0195228121085,359.52458307314,359.52458307314,360.53044994338,360.53044994338,359.52458307314,361.85481769518,361.85481769518,361.85481769518,355.55952749669,355.55952749669,355.55952749669,360.53044994338,0.0028163476188946,-1.066351182266e-49,1.4013561250894e-49,-0.002753416199018,-0.0029310646515725,-0.0026567615280991,-1.1976983608419e-57,-0.0026783472843438,-0.0039274509254231,1.6972776490844e-57,-0.0037628079345027,0.0025901389253445,449.45206927689,449.45206927689,450.45793614714,450.45793614714,449.45206927689,451.78230389894,451.78230389894,451.78230389894,445.48701370044,445.48701370044,445.48701370044,450.45793614714,0.031158472749475,0.029614367916349,0.019306356636691,0.02420213769825,685.28906494305,-0.0058915340507504,0.0056103330207437,0.00036756490255783,685.03835736176,-0.0010535362894166,-0.0057037609131603,0,4.4143959687161e-12,9.4589288489569e-15,0,0,1.0147194080917e-14,9.1561460685547e-15,1.013706212636e-14,0,8.7309867805104e-15,8.3241778980606e-15,0,8.8225480194389e-15,8.5946089618397e-15,4.4884383437905e-13,0,0,4.589851089437e-13,4.4094343206354e-13,4.6005922701155e-13,0,4.3476651653071e-13,4.277808171682e-13,0,4.3834381380298e-13,4.3168951789234e-13
2.5,1415351498.8513,1415351498.8513,1415351498.8513,837573721.07351,837573721.07351,837573721.07351,1,1,1,149861248.15137,2.2817938214382e-05,7.3602089752845e-05,2.201077485825e-05,1.0200230862703,358.71564315496,358.71564315496,359.75535100305,359.75535100305,358.71564315496,361.09341808549,361.09341808549,361.09341808549,354.57007658721,354.57007658721,354.57007658721,359.75535100305,0.0028029271564713,-9.9440855726635e-48,1.0048934524458e-47,-0.0027386382028505,-0.0029372592729924,-0.0026580351944399,-1.9212586487729e-56,-0.0026766515020211,-0.0039467466130649,9.2680834054741e-56,-0.003786232062789,0.0025746209360354,449.6527847988,449.6527847988,450.69249264689,450.69249264689,449.6527847988,452.03055972933,452.03055972933,452.03055972933,445.50721823105,445.50721823105,445.50721823105,450.69249264689,0.03156986172102,0.030249647226317,0.019747767779063,0.024689802391767,684.8939165483,-0.0064058626605089,0.0068276654683734,0.00081782265145903,684.61411164135,-0.00071255976909148,-0.0059287660968872,0,4.5978491239945e-12,9.5297081036758e-15,0,0,1.0284406129429e-14,9.234746240358e-15,1.0268371549781e-14,0,8.7614834258633e-15,8.3250186655288e-15,0,8.8489845739472e-15,8.6240348654106e-15,4.6232087682473e-13,0,0,4.7352945557289e-13,4.5400333544173e-13,4.7458089732073e-13,0,4.4715712521807e-13,4.39554171472e-13,0,4.5085816780069e-13,4.4388574496139e-13
2.55,1408974396.88,1408974396.88,1408974396.88,831196619.10218,831196619.10218,831196619.10218,1,1,1,156498127.25137,2.3487513700518e-05,7.5081985682636e-05,2.2654386784923e-05,1.0205236048004,357.91122729467,357.91122729467,358.98459806667,358.98459806667,357.91122729467,360.33559524766,360.33559524766,360.33559524766,353.57329196385,353.57329196385,353.57329196385,358.98459806667,0.0027878568514584,-8.2486980843099e-46,6.0319536739094e-46,-0.0027247891171991,-0.0029431526676405,-0.0026599706918287,-2.7697473621838e-55,-0.0026743134162555,-0.0039664218579303,4.0540057577678e-54,-0.0038109114234012,0.0025595420201644,449.85443686483,449.85443686483,450.92780763683,450.92780763683,449.85443686483,452.27880481781,452.27880481781,452.27880481781,445.516501534,445.516501534,445.516501534,450.92780763683,0.031996369719432,0.030886281920071,0.020190725235533,0.025177209595313,684.46798244465,-0.0088316483055576,0.0065972542815441,0.00053277093407734,684.15324101627,0.0019726457678815,-0.0087609848644757,0,4.7858252014179e-12,9.6116168455655e-15,0,0,1.0440345859632e-14,9.3286342263394e-15,1.0419736872335e-14,0,8.8005129788427e-15,8.3293100895896e-15,0,8.8843092968134e-15,8.6618709970252e-15,4.7591375572406e-13,0,0,4.8829433428345e-13,4.6719601648303e-13,4.8931663052195e-13,0,4.5960293002859e-13,4.5133359476591e-13,0,4.6342247850056e-13,4.5613548040091e-13
2.6,1402628309.5691,1402628309.5691,1402628309.5691,824850531.7913,824850531.7913,824850531.7913,1,1,1,163117134.09256,2.4166701935731e-05,7.656221304224e-05,2.3309555465929e-05,1.021024350382,357.11011356183,357.11011356183,358.21650010936,358.21650010936,357.11011356183,359.5806843237,359.5806843237,359.5806843237,352.5698454525,352.5698454525,352.5698454525,358.21650010936,0.0027714916985798,-5.902413073901e-44,3.3187496274026e-44,-0.0027088024700338,-0.0029506822123846,-0.0026614913057611,-3.4847661281655e-54,-0.0026702878726199,-0.0039863122009455,1.6560980006234e-52,-0.003838508673135,0.0025445569858822,450.05716119324,450.05716119324,451.16354774077,451.16354774077,450.05716119324,452.52773195511,452.52773195511,452.52773195511,445.5168930839,445.5168930839,445.5168930839,451.16354774077,0.032398793638392,0.031524249892856,0.020635172926966,0.02566435854513,684.0128342195,-0.0082237381511931,0.007087166984348,0.00075263621612533,683.66227410312,-0.00084635981690473,-0.0083968075684691,0,5.0297358076599e-12,9.7043389067977e-15,0,0,1.0616975778657e-14,9.4463007186246e-15,1.0591301552884e-14,0,8.8520335300325e-15,8.3436039578327e-15,0,8.9272933180969e-15,8.7158243054373e-15,4.8963776341992e-13,0,0,5.0330900542101e-13,4.8055510307357e-13,5.0429499282122e-13,0,4.7212159590134e-13,4.6313323264215e-13,0,4.7604757778629e-13,4.6846151734092e-13
2.65,1396287696.066,1396287696.066,1396287696.066,818509918.28825,818509918.28825,818509918.28825,1,1,1,170187103.66863,2.485647782355e-05,7.8042763877852e-05,2.3974903564214e-05,1.0215253660704,356.3091667462,356.3091667462,357.44752041499,357.44752041499,356.3091667462,358.82497680291,358.82497680291,358.82497680291,351.55626053478,351.55626053478,351.55626053478,357.44752041499,0.0027527598837249,-3.9489895085308e-42,1.8515457002715e-42,-0.0026954945326534,-0.0029567928353985,-0.0026651072571054,-3.8145784264866e-53,-0.0026670647665311,-0.0040067986520392,5.8672088075618e-51,-0.0038655895339235,0.0025299732454492,450.26245011438,450.26245011438,451.40080378318,451.40080378318,450.26245011438,452.77826017109,452.77826017109,452.77826017109,445.50954390296,445.50954390296,445.50954390296,451.40080378318,0.032860339667956,0.032163586714328,0.021081119389886,0.026151248479741,683.52452177739,-0.0096106224344192,0.0016709658848385,-4.10546707893e-05,683.13183763907,0.00080855083217782,-0.0094920737700693,0,5.4291448255584e-12,9.8182267514669e-15,0,0,1.0815298484574e-14,9.5897326286335e-15,1.0787254145024e-14,0,8.9163175201752e-15,8.3638032455687e-15,0,8.9853584881616e-15,8.7868148862357e-15,5.035228328503e-13,0,0,5.1860414721901e-13,4.9411703301651e-13,5.1955047393388e-13,0,4.847311730648e-13,4.7496143662505e-13,0,4.8875479362304e-13,4.8088795012309e-13
2.7,1389943384.7202,1389943384.7202,1389943384.7202,812165606.94245,812165606.94245,812165606.94245,1,1,1,177218140.76046,2.5556616311958e-05,7.9523631634935e-05,2.4652065498646e-05,1.0220266427024,355.50653100091,355.50653100091,356.67651812349,356.67651812349,355.50653100091,358.0636627948,358.0636627948,358.0636627948,350.53514376209,350.53514376209,350.53514376209,356.67651812349,0.0027364175822198,-2.4526578368416e-40,9.2920971558804e-41,-0.0026813471045594,-0.002964858261505,-0.0026687823950654,-3.1149519954041e-52,-0.0026647984942935,-0.0040211666538865,1.912801746836e-49,-0.0038917491498646,0.0025176176609974,450.47049733958,450.47049733958,451.64048446217,451.64048446217,450.47049733958,453.02762913347,453.02762913347,453.02762913347,445.49911010077,445.49911010077,445.49911010077,451.64048446217,0.033294590791228,0.032804278004017,0.021528526070305,0.026637879028446,683.00428715266,-0.0098208326698815,0.0066072324930283,0.00067933948547831,682.56547084277,-0.00089137998940852,-0.0095762210601389,0,5.9075577517636e-12,9.9504063599007e-15,0,0,1.1048537271073e-14,9.7806164365221e-15,1.1012558003006e-14,0,8.9915369465019e-15,8.4010149947341e-15,0,9.0527886605914e-15,8.8787104004524e-15,5.1759483247559e-13,0,0,5.3422913847214e-13,5.0794891342941e-13,5.3512458281815e-13,0,4.9744712656112e-13,4.868422659683e-13,0,5.0155737012414e-13,4.934443427878e-13
2.75,1383604873.3972,1383604873.3972,1383604873.3972,805827095.6194,805827095.6194,805827095.6194,1,1,1,184674602.38889,2.6266136196903e-05,8.1004732701769e-05,2.5340009920851e-05,1.0225281390803,354.70226387519,354.70226387519,355.90266353065,355.90266353065,354.70226387519,357.29916585508,357.29916585508,357.29916585508,349.50991038142,349.50991038142,349.50991038142,355.90266353065,0.0027204378486921,-1.3030696995846e-38,3.9263721267704e-39,-0.0026659280785313,-0.0029725289333927,-0.0026722728282575,1.4667615907619e-51,-0.0026609797954615,-0.004035684245248,5.4939921687875e-48,-0.0039188038654951,0.0025053894986147,450.67943059687,450.67943059687,451.87983025233,451.87983025233,450.67943059687,453.27633257676,453.27633257676,453.27633257676,445.48707710309,445.48707710309,445.48707710309,451.87983025233,0.033787895219585,0.03344628865307,0.021977316912445,0.027124249536053,682.45835837255,-0.0073142989310841,0.011589339342008,0.00058980836687445,681.96908257493,-0.0053586886428418,-0.010314372002095,0,6.4880704582717e-12,1.0110766223159e-14,0,0,1.1315873343216e-14,1.0027579802732e-14,1.1266136747394e-14,0,9.0859283582561e-15,8.4541598802045e-15,0,9.1395910457758e-15,8.9959293024046e-15,5.3189361519437e-13,0,0,5.5023220002422e-13,5.2213005278421e-13,5.5105730620187e-13,0,5.1029656967212e-13,4.9879825352936e-13,0,5.1448270373562e-13,5.0616650801341e-13
2.8,1377246362.4617,1377246362.4617,1377246362.4617,799468584.68393,799468584.68393,799468584.68393,1,1,1,192068316.96021,2.698615270471e-05,8.2486184486681e-05,2.6038493570165e-05,1.023029910668,353.89471150942,353.89471150942,355.12206484069,355.12206484069,353.89471150942,356.52537680003,356.52537680003,356.52537680003,348.47810261482,348.47810261482,348.47810261482,355.12206484069,0.00270146501738,-5.6909918976851e-37,1.417246699722e-37,-0.0026551448030113,-0.0029797174297593,-0.0026789186018873,2.8290969785269e-49,-0.0026612732538838,-0.0040494033841548,1.3887266388812e-46,-0.0039420788693408,0.0024921583316526,450.89224021175,450.89224021175,452.11959354302,452.11959354302,450.89224021175,453.52290550236,453.52290550236,453.52290550236,445.47563131714,445.47563131714,445.47563131714,452.11959354302,0.034255355985532,0.034089648374951,0.022427500345462,0.027610359090405,681.88098704295,-0.01176867501512,0.0082402050598323,0.0014952692459768,681.3317111221,-0.004709018090553,-0.011167317713819,0,7.2014087681599e-12,1.031508988442e-14,0,0,1.1612951392066e-14,1.0337709245521e-14,1.1559869259981e-14,0,9.198991163491e-15,8.5213858452722e-15,0,9.249348569364e-15,9.1436047135944e-15,5.4648135520601e-13,0,0,5.6665539338206e-13,5.367497814031e-13,5.6740543008859e-13,0,5.2330590773568e-13,5.1084931296196e-13,0,5.2756325792553e-13,5.1909751780835e-13
2.85,1370844195.3155,1370844195.3155,1370844195.3155,793066417.53768,793066417.53768,793066417.53768,1,1,1,199365317.32449,2.7714524427297e-05,8.3967869831449e-05,2.6746890560354e-05,1.0235319312769,353.07699701208,353.07699701208,354.33629632423,354.33629632423,353.07699701208,355.73932736858,355.73932736858,355.73932736858,347.43508627501,347.43508627501,347.43508627501,354.33629632423,0.002683964522902,-2.077581684788e-35,4.2978263389727e-36,-0.002642895004188,-0.0029870093307617,-0.0026846703756638,1.7674810507732e-47,-0.0026620939555259,-0.0040630483160716,3.0619214896686e-45,-0.003964376078606,0.0024791000831714,451.10553608266,451.10553608266,452.36483539481,452.36483539481,451.10553608266,453.76786643916,453.76786643916,453.76786643916,445.46362534559,445.46362534559,445.46362534559,452.36483539481,0.034620491174921,0.034734321338428,0.022879011765697,0.028096207159857,681.27520392836,-0.013748984296612,0.0055845082443036,0.00026735864421426,680.66040797247,0.00055970781078215,-0.012856101892152,0,8.0904110658329e-12,1.0567470571702e-14,0,0,1.195387497322e-14,1.0743454623536e-14,1.1891956674057e-14,0,9.332035622522e-15,8.6052027606173e-15,0,9.3864604380216e-15,9.3183155407113e-15,5.6142601540849e-13,0,0,5.835607254921e-13,5.5194332063844e-13,5.8422319650019e-13,0,5.365033990776e-13,5.2301890741299e-13,0,5.4083771757966e-13,5.322756060245e-13
2.9,1364419638.452,1364419638.452,1364419638.452,786641860.67423,786641860.67423,786641860.67423,1,1,1,206540797.19,2.8451337856254e-05,8.5449838110689e-05,2.7465706610254e-05,1.024034188931,352.24993265714,352.24993265714,353.54923588118,353.54923588118,352.24993265714,354.94400268204,354.94400268204,354.94400268204,346.38420016892,346.38420016892,346.38420016892,353.54923588118,0.0026676438793146,-6.2845594011556e-34,1.0887478154409e-34,-0.0026272766362151,-0.0029971853174349,-0.002689713125718,8.615505529227e-46,-0.0026619459909396,-0.0040750329163943,5.6874064845122e-44,-0.0039892040384272,0.0024656780615432,451.31673227458,451.31673227458,452.61603549862,452.61603549862,451.31673227458,454.01080229948,454.01080229948,454.01080229948,445.45099978636,445.45099978636,445.45099978636,452.61603549862,0.034912775730295,0.035380285422278,0.023331812211831,0.028581792906264,680.64314585439,-0.014549006617809,0.0056988832628634,0.00015742120708418,679.95699206049,-0.00090531562545383,-0.014154054229592,0,9.2099282508618e-12,1.0871748209218e-14,0,0,1.234343664782e-14,1.1274420942225e-14,1.2264128496458e-14,0,9.4904025286262e-15,8.7128294883352e-15,0,9.5504533234325e-15,9.5324916134354e-15,5.7680098917267e-13,0,0,6.0101698100574e-13,5.6788775964284e-13,6.0156729335057e-13,0,5.4992485504596e-13,5.3534070904204e-13,0,5.5434409819647e-13,5.4575658494742e-13
2.95,1357969356.0602,1357969356.0602,1357969356.0602,780191578.28244,780191578.28244,780191578.28244,1,1,1,213590354.29433,2.9195885424904e-05,8.6932030907823e-05,2.8194407546698e-05,1.0245366585246,351.4118512855,351.4118512855,352.76207113549,352.76207113549,351.4118512855,354.14021648198,354.14021648198,354.14021648198,345.32328915857,345.32328915857,345.32328915857,352.76207113549,0.0026511223909842,-1.5680604289054e-32,2.3016371125124e-33,-0.0026114394409533,-0.0030070116986826,-0.0026951687989866,3.2862838091132e-44,-0.0026625229079373,-0.0040870697526133,9.0512556360079e-43,-0.0040136047650871,0.0024511468501039,451.52429786822,451.52429786822,452.87451771822,452.87451771822,451.52429786822,454.25266306471,454.25266306471,454.25266306471,445.43573574129,445.43573574129,445.43573574129,452.87451771822,0.035222379924626,0.03602751035857,0.023785833836464,0.029067115476917,679.9892455526,-0.016540919859594,0.0035330491186227,-0.00021370267376438,679.22366705689,0.00099796186773784,-0.016790288662849,0,1.0629132293718e-11,1.1247640870414e-14,0,0,1.2783797011436e-14,1.1958036084051e-14,1.2683616587231e-14,0,9.6757234079873e-15,8.8399005672747e-15,0,9.7521574544433e-15,9.7862137353741e-15,5.9270755543631e-13,0,0,6.1909600011793e-13,5.8479897645225e-13,6.1950463594817e-13,0,5.6360839431531e-13,5.4784221631431e-13,0,5.6813573153094e-13,5.5959638113627e-13
3,1351502312.5965,1351502312.5965,1351502312.5965,773724534.81876,773724534.81876,773724534.81876,1,1,1,220498803.69434,2.9946958505776e-05,8.8414354085137e-05,2.8932746696444e-05,1.0250393132503,350.56326018406,350.56326018406,351.97488645216,351.97488645216,350.56326018406,353.32785432122,353.32785432122,353.32785432122,344.25635080236,344.25635080236,344.25635080236,351.97488645216,0.0026390227298297,-3.2692240535192e-31,4.092047689351e-32,-0.0025907366144747,-0.0030208606681967,-0.0026982057488463,1.0165750116365e-42,-0.0026610527342118,-0.0040955749648432,1.2197144519612e-41,-0.0040402676549004,0.0024375657915914,451.72752981608,451.72752981608,453.13915608418,453.13915608418,451.72752981608,454.49212395324,454.49212395324,454.49212395324,445.42062043438,445.42062043438,445.42062043438,453.13915608418,0.035490737775236,0.036675943483862,0.024241010531213,0.029552174065733,679.31640575437,-0.013764601124124,0.0093714605422092,0.00063245001129107,678.46736716546,-0.0076203142353909,-0.018452965172539,0,1.2434309998844e-11,1.1699124287774e-14,0,0,1.3283103593391e-14,1.2843502326843e-14,1.314830199114e-14,0,9.8947606661714e-15,8.9958879018072e-15,0,9.9890802557767e-15,1.0087777585634e-14,6.0925261567197e-13,0,0,6.3788114537011e-13,6.0296243163125e-13,6.3809914294622e-13,0,5.7760169904584e-13,5.6056432299063e-13,0,5.8226242430429e-13,5.7386265301208e-13
3.05,1344998091.9283,1344998091.9283,1344998091.9283,767220314.15048,767220314.15048,767220314.15048,1,1,1,227259720.83909,3.0719107606869e-05,8.9896896415125e-05,2.9681687664955e-05,1.0255421978584,349.70275756561,349.70275756561,351.18722111102,351.18722111102,349.70275756561,352.50646663899,352.50646663899,352.50646663899,343.17459185184,343.17459185184,343.17459185184,351.18722111102,0.0026222755984979,-5.6474841778532e-30,6.4226960227899e-31,-0.0025745082618607,-0.0030322799662049,-0.0027020485374238,2.6197586258015e-41,-0.0026650291590412,-0.0041060281942063,1.3980430868741e-40,-0.0040656284789797,0.002421939958081,451.92806341306,451.92806341306,453.41252695847,453.41252695847,451.92806341306,454.73177248644,454.73177248644,454.73177248644,445.39989769929,445.39989769929,445.39989769929,453.41252695847,0.035755284247492,0.037325607504337,0.024697346375157,0.030036967626277,678.62069623048,-0.019245123657322,0.0090483405849368,0.00078053751503406,677.67721623665,-0.0031777884424607,-0.019038228869799,0,1.4738152826077e-11,1.2263444882819e-14,0,0,1.3837522517599e-14,1.3971650211599e-14,1.3675986034489e-14,0,1.0143263822786e-14,9.1718816494654e-15,0,1.0275870070702e-14,1.0436510787475e-14,6.2659574574667e-13,0,0,6.5745035738414e-13,6.2272132884922e-13,6.5743990787502e-13,0,5.9194644031075e-13,5.7353532241179e-13,0,5.9679469912346e-13,5.8862210811158e-13
3.1,1338480708.3142,1338480708.3142,1338480708.3142,760702930.53643,760702930.53643,760702930.53643,1,1,1,233855259.83409,3.1497150306603e-05,9.137951670032e-05,3.0439881455949e-05,1.0260452327269,348.83457427954,348.83457427954,350.39995292261,350.39995292261,348.83457427954,351.67649990043,351.67649990043,351.67649990043,342.08546435048,342.08546435048,342.08546435048,350.39995292261,0.0026073929225149,-8.17896061616e-29,8.5812474652332e-30,-0.0025536493160708,-0.0030438767872678,-0.0027037983404673,5.622222425626e-40,-0.002665043823114,-0.0041176869864963,1.4032819074957e-39,-0.0040940363969287,0.0024069134935146,452.12605053935,452.12605053935,453.69142918243,453.69142918243,452.12605053935,454.96797616025,454.96797616025,454.96797616025,445.37694061029,445.37694061029,445.37694061029,453.69142918243,0.035947884835663,0.037976408851433,0.025154734655423,0.030521495161811,677.91119301017,-0.016733191214984,0.010247985411507,-0.00030692768163888,676.87031308772,-0.0063398112395134,-0.01904231290268,0,1.7792541940514e-11,1.2943083764506e-14,0,0,1.44558938342e-14,1.5413904563172e-14,1.425600788779e-14,0,1.043896184327e-14,9.380332483621e-15,0,1.0618271542825e-14,1.0840897659284e-14,6.4490003034536e-13,0,0,6.7789407850069e-13,6.4451988173158e-13,6.7760094757523e-13,0,6.067093617266e-13,5.8680111582969e-13,0,6.1181120274829e-13,6.0395345260964e-13
3.15,1331964900.1001,1331964900.1001,1331964900.1001,754187122.32231,754187122.32231,754187122.32231,1,1,1,240281448.82594,3.2280661968257e-05,9.28622582103e-05,3.120654498397e-05,1.0265484503147,347.96119168208,347.96119168208,349.61382956709,349.61382956709,347.96119168208,350.84249623358,350.84249623358,350.84249623358,340.98914423428,340.98914423428,340.98914423428,349.61382956709,0.0025910714592554,-1.0106056452701e-27,1.0046677609922e-28,-0.0025369086999664,-0.0030537043843335,-0.0027069870814203,1.0171988656184e-38,-0.0026685577593434,-0.0041283036729834,1.2810240244218e-38,-0.0041195433742141,0.0023916354148648,452.32176057422,452.32176057422,453.97439845923,453.97439845923,452.32176057422,455.20306512572,455.20306512572,455.20306512572,445.34971312643,445.34971312643,445.34971312643,453.97439845923,0.03613389752211,0.038628364979828,0.025613172383092,0.031005755886774,677.18635665681,-0.022252945592235,0.0056862584161969,0.000281372870069,676.03512563688,-0.0016227141346192,-0.021869489453701,0,2.2278299704839e-11,1.3773349166309e-14,0,0,1.5140855238524e-14,1.7242874797957e-14,1.4907430413329e-14,0,1.0782233559614e-14,9.6182183278957e-15,0,1.1025833275716e-14,1.1312047739459e-14,6.6437848753566e-13,0,0,6.9930648132494e-13,6.6890498912516e-13,6.9868323784589e-13,0,6.2195774265928e-13,6.0040333063487e-13,0,6.2740408570327e-13,6.1995110394099e-13
3.2,1325446709.6252,1325446709.6252,1325446709.6252,747668931.84741,747668931.84741,747668931.84741,1,1,1,246520857.27911,3.3068001022393e-05,9.4344980134418e-05,3.198197016459e-05,1.0270517711703,347.0849055615,347.0849055615,348.82698302312,348.82698302312,347.0849055615,350.00449102944,350.00449102944,350.00449102944,339.883630428,339.883630428,339.883630428,348.82698302312,0.0025772097570252,-1.0805168789142e-26,1.027655023354e-27,-0.0025156387642117,-0.0030640559997876,-0.0027065438683582,1.6104643800595e-37,-0.0026677561361709,-0.0041389822793778,1.0215830550458e-37,-0.004149548337899,0.0023774637757595,452.51713428292,452.51713428292,454.25921174453,454.25921174453,452.51713428292,455.43671975086,455.43671975086,455.43671975086,445.31585914941,445.31585914941,445.31585914941,454.25921174453,0.036229110359445,0.039281372997114,0.02607255699081,0.031489749281156,676.45473790937,-0.021152349867143,0.0086205762285472,0.00030764055745624,675.18987856426,-0.0062390009335721,-0.023153300885996,0,2.8199846779895e-11,1.4773947666608e-14,0,0,1.5907895661484e-14,1.9560284349074e-14,1.5622601014541e-14,0,1.1184815965439e-14,9.9000964725281e-15,0,1.1501026887859e-14,1.1857836970655e-14,6.8527200469557e-13,0,0,7.2180364311823e-13,6.9656740853549e-13,7.207769320802e-13,0,6.3777546109025e-13,6.1440418133512e-13,0,6.436689939093e-13,6.367206178053e-13
3.25,1318939884.2195,1318939884.2195,1318939884.2195,741162106.44175,741162106.44175,741162106.44175,1,1,1,252581217.66586,3.3859408301062e-05,9.5827738165131e-05,3.2766254615746e-05,1.0275552201906,346.20665891399,346.20665891399,348.04049157072,348.04049157072,346.20665891399,349.16310620894,349.16310620894,349.16310620894,338.77392913711,338.77392913711,338.77392913711,348.04049157072,0.0025596829647802,-9.9462771032082e-26,9.2658176562529e-27,-0.0024985885559346,-0.0030714425331578,-0.0027077415369571,2.1804305789459e-36,-0.0026708649434348,-0.004151481647645,7.4007445727741e-37,-0.0041765309567051,0.0023626000116028,452.71071056544,452.71071056544,454.54454322217,454.54454322217,452.71071056544,455.6671578604,455.6671578604,455.6671578604,445.27798078856,445.27798078856,445.27798078856,454.54454322217,0.036369921226957,0.039935444516648,0.026532881444196,0.031973474262879,675.71523488904,-0.026116684355615,0.0036875413761714,0.00010843562853093,674.32537642024,-0.001237422707806,-0.026012125614191,0,3.5982545623798e-11,1.5998682773911e-14,0,0,1.6753250297915e-14,2.246359740761e-14,1.6419706095088e-14,0,1.1649266549914e-14,1.0216244761906e-14,0,1.2060298905303e-14,1.2482022232644e-14,7.0789755885454e-13,0,0,7.4549631690337e-13,7.2833573264902e-13,7.4399790313006e-13,0,6.5425001183684e-13,6.2885213323393e-13,0,6.6072483218745e-13,6.5437286293255e-13
3.3,1312440807.5851,1312440807.5851,1312440807.5851,734663029.80733,734663029.80733,734663029.80733,1,1,1,258449498.35354,3.4652175671178e-05,9.731037334114e-05,3.3558091999906e-05,1.0280587381944,345.32640621539,345.32640621539,347.24906355,347.24906355,345.32640621539,348.32135207448,348.32135207448,348.32135207448,337.66036736262,337.66036736262,337.66036736262,347.24906355,0.0025469345572516,-7.9601793511616e-25,7.357622922028e-26,-0.0024808245969673,-0.0030805794574911,-0.0027059664013352,2.5702357499619e-35,-0.0026707831731318,-0.0041593054756762,4.9236056117241e-36,-0.004203381967958,0.002350062696662,452.90312594529,452.90312594529,454.8257832799,454.8257832799,452.90312594529,455.89807180438,455.89807180438,455.89807180438,445.23708709252,445.23708709252,445.23708709252,454.8257832799,0.036428696413025,0.040590481825578,0.026994037465701,0.032456930849923,674.97439327176,-0.027656373013973,0.0054495384815631,0.00057067867118406,673.45458890784,-0.002420178118314,-0.027435779789235,0,4.6138307949595e-11,1.7479835466409e-14,0,0,1.7692352988605e-14,2.6080176708598e-14,1.7299665784364e-14,0,1.2189335807147e-14,1.0583295257028e-14,0,1.2709539293233e-14,1.3197516543997e-14,7.3261777923918e-13,0,0,7.7051708245015e-13,7.6521867225941e-13,7.6846332510683e-13,0,6.7148833585163e-13,6.4381917292102e-13,0,6.7869883502746e-13,6.7303696981871e-13
3.35,1305940611.6948,1305940611.6948,1305940611.6948,728162833.91702,728162833.91702,728162833.91702,1,1,1,264122789.5881,3.5447597875845e-05,9.8792926907409e-05,3.4358741341376e-05,1.0285623841757,344.4398447833,344.4398447833,346.45256184736,346.45256184736,344.4398447833,347.47737874908,347.47737874908,347.47737874908,336.54498801469,336.54498801469,336.54498801469,346.45256184736,0.0025323841456002,-5.5790247475062e-24,5.2082795738195e-25,-0.0024646651839592,-0.0030874422647368,-0.0027053070078741,2.6353768901917e-34,-0.0026717848009846,-0.0041694618796761,3.1075236568005e-35,-0.0042308665581761,0.0023376869441247,453.09071563596,453.09071563596,455.10343270003,455.10343270003,453.09071563596,456.12824960174,456.12824960174,456.12824960174,445.19585886735,445.19585886735,445.19585886735,455.10343270003,0.03656162681185,0.041246502502148,0.027456034640979,0.032940117546268,674.22483532708,-0.030099928196374,0.0038795558372746,1.7147639216711e-05,672.56679476399,0.0003810310718101,-0.029949242326182,0,5.9306853246129e-11,1.9281502133553e-14,0,0,1.8719206106108e-14,3.0558547583984e-14,1.8264758053939e-14,0,1.2809504338214e-14,1.0991898234254e-14,0,1.3460484624174e-14,1.4004028887083e-14,7.5988594105938e-13,0,0,7.9699003760227e-13,8.084349846991e-13,7.9429359366017e-13,0,6.8960371061401e-13,6.5936406448012e-13,0,6.9773483493908e-13,6.9284165739869e-13
3.4,1299466324.3485,1299466324.3485,1299466324.3485,721688546.57076,721688546.57076,721688546.57076,1,1,1,269606376.4032,3.6244118423679e-05,0.00010027529165592,3.5167170699906e-05,1.0290660783682,343.55203793482,343.55203793482,345.65493229735,345.65493229735,343.55203793482,346.63482834829,346.63482834829,346.63482834829,335.43020147919,335.43020147919,335.43020147919,345.65493229735,0.0025212205021305,-3.4423798187708e-23,3.2970529121144e-24,-0.00244641677482,-0.0030957854443402,-0.0027029939693742,2.3920667394174e-33,-0.0026707209522376,-0.0041757312045626,1.9573845780365e-34,-0.0042587881057603,0.0023258721163645,453.27409656007,453.27409656007,455.37699092261,455.37699092261,453.27409656007,456.35688697354,456.35688697354,456.35688697354,445.15226010445,445.15226010445,445.15226010445,455.37699092261,0.036754943701105,0.041903414754055,0.027918770914989,0.033423034040969,673.47702436032,-0.031106014023529,0.005877793826843,-0.00061706839706977,671.6747158842,-0.0055158349269258,-0.03191680653101,0,7.6247369591894e-11,2.1451556268428e-14,0,0,1.9847404071327e-14,3.6049867338944e-14,1.9321298519176e-14,0,1.3525653762983e-14,1.1458348533805e-14,0,1.4323685685739e-14,1.4919066617121e-14,7.902230228682e-13,0,0,8.2505850561784e-13,8.5941719601159e-13,8.2161803606865e-13,0,7.0873187360558e-13,6.7556861637903e-13,0,7.1799158549902e-13,7.1394040374657e-13
3.45,1292992749.1871,1292992749.1871,1292992749.1871,715214971.40933,715214971.40933,715214971.40933,1,1,1,274902632.35049,3.7040444858195e-05,0.00010175740221777,3.5982226104747e-05,1.0295698208803,342.65839495558,342.65839495558,344.85078738045,344.85078738045,342.65839495558,345.79185668662,345.79185668662,345.79185668662,334.31424582312,334.31424582312,334.31424582312,344.85078738045,0.0025115714082709,-1.8620281454342e-22,1.8905956488869e-23,-0.0024302317178344,-0.0031035656615059,-0.0027013014578069,1.9168704106745e-32,-0.0026708241346506,-0.0041788140717859,1.2941051132596e-33,-0.0042834057139241,0.002315770786466,453.4522689241,453.4522689241,455.64466134898,455.64466134898,453.4522689241,456.58573065514,456.58573065514,456.58573065514,445.10811979164,445.10811979164,445.10811979164,455.64466134898,0.036949183231431,0.042561172494341,0.028382198281143,0.033905680319556,672.7306202452,-0.030219210640377,0.0081596017116986,0.0007370928392033,670.7787878352,-0.0092350672473186,-0.032697294645101,0,9.7896853554392e-11,2.4059265054846e-14,0,0,2.1084226101666e-14,4.2753679952164e-14,2.0481244811694e-14,0,1.4349629987888e-14,1.1978025886209e-14,0,1.531563405829e-14,1.5940804555545e-14,8.2424796180949e-13,0,0,8.5487610412295e-13,9.198800300413e-13,8.5058289025563e-13,0,7.2902531494949e-13,6.9250810303776e-13,0,7.396511629006e-13,7.3648410574416e-13
3.5,1286544498.5127,1286544498.5127,1286544498.5127,708766720.73491,708766720.73491,708766720.73491,1,1,1,280004675.94929,3.7837457948448e-05,0.00010323929348571,3.6806111593411e-05,1.0300736582786,341.76375083833,341.76375083833,344.04372905362,344.04372905362,341.76375083833,344.94976482426,344.94976482426,344.94976482426,333.20134056195,333.20134056195,333.20134056195,344.04372905362,0.0024973410526007,-8.9004663579065e-22,9.8797648088563e-23,-0.0024182464931513,-0.0031073880878669,-0.0027017057124868,1.3668739000182e-31,-0.0026732592092782,-0.0041857878870724,9.383186348329e-33,-0.0043067774949275,0.0023051671405577,453.62603311906,453.62603311906,455.90601133435,455.90601133435,453.62603311906,456.81204710499,456.81204710499,456.81204710499,445.06362284268,445.06362284268,445.06362284268,455.90601133435,0.037063214251454,0.043219798077794,0.028846324740332,0.034388054752368,671.98083619662,-0.036353771667678,0.003618264279272,0.00054192606786763,669.86750702301,-0.0021457103598703,-0.036922950914165,0,1.253872056677e-10,2.7192815215635e-14,0,0,2.2418275535168e-14,5.0878559750552e-14,2.1757731868837e-14,0,1.5280774343551e-14,1.2545840604201e-14,0,1.6453606840863e-14,1.7068841052477e-14,8.6270440988655e-13,0,0,8.865803334298e-13,9.9183317927454e-13,8.8135296975101e-13,0,7.506355932697e-13,7.1025060097159e-13,0,7.629200768449e-13,7.6062309225456e-13
3.55,1280128877.0852,1280128877.0852,1280128877.0852,702351099.30739,702351099.30739,702351099.30739,1,1,1,284919501.86557,3.8633515576785e-05,0.00010472083090144,3.7637040880942e-05,1.0305775091328,340.86949078205,340.86949078205,343.23559197641,343.23559197641,340.86949078205,344.10812291167,344.10812291167,344.10812291167,332.09321085655,332.09321085655,332.09321085655,343.23559197641,0.0024873244243101,-3.7636811893222e-21,4.7041103067248e-22,-0.0024039662566098,-0.0031131647142582,-0.0027002925983251,8.8796678185187e-31,-0.0026738257386437,-0.0041881817286108,7.0784782998097e-32,-0.0043302782609514,0.0022949177501054,453.79513225983,453.79513225983,456.16123345419,456.16123345419,453.79513225983,457.03376438945,457.03376438945,457.03376438945,445.01885233433,445.01885233433,445.01885233433,456.16123345419,0.037203819446536,0.043879189540043,0.029311061601563,0.034870157269128,671.2364338252,-0.038475563414301,0.0031646900795105,4.890084244984e-05,668.9584372726,-0.0014979860403115,-0.039165239228821,0,1.6001015935701e-10,3.0927738947772e-14,0,0,2.3859417643366e-14,6.0610965166953e-14,2.3145382130036e-14,0,1.6347391898907e-14,1.3177833389623e-14,0,1.7747250191231e-14,1.8311612947592e-14,9.0644283776002e-13,0,0,9.2032264545138e-13,1.0775500282422e-12,9.1408548306562e-13,0,7.7375429660256e-13,7.2888687167389e-13,0,7.8801847876017e-13,7.8651962363397e-13
3.6,1273766532.3545,1273766532.3545,1273766532.3545,695988754.57675,695988754.57675,695988754.57675,1,1,1,289649384.18922,3.9428391938847e-05,0.00010620204319841,3.8475986961812e-05,1.0310813791598,339.97715625161,339.97715625161,342.43206814169,342.43206814169,339.97715625161,343.26963394448,343.26963394448,343.26963394448,330.99145651505,330.99145651505,330.99145651505,342.43206814169,0.002476545045085,-1.4202530480137e-20,2.0507370442761e-21,-0.0023887967686362,-0.0031189441818633,-0.0027006145886794,5.3179009294448e-30,-0.0026749120748358,-0.0041906512595217,5.3081596405542e-31,-0.0043537652176549,0.0022842491164111,453.95827352202,453.95827352202,456.4131854121,456.4131854121,453.95827352202,457.25075121489,457.25075121489,457.25075121489,444.97257378546,444.97257378546,444.97257378546,456.4131854121,0.037324327380944,0.044539320459124,0.029776379279954,0.035351987345404,670.49734900342,-0.041455890554216,0.0030691060494646,-0.00013241919472335,668.04794030556,-0.0026086283929532,-0.042307639590395,0,2.0327363921312e-10,3.536462602415e-14,0,0,2.5414234364425e-14,7.218642915706e-14,2.465655219499e-14,0,1.7562866065915e-14,1.3875154493414e-14,0,1.9214469891078e-14,1.9678136085403e-14,9.5645597151163e-13,0,0,9.5626380036687e-13,1.1796370553754e-12,9.4895511358113e-13,0,7.9859193998712e-13,7.485093033385e-13,0,8.1519184267394e-13,8.1434871056817e-13
3.65,1267458997.9843,1267458997.9843,1267458997.9843,689681220.20656,689681220.20656,689681220.20656,1,1,1,294202805.87864,4.0221056961505e-05,0.00010768281044376,3.9321110501329e-05,1.031585272076,339.08751036431,339.08751036431,341.63356497816,341.63356497816,339.08751036431,342.43349262353,342.43349262353,342.43349262353,329.89683338454,329.89683338454,329.89683338454,341.63356497816,0.0024670813271135,-4.7401864427532e-20,8.2614611029762e-21,-0.002374542652632,-0.0031244033942924,-0.002700602094761,3.0245111657038e-29,-0.002677171509579,-0.004192731968652,3.7999916350423e-30,-0.0043755331470886,0.0022731558816083,454.11616356163,454.11616356163,456.66221817548,456.66221817548,454.11616356163,457.46214582085,457.46214582085,457.46214582085,444.92548658186,444.92548658186,444.92548658186,456.66221817548,0.037452255762457,0.045200160059921,0.030242244535789,0.035833544138977,669.76234853629,-0.043828707641177,0.002519731655224,6.2033740432277e-05,667.13692822594,-0.00011783354260574,-0.044101331144487,0,2.5694638398975e-10,4.057602179698e-14,0,0,2.7067697058442e-14,8.5803485413884e-14,2.6299585409282e-14,0,1.893622857231e-14,1.4630336053252e-14,0,2.0873032339172e-14,2.1151919078568e-14,1.0138391318441e-12,0,0,9.9454330464913e-13,1.3009815081466e-12,9.8614834395173e-13,0,8.2537181125428e-13,7.6919972300709e-13,0,8.4471076809585e-13,8.442620413993e-13
3.7,1261233408.141,1261233408.141,1261233408.141,683455630.36321,683455630.36321,683455630.36321,1,1,1,298576015.20709,4.1011336639423e-05,0.00010916316151534,4.0172681250744e-05,1.0320891228512,338.2047908445,338.2047908445,340.84319717751,340.84319717751,338.2047908445,341.60197899859,341.60197899859,341.60197899859,328.81547022225,328.81547022225,328.81547022225,340.84319717751,0.0024586595911935,-1.4273370705505e-19,3.0841556304643e-20,-0.0023593302238317,-0.0031310361044911,-0.0027016640963574,1.6935353424804e-28,-0.0026786711085062,-0.0041906760065096,2.5386633287146e-29,-0.0043965331668443,0.0022622353654476,454.268529298,454.268529298,456.906935631,456.906935631,454.268529298,457.66571745209,457.66571745209,457.66571745209,444.87920867575,444.87920867575,444.87920867575,456.906935631,0.037788230629111,0.045861629612049,0.030708576518382,0.036314828027601,669.04050087508,-0.046492334402966,0.0053375959445693,7.6442698858047e-05,666.23347736701,-0.0042110065730829,-0.04641063539342,0,3.230617067373e-10,4.6657487993844e-14,0,0,2.8849110748825e-14,1.0177099751035e-13,2.8078544570286e-14,0,2.0495218040636e-14,1.5462171671463e-14,0,2.2749407769027e-14,2.2761868267671e-14,1.0798227841512e-12,0,0,1.0353421083325e-12,1.4449074330819e-12,1.0258574024947e-12,0,8.5435642657114e-13,7.9106653588861e-13,0,8.7688328909876e-13,8.7645218420839e-13
3.75,1255087884.0001,1255087884.0001,1255087884.0001,677310106.22234,677310106.22234,677310106.22234,1,1,1,302781367.08256,4.1798615026103e-05,0.00011064308634028,4.1029840537377e-05,1.0325929547661,337.32770033088,337.32770033088,340.06228455206,340.06228455206,337.32770033088,340.77495619921,340.77495619921,340.77495619921,327.74674721393,327.74674721393,327.74674721393,340.06228455206,0.0024495244777018,-3.8642400067652e-19,1.0710287549117e-19,-0.0023455400799932,-0.0031359259270036,-0.0027048184472188,9.5928946874184e-28,-0.0026809664386302,-0.0041912879483909,1.5877047441591e-28,-0.0044152128245023,0.0022502431963169,454.41465985736,454.41465985736,457.14924407854,457.14924407854,454.41465985736,457.86191572569,457.86191572569,457.86191572569,444.83370674042,444.83370674042,444.83370674042,457.14924407854,0.037981561506129,0.046523709429041,0.031175348214616,0.036795837937864,668.3282490012,-0.048383299516073,0.002723720405367,-0.00028409447822414,665.33486891924,-0.0033882736991179,-0.049087008774994,0,4.0386650188018e-10,5.3696508445626e-14,0,0,3.073930490469e-14,1.2021956129736e-13,3.00047370924e-14,0,2.22580599725e-14,1.6354402307483e-14,0,2.4877639153797e-14,2.4497755711647e-14,1.1557611146471e-12,0,0,1.0788140502267e-12,1.6149235671312e-12,1.0682905086262e-12,0,8.8583407685636e-13,8.1419515343636e-13,0,9.1206558378988e-13,9.1109724258351e-13
3.8,1249037381.8767,1249037381.8767,1249037381.8767,671259604.09896,671259604.09896,671259604.09896,1,1,1,306817196.13539,4.2582586630068e-05,0.0001121225443271,4.1892264832884e-05,1.0330967817066,336.4581630117,336.4581630117,339.29216180758,339.29216180758,336.4581630117,339.95576955223,339.95576955223,339.95576955223,326.6930890298,326.6930890298,326.6930890298,339.29216180758,0.0024413631787959,-9.4014778736109e-19,3.4739638949338e-19,-0.0023330871931086,-0.0031416199642357,-0.0027062547519635,5.6051489827957e-27,-0.0026830792318931,-0.0041914613634114,9.2766348766159e-28,-0.0044335317850067,0.0022385168329674,454.55408633387,454.55408633387,457.38808512975,457.38808512975,454.55408633387,458.0516928744,458.0516928744,458.0516928744,444.78901235197,444.78901235197,444.78901235197,457.38808512975,0.038262524010923,0.047186387822384,0.031642553390756,0.037276572997714,667.62369136385,-0.051890055838415,0.0017557744153553,-0.00089084709392347,664.43838173491,-9.9962618670543e-05,-0.05189950016479,0,5.0187296715974e-10,6.1782866201725e-14,0,0,3.2739398711873e-14,1.4140433508658e-13,3.2081336228391e-14,0,2.4233974501627e-14,1.7307888650331e-14,0,2.7270858802006e-14,2.6351584792383e-14,1.2431352819519e-12,0,0,1.1251145519089e-12,1.814899495589e-12,1.1136603694195e-12,0,9.2010609226677e-13,8.386722043017e-13,0,9.5063240216524e-13,9.4836401118692e-13
3.85,1243093055.4138,1243093055.4138,1243093055.4138,665315277.63607,665315277.63607,665315277.63607,1,1,1,310688497.99058,4.3362607789349e-05,0.00011360461308899,4.2759528724514e-05,1.0336004984658,335.59753678159,335.59753678159,338.53315723276,338.53315723276,335.59753678159,339.14704966859,339.14704966859,339.14704966859,325.65714333033,325.65714333033,325.65714333033,338.53315723276,0.0024365784937025,-2.0880949595284e-18,1.0524549037258e-18,-0.0023188396229663,-0.0031505981929999,-0.0027068099497854,3.3294478107276e-26,-0.0026827560317689,-0.0041852784923574,5.012585689081e-27,-0.0044513245614149,0.0022270433950808,454.68636387977,454.68636387977,457.62198433094,457.62198433094,454.68636387977,458.23587676678,458.23587676678,458.23587676678,444.74597042852,444.74597042852,444.74597042852,457.62198433094,0.038489110681938,0.04784954762821,0.032110068373326,0.03775703448966,666.94042641284,-0.054149015463058,0.0057289044887843,-0.00075779032045272,663.56057515798,-0.0089431835128694,-0.05271109020633,0,6.1973143810848e-10,7.0983201419295e-14,0,0,3.4882462070143e-14,1.654689700942e-13,3.4308272929065e-14,0,2.646622899795e-14,1.835203685951e-14,0,2.9953580366031e-14,2.8366997361106e-14,1.3435206880997e-12,0,0,1.1744458028575e-12,2.0489079572481e-12,1.1621795942974e-12,0,9.5753499226054e-13,8.6462590372559e-13,0,9.9299316176052e-13,9.884810035788e-13
3.9,1237267013.2101,1237267013.2101,1237267013.2101,659489235.43227,659489235.43227,659489235.43227,1,1,1,314404821.65721,4.4139241026439e-05,0.00011508773151168,4.3627459523975e-05,1.034104147116,334.74708737665,334.74708737665,337.7878305915,337.7878305915,334.74708737665,338.34900553598,338.34900553598,338.34900553598,324.64247931019,324.64247931019,324.64247931019,337.7878305915,0.0024294084594645,-4.2103593035791e-18,2.9989282561664e-18,-0.0023084482794157,-0.0031551127097322,-0.0027105082176321,1.9184479341983e-25,-0.0026857185411877,-0.0041831870084048,2.5601596303549e-26,-0.0044634068648542,0.0022157618864828,454.81093711218,454.81093711218,457.85168032703,457.85168032703,454.81093711218,458.41285527151,458.41285527151,458.41285527151,444.70632904572,444.70632904572,444.70632904572,457.85168032703,0.038486658263889,0.048513196889839,0.032577891256369,0.038237221427152,666.27331978869,-0.057003465320377,0.0041117306371562,-4.4948034641434e-05,662.6924814726,-0.00023559351237146,-0.057521903627041,0,7.604916347913e-10,8.1374159587466e-14,0,0,3.7158190965054e-14,1.9265948836736e-13,3.6715361052328e-14,0,2.8943358864426e-14,1.9436740210083e-14,0,3.2981416646738e-14,3.0505725917114e-14,1.458601128215e-12,0,0,1.2269954204735e-12,2.3213696186171e-12,1.214102955845e-12,0,9.9846708290724e-13,8.9211360533901e-13,0,1.0396359284886e-12,1.0316226149008e-12
3.95,1231562199.6147,1231562199.6147,1231562199.6147,653784421.83691,653784421.83691,653784421.83691,1,1,1,317964534.68555,4.4910375794252e-05,0.00011657069358806,4.4502764693767e-05,1.0346076577113,333.90904946346,333.90904946346,337.05634904819,337.05634904819,333.90904946346,337.56449730096,337.56449730096,337.56449730096,323.64643249192,323.64643249192,323.64643249192,337.05634904819,0.0024255847515326,-7.7556869809661e-18,8.008713676626e-18,-0.0022988188403947,-0.0031641577766965,-0.0027120868253579,1.0530907057283e-24,-0.0026848938792909,-0.0041752838394619,1.2172412622753e-25,-0.0044742992276999,0.002205391282461,454.92902667953,454.92902667953,458.07632626426,458.07632626426,454.92902667953,458.58447451703,458.58447451703,458.58447451703,444.66640970799,444.66640970799,444.66640970799,458.07632626426,0.038717687490284,0.049177246704232,0.033045941683188,0.038717135103519,665.63067019582,-0.060002519900342,0.0038800152886911,-0.00035609158565409,661.84629672171,-0.00246204117427,-0.060108517141118,0,9.2706244575687e-10,9.3024954810162e-14,0,0,3.9582539804326e-14,2.2290692617968e-13,3.9280921603308e-14,0,3.1722763569031e-14,2.0610948255308e-14,0,3.6387739899372e-14,3.281683809352e-14,1.5901582809467e-12,0,0,1.282973585098e-12,2.6366076167673e-12,1.2696545679189e-12,0,1.0433298453825e-12,9.2126188789504e-13,0,1.0910959637584e-12,1.0780326324069e-12
4,1225985263.226,1225985263.226,1225985263.226,648207485.44823,648207485.44823,648207485.44823,1,1,1,321374055.12633,4.5676832686138e-05,0.00011805353223899,4.5380434860421e-05,1.0351110309679,333.08381791204,333.08381791204,336.34006795962,336.34006795962,333.08381791204,336.79338261916,336.79338261916,336.79338261916,322.67173960842,322.67173960842,322.67173960842,336.34006795962,0.0024218750589292,-1.3040970348648e-17,2.0149315074784e-17,-0.002289595146048,-0.0031715977148665,-0.0027137287105004,5.4338052347942e-24,-0.0026840101641768,-0.0041691398933587,5.4113348001629e-25,-0.0044846118862084,0.0021949271526071,455.04010857935,455.04010857935,458.29635862693,458.29635862693,455.04010857935,458.74967328647,458.74967328647,458.74967328647,444.62803027574,444.62803027574,444.62803027574,458.29635862693,0.038732751653132,0.049841656335509,0.033514177557806,0.039196774700797,665.01229247788,-0.062045155401729,0.0028440282771792,-0.00098858216846565,661.0212445084,-0.0017866609387524,-0.06346843438913,0,1.1225459014143e-09,1.0591682671523e-13,0,0,4.2157625813353e-14,2.5624473399894e-13,4.2024814789611e-14,0,3.481070964165e-14,2.1848546647344e-14,0,4.0207527376995e-14,3.5281740300359e-14,1.7399472937709e-12,0,0,1.3425934712807e-12,2.9989923948753e-12,1.3290866309506e-12,0,1.0925596230736e-12,9.5216039888185e-13,0,1.1479579942844e-12,1.1279285480438e-12
4.025,1223516542.3113,1223516542.3113,1223516542.3113,645738764.5335,645738764.5335,645738764.5335,1,1,1,323023531.14377,4.6058844381478e-05,0.00011879494342936,4.5827527696421e-05,1.0353641180625,332.71920813882,332.71920813882,336.02187541414,336.02187541414,332.71920813882,336.45019449962,336.45019449962,336.45019449962,322.23651056862,322.23651056862,322.23651056862,336.02187541414,0.0024319090981427,-1.6466310383153e-17,3.1277226211504e-17,-0.0022895933250381,-0.0031934505700113,-0.0027245608603564,1.2079897824565e-23,-0.0026975871339565,-0.0042028027075948,1.135457495845e-24,-0.0045282170124085,0.0021941602303187,455.1064151957,455.1064151957,458.40908247102,458.40908247102,455.1064151957,458.83740155651,458.83740155651,458.83740155651,444.6237176255,444.6237176255,444.6237176255,458.40908247102,0.038794464477193,0.05017459605184,0.033748995464583,0.039436485197366,664.52014819712,-0.06381750816402,0.011201372254659,-0.0035248241767243,660.41670082191,-1.0384758949801e-05,-0.065104473534715,0,1.2280962421318e-09,5.6494047734177e-14,0,0,2.1703983206862e-14,1.3700233464796e-13,2.1706122281947e-14,0,1.817613088726e-14,1.1224004113487e-14,0,2.1097954513657e-14,1.8228377423113e-14,1.8198419422699e-12,0,0,1.3732875386893e-12,3.1927429546112e-12,1.3597837234682e-12,0,1.1182645538858e-12,9.6803353772328e-13,0,1.177795007696e-12,1.1537073666156e-12
4.075,1218102110.636,1218102110.636,1218102110.636,640324332.85821,640324332.85821,640324332.85821,1,1,1,326414776.87118,4.6819258370799e-05,0.0001202775410224,4.6710823860042e-05,1.0358656832589,331.90898265423,331.90898265423,335.32570215085,335.32570215085,331.90898265423,335.69734133881,335.69734133881,335.69734133881,321.2864072885,321.2864072885,321.2864072885,335.32570215085,0.0024107961437238,-2.4507301222193e-17,7.3239889256821e-17,-0.0022700703868676,-0.0031748424561751,-0.0027059763734516,5.6359272758362e-23,-0.0026768498735922,-0.004139540536525,4.5516815602323e-24,-0.0044834618156994,0.0021743340323703,455.20859562236,455.20859562236,458.62531511898,458.62531511898,455.20859562236,458.99695430694,458.99695430694,458.99695430694,444.58602025664,444.58602025664,444.58602025664,458.62531511898,0.039193010885428,0.050838940072329,0.034216900978872,0.03991571870017,664.15343256892,-0.067378143198945,0.010486466851081,-0.00060664371212577,659.84346552308,0.0015730485415096,-0.067110658459636,0,1.4737272495222e-09,1.282841908049e-13,0,0,4.6405381951246e-14,3.1309766016521e-13,4.6567007570793e-14,0,4.0105882278207e-14,2.3853104120863e-14,0,4.6830715496267e-14,3.9341421769461e-14,2.0012631847443e-12,0,0,1.4389146592119e-12,3.6355299119641e-12,1.425639417134e-12,0,1.1749828365346e-12,1.0017669210757e-12,0,1.2440236406864e-12,1.209344538845e-12
4.125,1212844710.4754,1212844710.4754,1212844710.4754,635066932.69766,635066932.69766,635066932.69766,1,1,1,329627740.8057,4.7572268877103e-05,0.00012175981670443,4.7591502645515e-05,1.0363683958083,331.11817070141,331.11817070141,334.64615615709,334.64615615709,331.11817070141,334.96261686545,334.96261686545,334.96261686545,320.36588818126,320.36588818126,320.36588818126,334.64615615709,0.0024224488958475,-3.3698386131283e-17,1.6008204389267e-16,-0.0022717417484229,-0.0031985930277847,-0.0027164085593606,2.4087355420972e-22,-0.0026811517674113,-0.0041304623763905,1.7093352538778e-23,-0.0044947363391291,0.0021709146350141,455.30187783102,455.30187783102,458.82986328669,458.82986328669,455.30187783102,459.14632399506,459.14632399506,459.14632399506,444.54959531087,444.54959531087,444.54959531087,458.82986328669,0.038411829593086,0.051503902068713,0.034685248541236,0.040394680633395,663.63459324318,-0.069808417946193,0.0095038127452299,0.0032212286653259,659.11449590787,-0.0082668136790418,-0.06905528065745,0,1.7561903637952e-09,1.4460549256174e-13,0,0,4.9421638749644e-14,3.5417041238293e-13,4.9724589642854e-14,0,4.4130638777003e-14,2.5275245790633e-14,0,5.1893581205439e-14,4.2294547399845e-14,2.2057662335187e-12,0,0,1.5088074110063e-12,4.1364025125474e-12,1.4959606061904e-12,0,1.2373929844092e-12,1.0375115164651e-12,0,1.3174122470273e-12,1.2691580613923e-12
4.175,1207709074.3975,1207709074.3975,1207709074.3975,629931296.61972,629931296.61972,629931296.61972,1,1,1,332693219.18265,4.8321268192205e-05,0.00012324204117608,4.8474640029345e-05,1.0368711910022,330.34071110437,330.34071110437,333.9798382015,333.9798382015,330.34071110437,334.24140777323,334.24140777323,334.24140777323,319.46706770372,319.46706770372,319.46706770372,333.9798382015,0.0024212246477882,-4.2676281177757e-17,3.3060496105429e-16,-0.0022671078136653,-0.0032055970416876,-0.0027183479989987,9.5796448460945e-22,-0.0026796345130373,-0.0041283764589393,6.151667643657e-23,-0.0045042078078226,0.0021613823859653,455.38911871722,455.38911871722,459.02824581434,459.02824581434,455.38911871722,459.28981538608,459.28981538608,459.28981538608,444.51547531656,444.51547531656,444.51547531656,459.02824581434,0.038174324808925,0.052169173315579,0.03515371427147,0.040873365925955,663.10936011632,-0.073795232292409,0.0035791499054865,0.00048825822745366,658.37435798201,-0.0038721055098524,-0.073940079266269,0,2.0778257018327e-09,1.625359568363e-13,0,0,5.2556152055041e-14,3.9726380752654e-13,5.3090096169892e-14,0,4.8476674598051e-14,2.6726816315621e-14,0,5.7524252753566e-14,4.5376036779612e-14,2.4356267880499e-12,0,0,1.5831330340287e-12,4.6982183769914e-12,1.5710413402215e-12,0,1.3059493550845e-12,1.0753089425777e-12,0,1.3987638254368e-12,1.3333294680128e-12
4.225,1202699784.3474,1202699784.3474,1202699784.3474,624922006.56966,624922006.56966,624922006.56966,1,1,1,335630690.63764,4.9065113885985e-05,0.00012472406529928,4.9359027567438e-05,1.0373738305085,329.57865179427,329.57865179427,333.3275500867,333.3275500867,329.57865179427,333.53504394693,333.53504394693,333.53504394693,318.58936262036,318.58936262036,318.58936262036,333.3275500867,0.0024227731960649,-4.9647520268838e-17,6.4826684322085e-16,-0.0022618645579817,-0.0032148679103522,-0.002718491198497,3.5551980922384e-21,-0.0026772147788744,-0.0041181299042369,2.1052617067429e-22,-0.0045084712650153,0.0021520070976597,455.47131327587,455.47131327587,459.22021156829,459.22021156829,455.47131327587,459.42770542853,459.42770542853,459.42770542853,444.48202410196,444.48202410196,444.48202410196,459.22021156829,0.038334847468128,0.052834613520514,0.035622172583112,0.041351778317237,662.60856927977,-0.076314222210848,0.0031399905398827,-0.0010696215336803,657.6588580788,-0.0012365848448588,-0.076912740643281,0,2.4409708223191e-09,1.8192695808712e-13,0,0,5.589011815797e-14,4.424875113543e-13,5.6644500148958e-14,0,5.3232497965798e-14,2.8243050815903e-14,0,6.3788823363499e-14,4.864299784982e-14,2.692910359538e-12,0,0,1.6621735971303e-12,5.3239902167293e-12,1.651148760566e-12,0,1.3812314756668e-12,1.1152506480844e-12,0,1.4889748445652e-12,1.4021210552865e-12
4.275,1197818789.7233,1197818789.7233,1197818789.7233,620041011.94551,620041011.94551,620041011.94551,1,1,1,338440956.03617,4.9803671383984e-05,0.00012620587726627,5.0242789284542e-05,1.0378762591959,328.83203568782,328.83203568782,332.68996561221,332.68996561221,328.83203568782,332.84477385398,332.84477385398,332.84477385398,317.73277221713,317.73277221713,317.73277221713,332.68996561221,0.0024258465956055,-5.3601906097685e-17,1.2128293744966e-15,-0.0022585599541148,-0.0032258464941056,-0.0027202347167208,1.2317701870686e-20,-0.0026750175109923,-0.0041020884586803,6.8817701544136e-22,-0.0045078353400802,0.0021436746408128,455.54779215936,455.54779215936,459.40572208376,459.40572208376,455.54779215936,459.56053032552,459.56053032552,459.56053032552,444.44852868867,444.44852868867,444.44852868867,459.40572208376,0.038221292556928,0.053500157326913,0.03609055259242,0.041829920618317,662.13908264929,-0.078798701748522,0.0030095489767961,-0.00084701438562233,656.9742980647,-0.001010710223308,-0.079323352422656,0,2.8480236271379e-09,2.0287327911626e-13,0,0,5.9438783498055e-14,4.9003869436175e-13,6.0392625660357e-14,0,5.8441367842086e-14,2.9832365279461e-14,0,7.0794431631937e-14,5.2127855762392e-14,2.9798165023073e-12,0,0,1.7462327308843e-12,6.0170095843833e-12,1.7365568308422e-12,0,1.4638800506727e-12,1.1574399836603e-12,0,1.5890932899196e-12,1.4758409758831e-12
4.325,1193060796.4376,1193060796.4376,1193060796.4376,615283018.65984,615283018.65984,615283018.65984,1,1,1,341123303.62465,5.053699970102e-05,0.00012768751690369,5.1128145095686e-05,1.0383785373629,328.09960677596,328.09960677596,332.06678259905,332.06678259905,328.09960677596,332.16887721553,332.16887721553,332.16887721553,316.89819015417,316.89819015417,316.89819015417,332.06678259905,0.0024296330794751,-5.4492367718077e-17,2.1647036071694e-15,-0.0022543550048607,-0.0032372781343373,-0.0027215385335554,4.0101337471011e-20,-0.0026732368051638,-0.0040854301439755,2.1657588602423e-21,-0.0045098108772699,0.0021358868693324,455.61792696643,455.61792696643,459.58510278951,459.58510278951,455.61792696643,459.687197406,459.687197406,459.687197406,444.41651034463,444.41651034463,444.41651034463,459.58510278951,0.037971495954134,0.054165806613569,0.036558858806444,0.042307792397345,661.69284495824,-0.083406425381091,0.010933148902559,-0.001558188693098,656.31057585398,-0.0019229025826371,-0.083436756420062,0,3.300877450616e-09,2.2578861154848e-13,0,0,6.3237074428677e-14,5.3950155141886e-13,6.4289465625457e-14,0,6.4079127030271e-14,3.1488603340438e-14,0,7.8527653267957e-14,5.5845247933957e-14,3.2991298189885e-12,0,0,1.8356634591861e-12,6.7799799953212e-12,1.8274758650474e-12,0,1.5545016211839e-12,1.2019715935645e-12,0,1.7001481621925e-12,1.5548180829054e-12
4.375,1188426814.3965,1188426814.3965,1188426814.3965,610649036.61872,610649036.61872,610649036.61872,1,1,1,343689634.48933,5.1266223935726e-05,0.0001291689511768,5.2009733289111e-05,1.0388806109625,327.3812788306,327.3812788306,331.45796641965,331.45796641965,327.3812788306,331.50906975453,331.50906975453,331.50906975453,316.0855473116,316.0855473116,316.0855473116,331.45796641965,0.0024331737389793,-5.1671155730042e-17,3.684724071446e-15,-0.002253686577287,-0.0032463810748382,-0.0027251722611491,1.2227857675028e-19,-0.0026699009264694,-0.0040709201954971,6.5270380719402e-21,-0.0045063757808732,0.0021270944062798,455.68090429021,455.68090429021,459.75759187926,459.75759187926,455.68090429021,459.80869521414,459.80869521414,459.80869521414,444.38517277121,444.38517277121,444.38517277121,459.75759187926,0.037599244228528,0.054831493074653,0.037027013453725,0.042785393693209,661.27564750969,-0.086211648166489,0.0022942412203021,-0.0014362635437234,655.67765074399,0.000635965881416,-0.086590600696657,0,3.8003230646968e-09,2.5028589544296e-13,0,0,6.719138010733e-14,5.895558722812e-13,6.8376596909184e-14,0,7.025150100741e-14,3.3203504240386e-14,0,8.7238296519243e-14,5.9797611444308e-14,3.6530875267947e-12,0,0,1.9306864202084e-12,7.613737905678e-12,1.9241749757453e-12,0,1.6538522466857e-12,1.2489284395796e-12,0,1.8235217442883e-12,1.6393846760074e-12
4.425,1183916644.3667,1183916644.3667,1183916644.3667,606138866.58895,606138866.58895,606138866.58895,1,1,1,346136840.53958,5.1990302122508e-05,0.00013065017415922,5.2889326661046e-05,1.0393824690135,326.67894510106,326.67894510106,330.86426940076,330.86426940076,326.67894510106,330.86386316923,330.86386316923,330.86386316923,315.29409576295,315.29409576295,315.29409576295,330.86426940076,0.0024388756414101,-4.6396468551127e-17,5.9883801841766e-15,-0.0022525153069102,-0.0032570531497508,-0.0027277745916844,3.5165108107146e-19,-0.0026673703639143,-0.0040518856517774,1.8798466858235e-20,-0.0045021301708913,0.002120013773763,455.73888582784,455.73888582784,459.92421012754,459.92421012754,455.73888582784,459.92380389601,459.92380389601,459.92380389601,444.35403648973,444.35403648973,444.35403648973,459.92421012754,0.037488331927338,0.055497166332168,0.037494981869914,0.043262727428729,660.888804177,-0.089571356949663,0.0024058645867224,-0.0010025523144786,655.07542750688,0.00031775893863671,-0.090053185131107,0,4.3468958915881e-09,2.7684611086665e-13,0,0,7.1426934590736e-14,6.4040476723511e-13,7.2612274291094e-14,0,7.6894771380769e-14,3.500484574655e-14,0,9.6847858732487e-14,6.3984546924341e-14,4.0446070514725e-12,0,0,2.0316993598254e-12,8.5194070129103e-12,2.0268642388426e-12,0,1.7625978752479e-12,1.2984327671831e-12,0,1.9604852995946e-12,1.7298724900501e-12
4.475,1179523806.398,1179523806.398,1179523806.398,601746028.62024,601746028.62024,601746028.62024,1,1,1,348471711.42704,5.2709792570074e-05,0.00013213119153743,5.3766469025543e-05,1.0398841382472,325.99069135041,325.99069135041,330.28420411139,330.28420411139,325.99069135041,330.2331999253,330.2331999253,330.2331999253,314.52427705787,314.52427705787,314.52427705787,330.28420411139,0.0024449598824712,-3.9592445449935e-17,9.3002992996187e-15,-0.0022514510947789,-0.0032665380421953,-0.0027296697795806,9.5629735525317e-19,-0.0026646021045603,-0.0040348905388072,5.1762042882102e-20,-0.0044987401121918,0.0021129120410892,455.79037371601,455.79037371601,460.08388647698,460.08388647698,455.79037371601,460.03288229089,460.03288229089,460.03288229089,444.32395942347,444.32395942347,444.32395942347,460.08388647698,0.03714967819337,0.056162810706756,0.037962753423079,0.043739792398718,660.52788326972,-0.092540302794349,0.0023562806092406,-0.0017649393825265,654.50074524835,0.00066584514274407,-0.093163631826342,0,4.9402009352616e-09,3.0559750434464e-13,0,0,7.5901867606245e-14,6.9103933445211e-13,7.7001584483397e-14,0,8.4025708081968e-14,3.6882530962293e-14,0,1.0745967920634e-13,6.8395724839014e-14,4.4767871867441e-12,0,0,2.1390408104036e-12,9.4966842118257e-12,2.1357609239432e-12,0,1.8814281712054e-12,1.3505925426846e-12,0,2.1124562353365e-12,1.8265986517258e-12
4.525,1175246546.9758,1175246546.9758,1175246546.9758,597468769.19801,597468769.19801,597468769.19801,1,1,1,350701276.81607,5.3424790704061e-05,0.00013361200042842,5.4640375724766e-05,1.0403856065601,325.31680986058,325.31680986058,329.71768560328,329.71768560328,325.31680986058,329.6176706002,329.6176706002,329.6176706002,313.77487937492,313.77487937492,313.77487937492,329.71768560328,0.0024518303153093,-3.2308751281068e-17,1.3821217372974e-14,-0.0022512657630893,-0.0032759997828875,-0.0027318611003595,2.4616477970156e-18,-0.002662369074345,-0.0040162890448284,1.3598805714253e-19,-0.004493407108023,0.0021062563301599,455.83568100218,455.83568100218,460.23655674488,460.23655674488,455.83568100218,460.1365417418,460.1365417418,460.1365417418,444.29375051652,444.29375051652,444.29375051652,460.23655674488,0.036886271604426,0.056828384531628,0.038430290628202,0.044216590200063,660.1940946585,-0.095994184918441,0.0023716464830626,-0.0018236314043063,653.95455362534,0.0009907331720433,-0.096562443337866,0,5.5792351871478e-09,3.3679643542484e-13,0,0,8.0636211957769e-14,7.4094698101846e-13,8.1531663725823e-14,0,9.1659376821655e-14,3.8846827688381e-14,0,1.1917189381344e-13,7.3033365063908e-14,4.9530892734808e-12,0,0,2.2530776349727e-12,1.0544541481381e-11,2.2510641085471e-12,0,2.0110541050253e-12,1.4055302532567e-12,0,2.2809907438211e-12,1.9298834271049e-12
4.575,1171078593.3841,1171078593.3841,1171078593.3841,593300815.60634,593300815.60634,593300815.60634,1,1,1,352829103.78534,5.4134451259024e-05,0.0001350924908708,5.5509119856964e-05,1.040886851475,324.65642998637,324.65642998637,329.16364040726,329.16364040726,324.65642998637,329.0165937652,329.0165937652,329.0165937652,313.04544728756,313.04544728756,313.04544728756,329.16364040726,0.0024625886820006,-2.5725354108697e-17,1.9652271413019e-14,-0.0022509899098861,-0.0032876706357258,-0.0027338683748196,6.0059947317879e-18,-0.0026606104579098,-0.0039930580252568,3.3839489481995e-19,-0.0044844719853906,0.0021004220693021,455.87485614254,455.87485614254,460.38206656344,460.38206656344,455.87485614254,460.23501992137,460.23501992137,460.23501992137,444.26387344373,444.26387344373,444.26387344373,460.38206656344,0.036850454990504,0.05749382434463,0.038897525277044,0.044693123711556,659.88927108808,-0.09810849657671,0.0062250259143965,0.001564609891876,653.44085509027,-0.0010624992941657,-0.099017885134904,0,6.2621508578973e-09,3.7064712758872e-13,0,0,8.5678908881297e-14,7.896178786031e-13,8.6169612998532e-14,0,9.9780426396927e-14,4.0915133971522e-14,0,1.3197533167133e-13,7.7895473386283e-14,5.4772634681714e-12,0,0,2.3742459099219e-12,1.1661229794394e-11,2.3729263439141e-12,0,2.1521649372952e-12,1.4633929906255e-12,0,2.4676320477694e-12,2.0400442620153e-12
4.625,1167011272.0706,1167011272.0706,1167011272.0706,589233494.29283,589233494.29283,589233494.29283,1,1,1,354856730.75697,5.4840569296454e-05,0.00013657283621094,5.6374229438123e-05,1.0413879545338,324.00781202883,324.00781202883,328.62112571115,328.62112571115,324.00781202883,328.42865194002,328.42865194002,328.42865194002,312.33542955053,312.33542955053,312.33542955053,328.62112571115,0.0024694395840564,-2.0843965709417e-17,2.65715886042e-14,-0.0022519373112746,-0.0032955212759096,-0.0027368293544105,1.3963870808097e-17,-0.0026564013073078,-0.0039765653730068,8.0508109924831e-19,-0.0044807081922843,0.0020945092093971,455.90728807116,455.90728807116,460.52060175349,460.52060175349,455.90728807116,460.32812798236,460.32812798236,460.32812798236,444.23490559286,444.23490559286,444.23490559286,460.52060175349,0.036776819702805,0.058159161675259,0.039364479867672,0.045169390006707,659.60247510849,-0.10132953366453,0.0025925373875462,-0.00087810711552915,652.94673807505,-0.0063601977976528,-0.10301917644463,0,6.9859462030446e-09,4.0754054946541e-13,0,0,9.091891154397e-14,8.3599784698752e-13,9.0904965268416e-14,0,1.084132160602e-13,4.3085457463854e-14,0,1.4607736772364e-13,8.2962445985387e-14,6.0536128404424e-12,0,0,2.5028246677036e-12,1.2843509287719e-11,2.5014853786837e-12,0,2.305484377788e-12,1.524325028912e-12,0,2.6742166423599e-12,2.1573708782954e-12
4.675,1163041486.414,1163041486.414,1163041486.414,585263708.63626,585263708.63626,585263708.63626,1,1,1,356793716.20269,5.5541693045011e-05,0.00013805532721168,5.7235607330029e-05,1.0418888576588,323.37160650118,323.37160650118,328.09016493493,328.09016493493,323.37160650118,327.8541231985,327.8541231985,327.8541231985,311.64248342369,311.64248342369,311.64248342369,328.09016493493,0.0024784732272268,-1.8607222268942e-17,3.440933865317e-14,-0.0022547189607231,-0.0033038769348345,-0.0027391894317672,3.0905077808669e-17,-0.0026562499406166,-0.0039561620058791,1.8310481610568e-18,-0.0044684922729698,0.0020901571249004,455.9341957159,455.9341957159,460.65275414964,460.65275414964,455.9341957159,460.41671241321,460.41671241321,460.41671241321,444.2050726384,444.2050726384,444.2050726384,460.65275414964,0.036675362227482,0.058824326152349,0.039831084317941,0.045645393112504,659.34136414411,-0.10538415675045,0.0051642326697409,7.8009913548054e-05,652.47955585117,-0.0017408351825382,-0.10886054391405,0,7.7483325582252e-09,4.4774140359781e-13,0,0,9.6535752542493e-14,8.8078059167601e-13,9.5782747406275e-14,0,1.1747592047492e-13,4.5344813212881e-14,0,1.6149996252313e-13,8.8169486897221e-14,6.6868148058464e-12,0,0,2.6393468382031e-12,1.4089121145942e-11,2.636942639107e-12,0,2.4716204177759e-12,1.5884522787409e-12,0,2.9026120796829e-12,2.282061362453e-12
4.725,1159172792.1575,1159172792.1575,1159172792.1575,581395014.37971,581395014.37971,581395014.37971,1,1,1,358640136.30575,5.6235634972366e-05,0.00013954170213389,5.8093001165038e-05,1.0423895464853,322.74795997264,322.74795997264,327.57061946962,327.57061946962,322.74795997264,327.29298737669,327.29298737669,327.29298737669,310.96933245218,310.96933245218,310.96933245218,327.57061946962,0.0024939426472924,-2.0099643706261e-17,4.173707428006e-14,-0.0022569149526008,-0.0033199697336538,-0.0027401385782697,6.5921187221154e-17,-0.0026580450674346,-0.0039238565302612,3.9915147700051e-18,-0.0044512538705248,0.0020878707976202,455.95467259164,455.95467259164,460.77733208862,460.77733208862,455.95467259164,460.49969999568,460.49969999568,460.49969999568,444.17604507117,444.17604507117,444.17604507117,460.77733208862,0.036795675785867,0.059489265705234,0.040297305252,0.046121140211832,659.10614999432,-0.11007317363852,0.024926901745916,0.0069286721090381,652.04276303653,-0.0033624271686728,-0.11154698453601,0,8.5437580596077e-09,4.9236636221072e-13,0,0,1.0252036656703e-13,9.2189594478328e-13,1.0069288031954e-13,0,1.2703755051169e-13,4.7745901259916e-14,0,1.7800849500305e-13,9.3511536042049e-14,7.3831259929411e-12,0,0,2.7843325310216e-12,1.5392878894151e-11,2.7793438760893e-12,0,2.6512786446402e-12,1.6559751798504e-12,0,3.1543541075338e-12,2.414306644962e-12
4.775,1155394148.5062,1155394148.5062,1155394148.5062,577616370.72842,577616370.72842,577616370.72842,1,1,1,360395066.05237,5.6930978236513e-05,0.00014102835385374,5.8944914785656e-05,1.0428901934411,322.13552599992,322.13552599992,327.06134934671,327.06134934671,322.13552599992,326.74383671453,326.74383671453,326.74383671453,310.31368863845,310.31368863845,310.31368863845,327.06134934671,0.0024944531690565,-2.7011590289245e-17,4.7142102860541e-14,-0.0022590376213766,-0.0033190889479345,-0.0027436941379957,1.3459543549842e-16,-0.0026519867626311,-0.0039217760702392,8.2427375961417e-18,-0.0044551813645947,0.0020796550719062,455.96910399707,455.96910399707,460.89492734386,460.89492734386,455.96910399707,460.57741471168,460.57741471168,460.57741471168,444.14726663561,444.14726663561,444.14726663561,460.89492734386,0.036772533979577,0.060154112555909,0.040763240488016,0.046596611683898,658.87364520299,-0.11280620358626,0.004746261127484,-0.0018701631784154,651.61382407934,-0.0040681020830257,-0.11379584309411,0,9.3695709481434e-09,5.4078480203793e-13,0,0,1.08523934174e-13,9.6015452248166e-13,1.0579409847196e-13,0,1.3710568175763e-13,5.0227832785956e-14,0,1.9636298413319e-13,9.9113728156503e-14,8.1479111943084e-12,0,0,2.9378085505726e-12,1.6750742441819e-11,2.9289593249674e-12,0,2.8451753592602e-12,1.7270080621849e-12,0,3.4320533028431e-12,2.5544746235383e-12
4.825,1151704900.356,1151704900.356,1151704900.356,573927122.57821,573927122.57821,573927122.57821,1,1,1,362081623.89529,5.762057722348e-05,0.00014251491121793,5.9791598677781e-05,1.0433906317008,321.53616393825,321.53616393825,326.56262691355,326.56262691355,321.53616393825,326.20637590076,326.20637590076,326.20637590076,309.67347350312,309.67347350312,309.67347350312,326.56262691355,0.0025040691152407,-4.1398453524381e-17,4.6996820178309e-14,-0.0022617531564013,-0.0033258636903242,-0.002745161362413,2.6424297139121e-16,-0.0026522731313744,-0.0039032866478412,1.6503326726494e-17,-0.0044424585259968,0.002074850502051,455.97945718019,455.97945718019,461.00592015548,461.00592015548,455.97945718019,460.64966914269,460.64966914269,460.64966914269,444.11676674506,444.11676674506,444.11676674506,461.00592015548,0.036540722029185,0.060818716547908,0.041228763366561,0.047071821616525,658.66706026293,-0.11629477654432,0.0037301731024415,-0.0018966011915858,651.2136023528,0.0012793435041324,-0.11693854475725,0,1.0219724730413e-08,5.9405139136171e-13,0,0,1.1495596401131e-13,9.938629448583e-13,1.1101098277039e-13,0,1.4749419700034e-13,5.2847745550304e-14,0,2.1626182951762e-13,1.0475692605595e-13,8.9880267287187e-12,0,0,3.1003808339531e-12,1.8156276897577e-11,3.0859525623737e-12,0,3.0537636530295e-12,1.801746060683e-12,0,3.7378937151705e-12,2.7026232891191e-12
4.875,1148105559.768,1148105559.768,1148105559.768,570327781.99017,570327781.99017,570327781.99017,1,1,1,363689625.88112,5.830611431766e-05,0.00014400141300209,6.0633233938601e-05,1.0438908922118,320.94895975912,320.94895975912,326.07442841769,326.07442841769,320.94895975912,325.68097128844,325.68097128844,325.68097128844,309.05023592158,309.05023592158,309.05023592158,326.07442841769,0.0025140425835615,-6.6941533184194e-17,3.5701562982933e-14,-0.0022634895676791,-0.0033338240995208,-0.0027466735126515,5.0196675126766e-16,-0.0026512850852915,-0.0038840966208005,3.1720844054131e-17,-0.0044319321638012,0.0020706094144398,455.98457667459,455.98457667459,461.11004533316,461.11004533316,455.98457667459,460.7165882039,460.7165882039,460.7165882039,444.08585283705,444.08585283705,444.08585283705,461.11004533316,0.036538646400907,0.061483063671298,0.041693864560598,0.047546769693881,658.48073486138,-0.11934241701307,0.0042703976775594,-0.0017721275829907,650.83848605756,-0.0003564367751029,-0.11976828575724,0,1.1089139422403e-08,6.5239265904096e-13,0,0,1.2173658293435e-13,1.0238523493066e-12,1.1632239810265e-13,0,1.5833140231212e-13,5.5644504686169e-14,0,2.3766752132777e-13,1.1052567991025e-13,9.9106492751271e-12,0,0,3.2725423605758e-12,1.9604222775834e-11,3.2504572753782e-12,0,3.2776780695288e-12,1.8804392738817e-12,0,4.0740063471678e-12,2.8589302046387e-12
4.925,1144590127.3208,1144590127.3208,1144590127.3208,566812349.543,566812349.543,566812349.543,1,1,1,365224654.19435,5.8987031289568e-05,0.00014548782473425,6.1468447603002e-05,1.0443909796441,320.3728857744,320.3728857744,325.59628287826,325.59628287826,320.3728857744,325.1671377464,325.1671377464,325.1671377464,308.44270046966,308.44270046966,308.44270046966,325.59628287826,0.002525674811245,-1.0856368445846e-16,4.1038303523974e-15,-0.0022666683362689,-0.0033422191789892,-0.002749529256699,9.2240571658567e-16,-0.0026511138922895,-0.0038620443117664,5.8756858916658e-17,-0.0044177757256693,0.0020673386487477,455.98417854985,455.98417854985,461.2075756537,461.2075756537,455.98417854985,460.77843052185,460.77843052185,460.77843052185,444.0539932451,444.0539932451,444.0539932451,461.2075756537,0.036444508596226,0.062147120179891,0.042158514771483,0.048021459053921,658.31342322672,-0.12251529228262,0.0063669160665075,-0.00025511485222367,650.48690956562,-0.002357982160088,-0.12308774541938,0,1.1973000461694e-08,7.1633232342559e-13,0,0,1.2888157987892e-13,1.0501477736249e-12,1.2170421146573e-13,0,1.6958450612001e-13,5.8619448407821e-14,0,2.6068430399219e-13,1.1635441575379e-13,1.0923696162082e-11,0,0,3.4548084387806e-12,2.108935599979e-11,3.422573021831e-12,0,3.5175067780521e-12,1.9633396928389e-12,0,4.4426696253714e-12,3.0234801974397e-12
4.975,1141153747.0664,1141153747.0664,1141153747.0664,563375969.28859,563375969.28859,563375969.28859,1,1,1,366687680.3526,5.9664943394237e-05,0.00014697421307209,6.2299570425019e-05,1.0448909566018,319.80780797,319.80780797,325.12747459045,325.12747459045,319.80780797,324.66360664809,324.66360664809,324.66360664809,307.85040498453,307.85040498453,307.85040498453,325.12747459045,0.0025329581683579,-1.7497094976983e-16,-6.3472908800353e-14,-0.0022698611104947,-0.0033457779557567,-0.0027526772383919,1.6449830924969e-15,-0.0026497772596123,-0.0038482389841191,1.0565889483612e-16,-0.0044085494568114,0.0020638292033118,455.97860846167,455.97860846167,461.29827508212,461.29827508212,455.97860846167,460.83440713976,460.83440713976,460.83440713976,444.0212054762,444.0212054762,444.0212054762,461.29827508212,0.036315181112769,0.062810925279595,0.042622752855628,0.048495885268644,658.15675699904,-0.12503804847532,0.0044880154827017,-0.0020962071974446,650.15064867453,0.00014996734449493,-0.1272293074482,0,1.2864897563231e-08,7.8588205823204e-13,0,0,1.3633676849708e-13,1.0710826834446e-12,1.2725196778955e-13,0,1.8115721429823e-13,6.1733025176367e-14,0,2.8551296983954e-13,1.2222287638684e-13,1.2035101227259e-11,0,0,3.6476177458393e-12,2.2604095657141e-11,3.6025344805176e-12,0,3.7737017674344e-12,2.0506433742896e-12,0,4.8464459395519e-12,3.1963294468582e-12
5.025,1137794142.1033,1137794142.1033,1137794142.1033,560016364.32556,560016364.32556,560016364.32556,1,1,1,368087005.07291,6.0338837810093e-05,0.00014846056604326,6.3124767482895e-05,1.0453907944798,319.25414978732,319.25414978732,324.66783194673,324.66783194673,319.25414978732,324.17010488179,324.17010488179,324.17010488179,307.27223680184,307.27223680184,307.27223680184,324.66783194673,0.0025433753608599,-2.7905602409195e-16,-1.9070980444878e-13,-0.0022730441244472,-0.0033522701890361,-0.0027545786221832,2.8585869090537e-15,-0.0026495604345506,-0.0038307435361988,1.8414560383322e-16,-0.0043958845729518,0.0020601465562565,455.96863909736,455.96863909736,461.38232125676,461.38232125676,455.96863909736,460.88459419182,460.88459419182,460.88459419182,443.98672611188,443.98672611188,443.98672611188,461.38232125676,0.036238508624224,0.063474440954532,0.043086548780262,0.048970051358836,658.0141727556,-0.12953902171374,0.0035710746873175,-0.0021428402490236,649.83302222432,0.00099686917330922,-0.13078016103754,0,1.3760090069589e-08,8.6153794309935e-13,0,0,1.4411640332281e-13,1.0878863709576e-12,1.3293128180719e-13,0,1.9310257628179e-13,6.5048757742412e-14,0,3.1207426550018e-13,1.2810354864138e-13,1.3253499870889e-11,0,0,3.8514291179789e-12,2.414259931727e-11,3.790527702113e-12,0,4.0467900497412e-12,2.1426362097045e-12,0,5.2877855982899e-12,3.377495222735e-12
5.075,1134504405.5449,1134504405.5449,1134504405.5449,556726627.76716,556726627.76716,556726627.76716,1,1,1,369422304.07516,6.1008713496687e-05,0.00014994681023999,6.3944716870374e-05,1.0458904858797,318.7098674658,318.7098674658,324.21646867461,324.21646867461,318.7098674658,323.68642601168,323.68642601168,323.68642601168,306.70738068255,306.70738068255,306.70738068255,324.21646867461,0.0025538127416803,-4.4107131362809e-16,-4.1247995742091e-13,-0.0022742135659477,-0.0033593269030295,-0.0027574278733064,4.8306183008531e-15,-0.0026492586598421,-0.0038116939051606,3.1061451261237e-16,-0.0043844702490687,0.0020568400631629,455.9534049264,455.9534049264,461.46000613521,461.46000613521,455.9534049264,460.92996347228,460.92996347228,460.92996347228,443.95091814315,443.95091814315,443.95091814315,461.46000613521,0.036091449722758,0.064137620447787,0.04354987518125,0.04944395885895,657.88558973092,-0.13124450508298,0.0050385182601392,0.00026032436985032,649.53703135653,-0.004224990325274,-0.13287872325638,0,1.4653331202788e-08,9.4243409465984e-13,0,0,1.5228588602103e-13,1.1002824340463e-12,1.3862869507161e-13,0,2.053080655047e-13,6.8596359659506e-14,0,3.4011655303013e-13,1.3397847133559e-13,1.45863029492e-11,0,0,4.0667938833478e-12,2.5698633657939e-11,3.9865782828173e-12,0,4.3371395004426e-12,2.2396461118644e-12,0,5.7687830403727e-12,3.5669693939638e-12
5.125,1131284918.4064,1131284918.4064,1131284918.4064,553507140.62857,553507140.62857,553507140.62857,1,1,1,370697661.02656,6.1674979909068e-05,0.00015143301227946,6.4760009483889e-05,1.0463900669237,318.17571572684,318.17571572684,323.77390717924,323.77390717924,318.17571572684,323.21157110647,323.21157110647,323.21157110647,306.1561052024,306.1561052024,306.1561052024,323.77390717924,0.0025621653190467,-6.9417668228292e-16,-7.8555052771142e-13,-0.0022779270396953,-0.0033630905097787,-0.0027593778026898,7.979502839435e-15,-0.0026502661330997,-0.0037969192334268,5.1178041608418e-16,-0.0043718921135954,0.0020545754086879,455.93340848339,455.93340848339,461.53159993579,461.53159993579,455.93340848339,460.96926386302,460.96926386302,460.96926386302,443.91379795895,443.91379795895,443.91379795895,461.53159993579,0.035945931904099,0.064800501459814,0.044012773371929,0.049917606768424,657.76712183974,-0.13623529397437,0.0068375309737032,-0.0022753872510246,649.25394034819,-0.00048828760509198,-0.13682526189841,0,1.5540819141937e-08,1.029434802933e-12,0,0,1.6084281505711e-13,1.1090439276318e-12,1.4451744043357e-13,0,2.1776108804451e-13,7.2329385458257e-14,0,3.7015496078679e-13,1.3973466400572e-13,1.6042143609087e-11,0,0,4.2942599738119e-12,2.7267058621663e-11,4.1909568070779e-12,0,4.6451001845123e-12,2.3419353097375e-12,0,6.292261206097e-12,3.7645840509343e-12
5.175,1128138000.7967,1128138000.7967,1128138000.7967,550360223.01896,550360223.01896,550360223.01896,1,1,1,371916431.76062,6.2336588680358e-05,0.00015291913836057,6.5568446358663e-05,1.0468895000886,317.65230960852,317.65230960852,323.33989468457,323.33989468457,317.65230960852,322.74646291557,322.74646291557,322.74646291557,305.61877641419,305.61877641419,305.61877641419,323.33989468457,0.0025742872104277,-1.0955724546819e-15,-1.3809219492377e-12,-0.0022786321636078,-0.0033703630606228,-0.0027617652271748,1.2897339474262e-14,-0.0026490511766007,-0.0037785435449117,8.1903401878565e-16,-0.0043594583488856,0.0020513989181829,455.90920724064,455.90920724064,461.5967923167,461.5967923167,455.90920724064,461.0033605477,461.0033605477,461.0033605477,443.87567404631,443.87567404631,443.87567404631,461.5967923167,0.035950216855151,0.065463011560549,0.044475177859951,0.050390997502986,657.66231194349,-0.13792570680553,0.0087989261797879,-8.5318422844779e-05,648.99285408259,-0.0075316818558542,-0.13933906641263,0,1.6417118495522e-08,1.1208456129715e-12,0,0,1.6975660890881e-13,1.1127894849962e-12,1.5043225136811e-13,0,2.3045103452179e-13,7.6353023165226e-14,0,4.0166514352404e-13,1.4547693051023e-13,1.7627258676278e-11,0,0,4.5343320724332e-12,2.8840780603411e-11,4.403700137181e-12,0,4.9710071629959e-12,2.449914790626e-12,0,6.8603014996013e-12,3.9703194990743e-12
5.225,1125058040.1273,1125058040.1273,1125058040.1273,547280262.34953,547280262.34953,547280262.34953,1,1,1,373079666.27952,6.2994889212513e-05,0.0001544052244535,6.6372181633012e-05,1.0473888268009,317.13849423893,317.13849423893,322.91387850553,322.91387850553,317.13849423893,322.29099848244,322.29099848244,322.29099848244,305.0941009973,305.0941009973,305.0941009973,322.91387850553,0.0025828401683847,-1.7382784658037e-15,-2.3155006349602e-12,-0.0022816601428087,-0.0033730661912349,-0.0027648571946439,2.0379941554933e-14,-0.0026494823103082,-0.003764758810758,1.2820995890309e-15,-0.0043466496140999,0.0020494044979177,455.88023976511,455.88023976511,461.65562403171,461.65562403171,455.88023976511,461.03274400861,461.03274400861,461.03274400861,443.83584652348,443.83584652348,443.83584652348,461.65562403171,0.035710668213364,0.066125186756563,0.044937126929858,0.050864129875886,657.56623362816,-0.14029637015273,0.0089008756520316,-0.00066582804999382,648.74509519503,-0.0065786305287312,-0.14311736667241,0,1.7278989481082e-08,1.2178838336653e-12,0,0,1.7904902266261e-13,1.1132697464342e-12,1.5650256761743e-13,0,2.4335913709808e-13,8.0580310878833e-14,0,4.3507656078433e-13,1.510804066104e-13,1.9349606511242e-11,0,0,4.7875456286123e-12,3.0415181777398e-11,4.6250281908518e-12,0,5.3151689552074e-12,2.5638725591311e-12,0,7.4755926725331e-12,4.1839794591116e-12
5.275,1122042726.8195,1122042726.8195,1122042726.8195,544264949.04175,544264949.04175,544264949.04175,1,1,1,374191530.16509,6.3650292073706e-05,0.00015589124296063,6.7171709810626e-05,1.0478880507599,316.6343130499,316.6343130499,322.49601061306,322.49601061306,316.6343130499,321.84408695096,321.84408695096,321.84408695096,304.58171373359,304.58171373359,304.58171373359,322.49601061306,0.0025890650751838,-2.7700421573645e-15,-3.7371424750813e-12,-0.0022866388720292,-0.0033751794436276,-0.0027680468292515,3.1509688069778e-14,-0.0026519298569219,-0.0037520177934282,1.9756663254298e-15,-0.0043319385214837,0.0020472768159075,455.84690808264,455.84690808264,461.70860564581,461.70860564581,455.84690808264,461.05668198371,461.05668198371,461.05668198371,443.79430876633,443.79430876633,443.79430876633,461.70860564581,0.035662683039829,0.066787027268393,0.04539862026789,0.051337004423834,657.47850409866,-0.14588882260371,0.0056390934617342,-0.0023745400128756,648.50965022915,0.00042854218639213,-0.14669926716875,0,1.8124080347922e-08,1.3200490450788e-12,0,0,1.887486317278e-13,1.1112147429181e-12,1.6279574178369e-13,0,2.5640007220245e-13,8.5039140392233e-14,0,4.7070158436539e-13,1.5649986736156e-13,2.121643777379e-11,0,0,5.0544765034811e-12,3.1986676737542e-11,4.8552561367789e-12,0,5.6777734147096e-12,2.6841360648063e-12,0,8.1412652369731e-12,4.4053036940439e-12
5.325,1119090316.5519,1119090316.5519,1119090316.5519,541312538.77409,541312538.77409,541312538.77409,1,1,1,375254346.93687,6.4301917559387e-05,0.00015737716987688,6.7965943059134e-05,1.0483871533663,316.13975941648,316.13975941648,322.08624779177,322.08624779177,316.13975941648,321.40516015801,321.40516015801,321.40516015801,304.08133200478,304.08133200478,304.08133200478,322.08624779177,0.0025980660799414,-4.4461302051471e-15,-5.8260179609074e-12,-0.0022889529109662,-0.0033793187706514,-0.0027705251454208,4.7742188315581e-14,-0.0026526009335291,-0.0037372699253924,2.9775348700346e-15,-0.0043183958682051,0.0020453457363173,455.80959280566,455.80959280566,461.75608118095,461.75608118095,455.80959280566,461.07499354719,461.07499354719,461.07499354719,443.75116539397,443.75116539397,443.75116539397,461.75608118095,0.035682788979556,0.067448485011415,0.045859625829539,0.051809622870109,657.40081883404,-0.14910066543827,0.006360503973683,-0.0021826328550164,648.29141313157,0.0010884258077986,-0.15000032466881,0,1.8948850290126e-08,1.4260252438389e-12,0,0,1.9882736540334e-13,1.1056705410463e-12,1.6914322774147e-13,0,2.695097661322e-13,8.9830795430354e-14,0,5.0781529268558e-13,1.6181572472096e-13,2.3233142013913e-11,0,0,5.3356608602054e-12,3.3550331012206e-11,5.0944607834345e-12,0,6.0589177811657e-12,2.8111759940227e-12,0,8.8594245110696e-12,4.6341456865495e-12
5.375,1116195978.6536,1116195978.6536,1116195978.6536,538418200.87579,538418200.87579,538418200.87579,1,1,1,376270143.48886,6.4950100936323e-05,0.00015886305430598,6.8754800068173e-05,1.0488861493323,315.65422004782,315.65422004782,321.68342586618,321.68342586618,315.65422004782,320.97403787818,320.97403787818,320.97403787818,303.59218089142,303.59218089142,303.59218089142,321.68342586618,0.00260646574586,-7.2103519896346e-15,-8.8568001932419e-12,-0.0022906599293561,-0.0033825801137736,-0.0027727774878851,7.1035734887381e-14,-0.0026530643524931,-0.0037250470764099,4.398633732131e-15,-0.004305911238515,0.0020430068702051,455.76820217366,455.76820217366,461.79740799202,461.79740799202,455.76820217366,461.08802000402,461.08802000402,461.08802000402,443.70616301727,443.70616301727,443.70616301727,461.79740799202,0.035546832824723,0.068109565079428,0.046320155735407,0.052281984082041,657.3312776151,-0.15224442674573,0.0047139600890161,-0.0022337391973009,648.08747661033,0.0014940827469396,-0.15307207443785,0,1.9749813082904e-08,1.5361060215331e-12,0,0,2.0928380852509e-13,1.0964129053112e-12,1.7565854830736e-13,0,2.8271201071699e-13,9.4948003910261e-14,0,5.4653284513654e-13,1.6700881035377e-13,2.5405523982809e-11,0,0,5.6316328606067e-12,3.5100893012858e-11,5.3428794847975e-12,0,6.4587329409675e-12,2.9454527488728e-12,0,9.632338672944e-12,4.8703318111876e-12
5.425,1113353423.9445,1113353423.9445,1113353423.9445,535575646.16667,535575646.16667,535575646.16667,1,1,1,377241478.9382,6.5594843494144e-05,0.00016034884009937,6.9539247336886e-05,1.0493850539028,315.1767209839,315.1767209839,321.2867873279,321.2867873279,315.1767209839,320.5498018502,320.5498018502,320.5498018502,303.11304007586,303.11304007586,303.11304007586,321.2867873279,0.0026146713909491,-1.1690698708166e-14,-1.3135669902025e-11,-0.0022934156909582,-0.0033857482149621,-0.002775792457517,1.0386059355393e-13,-0.0026542066577824,-0.003711724382852,6.400173377511e-15,-0.0042917485086869,0.0020419021105368,455.7229133249,455.7229133249,461.8329796689,461.8329796689,455.7229133249,461.0959941912,461.0959941912,461.0959941912,443.65923241686,443.65923241686,443.65923241686,461.8329796689,0.035415418751916,0.068770258377336,0.046780204827978,0.052754090495559,657.26767965944,-0.15569108173812,0.0052597122081491,-0.0019995086693194,647.89498625591,0.0022434933531172,-0.15652097118923,0,2.0524739753415e-08,1.6499483940373e-12,0,0,2.2014954816424e-13,1.0849407818763e-12,1.8226254208819e-13,0,2.9592535664701e-13,1.0038457299461e-13,0,5.8676019708742e-13,1.7201394246221e-13,2.7738903378872e-11,0,0,5.9429713373709e-12,3.6635230980959e-11,5.6006376437312e-12,0,6.8772345937877e-12,3.0874179734548e-12,0,1.0462142901526e-11,5.1135962615349e-12
5.475,1110563781.1458,1110563781.1458,1110563781.1458,532786003.36798,532786003.36798,532786003.36798,1,1,1,378170081.72306,6.6236155560194e-05,0.00016183473908118,7.0316165355316e-05,1.0498838859756,314.70730948105,314.70730948105,320.896939827,320.896939827,314.70730948105,320.13278302219,320.13278302219,320.13278302219,302.64389657348,302.64389657348,302.64389657348,320.896939827,0.0026222881898154,-1.9180095926263e-14,-1.916950901773e-11,-0.0022968607392726,-0.0033865817763138,-0.0027792836293225,1.4919334139637e-13,-0.0026525562867656,-0.0037053383593954,9.199628883332e-15,-0.0042780479350414,0.002038906522782,455.67356016526,455.67356016526,461.86319051121,461.86319051121,455.67356016526,461.0990337064,461.0990337064,461.0990337064,443.61014725769,443.61014725769,443.61014725769,461.86319051121,0.035356504279099,0.06943058536185,0.047239793910574,0.053225937414274,657.20771385973,-0.15723549085915,-0.0086987931953797,-0.0033629962581913,647.71326750965,0.0079764069302201,-0.15953314756791,0,2.1270401059992e-08,1.7683513912175e-12,0,0,2.3129515894642e-13,1.0696135271091e-12,1.8919998267702e-13,0,3.0922451312334e-13,1.0616210469782e-13,0,6.2919815108912e-13,1.7690011212788e-13,3.0239729899373e-11,0,0,6.2700720880641e-12,3.8147892937494e-11,5.8682068252338e-12,0,7.314544094065e-12,3.2375538617286e-12,0,1.1351963460216e-11,5.3637707992915e-12
5.525,1107827850.2221,1107827850.2221,1107827850.2221,530050072.44431,530050072.44431,530050072.44431,1,1,1,379056362.36841,6.6873050173863e-05,0.00016332031556377,7.1092428627088e-05,1.0503825847688,314.24629990733,314.24629990733,320.51405333089,320.51405333089,314.24629990733,319.72305411126,319.72305411126,319.72305411126,302.18481597922,302.18481597922,302.18481597922,320.51405333089,0.0026337128645023,-3.0785949258363e-14,-2.7216245821378e-11,-0.0022936211656378,-0.0033938904574406,-0.002779820781335,2.1152971447188e-13,-0.0026551742315593,-0.0036852106851468,1.289641099277e-14,-0.004266719074281,0.0020391343626772,455.62043456318,455.62043456318,461.88818798674,461.88818798674,455.62043456318,461.09718876711,461.09718876711,461.09718876711,443.55895063507,443.55895063507,443.55895063507,461.88818798674,0.035193815898586,0.070090450619573,0.047698860033352,0.053697535276359,657.15902953448,-0.16047516685819,0.0097837626009705,-7.6704933265042e-05,647.54787436915,-0.0043833367063825,-0.16231582250286,0,2.1985684249975e-08,1.888386131242e-12,0,0,2.4297037164078e-13,1.0538178782287e-12,1.9579159136861e-13,0,3.2223205006715e-13,1.1252231248086e-13,0,6.7073464989923e-13,1.8162672016439e-13,3.2910311177173e-11,0,0,6.6136840828934e-12,3.9638216473157e-11,6.1450979491459e-12,0,7.7702490295012e-12,3.3966844421086e-12,0,1.2300525498857e-11,5.6206297702373e-12
5.575,1105142174.6183,1105142174.6183,1105142174.6183,527364396.84052,527364396.84052,527364396.84052,1,1,1,379906275.4238,6.7508276433516e-05,0.00016480591896194,7.186422393686e-05,1.050881223317,313.793037068,313.793037068,320.13751940456,320.13751940456,313.793037068,319.32020986749,319.32020986749,319.32020986749,301.73548469979,301.73548469979,301.73548469979,320.13751940456,0.0026378237469559,-4.9384391010434e-14,-3.831619056727e-11,-0.0022985462504561,-0.0033930050769201,-0.0027841415217451,2.9504148046446e-13,-0.0026576251709662,-0.0036764508684976,1.7940702977154e-14,-0.004252247689224,0.0020384771808849,455.56326598909,455.56326598909,461.90774832565,461.90774832565,455.56326598909,461.09043878858,461.09043878858,461.09043878858,443.50571362089,443.50571362089,443.50571362089,461.90774832565,0.035146132633024,0.070749940980899,0.048157469076929,0.054168877347306,657.11199524582,-0.16544429133528,0.0063353047147033,-0.0024182981912434,647.38846047803,0.0020599229033429,-0.16615920897382,0,2.2669509510845e-08,2.0148482996146e-12,0,0,2.5485976763216e-13,1.0359029371174e-12,2.0284457329979e-13,0,3.3543721369095e-13,1.1915408418312e-13,0,7.1505930622579e-13,1.8615646133103e-13,3.5759736968612e-11,0,0,6.974110222782e-12,4.110320445613e-11,6.4319634957603e-12,0,8.2446288864276e-12,3.5651937639725e-12,0,1.3311772067623e-11,5.883894762575e-12
5.625,1102506142.8979,1102506142.8979,1102506142.8979,524728365.12007,524728365.12007,524728365.12007,1,1,1,380719597.95892,6.8140106921496e-05,0.00016629145505079,7.2631192548409e-05,1.0513797737898,313.34804603948,313.34804603948,319.76712369051,319.76712369051,313.34804603948,318.92409174608,318.92409174608,318.92409174608,301.29547278066,301.29547278066,301.29547278066,319.76712369051,0.0026447289646665,-7.8541114476032e-14,-5.3140576412679e-11,-0.0023004086483921,-0.0033950428955783,-0.0027870979037996,4.053046958017e-13,-0.0026587279780204,-0.0036660329582366,2.4560889408609e-14,-0.0042385841594757,0.0020373092025218,455.50282424226,455.50282424226,461.92190189329,461.92190189329,455.50282424226,461.07886994886,461.07886994886,461.07886994886,443.45025098344,443.45025098344,443.45025098344,461.92190189329,0.035170285659703,0.07140900679402,0.048615594552558,0.054639965832477,657.07030422215,-0.16878417648625,0.005203439733468,-0.0024305474007104,647.24114710569,0.0034045596107595,-0.16946807618779,0,2.3320739528324e-08,2.1455215164018e-12,0,0,2.6698125918481e-13,1.0165224234255e-12,2.1000048814848e-13,0,3.4843417572712e-13,1.2630720952029e-13,0,7.6028839769725e-13,1.9058079657983e-13,3.8793962595471e-11,0,0,7.3516787404206e-12,4.2540784253795e-11,6.7289490342048e-12,0,8.7373892233352e-12,3.7438191327016e-12,0,1.4386982230961e-11,6.1534167098261e-12
5.675,1099917825.7282,1099917825.7282,1099917825.7282,522140047.95041,522140047.95041,522140047.95041,1,1,1,381454097.06999,6.8781341017654e-05,0.00016777693271541,7.3393060893545e-05,1.0518782207053,312.91124396924,312.91124396924,319.40276217289,319.40276217289,312.91124396924,318.53406259499,318.53406259499,318.53406259499,300.86453697747,300.86453697747,300.86453697747,319.40276217289,0.0026538119704181,-1.2347246039773e-13,-7.2768202262748e-11,-0.0023013041457084,-0.0033982709322947,-0.0027892259891524,5.4914849459227e-13,-0.0026602366546706,-0.0036539902566734,3.2996609518863e-14,-0.0042236986833,0.0020362265714951,455.43931263927,455.43931263927,461.93083084292,461.93083084292,455.43931263927,461.06213126502,461.06213126502,461.06213126502,443.3926056475,443.3926056475,443.3926056475,461.93083084292,0.03506209125969,0.072067621959738,0.049073220320456,0.055110802413877,657.03571013591,-0.17025259893301,0.0080381437289122,-0.0012670552429332,647.10819959169,0.0032950858746396,-0.17146561139797,0,2.3938577074398e-08,2.2806315121497e-12,0,0,2.7934984961168e-13,9.9593423617472e-13,2.1727803023549e-13,0,3.6121635078364e-13,1.3403508248637e-13,0,8.0621723403823e-13,1.948987746872e-13,4.2019262610728e-11,0,0,7.7467390863883e-12,4.3949247957825e-11,7.0362265713695e-12,0,9.2482262855644e-12,3.9333733641876e-12,0,1.5527145577557e-11,6.4290452002786e-12
5.725,1097375868.5224,1097375868.5224,1097375868.5224,519598090.74465,519598090.74465,519598090.74465,1,1,1,382156568.74728,6.9431416749343e-05,0.00016926232843721,7.4152580488511e-05,1.0523766193014,312.48175110274,312.48175110274,319.0443284641,319.0443284641,312.48175110274,318.15034945763,318.15034945763,318.15034945763,300.44268849994,300.44268849994,300.44268849994,319.0443284641,0.0026578469356356,-1.9176427779158e-13,-9.8719215775635e-11,-0.0023029081351932,-0.0033981946057306,-0.0027928033112388,7.3362039307019e-13,-0.0026607442541542,-0.0036465864017355,4.3380732067658e-14,-0.0042133216809496,0.0020356962158798,455.37225924433,455.37225924433,461.93483660569,461.93483660569,455.37225924433,461.04085759921,461.04085759921,461.04085759921,443.33319664153,443.33319664153,443.33319664153,461.93483660569,0.034988574975503,0.0727258349038,0.049530391019543,0.05558138440383,657.00129602048,-0.17473423146172,0.0063400573613104,-0.0023124201202646,646.97890918632,0.0027510040849039,-0.17542020890663,0,2.4523664789448e-08,2.4216821939511e-12,0,0,2.9179626063731e-13,9.7582218546897e-13,2.2480194267166e-13,0,3.737404248941e-13,1.4221320439913e-13,0,8.5317726452055e-13,1.9911180175133e-13,4.5444038413171e-11,0,0,8.1594013156314e-12,4.532926892698e-11,7.3541445275436e-12,0,9.7767750632567e-12,4.1344932065974e-12,0,1.673372043615e-11,6.7106318107439e-12
5.775,1094877454.5089,1094877454.5089,1094877454.5089,517099676.73114,517099676.73114,517099676.73114,1,1,1,382784537.19744,7.0078549283025e-05,0.00017074765714844,7.4908315896482e-05,1.052874921241,312.0596111704,312.0596111704,318.69141236139,318.69141236139,312.0596111704,317.7726746198,317.7726746198,317.7726746198,300.02892679069,300.02892679069,300.02892679069,318.69141236139,0.0026639357282787,-2.9269237745919e-13,-1.3223580049382e-10,-0.0023039084064396,-0.0033990914054817,-0.002795742957403,9.6612575207217e-13,-0.0026616076832555,-0.0036374258832452,5.5375550612766e-14,-0.0042002547256368,0.0020351130463569,455.30204331843,455.30204331843,461.93384450942,461.93384450942,455.30204331843,461.01510676782,461.01510676782,461.01510676782,443.27135893872,443.27135893872,443.27135893872,461.93384450942,0.034910796630399,0.073383583150789,0.049987055286959,0.056051714987306,656.97300418143,-0.17610109252068,0.0068341293561832,-0.0026756334790609,646.86331311814,0.0024297207571708,-0.17829064647304,0,2.6156094319678e-08,2.5672685737223e-12,0,0,3.0437127413304e-13,9.5519618694114e-13,2.3248948193199e-13,0,3.8591443546693e-13,1.5101607112782e-13,0,9.0089028866809e-13,2.0314863903593e-13,4.9074704448384e-11,0,0,8.5898472995071e-12,4.6680120329279e-11,7.682934306001e-12,0,1.032254049181e-11,4.3480621825227e-12,0,1.8007771700595e-11,6.9979273712462e-12
5.825,1092421401.6138,1092421401.6138,1092421401.6138,514643623.83603,514643623.83603,514643623.83603,1,1,1,383387271.20255,7.0723200843969e-05,0.00017223290525197,7.5660873459442e-05,1.0533731693377,311.64479985514,311.64479985514,318.34388790857,318.34388790857,311.64479985514,317.40091179819,317.40091179819,317.40091179819,299.62285645958,299.62285645958,299.62285645958,318.34388790857,0.0026698618621676,-4.4040916610627e-13,-1.7542216646758e-10,-0.0023041875311249,-0.0034000738643084,-0.0027983305917431,1.2568104937825e-12,-0.0026648596729457,-0.003627906854325,6.7677878288379e-14,-0.0041881452333509,0.0020346967558763,455.22910455991,455.22910455991,461.92819261334,461.92819261334,455.22910455991,460.98521650296,460.98521650296,460.98521650296,443.20716116435,443.20716116435,443.20716116435,461.92819261334,0.034875654780759,0.074040913079126,0.050443261795009,0.056521793780151,656.94602266275,-0.18080334128177,0.010475754677502,-0.0018886278746385,646.75230227876,0.0045540320706789,-0.1820683637763,0,2.8771276442841e-08,2.7179969058635e-12,0,0,3.1695292109568e-13,9.3551681981011e-13,2.4032391205384e-13,0,3.9782272338663e-13,1.6046712326732e-13,0,9.4904897748155e-13,2.0700825490824e-13,5.2918532535144e-11,0,0,9.0380864191544e-12,4.8003140903682e-11,8.02280364179e-12,0,1.0885146782643e-11,4.5749969645623e-12,0,1.9349929635906e-11,7.2906812528606e-12
5.875,1090007033.0816,1090007033.0816,1090007033.0816,512229255.30386,512229255.30386,512229255.30386,1,1,1,383966421.7781,7.1383762115398e-05,0.00017371813248979,7.6409370821419e-05,1.053871346263,311.23720616421,311.23720616421,318.00154784005,318.00154784005,311.23720616421,317.03471211064,317.03471211064,317.03471211064,299.22481016497,299.22481016497,299.22481016497,318.00154784005,0.0026746240897708,-6.551301328591e-13,-2.3079438304733e-10,-0.0023067635865854,-0.0034012119814252,-0.0028015527534274,1.612126174061e-12,-0.0026640439089376,-0.003620942779986,7.6141952235387e-14,-0.0041753870863249,0.0020336640344631,455.15345161024,455.15345161024,461.91779328607,461.91779328607,455.15345161024,460.95095755666,460.95095755666,460.95095755666,443.14105561099,443.14105561099,443.14105561099,461.91779328607,0.034851423533379,0.07469779025676,0.050898988345833,0.056991620771597,656.92177436267,-0.18434530806235,0.0055842078367869,-0.0019818695008394,646.65061306999,0.00340256664312,-0.18485599178088,0,3.1543542977937e-08,2.8747846559478e-12,0,0,3.2945441788268e-13,9.1593423648576e-13,2.48693060017e-13,0,4.0940273831328e-13,1.7051551233077e-13,0,9.9835190912915e-13,2.1078071779176e-13,5.6984091984487e-11,0,0,9.5040053251078e-12,4.9298467523162e-11,8.3745087401341e-12,0,1.1464129687638e-11,4.8161423146955e-12,0,2.0761812445817e-11,7.5887702026484e-12
5.925,1087631064.3709,1087631064.3709,1087631064.3709,509853286.59312,509853286.59312,509853286.59312,1,1,1,384522328.6879,7.2042559711316e-05,0.00017520326585654,7.7154893814258e-05,1.0543694449301,310.83617828899,310.83617828899,317.66412149541,317.66412149541,310.83617828899,316.67389727526,316.67389727526,316.67389727526,298.83389791833,298.83389791833,298.83389791833,317.66412149541,0.0026810135126439,-9.5588919830983e-13,-2.9995645122707e-10,-0.0023071970088125,-0.0034021012407804,-0.0028033503358591,2.0427149615505e-12,-0.0026670869242947,-0.0036115206643587,7.2560399348282e-14,-0.0041619811729831,0.0020336231837172,455.07479452435,455.07479452435,461.90273773077,461.90273773077,455.07479452435,460.91251351062,460.91251351062,460.91251351062,443.07251415369,443.07251415369,443.07251415369,461.90273773077,0.034745095088267,0.07535420043958,0.051354223531836,0.057461198925414,656.90186194461,-0.18660877461476,0.011396343235961,-0.0019944413658719,646.55922728965,0.0059687778964937,-0.18656050977416,0,3.447364317583e-08,3.0350880908896e-12,0,0,3.4200579819072e-13,8.9697297347851e-13,2.5713115214916e-13,0,4.2040941583679e-13,1.8136635725194e-13,0,1.0477088746069e-12,2.142441278953e-13,6.127635472562e-11,0,0,9.9876745633194e-12,5.0566978867338e-11,8.7381471028121e-12,0,1.2058678385264e-11,5.0726330768794e-12,0,2.2243496545705e-11,7.8917571539768e-12
5.975,1085293348.572,1085293348.572,1085293348.572,507515570.79417,507515570.79417,507515570.79417,1,1,1,385055671.39479,7.2700587727594e-05,0.00017668834334951,7.7897183536725e-05,1.0548674738503,310.44189458083,310.44189458083,317.33145858424,317.33145858424,310.44189458083,316.31829024715,316.31829024715,316.31829024715,298.45029830244,298.45029830244,298.45029830244,317.33145858424,0.0026854338388173,-1.3759498307783e-12,-3.8650885416995e-10,-0.0023090849215395,-0.0034013387483346,-0.0028070922274037,2.5544558608008e-12,-0.0026668118958936,-0.0036053912817151,3.8090784866991e-14,-0.004149495517243,0.0020332473057495,454.99350792502,454.99350792502,461.88307192843,461.88307192843,454.99350792502,460.86990359134,460.86990359134,460.86990359134,443.00191164663,443.00191164663,443.00191164663,461.88307192843,0.034791293968825,0.076010134327247,0.051808963144354,0.057930526643092,656.88467859413,-0.18868934380976,0.0080495992530913,-0.0023430949396024,646.47497439346,0.0060169390140306,-0.19088072961982,0,3.756455802329e-08,3.2000471262386e-12,0,0,3.5450262197594e-13,8.8018852637175e-13,2.6597612512386e-13,0,4.3110791153438e-13,1.9283442054321e-13,0,1.0981762416795e-12,2.1753073212876e-13,6.580190477178e-11,0,0,1.0489016979215e-11,5.1811753418778e-11,9.1142941462297e-12,0,1.2668357040602e-11,5.345342129704e-12,0,2.3796552280564e-11,8.1993920655862e-12
6.025,1082991883.3567,1082991883.3567,1082991883.3567,505214105.5789,505214105.5789,505214105.5789,1,1,1,385568628.19911,7.3374558181831e-05,0.00017817334203589,7.8636304142823e-05,1.0553654516056,310.05390564236,310.05390564236,317.00339737232,317.00339737232,310.05390564236,315.9677126118,315.9677126118,315.9677126118,298.07357874523,298.07357874523,298.07357874523,317.00339737232,0.0026911220304321,-1.9501441311186e-12,-4.9251397454757e-10,-0.0023094833296915,-0.0034018521982795,-0.0028096095455556,3.1572125967613e-12,-0.0026682589085972,-0.0035979197838336,-6.5784230869809e-14,-0.0041375570101757,0.0020329436903302,454.90950111815,454.90950111815,461.85899284812,461.85899284812,454.90950111815,460.82330808759,460.82330808759,460.82330808759,442.92917422102,442.92917422102,442.92917422102,461.85899284812,0.034725914601601,0.076665604116167,0.052263231921035,0.058399604697772,656.86799945482,-0.19131557754848,0.0088817867123379,-0.0019972267336953,646.39664069229,0.0051100858264307,-0.19371758186142,0,4.0816055593572e-08,3.3667698812943e-12,0,0,3.6684696869672e-13,8.6451755253181e-13,2.7518611929222e-13,0,4.4126719195955e-13,2.0524790348275e-13,0,1.1486064372655e-12,2.2049441522426e-13,7.0563236399296e-11,0,0,1.1007816937661e-11,5.3034365866478e-11,9.5034660883096e-12,0,1.3292403088102e-11,5.6356064984579e-12,0,2.5420927081974e-11,8.5112182580239e-12
6.075,1080725333.1907,1080725333.1907,1080725333.1907,502947555.41295,502947555.41295,502947555.41295,1,1,1,386061642.18235,7.405738402992e-05,0.00017965829458489,7.9372683783318e-05,1.0558633789753,309.67201527218,309.67201527218,316.67976082246,316.67976082246,309.67201527218,315.6220038845,315.6220038845,315.6220038845,297.70344243762,297.70344243762,297.70344243762,316.67976082246,0.0026953241684606,-2.7280384045585e-12,-6.215866685487e-10,-0.002310356252362,-0.0034016572582363,-0.0028122613850431,3.8604746253861e-12,-0.0026697402734224,-0.0035917893745578,-3.123941216411e-13,-0.0041260439500231,0.0020324047091976,454.82281827082,454.82281827082,461.83056382111,461.83056382111,454.82281827082,460.77280688314,460.77280688314,460.77280688314,442.85424543627,442.85424543627,442.85424543627,461.83056382111,0.034682193854382,0.077320609907973,0.052717026772918,0.058868433291676,656.85203796976,-0.19441980966984,0.0087253515572044,-0.0021222708477792,646.32369767053,0.0051073451657198,-0.19635011989837,0,4.4228554120919e-08,3.5342770951923e-12,0,0,3.7907810302789e-13,8.5057885206153e-13,2.8478991689707e-13,0,4.5101121477479e-13,2.1838731119549e-13,0,1.1997677301851e-12,2.2313690144082e-13,7.5561459000501e-11,0,0,1.1543914332162e-11,5.4237266014931e-11,9.9062198512125e-12,0,1.3930229264819e-11,5.9444527958008e-12,0,2.7117654877699e-11,8.8267814903074e-12
6.125,1078495056.9514,1078495056.9514,1078495056.9514,500717279.17361,500717279.17361,500717279.17361,1,1,1,386535851.40597,7.4739906043663e-05,0.00018114318726319,8.0106659934794e-05,1.0563612708056,309.29676380166,309.29676380166,316.3607818855,316.3607818855,309.29676380166,315.28105055863,315.28105055863,315.28105055863,297.34016989937,297.34016989937,297.34016989937,316.3607818855,0.0026983039690884,-3.7624130374607e-12,-7.7619060928149e-10,-0.0023114279306328,-0.0034010312538368,-0.0028153458858345,4.6629649720206e-12,-0.0026704891849635,-0.0035870017363138,-8.4924592260565e-13,-0.0041155501068541,0.0020319038905354,454.7339363932,454.7339363932,461.79795447704,461.79795447704,454.7339363932,460.71822315017,460.71822315017,460.71822315017,442.77734249091,442.77734249091,442.77734249091,461.79795447704,0.03464142378713,0.077975162834692,0.0531703582956,0.059337011695338,656.83469136654,-0.19837880279023,0.0058668008432018,-0.0023674750776895,646.25384080527,0.0040749670095359,-0.19916588608227,0,4.7801530744047e-08,3.70043127678e-12,0,0,3.9102003287577e-13,8.3845062934965e-13,2.9493087662062e-13,0,4.6021346718123e-13,2.3233400383315e-13,0,1.2512414845999e-12,2.2543518865681e-13,8.0794659098753e-11,0,0,1.2096900165814e-11,5.5423014266338e-11,1.0323315096892e-11,0,1.4581069391693e-11,6.2730226950221e-12,0,2.8887177555024e-11,9.145594991542e-12
6.175,1076296594.969,1076296594.969,1076296594.969,498518817.19121,498518817.19121,498518817.19121,1,1,1,386992270.46158,7.5420014097132e-05,0.00018262801660285,8.0838010315704e-05,1.0568590911534,308.92724145587,308.92724145587,316.04558064586,316.04558064586,308.92724145587,314.94441521622,314.94441521622,314.94441521622,296.98318858558,296.98318858558,296.98318858558,316.04558064586,0.0027031161842678,-5.1147319491169e-12,-9.5947032098356e-10,-0.0023117643281303,-0.0034008169535465,-0.0028173392866199,5.5576004283391e-12,-0.0026717459634479,-0.0035805381785713,-1.957871137193e-12,-0.0041037620703312,0.0020316448293698,454.64255986845,454.64255986845,461.76089905843,461.76089905843,454.64255986845,460.6597336288,460.6597336288,460.6597336288,442.69850699816,442.69850699816,442.69850699816,461.76089905843,0.034579033651225,0.078629214086502,0.053623189774626,0.059805342600244,656.8210667634,-0.20129362358323,0.0079243945609981,-0.0020821590896263,646.19264725392,0.0033343310799385,-0.20208519586315,0,5.1533210172736e-08,3.8626149635572e-12,0,0,4.0287423455208e-13,8.2794672554529e-13,3.0544141326324e-13,0,4.6864115225904e-13,2.4722980641734e-13,0,1.3030331766237e-12,2.2737060947685e-13,8.6257221566441e-11,0,0,1.2666650372248e-11,5.6593907754526e-11,1.0755274486039e-11,0,1.5243828065104e-11,6.6226584402803e-12,0,3.0729944745628e-11,9.4671455911492e-12
6.225,1074131215.4797,1074131215.4797,1074131215.4797,496353437.70191,496353437.70191,496353437.70191,1,1,1,387431210.15221,7.6098692719948e-05,0.00018411278578551,8.1566502138362e-05,1.0573568589941,308.56365833072,308.56365833072,315.73453498516,315.73453498516,308.56365833072,314.61231880135,314.61231880135,314.61231880135,296.63257074023,296.63257074023,296.63257074023,315.73453498516,0.002706919804958,-6.855394303887e-12,-1.1750370263872e-09,-0.0023129384779412,-0.0033998512619645,-0.0028204411661036,6.5440310585624e-12,-0.0026731540907231,-0.0035748969187327,-4.175853304839e-12,-0.0040916838701066,0.0020313568284021,454.54880315097,454.54880315097,461.71967980541,461.71967980541,454.54880315097,460.59746362161,460.59746362161,460.59746362161,442.61771556048,442.61771556048,442.61771556048,461.71967980541,0.034577893411039,0.079282773068893,0.054075531167775,0.060273426399848,656.80822082027,-0.20443771425179,0.0076416650272305,-0.0017898533749396,646.13682275783,0.0031869024739642,-0.20505876819989,0,5.5422254971233e-08,4.0199242624612e-12,0,0,4.1452284510557e-13,8.1922905033829e-13,3.1652951360762e-13,0,4.7645110358272e-13,2.6298960611846e-13,0,1.3552941587663e-12,2.2894395207548e-13,9.1942252978126e-11,0,0,1.325287420171e-11,5.7752472588205e-11,1.1202914817075e-11,0,1.5917631677598e-11,6.9945819080162e-12,0,3.264662012596e-11,9.7909212331976e-12
6.275,1071998909.6924,1071998909.6924,1071998909.6924,494221131.91457,494221131.91457,494221131.91457,1,1,1,387853361.61849,7.6775357232611e-05,0.0001855974843564,8.2292514949285e-05,1.0578545727021,308.20592660585,308.20592660585,315.42756693795,315.42756693795,308.20592660585,314.28493698566,314.28493698566,314.28493698566,296.28837517059,296.28837517059,296.28837517059,315.42756693795,0.0027107368160097,-9.0528420898429e-12,-1.4258994334732e-09,-0.0023139227205132,-0.0033988025719805,-0.0028232238163803,7.6155974849369e-12,-0.0026745612158603,-0.0035694459734328,-8.5346945493282e-12,-0.004079757025767,0.002031146629061,454.45271015153,454.45271015153,461.67435048364,461.67435048364,454.45271015153,460.53172053135,460.53172053135,460.53172053135,442.53515871628,442.53515871628,442.53515871628,461.67435048364,0.034554222891434,0.079935831317277,0.05452738046054,0.06074126393351,656.79645312112,-0.20719424696435,0.008405305080601,-0.0016707021463374,646.08681840354,0.0032587083922911,-0.20796659470501,0,5.9466178698674e-08,4.1699995587963e-12,0,0,4.2600090430358e-13,8.1222287571106e-13,3.2820451651774e-13,0,4.8353384461968e-13,2.7967604001649e-13,0,1.407834291623e-12,2.3016847193622e-13,9.7839522909266e-11,0,0,1.3855330458159e-11,5.8901129194705e-11,1.1667066095566e-11,0,1.6601451798526e-11,7.3901035568783e-12,0,3.4637598474747e-11,1.0116428607841e-11
6.325,1069893945.4923,1069893945.4923,1069893945.4923,492116167.71453,492116167.71453,492116167.71453,1,1,1,388259417.98765,7.7449940646134e-05,0.00018708210916269,8.3015694874444e-05,1.0583522316114,307.85278884762,307.85278884762,315.12425606041,315.12425606041,307.85278884762,313.96134051846,313.96134051846,313.96134051846,295.94957488751,295.94957488751,295.94957488751,315.12425606041,0.0027145577266793,-1.1758379117052e-11,-1.7149217462815e-09,-0.0023151372620656,-0.0033968940041605,-0.002826439582989,8.7513827319814e-12,-0.002676142294768,-0.0035643608820266,-1.6969211476559e-11,-0.0040674380083264,0.0020308636688967,454.35388558072,454.35388558072,461.62535279351,461.62535279351,454.35388558072,460.46243725157,460.46243725157,460.46243725157,442.45067162061,442.45067162061,442.45067162061,461.62535279351,0.034558097269635,0.080588371463398,0.054978720802156,0.061208856221556,656.78552390545,-0.20839074957846,0.0091709076508093,-0.0015311534667107,646.04324832413,0.0048223616956249,-0.21020453395241,0,6.3661931858673e-08,4.3115351178348e-12,0,0,4.3723323615582e-13,8.0678291307401e-13,3.405541595397e-13,0,4.8982592169004e-13,2.9727930075951e-13,0,1.4606139020877e-12,2.3108852729796e-13,1.0393695434756e-10,0,0,1.4473671630651e-11,6.0042092532265e-11,1.214868240671e-11,0,1.7294170260182e-11,7.8105199758252e-12,0,3.670321846447e-11,1.0443237137254e-11
6.375,1067816246.0839,1067816246.0839,1067816246.0839,490038468.30612,490038468.30612,490038468.30612,1,1,1,388649872.98646,7.8122939054729e-05,0.00018856667712317,8.3736513642684e-05,1.0588498663255,307.50431164086,307.50431164086,314.82453054669,314.82453054669,307.50431164086,313.64157288579,313.64157288579,313.64157288579,295.61616617247,295.61616617247,295.61616617247,314.82453054669,0.0027184161516062,-1.5044202334267e-11,-2.0439219380747e-09,-0.0023161568708893,-0.0033954006468602,-0.002829555614295,9.9417334963854e-12,-0.0026769082661237,-0.0035601325673588,-3.3168456468084e-11,-0.0040563943898143,0.002030504145271,454.25254557922,454.25254557922,461.57276448505,461.57276448505,454.25254557922,460.38980682415,460.38980682415,460.38980682415,442.36440011083,442.36440011083,442.36440011083,461.57276448505,0.034580186580122,0.081240421464491,0.055429574549536,0.06167620220406,656.77192259236,-0.21119039424772,0.0090220680485247,-0.0017986785414185,646.00028349091,0.004719710138533,-0.2133232532199,0,6.8003617891937e-08,4.4412508119104e-12,0,0,4.4816171630111e-13,8.0316971023457e-13,3.5361944050405e-13,0,4.9517397730401e-13,3.1579307979535e-13,0,1.5133919700752e-12,2.317987229652e-13,1.1021783147966e-10,0,0,1.5107468007981e-11,6.1177946029366e-11,1.2648775815389e-11,0,1.799445201462e-11,8.2571188321754e-12,0,3.8843477913737e-11,1.0771050035012e-11
6.425,1065766069.2939,1065766069.2939,1065766069.2939,487988291.51614,487988291.51614,487988291.51614,1,1,1,389025757.76475,7.8791271624472e-05,0.00019005112746559,8.4456441680114e-05,1.0593474633129,307.16072921803,307.16072921803,314.52804542818,314.52804542818,307.16072921803,313.32590454877,313.32590454877,313.32590454877,295.28806101681,295.28806101681,295.28806101681,314.52804542818,0.0027250681948819,-1.8848551313826e-11,-2.41420016957e-09,-0.0023165869913715,-0.0033951125774268,-0.0028300391118414,1.1213173972865e-11,-0.002682692440517,-0.0035515367463194,-6.4015848428227e-11,-0.0040425946260386,0.0020308265263978,454.14898766257,454.14898766257,461.51630387272,461.51630387272,454.14898766257,460.31416299331,460.31416299331,460.31416299331,442.27631946135,442.27631946135,442.27631946135,461.51630387272,0.03455485445925,0.081891990569499,0.055879962774169,0.062143305028748,656.75801612985,-0.21707557975639,0.023699190940839,0.0017569276677535,645.95910734183,0.012695101640479,-0.21672251595041,0,7.2484653785362e-08,4.5576825816619e-12,0,0,4.5852675558386e-13,8.0135844649739e-13,3.6719035582314e-13,0,4.9994164048604e-13,3.3531660007049e-13,0,1.565406476678e-12,2.3222555465049e-13,1.1666336799964e-10,0,0,1.5755922764438e-11,6.2311238012725e-11,1.3168061396567e-11,0,1.870147626299e-11,8.7313281156839e-12,0,4.1057296983682e-11,1.1099466563929e-11
6.475,1063741280.1561,1063741280.1561,1063741280.1561,485963502.37831,485963502.37831,485963502.37831,1,1,1,389387151.31816,7.9457135995586e-05,0.00019153546094031,8.5171040680953e-05,1.0598450025455,306.82177713719,306.82177713719,314.23447469599,314.23447469599,306.82177713719,313.01362191035,313.01362191035,313.01362191035,294.96529399506,294.96529399506,294.96529399506,314.23447469599,0.0027313391421063,-2.314810313263e-11,-2.8204621184287e-09,-0.0023198279524727,-0.0033947855092232,-0.0028332207062787,1.2472299237435e-11,-0.0026832890823886,-0.0035446506663398,-1.2297495667766e-10,-0.0040264572737823,0.0020308440306179,454.04326830801,454.04326830801,461.45596586681,461.45596586681,454.04326830801,460.23511308117,460.23511308117,460.23511308117,442.18678516588,442.18678516588,442.18678516588,461.45596586681,0.034789994081065,0.082543014460206,0.056329817598013,0.062610167197998,656.74557321986,-0.22181762843872,0.025724703806775,0.0025599224150935,645.924205262,0.015675340161353,-0.22046808385579,0,7.7097181461905e-08,4.6617265467128e-12,0,0,4.6874320839595e-13,8.0028998765908e-13,3.8163956933273e-13,0,5.0380084183154e-13,3.5606822059402e-13,0,1.6171556412538e-12,2.3276961303284e-13,1.2325604490607e-10,0,0,1.6418825767022e-11,6.3443018967104e-11,1.3707781251456e-11,0,1.9413958246243e-11,9.234884622378e-12,0,4.3344300424011e-11,1.1428652507588e-11
6.525,1061740895.1365,1061740895.1365,1061740895.1365,483963117.35873,483963117.35873,483963117.35873,1,1,1,389733593.95837,8.012619559759e-05,0.00019301987671221,8.5883653042725e-05,1.0603425161352,306.48708489162,306.48708489162,313.94390742563,313.94390742563,306.48708489162,312.7049764582,312.7049764582,312.7049764582,294.64734738992,294.64734738992,294.64734738992,313.94390742563,0.0027288932121429,-2.8142570732412e-11,-3.2830841434427e-09,-0.0023183088763574,-0.0033886592796832,-0.0028398448878779,1.3667857648935e-11,-0.0026790075646552,-0.003548572135491,-2.3266023168886e-10,-0.0040233262755305,0.0020290079288586,453.93523772475,453.93523772475,461.39206025876,461.39206025876,453.93523772475,460.15312929133,460.15312929133,460.15312929133,442.09550022305,442.09550022305,442.09550022305,461.39206025876,0.034667602602088,0.083193498045401,0.056779132752824,0.063076778558788,656.72880834253,-0.21942230586591,0.010980992951806,-0.0017317021357111,645.89484984589,0.0056406683697351,-0.22150756276742,0,8.1838482692957e-08,4.7577107452883e-12,0,0,4.7876301575678e-13,8.0174035549737e-13,3.9735976399188e-13,0,5.0649344243247e-13,3.7709398921241e-13,0,1.6681479536366e-12,2.3334214746413e-13,1.2998446396791e-10,0,0,1.7095898917068e-11,6.457685105135e-11,1.4269732818834e-11,0,2.0130248141784e-11,9.7681760562116e-12,0,4.5703417884089e-11,1.1758648137205e-11
6.575,1059765292.0638,1059765292.0638,1059765292.0638,481987514.28604,481987514.28604,481987514.28604,1,1,1,390069205.27327,8.0792690595736e-05,0.00019450417878537,8.6593361695982e-05,1.0608400010837,306.15710003716,306.15710003716,313.65645546134,313.65645546134,306.15710003716,312.4000310654,312.4000310654,312.4000310654,294.33387089945,294.33387089945,294.33387089945,313.65645546134,0.0027334571296774,-3.3432323738989e-11,-3.7850857454486e-09,-0.0023197321736331,-0.0033857788203688,-0.0028431036316287,1.4820996281061e-11,-0.0026800402731888,-0.0035444583170157,-4.364679631694e-10,-0.0040113214393237,0.0020289047280432,453.82518139325,453.82518139325,461.32453681743,461.32453681743,453.82518139325,460.06811242149,460.06811242149,460.06811242149,442.00195225554,442.00195225554,442.00195225554,461.32453681743,0.034399409683213,0.08384347293037,0.057227954213261,0.063543147818406,656.71072487814,-0.2216154150893,0.0096100895025354,-0.0010274535206613,645.86484737967,0.0060297016485396,-0.22528012479204,0,8.6699927112984e-08,4.8401190157034e-12,0,0,4.8836080165091e-13,8.0443817903345e-13,4.1404815294915e-13,0,5.0824287450845e-13,3.9906455442839e-13,0,1.7191544772373e-12,2.3388506621381e-13,1.3682942592342e-10,0,0,1.7786545386094e-11,6.571449843423e-11,1.485528533221e-11,0,2.0849012107893e-11,1.0332538561347e-11,0,4.8134669461613e-11,1.2089411569881e-11
6.625,1057815020.3921,1057815020.3921,1057815020.3921,480037242.61435,480037242.61435,480037242.61435,1,1,1,390392131.21261,8.1458651879771e-05,0.00019598839522292,8.7299424968453e-05,1.0613374606419,305.83179612694,305.83179612694,313.37218799951,313.37218799951,305.83179612694,312.0988410149,312.0988410149,312.0988410149,294.02504902684,294.02504902684,294.02504902684,313.37218799951,0.002735397160037,-3.9074707535728e-11,-4.3327992641886e-09,-0.0023203914057591,-0.0033834817587042,-0.0028458986416841,1.5927606287498e-11,-0.0026807199504622,-0.0035417086490538,-8.1255200857836e-10,-0.0040019000787677,0.0020285165063349,453.71327998829,453.71327998829,461.25367186086,461.25367186086,453.71327998829,459.98032487626,459.98032487626,459.98032487626,441.90653288819,441.90653288819,441.90653288819,461.25367186086,0.034451638464211,0.084492935037767,0.057676282192148,0.064009273214131,656.69024818903,-0.22605802492095,0.0066058799950673,-0.0011370048470332,645.83633376692,0.0022695715327979,-0.22704467855844,0,9.1676844139864e-08,4.9132661102017e-12,0,0,4.9766285715103e-13,8.0892827990057e-13,4.3217945007601e-13,0,5.0913640094997e-13,4.2199160253405e-13,0,1.7692449857172e-12,2.3454143332402e-13,1.4377783349201e-10,0,0,1.8490346948166e-11,6.6858495778652e-11,1.5466479371887e-11,0,2.1569039711215e-11,1.0929324808858e-11,0,5.0636759715574e-11,1.2421103245826e-11
6.675,1055889819.4801,1055889819.4801,1055889819.4801,478112041.70233,478112041.70233,478112041.70233,1,1,1,390703764.22459,8.2120510231936e-05,0.00019747254728577,8.8004660483364e-05,1.0618348697918,305.51097394351,305.51097394351,313.09108054074,313.09108054074,305.51097394351,311.80146551383,311.80146551383,311.80146551383,293.72090303174,293.72090303174,293.72090303174,313.09108054074,0.0027422446816507,-4.4914323344404e-11,-4.9146592940145e-09,-0.0023195362703672,-0.0033816792356655,-0.0028462878395092,1.6959499103631e-11,-0.0026808709574131,-0.0035373999672231,-1.4952195542016e-09,-0.0039918837352591,0.0020281528871253,453.59956851937,453.59956851937,461.1796751166,461.1796751166,453.59956851937,459.89006008969,459.89006008969,459.89006008969,441.8094976076,441.8094976076,441.8094976076,461.1796751166,0.034376355158626,0.085141869405973,0.058124109677473,0.064475155307563,656.67137132965,-0.22755280813194,0.01302835868299,-0.00056612472653642,645.81428599701,2.12895954948e-05,-0.22906313248337,0,9.6762382768067e-08,4.9746953138174e-12,0,0,5.0665357486514e-13,8.1478425190207e-13,4.5179112757646e-13,0,5.0915523344953e-13,4.4567294511445e-13,0,1.8182570782571e-12,2.3541858660989e-13,1.5081311507349e-10,0,0,1.9206863305166e-11,6.80107747181e-11,1.6105408511865e-11,0,2.2289093947712e-11,1.1559601532221e-11,0,5.3208163535527e-11,1.2754035403845e-11
6.725,1053987903.4941,1053987903.4941,1053987903.4941,476210125.71632,476210125.71632,476210125.71632,1,1,1,391030407.99172,8.278223701347e-05,0.00019895664478071,8.8706330580765e-05,1.0623322463104,305.19416573446,305.19416573446,312.81289766545,312.81289766545,305.19416573446,311.50737076236,311.50737076236,311.50737076236,293.42147091354,293.42147091354,293.42147091354,312.81289766545,0.0027452289937684,-5.0883780259012e-11,-5.5525674602889e-09,-0.0023227994556988,-0.0033772126537361,-0.0028515114642115,1.7852136234135e-11,-0.0026836903433829,-0.0035334338288766,-2.7258952540117e-09,-0.0039772432414022,0.0020277456739793,453.48391332637,453.48391332637,461.10264525736,461.10264525736,453.48391332637,459.79711835427,459.79711835427,459.79711835427,441.71121850545,441.71121850545,441.71121850545,461.10264525736,0.034427597102948,0.085790265618005,0.058571417926311,0.064940798656476,656.65146269671,-0.23078901442034,0.0076472038073951,-0.00044080159709446,645.79313596932,0.0043490940798886,-0.23223153394772,0,1.0195914008785e-07,5.0339354739892e-12,0,0,5.1537435483752e-13,8.2189352874481e-13,4.7379182594955e-13,0,5.0864618493854e-13,4.700862287252e-13,0,1.8680957323948e-12,2.3661044003382e-13,1.5793217489291e-10,0,0,1.9935712707476e-11,6.9173107693278e-11,1.6775451337865e-11,0,2.3008428280902e-11,1.2224403852369e-11,0,5.5850049856091e-11,1.308865309714e-11
6.775,1052107848.8708,1052107848.8708,1052107848.8708,474330071.09301,474330071.09301,474330071.09301,1,1,1,391343948.02708,8.3440532744898e-05,0.00020044064680219,8.9406169722709e-05,1.0628295799292,304.88153114591,304.88153114591,312.5374392737,312.5374392737,304.88153114591,311.2164054528,311.2164054528,311.2164054528,293.12615249112,293.12615249112,293.12615249112,312.5374392737,0.0027502694185382,-5.6865994318976e-11,-6.2217161452141e-09,-0.0023233344217182,-0.0033738206570851,-0.0028527162672558,1.8642976750921e-11,-0.0026852595631479,-0.0035297221277852,-4.8891172119569e-09,-0.0039662583075993,0.0020276954069465,453.3665117825,453.3665117825,461.0224199103,461.0224199103,453.3665117825,459.7013860894,459.7013860894,459.7013860894,441.61113312772,441.61113312772,441.61113312772,461.0224199103,0.034419714463246,0.086438120379783,0.05901821993325,0.065406200493159,656.63167295341,-0.2333734436159,0.012227044113475,-0.00021526977791086,645.77655952139,0.0050929554158286,-0.23412116891123,0,1.0726325347431e-07,5.0849541985593e-12,0,0,5.2363854308592e-13,8.3160976257776e-13,4.9782712600728e-13,0,5.0734620080601e-13,4.9512029300437e-13,0,1.9157331521226e-12,2.3805431348009e-13,1.6512338608456e-10,0,0,2.0676249436889e-11,7.0349181498117e-11,1.7479485211181e-11,0,2.37259241589e-11,1.2924609685742e-11,0,5.855930566171e-11,1.3425312735845e-11
6.825,1050246659.3897,1050246659.3897,1050246659.3897,472468881.61188,472468881.61188,472468881.61188,1,1,1,391645684.19205,8.4097484985889e-05,0.00020192457507626,9.0103254693301e-05,1.0633268915209,304.5725570855,304.5725570855,312.2641392536,312.2641392536,304.5725570855,310.9280254792,310.9280254792,310.9280254792,292.83452698822,292.83452698822,292.83452698822,312.2641392536,0.0027536575405561,-6.2903654549615e-11,-6.9207842318088e-09,-0.0023253287253663,-0.0033687595440816,-0.0028563175468969,1.9269837097585e-11,-0.0026861145212957,-0.0035272788444713,-8.5941789333872e-09,-0.0039548629808202,0.002027875741982,453.24737425758,453.24737425758,460.93895642568,460.93895642568,453.24737425758,459.60284265129,459.60284265129,459.60284265129,441.5093441603,441.5093441603,441.5093441603,460.93895642568,0.034469709161916,0.087085437460831,0.059464514686918,0.065871362386586,656.60932365128,-0.23542910873084,0.011672212229093,-0.0010916002445644,645.76063280761,0.0065613645891088,-0.23700348959457,0,1.1267344069787e-07,5.1305704959258e-12,0,0,5.3170350606707e-13,8.4236647787448e-13,5.2473918850374e-13,0,5.0530100619008e-13,5.2035905157041e-13,0,1.9633343008794e-12,2.3996422901076e-13,1.7237910846261e-10,0,0,2.1428191746331e-11,7.1540467595616e-11,1.8221578488272e-11,0,2.4440527694935e-11,1.3660508513777e-11,0,6.1335879657486e-11,1.3764673402996e-11
6.875,1048406477.9234,1048406477.9234,1048406477.9234,470628700.14558,470628700.14558,470628700.14558,1,1,1,391935876.62327,8.4753746033215e-05,0.00020340844354866,9.0798031879038e-05,1.0638241977338,304.26782086174,304.26782086174,311.99324477188,311.99324477188,304.26782086174,310.6426561407,310.6426561407,310.6426561407,292.54682209168,292.54682209168,292.54682209168,311.99324477188,0.0027571993039924,-6.8949030746862e-11,-7.6463438475067e-09,-0.0023262865177488,-0.0033650085986217,-0.0028594624288051,1.9733924576168e-11,-0.0026861073156462,-0.0035255656668536,-1.4700147778642e-08,-0.0039450060654889,0.0020274362855038,453.12696629706,453.12696629706,460.8523902072,460.8523902072,453.12696629706,459.50180157602,459.50180157602,459.50180157602,441.40596752701,441.40596752701,441.40596752701,460.8523902072,0.034459265922112,0.087732243970693,0.059910332321579,0.06633628285257,656.58279297716,-0.23918342360105,0.0084311422543111,-0.00099092445709499,645.74293607975,0.004272697671914,-0.23975407338976,0,1.1819032641585e-07,5.1729912656659e-12,0,0,5.3969860299741e-13,8.5420618532212e-13,5.5503027713312e-13,0,5.0254496323894e-13,5.4578996343582e-13,0,2.0098043248178e-12,2.4234286316324e-13,1.7969482286855e-10,0,0,2.2191440830284e-11,7.2748497567961e-11,1.9006509833721e-11,0,2.515123359765e-11,1.4432372082275e-11,0,6.4178172191359e-11,1.4107397966826e-11
6.925,1046585849.6867,1046585849.6867,1046585849.6867,468808071.90894,468808071.90894,468808071.90894,1,1,1,392215334.0964,8.5407014819484e-05,0.00020489220294276,9.1490353933582e-05,1.0643214457642,303.96652665857,303.96652665857,311.72473404636,311.72473404636,303.96652665857,310.36020288223,310.36020288223,310.36020288223,292.26297351773,292.26297351773,292.26297351773,311.72473404636,0.0027616426883641,-7.4667834544099e-11,-8.3773980110685e-09,-0.0023278919289961,-0.0033598532297142,-0.0028621627578029,2.0055520567184e-11,-0.0026877043652998,-0.0035218097230906,-2.418038426673e-08,-0.0039321776728881,0.0020280654855039,453.00476476962,453.00476476962,460.76297215741,460.76297215741,453.00476476962,459.39844099328,459.39844099328,459.39844099328,441.30121162879,441.30121162879,441.30121162879,460.76297215741,0.034371231540112,0.088378469215061,0.060355608468705,0.066800967231236,656.55851464103,-0.24060933057588,0.011333566366264,-0.001429471512223,645.7319256966,0.0057407440926135,-0.24193349974413,0,1.238120360285e-07,5.2112462534944e-12,0,0,5.4770541150521e-13,8.6640813403044e-13,5.8818800878784e-13,0,4.9916289541506e-13,5.7121132993549e-13,0,2.0553738187773e-12,2.4518925714774e-13,1.8706463799711e-10,0,0,2.2966013251419e-11,7.3973783701657e-11,1.9838333292974e-11,0,2.5857156534179e-11,1.5240186892051e-11,0,6.7084909721621e-11,1.4454147939632e-11
6.975,1044784149.5152,1044784149.5152,1044784149.5152,467006371.73739,467006371.73739,467006371.73739,1,1,1,392483966.51083,8.605848229884e-05,0.00020637588999779,9.2179480146494e-05,1.0648186742724,303.66876141118,303.66876141118,311.45840159482,311.45840159482,303.66876141118,310.08062567378,310.08062567378,310.08062567378,291.9827143584,291.9827143584,291.9827143584,311.45840159482,0.0027666988597208,-8.0124045730534e-11,-9.1105786952672e-09,-0.0023298305216675,-0.003355240207314,-0.0028652349384859,2.0158801109614e-11,-0.0026887768734074,-0.0035192363228395,-3.7760647309428e-08,-0.0039196737947394,0.0020277125295441,452.88107976065,452.88107976065,460.67071994428,460.67071994428,452.88107976065,459.29294402324,459.29294402324,459.29294402324,441.19503270786,441.19503270786,441.19503270786,460.67071994428,0.034431054244439,0.089024163205082,0.060800390817212,0.067265413397855,656.53202813143,-0.24306495439445,0.011244122738168,-0.0009063321435022,645.7208079312,0.0078804855584897,-0.24458253003211,0,1.2953866994516e-07,5.2471896162091e-12,0,0,5.5584669007742e-13,8.791808751823e-13,6.2502571639856e-13,0,4.9514774149414e-13,5.9574536283982e-13,0,2.0998844304399e-12,2.4868718117602e-13,1.944852847167e-10,0,0,2.3752099179127e-11,7.5217133219119e-11,2.0722253137937e-11,0,2.6557401185578e-11,1.60826980639e-11,0,7.0054594762565e-11,1.480584472404e-11
7.025,1043000542.7389,1043000542.7389,1043000542.7389,465222764.96108,465222764.96108,465222764.96108,1,1,1,392769129.83208,8.6708260166642e-05,0.00020785950058389,9.2866542904262e-05,1.0653158839439,303.37417597218,303.37417597218,311.19440490899,311.19440490899,303.37417597218,309.80375413325,309.80375413325,309.80375413325,291.70584482882,291.70584482882,291.70584482882,311.19440490899,0.0027708372845606,-8.5506036542604e-11,-9.850357377255e-09,-0.0023314563050901,-0.0033502985049862,-0.0028679762814631,2.0192033547676e-11,-0.0026894706749054,-0.0035171029449679,-5.5414868357776e-08,-0.0039083398088566,0.0020279651490682,452.75561816159,452.75561816159,460.57584709841,460.57584709841,452.75561816159,459.18519632267,459.18519632267,459.18519632267,441.08728701824,441.08728701824,441.08728701824,460.57584709841,0.034406846421351,0.089669320303578,0.061244678684813,0.067729621812885,656.5027874663,-0.24539432376135,0.012503013491384,-0.001187913100774,645.71003084545,0.0076533432442274,-0.24697741096262,0,1.353723606302e-07,5.2826588484344e-12,0,0,5.6413093134008e-13,8.9247894386421e-13,6.6524902473258e-13,0,4.9082672086598e-13,6.1899382087135e-13,0,2.1431586245962e-12,2.5277914556825e-13,2.0195609250554e-10,0,0,2.4549900793182e-11,7.6479289045665e-11,2.1663057331069e-11,0,2.7251534991002e-11,1.6958087520401e-11,0,7.3085478755786e-11,1.5163328419988e-11
7.075,1041236170.8277,1041236170.8277,1041236170.8277,463458393.04988,463458393.04988,463458393.04988,1,1,1,393043137.39095,8.7356757547875e-05,0.00020934304753049,9.3551091309845e-05,1.0658130776113,303.08324522132,303.08324522132,310.93264924031,310.93264924031,303.08324522132,309.52974626822,309.52974626822,309.52974626822,291.43265015906,291.43265015906,291.43265015906,310.93264924031,0.0027755776161553,-9.0329682003721e-11,-1.0569688848744e-08,-0.0023323743090002,-0.003345826940229,-0.0028707416202331,2.0087581260196e-11,-0.00269012380563,-0.0035153634523248,-7.5868956842325e-08,-0.0038967127387569,0.0020278439598329,452.6288500953,452.6288500953,460.47825411429,460.47825411429,452.6288500953,459.0753511422,459.0753511422,459.0753511422,440.97825503304,440.97825503304,440.97825503304,460.47825411429,0.034387624448507,0.09031394571942,0.061688486228699,0.068193591993156,656.47126249263,-0.24883526642007,0.01219771459395,-0.00035438901689507,645.69906629381,0.0058518459667225,-0.24936177250674,0,1.4131073092279e-07,5.315242151247e-12,0,0,5.7270193812026e-13,9.0589651798951e-13,7.0909233485325e-13,0,4.8610505120685e-13,6.4046874939892e-13,0,2.1850562358929e-12,2.5741384991813e-13,2.0947298004313e-10,0,0,2.5359823641269e-11,7.7760420187512e-11,2.2665865327994e-11,0,2.7938991347157e-11,1.7863847112077e-11,0,7.6175614919134e-11,1.5527366577684e-11
7.125,1039491322.3761,1039491322.3761,1039491322.3761,461713544.59828,461713544.59828,461713544.59828,1,1,1,393306321.77196,8.8004796349209e-05,0.00021082650584823,9.4233855285262e-05,1.0663102482422,302.79609348841,302.79609348841,310.67299514004,310.67299514004,302.79609348841,309.25840945934,309.25840945934,309.25840945934,291.16343334974,291.16343334974,291.16343334974,310.67299514004,0.0027782525231957,-9.4686321391691e-11,-1.1320482346424e-08,-0.0023342746422298,-0.0033396741725942,-0.0028743926408112,1.983490553142e-11,-0.0026903902135772,-0.003514520158999,-9.6795373804649e-08,-0.0038856907352487,0.0020280401038474,452.50108127757,452.50108127757,460.3779829292,460.3779829292,452.50108127757,458.9633972485,458.9633972485,458.9633972485,440.8684211389,440.8684211389,440.8684211389,460.3779829292,0.034346918869116,0.090958025332689,0.062131800305346,0.068657325905,656.43795402552,-0.25201587191636,0.0089856347963885,-0.00052018222785287,645.68900697049,0.0039277243384044,-0.25182313428872,0,1.4735574815949e-07,5.3488805225037e-12,0,0,5.8162662966892e-13,9.2010311385831e-13,7.5614435970762e-13,0,4.8101165793285e-13,6.5938937661841e-13,0,2.225728168717e-12,2.6250322161983e-13,2.1703743942157e-10,0,0,2.6182367909185e-11,7.9061642489912e-11,2.3735214936604e-11,0,2.8619244557465e-11,1.8796364511376e-11,0,7.9323269881489e-11,1.5898602193866e-11
7.175,1037762514.5428,1037762514.5428,1037762514.5428,459984736.76498,459984736.76498,459984736.76498,1,1,1,393559356.78741,8.8649855293438e-05,0.00021230986160396,9.491401923381e-05,1.0668073686931,302.51201583872,302.51201583872,310.4149162453,310.4149162453,302.51201583872,308.98961204222,308.98961204222,308.98961204222,290.89735839331,290.89735839331,290.89735839331,310.4149162453,0.0027828391690656,-9.8290212418684e-11,-1.2166555375773e-08,-0.0023367482901861,-0.0033323702105623,-0.0028770377040684,1.9439678394341e-11,-0.0026914903608793,-0.0035124457043769,-1.1636118638662e-07,-0.0038724748209417,0.0020291267728619,452.37186691055,452.37186691055,460.27476731713,460.27476731713,452.37186691055,458.84946311405,458.84946311405,458.84946311405,440.75720946514,440.75720946514,440.75720946514,460.27476731713,0.034310135557808,0.091601520783555,0.062574587364181,0.069120826991241,656.4064723704,-0.25242140044355,0.011823911102248,-0.0015128917471425,645.68422830252,0.0056649398124098,-0.25450448928511,0,1.5351161704468e-07,5.3848879072369e-12,0,0,5.9092172958326e-13,9.3438494861566e-13,8.0585537005578e-13,0,4.7543819837394e-13,6.7642787003649e-13,0,2.265895454837e-12,2.6780896829187e-13,2.2465282093185e-10,0,0,2.7018057433462e-11,8.0383062356722e-11,2.4874866530248e-11,0,2.9291615705676e-11,1.9752977979149e-11,0,8.2527729964639e-11,1.6277341268949e-11
7.225,1036047987.1807,1036047987.1807,1036047987.1807,458270209.40293,458270209.40293,458270209.40293,1,1,1,393802176.55154,8.9293765840997e-05,0.00021379314416178,9.559263174196e-05,1.0673044984704,302.23069727425,302.23069727425,310.15847209558,310.15847209558,302.23069727425,308.72285980341,308.72285980341,308.72285980341,290.63404987948,290.63404987948,290.63404987948,310.15847209558,0.0027869803567934,-1.0116716687675e-10,-1.3310166488971e-08,-0.0023375598638826,-0.0033272883134084,-0.0028798320575415,1.8961730064034e-11,-0.0026915378178887,-0.0035123145130394,-1.3332598534017e-07,-0.0038620674895097,0.0020290370224405,452.24118443757,452.24118443757,460.1689592589,460.1689592589,452.24118443757,458.73334696673,458.73334696673,458.73334696673,440.6445370428,440.6445370428,440.6445370428,460.1689592589,0.034340431661037,0.092244500692358,0.06301691048642,0.069584090487492,656.3692683909,-0.25599122768444,0.010538945237634,-0.00095396043753244,645.67477610606,0.0022792161238637,-0.25720907603481,0,1.5979342819825e-07,5.431621105178e-12,0,0,6.00570853291e-13,9.4974136782257e-13,8.5713205915758e-13,0,4.6974904951273e-13,6.9133009630148e-13,0,2.3040169095477e-12,2.7320150602566e-13,2.3233429316446e-10,0,0,2.7867392879352e-11,8.1726199479843e-11,2.6087034313054e-11,0,2.9955941182409e-11,2.0730666377415e-11,0,8.5786101926058e-11,1.6663706544032e-11
7.275,1034351472.9434,1034351472.9434,1034351472.9434,456573695.16557,456573695.16557,456573695.16557,1,1,1,394035678.85814,8.9934236986401e-05,0.00021527631577326,9.6267847038443e-05,1.0678015831599,301.95269184011,301.95269184011,309.90410561537,309.90410561537,301.95269184011,308.45862006681,308.45862006681,308.45862006681,290.37435682181,290.37435682181,290.37435682181,309.90410561537,0.0027920818649728,-1.0276485173535e-10,-1.5059059821432e-08,-0.0023404823014374,-0.0033208836311309,-0.0028828313715423,1.8355133905056e-11,-0.0026944415876882,-0.0035092785643991,-1.4747932091975e-07,-0.0038464501910975,0.0020296335602329,452.10943071693,452.10943071693,460.06084449219,460.06084449219,452.10943071693,458.61535894363,458.61535894363,458.61535894363,440.53109569863,440.53109569863,440.53109569863,460.06084449219,0.034267235310372,0.092886897202887,0.063458701545032,0.07004712339431,656.33329989511,-0.25796959778707,0.012220985896487,5.9579522579191e-05,645.66968316059,0.005444689258721,-0.25920844238777,0,1.6622429908379e-07,5.4950075464204e-12,0,0,6.1013422792627e-13,9.6531999583592e-13,9.0978505346356e-13,0,4.63778593839e-13,7.0494840119362e-13,0,2.3415412877427e-12,2.7829818834788e-13,2.4010540736195e-10,0,0,2.8730252979354e-11,8.3091368109984e-11,2.7373664674506e-11,0,3.0611823159754e-11,2.1727613967156e-11,0,8.909754137204e-11,1.7057279616377e-11
7.325,1032673912.1449,1032673912.1449,1032673912.1449,454896134.3671,454896134.3671,454896134.3671,1,1,1,394247698.61295,9.0574198562994e-05,0.00021675939862103,9.6941481555644e-05,1.0682986675642,301.67836826829,301.67836826829,309.65215354691,309.65215354691,301.67836826829,308.1968745325,308.1968745325,308.1968745325,290.11824109612,290.11824109612,290.11824109612,309.65215354691,0.0027946042077634,-1.0290416436846e-10,-1.7972313320342e-08,-0.0023428822488948,-0.0033133983225022,-0.0028869721835848,1.7656159738841e-11,-0.0026944023463305,-0.0035099295354365,-1.5872283850654e-07,-0.0038351061794961,0.0020302651477388,451.97694728103,451.97694728103,459.95073255964,459.95073255964,451.97694728103,458.49545354523,458.49545354523,458.49545354523,440.41682010886,440.41682010886,440.41682010886,459.95073255964,0.034319710258357,0.093528758182762,0.063900004033584,0.070509921910514,656.29273280914,-0.26123148820793,0.0077832224758451,-0.00024711391717336,645.6614475598,0.0031459959680268,-0.26181588236578,0,1.7284807254919e-07,5.5908637100949e-12,0,0,6.2003580076992e-13,9.8192478372867e-13,9.6266117290872e-13,0,4.5771461663877e-13,7.1598301950645e-13,0,2.378723490723e-12,2.8298697816503e-13,2.4801208264615e-10,0,0,2.9607116017959e-11,8.4480019456363e-11,2.8735073161204e-11,0,3.1259129378301e-11,2.2740166863771e-11,0,9.2461564393756e-11,1.7457483638873e-11
7.375,1031011971.3159,1031011971.3159,1031011971.3159,453234193.53812,453234193.53812,453234193.53812,1,1,1,394451755.64767,9.1210465004108e-05,0.00021824235686627,9.7613184260073e-05,1.0687957104065,301.40670600469,301.40670600469,309.40208530962,309.40208530962,301.40670600469,307.93770289071,307.93770289071,307.93770289071,289.86501305459,289.86501305459,289.86501305459,309.40208530962,0.0027997372136274,-1.0090998289482e-10,-2.275094513866e-08,-0.0023446824916844,-0.0033057095822208,-0.0028891053376576,1.6832814474846e-11,-0.0026951423473592,-0.0035088791671536,-1.6781680591806e-07,-0.0038221291718742,0.0020315949547478,451.84311276152,451.84311276152,459.83849206645,459.83849206645,451.84311276152,458.37410964753,458.37410964753,458.37410964753,440.30141981141,440.30141981141,440.30141981141,459.83849206645,0.034219125077274,0.09417003624449,0.06434078171639,0.070972489064311,656.25299311366,-0.26251176139115,0.011550558637298,0.00028733565484987,645.65716414689,0.0030596091847908,-0.26427084956007,0,1.797218636234e-07,5.7279160788194e-12,0,0,6.3008168675628e-13,9.9875338813828e-13,1.0139654560414e-12,0,4.5118138605118e-13,7.2570716677029e-13,0,2.4144342022998e-12,2.869429882639e-13,2.5611257924895e-10,0,0,3.0498186084773e-11,8.5892470043335e-11,3.0169036860915e-11,0,3.1897196213545e-11,2.3766471781329e-11,0,9.5876089988106e-11,1.7863282304504e-11
7.425,1029365000.0436,1029365000.0436,1029365000.0436,451587222.2658,451587222.2658,451587222.2658,1,1,1,394647990.28276,9.18442028463e-05,0.0002197252032372,9.8282594333273e-05,1.0692927177274,301.1379137276,301.1379137276,309.15384883383,309.15384883383,301.1379137276,307.68060357106,307.68060357106,307.68060357106,289.61464101293,289.61464101293,289.61464101293,309.15384883383,0.002803541531705,-9.6070772696646e-11,-3.0321483087745e-08,-0.0023481420145692,-0.0032972813583864,-0.0028921673287704,1.5970922922901e-11,-0.0026972745241737,-0.0035082645307029,-1.7547346826301e-07,-0.0038075964732618,0.0020323556887167,451.7082243832,451.7082243832,459.72415948943,459.72415948943,451.7082243832,458.25091422666,458.25091422666,458.25091422666,440.18495166853,440.18495166853,440.18495166853,459.72415948943,0.034227124376109,0.094810723205873,0.064781018335441,0.071434827148909,656.21348325755,-0.26479803932527,0.011526792866335,-0.001190642547945,645.65440770195,0.0066545181491277,-0.26669569674908,0,1.8692332358387e-07,5.9220211658832e-12,0,0,6.4023157813329e-13,1.0161385496347e-12,1.0623773697261e-12,0,4.4462041065259e-13,7.3431740945413e-13,0,2.4496997239998e-12,2.9005073156571e-13,2.644875818984e-10,0,0,3.1403610265629e-11,8.7329506961478e-11,3.167146534554e-11,0,3.2525984428398e-11,2.4804953420865e-11,0,9.9340488561528e-11,1.827347598286e-11
7.475,1027732836.9702,1027732836.9702,1027732836.9702,449955059.19245,449955059.19245,449955059.19245,1,1,1,394836459.0025,9.2476490178945e-05,0.00022120797111033,9.8949667166496e-05,1.0697897304141,300.87171410725,300.87171410725,308.90710724424,308.90710724424,300.87171410725,307.42576564903,307.42576564903,307.42576564903,289.36737356792,289.36737356792,289.36737356792,308.90710724424,0.0028080522644904,-8.8561375131197e-11,-4.1425959714514e-08,-0.0023499196219383,-0.0032907636518869,-0.0028953741076255,1.5063759186403e-11,-0.0026970998557933,-0.0035090462394752,-1.8212380255283e-07,-0.0037953059834207,0.0020326174952784,451.5721568444,451.5721568444,459.6075499814,459.6075499814,451.5721568444,458.12620838619,458.12620838619,458.12620838619,440.06781630508,440.06781630508,440.06781630508,459.6075499814,0.034227942931519,0.09545086097177,0.065220761237126,0.071896932891068,656.16852052608,-0.26753000596713,0.0081232818009726,-0.00016128605430294,645.64846437375,0.0030856282169027,-0.26850370574853,0,1.9453192171302e-07,6.1743437856433e-12,0,0,6.5043833891254e-13,1.0340351605303e-12,1.107601997943e-12,0,4.3800365673151e-13,7.4116637220062e-13,0,2.483519569079e-12,2.9237029210274e-13,2.7321942261881e-10,0,0,3.2323468986006e-11,8.8791853509471e-11,3.3237851112743e-11,0,3.3145415140116e-11,2.5853120956406e-11,0,1.0285271561854e-10,1.8686950015187e-11
7.525,1026114417.7109,1026114417.7109,1026114417.7109,448336639.93315,448336639.93315,448336639.93315,1,1,1,395028514.63623,9.3106597771406e-05,0.0002226906029258,9.9614814693121e-05,1.070286725949,300.6080345104,300.6080345104,308.66182996722,308.66182996722,300.6080345104,307.17306134304,307.17306134304,307.17306134304,289.12282507198,289.12282507198,289.12282507198,308.66182996722,0.0028121941884488,-7.7955161281513e-11,-5.613372665962e-08,-0.0023529510485118,-0.0032825585986321,-0.0028988906069614,1.4076319951569e-11,-0.0026974720995761,-0.0035086070773556,-1.8768045248477e-07,-0.0037814927819489,0.0020343636866401,451.43489902687,451.43489902687,459.48869448369,459.48869448369,451.43489902687,457.99992585951,457.99992585951,457.99992585951,439.94968958845,439.94968958845,439.94968958845,459.48869448369,0.034096718667272,0.096090412246668,0.065659973701324,0.072358811024688,656.12126054915,-0.27044688881511,0.006248175081656,-0.00044459299248119,645.64130683657,0.0017080867427683,-0.27179327139544,0,2.0261459224155e-07,6.4760498827964e-12,0,0,6.6054318254447e-13,1.0524468576181e-12,1.149242015233e-12,0,4.30993762491e-13,7.4614129162767e-13,0,2.5172682107855e-12,2.9383131465835e-13,2.8237794019367e-10,0,0,3.3257618113294e-11,9.0280238129191e-11,3.4863124757134e-11,0,3.3754932364329e-11,2.6908324090473e-11,0,1.0641267046236e-10,1.9102490245427e-11
7.575,1024511769.3349,1024511769.3349,1024511769.3349,446733991.55709,446733991.55709,446733991.55709,1,1,1,395202737.62012,9.3731048332826e-05,0.00022417310149245,0.00010027815057375,1.0707836632427,300.34736251036,300.34736251036,308.41839118236,308.41839118236,300.34736251036,306.92238898679,306.92238898679,306.92238898679,288.88150550878,288.88150550878,288.88150550878,308.41839118236,0.0028182665222855,-6.4868842874254e-11,-7.3433520097922e-08,-0.0023561097758123,-0.0032728863652625,-0.0029004886172605,1.3064352861839e-11,-0.0027001583100428,-0.0035070533499742,-1.9229876259758e-07,-0.0037656609361701,0.0020362493258556,451.29695526034,451.29695526034,459.36798393233,459.36798393233,451.29695526034,457.87198173677,457.87198173677,457.87198173677,439.83109825876,439.83109825876,439.83109825876,459.36798393233,0.034032560125848,0.096729342664999,0.066098628611836,0.072820462770289,656.07698539689,-0.27167523090712,0.012057858735729,-0.0012185212760572,645.64003109588,0.007784359424251,-0.27407397585644,0,2.1121380324102e-07,6.8097903914182e-12,0,0,6.7039770153168e-13,1.0708197185507e-12,1.1854084403744e-12,0,4.2381667376866e-13,7.5010942248977e-13,0,2.5494331511099e-12,2.9442201605023e-13,2.9200843812213e-10,0,0,3.4205703634984e-11,9.1794605898022e-11,3.6539545450463e-11,0,3.4354299652333e-11,2.7969139009022e-11,0,1.1001811340103e-10,1.9518865853586e-11
7.625,1022922054.8446,1022922054.8446,1022922054.8446,445144277.06678,445144277.06678,445144277.06678,1,1,1,395369990.21787,9.4354955140285e-05,0.00022565551858938,0.00010093966654652,1.0712806191626,300.08947963462,300.08947963462,308.17597757476,308.17597757476,300.08947963462,306.67391164952,306.67391164952,306.67391164952,288.64253556494,288.64253556494,288.64253556494,308.17597757476,0.0028224015269152,-5.108484843748e-11,-9.2075272440582e-08,-0.0023578177069827,-0.0032654476063026,-0.0029044094321825,1.2048164592365e-11,-0.0026992296334328,-0.0035088293361276,-1.9669641143361e-07,-0.003753719058681,0.0020369557011568,451.15835942045,451.15835942045,459.24485736059,459.24485736059,451.15835942045,457.74279143535,457.74279143535,457.74279143535,439.71141535076,439.71141535076,439.71141535076,459.24485736059,0.034111186224856,0.097367720261074,0.066536787838082,0.073281884123385,656.0252835804,-0.2747306337178,0.0064936502453403,-9.3483915118538e-05,645.63286407937,0.0024790980440924,-0.27570295436303,0,2.2036437167444e-07,7.1710932466282e-12,0,0,6.8027520189236e-13,1.0898255800573e-12,1.2182239673135e-12,0,4.1674552717477e-13,7.5257168572683e-13,0,2.5817025264857e-12,2.9449233978401e-13,3.0214989544855e-10,0,0,3.5167758051646e-11,9.333585201396e-11,3.8262374307046e-11,0,3.4943666828922e-11,2.9033436093635e-11,0,1.1366919212799e-10,1.9935340914524e-11
7.675,1021346445.5132,1021346445.5132,1021346445.5132,443568667.73542,443568667.73542,443568667.73542,1,1,1,395531089.45981,9.4972864908499e-05,0.00022713779339491,0.00010159899411844,1.07177752741,299.83400062974,299.83400062974,307.9353288081,307.9353288081,299.83400062974,306.42760260986,306.42760260986,306.42760260986,288.40629842667,288.40629842667,288.40629842667,307.9353288081,0.002829040647692,-3.7621517365655e-11,-1.0974145627784e-07,-0.0023609103242209,-0.0032565564781868,-0.0029058148853265,1.1010808563585e-11,-0.0027011796448723,-0.0035072535808232,-2.0010042970501e-07,-0.0037376212591605,0.002039156714762,451.01874626988,451.01874626988,459.12007444824,459.12007444824,451.01874626988,457.61234825,457.61234825,457.61234825,439.59104406681,439.59104406681,439.59104406681,459.12007444824,0.033950191352838,0.098005477935686,0.066974392553407,0.073743081300825,655.97558830378,-0.27727335652343,0.012036810818846,0.00045010074458481,645.62904691308,0.0061199618815326,-0.27812237171497,0,2.3006299891067e-07,7.5319252263584e-12,0,0,6.8960374369394e-13,1.1085533015074e-12,1.2454381829167e-12,0,4.0931711423818e-13,7.5381060138545e-13,0,2.6128209431482e-12,2.9383244149098e-13,3.1280164625445e-10,0,0,3.6143005018641e-11,9.4903583127566e-11,4.0023689876424e-11,0,3.5522528643189e-11,3.0099485269575e-11,0,1.1736427894185e-10,2.0350882738345e-11
7.725,1019782462.3456,1019782462.3456,1019782462.3456,442004684.5678,442004684.5678,442004684.5678,1,1,1,395685776.17901,9.5587314895271e-05,0.00022861994384643,0.00010225674206272,1.0722744260347,299.58091558958,299.58091558958,307.69566682278,307.69566682278,299.58091558958,306.18315420208,306.18315420208,306.18315420208,288.1723454822,288.1723454822,288.1723454822,307.69566682278,0.0028338411609238,-2.5836979815437e-11,-1.2543367923626e-07,-0.0023638612790704,-0.0032470123341136,-0.002908946741971,9.9580332042104e-12,-0.0027013347508812,-0.0035080739407253,-2.0273761222546e-07,-0.0037235968013165,0.0020412525295291,450.87827447192,450.87827447192,458.99302570512,458.99302570512,450.87827447192,457.48051308442,457.48051308442,457.48051308442,439.46970436454,439.46970436454,439.46970436454,458.99302570512,0.033997034312056,0.09864263882423,0.067411462901439,0.074204052963927,655.92208607118,-0.27954876271571,0.012457212862057,0.00027680804869639,645.62342751593,0.0058614898006804,-0.2801792885043,0,2.4030846429852e-07,7.8942628361443e-12,0,0,6.9877998169516e-13,1.127715480552e-12,1.2688499448373e-12,0,4.0185098272448e-13,7.5333574343282e-13,0,2.6441067155037e-12,2.9284244737387e-13,3.2396581982226e-10,0,0,3.7131229145869e-11,9.649841365466e-11,4.1818114677029e-11,0,3.6090831753011e-11,3.1164862894958e-11,0,1.2110361051927e-10,2.076502449906e-11
7.775,1018231849.1077,1018231849.1077,1018231849.1077,440454071.32991,440454071.32991,440454071.32991,1,1,1,395834596.67656,9.6198865910924e-05,0.00023010196314081,0.00010291322804757,1.0727713104922,299.33062216647,299.33062216647,307.45758606102,307.45758606102,299.33062216647,305.94073638304,305.94073638304,305.94073638304,287.94063737059,287.94063737059,287.94063737059,307.45758606102,0.0028372125977501,-1.6253075827523e-11,-1.3851539806559e-07,-0.0023666185450098,-0.0032365638115463,-0.0029132500210388,8.9077478602262e-12,-0.0027005772816303,-0.0035101403357877,-2.0452837478423e-07,-0.0037103531776731,0.0020432413138965,450.737340929,450.737340929,458.86430482356,458.86430482356,450.737340929,457.34745514558,457.34745514558,457.34745514558,439.34735613313,439.34735613313,439.34735613313,458.86430482356,0.033959049313699,0.099279190164151,0.067847985885503,0.074664800068275,655.86556503818,-0.28103109316045,0.008643288629202,-0.00033373571008717,645.61692255506,0.0034220182604594,-0.28189198985854,0,2.5109412071249e-07,8.2542773542019e-12,0,0,7.07582334604e-13,1.1472566377269e-12,1.2878705954428e-12,0,3.9433555025382e-13,7.5168492634482e-13,0,2.675567146839e-12,2.9152705552985e-13,3.3563913080416e-10,0,0,3.8131901679962e-11,9.8120879551256e-11,4.3639438739686e-11,0,3.6648506436306e-11,3.2227905912426e-11,0,1.2488743386537e-10,2.1177306014789e-11
7.825,1016692690.09,1016692690.09,1016692690.09,438914912.31224,438914912.31224,438914912.31224,1,1,1,395977963.51324,9.6805162633843e-05,0.00023158385549306,0.00010356782841812,1.0732681697063,299.08251533386,299.08251533386,307.22105630589,307.22105630589,299.08251533386,305.69985292155,305.69985292155,305.69985292155,287.71104347349,287.71104347349,287.71104347349,307.22105630589,0.0028423708502958,-8.8162992941097e-12,-1.4870767790199e-07,-0.002369772053299,-0.0032265490223095,-0.0029163492252358,7.8675518068575e-12,-0.002700821702505,-0.0035107643686136,-2.0545062362445e-07,-0.0036954585677826,0.0020453780118483,450.59550611962,450.59550611962,458.73404709166,458.73404709166,450.59550611962,457.21284370732,457.21284370732,457.21284370732,439.22403425926,439.22403425926,439.22403425926,458.73404709166,0.033882860232724,0.099915123484635,0.068283956653479,0.075125324595191,655.80769983794,-0.28338181408763,0.0087743304518425,-0.00053721621806635,645.60972589285,0.0039051368702075,-0.2845353658704,0,2.624165921701e-07,8.6137934682328e-12,0,0,7.1575300416075e-13,1.1662013789826e-12,1.3012705541874e-12,0,3.8659864569592e-13,7.4921775443202e-13,0,2.7071887821251e-12,2.8994683832879e-13,3.4782087435042e-10,0,0,3.9144129285755e-11,9.9770137357872e-11,4.5479713205735e-11,0,3.7195239484244e-11,3.3287459821914e-11,0,1.2871597695696e-10,2.1587352765921e-11
7.875,1015167731.1204,1015167731.1204,1015167731.1204,437389953.3426,437389953.3426,437389953.3426,1,1,1,396105377.88631,9.740518841986e-05,0.00023306561074889,0.00010422029530193,1.0737649967068,298.83677476061,298.83677476061,306.9865368113,306.9865368113,298.83677476061,305.46137153271,305.46137153271,305.46137153271,287.48382543475,287.48382543475,287.48382543475,306.9865368113,0.0028488759175261,-3.3593929089725e-12,-1.5642958017866e-07,-0.0023727961001546,-0.003217262563828,-0.0029187943026663,6.8752018232771e-12,-0.0027017431464858,-0.0035102426718608,-2.0609437147757e-07,-0.0036793718220407,0.0020475169353315,450.45285268034,450.45285268034,458.60261473103,458.60261473103,450.45285268034,457.07744945244,457.07744945244,457.07744945244,439.09990335448,439.09990335448,439.09990335448,458.60261473103,0.033848053797595,0.10055043919127,0.068719378364773,0.075585627575577,655.74952932691,-0.28603223203528,0.012328819702169,0.00054156130901498,645.60357449741,0.0062245544579051,-0.28678406359448,0,2.7427750948912e-07,8.9765030659228e-12,0,0,7.2305177505134e-13,1.1844747867567e-12,1.3093430706608e-12,0,3.788674613724e-13,7.4640300664436e-13,0,2.7377733345787e-12,2.8823933941739e-13,3.6051556672893e-10,0,0,4.0166678912331e-11,1.0144523766559e-10,4.7331403934062e-11,0,3.7731038986459e-11,3.4343033076907e-11,0,1.3258777313742e-10,2.1994984748934e-11
7.925,1013653699.3017,1013653699.3017,1013653699.3017,435875921.52394,435875921.52394,435875921.52394,1,1,1,396227961.47273,9.8013236179314e-05,0.00023454723266543,0.00010487184867141,1.0742618286807,298.59309035057,298.59309035057,306.75343146899,306.75343146899,298.59309035057,305.22447455791,305.22447455791,305.22447455791,287.25844619452,287.25844619452,287.25844619452,306.75343146899,0.002851919041102,5.2409675076705e-13,-1.6203403557277e-07,-0.002376213202705,-0.0032062017269636,-0.0029238514557993,5.9144242357581e-12,-0.0027005841525399,-0.0035128838094876,-2.0566944216341e-07,-0.0036661576744139,0.0020495569422768,450.30942087234,450.30942087234,458.46976199076,458.46976199076,450.30942087234,456.94080507968,456.94080507968,456.94080507968,438.97477671629,438.97477671629,438.97477671629,458.46976199076,0.033839407092653,0.10118516105851,0.069154271236087,0.076045708410185,655.68559905428,-0.28875792363154,0.0069614209540423,0.00012693796005732,645.59301262737,0.0042603882870824,-0.28908229846723,0,2.8668367835645e-07,9.3461228569681e-12,0,0,7.3006093629975e-13,1.2030468413101e-12,1.3132262120748e-12,0,3.712251428709e-13,7.4183461954148e-13,0,2.7701957424617e-12,2.8646385518267e-13,3.7373298042886e-10,0,0,4.1199140989805e-11,1.0314660282474e-10,4.9188586253642e-11,0,3.82560306182e-11,3.53921456569e-11,0,1.3650542152684e-10,2.2400105818063e-11
7.975,1012149565.788,1012149565.788,1012149565.788,434371788.01024,434371788.01024,434371788.01024,1,1,1,396346261.65445,9.8637961373669e-05,0.00023602871750439,0.00010552147756066,1.0747586141871,298.35141845298,298.35141845298,306.52143037083,306.52143037083,298.35141845298,304.98901315488,304.98901315488,304.98901315488,287.03492262626,287.03492262626,287.03492262626,306.52143037083,0.002858855005305,3.1744071283033e-12,-1.6561675399092e-07,-0.0023785926603348,-0.0031960696319247,-0.002925752416166,5.0187658765979e-12,-0.0027008554376262,-0.0035129880523833,-2.0481533840655e-07,-0.003650692363741,0.0020517609876551,450.16520722641,450.16520722641,458.33521914427,458.33521914427,450.16520722641,456.80280192832,456.80280192832,456.80280192832,438.84871139969,438.84871139969,438.84871139969,458.33521914427,0.033752682620361,0.10181922878445,0.069588586604919,0.076505570347694,655.62345432074,-0.29074981933602,0.011669667143287,0.0002634636813612,645.58549965307,0.0059249270311283,-0.29157401720903,0,2.9963503929983e-07,9.7173696941264e-12,0,0,7.3641995629043e-13,1.2203245203407e-12,1.3122124653995e-12,0,3.6351117638502e-13,7.3771719655695e-13,0,2.8006974480799e-12,2.8452568756323e-13,3.8747541644089e-10,0,0,4.2240596079593e-11,1.0487240231191e-10,5.1044334918925e-11,0,3.8770113053918e-11,3.6435435321467e-11,0,1.4046620584202e-10,2.2802485904259e-11
8.025,1010655765.7501,1010655765.7501,1010655765.7501,432877987.9723,432877987.9723,432877987.9723,1,1,1,396460212.72171,9.9260558266102e-05,0.00023751005694827,0.00010616988613973,1.075255383828,298.11161986431,298.11161986431,306.29060705849,306.29060705849,298.11161986431,304.75505793481,304.75505793481,304.75505793481,286.81348665799,286.81348665799,286.81348665799,306.29060705849,0.0028628721489868,4.8755180755123e-12,-1.6721424767994e-07,-0.0023825531658491,-0.0031835622587198,-0.0029305643097742,4.1847693403497e-12,-0.00270084484034,-0.0035147116558943,-2.0295273002781e-07,-0.0036356276899715,0.002054319183086,450.02010182021,450.02010182021,458.19908901439,458.19908901439,450.02010182021,456.6635398907,456.6635398907,456.6635398907,438.72196861389,438.72196861389,438.72196861389,458.19908901439,0.033745227807268,0.10245265768447,0.070022330806283,0.076965214667619,655.55808328245,-0.2923146263968,0.0099740680441049,-0.00081542108705414,645.57644048801,0.0076722461474105,-0.29366670803331,0,3.131233822429e-07,1.0084587744046e-11,0,0,7.4191700979071e-13,1.2371468343961e-12,1.3074864717499e-12,0,3.559120088366e-13,7.3215155154415e-13,0,2.8313249109184e-12,2.8260680322391e-13,4.0173717719946e-10,0,0,4.3289825176994e-11,1.0662199214375e-10,5.2893400019893e-11,0,3.9273448643827e-11,3.7470853975373e-11,0,1.4447030393053e-10,2.3202152278197e-11
8.075,1009172571.6895,1009172571.6895,1009172571.6895,431394793.91168,431394793.91168,431394793.91168,1,1,1,396570083.31416,9.988096515406e-05,0.00023899127105265,0.00010681640169871,1.0757521461915,297.87387882654,297.87387882654,306.06099225942,306.06099225942,297.87387882654,304.52294532536,304.52294532536,304.52294532536,286.59381515543,286.59381515543,286.59381515543,306.06099225942,0.0028696726394993,6.0054775385403e-12,-1.6714445093275e-07,-0.0023849380175052,-0.003173757937982,-0.0029333009650589,3.4305184134245e-12,-0.0026998105716065,-0.0035158497236254,-2.009118075625e-07,-0.0036213693743418,0.0020563355477277,449.87435743977,449.87435743977,458.06147087265,458.06147087265,449.87435743977,456.52342393859,456.52342393859,456.52342393859,438.59429376866,438.59429376866,438.59429376866,458.06147087265,0.033715643245572,0.10308548192051,0.070455545525664,0.077424639103037,655.48897716328,-0.29479658116755,0.010953471484458,0.00027180928921682,645.56437834196,0.0068361944243187,-0.29575762861795,0,3.2713455996731e-07,1.0443583748185e-11,0,0,7.4739769647592e-13,1.2521735064917e-12,1.2995968524833e-12,0,3.4837942665368e-13,7.2682288583055e-13,0,2.8642342694795e-12,2.8068966200932e-13,4.1650663497592e-10,0,0,4.4346805135837e-11,1.0839283289908e-10,5.4731307514293e-11,0,3.9766131553852e-11,3.8498736757958e-11,0,1.4852094288024e-10,2.3599107405028e-11
8.125,1007697371.3606,1007697371.3606,1007697371.3606,429919593.58284,429919593.58284,429919593.58284,1,1,1,396675976.41724,0.00010049939366328,0.00024047233236261,0.00010746241604751,1.0762488956396,297.63768658611,297.63768658611,305.83226117312,305.83226117312,297.63768658611,304.29200382514,304.29200382514,304.29200382514,286.37570260835,286.37570260835,286.37570260835,305.83226117312,0.0028740346216517,6.6575545622878e-12,-1.645279048307e-07,-0.002387452854188,-0.0031614482652442,-0.0029379178205574,2.7463247944623e-12,-0.0026981300522562,-0.0035185722173127,-1.9793990719257e-07,-0.003607996500201,0.0020588390260187,449.72767512691,449.72767512691,457.92224971392,457.92224971392,449.72767512691,456.38199236594,456.38199236594,456.38199236594,438.46569114915,438.46569114915,438.46569114915,457.92224971392,0.033646267304587,0.10371765039994,0.070888181135998,0.077883848162918,655.41665540485,-0.29670251240593,0.0076849991116928,-0.00086429562152344,645.55029198345,0.0033540897480593,-0.29800437620531,0,3.4161359974728e-07,1.0765125672795e-11,0,0,7.5245294627477e-13,1.2662365991523e-12,1.2898539073586e-12,0,3.4093399856568e-13,7.1993705940151e-13,0,2.8958074786197e-12,2.7864550003413e-13,4.3173082170304e-10,0,0,4.5410934297506e-11,1.1018356187077e-10,5.6555436403559e-11,0,4.0248285038498e-11,3.9516881511419e-11,0,1.5261623309052e-10,2.3993171650271e-11
8.175,1006232194.6989,1006232194.6989,1006232194.6989,428454416.92115,428454416.92115,428454416.92115,1,1,1,396778263.86481,0.00010111447123401,0.00024195324188498,0.00010810613905457,1.076745603983,297.40327708358,297.40327708358,305.60461449807,305.60461449807,297.40327708358,304.06283895877,304.06283895877,304.06283895877,286.15941903406,286.15941903406,286.15941903406,305.60461449807,0.0028810960935663,6.9801960672563e-12,-1.6129571935731e-07,-0.0023909316175127,-0.003150689287191,-0.0029407479455553,2.1333720988614e-12,-0.0026980973812384,-0.0035181831467422,-1.9468707985765e-07,-0.0035914797489737,0.002061356896393,449.58024577864,449.58024577864,457.78158319313,457.78158319313,449.58024577864,456.23980765383,456.23980765383,456.23980765383,438.33638772912,438.33638772912,438.33638772912,457.78158319313,0.033573614060958,0.10434916825313,0.071320241924417,0.078342842537901,655.34453066674,-0.29857215540372,0.010309277590646,0.00049808177581098,645.53775565676,0.0055145145792862,-0.29956087761679,0,3.5651895758478e-07,1.1059172064474e-11,0,0,7.5671568231703e-13,1.2768088145813e-12,1.2776807648371e-12,0,3.3357731946551e-13,7.1366381167755e-13,0,2.9272526992837e-12,2.7692094642888e-13,4.4737085282523e-10,0,0,4.6481091878299e-11,1.1198924221291e-10,5.8362349869575e-11,0,4.0720034607786e-11,4.0526154552868e-11,0,1.5675599355834e-10,2.4384797008416e-11
8.225,1004775335.193,1004775335.193,1004775335.193,426997557.41518,426997557.41518,426997557.41518,1,1,1,396876694.10803,0.00010172747746033,0.00024343400897828,0.00010874879410542,1.0772423034375,297.17055854996,297.17055854996,305.37778239112,305.37778239112,297.17055854996,303.8350827061,303.8350827061,303.8350827061,285.9446683663,285.9446683663,285.9446683663,305.37778239112,0.0028870838332075,7.087729692029e-12,-1.5578528556576e-07,-0.0023945147525654,-0.0031384485876491,-0.0029445179485615,1.581287743073e-12,-0.0026973484490682,-0.0035195363321825,-1.9077699835576e-07,-0.0035763513426614,0.0020642480432662,449.43208579081,449.43208579081,457.63930963197,457.63930963197,449.43208579081,456.09660994695,456.09660994695,456.09660994695,438.20619560715,438.20619560715,438.20619560715,457.63930963197,0.033578071153483,0.10498004084375,0.071751733131011,0.078801622968026,655.268734181,-0.30029094164395,0.010881818969894,0.00020009465135679,645.52241043856,0.0071398806920923,-0.30094064300959,0,3.7175088642562e-07,1.1284062910797e-11,0,0,7.6026446914758e-13,1.2851603621802e-12,1.2640936424931e-12,0,3.2636229412191e-13,7.0623709135166e-13,0,2.9581838110761e-12,2.7519182674748e-13,4.6332892763235e-10,0,0,4.7556268201558e-11,1.1380673342693e-10,6.0150048242898e-11,0,4.118158059038e-11,4.1524924625708e-11,0,1.6093949722396e-10,2.4773977022056e-11
8.275,1003326323.2077,1003326323.2077,1003326323.2077,425548545.42992,425548545.42992,425548545.42992,1,1,1,396971620.06646,0.00010233807051306,0.00024491461397206,0.00010939064047909,1.077738984444,296.93940273913,296.93940273913,305.15160410639,305.15160410639,296.93940273913,303.60874901017,303.60874901017,303.60874901017,285.73139794452,285.73139794452,285.73139794452,305.15160410639,0.0028929282491531,7.048085307202e-12,-1.4875517454311e-07,-0.0023977545782545,-0.0031260022350623,-0.0029482822607656,1.0983157801807e-12,-0.0026959073164137,-0.0035211030938949,-1.8644208203003e-07,-0.003561591131694,0.0020673693117717,449.28314791177,449.28314791177,457.49534927903,457.49534927903,449.28314791177,455.95249418281,455.95249418281,455.95249418281,438.07514311716,438.07514311716,438.07514311716,457.49534927903,0.033562432881641,0.10561025928904,0.07218264880114,0.079260190798221,655.19063946481,-0.30283123192386,0.011343147008314,3.5699535758643e-05,645.50442032516,0.0075474591990277,-0.30382277443184,0,3.8719413829228e-07,1.1428789776035e-11,0,0,7.6338268817621e-13,1.2909025724141e-12,1.2497189434784e-12,0,3.1915431845955e-13,6.985630333224e-13,0,2.9887128558678e-12,2.7362569388868e-13,4.7949167713513e-10,0,0,4.8635854352458e-11,1.1563234535254e-10,6.191741772192e-11,0,4.1632932956036e-11,4.2512841941605e-11,0,1.6516617547877e-10,2.5160942189367e-11
8.325,1001887838.597,1001887838.597,1001887838.597,424110060.81922,424110060.81922,424110060.81922,1,1,1,397063225.83078,0.00010294707515593,0.00024639506935233,0.00011003173704873,1.0782356465025,296.71040301261,296.71040301261,304.92693698273,304.92693698273,296.71040301261,303.38373275113,303.38373275113,303.38373275113,285.51987940248,285.51987940248,285.51987940248,304.92693698273,0.002897765451884,6.9088828073804e-12,-1.4066876467884e-07,-0.0024004209976622,-0.0031128038046806,-0.0029531243565023,6.6803044231503e-13,-0.0026936083838063,-0.0035238595460847,-1.8154739594976e-07,-0.0035482739754004,0.0020699136317278,449.13399329642,449.13399329642,457.35052726655,457.35052726655,449.13399329642,455.80732303494,455.80732303494,455.80732303494,437.94346968629,437.94346968629,437.94346968629,457.35052726655,0.033534488675271,0.10623981911465,0.072612984577545,0.079718546482561,655.10968574133,-0.30466931235235,0.0079013026426039,-0.00035441036155057,645.48509710611,0.004362132409748,-0.30563202777989,0,4.0273071104201e-07,1.1491492443848e-11,0,0,7.6609021456257e-13,1.2949147436176e-12,1.2342806263425e-12,0,3.1204226524466e-13,6.9007076744449e-13,0,3.0195550287739e-12,2.7230297743516e-13,4.9574310160113e-10,0,0,4.9719269523893e-11,1.1746363134508e-10,6.3662954123468e-11,0,4.2074227359578e-11,4.3488749379923e-11,0,1.6943647115279e-10,2.5546036753131e-11
8.375,1000459231.3769,1000459231.3769,1000459231.3769,422681453.59912,422681453.59912,422681453.59912,1,1,1,397151711.60419,0.000103552514417,0.00024787536696232,0.00011067114845137,1.0787322720533,296.48303469109,296.48303469109,304.70342015511,304.70342015511,296.48303469109,303.16038090075,303.16038090075,303.16038090075,285.31015000707,285.31015000707,285.31015000707,304.70342015511,0.0029053614172612,6.7195693915191e-12,-1.3195239050052e-07,-0.0024038361689314,-0.0031007284297483,-0.0029555930403096,3.0514158074398e-13,-0.0026933560241539,-0.0035238917763431,-1.7664768777584e-07,-0.0035318826486218,0.0020731785965569,448.98417356663,448.98417356663,457.20455903065,457.20455903065,448.98417356663,455.6615197763,455.6615197763,455.6615197763,437.81128888261,437.81128888261,437.81128888261,457.20455903065,0.033466798311576,0.10686872300087,0.07304274576833,0.080176692123046,655.02888049031,-0.30679608622,0.012391942222987,0.00045805844132887,645.46631554096,0.0079431133878015,-0.30739084248289,0,4.1823992763126e-07,1.1469762643484e-11,0,0,7.6805147238433e-13,1.2948579834556e-12,1.2181659639694e-12,0,3.0501205156465e-13,6.8180750483347e-13,0,3.0476859213362e-12,2.7120066812684e-13,5.1196379548875e-10,0,0,5.080545833274e-11,1.1929483706663e-10,6.5385700950935e-11,0,4.2505579539588e-11,4.4452970800186e-11,0,1.737465499166e-10,2.592957241612e-11
8.425,999038342.91624,999038342.91624,999038342.91624,421260565.13846,421260565.13846,421260565.13846,1,1,1,397232033.4901,0.0001041557366953,0.00024935552252672,0.00011130899229301,1.0792288792449,296.25749106184,296.25749106184,304.48103397965,304.48103397965,296.25749106184,302.93791955029,302.93791955029,302.93791955029,285.10152155781,285.10152155781,285.10152155781,304.48103397965,0.0029132007864353,6.4580496578558e-12,-1.2319975015829e-07,-0.0024062847203263,-0.0030895522866273,-0.002958734972923,-2.8417901459378e-15,-0.0026902613312762,-0.0035251274364246,-1.7132479270552e-07,-0.003517737847172,0.0020756707329594,448.83410190625,448.83410190625,457.05764482406,457.05764482406,448.83410190625,455.5145303947,455.5145303947,455.5145303947,437.67813240222,437.67813240222,437.67813240222,457.05764482406,0.033486263274304,0.10749696593375,0.073471929670376,0.080634627713452,654.94621343668,-0.31001892491908,0.014590240089793,0.00066904806894871,645.44474649283,0.0048426000271907,-0.31048184780999,0,4.3361982487747e-07,1.1376839062509e-11,0,0,7.6935150870616e-13,1.292894294009e-12,1.202277497517e-12,0,2.9810242792349e-13,6.7284362814986e-13,0,3.074635492694e-12,2.7059786818024e-13,5.2805307558788e-10,0,0,5.1893485670584e-11,1.2112326571194e-10,6.7085978093659e-11,0,4.2927160036134e-11,4.5404515384472e-11,0,1.7809474112972e-10,2.631225559125e-11
8.475,997626126.82541,997626126.82541,997626126.82541,419848349.04763,419848349.04763,419848349.04763,1,1,1,397309571.77127,0.00010475692611094,0.00025083552832379,0.00011194626828018,1.0797254825298,296.03360486903,296.03360486903,304.25985499804,304.25985499804,296.03360486903,302.7166595908,302.7166595908,302.7166595908,284.89443449242,284.89443449242,284.89443449242,304.25985499804,0.0029171498168088,6.2268184457475e-12,-1.148858253568e-07,-0.0024100554741083,-0.0030748184195512,-0.0029644367833671,-2.6724638177568e-13,-0.0026903718666333,-0.0035269041278303,-1.6542603627673e-07,-0.0035028430305911,0.002079424180199,448.68354306302,448.68354306302,456.90979319204,456.90979319204,448.68354306302,455.3665977848,455.3665977848,455.3665977848,437.54437268641,437.54437268641,437.54437268641,456.90979319204,0.033448969345338,0.10812458610426,0.0739005681429,0.081092354102183,654.85834723605,-0.31217325221786,0.013418235885409,0.0012201902460344,645.41985083756,0.0076758007572655,-0.31168510586286,0,4.4879042849347e-07,1.1228179560118e-11,0,0,7.7037241876624e-13,1.2890283919504e-12,1.1883406478929e-12,0,2.9128074708281e-13,6.6284829368655e-13,0,3.1029702226314e-12,2.7038867577964e-13,5.4393211940256e-10,0,0,5.2982956793282e-11,1.2294622714612e-10,6.8766545554629e-11,0,4.3339093219117e-11,4.6341924431199e-11,0,1.824830037022e-10,2.669464292365e-11
8.525,996222699.18942,996222699.18942,996222699.18942,418444921.41164,418444921.41164,418444921.41164,1,1,1,397384502.70161,0.00010535569938502,0.00025231537200612,0.00011258036854618,1.0802220411952,295.81146798618,295.81146798618,304.03947543842,304.03947543842,295.81146798618,302.49683054875,302.49683054875,302.49683054875,284.68885110996,284.68885110996,284.68885110996,304.03947543842,0.0029242493812992,5.9869107033507e-12,-1.0699310891336e-07,-0.0024146449979251,-0.0030610219435276,-0.002966882011599,-4.7931491675269e-13,-0.0026919965719932,-0.0035275550935409,-1.5948862339739e-07,-0.0034853511803788,0.0020818054784233,448.53268461872,448.53268461872,456.76069207096,456.76069207096,448.53268461872,455.21804718129,455.21804718129,455.21804718129,437.4100677425,437.4100677425,437.4100677425,456.76069207096,0.03347256452168,0.10875153879393,0.074328618015512,0.081549873821179,654.77256968453,-0.31769063451945,0.01977980715646,0.0024035610280717,645.39430374212,0.018846781183871,-0.31490226841044,0,4.6368185179361e-07,1.1030429340519e-11,0,0,7.7052514165853e-13,1.2821420166389e-12,1.1754571445424e-12,0,2.8459629225318e-13,6.5333794864383e-13,0,3.1295147033776e-12,2.7067260828291e-13,5.5953150217472e-10,0,0,5.4072643898765e-11,1.2475944977494e-10,7.0428892990429e-11,0,4.3741573155422e-11,4.7265883818984e-11,0,1.8690880583937e-10,2.7077431797246e-11
8.575,994823680.55916,994823680.55916,994823680.55916,417045902.78137,417045902.78137,417045902.78137,1,1,1,397456634.79725,0.00010594168063911,0.00025379491927859,0.00011321037828144,1.0807186031275,295.59037632436,295.59037632436,303.81939771367,303.81939771367,295.59037632436,302.27744825463,302.27744825463,302.27744825463,284.48434250875,284.48434250875,284.48434250875,303.81939771367,0.0029296748077677,5.6179787696628e-12,-9.9409503613632e-08,-0.0024144647381364,-0.0030559237454008,-0.0029804904142251,-6.6714121425105e-13,-0.0026867971215912,-0.0035249093195726,-1.5401494570244e-07,-0.0034683219865039,0.0020822733513203,448.38108200029,448.38108200029,456.6101033896,456.6101033896,448.38108200029,455.06815393056,455.06815393056,455.06815393056,437.27504818468,437.27504818468,437.27504818468,456.6101033896,0.033622057752311,0.10937772089565,0.074755980938997,0.082007203011587,654.67892783464,-0.3154145706268,-0.00078928129840235,0.009309265990375,645.3660736432,-0.013220349309001,-0.31607808311046,0,4.7825533474429e-07,1.0805379968741e-11,0,0,7.6929469972844e-13,1.2731726845551e-12,1.1656277740901e-12,0,2.7791908317751e-13,6.4381484872124e-13,0,3.1487144028002e-12,2.7198210015204e-13,5.7481261707311e-10,0,0,5.5160590896583e-11,1.2655998785268e-10,7.2077339597226e-11,0,4.4134610092094e-11,4.8176375509703e-11,0,1.9136176045185e-10,2.7462072572004e-11
8.625,993431701.42801,993431701.42801,993431701.42801,415653923.65022,415653923.65022,415653923.65022,1,1,1,397526209.55806,0.00010653819133638,0.0002552745229955,0.00011384502617649,1.0812151040871,295.37066371354,295.37066371354,303.60049355927,303.60049355927,295.37066371354,302.05905186076,302.05905186076,302.05905186076,284.28075388065,284.28075388065,284.28075388065,303.60049355927,0.0029327092882219,5.4408056457664e-12,-9.2603006387692e-08,-0.002419771874186,-0.0030306795780943,-0.0029772091673023,-7.8560189580443e-13,-0.0026842718266096,-0.0035353244363706,-1.4594692443385e-07,-0.0034602275472872,0.0020887298261705,448.22892267889,448.22892267889,456.45875252462,456.45875252462,448.22892267889,454.91731082611,454.91731082611,454.91731082611,437.139012846,437.139012846,437.139012846,456.45875252462,0.032946878286133,0.11000328525978,0.07518282778553,0.08246430997855,654.5900925985,-0.31701566046632,0.010591766313681,-0.00092596551996973,645.34045336746,0.0078957724275872,-0.31770565652458,0,4.9246590247481e-07,1.0549587472152e-11,0,0,7.7020543338076e-13,1.2663532877026e-12,1.1600201261854e-12,0,2.7155337863934e-13,6.3142862873429e-13,0,3.1733863964293e-12,2.7286360896791e-13,5.8973198675367e-10,0,0,5.6249825866283e-11,1.283508818469e-10,7.3717855792303e-11,0,4.4518644563074e-11,4.906935044013e-11,0,1.9584960653233e-10,2.7847959988485e-11
8.675,992047936.29904,992047936.29904,992047936.29904,414270158.52126,414270158.52126,414270158.52126,1,1,1,397586915.86036,0.0001071312248017,0.00025675390088567,0.00011447796719294,1.0817116039425,295.15238636932,295.15238636932,303.38207762532,303.38207762532,295.15238636932,301.84207151335,301.84207151335,301.84207151335,284.07895805469,284.07895805469,284.07895805469,303.38207762532,0.0029386140302923,5.2551504434434e-12,-8.5698135272364e-08,-0.0024223806355727,-0.0030177737738368,-0.0029815689208788,-8.7978309958759e-13,-0.0026831288096606,-0.0035372608236569,-1.3828943695435e-07,-0.0034460682552785,0.0020912858722937,448.07637632881,448.07637632881,456.30606758481,456.30606758481,448.07637632881,454.76606147284,454.76606147284,454.76606147284,437.00294801417,437.00294801417,437.00294801417,456.30606758481,0.033459857282187,0.11062819923128,0.075609101995201,0.082921212899621,654.49665651046,-0.31905010666567,0.011166572140944,-4.1895328391258e-05,645.30984077998,0.0081826742636831,-0.31973781285884,0,5.062721133598e-07,1.0263517476863e-11,0,0,7.6978147428591e-13,1.255815743358e-12,1.1591165451559e-12,0,2.6517436492394e-13,6.1911883313911e-13,0,3.197318788478e-12,2.7486713075117e-13,6.042467923671e-10,0,0,5.7338461267282e-11,1.30126873503e-10,7.5357094130834e-11,0,4.4893657746343e-11,4.9944916690676e-11,0,2.0037129812622e-10,2.8236680812643e-11
8.725,990670310.7715,990670310.7715,990670310.7715,412892532.99372,412892532.99372,412892532.99372,1,1,1,397645715.71509,0.000107721420413,0.00025823306627747,0.00011511011154816,1.0822080814964,294.9352244157,294.9352244157,303.16459186239,303.16459186239,294.9352244157,301.62597538231,301.62597538231,301.62597538231,283.87815195637,283.87815195637,283.87815195637,303.16459186239,0.002941931500195,5.1023381542369e-12,-7.8964762782186e-08,-0.0024259392348391,-0.0030030939162924,-0.0029864822182225,-9.5099575612873e-13,-0.0026814310550814,-0.0035392528533068,-1.3026971834008e-07,-0.0034328183380995,0.002094984089998,447.9231776112,447.9231776112,456.15254505789,456.15254505789,447.9231776112,454.61392857781,454.61392857781,454.61392857781,436.86610515187,436.86610515187,436.86610515187,456.15254505789,0.033429636540535,0.11125242060338,0.076034777343945,0.083377916145668,654.4009069978,-0.32171530161036,0.010276666305801,-0.0026606702204283,645.2769357252,0.0063871445989595,-0.32116078265633,0,5.1964892243747e-07,9.959301292283e-12,0,0,7.69059443266e-13,1.2441210068142e-12,1.1635526368448e-12,0,2.5892421158324e-13,6.0636330362476e-13,0,3.2193957340582e-12,2.7757935307993e-13,6.1833137132641e-10,0,0,5.842607556222e-11,1.3188632630407e-10,7.7002606050395e-11,0,4.5259831877991e-11,5.0802443898387e-11,0,2.0492421123597e-10,2.8629237298404e-11
8.775,989299379.89216,989299379.89216,989299379.89216,411521602.11438,411521602.11438,411521602.11438,1,1,1,397699116.46758,0.00010830952408159,0.00025971210788185,0.00011574009529052,1.0827045407073,294.71940431799,294.71940431799,302.94782129734,302.94782129734,294.71940431799,301.4110351863,301.4110351863,301.4110351863,283.67830687588,283.67830687588,283.67830687588,302.94782129734,0.0029477897145116,5.0215873699848e-12,-7.2430115626904e-08,-0.0024295834091853,-0.002988414770863,-0.002991862492784,-1.0114136292296e-12,-0.0026799072614648,-0.0035411840119205,-1.2247238887937e-07,-0.0034177097041392,0.0020975593845888,447.76953394393,447.76953394393,455.99795092327,455.99795092327,447.76953394393,454.46116481223,454.46116481223,454.46116481223,436.72843650182,436.72843650182,436.72843650182,455.99795092327,0.033401135705456,0.11187596686584,0.07645986204026,0.083834415940925,654.30269886695,-0.32338207700308,0.008278317333166,-0.0014323591858187,645.24119608624,0.0091796409402505,-0.32383156228104,0,5.3256752189841e-07,9.634415128551e-12,0,0,7.6838237919294e-13,1.2304277855147e-12,1.1756659929755e-12,0,2.5289449407151e-13,5.9297530789023e-13,0,3.2413215444394e-12,2.8106802701263e-13,6.3195649186674e-10,0,0,5.9512732343963e-11,1.3362641396586e-10,7.8665248842481e-11,0,4.5617478701356e-11,5.1641037620958e-11,0,2.0950813212413e-10,2.9026727514155e-11
8.825,987935550.28285,987935550.28285,987935550.28285,410157772.50507,410157772.50507,410157772.50507,1,1,1,397751019.94312,0.00010889448172248,0.00026119095655014,0.00011636776024063,1.0832009770282,294.50515644403,294.50515644403,302.73189399428,302.73189399428,294.50515644403,301.1969841915,301.1969841915,301.1969841915,283.47960713533,283.47960713533,283.47960713533,302.73189399428,0.0029547907035004,4.9894034791809e-12,-6.5510913400024e-08,-0.002432179162131,-0.0029759533654899,-0.0029950077769142,-1.0657301526932e-12,-0.0026787981559626,-0.0035417945785459,-1.146848622582e-07,-0.0034029138732773,0.0021004396799917,447.61577194978,447.61577194978,455.84250950003,455.84250950003,447.61577194978,454.30759969725,454.30759969725,454.30759969725,436.59022264108,436.59022264108,436.59022264108,455.84250950003,0.033327253865837,0.11249884419029,0.076884373919479,0.084290715958515,654.20233350246,-0.326601970315,0.011596599839948,0.00019845762076186,645.20291937161,0.0098986571072048,-0.32618484984619,0,5.4498187689595e-07,9.2762038321934e-12,0,0,7.672029467621e-13,1.2146194193471e-12,1.1957807691125e-12,0,2.4696001605567e-13,5.794067587013e-13,0,3.2592274811118e-12,2.8504547656839e-13,6.4507502513357e-10,0,0,6.0597721156366e-11,1.3534414522183e-10,8.0356338223785e-11,0,4.5966732905426e-11,5.2460442517244e-11,0,2.1411737583078e-10,2.9429842693011e-11
8.875,986578056.27989,986578056.27989,986578056.27989,408800278.50211,408800278.50211,408800278.50211,1,1,1,397807979.14314,0.000109477632094,0.00026266961511528,0.00011699553162139,1.083697410726,294.29249571431,294.29249571431,302.51654345509,302.51654345509,294.29249571431,300.98370403858,300.98370403858,300.98370403858,283.28193220959,283.28193220959,283.28193220959,302.51654345509,0.0029579904601455,5.0162447996013e-12,-5.8233871107031e-08,-0.0024347106326218,-0.0029607217544246,-0.0030021966416146,-1.1311254112186e-12,-0.0026747732508828,-0.0035450847318962,-1.0614290854085e-07,-0.0033915587132048,0.0021033354169702,447.46200580003,447.46200580003,455.68605354081,455.68605354081,447.46200580003,454.15321412429,454.15321412429,454.15321412429,436.4514422953,436.4514422953,436.4514422953,455.68605354081,0.033351927116449,0.11312104094954,0.077308295479933,0.084746816000141,654.09679546219,-0.32775859293693,0.0045211909385378,-0.00010475592351565,645.16018758366,0.0015735253471058,-0.32879577033109,0,5.5683606127007e-07,8.878556603338e-12,0,0,7.6649791594646e-13,1.198608253663e-12,1.2279082255189e-12,0,2.4115078341974e-13,5.6398415869915e-13,0,3.2757251765075e-12,2.8926087124571e-13,6.576312002963e-10,0,0,6.1681712904629e-11,1.3703923327013e-10,8.2092862689664e-11,0,4.6307771613915e-11,5.325803656344e-11,0,2.18749950802e-10,2.983891934019e-11
8.925,985229243.66918,985229243.66918,985229243.66918,407451465.8914,407451465.8914,407451465.8914,1,1,1,397856937.32158,0.0001100563939091,0.00026414809458448,0.00011761900909754,1.0841937780256,294.08122194681,294.08122194681,302.30222491237,302.30222491237,294.08122194681,300.77222384492,300.77222384492,300.77222384492,283.08541067435,283.08541067435,283.08541067435,302.30222491237,0.0029648372787026,5.1319935266711e-12,-5.0631014710436e-08,-0.0024401889962567,-0.0029464753274251,-0.0030046097889888,-1.2226650693657e-12,-0.0026757009317882,-0.0035446136642345,-9.7768181794703e-08,-0.0033733707072764,0.0021061497623655,447.30796505929,447.30796505929,455.52896802484,455.52896802484,447.30796505929,453.9989669574,453.9989669574,453.9989669574,436.31215378683,436.31215378683,436.31215378683,455.52896802484,0.033203718764902,0.11374250255129,0.077731581236548,0.085202721741561,653.99499051105,-0.33037813798177,0.0097581654941718,0.0013005846139367,645.12057542757,0.011832233331428,-0.33095491213634,0,5.6806849871886e-07,8.4372116858775e-12,0,0,7.6535150092991e-13,1.178457031204e-12,1.272143836377e-12,0,2.3549509379983e-13,5.4893448382938e-13,0,3.2867182318263e-12,2.9318676516665e-13,6.6956321949108e-10,0,0,6.2764083377226e-11,1.3870582318633e-10,8.3891945756357e-11,0,4.6640811969439e-11,5.4034347155326e-11,0,2.2339807230115e-10,3.0253548039797e-11
8.975,983883924.47159,983883924.47159,983883924.47159,406106146.69381,406106146.69381,406106146.69381,1,1,1,397910508.48841,0.00011063307565947,0.00026562633451159,0.0001182431612711,1.0846901467803,293.87101194457,293.87101194457,302.08800388567,302.08800388567,293.87101194457,300.56116827885,300.56116827885,300.56116827885,282.88955005785,282.88955005785,282.88955005785,302.08800388567,0.0029690797481335,5.3010896620532e-12,-4.2877010009803e-08,-0.0024424943457232,-0.0029317249372873,-0.0030107935428404,-1.3693940997297e-12,-0.0026729572657499,-0.0035461740784515,-8.9309472055784e-08,-0.0033619418669655,0.0021090485625774,447.15349192541,447.15349192541,455.37048386651,455.37048386651,447.15349192541,453.84364825969,453.84364825969,453.84364825969,436.1720300387,436.1720300387,436.1720300387,455.37048386651,0.033284803841837,0.11436325692063,0.078154262087082,0.085658432260273,653.88635624455,-0.33107357603189,0.007904568331149,0.0013689866635016,645.07562012455,0.0033816559180801,-0.33149424441526,0,5.7862721636501e-07,7.9596448626818e-12,0,0,7.6442648230301e-13,1.1580442556457e-12,1.3322945325483e-12,0,2.2997072943474e-13,5.323089215477e-13,0,3.2928849928962e-12,2.9652958736733e-13,6.8081985720756e-10,0,0,6.3845145675936e-11,1.4034354507849e-10,8.5776094753362e-11,0,4.6966039693955e-11,5.478714565155e-11,0,2.2805491491744e-10,3.0672904203897e-11
9.025,982543280.52199,982543280.52199,982543280.52199,404765502.74421,404765502.74421,404765502.74421,1,1,1,397959481.36771,0.00011120873565203,0.00026710438647079,0.00011886771279488,1.0851864925676,293.66163223628,293.66163223628,301.87424267595,301.87424267595,293.66163223628,300.35082945425,300.35082945425,300.35082945425,282.69455340136,282.69455340136,282.69455340136,301.87424267595,0.0029733983348097,5.5930481430299e-12,-3.5572615460408e-08,-0.0024475002512439,-0.00291375378059,-0.0030130016921295,-1.5754668352911e-12,-0.0026699648398318,-0.0035499858064932,-8.0609798566116e-08,-0.0033491373976061,0.0021145993655684,446.9983777141,446.9983777141,455.21098815377,455.21098815377,446.9983777141,453.68757493207,453.68757493207,453.68757493207,436.03129887918,436.03129887918,436.03129887918,455.21098815377,0.03319272816996,0.114983320944,0.078576351621765,0.086113944704998,653.77524603992,-0.33266544562414,0.012476774348917,-0.0026461400382272,645.02674077219,0.0070720504916155,-0.33468762124402,0,5.8849159658256e-07,7.4685335518627e-12,0,0,7.6389045738893e-13,1.1354328124626e-12,1.406886260123e-12,0,2.2455775652221e-13,5.1467084487699e-13,0,3.2954198859062e-12,2.9855151760315e-13,6.9138195864764e-10,0,0,6.4925449920943e-11,1.4194928956104e-10,8.7765732383145e-11,0,4.7283612318765e-11,5.5515000140534e-11,0,2.327153424138e-10,3.1095119809158e-11
9.075,981207670.92833,981207670.92833,981207670.92833,403429893.15055,403429893.15055,403429893.15055,1,1,1,398001260.8196,0.00011178133705689,0.00026858224041491,0.00011948901195435,1.0856828158468,293.45318866617,293.45318866617,301.66062664954,301.66062664954,293.45318866617,300.14155099133,300.14155099133,300.14155099133,282.50042694771,282.50042694771,282.50042694771,301.66062664954,0.0029768735981959,5.9675170364943e-12,-2.9035881853892e-08,-0.0024522380855097,-0.0028995912947767,-0.0030192715807317,-1.8503991860239e-12,-0.0026693902289994,-0.0035510635268427,-7.2273279525498e-08,-0.0033340084181223,0.0021161733329275,446.84280275326,446.84280275326,455.05024073662,455.05024073662,446.84280275326,453.53116507841,453.53116507841,453.53116507841,435.8900410348,435.8900410348,435.8900410348,455.05024073662,0.033298776647136,0.11560267031338,0.078997816594561,0.086569263110715,653.66130281609,-0.33493415784387,0.0066155291109995,-0.0019704393510939,644.97554421767,0.0047678779417187,-0.33554602308368,0,5.9767051922698e-07,6.9841465864607e-12,0,0,7.6300057808049e-13,1.110684369422e-12,1.4925222783971e-12,0,2.1920786722541e-13,4.9654419334735e-13,0,3.2928287391187e-12,2.9968347904399e-13,7.0125903347182e-10,0,0,6.6004495686563e-11,1.435200344598e-10,8.9876477631398e-11,0,4.7593619057574e-11,5.6217219673083e-11,0,2.3737210547524e-10,3.1518936249642e-11
9.125,979877911.77078,979877911.77078,979877911.77078,402100133.993,402100133.993,402100133.993,1,1,1,398047602.90984,0.00011235525302617,0.00027005990188194,0.0001201067817802,1.0861791288936,293.24590090788,293.24590090788,301.44776069543,301.44776069543,293.24590090788,299.93311748269,299.93311748269,299.93311748269,282.30700771949,282.30700771949,282.30700771949,301.44776069543,0.0029812379046623,6.4453357607917e-12,-2.3371123182655e-08,-0.0024571087436215,-0.0028830877046467,-0.0030246042811383,-2.1270596651496e-12,-0.0026683835595616,-0.0035524297970858,-6.4165063990788e-08,-0.0033198880851965,0.0021193523464366,446.68701570022,446.68701570022,454.88887548777,454.88887548777,446.68701570022,453.37423227502,453.37423227502,453.37423227502,435.74812251183,435.74812251183,435.74812251183,454.88887548777,0.033154176099902,0.11622131287856,0.07941867958058,0.087024390173179,653.54315848069,-0.33750640053903,0.0044583859555366,-0.00081048283251299,644.91907438766,0.00652573738521,-0.33820643439302,0,6.0618853515717e-07,6.5175805033964e-12,0,0,7.6222927758717e-13,1.0850259700914e-12,1.5796481589643e-12,0,2.1401741439882e-13,4.7746218109811e-13,0,3.2830064496428e-12,2.9953313601531e-13,7.1047628421358e-10,0,0,6.7082450668565e-11,1.4505449290223e-10,9.2110437481583e-11,0,4.78962853876e-11,5.6892453165112e-11,0,2.4201497772168e-10,3.1942540072975e-11
9.175,978553204.12354,978553204.12354,978553204.12354,400775426.34575,400775426.34575,400775426.34575,1,1,1,398087089.79626,0.0001129201356508,0.0002715373105169,0.00012072157459205,1.0866753974389,293.03967235375,293.03967235375,301.23547550377,301.23547550377,293.03967235375,299.72547492631,299.72547492631,299.72547492631,282.11417612503,282.11417612503,282.11417612503,301.23547550377,0.0029884609343725,7.0077481776468e-12,-1.8592117086059e-08,-0.0024630703802476,-0.0028694922970532,-0.0030267818632871,-2.3206628965145e-12,-0.0026695852709565,-0.0035499110238477,-5.6586432301916e-08,-0.0033023061428069,0.0021223804268166,446.5309586783,446.5309586783,454.72676182832,454.72676182832,446.5309586783,453.21676125086,453.21676125086,453.21676125086,435.60546244958,435.60546244958,435.60546244958,454.72676182832,0.033154176812692,0.1168391960118,0.079838890534585,0.087479331448076,653.42400386258,-0.33964415101586,0.014600906348377,0.0018749041384316,644.86318391557,0.013633520312265,-0.33773332999291,0,6.1408092719067e-07,6.0755267634226e-12,0,0,7.60752570513e-13,1.0571470906886e-12,1.6562639097765e-12,0,2.0887637135619e-13,4.5838737670715e-13,0,3.2626652959029e-12,2.9829176108323e-13,7.1906837656097e-10,0,0,6.8158317271394e-11,1.465495246553e-10,9.4452748365658e-11,0,4.8191681184832e-11,5.7540710810072e-11,0,2.4662908323263e-10,3.2364388327043e-11
9.225,977232675.05819,977232675.05819,977232675.05819,399454897.28041,399454897.28041,399454897.28041,1,1,1,398130618.46155,0.00011348147399676,0.00027301449276201,0.00012133336587766,1.0871716459762,292.83440953043,292.83440953043,301.02367274269,301.02367274269,292.83440953043,299.51829124396,299.51829124396,299.51829124396,281.92200314379,281.92200314379,281.92200314379,301.02367274269,0.0029895697946131,7.6312625722743e-12,-1.4707737900064e-08,-0.0024713179770346,-0.0028517986973363,-0.0030352370296446,-2.3570395571845e-12,-0.0026701053560901,-0.003550668167543,-4.9110623857684e-08,-0.0032854361349435,0.0021247077684227,446.3745907769,446.3745907769,454.56385398916,454.56385398916,446.3745907769,453.05847249043,453.05847249043,453.05847249043,435.46218439026,435.46218439026,435.46218439026,454.56385398916,0.03358129131332,0.11745632542877,0.080258438136392,0.087934088003052,653.30140547219,-0.3448977561506,0.0062031864857059,0.00051669482083821,644.8001818871,0.019173837858823,-0.34167983589338,0,6.2139884040473e-07,5.6699572863751e-12,0,0,7.5965959648669e-13,1.0296395440975e-12,1.7130961154819e-12,0,2.0377753811229e-13,4.382051579839e-13,0,3.2362269502769e-12,2.9595771335114e-13,7.2708690705344e-10,0,0,6.9232638175533e-11,1.4800565486292e-10,9.6875432125821e-11,0,4.8479866142937e-11,5.8160426487595e-11,0,2.5120579927663e-10,3.2782935739153e-11
9.275,975915013.79407,975915013.79407,975915013.79407,398137236.01629,398137236.01629,398137236.01629,1,1,1,398170103.46801,0.00011404216369949,0.00027449143658466,0.0001219475959094,1.087667859418,292.62983489402,292.62983489402,300.81215876159,300.81215876159,292.62983489402,299.31126387738,299.31126387738,299.31126387738,281.73036189805,281.73036189805,281.73036189805,300.81215876159,0.0029957681644822,8.3584904563792e-12,-1.1562261847137e-08,-0.00247263734794,-0.0028349263194994,-0.0030370709621959,-2.2357074410883e-12,-0.0026656157864375,-0.0035542835850148,-4.2138621006193e-08,-0.0032762362459312,0.0021280444765078,446.21767846132,446.21767846132,454.40000232888,454.40000232888,446.21767846132,452.89910744467,452.89910744467,452.89910744467,435.31820546534,435.31820546534,435.31820546534,454.40000232888,0.033806506485544,0.11807270781059,0.080677359297709,0.088388648894546,653.17615107539,-0.34427917419133,0.0099918810712172,4.9204299217066e-05,644.73842006605,0.011792305449666,-0.34350925124473,0,6.2818274438387e-07,5.2925878414425e-12,0,0,7.591492532004e-13,1.003469353073e-12,1.7470762649608e-12,0,1.986882682672e-13,4.1734415247147e-13,0,3.1988523855265e-12,2.9275017476451e-13,7.3457175655886e-10,0,0,7.0306237345274e-11,1.4942477483146e-10,9.9346171074229e-11,0,4.8760853786605e-11,5.8750640248197e-11,0,2.5572965970427e-10,3.3196947006692e-11
9.325,974601223.92684,974601223.92684,974601223.92684,396823446.14906,396823446.14906,396823446.14906,1,1,1,398208797.91158,0.00011459964992707,0.00027596811145404,0.00012255945339517,1.0881640535981,292.42600509039,292.42600509039,300.60064707747,300.60064707747,292.42600509039,299.10487456659,299.10487456659,299.10487456659,281.53965208971,281.53965208971,281.53965208971,300.60064707747,0.002999569241663,9.1655948686387e-12,-9.0024293765852e-09,-0.0024786044609038,-0.0028177516515589,-0.0030420795220984,-2.0289880936896e-12,-0.0026651749803166,-0.0035543569551492,-3.5633581334668e-08,-0.0032622325980597,0.002131389091241,446.06028772223,446.06028772223,454.23492970932,454.23492970932,446.06028772223,452.73915719843,452.73915719843,452.73915719843,435.17393472155,435.17393472155,435.17393472155,454.23492970932,0.033971132893163,0.11868834505487,0.081095640322204,0.088843024715718,653.04714129452,-0.34575761213617,0.011276210939728,-0.00044098173604473,644.67167213157,0.012279260594332,-0.34545125763087,0,6.3446846474096e-07,4.9397257222162e-12,0,0,7.5871344322241e-13,9.7645143800862e-13,1.762904064859e-12,0,1.9347041063183e-13,3.9650819761307e-13,0,3.1547292330519e-12,2.8871903026827e-13,7.4155758366962e-10,0,0,7.1379220186634e-11,1.5080568569809e-10,1.0183929391192e-10,0,4.9034462265238e-11,5.9311387518853e-11,0,2.6019112057127e-10,3.3605257375012e-11
9.375,973292969.63412,973292969.63412,973292969.63412,395515191.85633,395515191.85633,395515191.85633,1,1,1,398246412.9723,0.00011515516038347,0.00027744451450785,0.00012317011035013,1.0886602357936,292.22322025695,292.22322025695,300.38961365536,300.38961365536,292.22322025695,298.89922766518,298.89922766518,298.89922766518,281.34994979441,281.34994979441,281.34994979441,300.38961365536,0.0030028809675444,1.001098089748e-11,-6.9503056796325e-09,-0.0024845944682399,-0.0027997717926818,-0.0030473448368641,-1.7992692862069e-12,-0.0026649163387105,-0.0035546397542382,-2.9734705099906e-08,-0.0032491399896546,0.0021347146978623,445.90274431644,445.90274431644,454.06913771485,454.06913771485,445.90274431644,452.57875172467,452.57875172467,452.57875172467,435.0294738539,435.0294738539,435.0294738539,454.06913771485,0.034278514839724,0.11930326635959,0.081513316884757,0.089297213491736,652.91326163991,-0.34741723418944,0.011139608826139,-0.00026667538363544,644.5998867909,0.013210921959005,-0.34690911121865,0,6.4029044517156e-07,4.6104737446589e-12,0,0,7.5838211447645e-13,9.4984156384191e-13,1.7664837341854e-12,0,1.8826238480268e-13,3.7555910370358e-13,0,3.1038481331428e-12,2.8400578347492e-13,7.4807777816828e-10,0,0,7.2451734458388e-11,1.5214896451978e-10,1.0433747916651e-10,0,4.9300705483111e-11,5.9842508296784e-11,0,2.645806246967e-10,3.4006902205795e-11
9.425,971988618.167,971988618.167,971988618.167,394210840.38922,394210840.38922,394210840.38922,1,1,1,398278412.50391,0.00011570333214053,0.00027892061356463,0.00012377151594481,1.089156364928,292.0213913457,292.0213913457,300.17883682616,300.17883682616,292.0213913457,298.69413949163,298.69413949163,298.69413949163,281.16072334159,281.16072334159,281.16072334159,300.17883682616,0.0030051748017567,1.0811365808261e-11,-5.3191178321788e-09,-0.0024989682575277,-0.0027811461369689,-0.0030506102519607,-1.5672316325812e-12,-0.0026738271161582,-0.003551907002413,-2.4372598136491e-08,-0.0032246568528202,0.0021366275188069,445.74502377825,445.74502377825,453.90246925871,453.90246925871,445.74502377825,452.41777192418,452.41777192418,452.41777192418,434.88435577414,434.88435577414,434.88435577414,453.90246925871,0.034537396014919,0.11991734986739,0.081930256940478,0.089751230320004,652.77945581039,-0.35268168039207,0.016694945167349,-0.00023019810127174,644.52675072475,0.044692547645127,-0.3463347481558,0,6.4567903983177e-07,4.3008644156481e-12,0,0,7.5668878241403e-13,9.219945235382e-13,1.7603956499549e-12,0,1.8311732367528e-13,3.5582294400383e-13,0,3.0431367322582e-12,2.7863374163625e-13,7.5416011895482e-10,0,0,7.3521853996973e-11,1.534528616794e-10,1.0682705456982e-10,0,4.9559672485758e-11,6.0345717929997e-11,0,2.6888426993562e-10,3.4400949822152e-11
9.475,970687685.40091,970687685.40091,970687685.40091,392909907.62313,392909907.62313,392909907.62313,1,1,1,398313657.17397,0.00011625324814453,0.00028039644667075,0.00012438047643564,1.0896524682826,291.82080017757,291.82080017757,299.9680667789,299.9680667789,291.82080017757,298.48950253902,298.48950253902,298.48950253902,280.97174808489,280.97174808489,280.97174808489,299.9680667789,0.0030116232281247,1.1587714833804e-11,-4.0569252099693e-09,-0.0024943140801588,-0.0027667204748922,-0.0030557581080334,-1.3535079532757e-12,-0.0026619340572852,-0.0035555304763847,-1.976412882004e-08,-0.0032238502274013,0.0021390116721029,445.58745074943,445.58745074943,453.73471735076,453.73471735076,445.58745074943,452.25615311089,452.25615311089,452.25615311089,434.73839865676,434.73839865676,434.73839865676,453.73471735076,0.035147491085695,0.12053074865826,0.08234664015863,0.090205045865769,652.64208386317,-0.34848286177165,0.0096006799152063,-6.9804898618404e-06,644.4532551725,0.0086556457060625,-0.34907484285224,0,6.5067125400587e-07,4.0174100669837e-12,0,0,7.5642827573404e-13,8.984607308489e-13,1.7470231774262e-12,0,1.7781488971665e-13,3.3577558409347e-13,0,2.9740385600326e-12,2.7335856923345e-13,7.5984159475716e-10,0,0,7.4591605123479e-11,1.5472347703023e-10,1.0929771844112e-10,0,4.9811140714387e-11,6.0820576314936e-11,0,2.7309019560224e-10,3.4787537218153e-11
9.525,969392525.15422,969392525.15422,969392525.15422,391614747.37644,391614747.37644,391614747.37644,1,1,1,398348577.26112,0.00011679862338425,0.00028187186547385,0.00012498609418248,1.0901485620272,291.62135092513,291.62135092513,299.75756350333,299.75756350333,291.62135092513,298.2856775066,298.2856775066,298.2856775066,280.78389843813,280.78389843813,280.78389843813,299.75756350333,0.0030121579340405,1.233768915037e-11,-3.0467129147955e-09,-0.0025031600924774,-0.0027472930209847,-0.0030623542237017,-1.1472470167225e-12,-0.0026645974066174,-0.0035533491549442,-1.57300668481e-08,-0.0032091208355183,0.0021433701336525,445.42989053801,445.42989053801,453.56610311621,453.56610311621,445.42989053801,452.09421711947,452.09421711947,452.09421711947,434.59243805101,434.59243805101,434.59243805101,453.56610311621,0.034899409711349,0.12114340965313,0.08276238941875,0.090658686165123,652.50020134195,-0.35314831695883,0.0078193479324677,-0.0010250821892531,644.37011404635,0.010569705454845,-0.35269962736071,0,6.5528626181213e-07,3.7458470706318e-12,0,0,7.5587556126504e-13,8.7405070996801e-13,1.7268773829172e-12,0,1.7236332951735e-13,3.1655904841266e-13,0,2.9001679731266e-12,2.672873261988e-13,7.6513902248703e-10,0,0,7.5660574593686e-11,1.5595957139847e-10,1.1173989185659e-10,0,5.0054899272646e-11,6.1268258414493e-11,0,2.7719165248299e-10,3.5165538579913e-11
9.575,968101922.57194,968101922.57194,968101922.57194,390324144.79416,390324144.79416,390324144.79416,1,1,1,398382490.76369,0.00011734106372336,0.00028334690703006,0.00012559113107767,1.0906446237742,291.42253177612,291.42253177612,299.54754510128,299.54754510128,291.42253177612,298.08230165928,298.08230165928,298.08230165928,280.59712375688,280.59712375688,280.59712375688,299.54754510128,0.0030147020921248,1.2939711696542e-11,-2.2649495561036e-09,-0.0025089761621506,-0.0027296188612393,-0.0030681172249862,-9.5113361332116e-13,-0.0026648022410742,-0.0035518681860165,-1.2314570379228e-08,-0.0031968120110761,0.0021460088893305,445.27192005,445.27192005,453.39693337516,453.39693337516,445.27192005,451.93168993316,451.93168993316,451.93168993316,434.44651203076,434.44651203076,434.44651203076,453.39693337516,0.035286010773993,0.12175532615226,0.083177508784426,0.091112143795921,652.35551812908,-0.35434472715098,0.0035923508305657,-0.00098461829182789,644.28605079673,0.003315387970076,-0.3547952249701,0,6.5954883295027e-07,3.4907251297914e-12,0,0,7.5478367812029e-13,8.5049843331947e-13,1.6996172516532e-12,0,1.6699404321449e-13,2.9832728361272e-13,0,2.8193345942763e-12,2.6097805217693e-13,7.7007565330809e-10,0,0,7.6727999907942e-11,1.5716235781765e-10,1.1414351362472e-10,0,5.0291064513396e-11,6.1690156905004e-11,0,2.8117879370309e-10,3.5534617280784e-11
9.625,966816512.75906,966816512.75906,966816512.75906,389038734.98128,389038734.98128,389038734.98128,1,1,1,398415577.41291,0.00011787987659741,0.00028482155847162,0.00012619255882943,1.0911406359697,291.22492764651,291.22492764651,299.33797670232,299.33797670232,291.22492764651,297.87958241101,297.87958241101,297.87958241101,280.41103749377,280.41103749377,280.41103749377,299.33797670232,0.0030175530686882,1.3396254157506e-11,-1.6688572673892e-09,-0.0025173463340341,-0.0027111824812681,-0.0030717646018483,-7.6647107205975e-13,-0.0026675234739645,-0.0035503329424621,-9.404956605728e-09,-0.0031813475342081,0.0021484984879616,445.11410675383,445.11410675383,453.22715580963,453.22715580963,445.11410675383,451.76876151832,451.76876151832,451.76876151832,434.30021660108,434.30021660108,434.30021660108,453.22715580963,0.035404745354647,0.12236647529598,0.08359197374416,0.091565421365265,652.21071744952,-0.3551861970219,0.003404509548132,-0.001031619602248,644.20216879853,0.0090316043460276,-0.35571781344666,0,6.6348146257736e-07,3.2503299235554e-12,0,0,7.5290104192076e-13,8.2650947872383e-13,1.6675485278582e-12,0,1.6165995357319e-13,2.8129205347997e-13,0,2.7329874092986e-12,2.5445460110514e-13,7.7467231396817e-10,0,0,7.7792762772551e-11,1.5833121873189e-10,1.1650178336874e-10,0,5.0519686212232e-11,6.2087963942023e-11,0,2.8504382156311e-10,3.5894470428675e-11
9.675,965534482.93351,965534482.93351,965534482.93351,387756705.15572,387756705.15572,387756705.15572,1,1,1,398447679.0182,0.00011841114189272,0.00028629581363032,0.00012678410608479,1.091636620308,291.02761570509,291.02761570509,299.12830307202,299.12830307202,291.02761570509,297.67784936854,297.67784936854,297.67784936854,280.22559914483,280.22559914483,280.22559914483,299.12830307202,0.0030217477668119,1.3552091688081e-11,-1.2168923471167e-09,-0.0025268655377796,-0.0026972347648574,-0.0030777549060723,-5.9369085042708e-13,-0.0026723578165735,-0.0035468241898115,-7.0156000349703e-09,-0.0031618939983418,0.0021469066401163,444.95562777314,444.95562777314,453.05631514007,453.05631514007,444.95562777314,451.60586143659,451.60586143659,451.60586143659,434.15361121288,434.15361121288,434.15361121288,453.05631514007,0.035727981594581,0.12297685013749,0.084005763573356,0.092018524310318,652.06256958147,-0.35709666460451,-0.002197751777082,0.003878397585692,644.11427894566,0.016861480036347,-0.35606578169766,0,6.6710439284444e-07,3.0221041730217e-12,0,0,7.4898232723434e-13,8.0121454272738e-13,1.6302044559147e-12,0,1.563798958749e-13,2.6546525243344e-13,0,2.6396527633738e-12,2.482127503639e-13,7.7894621467656e-10,0,0,7.8851983737704e-11,1.5946430720458e-10,1.1880724061973e-10,0,5.074084078186e-11,6.2463388502354e-11,0,2.8877685430103e-10,3.6245496266593e-11
9.725,964255521.94807,964255521.94807,964255521.94807,386477744.17029,386477744.17029,386477744.17029,1,1,1,398478498.22776,0.00011894314229671,0.00028776947466256,0.00012738443147467,1.0921325758917,290.83130538282,290.83130538282,298.91906512174,298.91906512174,290.83130538282,297.47615704403,297.47615704403,297.47615704403,280.04035997517,280.04035997517,280.04035997517,298.91906512174,0.0030240516279947,1.3502530320776e-11,-8.7645785972867e-10,-0.0025322515893474,-0.0026749822815806,-0.0030799491169341,-4.4857940418362e-13,-0.0026710273093532,-0.0035452886192442,-5.0850379738902e-09,-0.0031544900691015,0.0021544199295616,444.79724959431,444.79724959431,452.88500933323,452.88500933323,444.79724959431,451.44210125552,451.44210125552,451.44210125552,434.00630418666,434.00630418666,434.00630418666,452.88500933323,0.036048705420546,0.12358652461994,0.084418984225136,0.092471441462799,651.91094150883,-0.35856481225443,0.0027638090271152,-0.0012917261334871,644.02186367865,0.0093065516203148,-0.35837845604473,0,6.7043624182441e-07,2.807795110881e-12,0,0,7.4554071052911e-13,7.8091895363735e-13,1.5937780582411e-12,0,1.5093879353529e-13,2.495645936981e-13,0,2.5451795483015e-12,2.4116338209006e-13,7.8291703660274e-10,0,0,7.9906337521835e-11,1.6056869337993e-10,1.2106118316511e-10,0,5.0954300470766e-11,6.281632613545e-11,0,2.9237628173691e-10,3.6586552792293e-11
9.775,962984649.39308,962984649.39308,962984649.39308,385206871.6153,385206871.6153,385206871.6153,1,1,1,398508947.46418,0.00011947054547308,0.00028924274129891,0.00012797870463222,1.0926284822594,290.63602093389,290.63602093389,298.71033521455,298.71033521455,290.63602093389,297.27584003276,297.27584003276,297.27584003276,279.85692480343,279.85692480343,279.85692480343,298.71033521455,0.0030292218881784,1.3203354468662e-11,-6.2555028490829e-10,-0.002539970864776,-0.0026580558747006,-0.0030817978434854,-3.2434320698379e-13,-0.0026746771468769,-0.0035418855706059,-3.5962582296407e-09,-0.0031396641442095,0.0021557308935621,444.63889978321,444.63889978321,452.71321406387,452.71321406387,444.63889978321,451.27871888208,451.27871888208,451.27871888208,433.85980365275,433.85980365275,433.85980365275,452.71321406387,0.036005388289536,0.1241954360894,0.084831556063259,0.092924180117228,651.7595468794,-0.36019498284694,0.0069296501464551,0.00045846726725112,643.92951902426,0.013561640868566,-0.35979909057976,0,6.7349612446439e-07,2.6054365735733e-12,0,0,7.4016282041899e-13,7.5850177462334e-13,1.5542870210268e-12,0,1.4565681927281e-13,2.3532080693917e-13,0,2.4453923291773e-12,2.344191733757e-13,7.8660168034099e-10,0,0,8.0953085820836e-11,1.6164137687669e-10,1.2325927695007e-10,0,5.1160290320034e-11,6.3149120012132e-11,0,2.9583458873416e-10,3.6918071566561e-11
9.825,961716173.18187,961716173.18187,961716173.18187,383938395.40409,383938395.40409,383938395.40409,1,1,1,398538455.85417,0.00011999429488463,0.00029071542105271,0.00012857073215965,1.0931243769877,290.44156885978,290.44156885978,298.50119226749,298.50119226749,290.44156885978,297.07565792178,297.07565792178,297.07565792178,279.6740840444,279.6740840444,279.6740840444,298.50119226749,0.0030304829683038,1.2641606424751e-11,-4.4331416551646e-10,-0.002549131732797,-0.0026395545533506,-0.0030870154713316,-2.2992810494442e-13,-0.0026798939393085,-0.0035368478332534,-2.4731708918741e-09,-0.0031258529160593,0.0021584464053983,444.48053287455,444.48053287455,452.54015628226,452.54015628226,444.48053287455,451.11462193656,451.11462193656,451.11462193656,433.71304805917,433.71304805917,433.71304805917,452.54015628226,0.036374554468212,0.12480365827926,0.085243548744421,0.093376742001949,651.60215238051,-0.3633126860536,0.0074157928438539,0.002161373201661,643.83088956997,0.018586216411137,-0.35929668267874,0,6.7630420667095e-07,2.4166010099986e-12,0,0,7.3336711586709e-13,7.3811813008244e-13,1.5182723714592e-12,0,1.4036877695592e-13,2.2190718038577e-13,0,2.3469694948523e-12,2.2770766527618e-13,7.9001927026417e-10,0,0,8.1990223542294e-11,1.6268523354688e-10,1.2540643832916e-10,0,5.1358801748139e-11,6.3462944156221e-11,0,2.9915370482425e-10,3.7240098835051e-11
9.875,960453744.20697,960453744.20697,960453744.20697,382675966.42919,382675966.42919,382675966.42919,1,1,1,398567119.32393,0.00012051613599321,0.00029218755189995,0.00012916475045378,1.093620232256,290.24794790621,290.24794790621,298.29254024421,298.29254024421,290.24794790621,296.87630263356,296.87630263356,296.87630263356,279.49257039849,279.49257039849,279.49257039849,298.29254024421,0.0030327354510305,1.1874090500451e-11,-3.1112102125211e-10,-0.0025555861931639,-0.0026194302856705,-0.0030905831533181,-1.645726802398e-13,-0.0026803857947631,-0.0035350302362528,-1.6496075501804e-09,-0.0031158141094368,0.0021623468182492,444.32209721222,444.32209721222,452.36668955022,452.36668955022,444.32209721222,450.95045193957,450.95045193957,450.95045193957,433.5667197045,433.5667197045,433.5667197045,452.36668955022,0.036536313921877,0.12541117131996,0.085654944323502,0.09382912169944,651.44398994166,-0.36623591392736,0.0044434654742115,-0.0012747320638076,643.72813889064,0.011689397373826,-0.36560311175211,0,6.7887873213232e-07,2.2405934762018e-12,0,0,7.258143360253e-13,7.1935084924516e-13,1.485656718513e-12,0,1.3528150622497e-13,2.0948948763321e-13,0,2.2461071181753e-12,2.2094149936825e-13,7.9318794794598e-10,0,0,8.3016680020065e-11,1.6370254927399e-10,1.2750747420951e-10,0,5.155011868898e-11,6.3759207030807e-11,0,3.0233017997332e-10,3.7552557299949e-11
9.925,959197356.14112,959197356.14112,959197356.14112,381419578.36334,381419578.36334,381419578.36334,1,1,1,398595221.0635,0.00012103283688627,0.00029365912934581,0.00012975525392463,1.0941160498312,290.05551724706,290.05551724706,298.08418870683,298.08418870683,290.05551724706,296.67768777206,296.67768777206,296.67768777206,279.3123767876,279.3123767876,279.3123767876,298.08418870683,0.003036278700885,1.094404520571e-11,-2.1625181818702e-10,-0.0025634205279733,-0.0026019646115535,-0.0030939928601678,-1.2896449476025e-13,-0.0026845598821191,-0.0035305408883088,-1.0740671006859e-09,-0.0031021665540895,0.0021638774053895,444.16398530479,444.16398530479,452.19265676457,452.19265676457,444.16398530479,450.78615582979,450.78615582979,450.78615582979,433.42084484533,433.42084484533,433.42084484533,452.19265676457,0.036554996982224,0.12601794846664,0.086065719387674,0.09428132502595,651.28336262055,-0.36745653961814,0.0038841248402346,-0.0006803719774389,643.62524763929,0.0113333148792,-0.36777398968389,0,6.8123579228657e-07,2.0752708684328e-12,0,0,7.1655796862612e-13,6.9997375418168e-13,1.4592367196791e-12,0,1.3033108350027e-13,1.9837332890107e-13,0,2.1437022395029e-12,2.1421710308173e-13,7.9612282415372e-10,0,0,8.4030046017523e-11,1.6469246165046e-10,1.295711465692e-10,0,5.1734434674865e-11,6.4039749282952e-11,0,3.0536183275412e-10,3.7855506032419e-11
9.975,957944520.61269,957944520.61269,957944520.61269,380166742.83491,380166742.83491,380166742.83491,1,1,1,398622538.23195,0.00012154646484983,0.00029513013421975,0.00013034445394362,1.0946118319012,289.86379088966,289.86379088966,297.87578961824,297.87578961824,289.86379088966,296.47937681696,296.47937681696,296.47937681696,279.13311415228,279.13311415228,279.13311415228,297.87578961824,0.0030385412643937,9.9028227544182e-12,-1.4915598003184e-10,-0.0025711398371189,-0.0025836372976236,-0.0030979035458478,-1.2008588783933e-13,-0.0026881382854338,-0.0035261847723924,-6.7965203538587e-10,-0.0030897712467612,0.0021663531510511,444.00574368896,444.00574368896,452.01774241754,452.01774241754,444.00574368896,450.62132961626,450.62132961626,450.62132961626,433.27506695158,433.27506695158,433.27506695158,452.01774241754,0.036754414029025,0.12662401872207,0.086475905286406,0.094733350416943,651.12022544892,-0.3683261674692,0.0016799336567584,-0.00063855482886943,643.52037066965,0.0092454794625874,-0.36871226942596,0,6.8339215361831e-07,1.9215303709234e-12,0,0,7.0636967133698e-13,6.8171961073398e-13,1.4389288769982e-12,0,1.2554303055756e-13,1.881665866814e-13,0,2.0429530175519e-12,2.0748764838424e-13,7.9884027846479e-10,0,0,8.5029003586777e-11,1.6565655876969e-10,1.3160609930234e-10,0,5.1911979331341e-11,6.4305857021822e-11,0,3.0825100461883e-10,3.8148937878789e-11
10,957425457.70854,957425457.70854,957425457.70854,379647679.93075,379647679.93075,379647679.93075,1,1,1,398633482.52879,0.00012179780151008,0.00029586543895183,0.00013063060780996,1.094860166929,289.78528179333,289.78528179333,297.78887607629,297.78887607629,289.78528179333,296.39698911805,296.39698911805,296.39698911805,279.05822081434,279.05822081434,279.05822081434,297.78887607629,0.003042948728833,9.3709824408213e-12,-1.2255882807009e-10,-0.0025925344475009,-0.0025760126617059,-0.0031054894420445,-1.2780277745435e-13,-0.0027085425714492,-0.0035252729171086,-5.3134685038877e-10,-0.0030709899833553,0.0021697769043838,443.94146210417,443.94146210417,451.94505638713,451.94505638713,443.94146210417,450.55316942889,450.55316942889,450.55316942889,433.21440112518,433.21440112518,433.21440112518,451.94505638713,0.036835860801144,0.1269267620089,0.086680716969108,0.09495931305747,650.97281744367,-0.36393070744348,0.0047394072793576,0.0050182559769979,643.41297462673,0.045423409921688,-0.35283138689055,0,6.844193815068e-07,9.2108725149005e-13,0,0,3.4945811069051e-13,3.3404046859594e-13,7.1537595538396e-13,0,6.1491246497023e-14,9.1588906191256e-14,0,9.9491359197328e-13,1.02004351565e-13,8.0014289254798e-10,0,0,8.5523211986397e-11,1.6612896333076e-10,1.3261779368064e-10,0,5.1998941086105e-11,6.443538329512e-11,0,3.0965802491399e-10,3.8293193816193e-11
