time,H_1,H_2,H_3,Hs_1,Hs_2,Hs_3,cry_1,cry_2,cry_3,disloc_density,disp_x,disp_y,disp_z,fp_yy,gd_0,gd_1,gd_10,gd_11,gd_2,gd_3,gd_4,gd_5,gd_6,gd_7,gd_8,gd_9,slip_increment_0,slip_increment_1,slip_increment_10,slip_increment_11,slip_increment_2,slip_increment_3,slip_increment_4,slip_increment_5,slip_increment_6,slip_increment_7,slip_increment_8,slip_increment_9,slip_resistance_0,slip_resistance_1,slip_resistance_10,slip_resistance_11,slip_resistance_2,slip_resistance_3,slip_resistance_4,slip_resistance_5,slip_resistance_6,slip_resistance_7,slip_resistance_8,slip_resistance_9,sliprate,strain_eff,strain_shear,strain_yy,stress_vm,stress_xx,stress_xy,stress_xz,stress_yy,stress_yz,stress_zz,surface_react_y,total_twin_volume,twin_slip_increment_0,twin_slip_increment_1,twin_slip_increment_10,twin_slip_increment_11,twin_slip_increment_2,twin_slip_increment_3,twin_slip_increment_4,twin_slip_increment_5,twin_slip_increment_6,twin_slip_increment_7,twin_slip_increment_8,twin_slip_increment_9,twin_twin_system_volume_fraction_0,twin_twin_system_volume_fraction_1,twin_twin_system_volume_fraction_10,twin_twin_system_volume_fraction_11,twin_twin_system_volume_fraction_2,twin_twin_system_volume_fraction_3,twin_twin_system_volume_fraction_4,twin_twin_system_volume_fraction_5,twin_twin_system_volume_fraction_6,twin_twin_system_volume_fraction_7,twin_twin_system_volume_fraction_8,twin_twin_system_volume_fraction_9
0.05,1733333333.3334,1733333333.3334,1733333333.3334,1155555555.5556,1155555555.5556,1155555555.5556,1,1,1,20000000,2.7478808776492e-07,1.4683332190496e-06,2.7196323231297e-07,1,397.57441339386,397.57441339386,396.99274798821,396.99274798821,397.57441339386,397.21893297111,397.21893297111,397.21893297111,396.61862601948,396.61862601948,396.61862601948,396.99274798821,1.8523765411598e-52,3.7046890284582e-206,1.2585769877073e-205,-1.9640270107655e-52,-1.8365888174702e-52,-1.9047595928948e-52,-1.1489211974938e-207,-1.9187147051289e-52,-2.0405520695817e-52,-1.4066842320847e-205,-2.0572245132693e-52,1.9820319759216e-52,436.29694236189,436.29694236189,435.71527695625,435.71527695625,436.29694236189,435.94146193915,435.94146193915,435.94146193915,435.34115498751,435.34115498751,435.34115498751,435.71527695625,0,0.0005617060953085,0.00034053619386609,0.00049987487523467,69.547800462329,-0.00033693927030419,0.011499652332995,-0.001030530951409,69.54700272512,-0.00035838153441554,-0.001243170498029,0,1.8675773812688e-34,1.5060214815977e-35,0,0,1.521453497354e-35,1.5226628896172e-35,1.5150988287629e-35,0,1.501794107549e-35,1.5166171409805e-35,0,1.5023731342054e-35,1.5057511511314e-35,2.2841072433425e-35,0,0,2.3075125453386e-35,2.3093468012231e-35,2.2978746105776e-35,0,2.277695732383e-35,2.3001774166668e-35,0,2.2785738904605e-35,2.2836972960899e-35
0.1,1733333333.3334,1733333333.3334,1733333333.3334,1155555555.5556,1155555555.5556,1155555555.5556,1,1,1,20000000,5.4930006688348e-07,2.9366346445042e-06,5.4407958853252e-07,1,397.57441339386,397.57441339386,396.99274798821,396.99274798821,397.57441339386,397.21893297111,397.21893297111,397.21893297111,396.61862601948,396.61862601948,396.61862601948,396.99274798821,2.1033379022802e-37,3.2349757154756e-206,1.0621115243255e-205,-2.2390680437615e-37,-2.0943587466686e-37,-2.1801645174945e-37,-9.2697348481808e-208,-2.188099421538e-37,-2.3342027464441e-37,-1.0204044358426e-205,-2.3436773888831e-37,2.2493066554334e-37,436.29694236189,436.29694236189,435.71527695625,435.71527695625,436.29694236189,435.94146193915,435.94146193915,435.94146193915,435.34115498751,435.34115498751,435.34115498751,435.71527695625,1.6609008721257e-51,0.001123289316131,0.00068100642335371,0.0009995000004995,139.25014504919,-0.00029547008532566,0.011492513177732,-0.0010195927370319,139.24938394706,-0.00035602894415248,-0.0012190566088188,0,1.4547984138611e-27,1.271869182301e-28,0,0,1.2783670866124e-28,1.278870649411e-28,1.2756904594496e-28,0,1.2701006966498e-28,1.2763226768132e-28,0,1.2703443153344e-28,1.2717541506221e-28,1.7986948755851e-28,0,0,1.8078843023299e-28,1.8085964478526e-28,1.8040989789311e-28,0,1.7961938585513e-28,1.8049930695313e-28,0,1.7965383874869e-28,1.7985321961838e-28
0.15,1733333333.3334,1733333333.3334,1733333333.3334,1155555555.5556,1155555555.5556,1155555555.5556,1,1,1,20000000,8.2353802359382e-07,4.4049054016529e-06,8.1633593599708e-07,1,397.57441339386,397.57441339386,396.99274798821,396.99274798821,397.57441339386,397.21893297111,397.21893297111,397.21893297111,396.61862601948,396.61862601948,396.61862601948,396.99274798821,1.3530037075593e-28,8.679465493603e-257,5.4923426507189e-258,-1.4456115881984e-28,-1.3528803257605e-28,-1.4131063557882e-28,-1.5167525890309e-256,-1.4131825104026e-28,-1.5119573209247e-28,-1.6499796461893e-258,-1.5123151253454e-28,1.4459772628582e-28,436.29694236189,436.29694236189,435.71527695625,435.71527695625,436.29694236189,435.94146193915,435.94146193915,435.94146193915,435.34115498751,435.34115498751,435.34115498751,435.71527695625,1.8820543544568e-36,0.0016847503554335,0.0010214128315181,0.0014988756252322,209.10734156218,-5.8556338456969e-06,0.0006680698358892,0.00015942307869401,209.10730771725,-0.00036124066183126,-6.1802242059032e-05,0,4.8218315807573e-24,4.2572941024856e-25,0,0,4.2584533550206e-25,4.2586165538349e-25,4.2579667494709e-25,0,4.2576622478979e-25,4.2584234874687e-25,0,4.257238371443e-25,4.2580115189496e-25,6.0225217536218e-25,0,0,6.0241703737057e-25,6.0244018838277e-25,6.0234784242144e-25,0,6.0230398888397e-25,6.024125243376e-25,0,6.0224407815373e-25,6.0235361710355e-25
0.2,1733333333.3334,1733333333.3334,1733333333.3334,1155555555.5556,1155555555.5556,1155555555.5556,1,1,1,20000000,1.0985198289882e-06,5.8732334896004e-06,1.0888344111614e-06,1,397.57441339386,397.57441339386,396.99274798821,396.99274798821,397.57441339386,397.21893297111,397.21893297111,397.21893297111,396.61862601948,396.61862601948,396.61862601948,396.99274798821,2.4226802739329e-22,1.1555162686111e-211,1.4476655512164e-209,-2.5829350128278e-22,-2.4200027011719e-22,-2.5244384631033e-22,6.8100801645377e-213,-2.5271431693692e-22,-2.6995639951371e-22,-2.7897743231006e-214,-2.7044587851999e-22,2.5877134581374e-22,436.29694236189,436.29694236189,435.71527695625,435.71527695625,436.29694236189,435.94146193915,435.94146193915,435.94146193915,435.34115498751,435.34115498751,435.34115498751,435.71527695625,1.218461997804e-27,0.0022460934902035,0.0013618039733446,0.0019980019984957,279.12025204216,-0.00073538402816643,0.0081465098990645,0.0015244839533917,279.11944690907,-0.0020505363814228,-0.0008728011013789,0,1.5385022579269e-21,1.3480907712313e-22,0,0,1.3509794967861e-22,1.3510785561097e-22,1.3499564280976e-22,0,1.3482355422627e-22,1.3504507296884e-22,0,1.3475443862556e-22,1.34917749706e-22,1.9125107737389e-22,0,0,1.9165976972165e-22,1.9167380197657e-22,1.9151501676526e-22,0,1.9127160290302e-22,1.9158498624853e-22,0,1.9117379877239e-22,1.9140486505619e-22
0.25,1733333333.3334,1733333333.3334,1733333333.3334,1155555555.5556,1155555555.5556,1155555555.5556,1,1,1,20000000,1.373458497416e-06,7.3415258204257e-06,1.361473003255e-06,1,397.57441339386,397.57441339386,396.99274798821,396.99274798821,397.57441339386,397.21893297111,397.21893297111,397.21893297111,396.61862601948,396.61862601948,396.61862601948,396.99274798821,1.7174893178248e-17,4.525614144293e-222,9.5742109809084e-214,-1.8327566316238e-17,-1.7169289899279e-17,-1.7920476946632e-17,2.0326260041841e-215,-1.7928288536667e-17,-1.9164761053372e-17,-2.8100327825602e-218,-1.9185932680245e-17,1.8346408796549e-17,436.29694236189,436.29694236189,435.71527695625,435.71527695625,436.29694236189,435.94146193915,435.94146193915,435.94146193915,435.34115498751,435.34115498751,435.34115498751,435.71527695625,2.1745857659411e-21,0.0028073150007106,0.00170213393913,0.0024968793689881,349.28848010144,-0.00085611442225076,0.0051358401827527,0.0017595812727096,349.28778418876,-0.0023804842582439,-0.00053473854138632,0,1.3495816978022e-19,1.1755540346996e-20,0,0,1.1769200631481e-20,1.1770009490876e-20,1.1764811726322e-20,0,1.1758622648886e-20,1.1768815192022e-20,0,1.1753044321517e-20,1.176431514825e-20,1.6816095669119e-20,0,0,1.6835822921052e-20,1.6836980853233e-20,1.6829471318896e-20,0,1.6820475227786e-20,1.6835203043869e-20,0,1.6812488477433e-20,1.6828658899742e-20
0.3,1733333333.3334,1733333333.3334,1733333333.3334,1155555555.5556,1155555555.5556,1155555555.5556,1,1,1,20000000,1.6486468905932e-06,8.809827048833e-06,1.6342532158912e-06,1,397.57441339386,397.57441339386,396.99274798821,396.99274798821,397.57441339386,397.21893297111,397.21893297111,397.21893297111,396.61862601948,396.61862601948,396.61862601948,396.99274798821,1.5819766862695e-13,2.2056904804911e-218,6.4540037152672e-218,-1.6897077080113e-13,-1.5810169201667e-13,-1.6508637409484e-13,4.6734094245744e-221,-1.6517006217061e-13,-1.7667891943801e-13,-8.4398896740928e-222,-1.7680309345911e-13,1.6910827845268e-13,436.29694236189,436.29694236189,435.71527695625,435.71527695625,436.29694236189,435.94146193915,435.94146193915,435.94146193915,435.34115498751,435.34115498751,435.34115498751,435.71527695625,1.5441605184876e-16,0.0033684150007919,0.0020424154379891,0.002995507985024,419.61223868917,0.00069309914791207,0.0055514833958852,-0.00076525772323518,419.61271755211,-0.00080465162432776,0.00026539692965963,0,5.2720658288993e-18,4.5306537915288e-19,0,0,4.5343496790793e-19,4.5350267965204e-19,4.5327053953165e-19,0,4.5299222060828e-19,4.5337257365658e-19,0,4.529912434551e-19,4.5310068867542e-19,6.5754729950883e-19,0,0,6.5808970419066e-19,6.5818662098969e-19,6.5785081574872e-19,0,6.5744821726152e-19,6.5800084551699e-19,0,6.5743884860788e-19,6.5760979794511e-19
0.35,1733333333.3328,1733333333.3328,1733333333.3328,1155555555.555,1155555555.555,1155555555.555,1,1,1,20000000.000247,1.9241815607411e-06,1.0278141245647e-05,1.9072764755972e-06,1.0000000000616,397.5744133938,397.5744133938,396.99274798815,396.99274798815,397.5744133938,397.21893297105,397.21893297105,397.21893297105,396.61862601941,396.61862601941,396.61862601941,396.99274798815,3.5660630886009e-10,8.3363328694053e-209,5.09760764991e-205,-3.8060621605053e-10,-3.5630818615696e-10,-3.7181526469342e-10,-1.2216935231996e-208,-3.7213364579515e-10,-3.9785116150367e-10,-1.5297227589962e-211,-3.9837191103028e-10,3.8110276090754e-10,436.29694236203,436.29694236203,435.71527695638,435.71527695638,436.29694236203,435.94146193928,435.94146193928,435.94146193928,435.34115498764,435.34115498764,435.34115498764,435.71527695638,1.4223783274508e-12,0.0039293995797113,0.0023826631584038,0.0034938880945516,490.09266227794,-0.00048015200821496,0.010501184128534,8.8277164370619e-06,490.09216941351,-0.0022095203895126,-0.00050374837871225,0,1.1806005083275e-16,9.9346152388908e-18,0,0,9.9482435392381e-18,9.9500174028198e-18,9.9430886620154e-18,0,9.933087634731e-18,9.9466412507342e-18,0,9.9313019710499e-18,9.9381804776088e-18,1.4707214907307e-17,0,0,1.4727030639172e-17,1.4729636177906e-17,1.4719501653449e-17,0,1.4704955466539e-17,1.4724675802365e-17,0,1.4702420788089e-17,1.4712319414691e-17
0.4,1733333332.1132,1733333332.1132,1733333332.1132,1155555554.3354,1155555554.3354,1155555554.3354,1,1,1,20000000.556543,2.1995226246247e-06,1.1746414180487e-05,2.1804583398177e-06,1.0000000494808,397.57441325879,397.57441325879,396.9927478476,396.9927478476,397.57441325879,397.21893283241,397.21893283241,397.21893283241,396.61862587438,396.61862587438,396.61862587438,396.9927478476,2.8611889048077e-07,5.0219393342377e-247,1.9900191334622e-248,-3.0574118509429e-07,-2.8608072207783e-07,-2.9883545032325e-07,-7.6647270799476e-244,-2.9886407895498e-07,-3.1976800383863e-07,-1.5657402574427e-246,-3.1982536776985e-07,3.0580382686761e-07,436.29694266827,436.29694266827,435.71527725708,435.71527725708,436.29694266827,435.94146224189,435.94146224189,435.94146224189,435.34115528386,435.34115528386,435.34115528386,435.71527725708,3.2043440596572e-09,0.004490266980457,0.0027228445626977,0.003992019945153,560.72198112166,0.00019240861434971,0.0017326368969064,-3.9515436549023e-05,560.72206233134,-0.00044297513688129,-2.9945573216356e-05,0,1.7513744835996e-15,1.4429950713047e-16,0,0,1.4433136078712e-16,1.4433628867382e-16,1.4431678584164e-16,0,1.4430049450478e-16,1.4432622922542e-16,0,1.4429639055114e-16,1.4430812684933e-16,2.1877753493498e-16,0,0,2.1884239854008e-16,2.1885197316302e-16,2.1881425746878e-16,0,2.1877667185235e-16,2.1883278657912e-16,0,2.1876833330699e-16,2.1879482956567e-16
0.45,1733332352.675,1733332352.675,1733332352.675,1155554574.8972,1155554574.8972,1155554574.8972,1,1,1,20000447.63949,2.4794799598179e-06,1.3214791448017e-05,2.456402802556e-06,1.0000152728424,397.57430487501,397.57430487501,396.99263499531,396.99263499531,397.57430487501,397.21882146548,397.21882146548,397.21882146548,396.6185093837,396.6185093837,396.6185093837,396.99263499531,8.8108666612001e-05,-1.7108002968791e-162,-3.418854347188e-165,-9.418932666623e-05,-8.8137122148045e-05,-9.2061375024408e-05,4.4827702891895e-165,-9.207829040404e-05,-9.8506338877901e-05,-2.0081685149143e-166,-9.8520815200109e-05,9.4176225470522e-05,436.29718862932,436.29718862932,435.71551874962,435.71551874962,436.29718862932,435.9417052198,435.9417052198,435.9417052198,435.34139313802,435.34139313802,435.34139313802,435.71551874962,2.5752705244577e-06,0.0050523291359226,0.0030643093361678,0.0044899037839023,629.34773369126,-5.9529933603312e-05,0.00085745503223622,-2.5865096872247e-06,629.34767210836,-0.0006564281395652,5.6931631026222e-06,0,1.8003469773586e-14,1.4285035686425e-15,0,0,1.4286856723783e-15,1.4287378023734e-15,1.4286105261711e-15,0,1.4285274020507e-15,1.4287202909642e-15,0,1.4284736111486e-15,1.4286136009542e-15,2.2389866556076e-15,0,0,2.2393090527856e-15,2.2393923503546e-15,2.2391746389289e-15,0,2.239019498054e-15,2.2393483988983e-15,0,2.2389350876854e-15,2.2391595594258e-15
0.5,1733030632.5662,1733030632.5662,1733030632.5662,1155252854.7885,1155252854.7885,1155252854.7885,1,1,1,20137914.778513,2.8253637196646e-06,1.4684539822328e-05,2.7711534853437e-06,1.0002587190321,397.54091773989,397.54091773989,396.95787101446,396.95787101446,397.54091773989,397.18451033717,397.18451033717,397.18451033717,396.58262221496,396.58262221496,396.58262221496,396.95787101446,0.0014086194829852,-9.0572695968951e-118,1.0211069976879e-117,-0.0015067621433912,-0.001410480810701,-0.0014698610659029,1.3360332493088e-117,-0.0014734235221427,-0.0015732885656132,-4.6924122696527e-119,-0.0015750858469253,0.0015058183752763,436.37277823765,436.37277823765,435.78973151222,435.78973151222,436.37277823765,436.01637083493,436.01637083493,436.01637083493,435.41448271272,435.41448271272,435.41448271272,435.78973151222,0.0007918578226543,0.0056341321318327,0.0034251831834284,0.0049875398271717,665.56823467139,-0.00052641015700199,0.0066834935048678,-0.00059684736613843,665.56590096979,-0.0016357817600511,-0.00054133214459531,0,6.8515846281416e-14,4.3373148509061e-15,0,0,4.3433367433847e-15,4.3433851442685e-15,4.3407572900216e-15,0,4.3362334991192e-15,4.3412996043485e-15,0,4.3362834959139e-15,4.3376788021211e-15,8.3728761420413e-15,0,0,8.3817147812337e-15,8.381866527989e-15,8.3779324694473e-15,0,8.3713797221249e-15,8.3788731776929e-15,0,8.3713660179014e-15,8.3735637506037e-15
0.55,1728206786.988,1728206786.988,1728206786.988,1150429009.2102,1150429009.2102,1150429009.2102,1,1,1,22444424.240887,3.2267039611206e-06,1.6155347416446e-05,3.11963522425e-06,1.0006992596757,397.00662757873,397.00662757873,396.40155750832,396.40155750832,397.00662757873,396.63566612251,396.63566612251,396.63566612251,396.00868923455,396.00868923455,396.00868923455,396.40155750832,0.0025489755641541,-2.175235711876e-107,7.4492564859699e-108,-0.0027270098338143,-0.0025525288653741,-0.0026546979226626,4.3551878863435e-108,-0.0026666874790208,-0.0028431600736288,-2.1623649804189e-108,-0.0028488415760842,0.0027252203055918,437.53920836866,437.53920836866,436.93413829826,436.93413829826,437.53920836866,437.16824691245,437.16824691245,437.16824691245,436.54127002449,436.54127002449,436.54127002449,436.93413829826,0.013253439167097,0.006233604980415,0.0038024572056084,0.0054849281987471,673.70611094265,0.00010257692135077,0.0078106751730486,-0.00039656874548002,673.70223560503,-0.0012932510533454,8.5701726162766e-05,0,1.3334444754363e-13,5.5229663073354e-15,0,0,5.537429393058e-15,5.5366430798534e-15,5.5310343301168e-15,0,5.5199912231069e-15,5.5309019916712e-15,0,5.5206161739987e-15,5.5229344407542e-15,1.6183529998405e-14,0,0,1.621282252958e-14,1.6211862261537e-14,1.619999623305e-14,0,1.6177826174023e-14,1.6200749786471e-14,0,1.6178696283827e-14,1.6184172540816e-14
0.6,1719517315.6666,1719517315.6666,1719517315.6666,1141739537.8888,1141739537.8888,1141739537.8888,1,1,1,26820538.713909,3.6385773995853e-06,1.7626153926266e-05,3.4772484422613e-06,1.0011767180746,396.04200351741,396.04200351741,395.39712078812,395.39712078812,396.04200351741,395.64537418554,395.64537418554,395.64537418554,394.97321916162,394.97321916162,394.97321916162,395.39712078812,0.002756274099651,-1.7982809270368e-103,3.6413084378958e-105,-0.0029558126464682,-0.0027603606640826,-0.0028713199996618,2.9197401223893e-105,-0.0028887996933698,-0.0030842755852696,-5.4215282196096e-105,-0.0030927413589489,0.0029538953744936,439.55711731685,439.55711731685,438.91223458755,438.91223458755,439.55711731685,439.16048798498,439.16048798498,439.16048798498,438.48833296105,438.48833296105,438.48833296105,438.91223458755,0.0242085387567,0.0068369776301298,0.0041828439150647,0.005982069081298,676.57821636152,-0.00019728668853794,0.0066786813069015,-0.00020795314940607,676.57277302341,-0.0011572303832354,-0.00026605390730471,0,2.0405746817243e-13,6.0109129239374e-15,0,0,6.0325412063727e-15,6.0309053650084e-15,6.0228791792891e-15,0,6.0065116315616e-15,6.0219632500321e-15,0,6.0076072883127e-15,6.01062084378e-15,2.4684244577681e-14,0,0,2.4744124119207e-14,2.474085042212e-14,2.4717633652935e-14,0,2.4672316385929e-14,2.4717091886778e-14,0,2.467473598837e-14,2.4684474056372e-14
0.65,1710176726.6275,1710176726.6275,1710176726.6275,1132398948.8497,1132398948.8497,1132398948.8497,1,1,1,31817614.632101,4.0506745221532e-06,1.9096735485741e-05,3.8719519188053e-06,1.0016530117789,395.00344368804,395.00344368804,394.31415446544,394.31415446544,395.00344368804,394.57856485549,394.57856485549,394.57856485549,393.8559631728,393.8559631728,393.8559631728,394.31415446544,0.0027385855956653,-3.1576206813708e-101,-1.8322933889687e-104,-0.0029496138667596,-0.0027431352738097,-0.0028573212643594,5.9911987056536e-104,-0.0028792321699001,-0.0030844235581284,-1.6447414115881e-103,-0.0030956652113462,0.002947615986361,441.66912147158,441.66912147158,440.97983224897,440.97983224897,441.66912147158,441.24424263903,441.24424263903,441.24424263903,440.52164095633,440.52164095633,440.52164095633,440.97983224897,0.026040899310328,0.0074406977268409,0.0045633805609099,0.0064789626858489,679.61307460679,-0.00024348322114984,0.0066690142504719,-0.00023132669320756,679.6067317077,-0.0011269173690086,-0.00028143986793092,0,2.8163422732677e-13,6.5696179076585e-15,0,0,6.6002800183073e-15,6.597554387661e-15,6.5866842540347e-15,0,6.5634011142887e-15,6.5847692244012e-15,0,6.5649798648016e-15,6.5691414749494e-15,3.39750873223e-14,0,0,3.4078329636557e-14,3.4071201315645e-14,3.403261185606e-14,0,3.3954367257051e-14,3.4029361829024e-14,0,3.3959019549879e-14,3.3974643023393e-14
0.7,1700941914.7403,1700941914.7403,1700941914.7403,1123164136.9625,1123164136.9625,1123164136.9625,1,1,1,37022320.498171,4.4637173427215e-06,2.0567120606071e-05,4.2675099582336e-06,1.0021282991226,393.9759841591,393.9759841591,393.23992368489,393.23992368489,393.9759841591,393.52169717052,393.52169717052,393.52169717052,392.7458414282,392.7458414282,392.7458414282,393.23992368489,0.0027207568396222,-1.414523888341e-99,-1.1481200589849e-102,-0.0029445742174665,-0.0027258915580825,-0.0028440334990092,5.4357318534353e-103,-0.0028703779263295,-0.0030866823378116,-9.4129274334012e-103,-0.0031008940112562,0.0029423513317593,443.70703614764,443.70703614764,442.97097567342,442.97097567342,443.70703614764,443.25274915905,443.25274915905,443.25274915905,442.47689341673,442.47689341673,442.47689341673,442.97097567342,0.025747677217738,0.0080446340511938,0.0049441500949753,0.0069756092157793,682.78826222969,-0.00029503039352698,0.0066454146475213,-0.00025770268565627,682.78114155474,-0.0010931894823308,-0.00029918643767995,0,3.670842265005e-13,7.2063559932461e-15,0,0,7.2480067397149e-15,7.2438422321796e-15,7.2297005351131e-15,0,7.1980618526203e-15,7.2263835398552e-15,0,7.2001232832727e-15,7.2057295920716e-15,4.4166413703238e-14,0,0,4.4328559068033e-14,4.4315541244084e-14,4.4256952404713e-14,0,4.4133963951827e-14,4.4249011437997e-14,0,4.4141531547841e-14,4.4165083539294e-14
0.75,1691808816.8705,1691808816.8705,1691808816.8705,1114031039.0927,1114031039.0927,1114031039.0927,1,1,1,42428759.71839,4.8785840629136e-06,2.2037357618188e-05,4.6646646459491e-06,1.0026041106839,392.95944679541,392.95944679541,392.17400455035,392.17400455035,392.95944679541,392.47441933331,392.47441933331,392.47441933331,391.64218492335,391.64218492335,391.64218492335,392.17400455035,0.0027112065281767,-3.3245608680432e-98,-1.584039440866e-101,-0.0029491384202009,-0.0027169850747286,-0.0028396334600641,4.4222744279857e-102,-0.0028706357018867,-0.0030993545050744,-2.4969282983013e-102,-0.0031168139215933,0.0029466271082101,445.67202767872,445.67202767872,444.88658543365,444.88658543365,445.67202767872,445.18700021661,445.18700021661,445.18700021661,444.35476580665,444.35476580665,444.35476580665,444.88658543365,0.025557401479544,0.0086488322575327,0.00532532245098,0.0074720088695961,685.88585470696,-0.0003408236110785,0.0066288032611758,-0.00029086432321361,685.87800834181,-0.0010604067631518,-0.00031209192401193,0,4.6091698341361e-13,7.8835217612534e-15,0,0,7.9382840886857e-15,7.9323540127486e-15,7.9144188309602e-15,0,7.8728379613101e-15,7.909299562848e-15,0,7.8753782507313e-15,7.8827597138124e-15,5.5315397097266e-14,0,0,5.5554988088223e-14,5.5533583870458e-14,5.5449630853758e-14,0,5.5267838171078e-14,5.5434450148648e-14,0,5.5278998278844e-14,5.5312989235495e-14
0.8,1682747317.4594,1682747317.4594,1682747317.4594,1104969539.6816,1104969539.6816,1104969539.6816,1,1,1,48034913.438182,5.2957127644946e-06,2.3507484146873e-05,5.0637638265429e-06,1.0030806970669,391.95060538087,391.95060538087,391.11291865344,391.11291865344,391.95060538087,391.43336420836,391.43336420836,391.43336420836,390.54130683151,390.54130683151,390.54130683151,391.11291865344,0.0027024892506579,-5.4679292312753e-97,-1.4953667632931e-100,-0.0029554173254908,-0.002708984826308,-0.0028363341129462,3.7685253248015e-101,-0.0028722428597471,-0.0031142222234105,-2.1032369373675e-102,-0.0031352161871924,0.002952561798094,447.57078153647,447.57078153647,446.73309480904,446.73309480904,447.57078153647,447.05354036396,447.05354036396,447.05354036396,446.16148298711,446.16148298711,446.16148298711,446.73309480904,0.025526842312118,0.0092532508846607,0.0057069606394761,0.0079681618423908,688.87027910902,-0.00038578159766547,0.0066456012775674,-0.0003282684625782,688.86172177719,-0.0010328672448414,-0.00032378281794089,0,5.635334547891e-13,8.5926870414411e-15,0,0,8.6629631285473e-15,8.6549020369522e-15,8.6325761588781e-15,0,8.5792524438699e-15,8.6252086989295e-15,0,8.582261703534e-15,8.5918000804013e-15,6.7467291648499e-14,0,0,6.7806268034953e-14,6.7773463712126e-14,6.7657937135862e-14,0,6.7400733332221e-14,6.7632337268972e-14,0,6.7416149175817e-14,6.7463629434397e-14
0.85,1673752520.8062,1673752520.8062,1673752520.8062,1095974743.0284,1095974743.0284,1095974743.0284,1,1,1,53821929.02235,5.7154513710475e-06,2.497752986111e-05,5.4650556510874e-06,1.0035580442069,390.94904361848,390.94904361848,390.05610138526,390.05610138526,390.94904361848,390.39805421327,390.39805421327,390.39805421327,389.44252280848,389.44252280848,389.44252280848,390.05610138526,0.0026930148654747,-7.2167883383495e-96,-1.1277549605659e-99,-0.0029618002347927,-0.0027003368483314,-0.0028324989881183,3.3377979254186e-100,-0.0028735861499924,-0.0031296373327334,3.7950982435834e-101,-0.0031544528695148,0.0029585218058738,449.40485144099,449.40485144099,448.51190920777,448.51190920777,449.40485144099,448.85386203578,448.85386203578,448.85386203578,447.89833063099,447.89833063099,447.89833063099,448.51190920777,0.025555164586096,0.0098578439695845,0.0060891046846976,0.0084640683251561,691.74363215481,-0.00043216948494588,0.0066450950229392,-0.00037080859740615,691.73435960222,-0.0010044440887223,-0.00033549246576709,0,6.7532055290862e-13,9.3323575733567e-15,0,0,9.4208357039341e-15,9.4102077297207e-15,9.3828506760572e-15,0,9.3157816725471e-15,9.3727028298125e-15,0,9.3192430178995e-15,9.3313560837741e-15,8.0665238297656e-14,0,0,8.1129341656345e-14,8.1081507108245e-14,8.0927291815664e-14,0,8.0575238117644e-14,8.0887340726986e-14,0,8.0595549042781e-14,8.0660159763403e-14
0.9,1664824676.3328,1664824676.3328,1664824676.3328,1087046898.555,1087046898.555,1087046898.555,1,1,1,59771066.180919,6.1380880413126e-06,2.6447519973901e-05,5.8687478674097e-06,1.0040361384642,389.95492769103,389.95492769103,389.00358435688,389.00358435688,389.95492769103,389.36860725709,389.36860725709,389.36860725709,388.34575552811,388.34575552811,388.34575552811,389.00358435688,0.0026828176665934,-8.1797239225705e-95,-7.2064126279082e-99,-0.0029683067060319,-0.0026910504451511,-0.0028280582635816,2.9801379200873e-99,-0.0028746559409629,-0.0031455700653002,5.4696822587419e-100,-0.0031745406889672,0.0029645620886258,451.17499742093,451.17499742093,450.22365408679,450.22365408679,451.17499742093,450.58867698699,450.58867698699,450.58867698699,449.56582525801,449.56582525801,449.56582525801,450.22365408679,0.02561356596595,0.010462579671243,0.0064717965557468,0.0089597285041343,694.50785923296,-0.00015965445051274,0.0068419796606451,-0.00034908212283127,694.49814737076,-0.00096310139883598,-8.674675928533e-05,0,7.9664655825739e-13,1.0100602217789e-14,0,0,1.0210579787395e-14,1.0196825097005e-14,1.0163682355865e-14,0,1.0080491695105e-14,1.0150070599534e-14,0,1.0084334993075e-14,1.0099541515015e-14,9.4949646942189e-14,0,0,9.5569282071372e-14,9.5501995453575e-14,9.5300909246979e-14,0,9.483120618825e-14,9.524170822789e-14,0,9.4856952357502e-14,9.4943068347688e-14
0.95,1655964042.1554,1655964042.1554,1655964042.1554,1078186264.3777,1078186264.3777,1078186264.3777,1,1,1,65864086.329834,6.5640370797565e-06,2.7917473844692e-05,6.2750853258456e-06,1.0045149756628,388.96841720571,388.96841720571,387.95539272989,387.95539272989,388.96841720571,388.3451504209,388.3451504209,388.3451504209,387.25093520179,387.25093520179,387.25093520179,387.95539272989,0.0026717516260931,-8.4082225808121e-94,-4.0191599637119e-98,-0.0029750158593056,-0.0026811313841062,-0.0028230842832185,2.6632861939711e-98,-0.0028754848570367,-0.0031622700544329,5.7522024963789e-99,-0.0031956944514379,0.0029706408653434,452.88218102117,452.88218102117,451.86915654535,451.86915654535,452.88218102117,452.25891423636,452.25891423636,452.25891423636,451.16469901725,451.16469901725,451.16469901725,451.86915654535,0.025694501842459,0.0110674406227,0.0068550822358858,0.0094551425599961,697.16386346709,-0.00051932193693246,0.0067107446159833,-0.00046801656593379,697.15311902365,-0.00095924974371996,-0.00035068777158373,0,9.2785452330812e-13,1.0895240235362e-14,0,0,1.1029669532849e-14,1.1012280473202e-14,1.0972709477951e-14,0,1.0871121966501e-14,1.0955021273943e-14,0,1.0875331325338e-14,1.0894148043612e-14,1.1035784344835e-13,0,0,1.1116759031322e-13,1.1107571185143e-13,1.1081866380668e-13,0,1.1020529431149e-13,1.1073444788959e-13,0,1.102369934131e-13,1.1034972026146e-13
1,1647170725.4166,1647170725.4166,1647170725.4166,1069392947.6388,1069392947.6388,1069392947.6388,1,1,1,72084418.995109,6.9935762997139e-06,2.9387409649654e-05,6.6842627152024e-06,1.0049945483713,387.98968093436,387.98968093436,386.9115435805,386.9115435805,387.98968093436,387.32779204582,387.32779204582,387.32779204582,386.15793757815,386.15793757815,386.15793757815,386.9115435805,0.0026599415438233,-7.9702794148745e-93,-2.0009037870252e-97,-0.0029819157447098,-0.002670597072611,-0.0028174638844768,2.3971460103407e-97,-0.0028760460883468,-0.0031795811736233,5.3660551240302e-98,-0.0032178331669928,0.0029768508114233,454.5275785223,454.5275785223,453.44944116844,453.44944116844,454.5275785223,453.86568963376,453.86568963376,453.86568963376,452.69583516608,452.69583516608,452.69583516608,453.44944116844,0.025797188351585,0.011672414198218,0.0072390035982924,0.0099503106677788,699.71254265162,-0.00056451158345155,0.0067764349856542,-0.00052329370950905,699.7010240301,-0.00094312856789366,-0.0003569833515013,0,1.0692557219626e-12,1.1713246080917e-14,0,0,1.1876173252222e-14,1.1854401665499e-14,1.1807572230879e-14,0,1.1684724923894e-14,1.1784895087261e-14,0,1.1689149525274e-14,1.1712257333203e-14,1.269228749154e-13,0,0,1.2796303559561e-13,1.278403674606e-13,1.2751709259429e-13,0,1.2672999077146e-13,1.2740080635313e-13,0,1.2676794720435e-13,1.2691335342808e-13
1.05,1638444919.4691,1638444919.4691,1638444919.4691,1060667141.6914,1060667141.6914,1060667141.6914,1,1,1,78415872.414602,7.4270655304536e-06,3.0857340685078e-05,7.096501009249e-06,1.0054748492452,387.01887242717,387.01887242717,385.87205057456,385.87205057456,387.01887242717,386.31665988974,386.31665988974,386.31665988974,385.06667675642,385.06667675642,385.06667675642,385.87205057456,0.0026472833672492,-7.1387666133958e-92,-8.9796387517664e-97,-0.0029890205105581,-0.0026594193838225,-0.0028111944518771,2.2816906111856e-96,-0.0028763172198373,-0.003197613279958,4.6466149582366e-97,-0.0032410484594843,0.0029831428328243,456.11244589531,456.11244589531,454.9656240427,454.9656240427,456.11244589531,455.41023335788,455.41023335788,455.41023335788,454.16025022456,454.16025022456,454.16025022456,454.9656240427,0.025916548922386,0.012277497122145,0.0076236061034539,0.010445232995751,702.15508691763,-0.00061302581587499,0.0067951644644507,-0.00058449234418705,702.14275659346,-0.00092302327810653,-0.00036693563745056,0,1.2216199692478e-12,1.2551738565949e-14,0,0,1.2747310365288e-14,1.2720335869368e-14,1.2665470929102e-14,0,1.2518433167427e-14,1.2636805990921e-14,0,1.2522899039689e-14,1.2551014827241e-14,1.4467371382672e-13,0,0,1.4599045479797e-13,1.45829638965e-13,1.4542877335607e-13,0,1.4443372873649e-13,1.4527194877057e-13,0,1.444780008665e-13,1.4466316881831e-13
1.1,1629786846.8974,1629786846.8974,1629786846.8974,1052009069.1196,1052009069.1196,1052009069.1196,1,1,1,84843487.218194,7.8648476553879e-06,3.232727905967e-05,7.5120137672947e-06,1.0059558695776,386.05616049041,386.05616049041,384.83693551928,384.83693551928,386.05616049041,385.31188541189,385.31188541189,385.31188541189,383.97705175797,383.97705175797,383.97705175797,384.83693551928,0.0026337617055094,-6.1264811462769e-91,-3.6408075637692e-96,-0.0029963350150449,-0.0026475927152216,-0.0028042163832629,2.5600367001753e-95,-0.0028762623988249,-0.0032163647325699,3.8357917493786e-96,-0.0032653794993151,0.0029895300099717,457.63813938321,457.63813938321,456.41891441209,456.41891441209,457.63813938321,456.8938643047,456.8938643047,456.8938643047,455.55903065078,455.55903065078,455.55903065078,456.41891441209,0.026052032101243,0.0128826911506,0.0080089363587277,0.010939909705013,704.49279672594,-0.00066392953181274,0.0068441793483496,-0.00065071815165687,704.47961258712,-0.00090929390786084,-0.00037731487872298,0,1.3861404542538e-12,1.3407461043917e-14,0,0,1.3640327903058e-14,1.360720983724e-14,1.3543480593634e-14,0,1.3369015499441e-14,1.3507698012311e-14,0,1.3373264035076e-14,1.3407258713904e-14,1.6363472707202e-13,0,0,1.652807915137e-13,1.6507313966288e-13,1.6458214729332e-13,0,1.6334037177138e-13,1.6437471849602e-13,0,1.633906522381e-13,1.6362389592576e-13
1.15,1621196786.2558,1621196786.2558,1621196786.2558,1043419008.4781,1043419008.4781,1043419008.4781,1,1,1,91353083.99986,8.3072883670999e-06,3.3797234945054e-05,7.9310250895066e-06,1.0064375998522,385.10171697696,385.10171697696,383.80622335663,383.80622335663,385.10171697696,384.31361297836,384.31361297836,384.31361297836,382.88896738691,382.88896738691,382.88896738691,383.80622335663,0.0026193402517001,-5.094471937754e-90,-1.3116914451315e-95,-0.003003863844374,-0.0026351055994934,-0.0027964978852592,3.8175474947799e-94,-0.0028758521270773,-0.0032358693154541,3.0854876180708e-95,-0.0032908723031746,0.0029960033896833,459.10607380323,459.10607380323,457.81058018289,457.81058018289,459.10607380323,458.31796980462,458.31796980462,458.31796980462,456.89332421318,456.89332421318,456.89332421318,457.81058018289,0.026201887192243,0.013488002942704,0.0083950435172681,0.011434340948682,706.72708345846,-0.00071687529688085,0.0068983892961528,-0.0007221476687474,706.71299580356,-0.00089867196746529,-0.00038936646311842,0,1.5621761589427e-12,1.427700301495e-14,0,0,1.4552241513772e-14,1.4511895510234e-14,1.4438474187269e-14,0,1.4233131787958e-14,1.4394281795486e-14,0,1.4236810715851e-14,1.4277674425875e-14,1.838254583658e-13,0,0,1.858607688254e-13,1.855960591092e-13,1.8500123330893e-13,0,1.8346905978095e-13,1.8473130703182e-13,0,1.835245430374e-13,1.8381557673798e-13
1.2,1612675064.069,1612675064.069,1612675064.069,1034897286.2912,1034897286.2912,1034897286.2912,1,1,1,97931378.842435,8.7547680656179e-06,3.526721724596e-05,8.3537660517709e-06,1.0069200300131,384.15571959529,384.15571959529,382.7799446594,382.7799446594,384.15571959529,383.32199547195,383.32199547195,383.32199547195,381.80232957377,381.80232957377,381.80232957377,382.7799446594,0.0026039932483222,-4.1386208129811e-89,-3.9004926224935e-95,-0.0030116129471425,-0.0026219528654591,-0.0027880041443934,7.368054560974e-93,-0.0028750535712423,-0.0032561542076651,2.4657661432553e-94,-0.003317573537814,0.0030025616372712,460.51771141796,460.51771141796,459.14193648206,459.14193648206,460.51771141796,459.68398729461,459.68398729461,459.68398729461,458.16432139643,458.16432139643,458.16432139643,459.14193648206,0.026365396970906,0.014093443486406,0.0087819788106183,0.011928526871119,708.85943020223,-0.00077194887218898,0.0069588256175185,-0.00079852359988146,708.84438109247,-0.00089195197925567,-0.00040400705568648,0,1.7499703883882e-12,1.5156775639407e-14,0,0,1.5479937368656e-14,1.5431123030291e-14,1.534718025117e-14,0,1.5107283518478e-14,1.5293118655862e-14,0,1.5109921955106e-14,1.5158800301983e-14,2.052603760369e-13,0,0,2.0775270619684e-13,2.0741896258128e-13,2.0670542376432e-13,0,2.048339850234e-13,2.0635904284592e-13,0,2.0489319959271e-13,2.0525335771435e-13
1.25,1604222051.6198,1604222051.6198,1604222051.6198,1026444273.8421,1026444273.8421,1026444273.8421,1,1,1,104565896.55062,9.2076846032193e-06,3.6737233887265e-05,8.7804752438097e-06,1.007403149662,383.21834978468,383.21834978468,381.75813462721,381.75813462721,383.21834978468,382.33719483934,382.33719483934,382.33719483934,380.71704654561,380.71704654561,380.71704654561,381.75813462721,0.0025876985990893,-3.3048178469355e-88,-6.3647728571556e-95,-0.0030195882874441,-0.0026081322592935,-0.0027787039570074,1.5916649471582e-91,-0.0028738325012601,-0.0032772471294172,1.9958661666866e-93,-0.003345530002883,0.0030092038478134,461.87454778353,461.87454778353,460.41433262606,460.41433262606,461.87454778353,460.9933928382,460.9933928382,460.9933928382,459.37324454446,459.37324454446,459.37324454446,460.41433262606,0.026541947415409,0.014699027711221,0.0091697954562219,0.012422467607008,710.89136387826,-0.00082951785976344,0.0070270063459995,-0.00087955066808947,710.87528601024,-0.00088986051209903,-0.00042264675369373,0,1.9497286270394e-12,1.6043051940545e-14,0,0,1.6420185804716e-14,1.6361491281572e-14,1.6266205238907e-14,0,1.5987862539095e-14,1.6200638844542e-14,0,1.5988846253551e-14,1.6047065495722e-14,2.2794867767307e-13,0,0,2.3097435565856e-13,2.3055760545233e-13,2.2970931182153e-13,0,2.2744423705955e-13,2.2927020601898e-13,0,2.2750484281118e-13,2.2794733537469e-13
1.3,1595838163.3663,1595838163.3663,1595838163.3663,1018060385.5885,1018060385.5885,1018060385.5885,1,1,1,111244912.20563,9.6664566242764e-06,3.8207292004683e-05,9.2113994076824e-06,1.0078869482033,382.28979188606,382.28979188606,380.74083315386,380.74083315386,382.28979188606,381.35938170708,381.35938170708,381.35938170708,379.6330293121,379.6330293121,379.6330293121,380.74083315386,0.0025704370715058,-2.6060228687801e-87,3.2626280422895e-94,-0.0030277951904569,-0.0025936438900495,-0.0027685710841901,3.4504468559989e-90,-0.0028721538272863,-0.0032991769853218,1.670424020727e-92,-0.0033747872687841,0.0030159278627315,463.17810112971,463.17810112971,461.62914239751,461.62914239751,463.17810112971,462.24769095073,462.24769095073,462.24769095073,460.52133855575,460.52133855575,460.52133855575,461.62914239751,0.026731077553297,0.015304774211504,0.0095585485990341,0.012916163280352,712.82443407109,-0.00088783736516928,0.0070981853670819,-0.00096488750915913,712.80725182132,-0.00089123799485219,-0.00044495538089785,0,2.1616174310068e-12,1.6932002257593e-14,0,0,1.736966618036e-14,1.7299490936358e-14,1.719206237053e-14,0,1.6871191351026e-14,1.7113168565306e-14,0,1.6869736506944e-14,1.6938825876192e-14,2.5189414490389e-13,0,0,2.5553877314471e-13,2.5502278015668e-13,2.5402255959109e-13,0,2.5130370468156e-13,2.5347188109921e-13,0,2.5136225297296e-13,2.5190245265948e-13
1.35,1587523856.4101,1587523856.4101,1587523856.4101,1009746078.6323,1009746078.6323,1009746078.6323,1,1,1,117957403.54562,1.0131511453219e-05,3.9677398610945e-05,9.6467856720698e-06,1.008371414933,381.37023252374,381.37023252374,379.72808519662,379.72808519662,381.37023252374,380.38873483817,380.38873483817,380.38873483817,378.55019230209,378.55019230209,378.55019230209,379.72808519662,0.0025522057578941,-2.0349112098262e-86,4.811702662343e-93,-0.0030362403693887,-0.002578495845046,-0.0027575719879694,7.1569477389925e-89,-0.0028699771587976,-0.0033219545441114,1.4770902529275e-91,-0.0034053883838758,0.0030227436657092,464.42990372616,464.42990372616,462.78775639904,462.78775639904,464.42990372616,463.44840604059,463.44840604059,463.44840604059,461.60986350451,461.60986350451,461.60986350451,462.78775639904,0.026932470405702,0.015910705017266,0.0099482938695078,0.013409614003406,714.66020148532,-0.0009488710600861,0.0072257080220142,-0.0010530390210444,714.64182821162,-0.0009030506081034,-0.00047028030683455,0,2.3857620626813e-12,1.7819694564236e-14,0,0,1.8325051919836e-14,1.8241597590022e-14,1.8121225970449e-14,0,1.7753505557064e-14,1.8027007726424e-14,0,1.774861929158e-14,1.7830389828776e-14,2.7709499863398e-13,0,0,2.8145431010094e-13,2.8082029486784e-13,2.7964984312533e-13,0,2.7641095302002e-13,2.7896591991492e-13,0,2.7646259108851e-13,2.7711843177773e-13
1.4,1579279630.3044,1579279630.3044,1579279630.3044,1001501852.5266,1001501852.5266,1001501852.5266,1,1,1,124692894.17798,1.060331746426e-05,4.1147559697651e-05,1.0086897521307e-05,1.0088565392155,380.45985785543,380.45985785543,378.71993939563,378.71993939563,380.45985785543,379.42544246858,379.42544246858,379.42544246858,377.46845626573,377.46845626573,377.46845626573,378.71993939563,0.0025329815101148,-1.5777949716236e-85,3.9247894977616e-92,-0.0030449243484864,-0.0025626896618957,-0.0027457046916176,1.4006135088744e-87,-0.0028672691585247,-0.0033456239746306,1.4079526108174e-90,-0.0034373740839095,0.0030296334666991,465.63149250552,465.63149250552,463.89157404572,463.89157404572,465.63149250552,464.59707711867,464.59707711867,464.59707711867,462.64009091582,462.64009091582,462.64009091582,463.89157404572,0.027145471420734,0.01651684553774,0.010339091403167,0.013902819875221,716.40021348236,-0.0010113664442808,0.0073383963423482,-0.0011426648008664,716.38054845779,-0.00091702810211447,-0.00050483602459317,0,2.6222488965669e-12,1.8702214574982e-14,0,0,1.928288774125e-14,1.9184129295594e-14,1.9050089694978e-14,0,1.8631151484612e-14,1.8938340364684e-14,0,1.8621611194142e-14,1.8718092966935e-14,3.0354392413233e-13,0,0,3.0872443146633e-13,3.0795075069999e-13,3.0659073833639e-13,0,3.0275938013219e-13,3.057487777075e-13,0,3.027975261925e-13,3.0358981271333e-13
1.45,1571106026.9988,1571106026.9988,1571106026.9988,993328249.22106,993328249.22106,993328249.22106,1,1,1,131441624.10302,1.10828898797e-05,4.2617760431297e-05,1.0532222605962e-05,1.0093423114649,379.55885664015,379.55885664015,377.71645208627,377.71645208627,379.55885664015,378.46969794967,378.46969794967,378.46969794967,376.38774554004,376.38774554004,376.38774554004,377.71645208627,0.0025122020496295,-1.2406421060051e-84,2.548102140271e-91,-0.0030538118904325,-0.0025461026239632,-0.0027335408051536,2.6125256924144e-86,-0.0028641308034417,-0.0033709351347122,1.4809520509245e-89,-0.0034707693586604,0.0030359310102807,466.78440701587,466.78440701587,464.94200246199,464.94200246199,466.78440701587,465.69524832539,465.69524832539,465.69524832539,463.61329591576,463.61329591576,463.61329591576,464.94200246199,0.027370364995987,0.017123225638654,0.010731000404933,0.014395780969969,718.04579971284,-0.00081092942482953,0.0043725060283778,-0.0011167874640302,718.02499503202,-0.00067615523273338,-0.00027974913410315,0,2.8711620761844e-12,1.9577241117822e-14,0,0,2.0236669381688e-14,2.0119966054531e-14,1.9973764694616e-14,0,1.9503345468535e-14,1.9841372417519e-14,0,1.9487803277395e-14,1.9599416552812e-14,3.31230324035e-13,0,0,3.3734340376317e-13,3.3640467956879e-13,3.3483790725917e-13,0,3.3034127580544e-13,3.3380871567645e-13,0,3.3035744188825e-13,3.3130757341692e-13
1.5,1563003645.6612,1563003645.6612,1563003645.6612,985225867.88344,985225867.88344,985225867.88344,1,1,1,138200336.30755,1.1570086200927e-05,4.4088031090184e-05,1.0982775415477e-05,1.0098287195301,378.66749497478,378.66749497478,376.71776541771,376.71776541771,378.66749497478,377.52162269037,377.52162269037,377.52162269037,375.30791607308,375.30791607308,375.30791607308,376.71776541771,0.0024909925940915,-9.5263570164426e-84,1.2974273619113e-90,-0.0030629747212439,-0.002529011606015,-0.0027198397437337,4.8690250345345e-85,-0.0028602305088734,-0.0033964061184575,1.6747772070185e-88,-0.0035056817323164,0.0030429876230357,467.89026144035,467.89026144035,465.94053188328,465.94053188328,467.89026144035,466.74438915594,466.74438915594,466.74438915594,464.53068253865,464.53068253865,464.53068253865,465.94053188328,0.027631337918933,0.017729876090158,0.011124075857898,0.014888497370489,719.5988506062,-0.00091859148181919,0.0043825058624736,-0.0012839738382997,719.57651796373,-0.00073978356833889,-0.00028045845077702,0,3.1324681291196e-12,2.0437618210036e-14,0,0,2.1189039225852e-14,2.1052401337853e-14,2.0891326319415e-14,0,2.036063231494e-14,2.0736585645937e-14,0,2.0337135723182e-14,2.0468589298979e-14,3.6013348089024e-13,0,0,3.6730923041003e-13,3.6617727106131e-13,3.6438270427604e-13,0,3.5913555816372e-13,3.6313467633424e-13,0,3.591184950478e-13,3.6025453000618e-13
1.55,1554973117.1372,1554973117.1372,1554973117.1372,977195339.35943,977195339.35943,977195339.35943,1,1,1,144953401.5214,1.2065496954989e-05,4.5558376281597e-05,1.1438849651823e-05,1.0103157538321,377.7858812882,377.7858812882,375.72386533907,375.72386533907,377.7858812882,376.58151239447,376.58151239447,376.58151239447,374.22898472363,374.22898472363,374.22898472363,375.72386533907,0.0024688502228055,-7.2287720441156e-83,3.0859311773335e-90,-0.0030723635038205,-0.0025113121210418,-0.0027053382612329,1.032950818075e-83,-0.0028557294474531,-0.0034228144369801,2.0378279486504e-87,-0.0035419621479514,0.0030500688831117,468.95049614922,468.95049614922,466.88848020008,466.88848020008,468.95049614922,467.74612725548,467.74612725548,467.74612725548,465.39359958465,465.39359958465,465.39359958465,466.88848020008,0.027876068595595,0.01833683143253,0.011518376534987,0.015380969118145,721.06069817165,-0.00099250540309323,0.0044455761770964,-0.0012356431451074,721.03663825899,-0.00065648501447363,-0.00043202179250835,0,3.406126652911e-12,2.128100534843e-14,0,0,2.2134330673691e-14,2.1974591762003e-14,2.1798111243937e-14,0,2.1202580185999e-14,2.1617716483167e-14,0,2.1168892937415e-14,2.1323085495826e-14,3.9022936727492e-13,0,0,3.9861190104282e-13,3.9725403675874e-13,3.9520988883134e-13,0,3.8912053462006e-13,3.9370674417228e-13,0,3.8905583054032e-13,3.9040992670602e-13
1.6,1547015100.8221,1547015100.8221,1547015100.8221,969237323.04434,969237323.04434,969237323.04434,1,1,1,151692523.79901,1.2569717063215e-05,4.7028800836187e-05,1.1900699035208e-05,1.0108034043626,376.91419256208,376.91419256208,374.7348324457,374.7348324457,376.91419256208,375.64956355154,375.64956355154,375.64956355154,373.15091450732,373.15091450732,373.15091450732,374.7348324457,0.002445709767552,-5.4576407716743e-82,-4.8112568962168e-89,-0.0030820030757953,-0.002493003688979,-0.0026899205346697,2.7965393170198e-82,-0.0028505271733677,-0.003450165916432,2.6254383568221e-86,-0.0035798024108678,0.003057221452591,469.96661767801,469.96661767801,467.78725756163,467.78725756163,469.96661767801,468.70198866748,468.70198866748,468.70198866748,466.20333962326,466.20333962326,466.20333962326,467.78725756163,0.028132053273497,0.018944129202018,0.011913964536168,0.015873196247863,722.43276898214,-0.0011064355132388,0.0044933165343241,-0.001298212611971,722.406834542,-0.0006484229386408,-0.00052567713561312,0,3.6920635287473e-12,2.2103752678831e-14,0,0,2.3068637913861e-14,2.2882971615366e-14,2.2690548230449e-14,0,2.2025642335901e-14,2.2481887344988e-14,0,2.1979230319723e-14,2.215983933215e-14,4.2148879409267e-13,0,0,4.3123588164607e-13,4.2961544556459e-13,4.2729916987652e-13,0,4.2026949673147e-13,4.255009341633e-13,0,4.2013915614899e-13,4.2174867202955e-13
1.65,1539130313.4935,1539130313.4935,1539130313.4935,961352535.71567,961352535.71567,961352535.71567,1,1,1,158409860.2905,1.308332249472e-05,4.8499310498268e-05,1.2368590822232e-05,1.0112916611814,376.05261376275,376.05261376275,373.75074607551,373.75074607551,376.05261376275,374.72599863303,374.72599863303,374.72599863303,372.07366276825,372.07366276825,372.07366276825,373.75074607551,0.0024216331839517,-4.0875094407148e-81,-1.1223536611325e-87,-0.0030918835456637,-0.0024741196971021,-0.0026736320142458,9.2227521448743e-81,-0.0028446070792557,-0.0034784277502169,3.5027216480935e-85,-0.0036191446008988,0.003064433291857,470.94012281937,470.94012281937,468.63825513213,468.63825513213,470.94012281937,469.61350768964,469.61350768964,469.61350768964,466.96117182487,466.96117182487,466.96117182487,468.63825513213,0.028399244589122,0.019551809776409,0.012310899440185,0.016365178768234,723.71650717656,-0.0012449245752777,0.0045754846727741,-0.0013743124554961,723.68850256505,-0.00064565549077641,-0.00063179386884138,0,3.9901620202441e-12,2.2902177802312e-14,0,0,2.3989153551085e-14,2.3774286871922e-14,2.3565441737842e-14,0,2.2826704272394e-14,2.3325514766664e-14,0,2.2764548576116e-14,2.2975639149593e-14,4.5387736454858e-13,0,0,4.6516166794787e-13,4.6323736449461e-13,4.6062573718549e-13,0,4.5255133149777e-13,4.5848819349565e-13,0,4.5233308948663e-13,4.542411325191e-13
1.7,1531319516.394,1531319516.394,1531319516.394,953541738.61623,953541738.61623,953541738.61623,1,1,1,165097794.98531,1.360692992649e-05,4.9969910496076e-05,1.284278547575e-05,1.0117805146334,375.20131983266,375.20131983266,372.77169407496,372.77169407496,375.20131983266,373.81103809414,373.81103809414,373.81103809414,370.99721231051,370.99721231051,370.99721231051,372.77169407496,0.0023966431541799,-3.0320007189355e-80,-1.676741378517e-86,-0.0031019959151074,-0.0024546821017525,-0.0026565107196764,3.1542924272703e-79,-0.0028379405113789,-0.0035076043902812,4.7540383156218e-84,-0.0036599867243596,0.0030716790845269,471.87248166902,471.87248166902,469.44285591132,469.44285591132,471.87248166902,470.4821999305,470.4821999305,470.4821999305,467.66837414687,467.66837414687,467.66837414687,469.44285591132,0.028676778600218,0.020159916101119,0.012709243217375,0.016856916664357,724.91330773599,-0.0013938958615415,0.004617666871191,-0.0014536400996588,724.88302074143,-0.00063457008189638,-0.00075225511755336,0,4.3002683349735e-12,2.367284062976e-14,0,0,2.4892921229483e-14,2.464528604178e-14,2.4419625434611e-14,0,2.3602945051769e-14,2.4145282448468e-14,0,2.3521523198331e-14,2.3767597786258e-14,4.8735581682708e-13,0,0,5.0036557475769e-13,4.9809106226346e-13,4.9516030266319e-13,0,4.8593093650193e-13,4.926347794016e-13,0,4.8559754660139e-13,4.8785359165345e-13
1.75,1523583512.7088,1523583512.7088,1523583512.7088,945805734.93106,945805734.93106,945805734.93106,1,1,1,171749008.47543,1.4141181176895e-05,5.1440606077134e-05,1.3323534066724e-05,1.0122699553215,374.36048122465,374.36048122465,371.79777397061,371.79777397061,374.36048122465,372.90490258856,372.90490258856,372.90490258856,369.92156153224,369.92156153224,369.92156153224,371.79777397061,0.0023707700821831,-2.2243158070772e-79,-2.1968845448644e-85,-0.0031123409127081,-0.002434712896947,-0.0026385907078548,1.0053583805968e-77,-0.0028305072053,-0.0035376806754314,6.4719755907612e-83,-0.0037023170827717,0.0030789395808137,472.76514177368,472.76514177368,470.20243451964,470.20243451964,472.76514177368,471.30956313759,471.30956313759,471.30956313759,468.32622208127,468.32622208127,468.32622208127,470.20243451964,0.028964166635834,0.020768493607722,0.013109054040333,0.017348409894905,726.02453776348,-0.0015821306997671,0.0045673047470423,-0.0015563595189983,725.99171136687,-0.00058365056423671,-0.00089789564863876,0,4.6221927471438e-12,2.4412554605775e-14,0,0,2.5777145717867e-14,2.5492889666448e-14,2.5250154590989e-14,0,2.435171941379e-14,2.4938111084011e-14,0,2.4247014472621e-14,2.4533048563056e-14,5.2188038264274e-13,0,0,5.3681996383116e-13,5.3414345257384e-13,5.3086941373778e-13,0,5.2036946836402e-13,5.2790259431658e-13,0,5.1988800331563e-13,5.2254856165768e-13
1.8,1515921154.6928,1515921154.6928,1515921154.6928,938143376.91503,938143376.91503,938143376.91503,1,1,1,178356355.56568,1.4686619247651e-05,5.2911408670012e-05,1.3811011310238e-05,1.0127599726994,373.53011844067,373.53011844067,370.82861933475,370.82861933475,373.53011844067,372.00767673557,372.00767673557,372.00767673557,368.8464828248,368.8464828248,368.8464828248,370.82861933475,0.0023441088941838,-1.6027205873932e-78,-2.7283481883519e-84,-0.0031230394318437,-0.0024142099550375,-0.002619770101065,2.3582759663973e-76,-0.0028222118976656,-0.0035684319774883,8.7548882851757e-82,-0.0037461191816744,0.0030863914538445,473.61981724621,473.61981724621,470.91831814029,470.91831814029,473.61981724621,472.09737554111,472.09737554111,472.09737554111,468.93618163034,468.93618163034,468.93618163034,470.91831814029,0.029260452180616,0.021377589402593,0.013510388956962,0.017839658394421,727.05171555261,-0.0017957239908253,0.0048981645231282,-0.0018597605443651,727.01610549488,-0.00061027609523036,-0.00098844955949107,0,4.9557008792836e-12,2.5118130772234e-14,0,0,2.6639842317989e-14,2.6315178636515e-14,2.6054471347381e-14,0,2.5070519405659e-14,2.5701981629479e-14,0,2.4937778687282e-14,2.5269713979661e-14,5.574027838423e-13,0,0,5.7449439013674e-13,5.7135873509787e-13,5.6771600047771e-13,0,5.5582453692324e-13,5.6425068531685e-13,0,5.5515534815064e-13,5.5828533388501e-13
1.85,1508309451.3627,1508309451.3627,1508309451.3627,930531673.58497,930531673.58497,930531673.58497,1,1,1,184912462.94151,1.5243895386673e-05,5.4382503335577e-05,1.4305276314704e-05,1.0132505463138,372.70805715225,372.70805715225,369.85980466269,369.85980466269,372.70805715225,371.1173138311,371.1173138311,371.1173138311,367.76922954751,367.76922954751,367.76922954751,369.85980466269,0.0023165754843708,-2.3357681028474e-77,-2.912797485876e-83,-0.0031344601384098,-0.00239293836046,-0.0025999998310849,2.2705349332926e-74,-0.0028130976930122,-0.0035996322844994,1.1665132450315e-80,-0.0037910013931546,0.0030941452430421,474.4406291951,474.4406291951,471.59237670555,471.59237670555,474.4406291951,472.84988587395,472.84988587395,472.84988587395,469.50180159036,469.50180159036,469.50180159036,471.59237670555,0.029562879149687,0.021987255226042,0.013913308598817,0.01833066203715,727.99783511774,-0.0019904660388449,0.0050151936694406,-0.0018966182659622,727.9590646142,-0.00063458927297692,-0.0011689922315355,0,5.3004525162334e-12,2.5787839084346e-14,0,0,2.7479913310909e-14,2.7110590646459e-14,2.6830961173676e-14,0,2.5762727129722e-14,2.6434783546844e-14,0,2.5593983927209e-14,2.5978772794163e-14,5.9387229561967e-13,0,0,6.1335685623387e-13,6.0969890007403e-13,6.0566070966103e-13,0,5.9225853503381e-13,6.0163511472719e-13,0,5.9135070733566e-13,5.9502486670432e-13
1.9,1500724936.8475,1500724936.8475,1500724936.8475,922947159.06977,922947159.06977,922947159.06977,1,1,1,193033754.92164,1.5813612103639e-05,5.585475302209e-05,1.4806291481506e-05,1.0137416624228,371.89118445954,371.89118445954,368.88747570945,368.88747570945,371.89118445954,370.23140263769,370.23140263769,370.23140263769,366.68726855756,366.68726855756,366.68726855756,368.88747570945,0.0022881167999744,-3.9234656550329e-76,-6.2309124156343e-82,-0.0031471044295359,-0.0023708069827807,-0.0025791973778827,3.3624382447837e-72,-0.0028031484651589,-0.0036310487175945,3.1044277388244e-79,-0.0038369257277873,0.0031025580541505,475.23040935281,475.23040935281,472.22670060272,472.22670060272,475.23040935281,473.57062753096,473.57062753096,473.57062753096,470.02649345083,470.02649345083,470.02649345083,472.22670060272,0.029856110189414,0.022597549430289,0.014317884164887,0.018821420598566,728.86493725236,-0.0021723237870754,0.0049816680941986,-0.0020048116812065,728.82258866591,-0.00063202030131841,-0.0013183202917661,0,5.6559795502234e-12,2.642102466417e-14,0,0,2.8296722031059e-14,2.7879077764686e-14,2.7578629612346e-14,0,2.642914916749e-14,2.7135990588426e-14,0,2.6215628497053e-14,2.6659761199486e-14,6.3123726703154e-13,0,0,6.5337446430089e-13,6.4912586995531e-13,6.4466278169047e-13,0,6.2963499622845e-13,6.4001120064578e-13,0,6.2842520470232e-13,6.3272746256227e-13
1.95,1493085186.257,1493085186.257,1493085186.257,915307408.47923,915307408.47923,915307408.47923,1,1,1,204351514.80022,1.6396427246327e-05,5.7327175081093e-05,1.531393182256e-05,1.0142332880516,371.06959363958,371.06959363958,367.89942965857,367.89942965857,371.06959363958,369.34190914801,369.34190914801,369.34190914801,365.58913814181,365.58913814181,365.58913814181,367.89942965857,0.0022584161325361,-9.610301457649e-75,-1.5330496355669e-80,-0.0031611715199578,-0.0023475053143005,-0.0025569758627459,4.8999530740937e-70,-0.0027920456880132,-0.0036625678673478,1.2654986397612e-77,-0.0038839945020171,0.0031118782428875,475.99699800637,475.99699800637,472.82683402536,472.82683402536,475.99699800637,474.2693135148,474.2693135148,474.2693135148,470.5165425086,470.5165425086,470.5165425086,472.82683402536,0.030166754560995,0.023208539032101,0.014724204430463,0.019311933765178,729.65788258162,-0.0024051853765042,0.0050527701825211,-0.0021747026361044,729.61129707848,-0.00059559212367356,-0.0015103585844366,0,6.021707772304e-12,2.7019789710629e-14,0,0,2.9094827516367e-14,2.8624138660694e-14,2.830164132379e-14,0,2.7073842724794e-14,2.7807710601967e-14,0,2.6805297889799e-14,2.7315128367851e-14,6.6944902009278e-13,0,0,6.9452076396945e-13,6.8960651506051e-13,6.8468734668799e-13,0,6.6792319179541e-13,6.7933724211762e-13,0,6.6633362052153e-13,6.7135688755804e-13
2,1485216229.2036,1485216229.2036,1485216229.2036,907438451.42578,907438451.42578,907438451.42578,1,1,1,215706122.71384,1.6993472651348e-05,5.879976734959e-05,1.5828834691978e-05,1.0147253732659,370.22491282031,370.22491282031,366.87394402843,366.87394402843,370.22491282031,368.43019863447,368.43019863447,368.43019863447,364.44538322685,364.44538322685,364.44538322685,366.87394402843,0.0022260452853733,-6.0082349561341e-73,-2.8333689183139e-79,-0.0031766293393976,-0.0023223112140274,-0.0025327859482661,5.9202199480531e-68,-0.0027785430024998,-0.0036960010535341,5.7645108212341e-76,-0.0039343936595075,0.003121326379629,476.75640659543,476.75640659543,473.40543780355,473.40543780355,476.75640659543,474.96169240959,474.96169240959,474.96169240959,470.97687700197,470.97687700197,470.97687700197,473.40543780355,0.03051192340514,0.023820313421783,0.015132411702965,0.019802201021148,730.38396597416,-0.0026494819812462,0.0051896768734832,-0.0023512800009604,730.33228209635,-0.00059453334713796,-0.0016735408796874,0,6.4302480596839e-12,2.7588769468936e-14,0,0,2.9887290253371e-14,2.9354219073452e-14,2.9009082434028e-14,0,2.7702454069545e-14,2.8456332817516e-14,0,2.7366859834079e-14,2.7950950754253e-14,7.0846543204493e-13,0,0,7.3678777518834e-13,7.3111964978705e-13,7.257123844982e-13,0,7.0710037805158e-13,7.1958057392356e-13,0,7.0503620485845e-13,7.1088550119593e-13
2.05,1476733310.1097,1476733310.1097,1476733310.1097,898955532.33195,898955532.33195,898955532.33195,1,1,1,226782886.96503,1.7607104371563e-05,6.0272580507574e-05,1.6353034323794e-05,1.0152178217235,369.32054053129,369.32054053129,365.76546606429,365.76546606429,369.32054053129,367.45223420893,367.45223420893,367.45223420893,363.1870793565,363.1870793565,363.1870793565,365.76546606429,0.0021884072296009,-8.9515501111172e-71,-8.8487643670664e-79,-0.0031905425048118,-0.0022936924739779,-0.0025053533247615,5.2616291728881e-66,-0.0027600681064677,-0.0037363677036367,2.7921862166978e-74,-0.0039941352130366,0.0031286504432297,477.54450609458,477.54450609458,473.98943162758,473.98943162758,477.54450609458,475.67619977223,475.67619977223,475.67619977223,471.41104491979,471.41104491979,471.41104491979,473.98943162758,0.031058285213219,0.024433006551427,0.015542757288865,0.020292221646676,731.05714140814,-0.0018378078821086,0.0079656437819621,-0.00015353272399535,730.99959230965,-0.0021451727338829,-0.0016138102439428,0,6.8867996655634e-12,2.8131909125873e-14,0,0,3.0708447467195e-14,3.0093252398246e-14,2.9721931310067e-14,0,2.8332122503282e-14,2.9099205349894e-14,0,2.7903469556655e-14,2.8588870404618e-14,7.4824995946619e-13,0,0,7.8021607807587e-13,7.7367793546457e-13,7.6774554285682e-13,0,7.4716804994654e-13,7.6073306478366e-13,0,7.4449766994273e-13,7.5131626945507e-13
2.1,1467273681.8719,1467273681.8719,1467273681.8719,889495904.09414,889495904.09414,889495904.09414,1,1,1,237567751.46299,1.8241724156444e-05,6.1745553939535e-05,1.6890142863853e-05,1.0157106497327,368.31932845435,368.31932845435,364.51881780612,364.51881780612,368.31932845435,366.36640372124,366.36640372124,366.36640372124,361.76182719611,361.76182719611,361.76182719611,364.51881780612,0.0021417943996219,-1.8984352365649e-68,-4.5516454090442e-77,-0.0032097080688291,-0.0022579985765954,-0.0024735659761865,3.4543089576737e-64,-0.002735707053883,-0.0037879603756482,1.2556247766724e-72,-0.0040635189860837,0.0031374354581692,478.38654719107,478.38654719107,474.58603654284,474.58603654284,478.38654719107,476.43362245797,476.43362245797,476.43362245797,471.82904593284,471.82904593284,471.82904593284,474.58603654284,0.031697838782473,0.025046852538545,0.015955722069085,0.02078199446188,731.67620346466,-0.0032004451054708,0.0053927728183638,-0.0026748621515762,731.60950721563,-0.00052126047002508,-0.0021326537458894,0,7.3702495326161e-12,2.8675038337989e-14,0,0,3.1546625603901e-14,3.0829565919066e-14,3.0447006975469e-14,0,2.8971201353332e-14,2.9737687096175e-14,0,2.8435120321454e-14,2.9235811807463e-14,7.8880258758534e-13,0,0,8.2482974385202e-13,8.1727752570939e-13,8.1080411305519e-13,0,7.8813951581866e-13,8.0278850518867e-13,0,7.8471100274904e-13,7.9266195102017e-13
2.15,1456688002.6845,1456688002.6845,1456688002.6845,878910224.90674,878910224.90674,878910224.90674,1,1,1,248817790.84761,1.8908063325084e-05,6.3218960428157e-05,1.744536044463e-05,1.0162040222108,367.20324200319,367.20324200319,363.11891016237,363.11891016237,367.20324200319,365.15011968227,365.15011968227,365.15011968227,360.1437901527,360.1437901527,360.1437901527,363.11891016237,0.0020884281032141,-4.2429448110177e-66,-5.8130263553784e-74,-0.0032244460966439,-0.002218533159325,-0.0024407526738132,1.7730652711404e-62,-0.0027081329472474,-0.0038540335443997,5.778362644194e-71,-0.0041493359583738,0.0031430548517657,479.28060471265,479.28060471265,475.19627287183,475.19627287183,479.28060471265,477.22748239174,477.22748239174,477.22748239174,472.22115286216,472.22115286216,472.22115286216,475.19627287183,0.032654295583466,0.02566212785659,0.016371769420597,0.021271517898093,732.21791594353,-0.0028034803517378,-0.0016823645349929,-0.00030447109747716,732.14066973854,-0.0031780111003455,-0.00240461505394,0,7.8834873014443e-12,2.9180310102071e-14,0,0,3.2394218667826e-14,3.1557787818143e-14,3.1163445381082e-14,0,2.962481104234e-14,3.0360440480893e-14,0,2.8937223252326e-14,2.989423060349e-14,8.3006977788594e-13,0,0,8.7064208723454e-13,8.619069772403e-13,8.5487588016339e-13,0,8.3003532537748e-13,8.4572465187637e-13,0,8.256344163299e-13,8.3493877737633e-13
2.2,1445021002.6143,1445021002.6143,1445021002.6143,867243224.83655,867243224.83655,867243224.83655,1,1,1,259897040.64861,1.9603074635777e-05,6.4692976174323e-05,1.8020298185759e-05,1.0166982418494,365.97355724171,365.97355724171,361.56938451197,361.56938451197,365.97355724171,363.80585427075,363.80585427075,363.80585427075,358.34076083591,358.34076083591,358.34076083591,361.56938451197,0.0020311716240136,-8.1146694630911e-64,-6.7016976481422e-72,-0.0032436456937237,-0.0021726061076478,-0.0024023715399469,7.3969042230569e-61,-0.0026781169938227,-0.003927959178246,2.4542464225938e-69,-0.0042500696966471,0.0031549763683054,480.2062168687,480.2062168687,475.80204413896,475.80204413896,480.2062168687,478.03851389774,478.03851389774,478.03851389774,472.5734204629,472.5734204629,472.5734204629,475.80204413896,0.033883385211469,0.02627915278703,0.016791477965258,0.021760790418098,732.64051603385,-0.0032354243645074,0.006219789963823,-0.0031154507872938,732.54962080613,-0.00079353206852634,-0.002324752063979,0,8.4280114969136e-12,2.9628771464789e-14,0,0,3.3246516141088e-14,3.2273446831089e-14,3.1859795264855e-14,0,3.0213144537517e-14,3.0952266202508e-14,0,2.9365111532383e-14,3.0499499863999e-14,8.719711883279e-13,0,0,9.1765976126292e-13,9.0754852345335e-13,8.9993243472138e-13,0,8.7276316414438e-13,8.8949776652614e-13,0,8.6716295531959e-13,8.780715837296e-13
2.25,1432560107.6973,1432560107.6973,1432560107.6973,854782329.91954,854782329.91954,854782329.91954,1,1,1,273641492.75714,2.0338809085559e-05,6.6167699078024e-05,1.8617165478138e-05,1.0171937060812,364.66670295759,364.66670295759,359.90114290374,359.90114290374,364.66670295759,362.37070877466,362.37070877466,362.37070877466,356.38598713484,356.38598713484,356.38598713484,359.90114290374,0.0019725764665538,-1.2186933281129e-61,-5.687555142036e-70,-0.0032624503872901,-0.0021257006356156,-0.0023633934803552,2.3922084904874e-59,-0.0026475659531013,-0.0040128873532101,9.9327826656248e-68,-0.0043643368454214,0.0031659582569479,481.13690643333,481.13690643333,476.37134637948,476.37134637948,481.13690643333,478.84091225039,478.84091225039,478.84091225039,472.85619061057,472.85619061057,472.85619061057,476.37134637948,0.035473918560542,0.026898251783541,0.017215264232828,0.022249810071675,732.8892354607,-0.002987166186033,0.0073856409030833,0.0015937511142627,732.78083432313,0.00011743370445716,-0.0034497836095984,0,9.0064316424254e-12,2.9972536942281e-14,0,0,3.4027658044117e-14,3.2899206217358e-14,3.2465963527212e-14,0,3.0774394975303e-14,3.1450885810929e-14,0,2.9700075412044e-14,3.1054475027871e-14,9.143587565704e-13,0,0,9.657821367647e-13,9.5407502707725e-13,9.4584624065707e-13,0,9.1628473089228e-13,9.3397603578861e-13,0,9.0916520477081e-13,9.2198924348639e-13
2.3,1419739931.633,1419739931.633,1419739931.633,841962153.8552,841962153.8552,841962153.8552,1,1,1,287431706.00998,2.1122961840716e-05,6.7643291807693e-05,1.9237516149048e-05,1.0176908420218,363.33697967265,363.33697967265,358.17349301915,358.17349301915,363.33697967265,360.88892979758,360.88892979758,360.88892979758,354.33569399335,354.33569399335,354.33569399335,358.17349301915,0.0019109682814012,-1.3138474418711e-59,-5.4375395054068e-68,-0.00328528054784,-0.0020752140014306,-0.0023251356562326,7.6941937723158e-57,-0.0026177920212427,-0.0041061247461482,4.2765045103601e-66,-0.0044903491244131,0.0031790759146567,482.04445625212,482.04445625212,476.88096959862,476.88096959862,482.04445625212,479.59640637705,479.59640637705,479.59640637705,473.04317057282,473.04317057282,473.04317057282,476.88096959862,0.037033784238481,0.027519756067014,0.017643562499413,0.022738574296578,732.90533095624,-0.0040178648564197,0.0030536797932677,0.0001607054432187,732.7746228657,-0.00023390997429767,-0.0042512958521035,0,9.619458931967e-12,3.0182118329677e-14,0,0,3.4681205908934e-14,3.3399390385247e-14,3.2929627924211e-14,0,3.1246105083878e-14,3.1829106300857e-14,0,2.9902709370215e-14,3.1503868717605e-14,9.5704271765338e-13,0,0,1.0148287685206e-12,1.0013088979351e-12,9.9241576707139e-13,0,9.6047339647323e-13,9.7898918959749e-13,0,9.5145402191387e-13,9.6654244189405e-13
2.35,1407048137.1012,1407048137.1012,1407048137.1012,829270359.32337,829270359.32337,829270359.32337,1,1,1,298922716.62999,2.195773443746e-05,6.9119633796284e-05,1.9879669911933e-05,1.0181898003398,362.03529560947,362.03529560947,356.44887362167,356.44887362167,362.03529560947,359.42188871824,359.42188871824,359.42188871824,352.26065505226,352.26065505226,352.26065505226,356.44887362167,0.0018527077264757,-9.7153497607794e-58,-6.8119797214266e-66,-0.0033094611515574,-0.0020255883300879,-0.0022858633466034,4.461427531129e-54,-0.0025875167968906,-0.0041977037258173,1.8346750159489e-64,-0.0046198418618073,0.0031939044341999,482.89302221471,482.89302221471,477.30660022692,477.30660022692,482.89302221471,480.27961532349,480.27961532349,480.27961532349,473.11838165751,473.11838165751,473.11838165751,477.30660022692,0.038796983478024,0.028143832072636,0.01807644756728,0.023227081053382,732.66878737214,-0.0039669495859758,0.0066504222078703,0.00032216096430489,732.51110812739,-0.001061946958819,-0.0052265064982469,0,1.0266084013234e-11,3.0228896504522e-14,0,0,3.5232453543079e-14,3.378230229703e-14,3.3248192566591e-14,0,3.1602098275386e-14,3.2069883052938e-14,0,2.994033758192e-14,3.1829644545859e-14,9.9979283306565e-13,0,0,1.0646549821569e-12,1.0490842880117e-12,1.0394358119235e-12,0,1.0051655124537e-12,1.0243428531547e-12,0,9.9379605338425e-13,1.0115563568963e-12
2.4,1394658808.5017,1394658808.5017,1394658808.5017,816881030.72393,816881030.72393,816881030.72393,1,1,1,307981598.31736,2.2843360697084e-05,7.0597602625343e-05,2.0541532684632e-05,1.0186905721425,360.77583189285,360.77583189285,354.74948066143,354.74948066143,360.77583189285,357.99227550029,357.99227550029,357.99227550029,350.19114203285,350.19114203285,350.19114203285,354.74948066143,0.0017958559873257,-5.053789151141e-56,-1.020106700201e-63,-0.0033334604731373,-0.0019757827966744,-0.0022463273207545,4.6584919459986e-52,-0.0025576597163653,-0.0042896550129865,7.3819806687901e-63,-0.0047503545383781,0.0032059572672794,483.67096054699,483.67096054699,477.64460931557,477.64460931557,483.67096054699,480.88740415444,480.88740415444,480.88740415444,473.08627068699,473.08627068699,473.08627068699,477.64460931557,0.040079581507293,0.028770593657877,0.018513867805775,0.023715328319417,732.18279336475,-0.0047714183469039,0.0047411062477598,0.00022989419624985,731.99184790624,0.00061116153754797,-0.0056280624961578,0,1.0948139494376e-11,3.0143539341861e-14,0,0,3.5674992141554e-14,3.4037029398486e-14,3.3431774493317e-14,0,3.1877642319909e-14,3.2170935949235e-14,0,2.9844881029311e-14,3.2055456986182e-14,1.0424222352208e-12,0,0,1.115107039881e-12,1.0972199166099e-12,1.0867154808261e-12,0,1.050247306559e-12,1.0698394270883e-12,0,1.0360030889033e-12,1.0568896189142e-12
2.45,1382619058.6371,1382619058.6371,1382619058.6371,804841280.85933,804841280.85933,804841280.85933,1,1,1,317961952.0177,2.3785945332243e-05,7.2077176172127e-05,2.1223108278482e-05,1.0191930612139,359.56185090968,359.56185090968,353.08062636535,353.08062636535,359.56185090968,356.60577573688,356.60577573688,356.60577573688,348.13819984298,348.13819984298,348.13819984298,353.08062636535,0.0017424343637118,-1.7784563808932e-54,-1.3528065271876e-61,-0.0033561405947826,-0.0019287776560241,-0.0022059302948416,2.0178363615451e-50,-0.0025270663627238,-0.0043768924120816,2.5801429456988e-61,-0.0048784948628084,0.0032173393735031,484.37956576699,484.37956576699,477.89834122266,477.89834122266,484.37956576699,481.42349059419,481.42349059419,481.42349059419,472.95591470029,472.95591470029,472.95591470029,477.89834122266,0.041025867862035,0.029400104616554,0.018955678339922,0.024203313757021,731.46319439052,-0.0074948339667227,0.0026329193644926,0.0015716484750489,731.23019042647,-0.00034087300245699,-0.0069930306063649,0,1.1919373288334e-11,2.9935402825176e-14,0,0,3.6048650520995e-14,3.4204813464811e-14,3.350007668697e-14,0,3.2098852471568e-14,3.2165152135258e-14,0,2.9625902714272e-14,3.2211843541915e-14,1.0847572878913e-12,0,0,1.1660875303531e-12,1.1455928277103e-12,1.1340917436174e-12,0,1.0956419390609e-12,1.1153278214738e-12,0,1.0779004423194e-12,1.1024440449203e-12
2.5,1370948452.6627,1370948452.6627,1370948452.6627,793170674.88495,793170674.88495,793170674.88495,1,1,1,326601851.40235,2.4784551686256e-05,7.3557932994067e-05,2.19246096261e-05,1.0196971572699,358.39300200609,358.39300200609,351.44633597911,351.44633597911,358.39300200609,355.26489866364,355.26489866364,355.26489866364,346.10797230412,346.10797230412,346.10797230412,351.44633597911,0.0016921857619773,-4.1068875467541e-53,-1.388659759272e-59,-0.0033801396960182,-0.0018825015232974,-0.0021640540919585,5.0730392581373e-49,-0.0024942926709579,-0.0044602632238257,7.6800577678947e-60,-0.0050020800286546,0.0032304250037333,485.02153963975,485.02153963975,478.07487361277,478.07487361277,485.02153963975,481.8934362973,481.8934362973,481.8934362973,472.73650993778,472.73650993778,472.73650993778,478.07487361277,0.042901057396779,0.030032403711284,0.019401728993093,0.024691034930427,730.52650455327,-0.00725277857356,0.0012630150045099,-0.0015666301784685,730.24463400506,0.001700363531563,-0.0078820629149136,0,1.3137212126006e-11,2.9639746303311e-14,0,0,3.6390638793947e-14,3.4317424055721e-14,3.3474171603551e-14,0,3.2251208285991e-14,3.2065190909682e-14,0,2.9322893997683e-14,3.2296996359033e-14,1.1266742190987e-12,0,0,1.2175516652789e-12,1.1941249942356e-12,1.1814313710883e-12,0,1.1412520352219e-12,1.1606748493384e-12,0,1.1193692766989e-12,1.1481188951951e-12
2.55,1359653761.4835,1359653761.4835,1359653761.4835,781875983.70567,781875983.70567,781875983.70567,1,1,1,334864869.56421,2.5831248725787e-05,7.5040932324973e-05,2.263898909219e-05,1.0202026364253,357.26850137639,357.26850137639,349.84677585114,349.84677585114,357.26850137639,353.9707885986,353.9707885986,353.9707885986,344.10581033786,344.10581033786,344.10581033786,349.84677585114,0.0016459354386379,-6.8627114534008e-52,-1.4088751357345e-57,-0.0034003572620701,-0.0018400270029541,-0.0021220634790868,9.0713286684276e-48,-0.002461019712342,-0.0045354108960512,1.9945605533211e-58,-0.0051208318362855,0.0032424225273767,485.60095771648,485.60095771648,478.17923219124,478.17923219124,485.60095771648,482.30324493869,482.30324493869,482.30324493869,472.43826667796,472.43826667796,472.43826667796,478.17923219124,0.044728912086724,0.030667429449087,0.019851715402553,0.025178490418418,729.40665509773,-0.0091853616866691,0.0029380712975114,-0.0014333620981259,729.06560092379,-0.00090148933913776,-0.0078860957131409,0,1.4557330803497e-11,2.9277415487728e-14,0,0,3.6748566520543e-14,3.4414882589285e-14,3.3402397525158e-14,0,3.2440204093526e-14,3.1920879944881e-14,0,2.8947725105008e-14,3.2386246436452e-14,1.1680787371527e-12,0,0,1.26952198645e-12,1.2427949879409e-12,1.2286694946842e-12,0,1.1871294118171e-12,1.2058177906793e-12,0,1.1603075421423e-12,1.1939199641399e-12
2.6,1348739449.7399,1348739449.7399,1348739449.7399,770961671.96214,770961671.96214,770961671.96214,1,1,1,341326205.42788,2.6925562915689e-05,7.6525299549133e-05,2.3365692412489e-05,1.020709342823,356.18674935727,356.18674935727,348.28395601582,348.28395601582,356.18674935727,352.72366884107,352.72366884107,352.72366884107,342.13652077352,342.13652077352,342.13652077352,348.28395601582,0.0016039653284636,-8.2516912320618e-51,-4.4029541123372e-55,-0.003418670534625,-0.0018004837749038,-0.0020803824402646,1.0628446820248e-46,-0.0024265375968293,-0.0046072214404297,4.5822594332386e-57,-0.0052309947599078,0.0032544730508498,486.12091386884,486.12091386884,478.21812052738,478.21812052738,486.12091386884,482.65783335263,482.65783335263,482.65783335263,472.07068528508,472.07068528508,472.07068528508,478.21812052738,0.046314220638495,0.03130513268786,0.020305353667222,0.025665678530567,728.12725697631,-0.010296630747432,0.0037825087843629,0.0020797775550142,727.71488208844,6.892557054601e-05,-0.011783288716926,0,1.6180961519592e-11,2.8883481533765e-14,0,0,3.7167975957191e-14,3.4521478599954e-14,3.3307821215145e-14,0,3.2668050634287e-14,3.1730627210302e-14,0,2.8550683652201e-14,3.2487579464593e-14,1.2089261484663e-12,0,0,1.3220854421346e-12,1.2916157311701e-12,1.2757738671797e-12,0,1.2333290120804e-12,1.2506916740227e-12,0,1.2006843061783e-12,1.2398643396274e-12
2.65,1338203561.4273,1338203561.4273,1338203561.4273,760425783.64953,760425783.64953,760425783.64953,1,1,1,347198381.87042,2.8063395492467e-05,7.8010889295892e-05,2.4103654135499e-05,1.0212171264507,355.14593253138,355.14593253138,346.7577134122,346.7577134122,355.14593253138,351.52336123232,351.52336123232,351.52336123232,340.20418488973,340.20418488973,340.20418488973,346.7577134122,0.0015648145209638,-7.6020962427353e-50,-1.8734807154651e-52,-0.0034366334967938,-0.0017632629981349,-0.0020380880071909,8.869963700966e-46,-0.0023901637123655,-0.0046741779194479,1.0398154725547e-55,-0.0053353913808762,0.0032676392918478,486.58481407156,486.58481407156,478.19659495238,478.19659495238,486.58481407156,482.9622427725,482.9622427725,482.9622427725,471.64306642991,471.64306642991,471.64306642991,478.19659495238,0.047758722161687,0.031945441671512,0.02076240819428,0.026152597614635,726.70977644913,-0.010972625129516,0.0055740994878004,-2.8526642446341e-05,726.21670780947,0.00037305553350542,-0.011799832196838,0,1.8007950551196e-11,2.848789791041e-14,0,0,3.7657627179557e-14,3.4667768635e-14,3.3210087128428e-14,0,3.2938833348467e-14,3.1544305214891e-14,0,2.8147055301863e-14,3.2636951873675e-14,1.2492141200547e-12,0,0,1.3753413692187e-12,1.3406433597509e-12,1.3227400228043e-12,0,1.2799115569306e-12,1.2953020582732e-12,0,1.240490253527e-12,1.2860199596017e-12
2.7,1328040821.8096,1328040821.8096,1328040821.8096,750263044.03178,750263044.03178,750263044.03178,1,1,1,352517107.27908,2.9240017590174e-05,7.949762551896e-05,2.4850464154835e-05,1.0217258082077,354.1445146211,354.1445146211,345.26784675149,345.26784675149,354.1445146211,350.36970026446,350.36970026446,350.36970026446,338.31099476183,338.31099476183,338.31099476183,345.26784675149,0.0015292871059833,-6.8429605799255e-49,-4.8594003370047e-50,-0.0034524841602693,-0.0017298296625609,-0.0019968385978376,5.7145727239043e-45,-0.0023524962658612,-0.0047366560461695,4.8128126795376e-54,-0.0054312506160819,0.0032801502515023,486.99653503023,486.99653503023,478.11986716063,478.11986716063,486.99653503023,483.22172067359,483.22172067359,483.22172067359,471.16301517096,471.16301517096,471.16301517096,478.11986716063,0.04902958228582,0.032588252701098,0.021222565468706,0.026639246607104,725.18167729645,-0.013215390633272,0.0025650437614106,-9.493831989971e-05,724.59390710841,0.00045194480615473,-0.013613658775217,0,2.00394718306e-11,2.8113613883842e-14,0,0,3.8252929702173e-14,3.486526726326e-14,3.3135112900828e-14,0,3.3309048200331e-14,3.1373744726414e-14,0,2.7771664631123e-14,3.2881135010452e-14,1.2889727740966e-12,0,0,1.429439181204e-12,1.3899502935704e-12,1.3696001488594e-12,0,1.3270176646452e-12,1.3396712335678e-12,0,1.279765318298e-12,1.3325209066797e-12
2.75,1318246794.5858,1318246794.5858,1318246794.5858,740469016.80802,740469016.80802,740469016.80802,1,1,1,357315156.75317,3.0450163880446e-05,8.0985434424509e-05,2.5604326953367e-05,1.0222352085814,353.180599944,353.180599944,343.81469464129,343.81469464129,353.180599944,349.26200652941,349.26200652941,349.26200652941,336.46021318422,336.46021318422,336.46021318422,343.81469464129,0.0014976517933299,-2.6317908398564e-47,-7.4198905627719e-48,-0.0034660532172109,-0.0016995497130124,-0.0019560994318775,3.3991570277965e-44,-0.0023132682929743,-0.0047939219229682,5.9812061921656e-52,-0.0055184896682293,0.0032940754744773,487.35889757028,487.35889757028,477.99299226757,477.99299226757,487.35889757028,483.44030415569,483.44030415569,483.44030415569,470.6385108105,470.6385108105,470.6385108105,477.99299226757,0.050056893064436,0.033233433175049,0.021685510680488,0.027125624809327,723.56804011983,-0.014444969463619,0.0038266816646657,0.00022098895940092,722.87361152967,0.00074491048307683,-0.015099856717288,0,2.2271179351823e-11,2.7773467556239e-14,0,0,3.8997584549642e-14,3.5150373156393e-14,3.3109115651967e-14,0,3.3780772519302e-14,3.1242793332973e-14,0,2.7432189787504e-14,3.3235871623962e-14,1.3282503885887e-12,0,0,1.4845900941739e-12,1.4396604280106e-12,1.4164235092526e-12,0,1.3747908912894e-12,1.3838552156257e-12,0,1.3185602931411e-12,1.3795235270876e-12
2.8,1308812313.069,1308812313.069,1308812313.069,731034535.29121,731034535.29121,731034535.29121,1,1,1,361619579.06469,3.1686193266764e-05,8.2474206396105e-05,2.6362690783637e-05,1.0227451831764,352.25216582,352.25216582,342.39788785937,342.39788785937,352.25216582,348.19937899884,348.19937899884,348.19937899884,334.65357637727,334.65357637727,334.65357637727,342.39788785937,0.0014691294155855,-2.44484085756e-45,-7.024782454286e-46,-0.0034796421700921,-0.0016722110811256,-0.0019161273576958,7.9775801138366e-43,-0.0022725748107457,-0.0048471113259847,6.9302902774198e-50,-0.0055970992160371,0.0033083446988169,487.67497951373,487.67497951373,477.8207015531,477.8207015531,487.67497951373,483.62219269257,483.62219269257,483.62219269257,470.07639007101,470.07639007101,470.07639007101,477.8207015531,0.050898825566554,0.033880862058476,0.022150962846337,0.027611731781596,721.89011150372,-0.018067575266048,0.0038711313565482,-0.0010359376650533,721.07464268834,0.0016113048662927,-0.017287513709676,0,2.4702795229091e-11,2.7491799619776e-14,0,0,3.9892866396788e-14,3.5516883392995e-14,3.3146997663888e-14,0,3.4382521795813e-14,3.1170108917187e-14,0,2.7156062244723e-14,3.3739066982503e-14,1.3671296644651e-12,0,0,1.5410071268742e-12,1.4898888861982e-12,1.4633004429009e-12,0,1.4234151199217e-12,1.427936406397e-12,0,1.3569647646682e-12,1.427237773196e-12
2.85,1299728521.6052,1299728521.6052,1299728521.6052,721950743.82738,721950743.82738,721950743.82738,1,1,1,365468923.15749,3.2949396093647e-05,8.3963866027151e-05,2.7125770623004e-05,1.0232555851597,351.35741548,351.35741548,341.01689175163,341.01689175163,351.35741548,347.18076261019,347.18076261019,347.18076261019,332.89315231066,332.89315231066,332.89315231066,341.01689175163,0.0014442867923403,-1.6400692385219e-43,-4.2608312824177e-44,-0.0034873510395773,-0.0016476564218364,-0.0018787043782597,6.6265814886223e-41,-0.0022321282896966,-0.0048977863994644,5.7131574377939e-48,-0.0056682786097068,0.0033220324199709,487.94764565202,487.94764565202,477.60712192365,477.60712192365,487.94764565202,483.77099278221,483.77099278221,483.77099278221,469.48338248267,469.48338248267,469.48338248267,477.60712192365,0.051492867697185,0.034530395489632,0.022618618237983,0.028097566970653,720.1684146784,-0.020381525821296,0.0068467997842598,0.0019156361383779,719.21823497944,0.0025314849175763,-0.022529381429014,0,2.7333062862936e-11,2.7270146548037e-14,0,0,4.0991991350622e-14,3.5999719058829e-14,3.3271676984072e-14,0,3.5143469596632e-14,3.1160270968151e-14,0,2.6953893354347e-14,3.4408964414755e-14,1.4056954755612e-12,0,0,1.5989785569909e-12,1.5408001771329e-12,1.5103536997346e-12,0,1.4731154912541e-12,1.4720036842074e-12,0,1.3950833262087e-12,1.4758993973386e-12
2.9,1290985775.4552,1290985775.4552,1290985775.4552,713207997.67744,713207997.67744,713207997.67744,1,1,1,368900426.33129,3.4231496488199e-05,8.5454244311781e-05,2.7890599167115e-05,1.0237662901819,350.49447078544,350.49447078544,339.6720416452,339.6720416452,350.49447078544,346.20448374808,346.20448374808,346.20448374808,331.18025863994,331.18025863994,331.18025863994,339.6720416452,0.0014220169765052,-7.5262859732136e-42,-1.8024710570227e-42,-0.003497915356167,-0.0016266115733484,-0.0018420956512093,5.1048386816394e-39,-0.0021902229462977,-0.004943062361227,3.2849672147611e-46,-0.0057296725126879,0.0033365998299213,488.17939449739,488.17939449739,477.35696535715,477.35696535715,488.17939449739,483.88940746003,483.88940746003,483.88940746003,468.86518235189,468.86518235189,468.86518235189,477.35696535715,0.051987119285962,0.035181901299372,0.023088246681725,0.028583130521077,718.41892093535,-0.02270645399599,0.0037589684700013,-0.0014148639326054,717.32443226203,0.0012133779055958,-0.022303174484216,0,3.0156602109425e-11,2.7135521822352e-14,0,0,4.2235801617365e-14,3.655963742404e-14,3.348619571039e-14,0,3.6062546082381e-14,3.1243488646914e-14,0,2.6847007223268e-14,3.5280814987574e-14,1.4440708985444e-12,0,0,1.6587090004559e-12,1.5925033122134e-12,1.5577103318605e-12,0,1.5241156330175e-12,1.5161886495877e-12,0,1.433050727933e-12,1.5257940043856e-12
2.95,1282568737.951,1282568737.951,1282568737.951,704790960.17318,704790960.17318,704790960.17318,1,1,1,371961333.11363,3.5529551481713e-05,8.6945312200042e-05,2.8654384672808e-05,1.0242771718256,349.66138255387,349.66138255387,338.36200737916,338.36200737916,349.66138255387,345.26908900353,345.26908900353,345.26908900353,329.51426314145,329.51426314145,329.51426314145,338.36200737916,0.0014030983300043,-2.3910739036701e-40,-5.2394237430508e-41,-0.0035077492269533,-0.0016073013081471,-0.0018065174367124,3.1205016209865e-37,-0.0021488717102299,-0.0049864111672276,1.3613968917637e-44,-0.0057813021499499,0.003350765799742,488.37347185423,488.37347185423,477.07409667951,477.07409667951,488.37347185423,483.98117830389,483.98117830389,483.98117830389,468.2263524418,468.2263524418,468.2263524418,477.07409667951,0.052283283629735,0.035835233635851,0.02355959663098,0.029068423475659,716.65995914709,-0.025628706697742,0.0034905314686482,-0.0012586547977,715.40774533051,0.0078750226353207,-0.024730910037803,0,3.3173876770852e-11,2.7098067303998e-14,0,0,4.3696306433112e-14,3.7219656899321e-14,3.3827654836075e-14,0,3.7166433691662e-14,3.1399557038779e-14,0,2.6839860208733e-14,3.6356249828507e-14,1.4823933528399e-12,0,0,1.7205049096392e-12,1.6451398557873e-12,1.605549860113e-12,0,1.5766769076093e-12,1.5605943290045e-12,0,1.4710080222524e-12,1.5772095059701e-12
3,1274465197.4841,1274465197.4841,1274465197.4841,696687419.70629,696687419.70629,696687419.70629,1,1,1,374674149.05027,3.6839034633994e-05,8.8436885750438e-05,2.941922278362e-05,1.0247881084569,348.8564579088,348.8564579088,337.08601032237,337.08601032237,348.8564579088,344.37286289038,344.37286289038,344.37286289038,327.89574309897,327.89574309897,327.89574309897,337.08601032237,0.0013869331246775,-5.4908021438323e-39,-1.09658477292e-39,-0.0035109088217281,-0.0015906646079291,-0.0017744010563915,1.6224186683311e-35,-0.0021081871413303,-0.0050225744045025,4.1874764151184e-43,-0.0058304292930758,0.0033657882416483,488.53244516174,488.53244516174,476.76199757531,476.76199757531,488.53244516174,484.04885014332,484.04885014332,484.04885014332,467.57173035191,467.57173035191,467.57173035191,476.76199757531,0.052478037602322,0.03649023184362,0.024032387710261,0.029553445544052,714.90685643089,-0.026490772190976,0.012192057506825,0.0036801326231828,713.48630548462,0.0054235563143809,-0.029007442549333,0,3.6388557472277e-11,2.7125087280996e-14,0,0,4.5402813161017e-14,3.8010563492081e-14,3.4308649596926e-14,0,3.8502540713043e-14,3.166840774465e-14,0,2.6931711781021e-14,3.7657903963074e-14,1.5207540191532e-12,0,0,1.7847141837814e-12,1.6988949101912e-12,1.6540696176797e-12,0,1.6311277228715e-12,1.6053802207357e-12,0,1.509095214311e-12,1.6304658244852e-12
3.05,1266661493.4109,1266661493.4109,1266661493.4109,688883715.63309,688883715.63309,688883715.63309,1,1,1,377084015.86934,3.8156835820728e-05,8.9928832754755e-05,3.0181269478886e-05,1.0252991016963,348.0778901795,348.0778901795,335.84403516068,335.84403516068,348.0778901795,343.51363980235,343.51363980235,343.51363980235,326.32394383128,326.32394383128,326.32394383128,335.84403516068,0.0013728134654194,-9.5549121530479e-38,-1.8009901199562e-38,-0.0035192977741515,-0.0015773450718658,-0.0017426247324761,7.1254740000606e-34,-0.0020668866585016,-0.0050545427906907,1.0041208657303e-41,-0.0058729019480009,0.0033814616246986,488.65857015027,488.65857015027,476.42471513145,476.42471513145,488.65857015027,484.09431977312,484.09431977312,484.09431977312,466.90462380205,466.90462380205,466.90462380205,476.42471513145,0.052397442991771,0.037146831113373,0.024506517698342,0.030038197538811,713.15885214595,-0.032221693715181,0.0078039153815985,-0.0033894980155032,711.55830476083,-0.001669954615914,-0.032035654366749,0,3.9790592797426e-11,2.7269513475384e-14,0,0,4.7201436859317e-14,3.8844210818916e-14,3.4892008323938e-14,0,4.0044522213304e-14,3.2062617002552e-14,0,2.7156724424419e-14,3.9202402919444e-14,1.5593189349494e-12,0,0,1.8514670959514e-12,1.753828919951e-12,1.7034143690698e-12,0,1.6877592292843e-12,1.6507236085459e-12,0,1.5475006223017e-12,1.6859063943715e-12
3.1,1259143865.5332,1259143865.5332,1259143865.5332,681366087.7554,681366087.7554,681366087.7554,1,1,1,379236958.29388,3.9481173422681e-05,9.1421172462916e-05,3.0944733974953e-05,1.0258100213034,347.32410856589,347.32410856589,334.63457230546,334.63457230546,347.32410856589,342.69020424161,342.69020424161,342.69020424161,324.79818611233,324.79818611233,324.79818611233,334.63457230546,0.0013607424858123,-1.2660918289876e-36,-2.2279905215448e-37,-0.0035236771804035,-0.001564879793968,-0.0017143112079418,2.6158767251715e-32,-0.0020286946297474,-0.0050898061068501,1.8952387726247e-40,-0.0059038608506255,0.0033935262871253,488.75441689495,488.75441689495,476.06488063452,476.06488063452,488.75441689495,484.12051257068,484.12051257068,484.12051257068,466.22849444139,466.22849444139,466.22849444139,476.06488063452,0.052260274866934,0.037804866715931,0.024981719080186,0.03052267942555,711.43298180661,-0.033052322217151,0.0036478024190429,0.00026374611137757,709.64469993318,0.0025414936302733,-0.036527469750828,0,4.3381429233723e-11,2.7524653109351e-14,0,0,4.9276934358613e-14,3.9777341314633e-14,3.5655291012424e-14,0,4.1883024092312e-14,3.2525374926634e-14,0,2.7501470795938e-14,4.0978301700705e-14,1.5982446726763e-12,0,0,1.9211552048335e-12,1.8100825755133e-12,1.7538385651899e-12,0,1.7469907699888e-12,1.6967214348884e-12,0,1.5863935752865e-12,1.7438584643997e-12
3.15,1251900610.8939,1251900610.8939,1251900610.8939,674122833.11616,674122833.11616,674122833.11616,1,1,1,381145900.94813,4.0809204591725e-05,9.2913732808486e-05,3.17125795322e-05,1.0263208330669,346.59381710086,346.59381710086,333.45758277972,333.45758277972,346.59381710086,341.90016503303,341.90016503303,341.90016503303,323.31809703895,323.31809703895,323.31809703895,333.45758277972,0.0013509126209886,-1.3319132301701e-35,-2.233753551381e-36,-0.0035308640487677,-0.001554904354939,-0.0016861469447203,8.3250811638378e-31,-0.0019911036770128,-0.0051133245470352,2.9002193050913e-39,-0.0059351419217785,0.0034070660326267,488.82209386019,488.82209386019,475.68585953905,475.68585953905,488.82209386019,484.12844179236,484.12844179236,484.12844179236,465.54637379827,465.54637379827,465.54637379827,475.68585953905,0.052181094330824,0.038464243373702,0.025457894330494,0.031006892786329,709.73249437585,-0.038352786666607,0.0013875546402937,-0.0023093656249162,707.74816399335,0.0010581574855415,-0.037597806931291,0,4.7149559354734e-11,2.7889945873342e-14,0,0,5.1489262223271e-14,4.0768857589343e-14,3.6577953736753e-14,0,4.4002869445627e-14,3.3138183697067e-14,0,2.796010651357e-14,4.2996735073818e-14,1.6376870123842e-12,0,0,1.9939720177862e-12,1.8677384468386e-12,1.8055676034483e-12,0,1.8092202247422e-12,1.7435859037052e-12,0,1.6259351371234e-12,1.8046650302788e-12
3.2,1244917347.8452,1244917347.8452,1244917347.8452,667139570.0674,667139570.0674,667139570.0674,1,1,1,383060066.18501,4.2138261989554e-05,9.4406436797603e-05,3.247632497468e-05,1.026831457049,345.88565605317,345.88565605317,332.31168978486,332.31168978486,345.88565605317,341.14190817042,341.14190817042,341.14190817042,321.88225801381,321.88225801381,321.88225801381,332.31168978486,0.0013429634079515,-1.131949805466e-34,-1.8038076791343e-35,-0.0035374381041315,-0.0015462019326294,-0.0016599380729364,2.2836438998535e-29,-0.0019549216656526,-0.0051340267023235,3.6477210903948e-38,-0.0059593317854137,0.0034206956507728,488.86393004058,488.86393004058,475.28996377227,475.28996377227,488.86393004058,484.12018215783,484.12018215783,484.12018215783,464.86053200122,464.86053200122,464.86053200122,475.28996377227,0.051986104339448,0.039124827552757,0.025934871696992,0.031490838791333,708.06732558174,-0.04190534689632,0.0032412432500112,-0.0020690565735188,705.87967215045,0.0012065053456075,-0.041348236231614,0,5.108892584907e-11,2.8362607960853e-14,0,0,5.3917170600205e-14,4.1846505761093e-14,3.7662279254434e-14,0,4.6519012974321e-14,3.3857703199142e-14,0,2.8527891550976e-14,4.5233388189359e-14,1.6777977972267e-12,0,0,2.0702224116938e-12,1.9269183428239e-12,1.8588301095598e-12,0,1.8750080437987e-12,1.7914679267602e-12,0,1.6662796682607e-12,1.8686347013283e-12
3.25,1238180395.8507,1238180395.8507,1238180395.8507,660402618.07294,660402618.07294,660402618.07294,1,1,1,385147543.13437,4.3471642282726e-05,9.5902637978204e-05,3.3234818997898e-05,1.0273418801503,345.1981748605,345.1981748605,331.19586061131,331.19586061131,345.1981748605,340.4133841839,340.4133841839,340.4133841839,320.48959059724,320.48959059724,320.48959059724,331.19586061131,0.0013365455650408,-7.9580240334729e-34,-1.207719633126e-34,-0.0035445789722654,-0.0015387962063015,-0.0016354043969124,5.4733762041139e-28,-0.001920648123069,-0.0051511326592252,3.8546222954183e-37,-0.0059793354124959,0.0034344751500416,488.88187763435,488.88187763435,474.87956338517,474.87956338517,488.88187763435,484.09708695775,484.09708695775,484.09708695775,464.17329337109,464.17329337109,464.17329337109,474.87956338517,0.051810329996262,0.039786531101812,0.026412542910002,0.031974518080345,706.43790220346,-0.044685874307231,0.0050616531285389,-0.0013899428718105,704.04126458823,0.0032427640089077,-0.04565102143886,0,5.5184887284402e-11,2.8954173916967e-14,0,0,5.6516560429441e-14,4.2983179941681e-14,3.8916367439556e-14,0,4.9521239059891e-14,3.4693837020372e-14,0,2.9205707052323e-14,4.768423868341e-14,1.7187451826674e-12,0,0,2.1501488979518e-12,1.9877057388513e-12,1.9138661641911e-12,0,1.9450416517027e-12,1.8405324216052e-12,0,1.7075827752728e-12,1.9360703983858e-12
3.3,1231678193.9645,1231678193.9645,1231678193.9645,653900416.18667,653900416.18667,653900416.18667,1,1,1,386974246.89375,4.4798940690805e-05,9.7399711757065e-05,3.3988402446629e-05,1.027852095909,344.53026368453,344.53026368453,330.1093474805,330.1093474805,344.53026368453,339.71285331106,339.71285331106,339.71285331106,319.13911408699,319.13911408699,319.13911408699,330.1093474805,0.0013312082617133,-4.7623612927339e-33,-6.8169469907894e-34,-0.0035519622113117,-0.0015333230153376,-0.0016128959805702,1.1522497729083e-26,-0.0018884327229305,-0.0051640251393414,3.45739919038e-36,-0.0059980166882819,0.0034461448642453,488.8778066913,488.8778066913,474.45689048727,474.45689048727,488.8778066913,484.06039631783,484.06039631783,484.06039631783,463.48665709376,463.48665709376,463.48665709376,474.45689048727,0.051623859311712,0.040449279937282,0.026890826996608,0.032457931290958,704.84405966929,-0.04898780236163,0.0020396883698042,-0.0028196116372331,702.23342734934,0.0015245593308062,-0.048794367183542,0,5.9426935195596e-11,2.966986576331e-14,0,0,5.9230476468978e-14,4.4160861398578e-14,4.0322544637533e-14,0,5.3170107755963e-14,3.5667797987702e-14,0,2.9995674600739e-14,5.0359638700924e-14,1.7607047092236e-12,0,0,2.2339134410801e-12,2.0501586279673e-12,1.9708908536869e-12,0,2.020235539204e-12,1.8909743052594e-12,0,1.7500030651057e-12,2.0072896824329e-12
3.35,1225400022.5226,1225400022.5226,1225400022.5226,647622244.74484,647622244.74484,647622244.74484,1,1,1,388577601.76233,4.6122204514313e-05,9.8896765675065e-05,3.4734939983609e-05,1.0283620344586,343.88089030454,343.88089030454,329.05172746339,329.05172746339,343.88089030454,339.03865027121,339.03865027121,339.03865027121,317.82968515663,317.82968515663,317.82968515663,329.05172746339,0.0013272381767945,-2.5112412854307e-32,-3.0765598054032e-33,-0.0035625400156875,-0.0015287756369535,-0.0015911490647971,2.140478534622e-25,-0.0018574970422981,-0.0051701518516662,2.6478200203065e-35,-0.0060107800518206,0.0034595578473281,488.85337879868,488.85337879868,474.02421595753,474.02421595753,488.85337879868,484.01113876534,484.01113876534,484.01113876534,462.80217365076,462.80217365076,462.80217365076,474.02421595753,0.051348642400448,0.04111295657854,0.02736960891309,0.032941080230834,703.2939037588,-0.053388432127345,0.0064003154696656,-0.0032106128430581,700.46546172554,0.0028311461738818,-0.052337873764534,0,6.3794887582618e-11,3.0506982355171e-14,0,0,6.2105987814767e-14,4.5394873412771e-14,4.1906992017732e-14,0,5.7649276165423e-14,3.6766150023657e-14,0,3.0864659267512e-14,5.3208549285146e-14,1.8038480974174e-12,0,0,2.3217445713523e-12,2.1143566736098e-12,2.0301562901567e-12,0,2.1017639274181e-12,1.9429694932591e-12,0,1.7936522848398e-12,2.0825379344661e-12
3.4,1219333940.9665,1219333940.9665,1219333940.9665,641556163.18876,641556163.18876,641556163.18876,1,1,1,389976248.42133,4.744169764642e-05,0.00010039379394195,3.5475706756335e-05,1.0288717186863,343.24902608044,343.24902608044,328.02128590979,328.02128590979,343.24902608044,338.38936529933,338.38936529933,338.38936529933,316.56030342781,316.56030342781,316.56030342781,328.02128590979,0.0013239322550839,-1.266251097413e-31,-5.6790311563888e-33,-0.0035704877481765,-0.0015255266804088,-0.0015720745477653,3.5275061318663e-24,-0.0018293164303144,-0.0051756480226359,1.7517856994422e-34,-0.0060231370756492,0.0034703366472782,488.81026287346,488.81026287346,473.5825227028,473.5825227028,488.81026287346,483.95060209234,483.95060209234,483.95060209234,462.12154022082,462.12154022082,462.12154022082,473.5825227028,0.051029503325219,0.041777506112661,0.027848838946775,0.03342396450074,701.78371985739,-0.05721071892368,0.0054230980434832,-0.0026081346350025,698.73436702451,0.0021777600991651,-0.056551474341186,0,7.9246609613502e-11,3.1481833147208e-14,0,0,6.5092214574399e-14,4.6679472332527e-14,4.3632699244482e-14,0,6.3316432127615e-14,3.8000183763171e-14,0,3.1842477321036e-14,5.6273711967242e-14,1.8483701328226e-12,0,0,2.4137988640083e-12,2.1803714164669e-12,2.0918622451912e-12,0,2.1913068844541e-12,1.9967098685096e-12,0,1.8386843481268e-12,2.1621209811353e-12
3.45,1213471643.9032,1213471643.9032,1213471643.9032,635693866.12538,635693866.12538,635693866.12538,1,1,1,391196309.5211,4.8754437409174e-05,0.00010189066124498,3.6208730002114e-05,1.0293811020613,342.6339038589,342.6339038589,327.01821701857,327.01821701857,342.6339038589,337.76328504995,337.76328504995,337.76328504995,315.330014328,315.330014328,315.330014328,327.01821701857,0.0013217723537225,-6.7724889477438e-31,1.6740504145645e-31,-0.0035825956002592,-0.0015233598904083,-0.0015541118435924,5.2028226311935e-23,-0.0018023047002754,-0.0051750164496843,1.0146657063825e-33,-0.0060296178474672,0.0034822151542312,488.74977718348,488.74977718348,473.13409034316,473.13409034316,488.74977718348,483.87915837453,483.87915837453,483.87915837453,461.44588765258,461.44588765258,461.44588765258,473.13409034316,0.05067984291034,0.042442839274388,0.028328431997482,0.033906585959033,700.31813262432,-0.061546217243265,0.0037849274511137,-0.004618697128948,697.04611627425,0.0026372016549351,-0.060658719463433,0,1.0575712823665e-10,3.2603594244753e-14,0,0,6.8142257710114e-14,4.7994764161109e-14,4.5510549005074e-14,0,7.0548108216158e-14,3.937864935459e-14,0,3.2914636717512e-14,5.9502597452546e-14,1.8944785779856e-12,0,0,2.5101665690327e-12,2.2482462628664e-12,2.1562238808252e-12,0,2.2910769758931e-12,2.0523996884948e-12,0,1.8852326737733e-12,2.2462703614491e-12
3.5,1207802101.3998,1207802101.3998,1207802101.3998,630024323.62198,630024323.62198,630024323.62198,1,1,1,392259733.23216,5.0059789265312e-05,0.00010338736803438,3.6934029920086e-05,1.029890171549,342.03475168358,342.03475168358,326.04101968107,326.04101968107,342.03475168358,337.159117942,337.159117942,337.159117942,314.13748678026,314.13748678026,314.13748678026,326.04101968107,0.0013204068011801,-4.23388653166e-30,4.6681995006247e-30,-0.0035945019209851,-0.0015216585882088,-0.0015376976142318,6.8372932586471e-22,-0.0017774221157673,-0.0051695433464225,5.1315442995009e-33,-0.0060352637461914,0.0034943525942291,488.67352448636,488.67352448636,472.67979248385,472.67979248385,488.67352448636,483.79789074477,483.79789074477,483.79789074477,460.77625958303,460.77625958303,460.77625958303,472.67979248385,0.050254315010627,0.043108872151883,0.028808303454847,0.034388945907985,698.89804673832,-0.064679864404649,0.0088978549132878,-0.0034373590167154,695.40253682487,0.0026514223121933,-0.065723043509247,0,1.4281804597941e-10,3.3867973582525e-14,0,0,7.1318385163354e-14,4.9386639403878e-14,4.7521386786856e-14,0,7.9924072356223e-14,4.0885295500585e-14,0,3.4067315655177e-14,6.2906906617491e-14,1.9423751255561e-12,0,0,2.6110259965772e-12,2.3180895181114e-12,2.2234292705219e-12,0,2.4041066829794e-12,2.1102202278934e-12,0,1.9334111336064e-12,2.3352341619545e-12
3.55,1202316411.2129,1202316411.2129,1202316411.2129,624538633.43511,624538633.43511,624538633.43511,1,1,1,393186330.40658,5.1356776783043e-05,0.00010488378646189,3.7651544411973e-05,1.0303989357978,341.45107373122,341.45107373122,325.0888554934,325.0888554934,341.45107373122,336.57593745718,336.57593745718,336.57593745718,312.98112192626,312.98112192626,312.98112192626,325.0888554934,0.0013199111009978,-2.9706267832429e-29,9.1878150954522e-29,-0.0036080432162111,-0.0015220722077204,-0.0015233146356256,8.1602637850609e-21,-0.0017539880454608,-0.0051624746016083,2.3074510922402e-32,-0.0060367340643743,0.0035046258579292,488.583080011,488.583080011,472.22086177318,472.22086177318,488.583080011,483.70794373696,483.70794373696,483.70794373696,460.11312820603,460.11312820603,460.11312820603,472.22086177318,0.04976607854991,0.043775563208556,0.029288428247552,0.034871043916152,697.52098598053,-0.068614686192482,0.004261335727816,-0.0042365849036534,693.80233688008,0.0019897108630478,-0.069612812299103,0,1.9465418379858e-10,3.5313490385661e-14,0,0,7.4465980858116e-14,5.0813052267461e-14,4.9663923054611e-14,0,9.2268387690644e-14,4.2554110945791e-14,0,3.5335734149023e-14,6.6486209773105e-14,1.9923159425942e-12,0,0,2.7163367966422e-12,2.3899500257736e-12,2.2936646640664e-12,0,2.5345938882298e-12,2.1704008287277e-12,0,1.9833834080764e-12,2.4292598615264e-12
3.6,1197006662.1577,1197006662.1577,1197006662.1577,619228884.3799,619228884.3799,619228884.3799,1,1,1,393994842.75215,5.26457550279e-05,0.00010637999419904,3.8360619963771e-05,1.0309074119243,340.88229213285,340.88229213285,324.16101617465,324.16101617465,340.88229213285,336.01245233773,336.01245233773,336.01245233773,311.86003778392,311.86003778392,311.86003778392,324.16101617465,0.0013188475465306,-2.1473353053435e-28,1.5252824961979e-27,-0.0036229736879408,-0.0015209548885734,-0.0015097466346187,8.7322245962518e-20,-0.0017328870377223,-0.0051512373258875,9.2154995297788e-32,-0.0060408018918449,0.0035147932858163,488.47979715192,488.47979715192,471.75852119372,471.75852119372,488.47979715192,483.60995735679,483.60995735679,483.60995735679,459.45754280298,459.45754280298,459.45754280298,471.75852119372,0.049297401113118,0.044442856593432,0.029768772100372,0.035352881452985,696.18448695808,-0.074515358562263,0.0062797910912766,-0.0056096153930547,692.24225059256,0.0035695600339341,-0.072879914137135,0,2.6693363433948e-10,3.6943860206856e-14,0,0,7.7689329165253e-14,5.2324995122595e-14,5.1941540478318e-14,0,1.0856678268401e-13,4.4359272570691e-14,0,3.6685600444266e-14,7.0236017639379e-14,2.0445624507452e-12,0,0,2.8262060995994e-12,2.4639487435271e-12,2.3671210950614e-12,0,2.6881305047248e-12,2.2331343136141e-12,0,2.0352646817685e-12,2.5285885902391e-12
3.65,1191866480.6662,1191866480.6662,1191866480.6662,614088702.88843,614088702.88843,614088702.88843,1,1,1,394700148.15278,5.3923295503765e-05,0.00010787577465223,3.9061526706431e-05,1.0314155427937,340.3282137215,340.3282137215,323.25743702946,323.25743702946,340.3282137215,335.46754349741,335.46754349741,335.46754349741,310.77306479537,310.77306479537,310.77306479537,323.25743702946,0.0013196764338358,-1.4684752694739e-27,2.2273666971e-26,-0.0036387550990733,-0.0015227944226981,-0.0014986957889265,8.5184967023165e-19,-0.0017130193078234,-0.0051362294433708,3.349001411674e-31,-0.0060369396313535,0.0035245173976594,488.36502933023,488.36502933023,471.2942526382,471.2942526382,488.36502933023,483.50435910615,483.50435910615,483.50435910615,458.80988040411,458.80988040411,458.80988040411,471.2942526382,0.048763494481733,0.045110676767578,0.030249267245051,0.035834458716835,694.89473813072,-0.078020561852035,0.0031284895934824,-0.0055054624521953,690.73124239892,0.0015986790743191,-0.077119646080952,0,3.6738396075553e-10,3.8788146207652e-14,0,0,8.0876783775161e-14,5.3944284365273e-14,5.4313799804799e-14,0,1.3027939254051e-13,4.6324612613248e-14,0,3.8165785836406e-14,7.4168739910665e-14,2.0994171731714e-12,0,0,2.9405831440953e-12,2.540237482089e-12,2.4439324073694e-12,0,2.8723733885533e-12,2.2986472090435e-12,0,2.089239253717e-12,2.6334790281249e-12
3.7,1186884919.5863,1186884919.5863,1186884919.5863,609107141.80854,609107141.80854,609107141.80854,1,1,1,395315135.83342,5.5189986389585e-05,0.00010937116657991,3.9753947960652e-05,1.0319233659744,339.7873098712,339.7873098712,322.37652528142,322.37652528142,339.7873098712,334.93979293176,334.93979293176,334.93979293176,309.71929592598,309.71929592598,309.71929592598,322.37652528142,0.0013203634800737,-9.4357762945213e-27,2.8720255354253e-25,-0.0036560349463794,-0.0015237505780344,-0.0014886940781652,7.5623780676211e-18,-0.0016950271296493,-0.0051191661497252,1.0999360334096e-30,-0.0060336677826117,0.0035340645939124,488.23917925579,488.23917925579,470.82839466602,470.82839466602,488.23917925579,483.39166231635,483.39166231635,483.39166231635,458.17116531057,458.17116531057,458.17116531057,470.82839466602,0.04814771929974,0.045778983456622,0.030729906376067,0.036315776641209,693.64636974655,-0.082271002115213,0.0034909641491414,-0.0051909041929199,689.26299535903,0.0025001548811885,-0.081484479008525,0,5.0647578672948e-10,4.0860223024974e-14,0,0,8.4085932883457e-14,5.571610809382e-14,5.6822273605789e-14,0,1.5927230942756e-13,4.8417137433716e-14,0,3.9736815535354e-14,7.8280469676018e-14,2.1572022547349e-12,0,0,3.0594986107839e-12,2.6190319577979e-12,2.5242912373476e-12,0,3.0976184486562e-12,2.3671193814535e-12,0,2.1454355971726e-12,2.7441843300096e-12
3.75,1182057401.6807,1182057401.6807,1182057401.6807,604279623.90295,604279623.90295,604279623.90295,1,1,1,395852102.88078,5.6445542403371e-05,0.00011086612764021,4.0437436385119e-05,1.0324308869446,339.25998336551,339.25998336551,321.51798939841,321.51798939841,339.25998336551,334.42856531203,334.42856531203,334.42856531203,308.69754803981,308.69754803981,308.69754803981,321.51798939841,0.0013210733466152,-5.6665604559415e-26,3.273469079813e-24,-0.0036749829607168,-0.0015244160991613,-0.0014795206096466,6.1211068366145e-17,-0.0016780352187615,-0.0050991766057598,3.3039270144108e-30,-0.0060303922682632,0.0035435715913364,488.10392959225,488.10392959225,470.36193562515,470.36193562515,488.10392959225,483.27251153877,483.27251153877,483.27251153877,457.54149426655,457.54149426655,457.54149426655,470.36193562515,0.047530494136717,0.046447736878361,0.031210639541636,0.036796835749262,692.43783980133,-0.087073866566205,0.0055580588961102,-0.0068347651302009,687.83678389764,0.0032620070153584,-0.085502534802008,0,6.9814810415739e-10,4.319491634e-14,0,0,8.7268044070814e-14,5.7687554932555e-14,5.9468258692488e-14,0,1.979265345056e-13,5.0640683577038e-14,0,4.1412527149948e-14,8.2583895845478e-14,2.2182890912485e-12,0,0,3.1829142622706e-12,2.7006144803637e-12,2.6083920553212e-12,0,3.3775288381075e-12,2.438736122976e-12,0,2.2040017547202e-12,2.8609755955479e-12
3.8,1177374620.4605,1177374620.4605,1177374620.4605,599596842.68271,599596842.68271,599596842.68271,1,1,1,396321154.83453,5.7688730113292e-05,0.0001123605627277,4.1112961129025e-05,1.0329380935946,338.74527450306,338.74527450306,320.68062738735,320.68062738735,338.74527450306,333.93286282074,333.93286282074,333.93286282074,307.70620555467,307.70620555467,307.70620555467,320.68062738735,0.0013225039589714,-3.183835659521e-25,3.3405440045659e-23,-0.0036930989075099,-0.0015265693517009,-0.0014724314239196,4.5615724796284e-16,-0.0016628755029151,-0.0050783838478825,9.1687295759313e-30,-0.0060240086209791,0.0035511338373111,487.95994565043,487.95994565043,469.89529853472,469.89529853472,487.95994565043,483.14753396811,483.14753396811,483.14753396811,456.92087670205,456.92087670205,456.92087670205,469.89529853472,0.046867632774828,0.047116887106738,0.031691433748536,0.037277635909595,691.27017070797,-0.091277377114954,0.0027285349213834,-0.0062199914210468,686.45452347929,0.0022981551199505,-0.089763839343578,0,9.6108210164709e-10,4.5828969239596e-14,0,0,9.0385461326807e-14,5.9926239289176e-14,6.2250140480725e-14,0,2.4957136136395e-13,5.2978699356973e-14,0,4.3213269849139e-14,8.7121136845049e-14,2.2831010410967e-12,0,0,3.3107386075203e-12,2.7853629807085e-12,2.6964270482487e-12,0,3.7304760421284e-12,2.5136593181235e-12,0,2.2651145470153e-12,2.9841834888435e-12
3.85,1172830832.6236,1172830832.6236,1172830832.6236,595053054.84581,595053054.84581,595053054.84581,1,1,1,396731430.4281,5.8917891327438e-05,0.00011385442865898,4.1779036475134e-05,1.0334449843222,338.24266215322,338.24266215322,319.86451686533,319.86451686533,338.24266215322,333.45145073097,333.45145073097,333.45145073097,306.74428689361,306.74428689361,306.74428689361,319.86451686533,0.0013243511363911,-1.6883871920645e-24,3.050481641956e-22,-0.0037143952627128,-0.0015281128598512,-0.0014654356152815,3.1235987507294e-15,-0.0016490348070857,-0.0050519706740519,2.3459830709656e-29,-0.0060169849498734,0.003560420272458,487.80804992667,487.80804992667,469.42990463878,469.42990463878,487.80804992667,483.01683850442,483.01683850442,483.01683850442,456.30967466706,456.30967466706,456.30967466706,469.42990463878,0.046197305052523,0.047786374429061,0.032172239043811,0.037758178974708,690.14293107549,-0.096502362189517,0.010941966492263,-0.0034017144231895,685.11579791178,0.0047410329716943,-0.0931653911216,0,1.319709099066e-09,4.8783011077545e-14,0,0,9.3539655847624e-14,6.2541271598783e-14,6.5241845497375e-14,0,3.1811951798047e-13,5.5373934287352e-14,0,4.5073199120261e-14,9.1868396066159e-14,2.3520906369759e-12,0,0,3.4430236574398e-12,2.8738096952115e-12,2.7886929509853e-12,0,4.1803649789119e-12,2.5919698869947e-12,0,2.3288576765107e-12,3.1141050205138e-12
3.9,1168419378.6186,1168419378.6186,1168419378.6186,590641600.84084,590641600.84084,590641600.84084,1,1,1,397090168.59389,6.0135362022333e-05,0.00011534770654977,4.2436754621061e-05,1.0339516069689,337.75166749151,337.75166749151,319.06865536073,319.06865536073,337.75166749151,332.98365336376,332.98365336376,332.98365336376,305.81082040305,305.81082040305,305.81082040305,319.06865536073,0.0013255383618879,-8.4295498400919e-24,2.5506352359253e-21,-0.0037358578383499,-0.0015294018862496,-0.0014603739622627,1.9853832316752e-14,-0.0016356123346287,-0.0050288095856338,5.702614223373e-29,-0.006009589267185,0.0035675900166787,487.64894334034,487.64894334034,468.96593120956,468.96593120956,487.64894334034,482.88092921258,482.88092921258,482.88092921258,455.70809625188,455.70809625188,455.70809625188,468.96593120956,0.045439705814763,0.048456219734213,0.032653078510754,0.038238463232046,689.04909186062,-0.10024272754191,0.0069695638006158,-0.0077927312303281,683.81440107184,0.0032894076711069,-0.097877775025627,0,1.8058431062757e-09,5.2128560537059e-14,0,0,9.652786382132e-14,6.5626332748561e-14,6.8348838478303e-14,0,4.087196738029e-13,5.7856318297396e-14,0,4.709889802924e-14,9.6887899752021e-14,2.4258115542744e-12,0,0,3.5795346716028e-12,2.9666193450333e-12,2.8853528053338e-12,0,4.7583818848127e-12,2.6737910769998e-12,0,2.3954655768765e-12,3.2511252023729e-12
3.95,1164137117.0139,1164137117.0139,1164137117.0139,586359339.2361,586359339.2361,586359339.2361,1,1,1,397404610.87929,6.1337894427844e-05,0.00011684058490886,4.3087642853464e-05,1.0344579332503,337.27285363631,337.27285363631,318.29257470302,318.29257470302,337.27285363631,332.52900501254,332.52900501254,332.52900501254,304.90481998562,304.90481998562,304.90481998562,318.29257470302,0.0013275992097068,-3.9891262314113e-23,1.9271574149674e-20,-0.0037556585534966,-0.0015315682474741,-0.0014570978102757,1.1729059995611e-13,-0.0016241084699038,-0.0050049243254709,1.3031265414015e-28,-0.0059986099210459,0.0035738791187142,487.48423989976,487.48423989976,468.50396096648,468.50396096648,487.48423989976,482.740391276,482.740391276,482.740391276,455.11620624908,455.11620624908,455.11620624908,468.50396096648,0.044717529732372,0.049126355000466,0.033133894407323,0.038718488354219,687.99268088236,-0.10340881192421,0.0038060244461056,-0.0069745918675641,682.55429225944,0.0023191760130536,-0.10277653195665,0,2.4613570040601e-09,5.5895291467312e-14,0,0,9.950504742315e-14,6.9345603323662e-14,7.1642842261145e-14,0,5.2838068542204e-13,6.0367245043431e-14,0,4.9207702042765e-14,1.0224348898907e-13,2.5048594335403e-12,0,0,3.7202560591932e-12,3.0646888377446e-12,2.9866710845064e-12,0,5.5056250162325e-12,2.7591632536633e-12,0,2.4650557764786e-12,3.3957193311656e-12
4,1159978811.0072,1159978811.0072,1159978811.0072,582201033.2294,582201033.2294,582201033.2294,1,1,1,397680438.71312,6.2526302250544e-05,0.00011833297225559,4.3729506578353e-05,1.0349639749559,336.8052375564,336.8052375564,317.53656557724,317.53656557724,336.8052375564,332.08661070501,332.08661070501,332.08661070501,304.0254475063,304.0254475063,304.0254475063,317.53656557724,0.0013295102029192,-1.7746072370999e-22,1.3335450957813e-19,-0.0037794291327804,-0.0015332101119347,-0.0014540302739314,6.4542407699942e-13,-0.0016136914339811,-0.0049767311222713,2.837109999559e-28,-0.0059876182868298,0.0035804561168587,487.31381992569,487.31381992569,468.04514794652,468.04514794652,487.31381992569,482.5951930743,482.5951930743,482.5951930743,454.53402987559,454.53402987559,454.53402987559,468.04514794652,0.043955656844897,0.049796755156617,0.033614680677679,0.039198255862381,686.9715235748,-0.1085601362067,0.004335810848811,-0.0077027320909104,681.3329649819,0.0029065279515747,-0.10686264903976,0,3.3397239689347e-09,6.0141166279069e-14,0,0,1.0243560179587e-13,7.3857405391849e-14,7.5189640292135e-14,0,6.8505910710368e-13,6.2907791704628e-14,0,5.1398283447755e-14,1.0791433206968e-13,2.5899118865491e-12,0,0,3.8651218765227e-12,3.1691389821315e-12,3.0930052935575e-12,0,6.4744448965258e-12,2.848128305871e-12,0,2.5377439260131e-12,3.548333243153e-12
4.05,1155937237.0468,1155937237.0468,1155937237.0468,578159459.26898,578159459.26898,578159459.26898,1,1,1,397922509.95705,6.3699834906554e-05,0.00011982455487546,4.4363407277001e-05,1.0354697316436,336.3487670218,336.3487670218,316.7989135367,316.7989135367,336.3487670218,331.65574410372,331.65574410372,331.65574410372,303.17137758327,303.17137758327,303.17137758327,316.7989135367,0.0013315945541973,-7.4232875312829e-22,8.473454054331e-19,-0.0038029677004901,-0.0015342882158192,-0.0014518611246398,3.3244954189254e-12,-0.0016041474013435,-0.0049489194839566,5.9026187574587e-28,-0.0059754101302548,0.0035866630016916,487.13881246508,487.13881246508,467.58895897998,467.58895897998,487.13881246508,482.445789547,482.445789547,482.445789547,453.96142302655,453.96142302655,453.96142302655,467.58895897998,0.043141665064211,0.050467380552531,0.034095400691107,0.039677765004268,685.98509175611,-0.1125222178064,0.0065107146775436,-0.0077649775023007,680.15134653219,0.0044000265311457,-0.11093557515023,0,4.5095570648046e-09,6.4912230828333e-14,0,0,1.0537352031031e-13,7.9395428871242e-14,7.899599289038e-14,0,8.8927398288577e-13,6.5474156537648e-14,0,5.366112762373e-14,1.1395934802013e-13,2.6817116437504e-12,0,0,4.0141425380606e-12,3.2814210744316e-12,3.2047224980762e-12,0,7.7320682237884e-12,2.9407227460314e-12,0,2.6136322204708e-12,3.7094960986822e-12
4.1,1152006994.9593,1152006994.9593,1152006994.9593,574229217.18149,574229217.18149,574229217.18149,1,1,1,398135342.57666,6.485696862914e-05,0.00012131529830208,4.4988997626606e-05,1.0359752171187,335.90247081632,335.90247081632,316.0788250034,316.0788250034,335.90247081632,331.23603740518,331.23603740518,331.23603740518,302.34197145692,302.34197145692,302.34197145692,316.0788250034,0.001333867411915,-2.9165843121789e-21,4.982872109107e-18,-0.0038249865626948,-0.0015361850749155,-0.0014509408760364,1.6097763574533e-11,-0.00159571086439,-0.0049201676176847,1.1852746758506e-27,-0.005963725884705,0.0035921019094263,486.95918659006,486.95918659006,467.13554077715,467.13554077715,486.95918659006,482.29275317893,482.29275317893,482.29275317893,453.39868723067,453.39868723067,453.39868723067,467.13554077715,0.042329262011644,0.051138207726197,0.034576039539641,0.040157015765901,685.03122200238,-0.11693467713403,0.004816990498682,-0.0076916453278313,679.00701009769,0.0015329878085469,-0.11462567303264,0,6.057564111781e-09,7.0287586313369e-14,0,0,1.0825514279381e-13,8.6195051545814e-14,8.3071968723731e-14,0,1.1536156902144e-12,6.8095472676234e-14,0,5.6024317775206e-14,1.2043611743924e-13,2.7811133015813e-12,0,0,4.1672384291962e-12,3.4033192853371e-12,3.3222040028984e-12,0,9.363527178656e-12,3.0370242870264e-12,0,2.6928625704912e-12,3.8798184893644e-12
4.15,1148185050.1584,1148185050.1584,1148185050.1584,570407272.38062,570407272.38062,570407272.38062,1,1,1,398322573.80399,6.6000743454218e-05,0.0001228051011365,4.5607744685691e-05,1.036480452239,335.46660305576,335.46660305576,315.37633531454,315.37633531454,335.46660305576,330.82675124523,330.82675124523,330.82675124523,301.53625885698,301.53625885698,301.53625885698,315.37633531454,0.0013362776007344,-1.0751872888721e-20,2.7117641862582e-17,-0.0038489740277105,-0.0015370833839811,-0.0014504369638992,7.3208851720703e-11,-0.0015880781966541,-0.0048931060459832,2.29718467544e-27,-0.0059491136007003,0.0035974280340262,486.77589427848,486.77589427848,466.68562653726,466.68562653726,486.77589427848,482.13604246796,482.13604246796,482.13604246796,452.8455500797,452.8455500797,452.8455500797,466.68562653726,0.041496024709986,0.051809222644505,0.035056593588752,0.040636007512755,684.10719386137,-0.12046364031335,0.004728419684278,-0.0078252038330338,677.89709333597,0.0034032849704499,-0.11910108028202,0,8.0921833817144e-09,7.6316884967658e-14,0,0,1.1117099445719e-13,9.4567988751859e-14,8.7493597546046e-14,0,1.493055099188e-12,7.0719778759692e-14,0,5.8435510474743e-14,1.2731548945387e-13,2.8890416753406e-12,0,0,4.3244579573001e-12,3.5370586175964e-12,3.4459386351688e-12,0,1.1475025949298e-11,3.1370371572763e-12,0,2.7755028619288e-12,4.0598697812502e-12
4.2,1144463955.5563,1144463955.5563,1144463955.5563,566686177.77855,566686177.77855,566686177.77855,1,1,1,398487853.54119,6.7128648130681e-05,0.00012429390274387,4.6219313131992e-05,1.0369854415797,335.04022728477,335.04022728477,314.6905169771,314.6905169771,335.04022728477,330.42711534491,330.42711534491,330.42711534491,300.75279898777,300.75279898777,300.75279898777,314.6905169771,0.0013389615750511,-3.7268663006189e-20,1.3729319061598e-16,-0.003872048080877,-0.0015384115024633,-0.0014505007976559,3.1376918651789e-10,-0.0015810838360673,-0.0048642607417474,4.3347596134689e-27,-0.0059352847957717,0.0036029580039611,486.58887701255,486.58887701255,466.23916670489,466.23916670489,486.58887701255,481.97576507269,481.97576507269,481.97576507269,452.30144871555,452.30144871555,452.30144871555,466.23916670489,0.040793650761325,0.052480394796417,0.035537043861051,0.041114740800823,683.21191207683,-0.12447295151013,0.0043073563616929,-0.0088753964956992,676.82106317423,0.0013143823338574,-0.12264394652468,0,1.0746461213478e-08,8.3094852339805e-14,0,0,1.1406759908868e-13,1.0486111250484e-13,9.2282289414187e-14,0,1.9246973419658e-12,7.3395955276459e-14,0,6.0917969242799e-14,1.346844171857e-13,3.0065555424829e-12,0,0,4.4857739029586e-12,3.6853546250662e-12,3.5764455004252e-12,0,1.419695903377e-11,3.2408347126516e-12,0,2.8616538802242e-12,4.2503423106745e-12
4.25,1140842210.034,1140842210.034,1140842210.034,563064432.25617,563064432.25617,563064432.25617,1,1,1,398633727.18956,6.8241613606612e-05,0.0001257816162911,4.6824147555553e-05,1.0374901718483,334.6232684766,334.6232684766,314.02145470985,314.02145470985,334.6232684766,330.03660623745,330.03660623745,330.03660623745,299.99156234931,299.99156234931,299.99156234931,314.02145470985,0.0013413165009994,-1.2187102697669e-19,6.4914537600961e-16,-0.0038943190062419,-0.0015389782430534,-0.0014518623657657,1.2692903173761e-09,-0.0015757606956503,-0.0048378163862899,7.9942940425132e-27,-0.0059189925060706,0.003606776082668,486.39871558989,486.39871558989,465.79690182314,465.79690182314,486.39871558989,481.81205335074,481.81205335074,481.81205335074,451.7670094626,451.7670094626,451.7670094626,465.79690182314,0.040000064181831,0.053151689543918,0.036017372796847,0.041593214320681,682.34730403836,-0.12823154859459,0.0033549248879732,-0.0082639097217385,675.78020478504,0.002609003813468,-0.12725959316225,0,1.4184079090347e-08,9.0669095242801e-14,0,0,1.1705869635252e-13,1.1752524845366e-13,9.7536413327565e-14,0,2.4697498649907e-12,7.6093173947585e-14,0,6.34227182672e-14,1.4253587618052e-13,3.1347810066634e-12,0,0,4.6513198989341e-12,3.8515604253507e-12,3.7143828189782e-12,0,1.7689712788508e-11,3.3484467112523e-12,0,2.9513471485602e-12,4.4519184798938e-12
4.3,1137313041.6306,1137313041.6306,1137313041.6306,559535263.85283,559535263.85283,559535263.85283,1,1,1,398762939.71857,6.9339028057942e-05,0.0001272681787912,4.7421691750659e-05,1.0379946757346,334.21530671027,334.21530671027,313.36804711391,313.36804711391,334.21530671027,329.65463310967,329.65463310967,329.65463310967,299.25091272179,299.25091272179,299.25091272179,313.36804711391,0.0013435300267476,-3.759739721987e-19,2.8500720532697e-15,-0.003919618423003,-0.0015387046769447,-0.0014528293408257,4.8080644028389e-09,-0.0015707871428826,-0.0048088486201355,1.4521167643234e-26,-0.0059034856494271,0.0036118638778244,486.205834815,486.205834815,465.35857521863,465.35857521863,486.205834815,481.64516121439,481.64516121439,481.64516121439,451.24144082651,451.24144082651,451.24144082651,465.35857521863,0.03925739819215,0.053823101233207,0.036497579377713,0.042071428654271,681.50860848946,-0.13354895780831,0.0090085958988347,-0.0092328163748951,674.7699243819,0.0053672620578426,-0.13081165057894,0,1.8591221236434e-08,9.9125037254879e-14,0,0,1.2013313881118e-13,1.3298729304651e-13,1.0335038277828e-13,0,3.1436452005268e-12,7.8801878708324e-14,0,6.5907586239107e-14,1.5086675533411e-13,3.27496497872e-12,0,0,4.8212138131313e-12,4.0396328588003e-12,3.8605423319797e-12,0,2.2135498466383e-11,3.4598893968621e-12,0,3.0445545508829e-12,4.6652762913985e-12
4.35,1133877304.6759,1133877304.6759,1133877304.6759,556099526.89815,556099526.89815,556099526.89815,1,1,1,398877505.64619,7.0421189984145e-05,0.0001287535937317,4.8013405653296e-05,1.0384989394525,333.81665485347,333.81665485347,312.73053140552,312.73053140552,333.81665485347,329.28135196311,329.28135196311,329.28135196311,298.53108693164,298.53108693164,298.53108693164,312.73053140552,0.0013463076606326,-1.0962298178146e-18,1.1421034322025e-14,-0.003940887383107,-0.0015393867140486,-0.0014551926581653,1.6679589897951e-08,-0.0015665822516945,-0.0047826870693052,2.6348909017296e-26,-0.0058865359467878,0.0036152697689019,486.01095765102,486.01095765102,464.92483420306,464.92483420306,486.01095765102,481.47565476065,481.47565476065,481.47565476065,450.72538972919,450.72538972919,450.72538972919,464.92483420306,0.038510757577605,0.054494604484599,0.036977640144334,0.042549382529765,680.69735422732,-0.13679158578691,0.0073987056298317,-0.0090372139863318,673.79318134667,0.0049663780337668,-0.13473828371645,0,2.4147856425174e-08,1.0856590771813e-13,0,0,1.2322308775139e-13,1.5141173224499e-13,1.097027001815e-13,0,3.9419453280539e-12,8.1544232221207e-14,0,6.8452563923242e-14,1.5973849885484e-13,3.4285003578263e-12,0,0,4.9954775750268e-12,4.2537613840436e-12,4.0156853784054e-12,0,2.771025101145e-11,3.5752103560027e-12,0,3.1413610951623e-12,4.8911806429121e-12
4.4,1130529234.7058,1130529234.7058,1130529234.7058,552751456.92804,552751456.92804,552751456.92804,1,1,1,398979295.67578,7.1487604314609e-05,0.00013023782771277,4.8599438930197e-05,1.0390029696184,333.4267875219,333.4267875219,312.10848530541,312.10848530541,333.4267875219,328.91615201054,328.91615201054,328.91615201054,297.83037657878,297.83037657878,297.83037657878,312.10848530541,0.0013490511463567,-3.0258407484952e-18,3.9625232591691e-14,-0.0039613841985641,-0.0015398339479111,-0.001457998864665,4.9845826249128e-08,-0.0015630599595605,-0.0047568288885781,4.7928191980024e-26,-0.0058693923345695,0.0036187658274246,485.8142327646,485.8142327646,464.4959305481,464.4959305481,485.8142327646,481.30359725324,481.30359725324,481.30359725324,450.21782182148,450.21782182148,450.21782182148,464.4959305481,0.037738068521031,0.055166176762976,0.037457536678938,0.043027075862413,679.91297402492,-0.14010659976615,0.0046204968875029,-0.0087011410532108,672.84853865918,0.0031327193349407,-0.13855216321602,0,3.0931440949732e-08,1.1907577611071e-13,0,0,1.263963256252e-13,1.7216702405042e-13,1.166872894651e-13,0,4.7927792715059e-12,8.4287845418074e-14,0,7.0996811153686e-14,1.6916706591662e-13,3.5968989353522e-12,0,0,5.1742289729601e-12,4.4972423244491e-12,4.1807061257234e-12,0,3.4488264458674e-11,3.6944113701361e-12,0,3.2417657483811e-12,5.1304190018383e-12
4.45,1127266601.2977,1127266601.2977,1127266601.2977,549488823.51988,549488823.51988,549488823.51988,1,1,1,399069841.40932,7.2538829920288e-05,0.00013172084957543,4.9179719787259e-05,1.0395067855761,333.04560390454,333.04560390454,311.50141351049,311.50141351049,333.04560390454,328.55875789178,328.55875789178,328.55875789178,297.14859289683,297.14859289683,297.14859289683,311.50141351049,0.0013514006097734,-7.9207123329128e-18,1.0914807108707e-13,-0.003983166843347,-0.0015391014785784,-0.001460767643567,1.1718605777497e-07,-0.0015601908029821,-0.0047308693281108,8.8293450915989e-26,-0.0058523533097854,0.0036227975238336,485.61611220068,485.61611220068,464.07192180663,464.07192180663,485.61611220068,481.12926618792,481.12926618792,481.12926618792,449.71910119296,449.71910119296,449.71910119296,464.07192180663,0.036932043481722,0.05583781146258,0.037937267255356,0.043504508337813,679.15266074885,-0.14369971278101,0.0059441245941859,-0.0089754897251428,671.93296471132,0.0041568234376396,-0.14219154121844,0,3.8776463106288e-08,1.3072599195871e-13,0,0,1.2971745545607e-13,1.9286136104027e-13,1.244627835544e-13,0,5.5266775889803e-12,8.7003138946071e-14,0,7.3494926262702e-14,1.7906538481588e-13,3.7817734061349e-12,0,0,5.3576771577426e-12,4.76998947689e-12,4.3567230822368e-12,0,4.2304166859873e-11,3.8174523892027e-12,0,3.3457032698674e-12,5.3836556975964e-12
4.5,1124087798.8581,1124087798.8581,1124087798.8581,546310021.08028,546310021.08028,546310021.08028,1,1,1,399150655.58403,7.3574442520633e-05,0.00013320263958846,4.9754772220149e-05,1.0400103775666,332.67268456545,332.67268456545,310.90914921662,310.90914921662,332.67268456545,328.20874880743,328.20874880743,328.20874880743,296.48595302679,296.48595302679,296.48595302679,310.90914921662,0.0013541863977704,-1.9791129824336e-17,2.2706804307427e-13,-0.0040031177950119,-0.0015391395167547,-0.0014640243932377,2.0814468796205e-07,-0.001557704004561,-0.0047052586014654,1.6702262753312e-25,-0.0058344568040282,0.0036265956432448,485.41658185272,485.41658185272,463.65304650389,463.65304650389,485.41658185272,480.9526460947,480.9526460947,480.9526460947,449.22985031406,449.22985031406,449.22985031406,463.65304650389,0.036206371921956,0.056509480510545,0.0384168075401,0.043981679886042,678.41782218031,-0.14749871463388,0.0043837033437632,-0.0088627514490101,671.04797173402,0.0025929436224577,-0.14602129217905,0,4.7280150353428e-08,1.4359495001194e-13,0,0,1.3314787928522e-13,2.1029561424898e-13,1.3300488364425e-13,0,5.9792008557139e-12,8.9679377949504e-14,0,7.5994049601494e-14,1.8961604636654e-13,3.98484733193e-12,0,0,5.545976694429e-12,5.0673923866685e-12,4.5448203925483e-12,0,5.0760033802177e-11,3.944278181764e-12,0,3.4531750854735e-12,5.6518132820115e-12
4.55,1120987415.0902,1120987415.0902,1120987415.0902,543209637.31243,543209637.31243,543209637.31243,1,1,1,399222834.20253,7.4594658340145e-05,0.00013468315163544,5.0324994474904e-05,1.0405137522997,332.30785015294,332.30785015294,310.33122102722,310.33122102722,332.30785015294,327.86577268873,327.86577268873,327.86577268873,295.84037936508,295.84037936508,295.84037936508,310.33122102722,0.0013562078554554,-4.7145341368841e-17,3.662494282647e-13,-0.0040242537456652,-0.0015378405175027,-0.0014676055541034,2.9292910986954e-07,-0.001556258207874,-0.0046807963645074,3.335110078842e-25,-0.0058160326977416,0.0036295523846532,485.21599859757,485.21599859757,463.23936947186,463.23936947186,485.21599859757,480.77392113337,480.77392113337,480.77392113337,448.74852780972,448.74852780972,448.74852780972,463.23936947186,0.035409946441202,0.057181167845351,0.0388961523868,0.044458589237682,677.70777732815,-0.1523277014658,0.0077342335280465,-0.0073496367148585,670.19241712422,0.0060309260747631,-0.14930498402085,0,5.60319568187e-08,1.5773516759016e-13,0,0,1.3682648410089e-13,2.2299056444611e-13,1.4255939414948e-13,0,6.1462349858549e-12,9.2296194384562e-14,0,7.8417998484154e-14,2.0067868605208e-13,4.2079185451992e-12,0,0,5.7394785639363e-12,5.3827486671894e-12,4.7464298211982e-12,0,5.9452122676705e-11,4.0748047116181e-12,0,3.564074882464e-12,5.9356158015056e-12
4.6,1117962702.2959,1117962702.2959,1117962702.2959,540184924.51808,540184924.51808,540184924.51808,1,1,1,399287500.00566,7.5601092784247e-05,0.00013616246877984,5.089042232083e-05,1.0410169482674,331.95056284002,331.95056284002,309.76677596412,309.76677596412,331.95056284002,327.5294947787,327.5294947787,327.5294947787,295.21212016297,295.21212016297,295.21212016297,309.76677596412,0.0013589031959223,-1.0718976713585e-16,4.8918248107866e-13,-0.0040430433271452,-0.00153687848279,-0.0014707270422965,3.5602151153598e-07,-0.0015544141510335,-0.0046574585837161,7.3505759878379e-25,-0.0057995547266627,0.0036334833801341,485.01429716809,485.01429716809,462.83051029219,462.83051029219,485.01429716809,480.59322910677,480.59322910677,480.59322910677,448.27585449104,448.27585449104,448.27585449104,462.83051029219,0.034665154712078,0.057852878658339,0.039375324249837,0.044935237359724,677.01688601531,-0.15534342575326,0.0063092167222389,-0.0099565654012948,669.36191612607,0.0047092055730641,-0.15236872508731,0,6.4769988240461e-08,1.7321783439017e-13,0,0,1.4062462953982e-13,2.3107694580299e-13,1.5307652676081e-13,0,6.1328570402176e-12,9.4841816621257e-14,0,8.0813644450898e-14,2.1232759981474e-13,4.4528855558387e-12,0,0,5.9383518222352e-12,5.7095408178957e-12,4.9629127214243e-12,0,6.8125292279076e-11,4.208931294964e-12,0,3.6783626344712e-12,6.2358923728298e-12
4.65,1115010285.7928,1115010285.7928,1115010285.7928,537232508.01501,537232508.01501,537232508.01501,1,1,1,399345582.34944,7.6593177801133e-05,0.00013764057000434,5.1452524321153e-05,1.041519931656,331.60087492773,331.60087492773,309.21525613942,309.21525613942,331.60087492773,327.2000310387,327.2000310387,327.2000310387,294.59964469942,294.59964469942,294.59964469942,309.21525613942,0.0013614377507215,-2.3431617255997e-16,5.739156141917e-13,-0.0040576448304566,-0.0015358262920235,-0.001474629777544,3.9839567829753e-07,-0.001553582109801,-0.0046365775991238,1.8438179764239e-24,-0.0057821434503864,0.0036368215490905,484.81198282145,484.81198282145,462.42636403314,462.42636403314,484.81198282145,480.41113893241,480.41113893241,480.41113893241,447.81075259314,447.81075259314,447.81075259314,462.42636403314,0.033976414790253,0.058524572176145,0.039854285284943,0.045411623119762,676.3508421568,-0.15813799977512,0.004125764526257,-0.0094786142406576,668.56033004917,0.0034641353509314,-0.15671573037122,0,7.3374580705637e-08,1.9014980198076e-13,0,0,1.4469168243964e-13,2.3557596099235e-13,1.6476932828648e-13,0,6.0386825848525e-12,9.7302949596441e-14,0,8.3182352767268e-14,2.2471342824509e-13,4.7217979846825e-12,0,0,6.1429767619039e-12,6.0426955369002e-12,5.1959317401502e-12,0,7.666527908944e-11,4.3465384459422e-12,0,3.7960002459048e-12,6.5536851507013e-12
4.7,1112129483.6945,1112129483.6945,1112129483.6945,534351705.91669,534351705.91669,534351705.91669,1,1,1,399397840.34389,7.7571694573252e-05,0.00013911749173177,5.2010851571731e-05,1.0420227240186,331.25852354219,331.25852354219,308.67685022913,308.67685022913,331.25852354219,326.87705524939,326.87705524939,326.87705524939,294.0031193315,294.0031193315,294.0031193315,308.67685022913,0.0013634980419059,-4.9129858278439e-16,6.1577834624042e-13,-0.0040733346842982,-0.001534035329772,-0.0014782999383596,4.2634668662041e-07,-0.001553042938768,-0.0046159734024518,5.1882825157231e-24,-0.00576556015314,0.0036401029946627,484.60911749524,484.60911749524,462.02744418218,462.02744418218,484.60911749524,480.22764920243,480.22764920243,480.22764920243,447.35371328455,447.35371328455,447.35371328455,462.02744418218,0.033233734987657,0.059196246995194,0.040333031887411,0.045887746508425,675.70648654326,-0.1615386594029,0.0036591292588289,-0.0096545931776184,667.78504244404,0.0036840362918146,-0.16001368418184,0,8.1815515175472e-08,2.0855502440693e-13,0,0,1.4907491209966e-13,2.376215524013e-13,1.7790297282689e-13,0,5.9257948440954e-12,9.9695293569014e-14,0,8.5506971096613e-14,2.3769388134786e-13,5.0167393286998e-12,0,0,6.3538005244048e-12,6.3787431590183e-12,5.4475245371085e-12,0,8.5045618525801e-11,4.4875288822123e-12,0,3.9169253641071e-12,6.8898350613966e-12
4.75,1109319866.3495,1109319866.3495,1109319866.3495,531542088.57175,531542088.57175,531542088.57175,1,1,1,399444953.52716,7.8536425159824e-05,0.00014059320699405,5.2565442348113e-05,1.0425253297542,330.9238229433,330.9238229433,308.15130056982,308.15130056982,330.9238229433,326.56102723811,326.56102723811,326.56102723811,293.42201983207,293.42201983207,293.42201983207,308.15130056982,0.0013657389314276,-9.9135624387035e-16,6.2090995315221e-13,-0.0040902015973213,-0.0015323995367255,-0.0014816336304961,4.4455991487761e-07,-0.001552502894927,-0.0045953502758827,1.5625514159659e-23,-0.0057476727390247,0.0036437053531091,484.40639051329,484.40639051329,461.63386813981,461.63386813981,484.40639051329,480.0435948081,480.0435948081,480.0435948081,446.90458740206,446.90458740206,446.90458740206,461.63386813981,0.033463433195956,0.059867891692161,0.040811574449453,0.046363606826766,675.08363500028,-0.16535868904257,0.0024142708026364,-0.0095744532270332,667.03555835509,0.0050341397499921,-0.16302749517473,0,9.0094073616519e-08,2.285245748002e-13,0,0,1.5379330067564e-13,2.3794045152881e-13,1.9265399707078e-13,0,5.8158460348199e-12,1.020139896696e-13,0,8.7825441126819e-14,2.5142700837152e-13,5.3399218817178e-12,0,0,6.5712970960224e-12,6.7152417726075e-12,5.7199784326113e-12,0,9.3270466864917e-11,4.6317984499548e-12,0,4.04112929407e-12,7.2454065465825e-12
4.8,1106577401.6792,1106577401.6792,1106577401.6792,528799623.90139,528799623.90139,528799623.90139,1,1,1,399487496.69929,7.9488378390853e-05,0.00014206773397742,5.3117327822084e-05,1.04302773828,330.59635163082,330.59635163082,307.63802269015,307.63802269015,330.59635163082,326.25112359543,326.25112359543,326.25112359543,292.85585587521,292.85585587521,292.85585587521,307.63802269015,0.0013674543146183,-1.9234401949971e-15,5.985080398888e-13,-0.004102789427705,-0.0015301656147781,-0.0014852558212286,4.568820617743e-07,-0.0015523426550719,-0.0045761327273677,4.7907072464289e-23,-0.0057325199561538,0.003647295304286,484.20375844238,484.20375844238,461.24542950171,461.24542950171,484.20375844238,479.85853040699,479.85853040699,479.85853040699,446.46326268677,446.46326268677,446.46326268677,461.24542950171,0.03367751398297,0.060539477466386,0.041289872836688,0.046839204699116,674.48340462918,-0.16829121988139,0.0040547911675671,-0.0094694026641543,666.31309000358,0.0034551373240988,-0.16673332313195,0,9.8234763523614e-08,2.5007066503954e-13,0,0,1.5894488714992e-13,2.3726130276476e-13,2.0936773629102e-13,0,5.7246439442954e-12,1.0428787956574e-13,0,9.011580540219e-14,2.6584513147515e-13,5.6935752077684e-12,0,0,6.7960791110997e-12,7.0507799248037e-12,6.0160691247975e-12,0,1.013663359707e-10,4.7792837836278e-12,0,4.168572288254e-12,7.6213683370055e-12
4.85,1103897794.5714,1103897794.5714,1103897794.5714,526120016.79362,526120016.79362,526120016.79362,1,1,1,399526011.52905,8.0427827872792e-05,0.00014354109375598,5.3665643883822e-05,1.0435299801314,330.2753639156,330.2753639156,307.13661346565,307.13661346565,330.2753639156,325.94686980273,325.94686980273,325.94686980273,292.30368332783,292.30368332783,292.30368332783,307.13661346565,0.0013688593684694,-3.5983557165873e-15,5.5786012801196e-13,-0.0041185605572751,-0.0015272114339133,-0.0014884892197239,4.6473575813606e-07,-0.0015527119556321,-0.0045567983717237,1.459398087401e-22,-0.0057166177500511,0.0036508681032197,484.00091732641,484.00091732641,460.86216687646,460.86216687646,484.00091732641,479.67242321354,479.67242321354,479.67242321354,446.02923673864,446.02923673864,446.02923673864,460.86216687646,0.033891544833408,0.061211009889602,0.041767935488636,0.047314539620991,673.90209934488,-0.17276524953563,0.0068521095945267,-0.010148137864435,665.61328803533,0.0059230213855198,-0.16943345983947,0,1.0626463651611e-07,2.7333428708599e-13,0,0,1.6457792262823e-13,2.35974673647e-13,2.2840748033789e-13,0,5.6535518471841e-12,1.0652182349539e-13,0,9.2417437783109e-14,2.8100592386343e-13,6.0801282636269e-12,0,0,7.0288274413477e-12,7.3844985086519e-12,6.3390860812388e-12,0,1.0936166566856e-10,4.9299283911037e-12,0,4.2992702821666e-12,8.0187707256403e-12
4.9,1101281345.2091,1101281345.2091,1101281345.2091,523503567.4313,523503567.4313,523503567.4313,1,1,1,399560942.41181,8.1355820807683e-05,0.00014501338637169,5.421283453845e-05,1.0440320192699,329.96118840216,329.96118840216,306.6473716457,306.6473716457,329.96118840216,325.64823124992,325.64823124992,325.64823124992,291.7653045771,291.7653045771,291.7653045771,306.6473716457,0.0013710480191721,-6.5203268400422e-15,5.0738375702828e-13,-0.0041243180212087,-0.0015250845159441,-0.0014921753232863,4.6948984859444e-07,-0.0015531486693798,-0.0045425483496998,4.327964055537e-22,-0.00570238768569,0.0036537801972739,483.79836777454,483.79836777454,460.48455101808,460.48455101808,483.79836777454,479.4854106223,479.4854106223,479.4854106223,445.60248394948,445.60248394948,445.60248394948,460.48455101808,0.034094232506446,0.061882443627775,0.042245712571068,0.047789611672521,673.34433492168,-0.17421684511343,0.0050987447386754,-0.009020136973774,664.94202003358,0.0037209892206335,-0.17393383476524,0,1.1420582796669e-07,2.9826969332307e-13,0,0,1.7071383908155e-13,2.3440646112842e-13,2.4987875978525e-13,0,5.598991243133e-12,1.0874846408428e-13,0,9.4807318695207e-14,2.9711476792119e-13,6.5019453091693e-12,0,0,7.2702532678616e-12,7.7159993050876e-12,6.692468012276e-12,0,1.1727983502021e-10,5.0837219438989e-12,0,4.4333480780776e-12,8.4389544600158e-12
4.95,1098725505.8975,1098725505.8975,1098725505.8975,520947728.11969,520947728.11969,520947728.11969,1,1,1,399592725.56008,8.2271831809142e-05,0.00014648460341411,5.4757591515179e-05,1.0445339098301,329.65351850083,329.65351850083,306.16982249719,306.16982249719,329.65351850083,325.35504253999,325.35504253999,325.35504253999,291.24014081496,291.24014081496,291.24014081496,306.16982249719,0.0013722301106332,-1.1446509169768e-14,4.5202387438158e-13,-0.0041362510396591,-0.0015221782300775,-0.0014954319843378,4.7152492372555e-07,-0.001553985640212,-0.0045263828595352,1.2391130548826e-21,-0.0056879746297782,0.0036569591726736,483.59621407932,483.59621407932,460.11251807568,460.11251807568,483.59621407932,479.29773811848,479.29773811848,479.29773811848,445.18283639345,445.18283639345,445.18283639345,460.11251807568,0.034270024175982,0.062553804343076,0.042723235999405,0.04826442021049,672.80308891773,-0.1781631983838,0.0053616565860354,-0.0096909292380241,664.29129883594,0.0042155581226097,-0.17613785471866,0,1.2208743291633e-07,3.2523591627599e-13,0,0,1.7742358822644e-13,2.3274809908121e-13,2.743319226653e-13,0,5.5655464515473e-12,1.1096408078248e-13,0,9.7250159491257e-14,3.1380026826829e-13,6.9618983529376e-12,0,0,7.5211681126164e-12,8.0451548234248e-12,7.0804319379012e-12,0,1.2515070629401e-10,5.2406488518778e-12,0,4.5708805725731e-12,8.8827350552771e-12
5,1096229569.6797,1096229569.6797,1096229569.6797,518451791.90189,518451791.90189,518451791.90189,1,1,1,399621650.15883,8.317741161358e-05,0.00014795485245297,5.5300343102523e-05,1.0450356265767,329.35215121351,329.35215121351,305.70378382881,305.70378382881,329.35215121351,325.06745889663,325.06745889663,325.06745889663,290.72816835128,290.72816835128,290.72816835128,305.70378382881,0.0013727866099398,-1.9413041991154e-14,3.9724399156094e-13,-0.0041454422676699,-0.0015188312125718,-0.0014986486582983,4.714038202209e-07,-0.0015551038718676,-0.0045118277838858,3.4081042431966e-21,-0.0056757328064872,0.0036586321250483,483.39449079551,483.39449079551,459.74612341081,459.74612341081,483.39449079551,479.10979847864,479.10979847864,479.10979847864,444.77050793328,444.77050793328,444.77050793328,459.74612341081,0.034505355812909,0.063225060925998,0.043200479044987,0.048738965901743,672.28176579857,-0.18280004946304,0.0066623908664222,-0.010765534945923,663.6642884741,0.0052969980044611,-0.17840021701603,0,1.2993533212777e-07,3.5425271344021e-13,0,0,1.8480193921824e-13,2.3134773768589e-13,3.0224907941267e-13,0,5.5506412096552e-12,1.1319916775355e-13,0,9.9774311064774e-14,3.3090625463658e-13,7.4628873447923e-12,0,0,7.7825175214116e-12,8.3723299316845e-12,7.5078766852214e-12,0,1.3300049837257e-10,5.4007366501642e-12,0,4.7119827564573e-12,9.3507071684583e-12
5.05,1093790273.0169,1093790273.0169,1093790273.0169,516012495.23913,516012495.23913,516012495.23913,1,1,1,399648043.4991,8.4071977141009e-05,0.00014942405771327,5.5841786795955e-05,1.0455371698172,329.05656450505,329.05656450505,305.24909131626,305.24909131626,329.05656450505,324.78520557496,324.78520557496,324.78520557496,290.22848458951,290.22848458951,290.22848458951,305.24909131626,0.0013753003475441,-3.1842952029338e-14,3.4521426189194e-13,-0.0041520462269521,-0.00151637936375,-0.0015015169664472,4.6965124126178e-07,-0.0015559092341079,-0.0044984702836997,9.0393987405816e-21,-0.0056616352880529,0.0036613807865995,483.19291275138,483.19291275138,459.3854395626,459.3854395626,483.19291275138,478.92155382129,478.92155382129,478.92155382129,444.36483283584,444.36483283584,444.36483283584,459.3854395626,0.034694492483859,0.063896191261643,0.043677421063003,0.049213248341376,671.78017130438,-0.18421920849981,0.0072251847416048,-0.0091628691486754,663.06211075449,0.0057536134889045,-0.18206810701821,0,1.3776928607992e-07,3.8524823933783e-13,0,0,1.9291374654625e-13,2.3022015671249e-13,3.3388434727935e-13,0,5.5500025902103e-12,1.1545248737381e-13,0,1.0246374541691e-13,3.4844701857912e-13,8.0077106297442e-12,0,0,8.0553387581455e-12,8.6979103996389e-12,7.9800604574079e-12,0,1.4084938730685e-10,5.5640111236179e-12,0,4.8568883748774e-12,9.8434856679013e-12
5.1,1091402713.3244,1091402713.3244,1091402713.3244,513624935.54658,513624935.54658,513624935.54658,1,1,1,399670719.51516,8.4957295222214e-05,0.00015089245354969,5.6383159851252e-05,1.0460385517062,328.7663093811,328.7663093811,304.80458299197,304.80458299197,328.7663093811,324.50771617844,324.50771617844,324.50771617844,289.74029796719,289.74029796719,289.74029796719,304.80458299197,0.0013761824669807,-5.0736841814816e-14,2.9788229134485e-13,-0.0041541121626494,-0.0015130738838205,-0.0015048326111068,4.6694930441399e-07,-0.001557259747057,-0.0044893492571423,2.3029098320452e-20,-0.0056524041222751,0.0036615136572799,482.991500743,482.991500743,459.02977435387,459.02977435387,482.991500743,478.73290754034,478.73290754034,478.73290754034,443.96548932909,443.96548932909,443.96548932909,459.02977435387,0.034818955113519,0.064567192179058,0.044154066619291,0.049687267474074,671.29678151906,-0.18693431896006,0.0044095675188029,-0.0090816817479663,662.4820307134,0.003912359389922,-0.18541705413358,0,1.4561654095431e-07,4.1848783130174e-13,0,0,2.0179407812413e-13,2.2959427703909e-13,3.6980526288028e-13,0,5.5687069623943e-12,1.1777156243623e-13,0,1.0534184418541e-13,3.6634690089412e-13,8.5995417964592e-12,0,0,8.3407186802353e-12,9.0226057400709e-12,8.5030440756102e-12,0,1.4872472821795e-10,5.7305652644771e-12,0,5.0058642396098e-12,1.0361578423679e-11
5.15,1089060957.5668,1089060957.5668,1089060957.5668,511283179.78905,511283179.78905,511283179.78905,1,1,1,399691556.48393,8.5833285557106e-05,0.00015236003375787,5.6924083998603e-05,1.0465397989342,328.48053595153,328.48053595153,304.36944145953,304.36944145953,328.48053595153,324.23444947451,324.23444947451,324.23444947451,289.26214113683,289.26214113683,289.26214113683,304.36944145953,0.0013770857735491,-7.8767836445329e-14,2.5637509119904e-13,-0.0041571984925984,-0.0015095222200549,-0.0015071921675697,4.631473672287e-07,-0.0015586988213915,-0.0044794040040132,5.6496888092304e-20,-0.0056441323414054,0.0036627826755479,482.78978974717,482.78978974717,458.67869525516,458.67869525516,482.78978974717,478.54370327015,478.54370327015,478.54370327015,443.57139493247,443.57139493247,443.57139493247,458.67869525516,0.035019369773017,0.06523805320624,0.044630412742519,0.050161023764005,670.82847960955,-0.19004186874818,0.0056222233457925,-0.010035769816367,661.92060224494,0.0032579625453859,-0.18869690355588,0,1.5349880056712e-07,4.5416049205514e-13,0,0,2.116007714372e-13,2.2971673268696e-13,4.1091048424354e-13,0,5.6025099097546e-12,1.2013517057477e-13,0,1.0839130321526e-13,3.8472692365225e-13,9.2418217238176e-12,0,0,8.6399673610104e-12,9.3474742589408e-12,9.0841592553487e-12,0,1.5664787371565e-10,5.900462052022e-12,0,5.1591526906602e-12,1.0905664456918e-11
5.2,1086765416.0485,1086765416.0485,1086765416.0485,508987638.27071,508987638.27071,508987638.27071,1,1,1,399709730.19125,8.6699634227652e-05,0.00015382684457476,5.7461983134979e-05,1.0470409157999,328.19930105115,328.19930105115,303.94341767836,303.94341767836,328.19930105115,323.96558734008,323.96558734008,323.96558734008,288.79439459756,288.79439459756,288.79439459756,303.94341767836,0.0013780470877458,-1.1803981163931e-13,2.1942901727869e-13,-0.0041677635075723,-0.0015058228374031,-0.0015092466541086,4.5879408009738e-07,-0.001559558267825,-0.0044661782167774,1.3458209047246e-19,-0.0056331311385207,0.0036637729051909,482.58812645287,482.58812645287,458.33224308008,458.33224308008,482.58812645287,478.3544127418,478.3544127418,478.3544127418,443.18321999928,443.18321999928,443.18321999928,458.33224308008,0.035122665266444,0.065908773425266,0.045106464397478,0.050634516826477,670.37433437175,-0.19454155875972,0.0079164319155574,-0.0093705609965337,661.37760554124,0.0068727358444023,-0.19026202283974,0,1.6144451206169e-07,4.9253116456173e-13,0,0,2.2239865320283e-13,2.3058686482158e-13,4.5758126936683e-13,0,5.6560456087065e-12,1.2260328548826e-13,0,1.1172109335103e-13,4.0261760822936e-13,9.9383659766322e-12,0,0,8.9544865526233e-12,9.6735733304766e-12,9.7312768923751e-12,0,1.6464673012489e-10,6.073849281151e-12,0,5.3171501760803e-12,1.1475051738926e-11
5.25,1084518129.7368,1084518129.7368,1084518129.7368,506740351.95906,506740351.95906,506740351.95906,1,1,1,399726476.84017,8.7557344974871e-05,0.00015529292942364,5.8001048340386e-05,1.0475418789124,327.92293220206,327.92293220206,303.52696023762,303.52696023762,327.92293220206,323.70142786055,323.70142786055,323.70142786055,288.3374404803,288.3374404803,288.3374404803,303.52696023762,0.0013792915006216,-1.7399913021898e-13,1.8592598943566e-13,-0.0041678122288219,-0.0015021725770826,-0.0015113133942556,4.5384563721285e-07,-0.001560749300066,-0.0044582060316459,3.1225835776454e-19,-0.0056266293183683,0.0036636491175986,482.38687047873,482.38687047873,457.99089851429,457.99089851429,482.38687047873,478.16536613722,478.16536613722,478.16536613722,442.80137875697,442.80137875697,442.80137875697,457.99089851429,0.035296715376674,0.066579330285542,0.045582206335567,0.051107746516243,669.93741415216,-0.19653604445332,0.010596263154782,-0.010328347451155,660.85611373313,0.0066035565023249,-0.1938062648057,0,1.694798457379e-07,5.3309206103532e-13,0,0,2.3424537873225e-13,2.3219474145906e-13,5.1067000142955e-13,0,5.7278083613106e-12,1.2517751793708e-13,0,1.1533358291707e-13,4.2109228833634e-13,1.0692271999342e-11,0,0,9.2857595441497e-12,1.000194628296e-11,1.0453473334294e-11,0,1.7274707439213e-10,6.2508770247218e-12,0,5.4802564932387e-12,1.2070566164102e-11
5.3,1082317363.7876,1082317363.7876,1082317363.7876,504539586.00981,504539586.00981,504539586.00981,1,1,1,399740831.33793,8.8407793991143e-05,0.00015675843691176,5.8540478461091e-05,1.0480427014083,327.65151720864,327.65151720864,303.1200917693,303.1200917693,327.65151720864,323.44190438534,323.44190438534,323.44190438534,287.89018912682,287.89018912682,287.89018912682,303.1200917693,0.0013801378487226,-2.4877078291018e-13,1.555235199225e-13,-0.0041659203235035,-0.0014989663576607,-0.0015140049418026,4.4906046289619e-07,-0.001562162994213,-0.0044529741091923,7.0640376077141e-19,-0.005621015486367,0.0036615296923169,482.18638925308,482.18638925308,457.65496381375,457.65496381375,482.18638925308,477.97677642979,477.97677642979,477.97677642979,442.42506117127,442.42506117127,442.42506117127,457.65496381375,0.035344533017432,0.067249718358867,0.046057640890698,0.051580713512163,669.51650837065,-0.1996918761995,0.0058297583508845,-0.010285733830525,660.35434938505,0.0049310438556894,-0.19685830064846,0,1.7763743877537e-07,5.7684079228667e-13,0,0,2.4715493315181e-13,2.3464440705719e-13,5.7006889069749e-13,0,5.8222766962204e-12,1.2792150750215e-13,0,1.1936668099398e-13,4.3904518400612e-13,1.1508048071124e-11,0,0,9.6352894026204e-12,1.0333783585755e-11,1.1259672491005e-11,0,1.8098101705981e-10,6.4317853555505e-12,0,5.6490664723959e-12,1.2691469817818e-11
5.35,1080158810.7581,1080158810.7581,1080158810.7581,502381032.98031,502381032.98031,502381032.98031,1,1,1,399754172.47252,8.924985094403e-05,0.00015822335889428,5.9080286353681e-05,1.0485433875774,327.38417031651,327.38417031651,302.72182200742,302.72182200742,327.38417031651,323.18666757553,323.18666757553,323.18666757553,287.45228735351,287.45228735351,287.45228735351,302.72182200742,0.0013815498392883,-3.4770446505165e-13,1.2678235042444e-13,-0.0041647292217676,-0.0014959205621889,-0.0015158644423195,4.4403917704268e-07,-0.0015632834178669,-0.004446375953815,1.5867235373636e-18,-0.0056150626442383,0.0036609648800591,481.98602148785,481.98602148785,457.32367317876,457.32367317876,481.98602148785,477.78851874687,477.78851874687,477.78851874687,442.05413852485,442.05413852485,442.05413852485,457.32367317876,0.035562931234886,0.067919917372526,0.046532757065674,0.0520534179878,669.11101824414,-0.20191283009259,0.0031656298481165,-0.0097028383287665,659.87237151519,0.0030677263602443,-0.1998310617318,0,1.859468295336e-07,6.2347080869452e-13,0,0,2.6147977570882e-13,2.3805372027842e-13,6.3715766445413e-13,0,5.9370885772561e-12,1.3084435464068e-13,0,1.2380836251844e-13,4.5669111365153e-13,1.2389768944523e-11,0,0,1.0005077647714e-11,1.0670442385546e-11,1.2160749501446e-11,0,1.8937732824678e-10,6.6168272164433e-12,0,5.8241579378047e-12,1.333732858456e-11
5.4,1078042566.4178,1078042566.4178,1078042566.4178,500264788.64005,500264788.64005,500264788.64005,1,1,1,399766590.77664,9.0084931865245e-05,0.00015968783361321,5.9619817441519e-05,1.0490439380808,327.1207087277,327.1207087277,302.33281093321,302.33281093321,327.1207087277,322.93540227167,322.93540227167,322.93540227167,287.02364109835,287.02364109835,287.02364109835,302.33281093321,0.0013820626091779,-4.7208744237623e-13,9.7977159827967e-14,-0.004164525357446,-0.0014918731834055,-0.0015172892579461,4.3955692048964e-07,-0.0015646929650525,-0.0044395404383551,3.5431754708335e-18,-0.0056110215925107,0.00365974643656,481.7857461682,481.7857461682,456.99784837371,456.99784837371,481.7857461682,477.60043971217,477.60043971217,477.60043971217,441.68867853885,441.68867853885,441.68867853885,456.99784837371,0.035691308728051,0.068589926339949,0.04700756213749,0.052525860551131,668.72124154895,-0.20521475079566,0.0044731935997757,-0.0097485924718778,659.40914090757,0.0046020498599856,-0.20269326029669,0,1.9444589392761e-07,6.7326525531021e-13,0,0,2.7730557630816e-13,2.4237083534471e-13,7.1318026040292e-13,0,6.0781295876466e-12,1.3402407326176e-13,0,1.2864445273991e-13,4.7316282499005e-13,1.3341909799657e-11,0,0,1.0397246954651e-11,1.1013206508014e-11,1.3169338698125e-11,0,1.9797310154349e-10,6.8063658785346e-12,0,6.0060886675935e-12,1.4006481868871e-11
5.45,1075965125.2743,1075965125.2743,1075965125.2743,498187347.49653,498187347.49653,498187347.49653,1,1,1,399778178.92841,9.0911946016021e-05,0.00016115169877119,6.0158731802693e-05,1.0495443665591,326.8611183063,326.8611183063,301.95210857146,301.95210857146,326.8611183063,322.68798077451,322.68798077451,322.68798077451,286.60329187509,286.60329187509,286.60329187509,301.95210857146,0.0013836108443306,-6.2779882765297e-13,6.8161776913394e-14,-0.0041679851104021,-0.0014879840110837,-0.0015171506955543,4.3624123586841e-07,-0.0015657253546956,-0.00442993911185,7.9379180978446e-18,-0.0056058029798223,0.0036601727910164,481.58587996221,481.58587996221,456.67687022737,456.67687022737,481.58587996221,477.41274243042,477.41274243042,477.41274243042,441.328053531,441.328053531,441.328053531,456.67687022737,0.035754456037016,0.069259733143527,0.047482050404626,0.052998040758142,668.34547415795,-0.20674355476979,0.012884461857387,-0.0090047178092155,658.96418434907,0.0095107349531308,-0.20473309163627,0,2.031593829593e-07,7.2595075617241e-13,0,0,2.9478906983444e-13,2.4772473595644e-13,7.9889435971516e-13,0,6.2358939774331e-12,1.3747381650489e-13,0,1.3394562543003e-13,4.8881677199052e-13,1.4368559204651e-11,0,0,1.081414165525e-11,1.1363542189339e-11,1.4299145936537e-11,0,2.0679198737989e-10,7.000783214307e-12,0,6.1955163876972e-12,1.4697773177336e-11
5.5,1073929367.8685,1073929367.8685,1073929367.8685,496151590.0907,496151590.0907,496151590.0907,1,1,1,399789012.82048,9.1733822093301e-05,0.0001626152834429,6.0700193606288e-05,1.0500446574563,326.60559815552,326.60559815552,301.57975967344,301.57975967344,326.60559815552,322.44483412936,322.44483412936,322.44483412936,286.19247586445,286.19247586445,286.19247586445,301.57975967344,0.0013842868576407,-8.1393412431631e-13,3.6205988564341e-14,-0.0041569416121779,-0.0014849279420709,-0.0015188675707203,4.3707348702888e-07,-0.0015672969674868,-0.0044294790101739,1.7850998883843e-17,-0.0056068457063764,0.0036564964950944,481.38667891438,481.38667891438,456.36084043231,456.36084043231,481.38667891438,477.22591488822,477.22591488822,477.22591488822,440.97355662331,440.97355662331,440.97355662331,456.36084043231,0.035610956552992,0.069929326160799,0.047956212491044,0.053469960414991,667.98555355969,-0.2090837026235,0.0089105665663658,-0.0093712977791544,658.53788326449,0.0046784099002208,-0.20834061398186,0,2.1211870225662e-07,7.8200294745622e-13,0,0,3.1376064681222e-13,2.5407064648749e-13,8.9387781014783e-13,0,6.4155395650589e-12,1.4132800178098e-13,0,1.4001259234019e-13,5.0341524889539e-13,1.547447837876e-11,0,0,1.1257866217311e-11,1.1722852343403e-11,1.5563280058753e-11,0,2.1586493044274e-10,7.2006511911688e-12,0,6.3935240946877e-12,1.5409709849829e-11
5.55,1071932116.7302,1071932116.7302,1071932116.7302,494154338.95244,494154338.95244,494154338.95244,1,1,1,399799171.83225,9.2549775679027e-05,0.000164078604141,6.1241543526495e-05,1.050544829091,326.3538405611,326.3538405611,301.21569851099,301.21569851099,326.3538405611,322.20576093421,322.20576093421,322.20576093421,285.78982130497,285.78982130497,285.78982130497,301.21569851099,0.0013846134130821,-1.0250440008124e-12,3.9616803094356e-16,-0.0041530467133104,-0.0014816431711718,-0.001520033712759,4.4351535506243e-07,-0.0015687862710934,-0.004426609463022,4.0494822118222e-17,-0.005604938907442,0.0036530828672714,481.18804828942,481.18804828942,456.04990623932,456.04990623932,481.18804828942,477.03996866253,477.03996866253,477.03996866253,440.62402903329,440.62402903329,440.62402903329,456.04990623932,0.035752113926871,0.070598696179533,0.04843004187924,0.053941619164583,667.63920696206,-0.21297616160402,0.0046234911878205,-0.0094057621679041,658.12843849119,0.004417521212337,-0.21129559977685,0,2.2132580092923e-07,8.4207103646353e-13,0,0,3.3453152901885e-13,2.6148552320421e-13,9.9919206903233e-13,0,6.5957370085488e-12,1.4556022656584e-13,0,1.4690185997099e-13,5.1609642656472e-13,1.6665346659008e-11,0,0,1.1730965242691e-11,1.2092648716682e-11,1.6976351034194e-11,0,2.2519271117408e-10,7.4065044377203e-12,0,6.6012746973965e-12,1.6139580415769e-11
5.6,1069970830.073,1069970830.073,1069970830.073,492193052.29526,492193052.29526,492193052.29526,1,1,1,399808686.93783,9.3359991991726e-05,0.00016554165710555,6.1783934532219e-05,1.0510448878568,326.1057321039,326.1057321039,300.85961115885,300.85961115885,326.1057321039,321.97020081703,321.97020081703,321.97020081703,285.39474612007,285.39474612007,285.39474612007,300.85961115885,0.0013849055587765,-1.2647090206765e-12,-4.3008238281187e-14,-0.0041470927375967,-0.0014783097788425,-0.0015208393641844,4.5815819468884e-07,-0.0015705641074835,-0.0044237720337344,9.1987724335423e-17,-0.0056056532171706,0.0036494457304915,480.9900844701,480.9900844701,455.74396352504,455.74396352504,480.9900844701,476.85455318322,476.85455318322,476.85455318322,440.27909848626,440.27909848626,440.27909848626,455.74396352504,0.035924513637908,0.071267832983616,0.048903535400485,0.054413018049294,667.30544224628,-0.21652720863442,0.0033783001637298,-0.0095983836447081,657.73523657791,0.0041136331564731,-0.2142041804395,0,2.307570896367e-07,9.056421073509e-13,0,0,3.5717374359587e-13,2.6959524222055e-13,1.1161562973955e-12,0,6.7589269577819e-12,1.501980071747e-13,0,1.5461483717885e-13,5.2762489803282e-13,1.794611800988e-11,0,0,1.2236085195008e-11,1.2473913964582e-11,1.8554834407699e-11,0,2.3475127734486e-10,7.6189164965082e-12,0,6.819933097079e-12,1.6885754702413e-11
5.65,1068044779.7968,1068044779.7968,1068044779.7968,490267002.01899,490267002.01899,490267002.01899,1,1,1,399817624.11542,9.4164954116796e-05,0.00016700445459326,6.232762198072e-05,1.0515448295887,325.86115672349,325.86115672349,300.51111437579,300.51111437579,325.86115672349,321.73832858404,321.73832858404,321.73832858404,285.00717326379,285.00717326379,285.00717326379,300.51111437579,0.00138548269525,-1.5301169576524e-12,-9.7899197442198e-14,-0.0041395449046,-0.0014752059352647,-0.0015210008739394,4.8257301088288e-07,-0.0015723291104591,-0.0044210909662536,2.0892947066672e-16,-0.0056076052292306,0.0036458877126847,480.79283572818,480.79283572818,455.44279338048,455.44279338048,480.79283572818,476.67000758874,476.67000758874,476.67000758874,439.93885226848,439.93885226848,439.93885226848,455.44279338048,0.035934765848572,0.071936719809486,0.049376679068884,0.054884157712242,666.98492349639,-0.21919864707298,0.0040802527421546,-0.0096049676186302,657.35911581475,0.0036694597193824,-0.21700941979919,0,2.4034836147801e-07,9.7253827524671e-13,0,0,3.8184242974987e-13,2.7791795783024e-13,1.244877125882e-12,0,6.8769049360032e-12,1.5531661262615e-13,0,1.6333063299658e-13,5.3796988368014e-13,1.9321494828661e-11,0,0,1.2776091937849e-11,1.2866949309772e-11,2.0315356522609e-11,0,2.4447668957251e-10,7.8385673565459e-12,0,7.0509174934137e-12,1.7646559008062e-11
5.7,1066153351.7791,1066153351.7791,1066153351.7791,488375574.00133,488375574.00133,488375574.00133,1,1,1,399826032.9841,9.4965005286249e-05,0.0001684670508608,6.2872588277144e-05,1.0520446605863,325.61993535859,325.61993535859,300.17010231308,300.17010231308,325.61993535859,321.51004864579,321.51004864579,321.51004864579,284.62716238537,284.62716238537,284.62716238537,300.17010231308,0.001386030956215,-1.8168905046324e-12,-1.7125483548042e-13,-0.0041314048840949,-0.00147223574094,-0.001521249249734,5.1412909373491e-07,-0.0015743302911399,-0.0044193464849665,4.7213733956604e-16,-0.0056095871782992,0.0036417913013923,480.59627386341,480.59627386341,455.1464408179,455.1464408179,480.59627386341,476.48638715061,476.48638715061,476.48638715061,439.60350089019,439.60350089019,439.60350089019,455.1464408179,0.035857322713454,0.0726053526977,0.049849471065671,0.055355038311499,666.67646065569,-0.22141466303268,0.0031864115997765,-0.009160133770901,656.99908775335,0.0030954831062854,-0.2196630363168,0,2.5000129382986e-07,1.0432437652032e-12,0,0,4.0863506541075e-13,2.8612849585838e-13,1.3861607829397e-12,0,6.925765932044e-12,1.609125094321e-13,0,1.7322615226141e-13,5.4712518411589e-13,2.0796864310272e-11,0,0,1.3353989189414e-11,1.3271596109197e-11,2.2275683901472e-11,0,2.5427120168343e-10,8.0661320097403e-12,0,7.2958962672995e-12,1.8420310863754e-11
5.75,1064290881.1591,1064290881.1591,1064290881.1591,486513103.38133,486513103.38133,486513103.38133,1,1,1,399833955.48804,9.5760309767742e-05,0.00016992948741799,6.3418568304556e-05,1.0525443990146,325.38157085522,325.38157085522,299.83552868175,299.83552868175,325.38157085522,321.28473524094,321.28473524094,321.28473524094,284.25332967562,284.25332967562,284.25332967562,299.83552868175,0.0013864515677454,-2.1188610124581e-12,-2.740716405359e-13,-0.0041242112218223,-0.0014690287796999,-0.0015211156273744,5.4747626813359e-07,-0.0015764526998503,-0.004417238362513,1.059052371757e-15,-0.0056122560927874,0.0036378380215497,480.40014640579,480.40014640579,454.85410423232,454.85410423232,480.40014640579,476.30331079151,476.30331079151,476.30331079151,439.27190522618,439.27190522618,439.27190522618,454.85410423232,0.035819771129973,0.07327372825388,0.050321914334871,0.055825660482934,666.37794890014,-0.22395556467664,0.0044282825899084,-0.0089277353029458,656.65230706167,0.0037898215726425,-0.22235822317547,0,2.5961275190033e-07,1.1176342249094e-12,0,0,4.3762222196811e-13,2.9378613086332e-13,1.5405482725161e-12,0,6.9025480701602e-12,1.6709852284307e-13,0,1.8445986305106e-13,5.550536309644e-13,2.2377437788912e-11,0,0,1.3972880470918e-11,1.3687072439901e-11,2.4454348161955e-11,0,2.6403287877918e-10,8.3024450069975e-12,0,7.5567619073398e-12,1.9205275236509e-11
5.8,1062459309.0316,1062459309.0316,1062459309.0316,484681531.25379,484681531.25379,484681531.25379,1,1,1,399841426.91244,9.6551158760087e-05,0.00017139181397226,6.3965874059107e-05,1.0530440233575,325.14636153518,325.14636153518,299.50761089852,299.50761089852,325.14636153518,321.06255678985,321.06255678985,321.06255678985,283.88625793912,283.88625793912,283.88625793912,299.50761089852,0.0013859335024346,-2.4396223611525e-12,-4.2345811288567e-13,-0.0041158480092495,-0.0014657432946613,-0.0015211701421699,5.7797248068599e-07,-0.0015791964010736,-0.004416029989273,2.3495063851629e-15,-0.0056165118843385,0.0036316560502933,480.20483795138,480.20483795138,454.56608731472,454.56608731472,480.20483795138,476.12103320605,476.12103320605,476.12103320605,438.94473435531,438.94473435531,438.94473435531,454.56608731472,0.035742096691733,0.073941820873638,0.050793991319481,0.056296025600231,666.0923421548,-0.22852813126122,0.0059714996555672,-0.0075082978255144,656.32131015183,0.0056946148755346,-0.22397268455313,0,2.6909943118893e-07,1.1959658647089e-12,0,0,4.6875919582545e-13,3.0066511907389e-13,1.7086582853552e-12,0,6.8214001229478e-12,1.7393023512153e-13,0,1.9720622576231e-13,5.6200993212679e-13,2.4068788934918e-11,0,0,1.4635806083141e-11,1.4112277129028e-11,2.6870755882565e-11,0,2.7367979534742e-10,8.5484195044131e-12,0,7.8356536263973e-12,2.0000077304711e-11
5.85,1060658038.5442,1060658038.5442,1060658038.5442,482880260.76641,482880260.76641,482880260.76641,1,1,1,399848479.94132,9.7338715121707e-05,0.00017285410887394,6.4514643563533e-05,1.053543573636,324.91410043296,324.91410043296,299.18643928449,299.18643928449,324.91410043296,320.84340940742,320.84340940742,320.84340940742,283.52595037845,283.52595037845,283.52595037845,299.18643928449,0.0013869897203838,-2.7621807674235e-12,-6.406811246824e-13,-0.0041058288776495,-0.0014626233929306,-0.0015206707077285,6.0197025549982e-07,-0.0015812519116231,-0.0044160878124689,5.1471669497786e-15,-0.005620401242163,0.0036276655420894,480.01022611886,480.01022611886,454.28256497039,454.28256497039,480.01022611886,475.93953509332,475.93953509332,475.93953509332,438.62207606435,438.62207606435,438.62207606435,454.28256497039,0.035653297176852,0.074609656492523,0.051265727098042,0.056766132986082,665.81404907702,-0.22965215536449,0.0052867638348574,-0.0087752241730022,656.00160518367,0.0047136135558872,-0.2279813010815,0,2.7839188634446e-07,1.2780868940721e-12,0,0,5.0221449768554e-13,3.0656536641044e-13,1.8896092517868e-12,0,6.6920887338593e-12,1.8148853336194e-13,0,2.1182262286032e-13,5.6774745761646e-13,2.5876276754406e-11,0,0,1.5346044636988e-11,1.4545826027959e-11,2.9543066914028e-11,0,2.8314383799545e-10,8.8050830497087e-12,0,8.1352160524638e-12,2.0802993459275e-11
5.9,1058884599.9924,1058884599.9924,1058884599.9924,481106822.21461,481106822.21461,481106822.21461,1,1,1,399855156.75852,9.8122612872048e-05,0.00017431637855388,6.5064926866761e-05,1.054043021711,324.68452540695,324.68452540695,298.87126089722,298.87126089722,324.68452540695,320.62726013235,320.62726013235,320.62726013235,283.1718812321,283.1718812321,283.1718812321,298.87126089722,0.0013870819001706,-3.0847047298824e-12,-9.5972556721696e-13,-0.0040952718995263,-0.0014593844928432,-0.0015203481485353,6.1936070301246e-07,-0.0015838361161401,-0.0044159927983937,1.1080042798766e-14,-0.0056255273343371,0.0036220562748843,479.8161864544,479.8161864544,454.00292194467,454.00292194467,479.8161864544,475.7589211798,475.7589211798,475.7589211798,438.30354227955,438.30354227955,438.30354227955,454.00292194467,0.035588805702503,0.075277198925864,0.051737096142779,0.057235984401191,665.54730421707,-0.23226943175904,0.0056487895938293,-0.0087346293584645,655.69645951165,0.0045363715556903,-0.23089503783074,0,2.8745647749927e-07,1.3645323278215e-12,0,0,5.3778122965852e-13,3.1172542651199e-13,2.0844657634655e-12,0,6.5397776687701e-12,1.8986949467493e-13,0,2.2842835844509e-13,5.7270029130091e-13,2.7806016878708e-11,0,0,1.6106582145561e-11,1.4986672353869e-11,3.2490946667023e-11,0,2.9239248026953e-10,9.0735990641589e-12,0,8.4582625350074e-12,2.1612913978407e-11
5.95,1057139709.6705,1057139709.6705,1057139709.6705,479361931.89271,479361931.89271,479361931.89271,1,1,1,399861155.53389,9.8903122842719e-05,0.00017577866273794,6.5616554872306e-05,1.0545423786446,324.45768310966,324.45768310966,298.56223791338,298.56223791338,324.45768310966,320.41416633684,320.41416633684,320.41416633684,282.82418780502,282.82418780502,282.82418780502,298.56223791338,0.0013871686750007,-3.4089043150332e-12,-1.4287343682162e-12,-0.0040851478717351,-0.0014562624318307,-0.0015196409427958,6.3013889553304e-07,-0.0015865403667877,-0.0044159530571746,2.3397855956593e-14,-0.0056309285252827,0.0036163153547255,479.62292412445,479.62292412445,453.72747892817,453.72747892817,479.62292412445,475.57940735162,475.57940735162,475.57940735162,437.98942881981,437.98942881981,437.98942881981,453.72747892817,0.035490177811217,0.075944447543169,0.052208101843871,0.057705580237976,665.29094033959,-0.23565946159656,0.0061015807739741,-0.0089012113911926,655.40424824419,0.0048840627014616,-0.23361091870464,0,2.9627305084327e-07,1.4556230693591e-12,0,0,5.7538470463194e-13,3.1619946391334e-13,2.2928846270485e-12,1.6412812722689e-57,6.3738004748238e-12,1.9922128316169e-13,0,2.473393656193e-13,5.7686270228296e-13,2.9864578765099e-11,0,0,1.6920298998434e-11,1.543384592415e-11,3.5733575203552e-11,2.3211222349117e-57,3.0140639534489e-10,9.3553405047195e-12,0,8.808053220375e-12,2.2428721035603e-11
6,1055421144.2672,1055421144.2672,1055421144.2672,477643366.48938,477643366.48938,477643366.48938,1,1,1,399866850.1473,9.9680720993499e-05,0.00017724095320836,6.6169904763173e-05,1.0550416438111,324.23332065914,324.23332065914,298.259175216,298.259175216,324.23332065914,320.20380117831,320.20380117831,320.20380117831,282.48228988702,282.48228988702,282.48228988702,298.259175216,0.0013872459801617,-3.7153910672546e-12,-2.1131098329868e-12,-0.0040732186789305,-0.001453171771508,-0.0015189968143158,6.3569094334991e-07,-0.0015895872126429,-0.0044166885848228,4.8387592288102e-14,-0.0056369977103233,0.0036104347617865,479.43034778287,479.43034778287,453.45620233972,453.45620233972,479.43034778287,475.40082830203,475.40082830203,475.40082830203,437.67931701074,437.67931701074,437.67931701074,453.45620233972,0.035386565234587,0.076611391822607,0.052678739495851,0.058174921286635,665.04486685586,-0.23827919231415,0.0058978996879898,-0.0089503145468504,655.12553858193,0.0048713468503114,-0.23638350927121,0,3.0483462219945e-07,1.5514288996094e-12,0,0,6.1485171818433e-13,3.2011692016224e-13,2.5142562877686e-12,3.6089218975323e-49,6.2033152006841e-12,2.0970397434731e-13,0,2.6875923239837e-13,5.8015241167056e-13,3.2058630555984e-11,0,0,1.7789830637138e-11,1.5886559614189e-11,3.9289270544996e-11,5.1037863162466e-49,3.1017920783337e-10,9.6519067093251e-12,0,9.1881361718458e-12,2.3249180444431e-11
6.05,1053727931.6294,1053727931.6294,1053727931.6294,475950153.85166,475950153.85166,475950153.85166,1,1,1,399872264.8486,0.0001004552817561,0.0001787032452789,6.6724430569991e-05,1.0555408204035,324.01131228564,324.01131228564,297.96186410979,297.96186410979,324.01131228564,319.99586878723,319.99586878723,319.99586878723,282.14626044718,282.14626044718,282.14626044718,297.96186410979,0.0013872323781749,-3.9969768301255e-12,-3.1046398442275e-12,-0.0040618630950203,-0.00145016176824,-0.0015186339243943,6.3686514743743e-07,-0.0015930516498762,-0.0044178037216018,9.7841815359049e-14,-0.0056421762335838,0.0036038904163564,479.23839457813,479.23839457813,453.18894640228,453.18894640228,479.23839457813,475.22295107972,475.22295107972,475.22295107972,437.37334273968,437.37334273968,437.37334273968,453.18894640228,0.035214200761295,0.077278019216023,0.053149001317308,0.058644008723446,664.80885269161,-0.24084035010448,0.0045108608582383,-0.0080937111701681,654.85956482705,0.0058246495902612,-0.23916602138762,0,3.1314333166979e-07,1.6524560144808e-12,0,2.023270846079e-58,6.5632469623175e-13,3.2361358069894e-13,2.7461948840731e-12,5.1149744196387e-45,6.0346038776605e-12,2.2153079613667e-13,0,2.930056263048e-13,5.823958677294e-13,3.4395556262888e-11,0,2.8613370708789e-58,1.871801392387e-11,1.6344218328981e-11,4.3172976594972e-11,7.2341765740762e-45,3.1871342648071e-10,9.9651985657048e-12,0,9.6025087024176e-12,2.4072812579244e-11
6.1,1052059227.4388,1052059227.4388,1052059227.4388,474281449.661,474281449.661,474281449.661,1,1,1,399877415.69504,0.00010122738122726,0.00018016559668499,6.7281346528874e-05,1.0560399240633,323.79166177864,323.79166177864,297.66997351521,297.66997351521,323.79166177864,319.79036337586,319.79036337586,319.79036337586,281.81596199893,281.81596199893,281.81596199893,297.66997351521,0.0013874649454782,-4.2626861466232e-12,-4.5188280990294e-12,-0.0040480609936187,-0.0014478961185747,-0.0015174026164562,6.3374788091079e-07,-0.0015961076718527,-0.0044186815881481,1.9322309846445e-13,-0.0056493957393306,0.0035989924030583,479.04714681504,479.04714681504,452.92545855161,452.92545855161,479.04714681504,475.04584841226,475.04584841226,475.04584841226,437.07144703533,437.07144703533,437.07144703533,452.92545855161,0.035113444328886,0.077944339697483,0.053618898876632,0.059112841933777,664.58105180966,-0.24320438340069,0.0037783310349996,-0.0084894710071387,654.60452970677,0.003145205345572,-0.2418869751605,0,3.2120102119132e-07,1.7568916295571e-12,0,1.7432950124681e-49,6.9921906049944e-13,3.2646081397084e-13,2.9896152853199e-12,3.0322590998357e-42,5.8676913801507e-12,2.3493040788306e-13,0,3.2019200917851e-13,5.8452838221113e-13,3.6880176233027e-11,0,2.4653914527111e-49,1.9706859002298e-11,1.6805903639682e-11,4.7400931077749e-11,4.295496120191e-42,3.2701159521034e-10,1.0297440334747e-11,0,1.0055328584361e-11,2.4899460544959e-11
6.15,1050415690.5369,1050415690.5369,1050415690.5369,472637912.7591,472637912.7591,472637912.7591,1,1,1,399882320.71205,0.00010199677323053,0.00018162791216852,6.7839283561819e-05,1.0565389451666,323.57428447423,323.57428447423,297.38342117919,297.38342117919,323.57428447423,319.58751265901,319.58751265901,319.58751265901,281.49167847135,281.49167847135,281.49167847135,297.38342117919,0.001387213162275,-4.482929486526e-12,-6.5223222291286e-12,-0.0040375302664165,-0.001445055773919,-0.0015161744588041,6.2617768798762e-07,-0.0015997945903901,-0.0044183388761068,3.724640049317e-13,-0.0056552919640302,0.003593282119829,478.85661244479,478.85661244479,452.66574914975,452.66574914975,478.85661244479,474.86984062957,474.86984062957,474.86984062957,436.77400644191,436.77400644191,436.77400644191,452.66574914975,0.034939350121074,0.078610335323537,0.054088421550918,0.059581422256687,664.36286924776,-0.24610990755214,0.0054332443369156,-0.0084206060270973,654.36115044185,0.0047056803513041,-0.24458872074625,0,3.2901692196598e-07,1.8663680122411e-12,0,3.3174026382704e-45,7.434776751661e-13,3.2902343898943e-13,3.2394503949132e-12,3.6289076981903e-40,5.7072991190755e-12,2.5018031706248e-13,0,3.5063782715891e-13,5.854106876425e-13,3.9519619188318e-11,0,4.6917623420396e-45,2.0758295213839e-11,1.727121304944e-11,5.1982205760871e-11,5.1750054445827e-40,3.3508293502905e-10,1.0651248732175e-11,0,1.0551205355011e-11,2.5727356278981e-11
6.2,1048794763.5199,1048794763.5199,1048794763.5199,471016985.74208,471016985.74208,471016985.74208,1,1,1,399886997.62634,0.00010276415494473,0.00018309044623537,6.8398989652387e-05,1.0570378908341,323.35891495214,323.35891495214,297.10166907262,297.10166907262,323.35891495214,319.38720042636,319.38720042636,319.38720042636,281.17274115651,281.17274115651,281.17274115651,297.10166907262,0.0013872217218268,-4.652880285294e-12,-9.3552719090058e-12,-0.0040237878180221,-0.0014429550596818,-0.0015149123950167,6.1471832026218e-07,-0.0016031666471837,-0.0044198683323106,7.0081888947009e-13,-0.0056625382213475,0.0035871647546928,478.66662801184,478.66662801184,452.40938213232,452.40938213232,478.66662801184,474.69491348606,474.69491348606,474.69491348606,436.48045421621,436.48045421621,436.48045421621,452.40938213232,0.034757236936852,0.079275998067371,0.054557567271558,0.060049750868002,664.15335384903,-0.24863282205685,0.0044642318421007,-0.008295311517903,654.12895203134,0.0038141071723786,-0.24725530168072,0,3.3660246485518e-07,1.9810619460662e-12,0,2.1546007993255e-42,7.8879639117481e-13,3.3112448994099e-13,3.4888881995495e-12,1.6170482404419e-38,5.5551735233834e-12,2.6747110146591e-13,0,3.8457802383576e-13,5.8565739326991e-13,4.2321263860346e-11,0,3.0517574342481e-42,2.187382176819e-11,1.7739493793948e-11,5.6916238770277e-11,2.3386016070903e-38,3.4293913676716e-10,1.1029509991411e-11,0,1.109508081211e-11,2.6555600907448e-11
6.25,1047195586.1361,1047195586.1361,1047195586.1361,469417808.35829,469417808.35829,469417808.35829,1,1,1,399891067.86333,0.00010352952853916,0.00018455302140173,6.8960284074447e-05,1.057536765698,323.145707426,323.145707426,296.8248198972,296.8248198972,323.145707426,319.1891953725,319.1891953725,319.1891953725,280.85860111965,280.85860111965,280.85860111965,296.8248198972,0.0013869510004991,-4.7605092695979e-12,-1.330397592771e-11,-0.0040106695607581,-0.0014406636717047,-0.0015133593025412,5.9783257283066e-07,-0.0016068981198123,-0.0044206138902033,1.2856132378916e-12,-0.0056704818839857,0.0035810610101489,478.47745600849,478.47745600849,452.15656847969,452.15656847969,478.47745600849,474.52094395499,474.52094395499,474.52094395499,436.19034970214,436.19034970214,436.19034970214,452.15656847969,0.034622639952554,0.079941319456566,0.055026333447141,0.060517828877595,663.95185515501,-0.25177939485506,0.0057651194636842,-0.0086310559209383,653.90664240258,0.0042545509008264,-0.24992746592139,0,3.4396769889018e-07,2.1002818297113e-12,1.2755194101974e-62,2.6789747901554e-40,8.345949324279e-13,3.3280698913468e-13,3.732409003886e-12,3.7665457971277e-37,5.4100167212315e-12,2.8709321343534e-13,0,4.2208246843242e-13,5.8521583438468e-13,4.5291510908729e-11,1.8038568489713e-62,3.8191600558359e-40,2.3054117240717e-11,1.8210153951635e-11,6.2194662203896e-11,5.5605603103064e-37,3.5059005578699e-10,1.1435521107517e-11,0,1.1691995563407e-11,2.738322107735e-11
6.3,1045615900.6867,1045615900.6867,1045615900.6867,467838122.90893,467838122.90893,467838122.90893,1,1,1,399895692.12076,0.00010429289885976,0.00018601566740303,6.9522847254222e-05,1.0580355739841,322.93403176575,322.93403176575,296.55234302642,296.55234302642,322.93403176575,318.99329612292,318.99329612292,318.99329612292,280.54917658474,280.54917658474,280.54917658474,296.55234302642,0.0013874782769632,-4.7859424636861e-12,-1.8767769912763e-11,-0.0039967516457923,-0.0014392740203227,-0.0015117369355191,5.7599723981331e-07,-0.0016103153867329,-0.0044219025283925,2.303549105642e-12,-0.0056770405139584,0.0035754380497169,478.28851589774,478.28851589774,451.90682715841,451.90682715841,478.28851589774,474.34778025491,474.34778025491,474.34778025491,435.90366071673,435.90366071673,435.90366071673,451.90682715841,0.034450834021104,0.080606285048751,0.055494712471494,0.060985656709681,663.75781473496,-0.25345975113636,0.0044116124663296,-0.007725483822268,653.69426082961,0.0036075087856248,-0.25369962871439,0,3.5111799849789e-07,2.2242682682243e-12,1.0918449325734e-49,1.2506725539314e-38,8.8088927098168e-13,3.3417327894494e-13,3.9576793391438e-12,5.5630997830382e-36,5.2686513085136e-12,3.0904200356088e-13,0,4.6353921894022e-13,5.841769561797e-13,4.8437101260008e-11,1.5441019116539e-49,1.806909688416e-38,2.4299882794688e-11,1.8682746334902e-11,6.7791666000837e-11,8.423467193038e-36,3.580410539229e-10,1.1872572500296e-11,0,1.2347539013524e-11,2.8209372051605e-11
6.35,1044055476.2079,1044055476.2079,1044055476.2079,466277698.43007,466277698.43007,466277698.43007,1,1,1,399901342.46137,0.00010505476398182,0.00018747845035367,7.0086782533079e-05,1.058534326324,322.72413682994,322.72413682994,296.28427821265,296.28427821265,322.72413682994,318.79940973072,318.79940973072,318.79940973072,280.24418935384,280.24418935384,280.24418935384,296.28427821265,0.0013857825902225,-4.7108118217757e-12,-2.6240235676454e-11,-0.0039864542504003,-0.00143638421863,-0.0015094652332937,5.4852734174335e-07,-0.0016144059675017,-0.0044215600479792,4.0127346027338e-12,-0.0056872790160741,0.003568205535593,478.10015811458,478.10015811458,451.6602994973,451.6602994973,478.10015811458,474.17543101537,474.17543101537,474.17543101537,435.62021063849,435.62021063849,435.62021063849,451.6602994973,0.034307908872716,0.081270907592918,0.055962729077435,0.061453235537602,663.56995777803,-0.25953497058225,0.0083210862495512,-0.010339504084855,653.48936348647,0.0073329789882511,-0.25405407185863,0,3.5806591398855e-07,2.3528298643832e-12,8.5598612089993e-45,2.9630477027415e-37,9.2628241081809e-13,3.353575634052e-13,4.1621852546263e-12,5.74061196867e-35,5.1356126118742e-12,3.3408880874699e-13,0,5.0839023890068e-13,5.8265940169667e-13,5.1764505164175e-11,1.2105626223989e-44,4.3710732160171e-37,2.5609843942655e-11,1.9157013549314e-11,7.3677884837039e-11,8.9607980217182e-35,3.6530390692971e-10,1.2345045424663e-11,0,1.3066511384355e-11,2.9033376879729e-11
6.4,1042515210.565,1042515210.565,1042515210.565,464737432.78726,464737432.78726,464737432.78726,1,1,1,399906683.55979,0.00010581508172315,0.00018894192814375,7.0653107962961e-05,1.0590330081962,322.51631325917,322.51631325917,296.02058042893,296.02058042893,322.51631325917,318.60775307182,318.60775307182,318.60775307182,279.94375543511,279.94375543511,279.94375543511,296.02058042893,0.0013873143441856,-4.5152459731456e-12,-3.6359861265177e-11,-0.003968560889591,-0.0014366001583945,-0.0015081645435587,5.2084714545364e-07,-0.0016180128924102,-0.0044241903481394,6.8479929970823e-12,-0.0056937534771977,0.0035618505244075,477.91272939739,477.91272939739,451.41699656715,451.41699656715,477.91272939739,474.00416921004,474.00416921004,474.00416921004,435.34017157334,435.34017157334,435.34017157334,451.41699656715,0.034065245103035,0.081935144249431,0.056430343460381,0.061920565782785,663.38934727118,-0.2594926064528,0.0054586274556092,-0.0077715590065394,653.29568990709,0.0040028837761762,-0.25811700940891,0,3.6482301138846e-07,2.4845037376966e-12,1.0539290357471e-41,4.4084963198156e-36,9.7168528646496e-13,3.3585659692504e-13,4.3286279430659e-12,4.5319376240475e-34,5.011356875396e-12,3.6175806769345e-13,0,5.5757603761339e-13,5.8073814233184e-13,5.5278124045792e-11,1.4916912987548e-41,6.6716626067568e-36,2.6984014453132e-11,1.9631986503698e-11,7.979948918059e-11,7.3052074539286e-34,3.7239103578879e-10,1.2856648590293e-11,0,1.3855042978802e-11,2.9854664636802e-11
6.45,1040994418.8739,1040994418.8739,1040994418.8739,463216641.09616,463216641.09616,463216641.09616,1,1,1,399911714.74697,0.00010657362233993,0.00019040566527232,7.1220920389884e-05,1.0595316388103,322.31041798238,322.31041798238,295.76123907289,295.76123907289,322.31041798238,318.41814293685,318.41814293685,318.41814293685,279.64776953807,279.64776953807,279.64776953807,295.76123907289,0.0013870533059558,-4.142030501785e-12,-4.9906538699641e-11,-0.003954623365561,-0.0014353290669092,-0.0015061743082011,4.9114598049996e-07,-0.001621709930354,-0.0044256879698207,1.1394800102745e-11,-0.005702432602979,0.0035551408789315,477.72612255468,477.72612255468,451.17694364518,451.17694364518,477.72612255468,473.83384750915,473.83384750915,473.83384750915,435.06347411037,435.06347411037,435.06347411037,451.17694364518,0.034064449071824,0.08259900819841,0.056897569273317,0.062387649151874,663.21419643503,-0.26226877177831,0.0045220561077234,-0.0082674011536032,653.10892862323,0.0036201439208719,-0.26075620425264,0,3.7139562681404e-07,2.6194728437662e-12,1.7928598362545e-39,4.6818253140625e-35,1.0160620306637e-12,3.360853946611e-13,4.4665030403119e-12,2.9193994943782e-33,4.891183541614e-12,3.931341055201e-13,5.2360297625616e-90,6.1065732461786e-13,5.781372399509e-13,5.8982618067715e-11,2.5504036088527e-39,7.2882671164845e-35,2.8420943157109e-11,2.0107283026943e-11,8.6116078356579e-11,4.8591751043276e-33,3.7930821388939e-10,1.3412624174151e-11,7.4048643032038e-90,1.4718642849239e-11,3.0672274162453e-11
6.5,1039492772.711,1039492772.711,1039492772.711,461714994.93326,461714994.93326,461714994.93326,1,1,1,399916464.10654,0.00010733069180824,0.00019186951371832,7.1790188620675e-05,1.0600302057399,322.10633742791,322.10633742791,295.50609271824,295.50609271824,322.10633742791,318.2304935289,318.2304935289,318.2304935289,279.35639759916,279.35639759916,279.35639759916,295.50609271824,0.0013872610402588,-3.5736169855279e-12,-6.7878419828534e-11,-0.0039406805639486,-0.0014343547063691,-0.0015039986877327,4.6218329119804e-07,-0.0016255232235908,-0.0044267676882852,1.8536998432266e-11,-0.0057103903462307,0.0035482263229884,477.54030223205,477.54030223205,450.94005752238,450.94005752238,477.54030223205,473.66445833305,473.66445833305,473.66445833305,434.7903624033,434.7903624033,434.7903624033,450.94005752238,0.033970302805892,0.083262477917655,0.057364386382377,0.062854485974166,663.04583172936,-0.26466032844664,0.003853157613463,-0.0080215706350254,652.9313966047,0.0035036452054186,-0.26348891812034,0,3.7779041106216e-07,2.7571908611589e-12,9.9518816470954e-38,3.7401506998774e-34,1.0594637693258e-12,3.3594639574102e-13,4.5782552175851e-12,1.5585818760871e-32,4.7756549249795e-12,4.2902777910656e-13,1.9771348267588e-52,6.6776335599441e-13,5.750365994523e-13,6.2881874777617e-11,1.4329126357339e-37,6.0181985567344e-34,2.9919251188532e-11,2.058238297603e-11,9.2590708977294e-11,2.6900851376641e-32,3.8606200985351e-10,1.4019361077998e-11,2.7960908866425e-52,1.5663002843743e-11,3.148549872026e-11
6.55,1038006510.823,1038006510.823,1038006510.823,460228733.04518,460228733.04518,460228733.04518,1,1,1,399920950.27583,0.00010808653996644,0.00019333352533811,7.2360460999078e-05,1.0605287245478,321.9034676726,321.9034676726,295.25458815362,295.25458815362,321.9034676726,318.04425693766,318.04425693766,318.04425693766,279.06897462438,279.06897462438,279.06897462438,295.25458815362,0.0013868581296226,-2.7297454715952e-12,-9.1479635553836e-11,-0.0039288375754195,-0.0014325797367334,-0.0015016948309363,4.3452472939146e-07,-0.0016298380188,-0.0044269418777136,2.9502585294736e-11,-0.0057193198579094,0.0035408138123644,477.35474898763,477.35474898763,450.70586946865,450.70586946865,477.35474898763,473.49553825269,473.49553825269,473.49553825269,434.52025593941,434.52025593941,434.52025593941,450.70586946865,0.033887934337977,0.083925557455865,0.057830802921406,0.063321077776121,662.88185141675,-0.26841552079395,0.0069405536452903,-0.0085700801408769,652.76016938793,0.0060783100645408,-0.26540656264437,0,3.8401459887438e-07,2.8974254618116e-12,2.6364215055563e-36,2.3742260421312e-33,1.1011571324688e-12,3.3566881627838e-13,4.6710393736092e-12,7.1030524862561e-32,4.6647044549136e-12,4.7058884362307e-13,1.5117575985114e-46,7.2895907970972e-13,5.7083529994673e-13,6.6979453161676e-11,3.8717543128632e-36,3.9594825245947e-33,3.1476522539574e-11,2.1057090368477e-11,9.9196556209831e-11,1.2735318297975e-31,3.9265889815811e-10,1.4684874202951e-11,2.1379508949263e-46,1.6693906660683e-11,3.2292781743326e-11
6.6,1036535688.4555,1036535688.4555,1036535688.4555,458757910.67769,458757910.67769,458757910.67769,1,1,1,399925194.5403,0.00010884151706903,0.00019479766725462,7.2933229561033e-05,1.0610271926795,321.7020165781,321.7020165781,295.00652068717,295.00652068717,321.7020165781,317.85974896634,317.85974896634,317.85974896634,278.78523122987,278.78523122987,278.78523122987,295.00652068717,0.0013874934941682,-1.5600806646778e-12,-1.2230254597821e-10,-0.0039112158130662,-0.001432148181087,-0.0014999839604912,4.104723869194e-07,-0.0016340510252464,-0.0044302982381059,4.5991150468679e-11,-0.0057283972000895,0.0035327443698088,477.16971306903,477.16971306903,450.47421717811,450.47421717811,477.16971306903,473.32744545728,473.32744545728,473.32744545728,434.2529277208,434.2529277208,434.2529277208,450.47421717811,0.033707131471527,0.084588218329472,0.058296792616661,0.063787425874163,662.72258912066,-0.27025082448778,0.0044871103162134,-0.0079108791864647,652.59641650245,0.0035615448040385,-0.26861231044721,0,3.9007445581444e-07,3.0394230417161e-12,4.2423601159728e-35,1.249768240839e-32,1.1411781024459e-12,3.3514723004984e-13,4.7441219960163e-12,2.8268499965197e-31,4.5580105880991e-12,5.179011157332e-13,4.0849400948103e-43,7.9438133466269e-13,5.6567922247731e-13,7.127784644906e-11,6.3867786437657e-35,2.1633874484772e-32,3.3090392089136e-11,2.1531060126605e-11,1.0590575787815e-10,5.2713014336701e-31,3.9910489854924e-10,1.5417296984789e-11,5.7791156344573e-43,1.7817331517859e-11,3.3092772971706e-11
6.65,1035078784.8573,1035078784.8573,1035078784.8573,457301007.07947,457301007.07947,457301007.07947,1,1,1,399929205.44459,0.00010959504944525,0.00019626194134778,7.3507493136774e-05,1.0615256182859,321.50188584377,321.50188584377,294.76158116,294.76158116,321.50188584377,317.67671398817,317.67671398817,317.67671398817,278.50482429959,278.50482429959,278.50482429959,294.76158116,0.001387890408843,1.8103637673468e-14,-1.6207460560665e-10,-0.0038967771559198,-0.0014315002677224,-0.0014978324150622,3.8833397472331e-07,-0.0016383754033633,-0.004432160873025,7.032115722164e-11,-0.0057365139546365,0.0035250516843762,476.98514648328,476.98514648328,450.24484179951,450.24484179951,476.98514648328,473.15997462768,473.15997462768,473.15997462768,433.9880849391,433.9880849391,433.9880849391,450.24484179951,0.033659198005051,0.085250457012979,0.058762357678647,0.064253530779733,662.56699907259,-0.27255546429986,0.002887672572023,-0.0076461564123413,652.4387749605,0.0026979999766556,-0.27118581316524,0,3.9597664262945e-07,3.1830284782244e-12,4.6550238170227e-34,5.6319075446185e-32,1.1796988343442e-12,3.3427241499878e-13,4.8046500203878e-12,1.0011453499644e-30,4.4557128196329e-12,5.7063744373059e-13,1.0694328016251e-40,8.6428420664184e-13,5.5915662041263e-13,7.5779328492385e-11,7.2218756795798e-34,1.0128107480108e-31,3.4758738180181e-11,2.2003792709423e-11,1.1270055909944e-10,1.9429634751934e-30,4.0540622804881e-10,1.6224300196911e-11,1.5181854877393e-40,1.9039613964637e-11,3.3883539847784e-11
6.7,1033635700.9416,1033635700.9416,1033635700.9416,455857923.16385,455857923.16385,455857923.16385,1,1,1,399932996.65001,0.00011034799585709,0.00019772641758781,7.4083285026789e-05,1.0620239957528,321.30302920366,321.30302920366,294.51969367159,294.51969367159,321.30302920366,317.49520234683,317.49520234683,317.49520234683,278.22774473262,278.22774473262,278.22774473262,294.51969367159,0.0013874256529995,2.0815834809616e-12,-2.127070097856e-10,-0.0038830299926507,-0.0014295277369571,-0.0014953246795361,3.6516418225863e-07,-0.0016433458138794,-0.0044330506633884,1.0546521462254e-10,-0.0057469405954658,0.0035168254281534,476.8010677125,476.8010677125,450.01773218044,450.01773218044,476.8010677125,472.99324085568,472.99324085568,472.99324085568,433.72578324147,433.72578324147,433.72578324147,450.01773218044,0.033566148764203,0.085912262930979,0.059227492028709,0.064719395448071,662.41558049845,-0.2764406085623,0.0074157778303772,-0.0084778631906461,652.28658103619,0.0051884987377546,-0.27383376263112,0,4.0172515360769e-07,3.3273131132993e-12,3.7542198348621e-33,2.2031773262966e-31,1.2162883905331e-12,3.3315437979425e-13,4.8613780713573e-12,3.1845603072177e-30,4.3552147309317e-12,6.2790184441578e-13,7.6200330263499e-39,9.3815856532604e-13,5.512516297983e-13,8.0484859823474e-11,6.0314561745501e-33,4.1285740031724e-31,3.647882971783e-11,2.2474944151692e-11,1.1957558589977e-10,6.4466118518556e-30,4.1156543178834e-10,1.7112287501123e-11,1.0928172600369e-38,2.0366370531377e-11,3.4663127378925e-11
6.75,1032206857.1414,1032206857.1414,1032206857.1414,454429079.36363,454429079.36363,454429079.36363,1,1,1,399936592.05155,0.00011109939404098,0.00019919099317813,7.466038359104e-05,1.062522327443,321.10546987554,321.10546987554,294.28062538037,294.28062538037,321.10546987554,317.31513945385,317.31513945385,317.31513945385,277.95454995971,277.95454995971,277.95454995971,294.28062538037,0.0013887859812026,4.7017649507171e-12,-2.7711156850703e-10,-0.0038679344704784,-0.0014298066278325,-0.0014934016785819,3.4387802079175e-07,-0.0016477443037786,-0.004434947796207,1.5568680363197e-10,-0.0057532347287903,0.0035090743784418,476.61752745052,476.61752745052,449.79268295535,449.79268295535,476.61752745052,472.82719702883,472.82719702883,472.82719702883,433.46660753469,433.46660753469,433.46660753469,449.79268295535,0.033447360508493,0.086573611910589,0.059692173892931,0.06518501854099,662.26812658082,-0.27738531408546,0.0041269482543977,-0.0063208964456579,652.14174965159,0.0027744208280695,-0.27732699846059,0,4.0732311115678e-07,3.4734457166192e-12,2.4461238668224e-32,7.6499633852829e-31,1.2512471632987e-12,3.3185272812724e-13,4.8966163865848e-12,9.2330920468267e-30,4.2566794183732e-12,6.8525544486718e-13,2.4891754775035e-37,1.0174853278785e-12,5.4221227621867e-13,8.5397053864084e-11,4.0624871651597e-32,1.4947255974297e-30,3.8248360426048e-11,2.294425478052e-11,1.2650044720342e-10,1.9504175847117e-29,4.1758528555248e-10,1.8081385044944e-11,3.6295074454157e-37,2.1805312081579e-11,3.5429931333639e-11
6.8,1030789063.7445,1030789063.7445,1030789063.7445,453011285.96675,453011285.96675,453011285.96675,1,1,1,399939986.02984,0.00011184954014107,0.00020065569636096,7.5238733526715e-05,1.0630206347428,320.90895367607,320.90895367607,294.04424342644,294.04424342644,320.90895367607,317.13613034983,317.13613034983,317.13613034983,277.68408266585,277.68408266585,277.68408266585,294.04424342644,0.0013888963984234,7.949661679859e-12,-3.5733989830551e-10,-0.0038568699113527,-0.0014286070691852,-0.0014909968991538,3.2072559517209e-07,-0.0016522911693692,-0.0044351121604312,2.2575229098401e-10,-0.0057610683331851,0.0035014891924012,476.43432727348,476.43432727348,449.56961702385,449.56961702385,476.43432727348,472.66150394724,472.66150394724,472.66150394724,433.20945626326,433.20945626326,433.20945626326,449.56961702385,0.033434704337906,0.087234534718517,0.060156438537328,0.06565040038889,662.12171224601,-0.28033007547767,0.0052611851700771,-0.0073635627821354,652.00002462252,0.0046885601777522,-0.27917913090141,0,4.1277635883411e-07,3.6186554661736e-12,1.2994988751627e-31,2.352550934306e-30,1.2840160699144e-12,3.302060761109e-13,4.9193195657108e-12,2.4320793754743e-29,4.1612573041395e-12,7.4040366385525e-13,4.5335025811833e-36,1.1009964381609e-12,5.3254533116624e-13,9.0514605501902e-11,2.2440176500596e-31,4.8217350348988e-30,4.0064233366426e-11,2.3411236691735e-11,1.334574156509e-10,5.3898972222753e-29,4.2347019206851e-10,1.9128473947999e-11,6.7742915799044e-36,2.336235617655e-11,3.6183064163552e-11
6.85,1029386555.2515,1029386555.2515,1029386555.2515,451608777.47372,451608777.47372,451608777.47372,1,1,1,399943200.38968,0.0001125984769173,0.00020212052577516,7.581891755475e-05,1.0635188985154,320.7139837333,320.7139837333,293.81119280877,293.81119280877,320.7139837333,316.95872016226,316.95872016226,316.95872016226,277.41724132436,277.41724132436,277.41724132436,293.81119280877,0.0013890481335584,1.1893089308495e-11,-4.5694263701409e-10,-0.0038416892245383,-0.0014280201781864,-0.0014894173120663,2.9726626639408e-07,-0.0016571358813548,-0.0044375511083828,3.2218509714848e-10,-0.0057694290645031,0.0034924390428853,476.25197314609,476.25197314609,449.34918222157,449.34918222157,476.25197314609,472.49670957505,472.49670957505,472.49670957505,432.95523073715,432.95523073715,432.95523073715,449.34918222157,0.033385069468965,0.087894991189911,0.060620249877606,0.066115543723903,661.97898572828,-0.2827276952208,0.0016703016568461,-0.0072764588020488,651.86407428908,0.0026143163216777,-0.28178221259841,0,4.1808934832003e-07,3.7645419367849e-12,5.9241384909866e-31,6.5403782103496e-30,1.3144342126996e-12,3.2849892697663e-13,4.9183638764365e-12,5.9142931534707e-29,4.068182087076e-12,7.8966530106365e-13,5.4835369203425e-35,1.1894579009033e-12,5.2234353453831e-13,9.5838471765026e-11,1.0622014649389e-30,1.4071226603025e-29,4.1923124056873e-11,2.387580432949e-11,1.4041303254964e-10,1.3753970811764e-28,4.2922347035026e-10,2.0245229326498e-11,8.4323214405123e-35,2.504450367188e-11,3.6921769474314e-11
6.9,1027994375.1151,1027994375.1151,1027994375.1151,450216597.3373,450216597.3373,450216597.3373,1,1,1,399946240.4574,0.00011334664415437,0.00020358555651913,7.6399779606321e-05,1.064017111312,320.51993068165,320.51993068165,293.58060452227,293.58060452227,320.51993068165,316.78233496907,316.78233496907,316.78233496907,277.15295176439,277.15295176439,277.15295176439,293.58060452227,0.0013895876413,1.6630744436045e-11,-5.7903408992507e-10,-0.0038285693244828,-0.0014270581839135,-0.00148687557406,2.712583260123e-07,-0.0016621596559923,-0.0044378030248367,4.5320117616385e-10,-0.0057777334441866,0.0034838856472059,476.06990745936,476.06990745936,449.13058129998,449.13058129998,476.06990745936,472.33231174678,472.33231174678,472.33231174678,432.70292854209,432.70292854209,432.70292854209,449.13058129998,0.033339399669542,0.088554963499371,0.061083601969689,0.066580450317021,661.84086078096,-0.28580956845523,0.0034706882207995,-0.0061340594939601,651.7342335013,0.0035661536838674,-0.28449917971266,0,4.2326263981088e-07,3.9101560591751e-12,2.3497590440306e-30,1.665003359325e-29,1.3428416424563e-12,3.2670037761241e-13,4.8984648714106e-12,1.3393469953728e-28,3.9743342779919e-12,8.3245773458052e-13,4.8714641672121e-34,1.283303011986e-12,5.1179997264541e-13,1.0136826749491e-10,4.3852625733159e-30,3.7617929924567e-29,4.3822188919754e-11,2.4337828434342e-11,1.473405080056e-10,3.2695197667563e-28,4.348440277876e-10,2.1422502344845e-11,7.7325228379371e-34,2.6859368196065e-11,3.7645563936852e-11
6.95,1026616610.1548,1026616610.1548,1026616610.1548,448838832.37701,448838832.37701,448838832.37701,1,1,1,399949121.20494,0.00011409400467185,0.00020505068938189,7.6982155209742e-05,1.0645152984095,320.32748112389,320.32748112389,293.35309049059,293.35309049059,320.32748112389,316.60753308526,316.60753308526,316.60753308526,276.89198340687,276.89198340687,276.89198340687,293.35309049059,0.0013899516469035,2.2187819313435e-11,-7.286196936024e-10,-0.0038168167158398,-0.0014261137376198,-0.0014838618337286,2.4587267536151e-07,-0.0016664915673281,-0.0044383224965612,6.270737713046e-10,-0.0057862083480239,0.0034760610014083,475.88882671797,475.88882671797,448.91443608466,448.91443608466,475.88882671797,472.16887867933,472.16887867933,472.16887867933,432.45332900094,432.45332900094,432.45332900094,448.91443608466,0.033329143134581,0.089214482539697,0.061546523396929,0.067045117869862,661.70366563388,-0.28857748745124,0.0043964279869763,-0.0080216429726715,651.60785082566,0.0041322568807167,-0.28678320919523,0,4.2829923134755e-07,4.0560029540039e-12,8.307400727421e-30,3.8976822592776e-29,1.3686560577745e-12,3.2477863849203e-13,4.84536871952e-12,2.8315653448268e-28,3.8812310805507e-12,8.6869983631601e-13,3.3487411901179e-33,1.3818167815478e-12,5.0131223075466e-13,1.0710432188148e-10,1.6133701350103e-29,9.2739481053481e-29,4.5757760878882e-11,2.4797134789666e-11,1.5419289416344e-10,7.273957880156e-28,4.4033291742042e-10,2.2651029434994e-11,5.5090874917359e-33,2.8813552229244e-11,3.8354526492568e-11
7,1025247532.226,1025247532.226,1025247532.226,447469754.44818,447469754.44818,447469754.44818,1,1,1,399951852.0485,0.00011484061070027,0.00020651593876182,7.7566068002984e-05,1.0650134520238,320.13561704484,320.13561704484,293.12758038776,293.12758038776,320.13561704484,316.43382134037,316.43382134037,316.43382134037,276.6331881626,276.6331881626,276.6331881626,293.12758038776,0.0013907970658891,2.8666580909674e-11,-9.0808565505858e-10,-0.0038026326582495,-0.0014256799343451,-0.0014818994410199,2.2306118217098e-07,-0.0016718591638931,-0.0044384821746832,8.5721340886374e-10,-0.0057945817544002,0.0034674820601215,475.70778187654,475.70778187654,448.69974521947,448.69974521947,475.70778187654,472.00598617207,472.00598617207,472.00598617207,432.20535299431,432.20535299431,432.20535299431,448.69974521947,0.033263818239816,0.089873507029939,0.062008983041106,0.067509550062076,661.56871070013,-0.29091776922368,0.0054651756127128,-0.0074229985098231,651.48560734082,0.0049525370419616,-0.2892724162946,0,4.3320263190482e-07,4.198635524114e-12,2.6624510820671e-29,8.5078565449787e-29,1.3915155901386e-12,3.2292284032302e-13,4.7654174396396e-12,5.6570325652611e-28,3.7898084565784e-12,8.98532552891e-13,1.8818654324871e-32,1.4856407455628e-12,4.9101768350043e-13,1.1304208918315e-10,5.3786445644245e-29,2.1305874217982e-28,4.772566109871e-11,2.5253816650051e-11,1.6093221213695e-10,1.5274210056735e-27,4.4569251593851e-10,2.3921746357526e-11,3.212268366358e-32,3.0914565520433e-11,3.904893035994e-11
7.05,1023889843.7283,1023889843.7283,1023889843.7283,446112065.95056,446112065.95056,446112065.95056,1,1,1,399954439.11112,0.00011558623243197,0.00020798131507648,7.8151580761768e-05,1.0655115742644,319.94497092458,319.94497092458,292.90428823651,292.90428823651,319.94497092458,316.26123401436,316.26123401436,316.26123401436,276.37733959901,276.37733959901,276.37733959901,292.90428823651,0.0013917255170771,3.5957169038108e-11,-1.1241556389943e-09,-0.0037876088120728,-0.0014256846629741,-0.0014798946280122,2.0380870876333e-07,-0.0016766352042855,-0.0044397777023663,1.1522595736125e-09,-0.0058035437079977,0.0034582036379062,475.52743112438,475.52743112438,448.48674843632,448.48674843632,475.52743112438,471.84369421416,471.84369421416,471.84369421416,431.95979979882,431.95979979882,431.95979979882,448.48674843632,0.033188400080032,0.090532035682492,0.062470980988582,0.067973747177518,661.43550278384,-0.29290135825078,0.0025686609043883,-0.0069954952373234,651.36741931046,0.0022419348239686,-0.29166160874137,0,4.3797515311713e-07,4.3426424433971e-12,7.8465079289293e-29,1.7492228366753e-28,1.411079087684e-12,3.2114142733421e-13,4.6651148630726e-12,1.0748139671713e-27,3.6992298449866e-12,9.2326385702674e-13,8.9833195531523e-32,1.5937723352794e-12,4.8103896642972e-13,1.1918351302314e-10,1.6475282494784e-28,4.6043620810371e-28,4.9721228282094e-11,2.5707979212027e-11,1.6752968084633e-10,3.0474374950751e-27,4.5092401695562e-10,2.5227438625782e-11,1.5916600713557e-31,3.3168499972321e-11,3.9729222190295e-11
7.1,1022543914.0434,1022543914.0434,1022543914.0434,444766136.26566,444766136.26566,444766136.26566,1,1,1,399956886.91938,0.00011633088482364,0.00020944681589145,7.8737945684094e-05,1.0660096580563,319.75531605405,319.75531605405,292.68333874583,292.68333874583,319.75531605405,316.08997152214,316.08997152214,316.08997152214,276.12457528886,276.12457528886,276.12457528886,292.68333874583,0.001392379756232,4.4002503781191e-11,-1.3803847865453e-09,-0.0037753117425149,-0.0014252682925169,-0.0014773761233369,1.8760446383283e-07,-0.0016815664907862,-0.0044390486174191,1.52676433945e-09,-0.0058116434033233,0.0034497413000858,475.34754893307,475.34754893307,448.27557162486,448.27557162486,475.34754893307,471.68220440116,471.68220440116,471.68220440116,431.71680816788,431.71680816788,431.71680816788,448.27557162486,0.033196688593279,0.091190061010076,0.062932513837042,0.068437710318482,661.30496615236,-0.29503175359498,0.0026858969335327,-0.0069674696382772,651.25384111662,0.002570433153011,-0.29368795604491,0,4.4261694749653e-07,4.4850679596878e-12,2.1407811791129e-28,3.3977007920281e-28,1.4267577019513e-12,3.1938166352157e-13,4.5513184938255e-12,1.9476261152701e-27,3.6076611384285e-12,9.4449792889019e-13,3.7415006923122e-31,1.7066567791466e-12,4.7134323283263e-13,1.2552635695989e-10,4.675050027053e-28,9.4094366220091e-28,5.1738968374414e-11,2.6159653092153e-11,1.7396621718698e-10,5.8017967617221e-27,4.5602602026604e-10,2.6563160406452e-11,6.882941094052e-31,3.5582077135706e-11,4.0395802182699e-11
7.15,1021207255.7658,1021207255.7658,1021207255.7658,443429477.98804,443429477.98804,443429477.98804,1,1,1,399959206.60015,0.00011707503657459,0.00021091248653593,7.9324998998772e-05,1.066507712333,319.56616599694,319.56616599694,292.46436900406,292.46436900406,319.56616599694,315.91978183,315.91978183,315.91978183,275.87439743609,275.87439743609,275.87439743609,292.46436900406,0.0013929468152945,5.2563643466412e-11,-1.6804597224019e-09,-0.0037637095076858,-0.0014243340746207,-0.0014746474313612,1.7491111238235e-07,-0.0016867585969371,-0.0044373619369768,1.9923780822166e-09,-0.0058210308878238,0.0034410783071687,475.16769267622,475.16769267622,448.06589568334,448.06589568334,475.16769267622,471.52130850928,471.52130850928,471.52130850928,431.47592411537,431.47592411537,431.47592411537,448.06589568334,0.033281008025405,0.091847580597954,0.063393582349111,0.068901441326178,661.17607670671,-0.29879065756954,0.0065561904967889,-0.0075838935648619,651.14220618618,0.0047612954092986,-0.29657675003693,0,4.4712812148281e-07,4.6254308116387e-12,5.4568814076545e-28,6.2821967980193e-28,1.4377799228708e-12,3.1767241191152e-13,4.4286798132129e-12,3.3864726611295e-27,3.5149858181284e-12,9.6346243446477e-13,1.386233104737e-30,1.8233079896205e-12,4.618358069028e-13,1.3206770394553e-10,1.239224572202e-27,1.8293804535265e-27,5.3772296241045e-11,2.660890972547e-11,1.8022931624223e-10,1.0590992327697e-26,4.6099696088158e-10,2.7925702048109e-11,2.6487237667348e-30,3.816062402301e-11,4.1048936644411e-11
7.2,1019879676.3572,1019879676.3572,1019879676.3572,442101898.5794,442101898.5794,442101898.5794,1,1,1,399961407.85352,0.00011781825381603,0.00021237829334108,7.9913520274031e-05,1.0670057378931,319.37778182944,319.37778182944,292.24703158695,292.24703158695,319.37778182944,315.75057174572,315.75057174572,315.75057174572,275.62695224929,275.62695224929,275.62695224929,292.24703158695,0.0013941144889172,6.1281646582947e-11,-2.0319049284087e-09,-0.0037489957067367,-0.0014248501626792,-0.0014728454727044,1.6811514909956e-07,-0.0016917170422276,-0.0044382244707548,2.5599776529453e-09,-0.0058288663720258,0.0034318113120025,474.98814243303,474.98814243303,447.85739219053,447.85739219053,474.98814243303,471.3609323493,471.3609323493,471.3609323493,431.23731285288,431.23731285288,431.23731285288,447.85739219053,0.03335636080048,0.092504583534053,0.063854175322402,0.069364940015689,661.04800267487,-0.30007984799768,0.0016075595391344,-0.0067224508033439,651.03494136556,0.0022542639829525,-0.29900659426041,0,4.5150826604298e-07,4.7645533931387e-12,1.3173613955917e-27,1.11133985183e-27,1.4434370091133e-12,3.1609157482376e-13,4.293242929123e-12,5.6693767720385e-27,3.4212589979576e-12,9.7894623854426e-13,4.6509388788689e-30,1.9437583650333e-12,4.5271976704489e-13,1.3880579997276e-10,3.1022549243945e-27,3.4010523443901e-27,5.5813624435765e-11,2.7055930717537e-11,1.8630087861916e-10,1.8608701848917e-26,4.6583535175689e-10,2.9310141095493e-11,9.2261446069995e-30,4.0909513464816e-11,4.168917907892e-11
7.25,1018558498.0869,1018558498.0869,1018558498.0869,440780720.3091,440780720.3091,440780720.3091,1,1,1,399963490.80465,0.00011856044635507,0.0002138442345415,8.0502425552098e-05,1.0675037327441,319.1899827248,319.1899827248,292.03091305454,292.03091305454,319.1899827248,315.58198466203,315.58198466203,315.58198466203,275.38139482578,275.38139482578,275.38139482578,292.03091305454,0.0013952550722897,6.9963356626618e-11,-2.4336755514376e-09,-0.0037381802927137,-0.0014243742523404,-0.0014697287829286,1.6290419613297e-07,-0.0016968060301823,-0.0044350973119223,3.239550533195e-09,-0.0058369821738054,0.0034243238929,474.80876267778,474.80876267778,447.64969300752,447.64969300752,474.80876267778,471.20076461501,471.20076461501,471.20076461501,431.00017477875,431.00017477875,431.00017477875,447.64969300752,0.033437726644648,0.093161056221172,0.064314286463075,0.069828208405337,660.92182989026,-0.3026117460378,0.0053959243613967,-0.006479135952591,650.93027221772,0.0040161433371429,-0.30130899172605,0,4.5575442275126e-07,4.8998856010656e-12,3.0004325910019e-27,1.9016029197853e-27,1.4446259404695e-12,3.1446331335506e-13,4.1603150934069e-12,9.2368942219825e-27,3.324301474277e-12,9.9332684649081e-13,1.4268580531744e-29,2.0667939635244e-12,4.4386851349681e-13,1.4573528464386e-10,7.3455073875756e-27,6.0903249837988e-27,5.7856634033333e-11,2.7500649000153e-11,1.92184452648e-10,3.167164293185e-26,4.7053662398723e-10,3.0714917393669e-11,2.9404964710804e-29,4.3832401518663e-11,4.2316903950618e-11
7.3,1017246248.8292,1017246248.8292,1017246248.8292,439468471.05142,439468471.05142,439468471.05142,1,1,1,399965466.18249,0.00011930198525495,0.0002153103415713,8.1092708535114e-05,1.0680017095406,319.0030220367,319.0030220367,291.81628166117,291.81628166117,319.0030220367,315.41441524225,315.41441524225,315.41441524225,275.13846559034,275.13846559034,275.13846559034,291.81628166117,0.0013959056042062,7.8078963066881e-11,-2.8956517608601e-09,-0.0037234782536443,-0.0014245207226632,-0.0014679007435754,1.6191491281196e-07,-0.0017021291812054,-0.0044352658464563,4.0366609561511e-09,-0.0058463612479923,0.0034149910333775,474.62982581992,474.62982581992,447.44308544439,447.44308544439,474.62982581992,471.04121902547,471.04121902547,471.04121902547,430.76526937356,430.76526937356,430.76526937356,447.44308544439,0.033472743812982,0.093816995765769,0.064773911732522,0.07029124826397,660.79541050502,-0.30500098458796,0.0018005754038544,-0.0066728875039031,650.82686183082,0.0012846566658275,-0.30389576453196,0,4.598670771276e-07,5.0336340053626e-12,6.5291241356884e-27,3.1497805166081e-27,1.4403792759111e-12,3.1297446620533e-13,4.0233525428834e-12,1.4630690563272e-26,3.2270149578886e-12,1.005457797772e-12,4.0517730120751e-29,2.1920772581487e-12,4.3527747938456e-13,1.5285391812227e-10,1.6579083290684e-26,1.0544787308884e-26,5.9893637940287e-11,2.7943261734937e-11,1.9787433238036e-10,5.2362563953314e-26,4.7510031230665e-10,3.2136849447672e-11,8.6705688164144e-29,4.6932466906907e-11,4.2932479265359e-11
7.35,1015942677.346,1015942677.346,1015942677.346,438164899.56821,438164899.56821,438164899.56821,1,1,1,399967335.97686,0.0001200422168496,0.00021677656806388,8.1683751074131e-05,1.0684996313496,318.81701040261,318.81701040261,291.60329248086,291.60329248086,318.81701040261,315.24771599977,315.24771599977,315.24771599977,274.89782191621,274.89782191621,274.89782191621,291.60329248086,0.0013972728135207,8.5525819876166e-11,-3.4082336245481e-09,-0.0037132844908949,-0.0014234604411435,-0.0014644010616899,1.5964747117782e-07,-0.0017078988988297,-0.0044304517689459,4.9475617782486e-09,-0.0058535707713626,0.0034081716282618,474.45144469953,474.45144469953,447.23772677778,447.23772677778,474.45144469953,470.88215029669,470.88215029669,470.88215029669,430.53225621313,430.53225621313,430.53225621313,447.23772677778,0.033570819793911,0.094472369311322,0.065233029772481,0.070754060420637,660.6732567862,-0.30536382656371,0.010512393581976,-0.0058273647746241,650.73051756569,0.006677579055198,-0.30507710868895,0,4.6384151675306e-07,5.1581518963068e-12,1.3486602547938e-26,5.0354531472345e-27,1.4322078464684e-12,3.1127087697998e-13,3.8927423327044e-12,2.245419141135e-26,3.1250713864821e-12,1.0165434569277e-12,1.0683232666651e-28,2.316418142677e-12,4.2712436693154e-13,1.6014864649081e-10,3.5652019524313e-26,1.7665993442398e-26,6.19190857009e-11,2.8383465230734e-11,2.0337950138209e-10,8.4117585979367e-26,4.795198306448e-10,3.3574458991201e-11,2.377894134358e-28,5.0208376860408e-11,4.3536524337893e-11
7.4,1014646875.5328,1014646875.5328,1014646875.5328,436869097.75497,436869097.75497,436869097.75497,1,1,1,399969112.59946,0.0001207818392374,0.00021824296061172,8.2274851149625e-05,1.0689975714083,318.63158083392,318.63158083392,291.39185603046,291.39185603046,318.63158083392,315.08174585701,315.08174585701,315.08174585701,274.65947430524,274.65947430524,274.65947430524,291.39185603046,0.0013978784393494,9.1793555777727e-11,-3.998996326025e-09,-0.0037009865752617,-0.0014247843500367,-0.0014631512546502,1.6131394457735e-07,-0.0017128959412791,-0.0044305391732332,6.0063455145089e-09,-0.0058617802189226,0.0033979676017833,474.27327994961,474.27327994961,447.03355514615,447.03355514615,474.27327994961,470.7234449727,470.7234449727,470.7234449727,430.30117342093,430.30117342093,430.30117342093,447.03355514615,0.033628433974211,0.095127244654454,0.065691695973336,0.071216642922436,660.54684495668,-0.30995128322912,0.0013663013044213,-0.0066600236456562,650.62846998385,0.001613496183789,-0.30817719049501,0,4.6767822695865e-07,5.2884898814543e-12,2.7001083718542e-26,7.8558970354805e-27,1.4187053942071e-12,3.0985400178725e-13,3.7554420263925e-12,3.378754674923e-26,3.023172765752e-12,1.0253102534447e-12,2.6657770896765e-28,2.4477525461763e-12,4.1892115596285e-13,1.6762770060563e-10,7.3837318317846e-26,2.8775909574581e-26,6.39254381104e-11,2.8821664962417e-11,2.0869049842852e-10,1.3190039283144e-25,4.8379524257152e-10,3.5024466657263e-11,6.147872248842e-28,5.3670021708543e-11,4.4128968318221e-11
7.45,1013358423.2667,1013358423.2667,1013358423.2667,435580645.48896,435580645.48896,435580645.48896,1,1,1,399970790.1743,0.00012151989155368,0.0002197094778853,8.2866092937966e-05,1.0694954605858,318.44663699336,318.44663699336,291.18175039168,291.18175039168,318.44663699336,314.91669672599,314.91669672599,314.91669672599,274.42322348386,274.42322348386,274.42322348386,291.18175039168,0.0013993438387663,9.6932617954409e-11,-4.6407826026137e-09,-0.0036909794530222,-0.0014244722157746,-0.0014598785565971,1.5965061612182e-07,-0.0017185289668873,-0.0044254341384966,7.179332025146e-09,-0.0058683914903214,0.0033909498318277,474.09526318214,474.09526318214,446.83037658046,446.83037658046,474.09526318214,470.56532291477,470.56532291477,470.56532291477,430.07184967265,430.07184967265,430.07184967265,446.83037658046,0.033635975255956,0.095781534292413,0.066149841963928,0.071679000404006,660.42429401371,-0.31194748960478,0.0065103482027203,-0.0063166450745225,650.53286594293,0.0053664184726404,-0.31034747846994,0,4.7137515406352e-07,5.4078887956155e-12,5.1638400468909e-26,1.1895096623183e-26,1.4019093753113e-12,3.0823408958631e-13,3.6307040277719e-12,4.9510615209657e-26,2.9187112646716e-12,1.0328690070207e-12,6.2710681780935e-28,2.5767555265142e-12,4.110273439807e-13,1.752756102842e-10,1.4686504460023e-25,4.5598116544824e-26,6.5908037362183e-11,2.9257573792295e-11,2.1382508930556e-10,2.0191897634238e-25,4.8792292362667e-10,3.6485164015146e-11,1.5016501916868e-27,5.731410432106e-11,4.4710248762585e-11
7.5,1012077863.6571,1012077863.6571,1012077863.6571,434300085.87932,434300085.87932,434300085.87932,1,1,1,399972382.29402,0.00012225648155287,0.00022117616825266,8.345807075142e-05,1.069993332034,318.26248434119,318.26248434119,290.97310009214,290.97310009214,318.26248434119,314.75242631637,314.75242631637,314.75242631637,274.18914961168,274.18914961168,274.18914961168,290.97310009214,0.0014001120868503,1.0033472295172e-10,-5.3534856777324e-09,-0.0036775560563365,-0.0014248811209874,-0.0014582415058667,1.5917171336105e-07,-0.0017246195868394,-0.0044235046354242,8.459467263827e-09,-0.0058770498742196,0.0033814748327529,473.91770985217,473.91770985217,446.62832560312,446.62832560312,473.91770985217,470.40765182735,470.40765182735,470.40765182735,429.84437512265,429.84437512265,429.84437512265,446.62832560312,0.033671857946979,0.09643525918271,0.066607484145887,0.072141134158774,660.30176097056,-0.31534038777332,0.0033242713895695,-0.0056668358228711,650.4372359903,0.0039876885403238,-0.31309530660553,0,4.7493319680608e-07,5.5263953160942e-12,9.5302848240026e-26,1.7592215346252e-26,1.3802505598655e-12,3.0675631114292e-13,3.5039577606711e-12,7.0966002876799e-26,2.8142602112093e-12,1.0382298865349e-12,1.3968830652001e-27,2.7061086241567e-12,4.0328298933814e-13,1.8309111349125e-10,2.8164362511406e-25,7.0477266079681e-26,6.7860006423418e-11,2.9691392727857e-11,2.1878043389268e-10,3.0228006007815e-25,4.9190288858541e-10,3.7953442801545e-11,3.4771411675421e-27,6.1141119838597e-11,4.5280577035581e-11
7.55,1010803811.283,1010803811.283,1010803811.283,433026033.50519,433026033.50519,433026033.50519,1,1,1,399973888.41096,0.00012299140434351,0.00022264297289765,8.4050876480648e-05,1.0704911681257,318.07884991011,318.07884991011,290.76567742431,290.76567742431,318.07884991011,314.58904161167,314.58904161167,314.58904161167,273.9568083596,273.9568083596,273.9568083596,290.76567742431,0.0014020356203795,1.0239114064929e-10,-6.1215554876875e-09,-0.0036649777094497,-0.00142604419112,-0.0014552388138547,1.5799919926151e-07,-0.0017301016142894,-0.0044191376021106,9.8290809263139e-09,-0.0058844063032701,0.0033740746891558,473.74036346765,473.74036346765,446.42719098185,446.42719098185,473.74036346765,470.25055516921,470.25055516921,470.25055516921,429.61832191714,429.61832191714,429.61832191714,446.42719098185,0.033711997999528,0.097088395480747,0.067064606258322,0.072603044003953,660.18078966822,-0.31605381936126,0.00392763632205,-0.0050489860910974,650.34605548614,0.002675266801193,-0.31479835836932,0,4.7835428413762e-07,5.6373465288006e-12,1.704294490244e-25,2.5383061970631e-26,1.3561596492136e-12,3.0497101545728e-13,3.3836038100585e-12,9.9589585766729e-26,2.7107600348186e-12,1.0417810769042e-12,2.9776985998147e-27,2.83321370611e-12,3.9603201231623e-13,1.9106352540808e-10,5.2266726335214e-25,1.063743365731e-25,6.9777905792079e-11,3.0122686874048e-11,2.2356557229057e-10,4.4312100294058e-25,4.9573648219099e-10,3.9426743729526e-11,7.6882429120595e-27,6.5147889086879e-11,4.5840650878533e-11
7.6,1009534990.3186,1009534990.3186,1009534990.3186,431757212.54084,431757212.54084,431757212.54084,1,1,1,399975315.41195,0.00012372456066329,0.00022410990896246,8.4643097174272e-05,1.0709889945605,317.89556849626,317.89556849626,290.5594393868,290.5594393868,317.89556849626,314.42617272314,314.42617272314,314.42617272314,273.72594082699,273.72594082699,273.72594082699,290.5594393868,0.0014028103477347,1.0296651693585e-10,-6.944162537034e-09,-0.003657115632202,-0.0014258433861001,-0.0014522551294549,1.5377639372285e-07,-0.0017357636214282,-0.004413409440741,1.1272324805531e-08,-0.0058916881989551,0.0033668096668475,473.56308785654,473.56308785654,446.22695874708,446.22695874708,473.56308785654,470.09369208342,470.09369208342,470.09369208342,429.39346018727,429.39346018727,429.39346018727,446.22695874708,0.033749569764377,0.09774097069647,0.067521235354093,0.073064730542202,660.0584246728,-0.31927637821335,0.0085941447830976,-0.006702864392246,650.25277945234,0.0072931291163778,-0.31700837913532,0,4.8163760029142e-07,5.7438797749405e-12,2.9342061513071e-25,3.5664593504505e-26,1.328812860957e-12,3.030505077725e-13,3.2688770858466e-12,1.3642460276753e-25,2.6059020879375e-12,1.0432885283234e-12,6.0042400210742e-27,2.9590220128526e-12,3.8877493494951e-13,1.9918659808644e-10,9.3762667674984e-25,1.568116884037e-25,7.16571309619e-11,3.0551265012224e-11,2.281884625991e-10,6.3605452641578e-25,4.9942178426597e-10,4.090217651575e-11,1.6179520581606e-26,6.9332578148816e-11,4.6390461664249e-11
7.65,1008272032.7043,1008272032.7043,1008272032.7043,430494254.92654,430494254.92654,430494254.92654,1,1,1,399976669.3098,0.00012445557779622,0.00022557698228776,8.5236074473756e-05,1.0714868022955,317.71277814823,317.71277814823,290.35392309325,290.35392309325,317.71277814823,314.26401430698,314.26401430698,314.26401430698,273.49701049569,273.49701049569,273.49701049569,290.35392309325,0.0014043076368711,1.0193696255862e-10,-7.8257868049895e-09,-0.0036437009087789,-0.0014275486747319,-0.0014502459347656,1.5164470454607e-07,-0.0017414468562092,-0.0044097928322715,1.274506060215e-08,-0.0058994848888567,0.003358284475152,473.38602322196,473.38602322196,446.02716816698,446.02716816698,473.38602322196,469.93725938071,469.93725938071,469.93725938071,429.17025556942,429.17025556942,429.17025556942,446.02716816698,0.033714847892467,0.098392948427786,0.067977337138888,0.073526196016579,659.93579502642,-0.3208332090859,0.0054367572770626,-0.0061904290080155,650.16095388083,0.0044446309652005,-0.31920062089227,0,4.8478702733622e-07,5.8459181780229e-12,4.9191530080469e-25,4.915840836686e-26,1.2987482627182e-12,3.0120739892056e-13,3.1532555801988e-12,1.8374509859967e-25,2.5037089611714e-12,1.0420376330469e-12,1.1670718190537e-26,3.0810501428866e-12,3.8202965966045e-13,2.0745397485832e-10,1.6332999666867e-24,2.2633217622079e-25,7.3493838369144e-11,3.0977236600864e-11,2.3264783940625e-10,8.9590933687502e-25,5.0296256343509e-10,4.2375840268908e-11,3.2684408529298e-26,7.3689841047237e-11,4.693073319017e-11
7.7,1007012423.3896,1007012423.3896,1007012423.3896,429234645.61182,429234645.61182,429234645.61182,1,1,1,399977949.14481,0.00012518430337215,0.00022704418745244,8.582936968903e-05,1.0719845904853,317.53010753926,317.53010753926,290.14897117041,290.14897117041,317.53010753926,314.10216581121,314.10216581121,314.10216581121,273.26943190392,273.26943190392,273.26943190392,290.14897117041,0.0014055786409485,9.9618713137523e-11,-8.7468686920655e-09,-0.0036309855908539,-0.0014289229599355,-0.0014480534057176,1.4907738733446e-07,-0.0017472820198768,-0.0044054476145144,1.422024581042e-08,-0.0059073367426122,0.0033501559369674,473.2088238065,473.2088238065,445.82768743765,445.82768743765,473.2088238065,469.78088207845,469.78088207845,469.78088207845,428.94814817116,428.94814817116,428.94814817116,445.82768743765,0.033736765913006,0.099044316141898,0.068432904888936,0.073987442774612,659.81254162453,-0.32222355155393,0.002812010228141,-0.0058248200559725,650.06982733064,0.002444861944954,-0.32091594665042,0,4.8780626868465e-07,5.9416430072324e-12,8.0008434243313e-25,6.6174299484558e-26,1.2669030384119e-12,2.992624173321e-13,3.0425374403219e-12,2.4237034644393e-25,2.4039422181888e-12,1.0389728060622e-12,2.183403255201e-26,3.1990165091915e-12,3.7547606211051e-13,2.1585672698193e-10,2.764790094798e-24,3.1991676803239e-25,7.5285509828278e-11,3.1400457570164e-11,2.3695063711838e-10,1.2386727679331e-24,5.0636225112322e-10,4.3845169702178e-11,6.3562393485646e-26,7.8213933580792e-11,4.7461736529553e-11
7.75,1005757892.197,1005757892.197,1005757892.197,427980114.41918,427980114.41918,427980114.41918,1,1,1,399979159.93705,0.00012591050387873,0.00022851155033992,8.6422097133898e-05,1.0724823518857,317.3478544541,317.3478544541,289.94464452875,289.94464452875,317.3478544541,313.94100142405,313.94100142405,313.94100142405,273.0435510107,273.0435510107,273.0435510107,289.94464452875,0.0014066538180347,9.6087176981829e-11,-9.7210513291437e-09,-0.003620567186725,-0.0014295013911295,-0.0014455630472756,1.454583764173e-07,-0.0017535115253863,-0.0043992519974803,1.5654000940228e-08,-0.0059140800941525,0.0033430412808864,473.03179357095,473.03179357095,445.6285836456,445.6285836456,473.03179357095,469.6249405409,469.6249405409,469.6249405409,428.72749012755,428.72749012755,428.72749012755,445.6285836456,0.033765448836555,0.099695056905255,0.068887928924351,0.074448473761804,659.68975140946,-0.32469346930901,0.004396574925864,-0.0053749480411625,649.97881977893,0.0035445453755073,-0.32363765558591,0,4.9069848532729e-07,6.0336077236153e-12,1.2617329605323e-24,8.7319602850778e-26,1.23364486594e-12,2.9718740713287e-13,2.9376164441971e-12,3.1418715687591e-25,2.3062640533623e-12,1.0342811553338e-12,3.9263485896525e-26,3.3113465147665e-12,3.6898284583718e-13,2.2438953685471e-10,4.5491499596759e-24,4.4340533464499e-25,7.7030147128842e-11,3.1820744031898e-11,2.4110505413481e-10,1.6830005063105e-24,5.0962380102589e-10,4.5307864139358e-11,1.1908934774656e-25,8.2896884731691e-11,4.7983557074419e-11
7.8,1004507192.3933,1004507192.3933,1004507192.3933,426729414.6155,426729414.6155,426729414.6155,1,1,1,399980307.0622,0.00012663455910015,0.00022997907962902,8.7015618823605e-05,1.0729801057148,317.16573173386,317.16573173386,289.74099410699,289.74099410699,317.16573173386,313.78014804011,313.78014804011,313.78014804011,272.81914830135,272.81914830135,272.81914830135,289.74099410699,0.0014079320768869,9.1423580301174e-11,-1.0710757671228e-08,-0.0036085136859606,-0.0014311081424737,-0.0014432760920731,1.4084314338664e-07,-0.0017593618731741,-0.0043945843686486,1.699066143744e-08,-0.0059212270395006,0.0033354631451716,472.85465834812,472.85465834812,445.42992072125,445.42992072125,472.85465834812,469.46907465437,469.46907465437,469.46907465437,428.50807491561,428.50807491561,428.50807491561,445.42992072125,0.033739374476524,0.10034519406354,0.069342429634238,0.074909286696157,659.56409955122,-0.32647764586897,0.0028005854112987,-0.0056276124410929,649.88722645517,0.002113917661119,-0.3249518865628,0,4.9346589518502e-07,6.1144785120757e-12,1.9420739120552e-24,1.1256238004804e-25,1.1984808521166e-12,2.9485914482305e-13,2.8373957018445e-12,3.9891008433012e-25,2.2098121758191e-12,1.027461768721e-12,6.8272691026763e-26,3.4180037207042e-12,3.6290972812184e-13,2.3303671529332e-10,7.2956572252353e-24,6.0259257912192e-25,7.872505500415e-11,3.2237737833496e-11,2.4511773761818e-10,2.2471445577375e-24,5.1274894737523e-10,4.6760914507503e-11,2.1564151333631e-25,8.7730671949753e-11,4.8496788933846e-11
7.85,1003262536.7992,1003262536.7992,1003262536.7992,425484759.02139,425484759.02139,425484759.02139,1,1,1,399981392.60724,0.00012735564742541,0.00023144671541572,8.7607364870012e-05,1.0734778176299,316.98410385489,316.98410385489,289.53819240892,289.53819240892,316.98410385489,313.61998880189,313.61998880189,313.61998880189,272.5965576592,272.5965576592,272.5965576592,289.53819240892,0.0014089223985145,8.6005440450934e-11,-1.1725324539333e-08,-0.0036005406885366,-0.0014315424590871,-0.0014407640730178,1.3505140276969e-07,-0.001765988760974,-0.0043873395997931,1.8251563699626e-08,-0.0059251601571407,0.003328729157203,472.6777927632,472.6777927632,445.23188131723,445.23188131723,472.6777927632,469.3136777102,469.3136777102,469.3136777102,428.29024656751,428.29024656751,428.29024656751,445.23188131723,0.033739353709844,0.10099468113578,0.069796371908082,0.075369886846479,659.44085478546,-0.32981245656719,0.0062473124345617,-0.0043013655908697,649.79675771601,0.0077171375890459,-0.32853453968367,0,4.9611094392811e-07,6.1925865117524e-12,2.9057152933983e-24,1.4218956157542e-25,1.162644679426e-12,2.9235524476361e-13,2.7421834401319e-12,4.9708080172527e-25,2.1149423015892e-12,1.0195559109335e-12,1.1488943722526e-25,3.5213224207892e-12,3.5672000287527e-13,2.4179435512441e-10,1.1404959201554e-23,8.0367898552976e-25,8.0369282878015e-11,3.2651190585672e-11,2.4899577062973e-10,2.9501229691327e-24,5.1573992746178e-10,4.8202784304343e-11,3.7811971363369e-25,9.2710573874721e-11,4.9001267199882e-11
7.9,1002020240.039,1002020240.039,1002020240.039,424242462.26118,424242462.26118,424242462.26118,1,1,1,399982421.21254,0.00012807484625454,0.00023291456410539,8.8200177434188e-05,1.0739755336695,316.80251016925,316.80251016925,289.33565905843,289.33565905843,316.80251016925,313.46006608429,313.46006608429,313.46006608429,272.37510325937,272.37510325937,272.37510325937,289.33565905843,0.00141005131205,7.9875459890557e-11,-1.2747167294011e-08,-0.003588661842826,-0.0014327977130629,-0.0014378135422901,1.2848935917218e-07,-0.0017718805805368,-0.0043819112427352,1.9325980636483e-08,-0.0059332430029754,0.0033222151811911,472.50075394353,472.50075394353,445.03390283272,445.03390283272,472.50075394353,469.15830985858,469.15830985858,469.15830985858,428.07334703366,428.07334703366,428.07334703366,445.03390283272,0.033679954820591,0.10164355972999,0.070249794183821,0.075830272516694,659.31279357125,-0.33156969500412,0.0070849430088437,-0.0065921863366039,649.70465689698,0.0066077255034604,-0.32883404819514,0,4.9863684175621e-07,6.2578615971385e-12,4.2519014340791e-24,1.7588738388649e-25,1.1252435308773e-12,2.8962393075187e-13,2.6527942866739e-12,6.0847634097866e-25,2.0221347265669e-12,1.0105782121949e-12,1.8722747296433e-25,3.6147075979435e-12,3.5114278268348e-13,2.5064430786654e-10,1.7418055875502e-23,1.0524213092724e-24,8.1960617540355e-11,3.3060780676529e-11,2.5274738828813e-10,3.8106384629278e-24,5.1859965781704e-10,4.9631957717867e-11,6.4289934514868e-25,9.7822542383746e-11,4.9497858085482e-11
7.95,1000779389.3083,1000779389.3083,1000779389.3083,423001611.53052,423001611.53052,423001611.53052,1,1,1,399983395.95233,0.00012878967770738,0.00023438253738168,8.8790375842954e-05,1.0744731912315,316.62089375911,316.62089375911,289.13339498902,289.13339498902,316.62089375911,313.30010958087,313.30010958087,313.30010958087,272.15442436984,272.15442436984,272.15442436984,289.13339498902,0.001412008863837,7.3387746830535e-11,-1.3792751933728e-08,-0.00358270596383,-0.0014342489823514,-0.0014351335213661,1.2086785268222e-07,-0.0017784068346948,-0.0043722895056892,2.0252532442169e-08,-0.0059341574245937,0.0033162014549859,472.32349687294,472.32349687294,444.83599810285,444.83599810285,472.32349687294,469.00271269469,469.00271269469,469.00271269469,427.85702748367,427.85702748367,427.85702748367,444.83599810285,0.033689593575593,0.10229175842157,0.070702635132189,0.076290446101575,659.18936820138,-0.33401968520366,0.012362238563847,-0.0021976849521273,649.61672218465,0.012373691005495,-0.33087372033806,0,5.0104596887261e-07,6.3197036764955e-12,6.0741561967468e-24,2.1460357224036e-25,1.088153395942e-12,2.8682539744999e-13,2.5675150318474e-12,7.3444861997287e-25,1.9309946482066e-12,1.0009983465651e-12,2.9753149129306e-25,3.7043679742809e-12,3.4601937243661e-13,2.5958171851602e-10,2.6008209948914e-23,1.3559165916684e-24,8.3499498830838e-11,3.3466413043636e-11,2.5637840286776e-10,4.8493056621597e-24,5.213304966374e-10,5.1047583155493e-11,1.0636724153684e-24,1.0306130981299e-10,4.9987203374826e-11
8,999543440.50685,999543440.50685,999543440.50685,421765662.72907,421765662.72907,421765662.72907,1,1,1,399984317.91498,0.00012950419490828,0.00023585063100176,8.9383558850443e-05,1.0749708877707,316.43998033971,316.43998033971,288.9320541099,288.9320541099,316.43998033971,313.14054377696,313.14054377696,313.14054377696,271.93495309864,271.93495309864,271.93495309864,288.9320541099,0.0014127100300385,6.6587814533421e-11,-1.480510641311e-08,-0.0035651230897742,-0.0014361248260292,-0.0014333822683003,1.1689680867841e-07,-0.0017843508357964,-0.0043714134570231,2.0954343328291e-08,-0.0059447147067448,0.0033083930225923,472.14674560623,472.14674560623,444.63881937642,444.63881937642,472.14674560623,468.84730904348,468.84730904348,468.84730904348,427.64171836516,427.64171836516,427.64171836516,444.63881937642,0.033563078288161,0.10293936503053,0.071154971945718,0.076750407722103,659.05665020519,-0.33508659674605,0.0054287589084647,-0.0058083997296181,649.52057855034,0.0042137287578877,-0.3336254289725,0,5.0334466153514e-07,6.3694822487388e-12,8.5429267302916e-24,2.5439356001293e-25,1.0492625543279e-12,2.838064076386e-13,2.4839013852216e-12,8.6442443891828e-25,1.8447092893349e-12,9.9100270828878e-13,4.5811683523045e-25,3.7839471438472e-12,3.4143144833779e-13,2.6858952669748e-10,3.8089732793252e-23,1.715683414419e-24,8.4983380165659e-11,3.3867775914406e-11,2.5989116989434e-10,6.0717864273247e-24,5.2393930953301e-10,5.2449072625903e-11,1.7115474569028e-24,1.0841261918313e-10,5.0470060359686e-11
8.05,998309787.11489,998309787.11489,998309787.11489,420532009.33711,420532009.33711,420532009.33711,1,1,1,399985191.40954,0.00013021480682528,0.00023731886968626,8.9975498852912e-05,1.0754685210361,316.25914674809,316.25914674809,288.73061000019,288.73061000019,316.25914674809,312.98109562545,312.98109562545,312.98109562545,271.71690319856,271.71690319856,271.71690319856,288.73061000019,0.0014145068089211,5.991263734636e-11,-1.5814942131782e-08,-0.0035549205233286,-0.0014378469480798,-0.0014310726901502,1.1198885660912e-07,-0.0017910156636185,-0.0043638419638788,2.1466940082694e-08,-0.0059470502933781,0.0033020891709685,471.96990307478,471.96990307478,444.44136632688,444.44136632688,471.96990307478,468.69185195214,468.69185195214,468.69185195214,427.42765952526,427.42765952526,427.42765952526,444.44136632688,0.033679147787671,0.10358627103633,0.071606718075676,0.077210161463443,658.92882346623,-0.3358280324699,0.0075001926556628,-0.0029020269159835,649.43025854273,0.0046150191482199,-0.33562318299977,0,5.0553562722661e-07,6.4139057522937e-12,1.1693882794025e-23,2.9970706033176e-25,1.0114582878415e-12,2.8064144522829e-13,2.4052077568462e-12,1.0110009301901e-24,1.7603367578713e-12,9.8139121688207e-13,6.8578804919772e-25,3.8579880491829e-12,3.3696361251779e-13,2.7766015920015e-10,5.4627380437363e-23,2.1395332038792e-24,8.6413798194099e-11,3.4264662852412e-11,2.632926473244e-10,7.5015576543713e-24,5.2642880165034e-10,5.3836969394812e-11,2.6813982169916e-24,1.1386863820575e-10,5.0946598870535e-11
8.1,997082714.03286,997082714.03286,997082714.03286,419304936.25507,419304936.25507,419304936.25507,1,1,1,399985972.15402,0.00013092361069418,0.00023878724790022,9.0567310760946e-05,1.0759661608207,316.07867021247,316.07867021247,288.53025127615,288.53025127615,316.07867021247,312.822290049,312.822290049,312.822290049,271.50092930028,271.50092930028,271.50092930028,288.53025127615,0.0014151865507184,5.3328783303758e-11,-1.6805845992807e-08,-0.0035449343115288,-0.0014395514172486,-0.0014287008416553,1.0766875498922e-07,-0.0017972605852826,-0.0043590434088844,2.1768468055542e-08,-0.005951873690906,0.0032952528171278,471.79324291495,471.79324291495,444.24482397863,444.24482397863,471.79324291495,468.53686275148,468.53686275148,468.53686275148,427.21550200276,427.21550200276,427.21550200276,444.24482397863,0.033620590481252,0.10423256388308,0.072057949113893,0.077669704372192,658.79641168413,-0.33845826912229,0.0028514157902284,-0.0053765277124113,649.3355560115,0.0023680441382104,-0.33647049782467,0,5.0762258949333e-07,6.450340139353e-12,1.5829328581648e-23,3.4845377588531e-25,9.7345001291686e-13,2.7754444259059e-13,2.3304554664634e-12,1.1681082709076e-24,1.6784056663509e-12,9.7223405968882e-13,1.0085689428497e-24,3.9254559808498e-12,3.3277270419938e-13,2.8678231770715e-10,7.7013431600791e-23,2.6323212595963e-24,8.7790464404658e-11,3.4657169967285e-11,2.6658840905158e-10,9.153512213409e-24,5.2880242570686e-10,5.5211915987825e-11,4.1077300945579e-24,1.1942007129237e-10,5.1417210542001e-11
8.15,995859396.54491,995859396.54491,995859396.54491,418081618.76713,418081618.76713,418081618.76713,1,1,1,399986712.57073,0.00013162940951193,0.00024025578492903,9.1158301560491e-05,1.0764637630176,315.89852051948,315.89852051948,288.33037364271,288.33037364271,315.89852051948,312.66383540488,312.66383540488,312.66383540488,271.28617703421,271.28617703421,271.28617703421,288.33037364271,0.0014162765531179,4.7033649316729e-11,-1.7756154136566e-08,-0.0035355009150089,-0.0014411203956368,-0.0014264665835006,1.039838645894e-07,-0.0018039383828768,-0.0043528613244507,2.1890308323814e-08,-0.0059537446377834,0.0032890776838968,471.61674383857,471.61674383857,444.0485969618,444.0485969618,471.61674383857,468.38205872396,468.38205872396,468.38205872396,427.0044003533,427.0044003533,427.0044003533,444.0485969618,0.033578181115941,0.10487817792614,0.072508609991064,0.078129040686017,658.66525741792,-0.34050630917178,0.0024571653624319,-0.0052659167796827,649.2420193331,0.0028036969014631,-0.33890572621605,0,5.0960987078357e-07,6.4792575206975e-12,2.0987400715258e-23,4.0091386683482e-25,9.3574369047447e-13,2.7432291192661e-13,2.2597233665171e-12,1.3359400916709e-24,1.599561009858e-12,9.6422371190849e-13,1.4503506970335e-24,3.9879690043316e-12,3.28614884226e-13,2.9594537156703e-10,1.0669409833127e-22,3.1992990874176e-24,8.9113805822632e-11,3.5045121149801e-11,2.6978414048372e-10,1.1042816809568e-23,5.3106454658084e-10,5.6575534238367e-11,6.1588357204999e-24,1.2505991114462e-10,5.1881942168071e-11
8.2,994641902.64886,994641902.64886,994641902.64886,416864124.87108,416864124.87108,416864124.87108,1,1,1,399987415.46755,0.00013233244466842,0.00024172447794441,9.1748585477274e-05,1.0769613325418,315.71896413079,315.71896413079,288.13148898745,288.13148898745,315.71896413079,312.50578831036,312.50578831036,312.50578831036,271.07324874961,271.07324874961,271.07324874961,288.13148898745,0.0014178964329174,4.1133387416252e-11,-1.8630832648256e-08,-0.0035260945495041,-0.0014429338299165,-0.0014235377402934,1.0100999874427e-07,-0.0018103621734466,-0.004345969774941,2.1808087210697e-08,-0.0059557323614026,0.0032838402027087,471.44067282882,471.44067282882,443.85319768547,443.85319768547,471.44067282882,468.22749700839,468.22749700839,468.22749700839,426.79495744763,426.79495744763,426.79495744763,443.85319768547,0.033506631684251,0.10552312191556,0.072958709963918,0.078588169971842,658.53448992634,-0.34214832274346,0.0035965912635211,-0.0053630663016316,649.14971076913,0.0030561451469068,-0.34072109123528,0,5.1150110602632e-07,6.4984158183929e-12,2.7388426892176e-23,4.5786907461857e-25,8.9860804647606e-13,2.7091051738994e-13,2.1926072388841e-12,1.5168573612609e-24,1.5233812927159e-12,9.5823282071894e-13,2.0428944467207e-24,4.0434081230784e-12,3.2466670550663e-13,3.0513551935134e-10,1.4542718309425e-22,3.8468237425344e-24,9.0384629509217e-11,3.5428246477684e-11,2.728849553779e-10,1.3187977062049e-23,5.3321893306566e-10,5.7930680089339e-11,9.047924753549e-24,1.3077815375049e-10,5.234109022625e-11
8.25,993426442.8532,993426442.8532,993426442.8532,415648665.07542,415648665.07542,415648665.07542,1,1,1,399988082.33464,0.00013303292951497,0.00024319336784756,9.2337118651091e-05,1.0774588661062,315.53952046814,315.53952046814,287.93266612411,287.93266612411,315.53952046814,312.34791564022,312.34791564022,312.34791564022,270.86125472421,270.86125472421,270.86125472421,287.93266612411,0.0014189077369794,3.5607928192588e-11,-1.9479422219905e-08,-0.0035182833986422,-0.0014441497555864,-0.0014213003555367,9.9900081763003e-08,-0.0018175854173171,-0.0043390232371205,2.152099356185e-08,-0.0059564728752738,0.0032776934863735,471.2645714547,471.2645714547,443.65771711067,443.65771711067,471.2645714547,468.07296662678,468.07296662678,468.07296662678,426.58630571077,426.58630571077,426.58630571077,443.65771711067,0.033424782055705,0.10616737297402,0.07340823066232,0.079047095891684,658.40403730247,-0.34518046140192,0.0051145591441128,-0.0035799249995342,649.05737663643,0.0059221705997779,-0.3425856899948,0,5.1330966360974e-07,6.5146290387e-12,3.5145675611332e-23,5.1827165465708e-25,8.6177904254246e-13,2.6754639206744e-13,2.1381123250349e-12,1.706099051699e-24,1.4564834052903e-12,9.5500818448517e-13,2.8187653873967e-24,4.0926829837987e-12,3.2077319261925e-13,3.143485960917e-10,1.9513067420256e-22,4.5797705455439e-24,9.1603369118949e-11,3.580661421391e-11,2.7590870282585e-10,1.5600765479713e-23,5.352787116508e-10,5.9281265616015e-11,1.3034260993553e-23,1.3656608153267e-10,5.2794732025697e-11
8.3,992213669.64867,992213669.64867,992213669.64867,414435891.87088,414435891.87088,414435891.87088,1,1,1,399988715.45804,0.00013373075825706,0.00024466237007296,9.2926026380639e-05,1.0779564054877,315.36045119032,315.36045119032,287.73392779155,287.73392779155,315.36045119032,312.19019534464,312.19019534464,312.19019534464,270.65037757938,270.65037757938,270.65037757938,287.73392779155,0.0014201370517671,3.0531488194746e-11,-2.024287476598e-08,-0.0035077817004299,-0.0014462606251003,-0.0014188840300689,1.0020000659722e-07,-0.0018242976752653,-0.0043335882927945,2.1078629180653e-08,-0.0059586298922167,0.0032728135319205,471.08870777543,471.08870777543,443.46218437666,443.46218437666,471.08870777543,467.91845192974,467.91845192974,467.91845192974,426.37863416448,426.37863416448,426.37863416448,443.46218437666,0.033290688557463,0.10681097546123,0.073857212887148,0.079505815939188,658.26848856261,-0.34629551988599,0.0035198996931053,-0.005856711064837,648.96133003108,0.0042900457180362,-0.34400799959069,0,5.1504220335646e-07,6.5193775326024e-12,4.448455487531e-23,5.817532732893e-25,8.2519165283684e-13,2.6419477224648e-13,2.0866715967216e-12,1.9059522430647e-24,1.3943075001493e-12,9.5534498546016e-13,3.8086984055593e-24,4.1363271569843e-12,3.1689877454126e-13,3.2356838821653e-10,2.5804133502335e-22,5.4024939145846e-24,9.2770366345948e-11,3.6180242043929e-11,2.7885970209815e-10,1.8296188991091e-23,5.3725056022763e-10,6.0632327451198e-11,1.8420573933684e-23,1.4241573149649e-10,5.3242894570553e-11
8.35,991002527.01388,991002527.01388,991002527.01388,413224749.23609,413224749.23609,413224749.23609,1,1,1,399989316.36996,0.00013442549012963,0.00024613150895632,9.351395786603e-05,1.0784539091811,315.18126465719,315.18126465719,287.53543790267,287.53543790267,315.18126465719,312.03263172002,312.03263172002,312.03263172002,270.44019958022,270.44019958022,270.44019958022,287.53543790267,0.0014218382054241,2.59457432178e-11,-2.0923893954409e-08,-0.0034982866322091,-0.001448759216514,-0.0014164619811665,1.0138786976183e-07,-0.0018310381034732,-0.0043265257494662,2.0472461943872e-08,-0.0059584749532595,0.0032678984499113,470.91259968995,470.91259968995,443.26677293543,443.26677293543,470.91259968995,467.76396675278,467.76396675278,467.76396675278,426.17153461298,426.17153461298,426.17153461298,443.26677293543,0.033253018762764,0.1074538685938,0.074305602409538,0.079964333180693,658.13366828852,-0.34744883526212,0.0026000969404903,-0.005274568587452,648.86615135789,0.0023303303605529,-0.34549044010454,0,5.1670277183088e-07,6.5175158957422e-12,5.5481705644138e-23,6.5003209039358e-25,7.8934920683699e-13,2.6075659949266e-13,2.0374286556493e-12,2.1190389874015e-24,1.3352835217076e-12,9.5996703442313e-13,5.0535494737346e-24,4.1749221992232e-12,3.1309656333316e-13,3.3278554758927e-10,3.3650431560888e-22,6.3217781127969e-24,9.3886674699705e-11,3.6549007563409e-11,2.8174106133533e-10,2.1292962666271e-23,5.3913893629364e-10,6.1989925850711e-11,2.5567372137563e-23,1.4831996309248e-10,5.3685679976751e-11
8.4,989795893.99969,989795893.99969,989795893.99969,412018116.2219,412018116.2219,412018116.2219,1,1,1,399989885.98591,0.00013511753144877,0.00024760081474837,9.4100484126067e-05,1.0789513821047,315.00262673418,315.00262673418,287.33747356422,287.33747356422,315.00262673418,311.875572805,311.875572805,311.875572805,270.23128473769,270.23128473769,270.23128473769,287.33747356422,0.0014231564214443,2.1842767222837e-11,-2.1502019577876e-08,-0.0034903955354644,-0.0014501050714839,-0.0014138967677792,1.0089277466982e-07,-0.0018384554223167,-0.0043189932272402,1.9721294774462e-08,-0.0059573293799659,0.0032639092923244,470.73690542905,470.73690542905,443.07175225909,443.07175225909,470.73690542905,467.60985149987,467.60985149987,467.60985149987,425.96556343257,425.96556343257,425.96556343257,443.07175225909,0.033162058827742,0.10809605723212,0.074753410673783,0.080422650146663,657.99807493314,-0.34926471433315,0.0049733977790547,-0.0050014401153096,648.76996993136,0.0046839382332593,-0.34735700323844,0,5.1829908382047e-07,6.5096301086628e-12,6.8172321708068e-23,7.1970502907271e-25,7.5396902400249e-13,2.5714683519855e-13,1.9900629504445e-12,2.333693465849e-24,1.2818892278968e-12,9.694962731809e-13,6.5872641285957e-24,4.2078811932801e-12,3.0918246383798e-13,3.4199155477498e-10,4.3291453754689e-22,7.3395947258197e-24,9.4952947919059e-11,3.6912668105269e-11,2.8455543534983e-10,2.4593303616096e-23,5.4095180142519e-10,6.3361000628913e-11,3.4883170407157e-23,1.5427080574487e-10,5.4122930010359e-11
8.45,988588849.33643,988588849.33643,988588849.33643,410811071.55864,410811071.55864,410811071.55864,1,1,1,399990426.95193,0.00013580654926824,0.00024907028292528,9.4685692221342e-05,1.0794488338657,314.82381983138,314.82381983138,287.13913444163,287.13913444163,314.82381983138,311.71835067633,311.71835067633,311.71835067633,270.02288201597,270.02288201597,270.02288201597,287.13913444163,0.0014245566461271,1.8171698206007e-11,-2.1963113723964e-08,-0.0034827457260442,-0.0014518153628185,-0.0014112565748057,1.022426841043e-07,-0.0018456854953425,-0.0043113600987951,1.8806047862079e-08,-0.0059561108832365,0.0032599583154122,470.56092250071,470.56092250071,442.87623711096,442.87623711096,470.56092250071,467.45545334567,467.45545334567,467.45545334567,425.7599846853,425.7599846853,425.7599846853,442.87623711096,0.033032819878403,0.10873753203929,0.075200628228352,0.080880767673133,657.86046440128,-0.35085356208395,0.0063972397240093,-0.0052445655967112,648.67219562097,0.0060932630391836,-0.34885938496941,0,5.1983441609561e-07,6.4954129472813e-12,8.2895678406562e-23,7.9121401781905e-25,7.1895005188865e-13,2.5338966801444e-13,1.9435502925702e-12,2.5520395489246e-24,1.2311210010233e-12,9.8479564981812e-13,8.4695535808933e-24,4.2336731422498e-12,3.0528300008527e-13,3.5117745585824e-10,5.5014673021157e-22,8.4585403205591e-24,9.5969696833108e-11,3.727101521034e-11,2.8730403053274e-10,2.8202432557898e-23,5.4269286944176e-10,6.4753711993052e-11,4.6860927948502e-23,1.602581237213e-10,5.4554665369441e-11
8.5,987382736.13664,987382736.13664,987382736.13664,409604958.35885,409604958.35885,409604958.35885,1,1,1,399990940.31605,0.00013649276081491,0.00025053990635614,9.5269937252325e-05,1.0799462674244,314.64510481565,314.64510481565,286.94073952473,286.94073952473,314.64510481565,311.56117091762,311.56117091762,311.56117091762,269.81499309711,269.81499309711,269.81499309711,286.94073952473,0.0014256458760083,1.4918149533279e-11,-2.2297078195073e-08,-0.0034738747560824,-0.001453416656327,-0.0014089579748184,1.0409408332154e-07,-0.0018532694462626,-0.0043047162540076,1.7752447827519e-08,-0.0059553414589003,0.0032555471410959,470.38491796775,470.38491796775,442.68055267683,442.68055267683,470.38491796775,467.30098406972,467.30098406972,467.30098406972,425.55480624921,425.55480624921,425.55480624921,442.68055267683,0.032914280807699,0.10937829218961,0.075647256043165,0.081338687558483,657.72012576043,-0.35273135264524,0.0052071028731218,-0.0055581474993035,648.5718035069,0.0062449807869878,-0.35035406580317,0,5.2131124080377e-07,6.4742021815354e-12,9.9237135576682e-23,8.6261737943161e-25,6.8418564901296e-13,2.496073925698e-13,1.8972773496985e-12,2.7663278342562e-24,1.1823310607022e-12,1.0093672528944e-12,1.0639534747449e-23,4.2522663905801e-12,3.0139745856025e-13,3.6033336038891e-10,6.9048923323518e-22,9.67846551769e-24,9.6937281457124e-11,3.7624013370181e-11,2.8998718589226e-10,3.2114610899073e-23,5.4436493806302e-10,6.6181172851511e-11,6.1907502285683e-23,1.6627173652168e-10,5.4980905743002e-11
8.55,986179786.05829,986179786.05829,986179786.05829,408402008.2805,408402008.2805,408402008.2805,1,1,1,399991427.19363,0.00013717567713251,0.00025200964593352,9.5852938103598e-05,1.0804436730579,314.46680091317,314.46680091317,286.74282399694,286.74282399694,314.46680091317,311.40415461988,311.40415461988,311.40415461988,269.60800804488,269.60800804488,269.60800804488,286.74282399694,0.0014270742124532,1.20957486991e-11,-2.2495693096095e-08,-0.0034658537231297,-0.0014551392071928,-0.0014064748192032,1.0631551058786e-07,-0.001860689599434,-0.0042967890026827,1.6597738220843e-08,-0.0059533740783673,0.0032520551918778,470.20921312193,470.20921312193,442.48523620569,442.48523620569,470.20921312193,467.14656682863,467.14656682863,467.14656682863,425.35042025363,425.35042025363,425.35042025363,442.48523620569,0.032810143450874,0.11001831837862,0.07609327899882,0.081796410954795,657.57870517102,-0.35462005482132,0.0057729056708204,-0.0055044911440426,648.47001133209,0.0058490367647208,-0.35236004295489,0,5.227314778514e-07,6.4467489907277e-12,1.1780607800422e-22,9.316455571805e-25,6.5014664331352e-13,2.4581236041247e-13,1.8524359836585e-12,2.9704307694749e-24,1.1351710065064e-12,1.0412222494329e-12,1.3255397968725e-23,4.2644830113135e-12,2.9752195109835e-13,3.6945044024481e-10,8.5709218647872e-22,1.0996011299979e-23,9.7856727657629e-11,3.7971644544075e-11,2.9260692598378e-10,3.6315434379355e-23,5.4597031229603e-10,6.7653683478103e-11,8.0653465867706e-23,1.7230262623279e-10,5.5401665321349e-11
8.6,984978471.62619,984978471.62619,984978471.62619,407200693.84841,407200693.84841,407200693.84841,1,1,1,399991888.82339,0.00013785557080278,0.00025347953363687,9.6435499692453e-05,1.0809410532943,314.28875175152,314.28875175152,286.54502100317,286.54502100317,314.28875175152,311.24713984001,311.24713984001,311.24713984001,269.40161117002,269.40161117002,269.40161117002,286.54502100317,0.0014284068147016,9.6838937892267e-12,-2.2579305513964e-08,-0.003455278386191,-0.0014570554495954,-0.0014044817117111,1.0859396948549e-07,-0.0018684785905403,-0.0042899845746925,1.5355358481746e-08,-0.0059524942599064,0.0032479365880038,470.03365877847,470.03365877847,442.28992803012,442.28992803012,470.03365877847,466.99204686696,466.99204686696,466.99204686696,425.14651819697,425.14651819697,425.14651819697,442.28992803012,0.032697351551718,0.11065759875089,0.076538686146782,0.082253940232192,657.4353156053,-0.35610623458469,0.0036103906762362,-0.0047443535978327,648.36671625485,0.0029829644797285,-0.3540243232594,0,5.2409759943722e-07,6.4160715744131e-12,1.3790349601262e-22,9.9412684062484e-25,6.169277679726e-13,2.4198751463963e-13,1.8078441461834e-12,3.1506851827496e-24,1.0901298249778e-12,1.0806803650117e-12,1.6211378477329e-23,4.2682507459453e-12,2.9369946250327e-13,3.785241356825e-10,1.0521171808384e-21,1.240191896071e-23,9.87291952741e-11,3.8313866569203e-11,2.9516360369397e-10,4.0771176095568e-23,5.4751198867926e-10,6.9181996306893e-11,1.0357981717511e-22,1.7833884432531e-10,5.5817019084483e-11
8.65,983778031.56076,983778031.56076,983778031.56076,406000253.78297,406000253.78297,406000253.78297,1,1,1,399992326.23318,0.00013853185177981,0.00025494952697619,9.7015732646705e-05,1.0814384035318,314.11079601587,314.11079601587,286.34719061971,286.34719061971,314.11079601587,311.09005651211,311.09005651211,311.09005651211,269.19575383771,269.19575383771,269.19575383771,286.34719061971,0.0014298870561293,7.6445987069179e-12,-2.2490989028599e-08,-0.0034499200552215,-0.0014590902013438,-0.0014015459274622,1.1071794408701e-07,-0.0018754699502345,-0.0042812839297091,1.4069313389574e-08,-0.0059480587757383,0.0032452385914254,469.8580962173,469.8580962173,442.09449082114,442.09449082114,469.8580962173,466.83735671353,466.83735671353,466.83735671353,424.94305403914,424.94305403914,424.94305403914,442.09449082114,0.032633530973966,0.11129613593254,0.076983485145363,0.082711273846725,657.29076591909,-0.35741502449211,0.0031656437419913,-0.0048243388487848,648.2627617402,0.0031407973143021,-0.35507614264437,0,5.2541100179923e-07,6.3786599032168e-12,1.6022778245858e-22,1.0555474310937e-24,5.8485988709556e-13,2.383145204302e-13,1.7639963534541e-12,3.3237237742757e-24,1.0461889775487e-12,1.1287397344179e-12,1.9713721118409e-23,4.2679667848873e-12,2.8989535687168e-13,3.875449230274e-10,1.2787134838603e-21,1.3894688453491e-23,9.9556312058519e-11,3.8650894196106e-11,2.97658271261e-10,4.547163133473e-23,5.4899152332012e-10,7.0778275347696e-11,1.314592289456e-22,1.8437466083626e-10,5.622699302984e-11
8.7,982578647.7145,982578647.7145,982578647.7145,404800869.93671,404800869.93671,404800869.93671,1,1,1,399992716.27867,0.00013920473809286,0.00025641970884374,9.759312246128e-05,1.0819357262385,313.93304547615,313.93304547615,286.14932895945,286.14932895945,313.93304547615,310.93300095978,310.93300095978,310.93300095978,268.99033774501,268.99033774501,268.99033774501,286.14932895945,0.0014309335247893,5.9495618703556e-12,-2.2266132690758e-08,-0.0034465015654899,-0.0014589615202485,-0.0013984072535074,1.1096514595727e-07,-0.0018833187124899,-0.0042719628770463,1.2757945949636e-08,-0.0059426422003873,0.0032439879683496,469.68263912435,469.68263912435,441.89892260765,441.89892260765,469.68263912435,466.68259460798,466.68259460798,466.68259460798,424.7399313932,424.7399313932,424.7399313932,441.89892260765,0.032468713059175,0.1119339213087,0.077427676696543,0.083168417681816,657.14380370281,-0.35993951448642,0.0093136280700422,-0.005801975992555,648.15548169423,0.011674074193451,-0.35712755401767,0,5.2667230894168e-07,6.3369802531873e-12,1.8213491136248e-22,1.109019632655e-24,5.541088041646e-13,2.3420581649827e-13,1.7209190806702e-12,3.4698291724034e-24,1.0030622021397e-12,1.1861218035488e-12,2.3325775930892e-23,4.2612128185644e-12,2.8590109528939e-13,3.9650676644594e-10,1.5362911456908e-21,1.546307905893e-23,1.003399402444e-10,3.8982111238185e-11,3.0009201836463e-10,5.0378710809461e-23,5.5041006749029e-10,7.2455704888901e-11,1.6444685761995e-22,1.9040092579643e-10,5.6631318236295e-11
8.75,981380282.29189,981380282.29189,981380282.29189,403602504.51411,403602504.51411,403602504.51411,1,1,1,399993087.79214,0.00013987478562922,0.00025788996163406,9.8171275718881e-05,1.0824330457302,313.75558587765,313.75558587765,285.95141140518,285.95141140518,313.75558587765,310.77609236041,310.77609236041,310.77609236041,268.7850796872,268.7850796872,268.7850796872,285.95141140518,0.0014318857792589,4.5332381230274e-12,-2.1930740428272e-08,-0.0034333929126502,-0.0014621858927359,-0.0013969580429954,1.1233496254165e-07,-0.0018901748554562,-0.0042668066747683,1.1407291845412e-08,-0.0059432155172569,0.0032394719772198,469.50737916271,469.50737916271,441.70320469025,441.70320469025,469.50737916271,466.52788564547,466.52788564547,466.52788564547,424.53687297227,424.53687297227,424.53687297227,441.70320469025,0.032279590900729,0.11257096866713,0.077871257265919,0.083625368720077,656.9918967889,-0.36074925976,-4.9036766860126e-05,-0.0061412025517141,648.04489237134,0.0012057389875933,-0.35793566768579,0,5.2788569372186e-07,6.29079475994e-12,2.0640475646667e-22,1.1478042800063e-24,5.2429399915566e-13,2.3056979541575e-13,1.6764997651029e-12,3.5695281153817e-24,9.631031763883e-13,1.253075949109e-12,2.7372045762732e-23,4.2449404999499e-12,2.8235152524651e-13,4.0540329371356e-10,1.8281915516242e-21,1.7086319438664e-23,1.0108140392868e-10,3.9308186169935e-11,3.0246294706976e-10,5.5426785881506e-23,5.517721010643e-10,7.4227821890815e-11,2.031567759675e-22,1.9640417822293e-10,5.7030623592656e-11
8.8,980184721.43814,980184721.43814,980184721.43814,402406943.66035,402406943.66035,402406943.66035,1,1,1,399993400.1119,0.00014054102909827,0.00025936038866275,9.8747022927163e-05,1.0829303184543,313.57867838566,313.57867838566,285.75371703252,285.75371703252,313.57867838566,310.61951218968,310.61951218968,310.61951218968,268.58034961034,268.58034961034,268.58034961034,285.75371703252,0.0014333186926388,3.4159217849748e-12,-2.145778915745e-08,-0.0034266444722991,-0.0014635727677928,-0.001394230567799,1.1164225452946e-07,-0.0018977377831008,-0.0042578080205387,1.010244816121e-08,-0.0059378183744882,0.0032379993159793,469.33258009477,469.33258009477,441.50761874163,441.50761874163,469.33258009477,466.3734138988,466.3734138988,466.3734138988,424.33425131945,424.33425131945,424.33425131945,441.50761874163,0.032264845444787,0.11320722048829,0.07831419188729,0.084082133899675,656.84029014936,-0.36195971815718,0.0021059787207867,-0.0047836398962613,647.93382445692,0.0027245227941795,-0.35987296909605,0,5.2905489044221e-07,6.241896461421e-12,2.2966028180032e-22,1.1802875226057e-24,4.9663389409954e-13,2.2684086938016e-13,1.6353134587288e-12,3.647865355021e-24,9.26018226619e-13,1.330250544543e-12,3.1610812483596e-23,4.2236045671309e-12,2.7862062118479e-13,4.1423066834423e-10,2.1529802368847e-21,1.8755498060633e-23,1.0178375031725e-10,3.9628987603913e-11,3.0477562954182e-10,6.0585646540288e-23,5.5308168859939e-10,7.6109080252262e-11,2.4786121569943e-22,2.0237725708386e-10,5.7424652653892e-11
8.85,978989040.69896,978989040.69896,978989040.69896,401211262.92117,401211262.92117,401211262.92117,1,1,1,399993697.99847,0.0001412033467606,0.00026083093788176,9.932065227636e-05,1.0834275633076,313.40184172609,313.40184172609,285.55573044886,285.55573044886,313.40184172609,310.4626873543,310.4626873543,310.4626873543,268.375951374,268.375951374,268.375951374,285.55573044886,0.0014346098309098,2.5308486118726e-12,-2.0863164707147e-08,-0.0034209706946793,-0.0014648203137937,-0.0013911881454286,1.1015459819966e-07,-0.0019050381520484,-0.004248958995191,8.8233032557933e-09,-0.0059322691121391,0.0032370383569635,469.1577686951,469.1577686951,441.31165741787,441.31165741787,469.1577686951,466.21861432332,466.21861432332,466.21861432332,424.13187834301,424.13187834301,424.13187834301,441.31165741787,0.032110900051495,0.11384268895988,0.078756489814436,0.084538713112162,656.68595686546,-0.36298240328705,0.0038904035612017,-0.0045008847757157,647.82046584389,0.0045221815366053,-0.36130530273306,0,5.3018177776106e-07,6.1893484838104e-12,2.5243954700124e-22,1.2031339436581e-24,4.7060161869102e-13,2.2314854879222e-13,1.5958788512341e-12,3.6955450611352e-24,8.9048823322226e-13,1.4189298356979e-12,3.6007002314437e-23,4.193192172235e-12,2.74991642384e-13,4.2298372891229e-10,2.5099836679332e-21,2.0456986401106e-23,1.0244928150887e-10,3.9944567308039e-11,3.0703254305714e-10,6.5811936486106e-23,5.5434102913595e-10,7.8115750069961e-11,2.9878280671291e-22,2.0830732632348e-10,5.7813549564091e-11
8.9,977793561.18044,977793561.18044,977793561.18044,400015783.40266,400015783.40266,400015783.40266,1,1,1,399993982.16894,0.00014186228957668,0.00026230170450604,9.9892356486428e-05,1.0839247867031,313.22520558256,313.22520558256,285.35767159524,285.35767159524,313.22520558256,310.30566954246,310.30566954246,310.30566954246,268.17173804728,268.17173804728,268.17173804728,285.35767159524,0.0014351689566328,1.829966407248e-12,-2.0186790762501e-08,-0.0034136140299209,-0.0014656275702633,-0.0013890695604764,1.0775348184953e-07,-0.0019127790994578,-0.0042417603758303,7.5719933159992e-09,-0.0059278648409166,0.0032348715769405,468.98307600041,468.98307600041,441.11554201309,441.11554201309,468.98307600041,466.0635399603,466.0635399603,466.0635399603,423.92960846513,423.92960846513,423.92960846513,441.11554201309,0.031982520042693,0.11447737054713,0.079198148603763,0.08499510997809,656.52799605046,-0.36592316376225,0.0032111401678878,-0.0048779606929752,647.70222738653,0.0046859771931495,-0.36368487403128,0,5.3126836910593e-07,6.135843456872e-12,2.7368407330222e-22,1.2151225948335e-24,4.4598121541388e-13,2.1953435989891e-13,1.5580157553662e-12,3.7075554384051e-24,8.5661316467758e-13,1.5195478447296e-12,4.0418605253918e-23,4.1531390506176e-12,2.7133800722629e-13,4.3166112194559e-10,2.8970313962027e-21,2.2175429254665e-23,1.0307999419227e-10,4.0255035777215e-11,3.0923591006877e-10,7.1055211670349e-23,5.5555246309114e-10,8.0264715240653e-11,3.5594334643521e-22,2.1418075189528e-10,5.8197279453897e-11
8.95,976597179.77767,976597179.77767,976597179.77767,398819401.99989,398819401.99989,398819401.99989,1,1,1,399994253.2863,0.00014251768216014,0.00026377268629314,0.0001004580670279,1.0844219707737,313.0487324867,313.0487324867,285.15898558983,285.15898558983,313.0487324867,310.14843008845,310.14843008845,310.14843008845,267.9675231246,267.9675231246,267.9675231246,285.15898558983,0.0014353383667803,1.3009418293259e-12,-1.9450298955669e-08,-0.0034182511536077,-0.0014642529714947,-0.0013843578871699,1.030028994263e-07,-0.0019208828908854,-0.0042315826147025,6.4076439788318e-09,-0.0059152962483168,0.0032358174647666,468.80846856333,468.80846856333,440.91872166645,440.91872166645,468.80846856333,465.90816616507,465.90816616507,465.90816616507,423.72725920123,423.72725920123,423.72725920123,440.91872166645,0.031816156021603,0.11511126603045,0.079639188690575,0.085451325196423,656.36635187835,-0.36822319297117,0.010683424486949,-0.0062509857831178,647.58265398223,0.025330910994194,-0.36240983805209,0,5.3231263810489e-07,6.0865662299069e-12,2.9321521453682e-22,1.2244506326702e-24,4.2315336506483e-13,2.1549426650101e-13,1.5234098623507e-12,3.7051360872885e-24,8.2156041327102e-13,1.6328963881921e-12,4.5148532583189e-23,4.1101613222388e-12,2.6745187861788e-13,4.4026882645621e-10,3.3117003292948e-21,2.3907063945844e-23,1.0367842342011e-10,4.0559790691514e-11,3.1139033695716e-10,7.629506537543e-23,5.567143249699e-10,8.2573979458784e-11,4.197930135356e-22,2.1999339778073e-10,5.8575513527921e-11
9,975401211.47923,975401211.47923,975401211.47923,397623433.70145,397623433.70145,397623433.70145,1,1,1,399994513.15567,0.00014316927233647,0.00026524369652577,0.00010102713191147,1.0849191286422,312.87250179238,312.87250179238,284.96006042115,284.96006042115,312.87250179238,309.99104387946,309.99104387946,309.99104387946,267.76366726732,267.76366726732,267.76366726732,284.96006042115,0.0014378603099526,8.9715779048881e-13,-1.8518206380523e-08,-0.0034014452796513,-0.0014679350979088,-0.0013833945600669,1.0023880495201e-07,-0.0019273006329446,-0.0042251874225819,5.2616153006016e-09,-0.005913506566963,0.0032342475745198,468.63403050714,468.63403050714,440.72158913592,440.72158913592,468.63403050714,465.75257259423,465.75257259423,465.75257259423,423.52519598208,423.52519598208,423.52519598208,440.72158913592,0.031758125255514,0.11574432870647,0.080079531670611,0.085907357944771,656.20311306969,-0.36682018551206,0.0075381219834554,-0.0036761991029134,647.46129779748,0.011545353990064,-0.36587889868826,0,5.3332118920924e-07,6.0152519771262e-12,3.0849176206691e-22,1.211395527759e-24,4.0158821380142e-13,2.1196697017181e-13,1.4950716720724e-12,3.6515977054057e-24,7.9168428818259e-13,1.7593473057261e-12,4.8615129515096e-23,4.0413159534253e-12,2.6408880655082e-13,4.4877567738335e-10,3.7479735630902e-21,2.5620235930599e-23,1.0424635491856e-10,4.0859557255506e-11,3.1350468759253e-10,8.1459204374745e-23,5.5783393562736e-10,8.5062072279467e-11,4.8854518903237e-22,2.257086816119e-10,5.8948991499816e-11
9.05,974205164.18089,974205164.18089,974205164.18089,396427386.40311,396427386.40311,396427386.40311,1,1,1,399994751.03083,0.00014381778907294,0.00026671493545941,0.00010159323584732,1.0854162843027,312.69634669294,312.69634669294,284.76074219659,284.76074219659,312.69634669294,309.83352009223,309.83352009223,309.83352009223,267.56000249423,267.56000249423,267.56000249423,284.76074219659,0.0014380452220387,6.0198932042551e-13,-1.7596317766625e-08,-0.0033942588129776,-0.0014691596760889,-0.0013815143894551,9.6329465755021e-08,-0.0019346311152402,-0.0042186142558026,4.197249770923e-09,-0.0059085678741842,0.0032325477353647,468.45959912219,468.45959912219,440.52399462585,440.52399462585,468.45959912219,465.59677252149,465.59677252149,465.59677252149,423.32325492349,423.32325492349,423.32325492349,440.52399462585,0.031623889959043,0.11637661464276,0.080519255332796,0.086363213517426,656.03282870001,-0.36946288349773,0.0042478461876568,-0.0051928452663975,647.33199645383,0.0075576937706242,-0.36692931426846,0,5.342946286304e-07,5.9509871985308e-12,3.2107737803884e-22,1.1931744950559e-24,3.8161717805968e-13,2.0825070372021e-13,1.4715674751868e-12,3.5727408571308e-24,7.6253616660613e-13,1.898958748055e-12,5.203610398774e-23,3.9653496711935e-12,2.6046250892904e-13,4.5719164418902e-10,4.2020455456839e-21,2.7307639483784e-23,1.0478604310741e-10,4.1154068225081e-11,3.1558579827388e-10,8.6511822949744e-23,5.5891232461598e-10,8.7747605495353e-11,5.6213535302489e-22,2.3131653289645e-10,5.9317341112433e-11
9.1,973011221.8346,973011221.8346,973011221.8346,395233444.05681,395233444.05681,395233444.05681,1,1,1,399994978.15652,0.00014446219816388,0.00026818635779996,0.00010215686181881,1.0859133883491,312.52101294299,312.52101294299,284.56104374996,284.56104374996,312.52101294299,309.67607470232,309.67607470232,309.67607470232,267.3569820447,267.3569820447,267.3569820447,284.56104374996,0.0014388463806806,3.913681409799e-13,-1.6539996618826e-08,-0.0033881126874804,-0.0014700841609478,-0.0013793816970249,9.2157028401704e-08,-0.0019418538608323,-0.0042105651662475,3.2114325262861e-09,-0.0059001054866301,0.0032322426149199,468.28592035811,468.28592035811,440.32595116508,440.32595116508,468.28592035811,465.44098211744,465.44098211744,465.44098211744,423.12188945982,423.12188945982,423.12188945982,440.32595116508,0.031651533735258,0.11700805858171,0.080958299221174,0.086818893242363,655.86188208138,-0.37029601718926,0.0042288840634957,-0.0044125933006413,647.20295392414,0.0063531710550281,-0.36859775522817,0,5.3523487740865e-07,5.9002332924637e-12,3.2845188776645e-22,1.165061017416e-24,3.6333049329993e-13,2.0458977940114e-13,1.4517710453336e-12,3.4648760706739e-24,7.3511524497091e-13,2.0514137662074e-12,5.472739190913e-23,3.877764788437e-12,2.5672359685273e-13,4.6553583413239e-10,4.6665466599503e-21,2.8955284575606e-23,1.0529987001866e-10,4.1443401865833e-11,3.1763891257565e-10,9.1411897680833e-23,5.5995193456532e-10,9.0648742665562e-11,6.3953157289609e-22,2.3680052045195e-10,5.9680403104884e-11
9.15,971816280.6623,971816280.6623,971816280.6623,394038502.88452,394038502.88452,394038502.88452,1,1,1,399995195.11459,0.00014510370680229,0.00026965796126135,0.00010271854006872,1.0864104779138,312.34574762703,312.34574762703,284.36067937942,284.36067937942,312.34574762703,309.51842276346,309.51842276346,309.51842276346,267.15396249297,267.15396249297,267.15396249297,284.36067937942,0.0014391666188737,2.4594946708256e-13,-1.5481389159702e-08,-0.0033817989460252,-0.0014712454987921,-0.0013771955776547,8.8012086437726e-08,-0.0019486533414416,-0.0042037686638535,2.3018191671985e-09,-0.0058934281833996,0.0032315228709459,468.11224688912,468.11224688912,440.12717864151,440.12717864151,468.11224688912,465.28492202555,465.28492202555,465.28492202555,422.92046175506,422.92046175506,422.92046175506,440.12717864151,0.031689594666034,0.11763871346867,0.081396710348708,0.087274396227246,655.68519521109,-0.37229668513347,0.0014722026887119,-0.0056753105525538,647.06844276773,0.0027897575229749,-0.36940195687076,0,5.3614393155153e-07,5.8491257356356e-12,3.3150774810506e-22,1.1239401227561e-24,3.4643018146292e-13,2.0094271124873e-13,1.4350816971351e-12,3.3201945455979e-24,7.094485021135e-13,2.2175693237675e-12,5.6591074652141e-23,3.7802176373899e-12,2.5295472718704e-13,4.7380774707575e-10,5.1353694133522e-21,3.0544775940503e-23,1.057897962797e-10,4.1727577773341e-11,3.1966842457485e-10,9.6107361836935e-23,5.6095524625882e-10,9.3784859278737e-11,7.1956343817841e-22,2.4214655550347e-10,6.0038135110738e-11
9.2,970622030.15711,970622030.15711,970622030.15711,392844252.37932,392844252.37932,392844252.37932,1,1,1,399995402.51267,0.00014574145575716,0.00027112980326803,0.00010327620141912,1.0869075159736,312.17109068204,312.17109068204,284.15977933719,284.15977933719,312.17109068204,309.3605809785,309.3605809785,309.3605809785,266.95128124353,266.95128124353,266.95128124353,284.15977933719,0.0014395017514653,1.4856552205986e-13,-1.4419598283217e-08,-0.0033799035371645,-0.0014711840463681,-0.0013748148796707,8.3572123100127e-08,-0.0019561421056026,-0.0041956346095027,1.4466124055976e-09,-0.0058814004044243,0.0032317836898136,467.93912097535,467.93912097535,439.92780963051,439.92780963051,467.93912097535,465.12861127182,465.12861127182,465.12861127182,422.71931153685,422.71931153685,422.71931153685,439.92780963051,0.031667335856649,0.1182685238194,0.081834450360884,0.087729727711633,655.50734135877,-0.37388596847186,0.0030782376975552,-0.0054672702552679,646.93312853451,0.0086091116026672,-0.37041491806505,0,5.3702299744002e-07,5.7980226443722e-12,3.290668997193e-22,1.0875948626998e-24,3.3124165806822e-13,1.9735392549768e-13,1.4221480690465e-12,3.1850539660285e-24,6.8489727047699e-13,2.3982425684413e-12,5.7673075321871e-23,3.6732433671588e-12,2.4902296939118e-13,4.8200738933437e-10,5.6007402858633e-21,3.2082867345701e-23,1.0625824272496e-10,4.2006678371367e-11,3.216796456618e-10,1.0061170835258e-22,5.6192383726756e-10,9.7176486444887e-11,8.0112548348237e-22,2.4734130609121e-10,6.0390306771393e-11
9.25,969428353.94044,969428353.94044,969428353.94044,391650576.16265,391650576.16265,391650576.16265,1,1,1,399995600.99779,0.00014637522215161,0.00027260181849511,0.00010382963855999,1.0874044900744,311.9967825824,311.9967825824,283.95873879693,283.95873879693,311.9967825824,309.20251227846,309.20251227846,309.20251227846,266.74887810738,266.74887810738,266.74887810738,283.95873879693,0.0014407161606823,8.5576377205847e-14,-1.3348828110513e-08,-0.003378263473535,-0.0014722382457372,-0.0013720121628241,7.889764236097e-08,-0.0019631057393286,-0.0041860723235227,6.2527568413657e-10,-0.0058679935265612,0.0032328507537763,467.76628426213,467.76628426213,439.72824047666,439.72824047666,467.76628426213,464.97201395819,464.97201395819,464.97201395819,422.51837978711,422.51837978711,422.51837978711,439.72824047666,0.031767212223214,0.11889747053063,0.082271501309449,0.088184886533791,655.33014710605,-0.37393072234081,0.0078391893430917,-0.0018801449145612,646.79937603796,0.013679841949908,-0.37161965987377,0,5.3787235356583e-07,5.7405377150478e-12,3.2291706129381e-22,1.0296465228459e-24,3.1750934841679e-13,1.9370830115015e-13,1.412868450263e-12,2.9932059363234e-24,6.610387464704e-13,2.5919888022401e-12,5.8134940015405e-23,3.5596932315535e-12,2.451679110762e-13,4.901257356263e-10,6.0574139734667e-21,3.353900742276e-23,1.0670726875167e-10,4.2280623277998e-11,3.2367774338601e-10,1.0484474078271e-22,5.6285868722807e-10,1.0084211216253e-10,8.833407040999e-22,2.5237547253716e-10,6.0737026556296e-11
9.3,968235418.70605,968235418.70605,968235418.70605,390457640.92827,390457640.92827,390457640.92827,1,1,1,399995790.81284,0.00014700496752856,0.00027407394410811,0.00010438042882351,1.0879014713844,311.82296788581,311.82296788581,283.75724331295,283.75724331295,311.82296788581,309.04445855816,309.04445855816,309.04445855816,266.54668181813,266.54668181813,266.54668181813,283.75724331295,0.0014401785813898,4.6167010410453e-14,-1.2215818521549e-08,-0.0033758591833206,-0.0014733282617579,-0.0013702526839598,7.5075198768556e-08,-0.0019691034146862,-0.0041792386907306,-2.0802690083915e-10,-0.0058582588040719,0.0032332045126879,467.59388227864,467.59388227864,439.52815770578,439.52815770578,467.59388227864,464.81537295099,464.81537295099,464.81537295099,422.31759621096,422.31759621096,422.31759621096,439.52815770578,0.031881314015381,0.11952564488404,0.082707939001045,0.088639871003199,655.14462838496,-0.37643727961527,0.0061416128714409,-0.004475621024822,646.65625777942,0.01158543637222,-0.37285044193745,0,5.3869500077621e-07,5.6753289224859e-12,3.1298862450914e-22,9.6910527064274e-25,3.0485492479074e-13,1.9028256836829e-13,1.4058846119526e-12,2.7925359761847e-24,6.3942804909468e-13,2.800189371478e-12,5.736109737071e-23,3.4376537160076e-12,2.413200681493e-13,4.9815186275941e-10,6.500046731116e-21,3.490952923987e-23,1.0713839872087e-10,4.2549723466868e-11,3.2566596447137e-10,1.0879398303364e-22,5.6376297504726e-10,1.0480217794889e-10,9.6446154595416e-22,2.5723704904508e-10,6.1078304669546e-11
9.35,967043825.80496,967043825.80496,967043825.80496,389266048.02718,389266048.02718,389266048.02718,1,1,1,399995952.21814,0.00014763433921559,0.00027554638868311,0.0001049325887328,1.0883984378568,311.64971631999,311.64971631999,283.55549468577,283.55549468577,311.64971631999,308.88628476455,308.88628476455,308.88628476455,266.34480009338,266.34480009338,266.34480009338,283.55549468577,0.0014401014097931,2.2531288473698e-14,-1.1115217755048e-08,-0.003360234222273,-0.0014734682216414,-0.0013690240423179,7.1772842348204e-08,-0.0019770372898499,-0.0041757880592896,-1.0838403102062e-09,-0.0058569948381848,0.003231890810801,467.42199354958,467.42199354958,439.32777191536,439.32777191536,467.42199354958,464.65856199414,464.65856199414,464.65856199414,422.11707732296,422.11707732296,422.11707732296,439.32777191536,0.031923155699447,0.12015299691061,0.083143711750619,0.08909469030103,654.95205822768,-0.37743203865248,-3.6504197384572e-05,-0.005035140684546,646.50678430009,0.0020348524391791,-0.37457510378473,0,5.3949341751467e-07,5.6084378687841e-12,2.9902763021619e-22,8.9748382949992e-25,2.9332992722199e-13,1.8711963591394e-13,1.4003457883852e-12,2.5707624879658e-24,6.1995387251332e-13,3.0106835661297e-12,5.5625460282039e-23,3.3010400071734e-12,2.3753408721016e-13,5.0608339165717e-10,6.922935661292e-21,3.6178763043559e-23,1.0755322988219e-10,4.2814350593764e-11,3.2764635247732e-10,1.1242959020976e-22,5.6463972222182e-10,1.0905992748013e-10,1.0431278262983e-21,2.6190542459316e-10,6.1414228597204e-11
9.4,965852962.25984,965852962.25984,965852962.25984,388075184.48205,388075184.48205,388075184.48205,1,1,1,399996101.30073,0.00014825972378599,0.00027701908470357,0.00010548087243405,1.0888953150042,311.47686578688,311.47686578688,283.35311233509,283.35311233509,311.47686578688,308.72804206397,308.72804206397,308.72804206397,266.14339709079,266.14339709079,266.14339709079,283.35311233509,0.0014408955022031,9.0908708872688e-15,-1.0046907865288e-08,-0.0033565059982565,-0.0014730576826586,-0.0013668113782565,6.8183814587586e-08,-0.0019848065271592,-0.0041673457869334,-2.0502008028701e-09,-0.0058427702619246,0.0032335459487744,467.25045545529,467.25045545529,439.1267020035,439.1267020035,467.25045545529,464.50163173238,464.50163173238,464.50163173238,421.9169867592,421.9169867592,421.9169867592,439.1267020035,0.031767634800237,0.12077944021957,0.083578759316986,0.089549346864506,654.76319954472,-0.37697725996394,0.0040269459987902,-0.0016206341049529,646.36108613843,0.0074870776424529,-0.37719878835941,0,5.4026738756963e-07,5.5385698144901e-12,2.8140560862838e-22,8.3003617947279e-25,2.8347712568322e-13,1.8383713720478e-13,1.398593517801e-12,2.3580313917676e-24,6.0066441392593e-13,3.2371828453792e-12,5.3266001392961e-23,3.1612755969825e-12,2.3370425421705e-13,5.1391611220498e-10,7.3209032895421e-21,3.735261146583e-23,1.0795412707796e-10,4.3074335566467e-11,3.2962426239844e-10,1.157643501845e-22,5.6548918998243e-10,1.1363799536394e-10,1.1184573278816e-21,2.6637614341681e-10,6.1744736323102e-11
9.45,964664823.57581,964664823.57581,964664823.57581,386887045.79803,386887045.79803,386887045.79803,1,1,1,399996245.19687,0.00014888281472164,0.00027849194726285,0.0001060262358515,1.0893921918616,311.3047008034,311.3047008034,283.15115425514,283.15115425514,311.3047008034,308.5698249504,308.5698249504,308.5698249504,265.94229023824,265.94229023824,265.94229023824,283.15115425514,0.0014396100274801,1.7814255234926e-15,-9.0138079572481e-09,-0.0033532824253727,-0.0014738855704122,-0.0013646019496538,6.5012585846056e-08,-0.0019907368347038,-0.0041616327379673,-3.148558078689e-09,-0.0058344629032852,0.0032332608654558,467.07955340433,467.07955340433,438.92600685608,438.92600685608,467.07955340433,464.34467755133,464.34467755133,464.34467755133,421.71714283917,421.71714283917,421.71714283917,438.92600685608,0.031830142692942,0.12140512871005,0.084013212479076,0.090003831913309,654.56616706476,-0.38007863433597,0.00082453485331249,-0.0047632601646011,646.20705292297,0.0052643088588942,-0.37700091964487,0,5.410184122409e-07,5.4667579657359e-12,2.6172683929932e-22,7.5936680380932e-25,2.742772896256e-13,1.8079241505319e-13,1.3983514297118e-12,2.139008184044e-24,5.8238949808459e-13,3.4735079185575e-12,5.0246130872709e-23,3.0168157023183e-12,2.3001716486355e-13,5.2164727546233e-10,7.6910409353163e-21,3.8426518298593e-23,1.083420137408e-10,4.3330014651809e-11,3.316018299553e-10,1.187893645684e-22,5.663128131092e-10,1.1855027737138e-10,1.1895160876185e-21,2.7064256509821e-10,6.2070029717231e-11
9.5,963478623.29018,963478623.29018,963478623.29018,385700845.51239,385700845.51239,385700845.51239,1,1,1,399996383.75929,0.00014950146819297,0.00027996498487929,0.00010656626041144,1.0898889890611,311.13325376817,311.13325376817,282.94880029986,282.94880029986,311.13325376817,308.41161555692,308.41161555692,308.41161555692,265.74177363635,265.74177363635,265.74177363635,282.94880029986,0.0014395589865217,-1.8860245280777e-15,-8.0441555718941e-09,-0.0033549043766403,-0.0014742809105427,-0.0013613621774952,6.1755110732675e-08,-0.0019963264300291,-0.0041544513972428,-4.4113768076834e-09,-0.0058171893946326,0.003235015429519,466.90932235706,466.90932235706,438.72486888875,438.72486888875,466.90932235706,464.1876841458,464.1876841458,464.1876841458,421.51784222524,421.51784222524,421.51784222524,438.72486888875,0.031885327194692,0.12202992697399,0.084446958951029,0.09045815282785,654.37186025587,-0.3796052417796,0.0023574046971858,-0.0051017553185703,646.05641126942,0.014016402314003,-0.37876263115234,0,5.4174647593387e-07,5.3919881841598e-12,2.4016627916563e-22,6.9038119611903e-25,2.6627871145057e-13,1.7775697622196e-13,1.3996075102887e-12,1.9269269115436e-24,5.6434937267614e-13,3.721573907717e-12,4.6844028327548e-23,2.8712610473755e-12,2.2630170170513e-13,5.2927269828052e-10,8.030687344537e-21,3.9402864749352e-23,1.087185887059e-10,4.3581400978388e-11,3.3358117387835e-10,1.2151445074041e-22,5.6711092364596e-10,1.2381337766504e-10,1.2557635477955e-21,2.7470314141252e-10,6.239006865297e-11
9.55,962295450.48776,962295450.48776,962295450.48776,384517672.70997,384517672.70997,384517672.70997,1,1,1,399996517.43429,0.0001501179739432,0.00028143831408165,0.00010710596014365,1.0903857541223,310.9625350052,310.9625350052,282.74651993777,282.74651993777,310.9625350052,308.25348268619,308.25348268619,308.25348268619,265.54199334127,265.54199334127,265.54199334127,282.74651993777,0.0014397412522978,-3.4578657010468e-15,-7.1025352696823e-09,-0.0033439217314311,-0.0014749990930563,-0.0013605278459623,5.9046056013726e-08,-0.0020044073561618,-0.0041476998531323,-5.8412405139891e-09,-0.0058102671670108,0.0032354831712767,466.73977111753,466.73977111753,438.5237560501,438.5237560501,466.73977111753,464.03071879852,464.03071879852,464.03071879852,421.3192294536,421.3192294536,421.3192294536,438.5237560501,0.032039654879251,0.12265390776401,0.084880051283823,0.090912311299119,654.17322492869,-0.38192143766005,0.0025013455610643,-0.00043706509797016,645.89922702582,0.0085934114247763,-0.38226630690535,0,5.4245356370921e-07,5.3112384284065e-12,2.17460786967e-22,6.1421737051896e-25,2.5915422469013e-13,1.7497179372716e-13,1.4006974494371e-12,1.6996258587271e-24,5.476607235173e-13,3.9699248368932e-12,4.282340085444e-23,2.7114212125514e-12,2.2275504043166e-13,5.3678392369897e-10,8.33822333875e-21,4.0271499284985e-23,1.090850881252e-10,4.382884846211e-11,3.3556205920812e-10,1.2391808468078e-22,5.6788543286873e-10,1.2942769921098e-10,1.3163249820708e-21,2.7853767006462e-10,6.2705091852236e-11
9.6,961113537.95337,961113537.95337,961113537.95337,383335760.17558,383335760.17558,383335760.17558,1,1,1,399996646.35493,0.00015073163659512,0.00028291184138896,0.0001076425147128,1.0908824895065,310.79220468451,310.79220468451,282.54390650826,282.54390650826,310.79220468451,308.09512849873,308.09512849873,308.09512849873,265.34291020755,265.34291020755,265.34291020755,282.54390650826,0.0014389742350086,-3.8951016002723e-15,-6.223475466333e-09,-0.0033396068418138,-0.0014758523546315,-0.0013582313375309,5.635874139209e-08,-0.0020105728599354,-0.0041408717235613,-7.4463492230565e-09,-0.0058000559943825,0.0032368643916595,466.57056637762,466.57056637762,438.32226820137,438.32226820137,466.57056637762,463.87349019185,463.87349019185,463.87349019185,421.12127190066,421.12127190066,421.12127190066,438.32226820137,0.031945568020846,0.12327707236529,0.085312499846839,0.091366305692433,653.97003201119,-0.38334876013896,0.0033889506584905,-0.0010627059794849,645.7388191125,0.0081124093951251,-0.38350022246164,0,5.4313994295759e-07,5.2282354991533e-12,1.9431177071457e-22,5.4635547000007e-25,2.5274898326428e-13,1.7223970820573e-13,1.4017781399105e-12,1.4995704885455e-24,5.3131206201975e-13,4.2258759750538e-12,3.859670797162e-23,2.5530069548491e-12,2.1928062864445e-13,5.4417776524916e-10,8.6130216802233e-21,4.1044162600536e-23,1.0944252916521e-10,4.4072432193434e-11,3.3754447286502e-10,1.2603879760342e-22,5.6863682159269e-10,1.3540399032781e-10,1.3709089699473e-21,2.82148167125e-10,6.301520149123e-11
9.65,959935774.91597,959935774.91597,959935774.91597,382157997.13819,382157997.13819,382157997.13819,1,1,1,399996787.74953,0.00015134366848711,0.0002843872945034,0.00010817698557321,1.0913792025287,310.62267684114,310.62267684114,282.34147989233,282.34147989233,310.62267684114,307.93712106206,307.93712106206,307.93712106206,265.14472691754,265.14472691754,265.14472691754,282.34147989233,0.0014374636205554,-3.7588539374553e-15,-5.4106949737146e-09,-0.0033350324398394,-0.0014767859521774,-0.0013557959754719,5.3945727730998e-08,-0.0020160580822082,-0.0041349744059415,-9.1997949314546e-09,-0.0057918088095308,0.0032376544947887,466.40212196692,466.40212196692,438.12092501811,438.12092501811,466.40212196692,463.71656618784,463.71656618784,463.71656618784,420.92417204332,420.92417204332,420.92417204332,438.12092501811,0.031993727910672,0.1238994688998,0.085744343688535,0.091820133401914,653.76167447501,-0.38516346502263,-0.00029310111213376,-0.004998767288997,645.57392586985,0.0044775002882161,-0.38215689397772,0,5.438065840701e-07,5.1428459990436e-12,1.7145380973906e-22,4.7880546228259e-25,2.4690067357099e-13,1.696269727044e-13,1.4043747036878e-12,1.3043999857262e-24,5.1569285960163e-13,4.4843751715337e-12,3.4194371413573e-23,2.3931430335345e-12,2.1579320204e-13,5.514508478102e-10,8.8554939832768e-21,4.1721295779034e-23,1.0979169944633e-10,4.4312320958777e-11,3.3953055861763e-10,1.2788349775399e-22,5.6936612142876e-10,1.4174585451416e-10,1.4192671137571e-21,2.8553258245972e-10,6.3320379164223e-11
9.7,958760567.1263,958760567.1263,958760567.1263,380982789.34852,380982789.34852,380982789.34852,1,1,1,399996907.32193,0.00015195257684854,0.00028586934034428,0.00010870851410338,1.0918758484353,310.45367404297,310.45367404297,282.13933691112,282.13933691112,310.45367404297,307.77941007854,307.77941007854,307.77941007854,264.94663625002,264.94663625002,264.94663625002,282.13933691112,0.0014370149315165,-3.3653547526064e-15,-4.6644737588979e-09,-0.0033308044100532,-0.0014775785539393,-0.0013533684016933,5.1503668122903e-08,-0.0020222019247355,-0.0041278073725143,-1.1045303782778e-08,-0.005779577095631,0.0032393166841387,466.23416303227,466.23416303227,437.91982590042,437.91982590042,466.23416303227,463.55989906783,463.55989906783,463.55989906783,420.72712523931,420.72712523931,420.72712523931,437.91982590042,0.031956745278085,0.12452101346087,0.086175511114473,0.092273800716431,653.55442293544,-0.38568327827635,0.00059076490881755,-0.0046024854474237,645.40916968404,0.0058539954002437,-0.3834155686766,0,5.4445354744013e-07,5.0563110628232e-12,1.4864342101445e-22,4.1620346771128e-25,2.418270103958e-13,1.6710543987237e-13,1.4058102061224e-12,1.124198099053e-24,5.0030360739438e-13,4.7421899195981e-12,2.978669437719e-23,2.2346511283758e-12,2.1238267800443e-13,5.5860155149082e-10,9.065707525233e-21,4.2309896367778e-23,1.1013369448418e-10,4.4548643738191e-11,3.4151867447725e-10,1.2947335395247e-22,5.7007365757564e-10,1.484523238138e-10,1.4613918609236e-21,2.8869285639264e-10,6.362073362787e-11
9.75,957587200.20784,957587200.20784,957587200.20784,379809422.43006,379809422.43006,379809422.43006,1,1,1,399997030.98744,0.00015255882040798,0.00028735129547989,0.00010923683206385,1.092372451391,310.28523998579,310.28523998579,281.93724391508,281.93724391508,310.28523998579,307.62156829658,307.62156829658,307.62156829658,264.74889089648,264.74889089648,264.74889089648,281.93724391508,0.0014360212305568,-2.8930978416204e-15,-3.9954326915972e-09,-0.0033267541001037,-0.0014783057062157,-0.0013513220753407,4.9124652527756e-08,-0.0020282524516106,-0.0041213497899018,-1.2928037836669e-08,-0.0057685668581582,0.0032403655268829,466.06673445363,466.06673445363,437.71873838292,437.71873838292,466.06673445363,463.40306276442,463.40306276442,463.40306276442,420.53038536432,420.53038536432,420.53038536432,437.71873838292,0.031965213614754,0.12514174837938,0.086606039376107,0.092727307155572,653.34469178839,-0.38754536782889,0.00085738597886808,-0.0044809335335857,645.24077098,0.0064659507595108,-0.38497358698899,0,5.4508118916872e-07,4.9700049658271e-12,1.2680636885177e-22,3.5773676019688e-25,2.3721437203195e-13,1.6469555762904e-13,1.4062670268391e-12,9.5789403180386e-25,4.8527833513806e-13,4.9985126356069e-12,2.5532195186704e-23,2.0790378952377e-12,2.090715199797e-13,5.6563019991856e-10,9.2450388118584e-21,4.2815812545808e-23,1.104691662663e-10,4.4781558429452e-11,3.4350743637893e-10,1.3082802068356e-22,5.7075994477872e-10,1.5552128817477e-10,1.4974998376338e-21,2.9163305998077e-10,6.3916405406931e-11
9.8,956414240.48164,956414240.48164,956414240.48164,378636462.70386,378636462.70386,378636462.70386,1,1,1,399997135.05592,0.00015316210063512,0.00028883303079604,0.00010975868929383,1.0928690056374,310.11739263907,310.11739263907,281.73487481105,281.73487481105,310.11739263907,307.46395331332,307.46395331332,307.46395331332,264.55050210462,264.55050210462,264.55050210462,281.73487481105,0.0014342136792919,-2.4178173003736e-15,-3.3931319086981e-09,-0.0033304095795561,-0.0014793712391327,-0.0013486136921306,4.6446323739942e-08,-0.0020335222626717,-0.0041154748605753,-1.4833958438548e-08,-0.0057515842149582,0.0032406176605782,465.89985638777,465.89985638777,437.51733855975,437.51733855975,465.89985638777,463.24641706202,463.24641706202,463.24641706202,420.33296585332,420.33296585332,420.33296585332,437.51733855975,0.031997649455414,0.12576167285098,0.087035938656855,0.093180652453275,653.13275879562,-0.3878204278958,0.0011673866575506,-0.0046414431299795,645.07216185826,0.016281451134029,-0.38339443833705,0,5.4568865638101e-07,4.8827892386356e-12,1.0668565926139e-22,3.060077823662e-25,2.3309121690954e-13,1.6226816329759e-13,1.4068335884044e-12,8.109536183119e-25,4.6983010284197e-13,5.2611442931627e-12,2.1651789570047e-23,1.9298944274049e-12,2.0585234310479e-13,5.7253550668204e-10,9.3959151180966e-21,4.3248572901822e-23,1.1079880702653e-10,4.5011040266729e-11,3.4549699951965e-10,1.3197488228903e-22,5.7142438488217e-10,1.6296166978777e-10,1.5281200920934e-21,2.9436234285396e-10,6.4207524582397e-11
9.85,955242390.3952,955242390.3952,955242390.3952,377464612.61742,377464612.61742,377464612.61742,1,1,1,399997235.76266,0.00015376183014239,0.00029031463213443,0.00011027828406929,1.0933655322071,309.94990877828,309.94990877828,281.53184926478,281.53184926478,309.94990877828,307.30636534248,307.30636534248,307.30636534248,264.35274118288,264.35274118288,264.35274118288,281.53184926478,0.0014327276051606,-1.9833571191943e-15,-2.8668132130881e-09,-0.0033278734258744,-0.0014810479537491,-0.0013464408788691,4.4197271113786e-08,-0.0020382099924306,-0.0041094699370291,-1.659465457487e-08,-0.0057407352765074,0.0032411685471978,465.73330741402,465.73330741402,437.31524790052,437.31524790052,465.73330741402,463.08976397823,463.08976397823,463.08976397823,420.13613981863,420.13613981863,420.13613981863,437.31524790052,0.032141056998332,0.12638081764646,0.087465224234224,0.093633834553415,652.9176433039,-0.39178484653699,-0.0023750666405275,-0.0064583790371174,644.89759060958,0.016539840175162,-0.38355615283588,0,5.4627705082523e-07,4.7943307113214e-12,8.8154974555899e-23,2.5770570005951e-25,2.2911254649717e-13,1.6012597653436e-13,1.4039055422263e-12,6.7710431109874e-25,4.55114525872e-13,5.5112792321384e-12,1.7950198601479e-23,1.7817715490947e-12,2.0287015067186e-13,5.793157141965e-10,9.5205850787042e-21,4.3613023797947e-23,1.1112282109709e-10,4.5237492594432e-11,3.4748242177776e-10,1.3293245238893e-22,5.7206801401709e-10,1.7075579562388e-10,1.5535055064029e-21,2.9688214834374e-10,6.4494426300877e-11
9.9,954074895.99251,954074895.99251,954074895.99251,376297118.21473,376297118.21473,376297118.21473,1,1,1,399997346.92733,0.00015435880096669,0.00029179644541576,0.00011079786247673,1.0938620098429,309.78366415292,309.78366415292,281.32925845782,281.32925845782,309.78366415292,307.14923040274,307.14923040274,307.14923040274,264.15510193428,264.15510193428,264.15510193428,281.32925845782,0.0014332263190636,-1.5940143555792e-15,-2.395001860749e-09,-0.003313290985828,-0.0014824191324021,-0.0013454370720352,4.2213049271893e-08,-0.0020439379994561,-0.0041029385629503,-1.8106013127864e-08,-0.0057346852557071,0.003244216391159,465.56796294684,465.56796294684,437.11355725173,437.11355725173,465.56796294684,462.93352919666,462.93352919666,462.93352919666,419.93940072819,419.93940072819,419.93940072819,437.11355725173,0.032126412907549,0.12699909740186,0.087893816842902,0.09408686518447,652.70033236823,-0.38951106551893,0.0016351057258219,-0.0020456284672237,644.72044399171,0.0047853759633785,-0.38912008388032,0,5.4684718774132e-07,4.7023638890075e-12,7.1328982381073e-23,2.1278283059546e-25,2.2575821544477e-13,1.5815173250274e-13,1.3993886312357e-12,5.5493047087305e-25,4.411323539757e-13,5.7401427091494e-12,1.4516070120188e-23,1.6355813248035e-12,1.9991871557063e-13,5.8596586098355e-10,9.6214594929778e-21,4.3913944162815e-23,1.1144209142719e-10,4.546115291945e-11,3.4946145615908e-10,1.3371724258701e-22,5.7269186937489e-10,1.7887358329312e-10,1.5740343296393e-21,2.9919520963564e-10,6.477715405981e-11
9.95,952912848.52855,952912848.52855,952912848.52855,375135070.75077,375135070.75077,375135070.75077,1,1,1,399997440.57285,0.00015495457719269,0.00029327810032152,0.00011131451062361,1.0943584577187,309.61812808446,309.61812808446,281.12708699566,281.12708699566,309.61812808446,306.99231535748,306.99231535748,306.99231535748,263.95913219934,263.95913219934,263.95913219934,281.12708699566,0.0014311928221028,-1.2650998331186e-15,-1.9848075936282e-09,-0.0033093453358615,-0.0014821912433898,-0.0013434351523205,4.0176593878203e-08,-0.0020502378034691,-0.0040979041940874,-1.9441790343899e-08,-0.0057246885352732,0.003244853428769,465.40329510926,465.40329510926,436.91225402047,436.91225402047,465.40329510926,462.77748238229,462.77748238229,462.77748238229,419.74429922415,419.74429922415,419.74429922415,436.91225402047,0.032082399099722,0.12761661346396,0.088321818170354,0.094539738115814,652.47834284422,-0.39164766309523,-0.0010714096997454,-0.0043193101036058,644.53847345326,0.0062824131543891,-0.38955187699163,0,5.4739903434803e-07,4.6128443250916e-12,5.675869830747e-23,1.7448100206882e-25,2.2262675296486e-13,1.5610863524409e-13,1.3946502822499e-12,4.5127755791698e-25,4.2711168281725e-13,5.965397308581e-12,1.1522577590329e-23,1.4960898771199e-12,1.9699940928794e-13,5.9248940798921e-10,9.7017284139069e-21,4.4160697562317e-23,1.1175693320058e-10,4.5681923868616e-11,3.5143378950301e-10,1.3435544542981e-22,5.7329589650938e-10,1.8730992907186e-10,1.590329715141e-21,3.0131100023039e-10,6.5055753296204e-11
10,951753164.85764,951753164.85764,951753164.85764,373975387.07986,373975387.07986,373975387.07986,1,1,1,399997531.20183,0.00015554674824531,0.00029475969773072,0.00011182728478322,1.0948548510503,309.45327999892,309.45327999892,280.92504437561,280.92504437561,309.45327999892,306.83598656782,306.83598656782,306.83598656782,263.76284124239,263.76284124239,263.76284124239,280.92504437561,0.0014297703098789,-9.8940805631196e-16,-1.6329704023911e-09,-0.0033067690383568,-0.0014836654098248,-0.0013410352603604,3.8166379013632e-08,-0.002054722397416,-0.0040918794648481,-2.0512204089023e-08,-0.0057124299144899,0.0032459007825925,465.2392843018,465.2392843018,436.71104867849,436.71104867849,465.2392843018,462.62199087069,462.62199087069,462.62199087069,419.54884554526,419.54884554526,419.54884554526,436.71104867849,0.032049322663363,0.12823331885112,0.088749188723699,0.094992454480329,652.25593316337,-0.3933025384098,-0.00046501522138151,-0.0044886614663333,644.35551159561,0.0063906566152068,-0.39070607375036,0,5.4793255814328e-07,4.5230252948212e-12,4.4334128223921e-23,1.4202981259497e-25,2.1980347210352e-13,1.5416081253078e-13,1.3888770656314e-12,3.6406057721562e-25,4.1319455950234e-13,6.1814972985061e-12,8.9763914484069e-24,1.3632465874308e-12,1.9418992364444e-13,5.988859317041e-10,9.7644263393171e-21,4.436155804955e-23,1.1206778225189e-10,4.5899940180484e-11,3.5339795828569e-10,1.3487030483564e-22,5.7388024185932e-10,1.9605188638718e-10,1.6030242496685e-21,3.032389220432e-10,6.5330379319898e-11
