time,H_1,H_2,H_3,cry_1,cry_2,cry_3,disloc_density,disp_x,disp_y,disp_z,fp_yy,gd_0,gd_1,gd_10,gd_11,gd_2,gd_3,gd_4,gd_5,gd_6,gd_7,gd_8,gd_9,slip_increment_0,slip_increment_1,slip_increment_10,slip_increment_11,slip_increment_2,slip_increment_3,slip_increment_4,slip_increment_5,slip_increment_6,slip_increment_7,slip_increment_8,slip_increment_9,slip_resistance_0,slip_resistance_1,slip_resistance_10,slip_resistance_11,slip_resistance_2,slip_resistance_3,slip_resistance_4,slip_resistance_5,slip_resistance_6,slip_resistance_7,slip_resistance_8,slip_resistance_9,sliprate,strain_eff,strain_shear,strain_yy,stress_vm,stress_xx,stress_xy,stress_xz,stress_yy,stress_yz,stress_zz,total_twin_volume,twin_slip_increment_0,twin_slip_increment_1,twin_slip_increment_10,twin_slip_increment_11,twin_slip_increment_2,twin_slip_increment_3,twin_slip_increment_4,twin_slip_increment_5,twin_slip_increment_6,twin_slip_increment_7,twin_slip_increment_8,twin_slip_increment_9,twin_twin_system_volume_fraction_0,twin_twin_system_volume_fraction_1,twin_twin_system_volume_fraction_10,twin_twin_system_volume_fraction_11,twin_twin_system_volume_fraction_2,twin_twin_system_volume_fraction_3,twin_twin_system_volume_fraction_4,twin_twin_system_volume_fraction_5,twin_twin_system_volume_fraction_6,twin_twin_system_volume_fraction_7,twin_twin_system_volume_fraction_8,twin_twin_system_volume_fraction_9
2.5e-06,1801.4287270575,1862.5592453996,1847.1231386539,0.97741707853608,0.97723458413469,0.99981571212164,20000000,2.1933698016875e-07,7.3415427323676e-07,1.6717997240983e-07,1,0.74578959716851,0.74578959716851,0.6545259500377,0.6545259500377,0.74578959716851,0.68016873916234,0.68016873916234,0.68016873916234,0.76612118488696,0.76612118488696,0.76612118488696,0.6545259500377,7.856089060008e-22,8.9772146277017e-36,1.7260298974113e-34,-4.7170686198071e-24,-8.8643702308024e-24,-1.1497760197205e-25,-6.0590204896549e-40,-3.9368082876824e-24,-1.4164049664705e-25,-5.8480195747216e-38,-1.0516384671631e-23,9.0652159173998e-22,334.4683185652,334.4683185652,334.37705491807,334.37705491807,334.4683185652,334.4026977072,334.4026977072,334.4026977072,334.48865015292,334.48865015292,334.48865015292,334.37705491807,0,0.00028506159867338,0.00017578796470352,0.00024996718364534,37.24919672092,4.8546646155919e-07,9.4756940805972e-08,-8.6916749686879e-08,37.249197289662,4.9292173720891e-07,7.6913487063406e-07,8.2050522208724e-25,2.3881546619655e-32,0,0,1.9900630386657e-25,3.7615000847916e-25,5.1396835746921e-28,0,1.0177366325464e-32,2.3688069925214e-27,0,3.7856365317537e-33,1.7662791259484e-31,3.3773607119961e-32,0,0,2.8143741392584e-25,5.3195644347799e-25,7.2686102176358e-28,0,1.439296948671e-32,3.349998975468e-27,0,5.3536985254211e-33,2.4978958948527e-31
5e-06,1801.4287270575,1862.5592453996,1847.1231386539,0.97741707853608,0.97723458413469,0.99981571212164,20000000,4.3862393631666e-07,1.4683158361545e-06,3.3436562841321e-07,1,0.74578959716851,0.74578959716851,0.6545259500377,0.6545259500377,0.74578959716851,0.68016873916234,0.68016873916234,0.68016873916234,0.76612118488696,0.76612118488696,0.76612118488696,0.6545259500377,8.2695790863727e-16,9.523093064729e-30,1.8306648855938e-28,-4.9546894217442e-18,-9.3128457852933e-18,-1.2060593608874e-19,-6.4030263904178e-34,-4.1344796578605e-18,-1.4860341802642e-19,-6.183372480011e-32,-1.1049961293011e-17,9.5432455006393e-16,334.4683185652,334.4683185652,334.37705491807,334.37705491807,334.4683185652,334.4026977072,334.4026977072,334.4026977072,334.48865015292,334.48865015292,334.48865015292,334.37705491807,1.7397969564591e-21,0.00057008772968032,0.00035156791547153,0.00049986880067937,74.542234337255,5.4067051507301e-07,1.5340726813036e-06,-5.2283298920282e-08,74.542234647229,2.4370987784753e-06,1.0156328020656e-06,8.6811468920539e-19,2.4980049273016e-26,0,0,2.0975042579728e-19,3.9654104941133e-19,5.4024488067239e-22,0,1.065678472299e-26,2.4915255794423e-21,0,3.961991996366e-27,1.8496445895425e-25,3.5327158244254e-26,0,0,2.9663217831346e-19,5.6079426207161e-19,7.6402236411055e-22,0,1.5070983879512e-26,3.5235526154458e-21,0,5.603108168973e-27,2.6157949619969e-25
7.5e-06,1801.4287270575,1862.5592453996,1847.1231386539,0.97741707853608,0.97723458413469,0.99981571212164,20000000,6.5786139389118e-07,2.2024846679269e-06,5.0155664748936e-07,1,0.74578959716851,0.74578959716851,0.6545259500377,0.6545259500377,0.74578959716851,0.68016873916234,0.68016873916234,0.68016873916234,0.76612118488696,0.76612118488696,0.76612118488696,0.6545259500377,2.7604861122659e-12,3.203601867165e-26,6.1573766487705e-25,-1.650388838078e-14,-3.1027254047881e-14,-4.0119084239155e-16,-2.1458112883722e-30,-1.3769649421151e-14,-4.9442138655893e-16,-2.0733338093675e-28,-3.6819816453257e-14,3.1859527212719e-12,334.4683185652,334.4683185652,334.37705491807,334.37705491807,334.4683185652,334.4026977072,334.4026977072,334.4026977072,334.48865015292,334.48865015292,334.48865015292,334.37705491807,1.838024809281e-15,0.00085507844687118,0.00052733987666223,0.00074970488554737,111.8791465398,5.787256176186e-07,2.4323706162535e-07,1.0580857474258e-07,111.87914566241,-1.8434792340597e-07,8.231586072277e-07,2.9135734164073e-15,8.2861176157806e-23,0,0,7.0107328162545e-16,1.3256853962426e-15,1.8008167649915e-18,0,3.5387238531355e-23,8.3105044387125e-18,0,1.3149728643671e-23,6.1425206481194e-22,1.172187262748e-22,0,0,9.9176397527043e-16,1.8753630610683e-15,2.547503514764e-18,0,5.0060183649853e-23,1.1756351640004e-17,0,1.8602127697574e-23,8.6894518026892e-22
1e-05,1801.4287270575,1862.5592453996,1847.1231386539,0.97741707853608,0.97723458413469,0.99981571212164,20000000,8.7705145752324e-07,2.936660746411e-06,6.6875201638208e-07,1,0.7457895971685,0.7457895971685,0.6545259500377,0.6545259500377,0.7457895971685,0.68016873916234,0.68016873916234,0.68016873916234,0.76612118488696,0.76612118488696,0.76612118488696,0.6545259500377,8.7385151520121e-10,1.0220059021708e-23,1.963960232893e-22,-5.2132251437287e-12,-9.8028880918562e-12,-1.2655638049519e-13,-6.8195001191934e-28,-4.3488596512503e-12,-1.5599700492258e-13,-6.5926769577304e-26,-1.1634618417927e-11,1.0086311616343e-09,334.4683185652,334.4683185652,334.37705491807,334.37705491807,334.4683185652,334.4026977072,334.4026977072,334.4026977072,334.48865015292,334.48865015292,334.48865015292,334.37705491807,6.157819012699e-12,0.0011400337956163,0.00070310387270344,0.00099947547268589,149.25996933108,-9.8758118823647e-10,-8.7898825550848e-11,-4.1055403793648e-11,149.2599655927,5.1095527390567e-11,-8.8580714976373e-10,9.2966551719417e-13,2.6065198472052e-20,0,0,2.2221543331818e-13,4.2028358461473e-13,5.6924461980048e-16,0,1.1143428478649e-20,2.6286854522596e-15,0,4.1387823843229e-21,1.9344405844712e-19,3.6978975911397e-20,0,0,3.1525184354246e-13,5.96246108466e-13,8.0758096514452e-16,0,1.580924786949e-20,3.7292789694384e-15,0,5.8717243073179e-21,2.7444015619668e-19
1.125e-05,1801.4287270574,1862.5592453992,1847.1231386536,0.97741707853608,0.97723458413469,0.99981571212164,20000000,9.8661374229853e-07,3.3037514974381e-06,7.5235328205312e-07,1,0.74578959716841,0.74578959716841,0.6545259500376,0.6545259500376,0.74578959716841,0.68016873916231,0.68016873916231,0.68016873916231,0.76612118488694,0.76612118488694,0.76612118488694,0.6545259500376,9.2326604062003e-09,1.0839896689525e-22,2.0828818533718e-21,-5.502117745333e-11,-1.0347195526872e-10,-1.334793482367e-12,-7.2193390522889e-27,-4.589495769636e-11,-1.6454672620711e-12,-6.9810594588362e-25,-1.2281478137362e-10,1.0657174243878e-08,334.4683185652,334.4683185652,334.37705491807,334.37705491807,334.4683185652,334.4026977072,334.4026977072,334.4026977072,334.48865015292,334.48865015292,334.48865015292,334.37705491807,1.956361811259e-09,0.0012824982282335,0.0007909828941547,0.0011243362231449,167.96685797755,8.266655369198e-08,4.2148733612094e-07,-2.1307637267314e-08,167.96685277625,6.6099251065688e-07,1.5284593136685e-07,5.8379460666996e-12,1.3726185447861e-19,0,0,1.1746617684056e-12,2.2219103640883e-12,3.0050168854749e-15,0,5.8713631767978e-20,1.3881211263629e-14,0,2.1801410604167e-20,1.0192800262075e-18,2.3109655211154e-19,0,0,1.9764744476229e-12,3.738501879737e-12,5.0573165997433e-15,0,9.8842862211945e-20,2.3360276200629e-14,0,3.6703574862595e-20,1.7159197931153e-18
1.25e-05,1801.4287270556,1862.559245395,1847.1231386507,0.97741707853608,0.97723458413469,0.99981571212164,20000000,1.0961635961413e-06,3.6708440558866e-06,8.3595603717354e-07,1.0000000000001,0.7457895971674,0.7457895971674,0.65452595003656,0.65452595003656,0.7457895971674,0.68016873916201,0.68016873916201,0.68016873916201,0.76612118488669,0.76612118488669,0.76612118488669,0.65452595003656,7.6087878034586e-08,8.9680204837779e-22,1.7230433335403e-20,-4.5295260667737e-10,-8.5190431968259e-10,-1.0981048862706e-11,-5.9613132141085e-26,-3.7779311086214e-10,-1.3538232037008e-11,-5.7660773044932e-24,-1.0112270866673e-09,8.7831671795387e-08,334.4683185652,334.4683185652,334.37705491807,334.37705491807,334.4683185652,334.4026977072,334.4026977072,334.4026977072,334.48865015292,334.48865015292,334.48865015292,334.37705491807,2.0707259392377e-08,0.0014249538379642,0.00087885993342328,0.001249180612042,186.68473718547,7.806655388152e-08,4.1006846161198e-07,-2.0481378304618e-08,186.68473000579,6.5355453901384e-07,1.4845345701798e-07,4.6391055794844e-11,1.1276349393848e-18,0,0,9.6868101066694e-12,1.8324832657642e-11,2.4747096668133e-14,0,4.826021798759e-19,1.1435247989236e-13,0,1.7915408722506e-19,8.3784112470327e-18,1.8258131767952e-18,0,0,1.5675692676608e-11,2.9653728752392e-11,4.0054996337175e-14,0,7.8134541022326e-19,1.850791041554e-13,0,2.9006571477085e-19,1.3564782609808e-17
1.375e-05,1801.428727041,1862.5592453604,1847.1231386261,0.97741707853608,0.97723458413469,0.99981571212164,20000000,1.2057010280961e-06,4.0379384188844e-06,9.1956031262287e-07,1.0000000000008,0.74578959715913,0.74578959715913,0.65452595002798,0.65452595002798,0.74578959715913,0.68016873915955,0.68016873915955,0.68016873915955,0.76612118488466,0.76612118488466,0.76612118488466,0.65452595002798,5.1287086101016e-07,6.0683771857983e-21,1.1658210194604e-19,-3.049858427117e-09,-5.7367116232013e-09,-7.3888658863041e-11,-4.0261591795058e-25,-2.5435901600674e-09,-9.1104297579202e-11,-3.8953238828621e-23,-6.8100574515755e-09,5.9205788328031e-07,334.46831856519,334.46831856519,334.37705491806,334.37705491806,334.46831856519,334.4026977072,334.4026977072,334.4026977072,334.48865015292,334.48865015292,334.48865015292,334.37705491806,1.7096014735199e-07,0.0015674006302473,0.00096673499330072,0.0013740086436786,205.41361136586,6.5630138108105e-08,3.7684110673953e-07,-1.8446601224364e-08,205.41360176587,6.3385463889206e-07,1.3906864513176e-07,3.2043634354832e-10,7.5769006478073e-18,0,0,6.5336019118757e-11,1.2361108234334e-10,1.6668846875179e-13,0,3.2444735155114e-18,7.7049131467986e-13,0,1.2041302690781e-18,5.6329285220908e-17,1.2541168833678e-17,0,0,1.0807477702582e-10,2.0446619786196e-10,2.7578808953715e-13,0,5.3697238586198e-18,1.2747183710663e-12,0,1.9929630721651e-18,9.3226421727999e-17
1.5e-05,1801.4287269424,1862.5592451271,1847.1231384606,0.97741707853608,0.97723458413469,0.99981571212164,20000000,1.3152260550302e-06,4.4050345844616e-06,1.0031661147107e-06,1.0000000000046,0.74578959710332,0.74578959710332,0.65452594997015,0.65452594997015,0.74578959710332,0.68016873914296,0.68016873914296,0.68016873914296,0.76612118487092,0.76612118487092,0.76612118487092,0.65452594997015,2.9283172866753e-06,3.4782969626443e-20,6.6816740129766e-19,-1.7394992445425e-08,-3.2722981609894e-08,-4.2114298691398e-10,-2.3033399271884e-24,-1.45063413799e-08,-5.1931826183781e-10,-2.2290729995051e-22,-3.8848164269476e-08,3.3806073809631e-06,334.46831856514,334.46831856514,334.37705491801,334.37705491801,334.46831856514,334.40269770718,334.40269770718,334.40269770718,334.48865015291,334.48865015291,334.48865015291,334.37705491801,1.1544376041582e-06,0.0017098386113516,0.00105460807711,0.0014988203223543,224.15348464361,3.1779588766859e-08,2.6277680312321e-07,-1.4397159719488e-08,224.15347213051,5.672277492704e-07,1.2270898986578e-07,1.8891276817716e-09,4.3125353932392e-17,0,0,3.7328631357893e-10,7.0630504300181e-10,9.5105229040188e-13,0,1.8476401366072e-17,4.3975159411617e-12,0,6.8554888838421e-18,3.2079294841457e-16,7.3529629247006e-17,0,0,6.3598134433739e-10,1.2033323688476e-09,1.6207791371495e-12,0,3.1499301254368e-17,7.4937450558092e-12,0,1.1688088428393e-17,5.4689616008954e-16
1.625e-05,1801.4287263798,1862.5592437952,1847.1231375158,0.97741707853608,0.97723458413469,0.99981571212164,20000000,1.4247386907116e-06,4.7721325505085e-06,1.0867734535221e-06,1.0000000000234,0.74578959678472,0.74578959678472,0.65452594963997,0.65452594963997,0.74578959678472,0.68016873904824,0.68016873904824,0.68016873904824,0.76612118479251,0.76612118479251,0.76612118479251,0.65452594963997,1.4544509909133e-05,1.7343315038805e-19,3.3312690809316e-18,-8.6305755257087e-08,-1.6237294995096e-07,-2.0881058424133e-09,-1.1462950564972e-23,-7.1968028239866e-08,-2.575131824821e-09,-1.1096241651745e-21,-1.927796496852e-07,1.6791757509972e-05,334.46831856482,334.46831856482,334.37705491768,334.37705491768,334.46831856482,334.40269770708,334.40269770708,334.40269770708,334.48865015283,334.48865015283,334.48865015283,334.37705491768,6.6033296441938e-06,0.0018522677878907,0.001142479191352,0.0016236156523709,242.90435883999,4.6300061019929e-08,-1.2988701943588e-07,-8.5488761117532e-09,242.90434288137,2.5503772546794e-07,3.6303563939514e-08,9.7004190200586e-09,2.135231600077e-16,0,0,1.8552486999455e-09,3.5107341511953e-09,4.7203461733811e-12,0,9.1529666979625e-17,2.1833216396323e-11,0,3.3952731222797e-17,1.5892293948118e-15,3.7549697801065e-16,0,0,3.2596992173754e-09,6.1682602193544e-09,8.296356714641e-12,0,1.6094179765645e-16,3.8370575793716e-11,0,5.970450140328e-17,2.7944059239543e-15
1.75e-05,1801.4287235853,1862.5592371795,1847.1231328228,0.97741707853608,0.97723458413469,0.99981571212164,20000000,1.5342389038177e-06,5.1392323164086e-06,1.1703823403433e-06,1.0000000001064,0.74578959520231,0.74578959520231,0.65452594799997,0.65452594799997,0.74578959520231,0.68016873857783,0.68016873857783,0.68016873857783,0.76612118440306,0.76612118440306,0.76612118440306,0.65452594799997,6.4155125963394e-05,7.6797932817289e-19,1.474978463931e-17,-3.8028277399477e-07,-7.1552675155221e-07,-9.1944761191465e-09,-5.0662513847037e-23,-3.1708281634629e-07,-1.1340099669524e-08,-4.905450716388e-21,-8.4957797678198e-07,7.4071113873521e-05,334.46831856324,334.46831856324,334.37705491604,334.37705491604,334.46831856324,334.40269770661,334.40269770661,334.40269770661,334.48865015244,334.48865015244,334.48865015244,334.37705491604,3.2856832809715e-05,0.0019946881653642,0.0012303483467683,0.0017483946380373,261.6662319349,8.7882398736452e-08,-1.0678097826942e-07,1.4700759223621e-08,261.66621202524,-6.3532901316773e-08,4.1208103201147e-08,4.4243292215621e-08,9.3887680578897e-16,0,0,8.1886579619008e-09,1.5497243227795e-08,2.0806231880982e-11,0,4.026772594038e-16,9.6267150633458e-11,0,1.4933504569646e-16,6.9919659004996e-15,1.7032692901549e-15,0,0,1.484021036473e-08,2.8084671771496e-08,3.7720812022606e-11,0,7.3041343916453e-16,1.7451288583057e-10,0,2.7089614836482e-16,1.2682538928091e-14
1.875e-05,1801.4287112594,1862.5592079986,1847.123112123,0.97741707853608,0.97723458413469,0.99981571212164,20000000,1.6437265589992e-06,5.5063338786526e-06,1.2539928692919e-06,1.0000000004369,0.74578958822258,0.74578958822258,0.65452594076582,0.65452594076582,0.74578958822258,0.680168736503,0.680168736503,0.680168736503,0.76612118268537,0.76612118268537,0.76612118268537,0.65452594076582,0.00025546616503712,3.0699924540429e-18,5.8956488335886e-17,-1.512667173524e-06,-2.8464785126306e-06,-3.6548663433222e-08,-2.021376712972e-22,-1.2611758720099e-06,-4.5082116218037e-08,-1.957724914164e-20,-3.3799878217708e-06,0.00029496558374506,334.46831855626,334.46831855626,334.3770549088,334.3770549088,334.46831855626,334.40269770454,334.40269770454,334.40269770454,334.48865015072,334.48865015072,334.48865015072,334.3770549088,0.00014519082778019,0.0021370997519426,0.001318215582158,0.0018731572836925,280.43908020721,6.1618122489887e-07,2.5309272091878e-08,8.6915404854312e-08,280.43905605311,-4.5986833984484e-07,1.8751524017276e-07,1.8214219002432e-07,3.7268388786678e-15,0,0,3.2627943148551e-08,6.1755961258114e-08,8.2789951050732e-11,0,1.5992546997315e-15,3.8318025002931e-10,0,5.9294455928595e-16,2.7770188753747e-14,6.9738153771463e-15,0,0,6.0983090077749e-08,1.1542078974011e-07,1.5480348362676e-10,0,2.9921011252137e-15,7.1641159225553e-10,0,1.1094463858424e-15,5.1955516493301e-14
2e-05,1801.4286621793,1862.5590918022,1847.1230296976,0.97741707853608,0.97723458413469,0.99981571212164,20000000,1.753201024519e-06,5.8734372349551e-06,1.3376053528564e-06,1.0000000016409,0.74578956042998,0.74578956042998,0.65452591195868,0.65452591195868,0.74578956042998,0.68016872824161,0.68016872824161,0.68016872824161,0.7661211758461,0.7661211758461,0.7661211758461,0.65452591195868,0.00093055456751788,1.1226182210218e-17,2.155679558415e-16,-5.5041036956439e-06,-1.0358490323159e-05,-1.3289930147713e-07,-7.3775926681871e-22,-4.588651835811e-06,-1.6394508139527e-07,-7.1471176528581e-20,-1.2300805059719e-05,0.0010744847059123,334.46831852847,334.46831852847,334.37705487999,334.37705487999,334.46831852847,334.40269769628,334.40269769628,334.40269769628,334.48865014388,334.48865014388,334.48865014388,334.37705487999,0.00057919090156765,0.0022795025576976,0.0014060810170807,0.0019979035937868,299.22281340908,2.7075872271385e-06,6.5732619391003e-07,2.8537113814076e-07,299.2227858241,-1.2039358725518e-06,1.6984826915195e-06,6.857119374624e-07,1.3532325389712e-14,0,0,1.1892136475584e-07,2.2511410790269e-07,3.0133400227487e-10,0,5.8098534743052e-15,1.3951294569329e-09,0,2.1535426807039e-15,1.0089091405897e-13,2.6111413473723e-14,0,0,2.2916329697137e-07,4.3378021421761e-07,5.8095411644804e-10,0,1.1208474703977e-14,2.6894225915163e-09,0,4.1550156520431e-15,1.9463681547571e-13
2.125e-05,1801.4284834073,1862.5586685563,1847.1227294631,0.97741707853608,0.97723458413469,0.99981571212164,20000000,1.8626601102084e-06,6.2405423961313e-06,1.421221218967e-06,1.0000000056961,0.74578945919617,0.74578945919617,0.6545258070239,0.6545258070239,0.74578945919617,0.680168698151,0.680168698151,0.680168698151,0.76612115093559,0.76612115093559,0.76612115093559,0.6545258070239,0.0031343214224448,3.7959494294434e-17,7.2883560846448e-16,-1.8519247702971e-05,-3.4856068497298e-05,-4.4685591775589e-07,-2.4898683947544e-21,-1.5437894702813e-05,-5.5129759653983e-07,-2.4126997900459e-19,-4.139475464554e-05,0.0036192814579958,334.46831842723,334.46831842723,334.37705477506,334.37705477506,334.46831842723,334.40269766619,334.40269766619,334.40269766619,334.48865011897,334.48865011897,334.48865011897,334.37705477506,0.0021135378218089,0.0024218966216932,0.0014939450332032,0.0021226335731215,318.01713830518,-2.1638257912344e-08,-8.384798589359e-09,-9.0194198184994e-10,318.0171025718,4.8767715908921e-10,-1.8464675257953e-08,2.3859762989152e-06,4.5433193300963e-14,0,0,4.0075212890459e-07,7.5874249760267e-07,1.0140046404587e-09,0,1.9513467744653e-14,4.6962064309997e-09,0,7.231277780321e-15,3.3890012617628e-13,9.0363651621863e-14,0,0,7.9591239281813e-07,1.5068041446761e-06,2.014973231294e-09,0,3.8804685437395e-14,9.3308614179399e-09,0,1.438158676226e-14,6.7391397020416e-13
2.25e-05,1801.4278812828,1862.5572429941,1847.1217182246,0.97741707853608,0.97723458413469,0.99981571212164,20000000,1.9720968090104e-06,6.6076493652505e-06,1.504844014928e-06,1.0000000184395,0.74578911822679,0.74578911822679,0.65452545357068,0.65452545357068,0.74578911822679,0.68016859680612,0.68016859680612,0.68016859680612,0.76612106703824,0.76612106703824,0.76612106703824,0.65452545357068,0.0098493198231134,1.197484671528e-16,2.2989849364647e-15,-5.8132793213697e-05,-0.00010942625695724,-1.4017602972583e-06,-7.8396923256217e-21,-4.8456514123796e-05,-1.7295583484293e-06,-7.5986533492837e-19,-0.00012996256880977,0.011373797529571,334.46831808626,334.46831808626,334.37705442161,334.37705442161,334.46831808626,334.40269756484,334.40269756484,334.40269756484,334.48865003507,334.48865003507,334.48865003507,334.37705442161,0.0071316627062018,0.0025642819967699,0.001581808734947,0.0022473472276104,336.82117593709,-2.7061059269437e-08,-1.0293947385506e-08,-1.237677153718e-09,336.8211335367,6.9512353768952e-10,-2.3314042046873e-08,7.7404781196308e-06,1.4228247948889e-13,0,0,1.2594891821602e-06,2.3854092977899e-06,3.181644781758e-09,0,6.111175773093e-14,1.4740108546389e-08,0,2.2641140033454e-14,1.0616830319381e-12,2.9158146380313e-13,0,0,2.5770990758913e-06,4.8802823254215e-06,6.5144984323098e-09,0,1.2522976204094e-13,3.0176522835095e-08,0,4.6400994065159e-14,2.1753605129125e-12
2.375e-05,1801.4259892267,1862.5527633837,1847.1185405659,0.97741707853608,0.97723458413469,0.99981571212164,20000000,2.0814909990963e-06,6.9747581831923e-06,1.5884849054372e-06,1.0000000560765,0.74578804679107,0.74578804679107,0.65452434284869,0.65452434284869,0.74578804679107,0.6801682783616,0.6801682783616,0.6801682783616,0.76612080342031,0.76612080342031,0.76612080342031,0.65452434284869,0.029089262312407,3.5504437973599e-16,6.8156247819831e-15,-0.00017150751854985,-0.0003228708491925,-4.1328009713981e-06,-2.319985418488e-20,-0.000142948760574,-5.0997491262578e-06,-2.2492275212422e-18,-0.00038349119276533,0.033593277723839,334.46831701483,334.46831701483,334.37705331088,334.37705331088,334.46831701483,334.4026972464,334.4026972464,334.4026972464,334.48864977146,334.48864977146,334.48864977146,334.37705331088,0.022450780046617,0.0027066588611865,0.0016696751922163,0.0023720445662768,355.63247982985,-3.3556993984568e-08,-1.3398431069902e-08,-1.326763215135e-09,355.63242998019,9.1321934801314e-10,-2.9096115021239e-08,2.3575734775128e-05,4.1853458557658e-13,0,0,3.7160501648144e-06,7.0441996125153e-06,9.3664281222387e-09,0,1.7956721575365e-13,4.3407736654179e-08,0,6.6511364748781e-14,3.1223971339608e-12,8.8347875104774e-13,0,0,7.8323876174305e-06,1.4842284953504e-05,1.9760628113773e-08,0,3.7917615391733e-13,9.1564332723355e-08,0,1.4046226814483e-13,6.5910968868747e-12
2.4375e-05,1801.4231953026,1862.5461484232,1847.1138481787,0.97741707853608,0.97723458413469,0.99981571212164,20000000,2.1361618279211e-06,7.1583132941729e-06,1.6303166301898e-06,1.0000000877347,0.74578646463218,0.74578646463218,0.65452270259134,0.65452270259134,0.74578646463218,0.68016780814373,0.68016780814373,0.68016780814373,0.7661204141646,0.7661204141646,0.7661204141646,0.65452270259134,0.048940043158347,5.9849010173187e-16,1.148837129592e-14,-0.00028839167833198,-0.00054293905113481,-6.9470207629925e-06,-3.9070282697638e-20,-0.00024036048482766,-8.5728324899061e-06,-3.7883489487296e-18,-0.00064490021920146,0.056518968629129,334.46831543267,334.46831543267,334.37705167063,334.37705167063,334.46831543267,334.40269677618,334.40269677618,334.40269677618,334.4886493822,334.4886493822,334.4886493822,334.37705167063,0.066425332581987,0.0027778441401516,0.0017136101168645,0.0024343871206637,365.04032558414,1.6844522322931e-07,-6.4746900533641e-08,3.920698046746e-08,365.04027183433,-1.8678168277693e-07,2.5340968178099e-08,3.6887767095876e-05,3.5102730767737e-13,0,0,3.1187038881712e-06,5.9194975188298e-06,7.8446431375499e-09,0,1.5025087428645e-13,3.6361534791601e-08,0,5.5646419899783e-14,2.6162828412698e-12,1.3799063303284e-12,0,0,1.2242900953108e-05,2.3213718627067e-05,3.0854628830873e-08,0,5.9166297809164e-13,1.4298730837434e-07,0,2.1915818986461e-13,1.0291079564002e-11
2.5e-05,1801.4184948781,1862.5350195053,1847.1059537755,0.97741707853608,0.97723458413469,0.99981571212164,20000000,2.1908027050634e-06,7.341868904557e-06,1.6721636587451e-06,1.0000001402923,0.74578380283398,0.74578380283398,0.65451994297751,0.65451994297751,0.74578380283398,0.68016701707392,0.68016701707392,0.68016701707392,0.76611975930552,0.76611975930552,0.76611975930552,0.65451994297751,0.081248583997003,9.9552060568886e-16,1.9108663679555e-14,-0.00047852249236785,-0.00090093490030169,-1.1523196494636e-05,-6.4927287544745e-20,-0.00039880979360795,-1.4220671907957e-05,-6.2963094133161e-18,-0.0010701624915893,0.093833061503181,334.46831277087,334.46831277087,334.37704891101,334.37704891101,334.46831277087,334.40269598511,334.40269598511,334.40269598511,334.48864872734,334.48864872734,334.48864872734,334.37704891101,0.11185421001838,0.0028490274445531,0.0017575485056476,0.0024967256023049,374.44776697691,3.6883868443869e-07,-1.6699398969078e-07,7.5693481355332e-08,374.44770917874,-2.9670026930404e-07,2.1175972185313e-07,5.8946611426086e-05,5.8051423829174e-13,0,0,5.1568644791726e-06,9.8084275373349e-06,1.2933394791102e-08,0,2.4748448946193e-13,5.9959902602335e-08,0,9.1648020781362e-14,4.3191811886696e-12,2.2008774392713e-12,0,0,1.9535808638874e-05,3.708492987592e-05,4.9145211151975e-08,0,9.4165889956569e-13,2.2778341583313e-07,0,3.4876806381826e-13,1.6399324179366e-11
2.5625e-05,1801.4106915817,1862.516543966,1847.0928479834,0.97741707853608,0.97723458413469,0.99981571212164,20000000,2.2453972843865e-06,7.5254250485687e-06,1.7140349915898e-06,1.0000002264399,0.74577938387992,0.74577938387992,0.65451536151715,0.65451536151715,0.74577938387992,0.68016570381655,0.68016570381655,0.68016570381655,0.76611867217944,0.76611867217944,0.76611867217944,0.65451536151715,0.13317749442086,1.6349543230232e-15,3.1380837923757e-14,-0.00078394568114488,-0.0014760455643436,-1.8871725721163e-05,-1.065297147044e-19,-0.00065332989664462,-2.3290572024461e-05,-1.0332019761582e-17,-0.0017533592846355,0.15380878003843,334.46830835192,334.46830835192,334.37704432955,334.37704432955,334.46830835192,334.40269467185,334.40269467185,334.40269467185,334.48864764022,334.48864764022,334.48864764022,334.37704432955,0.18586147110499,0.0029202089053724,0.0018014927571713,0.0025590600158649,383.85288132175,8.1422984374705e-07,-5.0230765891004e-07,1.5672312963085e-07,383.852819566,-4.5477462108898e-07,7.7619000450531e-07,9.4962771415249e-05,9.4645724496619e-13,0,0,8.3953361576736e-06,1.6022432030583e-05,2.0963422168633e-08,0,4.0076576637131e-13,9.720659746498e-08,0,1.4839741907073e-13,7.0203831922619e-12,3.5393701113087e-12,0,0,3.1408606893737e-05,5.9744070555771e-05,7.8791967096608e-08,0,1.5084272817028e-12,3.6525430432025e-07,0,5.5863370648925e-13,2.6327645302919e-11
2.625e-05,1801.391506231,1862.4711192863,1847.0606255893,0.97741707853608,0.97723458413469,0.99981571212164,20000000,2.2999201221687e-06,7.7089817815069e-06,1.755944608332e-06,1.0000003659203,0.74576851920117,0.74576851920117,0.65450409700296,0.65450409700296,0.74576851920117,0.68016247504171,0.68016247504171,0.68016247504171,0.76611599939217,0.76611599939217,0.76611599939217,0.65450409700296,0.21563192553133,2.6523184200758e-15,5.090540915951e-14,-0.001268637088499,-0.0023887681053794,-3.0529412853505e-05,-1.7265536378428e-19,-0.0010572239193518,-3.7679778913869e-05,-1.6747528007271e-17,-0.00283765676461,0.24904254633409,334.46829748724,334.46829748724,334.37703306504,334.37703306504,334.46829748724,334.40269144308,334.40269144308,334.40269144308,334.48864496743,334.48864496743,334.48864496743,334.37703306504,0.30492139282771,0.0029913887263837,0.0018454466010628,0.0026213903684621,393.25267585379,1.8503827008556e-06,-1.546240554834e-06,3.5372723283734e-07,393.25261072665,-6.8506457552734e-07,2.3809922169153e-06,0.00015285644157812,1.5205561274511e-12,0,0,1.3438570302791e-05,2.5791001808909e-05,3.3331509442058e-08,0,6.3661737236036e-13,1.5459057069579e-07,0,2.3571326087056e-13,1.1219817813789e-11,5.6897612090995e-12,0,0,5.0413615274849e-05,9.6218055101118e-05,1.2592983980393e-07,0,2.4087402037372e-12,5.8387838601323e-07,0,8.9198259684359e-13,4.2194863822534e-11
2.6875e-05,1801.3604441543,1862.3975738641,1847.008455528,0.97741707853608,0.97723458413469,0.99981571212164,20000000,2.3543321015849e-06,7.8925391927306e-06,1.7979139238968e-06,1.0000005890701,0.74575092833217,0.74575092833217,0.65448585830637,0.65448585830637,0.74575092833217,0.68015724748928,0.68015724748928,0.68015724748928,0.76611167205379,0.76611167205379,0.76611167205379,0.65448585830637,0.34499938750057,4.2517191599868e-15,8.1598669970814e-14,-0.0020286769172465,-0.0038200792467298,-4.8803387394729e-05,-2.7650965389279e-19,-0.0016905398603488,-6.0236698290291e-05,-2.6824892235291e-17,-0.0045380871519005,0.39846391722593,334.46827989637,334.46827989637,334.37701482634,334.37701482634,334.46827989637,334.40268621552,334.40268621552,334.40268621552,334.48864064009,334.48864064009,334.48864064009,334.37701482634,0.49414043195941,0.003062567221679,0.0018894157656028,0.0026837166709912,402.64254920069,4.3246543994395e-06,-4.6251726788479e-06,8.5125421723515e-07,402.64248256376,-1.0308453473145e-06,6.7510253750624e-06,0.00024431603467586,2.4044098197932e-12,0,0,2.1097074113338e-05,4.0860942222875e-05,5.1779368699664e-08,0,9.880492051047e-13,2.4021167836893e-07,0,3.6582098791979e-13,1.7586110604424e-11,9.0901101857542e-12,0,0,8.0249383612322e-05,0.00015400415376405,1.9915692527011e-07,0,3.8060527898882e-12,9.2358899940297e-07,0,1.4093315993605e-12,6.7065379948705e-11
2.75e-05,1801.3107499751,1862.2799125788,1846.9249915559,0.97741707853608,0.97723458413469,0.99981571212164,20000000,2.4085737073791e-06,8.0760973600092e-06,1.8399763517575e-06,1.000000941917,0.74572278489925,0.74572278489925,0.65445667770506,0.65445667770506,0.74572278489925,0.68014888418083,0.68014888418083,0.68014888418083,0.76610474903688,0.76610474903688,0.76610474903688,0.65445667770506,0.54556183462043,6.7362654212511e-15,1.2927626127951e-13,-0.0032063431668293,-0.0060379899235046,-7.710879554552e-05,-4.3768078382911e-19,-0.0026718083183112,-9.5177966488247e-05,-4.246617816683e-17,-0.0071731070036685,0.63012235484297,334.46825175293,334.46825175293,334.37698564574,334.37698564574,334.46825175293,334.40267785222,334.40267785222,334.40267785222,334.48863371707,334.48863371707,334.48863371707,334.37698564574,0.79128160971078,0.0031337448792557,0.0019334089744078,0.0027460389401253,412.01552386981,-6.0425990795037e-08,-2.3183750122063e-08,-2.539662000078e-09,412.0154464533,1.2656091507325e-09,-5.1676991918412e-08,0.00038590664651309,3.734445780585e-12,0,0,3.2345697975177e-05,6.3585050623158e-05,7.8096751380955e-08,0,1.4888739881799e-12,3.6241175973237e-07,0,5.5125830031584e-13,2.6920606893968e-11,1.4371414056605e-11,0,0,0.00012599310837324,0.0002439269947195,3.0960241025034e-07,0,5.9116385766368e-12,1.43611662518e-06,0,2.1889285640379e-12,1.0513686732547e-10
2.8125e-05,1801.2321744392,1862.0938675141,1846.7930190811,0.97741707853608,0.97723458413469,0.99981571212164,20000000,2.4625560917388e-06,8.2596565415711e-06,1.8821795650198e-06,1.0000014933555,0.7456782826972,0.7456782826972,0.6544105343686,0.6544105343686,0.7456782826972,0.68013565989955,0.68013565989955,0.68013565989955,0.76609380234736,0.76609380234736,0.76609380234736,0.6544105343686,0.85273045147854,1.054886748245e-14,2.024365212146e-13,-0.0050090063888847,-0.0094331587199094,-0.00012042143369635,-6.8476469456636e-19,-0.004173779294607,-0.00014864745406237,-6.6448860482275e-17,-0.011206918589063,0.98492437673754,334.46820725073,334.46820725073,334.3769395024,334.3769395024,334.46820725073,334.40266462794,334.40266462794,334.40266462794,334.48862277038,334.48862277038,334.48862277038,334.3769395024,1.252344864183,0.0032049224206369,0.0019774392065323,0.0028083572010061,421.36113418577,-6.5487584297e-08,-2.591639030906e-08,-2.597364160082e-09,421.36105130527,8.4115150114336e-10,-5.6275697482738e-08,0.00059973471340953,5.6783680781539e-12,0,0,4.8113610007946e-05,9.6866064638002e-05,1.1327797154372e-07,0,2.1576518647582e-12,5.2587179150021e-07,0,7.9894768932553e-13,3.9982369577468e-11,2.2401839204876e-11,0,0,0.00019403602818121,0.00038091629706427,4.6980165392558e-07,0,8.9630191066574e-12,2.179811644789e-06,0,3.3188112219087e-12,1.6168047663774e-10
2.875e-05,1801.1093767677,1861.8031150568,1846.5867717594,0.97741707853608,0.97723458413469,0.99981571212164,20000000,2.516147939804e-06,8.4432170035385e-06,1.9245957718887e-06,1.0000023449723,0.74560872917738,0.74560872917738,0.65433841427511,0.65433841427511,0.74560872917738,0.68011499190101,0.68011499190101,0.68011499190101,0.76607669431009,0.76607669431009,0.76607669431009,0.65433841427511,1.3171842178005,1.6324704006737e-14,3.1326719691017e-13,-0.0077332751342162,-0.014564396083767,-0.00018585575279903,-1.0587271420644e-18,-0.0064435268056758,-0.0002294302814636,-1.0275288342853e-16,-0.017303552453732,1.521415531857,334.46813769721,334.46813769721,334.37686738231,334.37686738231,334.46813769721,334.40264395994,334.40264395994,334.40264395994,334.48860566235,334.48860566235,334.48860566235,334.37686738231,1.9590601605973,0.0032761009540082,0.0020215256660298,0.0028706714913586,430.66395551565,-6.9937328911444e-08,-3.0552580035792e-08,-2.3927711594344e-09,430.66386687098,2.6522780864361e-10,-5.9369089873766e-08,0.00091269831633627,8.4122717314742e-12,0,0,6.8763413046287e-05,0.00014376954128516,1.559008254618e-07,0,2.9669258560219e-12,7.2409119990582e-07,0,1.0988243336474e-12,5.7056687845245e-11,3.4298587977895e-11,0,0,0.00029128217950633,0.00058423713220591,6.9027871567882e-07,0,1.3158885890799e-11,3.2038312400908e-06,0,4.8727834972185e-12,2.4237081841257e-10
2.9375e-05,1800.9197377989,1861.3540979463,1846.2682585197,0.97741707853608,0.97723458413469,0.99981571212164,20000000,2.5691589415411e-06,8.6267791704894e-06,1.9673289325599e-06,1.0000036439892,0.7455013030375,0.7455013030375,0.65422702179738,0.65422702179738,0.7455013030375,0.68008307088077,0.68008307088077,0.68008307088077,0.76605027228701,0.76605027228701,0.76605027228701,0.65422702179738,2.0097715531424,2.4953364592795e-14,4.7883956217062e-13,-0.01179358207908,-0.022212561689393,-0.00028334896914268,-1.6168881592775e-18,-0.0098262477233969,-0.00034979791709398,-1.5694906383914e-16,-0.026390918107877,2.3214441745475,334.46803027107,334.46803027107,334.37675598983,334.37675598983,334.46803027107,334.40261203892,334.40261203892,334.40261203892,334.48857924032,334.48857924032,334.48857924032,334.37675598983,3.028456801726,0.003347282141274,0.0020656961696411,0.0029329818667644,439.90161960027,-7.1553106296878e-08,-4.0878282664815e-08,-1.2495894568741e-09,439.90152485267,-1.1848014994826e-09,-5.6998424614053e-08,0.0013528865290426,1.2065041560125e-11,0,0,9.316964324565e-05,0.00020657025058532,2.0004360895149e-07,0,3.8038374431649e-12,9.2968732027717e-07,0,1.4092378100649e-12,7.7196209573118e-11,5.1361133382819e-11,0,0,0.00042304395258579,0.00087637158216647,9.7318310052408e-07,0,1.8538324391985e-11,4.5186076571931e-06,0,6.8657467208213e-12,3.5154274495467e-10
3e-05,1800.6304821757,1860.6692115579,1845.7824302915,0.97741707853608,0.97723458413469,0.99981571212164,20000000,2.6213189097898e-06,8.8103436480977e-06,2.0105265080588e-06,1.0000055993826,0.74533741565957,0.74533741565957,0.65405708059888,0.65405708059888,0.74533741565957,0.68003437437715,0.68003437437715,0.68003437437715,0.76600996631485,0.76600996631485,0.76600996631485,0.65405708059888,3.026562000593,3.7643031735834e-14,7.223435547198e-13,-0.017751619821438,-0.033436085400282,-0.00042636508356252,-2.4370292077795e-18,-0.014789756425593,-0.00052637806279129,-2.3660047083927e-16,-0.039726778541446,3.4959995137674,334.4678663837,334.4678663837,334.37658604863,334.37658604863,334.4678663837,334.40256334241,334.40256334241,334.40256334241,334.48853893435,334.48853893435,334.48853893435,334.37658604863,4.6241850046405,0.0034184684783004,0.0021099902170753,0.0029952884075416,449.04235988897,-6.4872909954858e-08,-6.7098236264563e-08,2.4331463673866e-09,449.0422586439,-4.3738411432806e-09,-3.8008324248239e-08,0.0019421117747009,1.6626394902993e-11,0,0,0.00011766448110606,0.00028516340258926,2.344524456324e-07,0,4.4546581986266e-12,1.0904300501957e-06,0,1.6511243841715e-12,9.7358356366578e-11,7.4874406548003e-11,0,0,0.00058944665757558,0.0012796535336007,1.304748928869e-06,0,2.483816243222e-11,6.0607086229991e-06,0,9.2007892180816e-12,4.8922825293864e-10
3.0625e-05,1800.1951042114,1859.6383421294,1845.0511777544,0.97741707853608,0.97723458413469,0.99981571212164,20000000,2.6722539967284e-06,8.9939113239111e-06,2.0543924312152e-06,1.0000085002691,0.74509066815533,0.74509066815533,0.65380121550854,0.65380121550854,0.74509066815533,0.67996106030326,0.67996106030326,0.67996106030326,0.76594928798326,0.76594928798326,0.76594928798326,0.65380121550854,4.4925546372895,5.5967550712053e-14,1.0739990904708e-12,-0.026337929517228,-0.049611744907768,-0.00063241079263794,-3.6204009459321e-18,-0.021942424797772,-0.00078079240606842,-3.5155902263385e-16,-0.058947180098385,5.1894988822258,334.46761963619,334.46761963619,334.37633018354,334.37633018354,334.46761963619,334.40249002834,334.40249002834,334.40249002834,334.48847825602,334.48847825602,334.48847825602,334.37633018354,6.9681164791651,0.0034896637049693,0.002154462500637,0.0030575912268481,458.04220861816,-3.7447362053908e-08,-1.3317862629328e-07,1.2251692996686e-08,458.04210040052,-1.0735600137764e-08,2.4165247615776e-08,0.0026858866222737,2.1846172217373e-11,0,0,0.00013584601574289,0.00037530828081103,2.4581342651896e-07,0,4.6672310165056e-12,1.1442992609524e-06,0,1.730956937627e-12,1.1226064381816e-10,1.0576955958375e-10,0,0,0.00078156193543352,0.0018104195943945,1.6523816104655e-06,0,3.143862383449e-11,7.6789921572515e-06,0,1.1648731995158e-11,6.4798877794701e-10
3.125e-05,1799.549321661,1858.1092887073,1843.9665373976,0.97741707853608,0.97723458413469,0.99981571212164,20000000,2.721463720212e-06,9.1774833216022e-06,2.0991997959088e-06,1.0000127338464,0.74472452121049,0.74472452121049,0.65342153740225,0.65342153740225,0.74472452121049,0.67985227571559,0.67985227571559,0.67985227571559,0.7658592600506,0.7658592600506,0.7658592600506,0.65342153740225,6.5612066871695,8.1859984639115e-14,1.5709485384375e-12,-0.038449136238787,-0.072429614408559,-0.00092296868625888,-5.2913074819588e-18,-0.032030808720295,-0.0011395748500364,-5.1393262071425e-16,-0.086060365100346,7.5792474376759,334.46725348925,334.46725348925,334.37595050544,334.37595050544,334.46725348925,334.40238124375,334.40238124375,334.40238124375,334.48838822809,334.48838822809,334.48838822809,334.37595050544,10.348691642707,0.0035608734227609,0.0021991863559556,0.0031198904789466,466.84225237372,3.5392230811978e-08,-2.8753825116537e-07,3.5160091357551e-08,466.8421365906,-2.2267445125409e-08,1.8359132494256e-07,0.0035658406009916,2.7190436138457e-11,0,0,0.00014063640265294,0.00046783462715629,2.2664331637426e-07,0,4.3006343544916e-12,1.0561197151308e-06,0,1.5961141652292e-12,1.1608941551697e-10,1.4422264313759e-10,0,0,0.00098045184342866,0.0024720376690667,1.9729036623032e-06,0,3.752063926542e-11,9.1725709818791e-06,0,1.390597829472e-11,8.1216400381908e-10
3.1875e-05,1798.6072127119,1855.8786220397,1842.3842078033,0.97741707853608,0.97723458413469,0.99981571212164,20000000,2.7683058684597e-06,9.3610610193218e-06,2.1452994282044e-06,1.0000187974301,0.74419003204347,0.74419003204347,0.65286729948301,0.65286729948301,0.74419003204347,0.67969348662743,0.67969348662743,0.67969348662743,0.76572786510688,0.76572786510688,0.76572786510688,0.65286729948301,9.4054223673684,1.1749654386069e-13,2.2550579946766e-12,-0.055095485930414,-0.1037944371556,-0.001322242190687,-7.5896914901145e-18,-0.045895839366144,-0.0016326221648812,-7.3737650041131e-16,-0.1233293742295,10.86503305639,334.46671900008,334.46671900008,334.37539626752,334.37539626752,334.46671900008,334.40222245466,334.40222245466,334.40222245466,334.48825683314,334.48825683314,334.48825683314,334.37539626752,15.119324566492,0.0036321059822375,0.0022442561696379,0.0031821863653743,475.36678484594,1.9543032945227e-07,-6.1357926091904e-07,8.2732097361436e-08,475.36666072795,-4.163505544197e-08,5.3374404199662e-07,0.0045405419090903,3.1915559555705e-11,0,0,0.00012851526940532,0.00054988345190374,1.8198636464703e-07,0,3.4515825643926e-12,8.4892104676253e-07,0,1.2819557160366e-12,1.059845537851e-10,1.89358060312e-10,0,0,0.0011621998803937,0.0032496903044735,2.230271247354e-06,0,4.2401914139635e-11,1.0373126639595e-05,0,1.5718937454701e-11,9.6204879718403e-10
3.25e-05,1797.2588473093,1852.6860873961,1840.119580275,0.97741707853608,0.97723458413469,0.99981571212164,20000000,2.8120000033634e-06,9.5446460517119e-06,2.1931190330897e-06,1.0000272960012,0.74342437582823,0.74342437582823,0.65207337047311,0.65207337047311,0.74342437582823,0.67946604290151,0.67946604290151,0.67946604290151,0.76553969149561,0.76553969149561,0.76553969149561,0.65207337047311,13.194994261693,1.6500636025377e-13,3.1673915900082e-12,-0.077269598940389,-0.14557860007102,-0.001854017706398,-1.0652613732474e-17,-0.064363349061416,-0.0022893188588873,-1.035309724398e-15,-0.17297812769459,15.243069994656,334.46595334386,334.46595334386,334.37460233851,334.37460233851,334.46595334386,334.40199501094,334.40199501094,334.40199501094,334.48806865953,334.48806865953,334.48806865953,334.37460233851,21.676645081133,0.0037033737011889,0.0022897871377428,0.0032444791351804,483.52365948428,4.9627600024836e-07,-1.2197091661828e-06,1.6887645985571e-07,483.5235259821,-7.1084413285165e-08,1.1962338506514e-06,0.0055553217569722,3.5252802014051e-11,0,0,0.00010275496961083,0.00060808012549722,1.2721679971818e-07,0,2.4120248699669e-12,5.9405746809589e-07,0,8.9650597009648e-13,8.4680134460877e-11,2.3921305103192e-10,0,0,0.0013075173520186,0.0041096454649613,2.4101829708771e-06,0,4.5813032423523e-11,1.1213250767805e-05,0,1.698678835636e-11,1.0818045918022e-09
3.3125e-05,1795.3714630647,1848.2174091567,1836.9497299309,0.97741707853608,0.97723458413469,0.99981571212164,20009728.927893,2.8516677215183e-06,9.7282400207274e-06,2.2431450138427e-06,1.0000389134973,0.74235128297962,0.74235128297962,0.65096070020539,0.65096070020539,0.74235128297962,0.67914731565748,0.67914731565748,0.67914731565748,0.76527605694665,0.76527605694665,0.76527605694665,0.65096070020539,18.055448260503,2.2594301012889e-13,4.3381236211018e-12,-0.10570702727591,-0.19917121735373,-0.0025359418762636,-1.4580524398915e-17,-0.088044497503437,-0.0031314681996657,-1.4176548765862e-15,-0.23665509782128,20.858455714208,334.46834616324,334.46834616324,334.37695558046,334.37695558046,334.46834616324,334.40514219591,334.40514219591,334.40514219591,334.4912709372,334.4912709372,334.4912709372,334.37695558046,30.406986419914,0.0037746943414982,0.0023359101744155,0.0033067690738883,491.20863868246,9.7859494134949e-07,-2.191769890087e-06,3.0295594142614e-07,491.20849431396,-1.1197184851102e-07,2.2665195715612e-06,0.006554597077109,3.6626728896549e-11,0,0,7.1919243523476e-05,0.00063233407964779,7.8112579410075e-08,0,1.4808121434229e-12,3.651222801157e-07,0,5.507582509302e-13,5.9242465092328e-11,2.9101106778279e-10,0,0,0.0014092265216051,0.0050039008963499,2.5206508400708e-06,0,4.7907217040078e-11,1.1729611648269e-05,0,1.7765678144414e-11,1.1655860894042e-09
3.375e-05,1792.7969135233,1842.1219573631,1832.625950125,0.97741707853608,0.97723458413469,0.99981571212164,20061598.078927,2.886433009614e-06,9.9118441391466e-06,2.2958696225933e-06,1.00005433588,0.74088492478229,0.74088492478229,0.64944036846051,0.64944036846051,0.74088492478229,0.67871185815707,0.67871185815707,0.67871185815707,0.76491598523243,0.76491598523243,0.76491598523243,0.64944036846051,23.992382250764,3.0032198923841e-13,5.7680995869988e-12,-0.1404451377764,-0.26464707623952,-0.0033689632388398,-1.9375583637726e-17,-0.1169681781913,-0.0041602526044953,-1.8848519517876e-15,-0.31444503485361,27.717748430178,334.50412274224,334.50412274224,334.41267818592,334.41267818592,334.50412274224,334.44194967562,334.44194967562,334.44194967562,334.52815380269,334.52815380269,334.52815380269,334.41267818592,41.582259720003,0.0038460923104619,0.0023827577717737,0.0033690564719902,498.31708684199,1.5828453651811e-06,-3.4274762962147e-06,4.5850556620804e-07,498.31692941656,-1.6510771853807e-07,3.6248925954849e-06,0.007491946797646,3.5825894773219e-11,0,0,4.4504784761629e-05,0.00061884839342269,4.2818041434703e-08,0,8.1179541904941e-13,2.0032918102148e-07,0,3.0210539086212e-13,3.6655811476946e-11,3.4167653405522e-10,0,0,0.0014721657918055,0.005879084687381,2.581204694982e-06,0,4.905526913157e-11,1.2012919893009e-05,0,1.8192919685438e-11,1.2174252351347e-09
3.4375e-05,1789.3902769097,1834.0568505672,1826.9050395315,0.97741707853608,0.97723458413469,0.99981571212164,20164862.19023,2.9155501169945e-06,1.0095458903773e-05,2.3517223189145e-06,1.0000741530129,0.738940049144,0.738940049144,0.64742412289309,0.64742412289309,0.738940049144,0.67813443473215,0.67813443473215,0.67813443473215,0.76443872883843,0.76443872883843,0.76443872883843,0.64742412289309,30.857532473743,3.8618623573605e-13,7.42047692868e-12,-0.180625893872,-0.34039454217287,-0.0043326198848262,-2.4913945522778e-17,-0.15041680699022,-0.0053504092093751,-2.4251474920199e-15,-0.40442637971762,35.649750446643,334.58063479068,334.58063479068,334.48911886443,334.48911886443,334.58063479068,334.51982917627,334.51982917627,334.51982917627,334.60613347038,334.60613347038,334.60613347038,334.48911886443,55.194460830571,0.0039175992057655,0.0024304458002559,0.0034313415824122,504.75890884581,2.1592859950961e-06,-4.547139323087e-06,6.0133223228541e-07,504.75873528402,-1.051706163962e-07,4.9728791065547e-06,0.0083360560451943,3.3063173205596e-11,0,0,2.4775569520148e-05,0.0005712244574894,2.1391714282392e-08,0,4.057120477092e-13,1.001674090127e-07,0,1.5105601929141e-13,2.0411020723404e-11,3.8843492201767e-10,0,0,0.0015072037382364,0.0066869180623218,2.6114571474426e-06,0,4.9629032611859e-11,1.2154578001342e-05,0,1.8406545156598e-11,1.2462907774636e-09
3.5e-05,1785.0332491337,1823.742386012,1819.5886235602,0.97741707853608,0.97723458413469,0.99981571212164,20327625.088948,2.9385293064906e-06,1.0279083740236e-05,2.4110025908098e-06,1.0000987612363,0.73644487599816,0.73644487599816,0.64483777957962,0.64483777957962,0.73644487599816,0.67739387072319,0.67739387072319,0.67739387072319,0.76382696790554,0.76382696790554,0.76382696790554,0.64483777957962,38.349076206636,4.7961838787935e-13,9.2208534919397e-12,-0.22449710914006,-0.42311696041158,-0.0053850638346227,-3.0946311063088e-17,-0.18692770838605,-0.0066502562901311,-3.0146025434263e-15,-0.50267336512413,44.305841297929,334.70414198187,334.70414198187,334.61253488545,334.61253488545,334.70414198187,334.6450909766,334.6450909766,334.6450909766,334.73152407378,334.73152407378,334.73152407378,334.61253488545,70.878968663867,0.0039892529856511,0.0024790552143886,0.0034936245766858,510.47340895144,-1.6814574868425e-07,-3.1077469327837e-08,-1.184696801849e-08,510.47321091679,3.9184054773111e-09,-2.2096885884379e-07,0.0090580306110969,2.8899760157922e-11,0,0,1.2676681420708e-05,0.00049917688090391,9.9591622909484e-09,0,1.8900210268663e-13,4.6669420121813e-08,0,7.0397000919254e-14,1.0450108247947e-11,4.2930535478233e-10,0,0,0.0015251312730274,0.0073928607773192,2.6255415298243e-06,0,4.9896321948795e-11,1.2220578528227e-05,0,1.8506101550048e-11,1.2610694622761e-09
3.5625e-05,1779.6567941561,1811.0156920929,1810.5612126127,0.97741707853608,0.97723458413469,0.99981571212164,20555577.253547,2.9552290525393e-06,1.0462717132076e-05,2.4738259509206e-06,1.0001282910903,0.73335380892941,0.73335380892941,0.6416344212739,0.6416344212739,0.73335380892941,0.67647683801738,0.67647683801738,0.67647683801738,0.76306994553441,0.76306994553441,0.76306994553441,0.6416344212739,46.050630822238,5.7525488058403e-13,1.1066961252426e-11,-0.26963813084363,-0.50825683880461,-0.0064684380243181,-3.7130541986125e-17,-0.22448175063119,-0.0079883311313564,-3.6201944578198e-15,-0.60376134384199,53.20500264818,334.87880801178,334.87880801178,334.78708862413,334.78708862413,334.87880801178,334.82193104087,334.82193104087,334.82193104087,334.90852414839,334.90852414839,334.90852414839,334.78708862413,87.916437653537,0.0040610952015458,0.0025286180371503,0.0035559055116368,515.44032124862,-1.841825752071e-07,-2.6376490015202e-08,-1.3778716777898e-08,515.44009860459,4.5300586973623e-09,-2.5827553144183e-07,0.009649718897963,2.4058100068503e-11,0,0,6.0958777145573e-06,0.00041527636957607,4.4144131714727e-09,0,8.3850878910178e-14,2.0700513503453e-08,0,3.1241079174724e-14,5.030384425239e-12,4.6332864618414e-10,0,0,0.0015337521459659,0.0079801502513067,2.6317844528013e-06,0,5.0014904998967e-11,1.2249853475171e-05,0,1.855028310792e-11,1.2681835001542e-09
3.625e-05,1773.2568949247,1795.8680075534,1799.8166426254,0.97741707853608,0.97723458413469,0.99981571212164,20851049.223072,2.9658729280429e-06,1.0646356494811e-05,2.5401121573563e-06,1.0001625910518,0.72965664707156,0.72965664707156,0.63780394286156,0.63780394286156,0.72965664707156,0.67538058721619,0.67538058721619,0.67538058721619,0.76216571353301,0.76216571353301,0.76216571353301,0.63780394286156,53.51913187683,6.6742960350715e-13,1.2850416341182e-11,-0.31346952181124,-0.59095506876105,-0.0075210442975229,-4.3104040780124e-17,-0.26092853269042,-0.0092884223811152,-4.2067886720001e-15,-0.70190895271681,61.835343982207,335.1059233169,335.1059233169,335.01407061269,335.01407061269,335.1059233169,335.05164725705,335.05164725705,335.05164725705,335.13843238336,335.13843238336,335.13843238336,335.01407061269,105.33300658472,0.0041331667550056,0.002579113655445,0.003618184321177,519.68234375558,-2.0194292431878e-07,-2.0342151642573e-08,-1.5869829847518e-08,519.68209281774,5.2647845190731e-09,-3.0004703940042e-07,0.010116533242025,1.9207871920806e-11,0,0,2.812765255091e-06,0.00033120376840167,1.8989572743563e-09,0,3.6112131894736e-14,8.9103963644023e-09,0,1.3457714926866e-14,2.3244458421168e-12,4.9049267915887e-10,0,0,0.0015377299967374,0.0084485431124894,2.6344699839331e-06,0,5.0065975265659e-11,1.2262454678556e-05,0,1.8569315190888e-11,1.2714707629891e-09
3.6875e-05,1765.8962306055,1778.4485935997,1787.4608433357,0.97741707853608,0.97723458413469,0.99981571212164,21212766.116395,2.9709897205806e-06,1.0829998804231e-05,2.6096103175697e-06,1.0002012707586,0.72538025294665,0.72538025294665,0.63337474192379,0.63337474192379,0.72538025294665,0.67411341859082,0.67411341859082,0.67411341859082,0.76112148876108,0.76112148876108,0.76112148876108,0.63337474192379,60.378646910944,7.5137738460648e-13,1.4479729139669e-11,-0.35379868877841,-0.66707884214186,-0.0084903865799545,-4.8560710141402e-17,-0.2944414003572,-0.010485680981063,-4.7445936624208e-15,-0.79220143373,69.762484727443,335.38373486466,335.38373486466,335.29172935364,335.29172935364,335.38373486466,335.3324680303,335.3324680303,335.3324680303,335.41947610047,335.41947610047,335.41947610047,335.29172935364,122.10862405124,0.0042055033415813,0.0026304760161484,0.0036804608348936,523.25857994308,-2.2128147664494e-07,-1.2676460278456e-08,-1.843516645364e-08,523.25829768332,6.1306619791055e-09,-3.4533002778483e-07,0.010473271204203,1.4821706396347e-11,0,0,1.2677545235538e-06,0.00025520773609062,8.0558452382603e-10,0,1.534095748292e-14,3.7822209745141e-09,0,5.7180048536021e-15,1.0495457286848e-12,5.1145373736209e-10,0,0,0.0015395228723784,0.0088094613540913,2.6356092524923e-06,0,5.0087670655791e-11,1.2267803546754e-05,0,1.8577401670902e-11,1.272955044793e-09
3.75e-05,1757.6914741831,1759.0345696947,1773.6904335088,0.97741707853608,0.97723458413469,0.99981571212164,21636353.598378,2.9713043505338e-06,1.1013641032664e-05,2.6819535040138e-06,1.0002437831141,0.72058230938303,0.72058230938303,0.62840718471508,0.62840718471508,0.72058230938303,0.67269278828394,0.67269278828394,0.67269278828394,0.7599520448509,0.7599520448509,0.7599520448509,0.62840718471508,66.381970068788,8.2401431600023e-13,1.5895312913742e-11,-0.38917898630082,-0.73389878828995,-0.0093417691929698,-5.3301037349762e-17,-0.32381660810349,-0.011537243797864,-5.2140496951572e-15,-0.87139613532767,76.700734134438,335.70791952753,335.70791952753,335.61574440286,335.61574440286,335.70791952753,335.66003000643,335.66003000643,335.66003000643,335.747289263,335.747289263,335.747289263,335.61574440286,137.3940016057,0.0042781319884046,0.0026826083157267,0.0037427348146486,526.25205675252,-2.4143548878382e-07,-5.6100512730345e-09,-2.01128715768e-08,526.25174116265,7.0105465058702e-09,-3.9150649753476e-07,0.01073912331485,1.11390826336e-11,0,0,5.6619044753802e-07,0.00019146304147775,3.4131861895981e-10,0,6.5101251334333e-15,1.6033724906814e-09,0,2.4267989521196e-15,4.6973203882626e-13,5.2720677909492e-10,0,0,0.0015403235865882,0.0090802309840424,2.6360919499124e-06,0,5.0096877363047e-11,1.2270071057876e-05,0,1.8580833682893e-11,1.273619346213e-09
3.8125e-05,1748.7918107316,1737.9799612483,1758.7565715969,0.97741707853608,0.97723458413469,0.99981571212164,22115342.514243,2.9676187557794e-06,1.1197280530847e-05,2.7567214039327e-06,1.0002895148489,0.7153400333428,0.7153400333428,0.62298183979667,0.62298183979667,0.7153400333428,0.6711419141341,0.6711419141341,0.6711419141341,0.75867686714626,0.75867686714626,0.75867686714626,0.62298183979667,71.424274996881,8.8409480746513e-13,1.7072630449183e-11,-0.41899079510754,-0.79024274538536,-0.010060258032448,-5.7242648465393e-17,-0.3485404711108,-0.012424658222195,-5.6069068033787e-15,-0.93810468800464,82.528886433274,336.07247630481,336.07247630481,335.98011811126,335.98011811126,336.07247630481,336.0282781856,336.0282781856,336.0282781856,336.11581313861,336.11581313861,336.11581313861,335.98011811126,150.64744485524,0.004351069510536,0.0027353995900018,0.0038050059950651,528.75593733288,-2.6213533179313e-07,2.3288276419129e-09,-2.200060997128e-08,528.75558760179,7.8552743937171e-09,-4.3798416690487e-07,0.01093359131311,8.2107446375759e-12,0,0,2.533085770028e-07,0.00014084502819204,1.4580758607721e-10,0,2.7859013409379e-15,6.8530134232667e-10,0,1.0385916560529e-15,2.1065855998091e-13,5.3881852551856e-10,0,0,0.0015406818190133,0.0092794159331044,2.6362981529781e-06,0,5.0100817222507e-11,1.2271040220329e-05,0,1.8582302473299e-11,1.2739172624055e-09
3.875e-05,1742.4849744171,1723.0618238485,1748.1753858937,0.97741707853608,0.97723458413469,0.99981571212164,22466107.863217,2.9603240463945e-06,1.1380916654585e-05,2.8336965777803e-06,1.0003381614323,0.71160067424605,0.71160067424605,0.6191133259296,0.6191133259296,0.71160067424605,0.67003646233139,0.67003646233139,0.67003646233139,0.75776886757252,0.75776886757252,0.75776886757252,0.6191133259296,75.987270793382,9.3763361700475e-13,1.81273055495e-11,-0.44605464371395,-0.84142832350967,-0.010714386129457,-6.0778690779461e-17,-0.37099139920083,-0.013232610526068,-5.9615065502948e-15,-0.99872724106113,87.803314346097,336.33807526076,336.33807526076,336.24558791245,336.24558791245,336.33807526076,336.29651104885,336.29651104885,336.29651104885,336.38424345409,336.38424345409,336.38424345409,336.24558791245,161.6587245417,0.0044243373729698,0.002788797506301,0.0038672742216223,530.81648580039,-2.8202569563767e-07,8.1975372029886e-09,-2.2761588483157e-08,530.81610175279,8.8218672818643e-09,-4.8111609665752e-07,0.01107336716683,5.9438951548565e-12,0,0,1.1347229416918e-07,0.00010172979165608,6.2736133820619e-11,0,1.2009336998742e-15,2.9500931318336e-10,0,4.4773016013784e-16,9.4617297117569e-14,5.4722446265989e-10,0,0,0.0015408422930706,0.0094232835841618,2.6363868752694e-06,0,5.0102515599233e-11,1.22714574265e-05,0,1.8582935659364e-11,1.2740510714703e-09
3.9375e-05,1735.8448337448,1707.3575835547,1737.0367288819,0.97741707853608,0.97723458413469,0.99981571212164,22845603.867691,2.9501610033666e-06,1.156454777863e-05,2.9124734160191e-06,1.0003891478428,0.70764145799841,0.70764145799841,0.61501865169723,0.61501865169723,0.70764145799841,0.66886671860823,0.66886671860823,0.66886671860823,0.75680889640405,0.75680889640405,0.75680889640405,0.61501865169723,79.648533038596,9.795021487933e-13,1.8959649620787e-11,-0.46788281740632,-0.88275802059981,-0.011243575162071,-6.356998552437e-17,-0.38907743863074,-0.013886238877166,-6.2443592603262e-15,-1.0476239266232,92.035984308844,336.624105376,336.624105376,336.5314825697,336.5314825697,336.624105376,336.58533063661,336.58533063661,336.58533063661,336.67327281441,336.67327281441,336.67327281441,336.5314825697,171.59359196203,0.0044979373639185,0.0028426955555285,0.0039295392468233,532.52113256749,-3.0376501145484e-07,1.7456480168183e-08,-2.4909024236167e-08,532.52071506497,9.4927891474112e-09,-5.2682231276442e-07,0.011173263994738,4.2773489230059e-12,0,0,5.1985503302864e-08,7.3027561972275e-05,2.7706854036106e-11,0,5.3143967393763e-16,1.3035213142493e-10,0,1.9813399307124e-16,4.3471446350399e-14,5.532735475178e-10,0,0,0.0015409158116745,0.00952656015273,2.6364260586781e-06,0,5.0103267168427e-11,1.2271641772252e-05,0,1.8583215863144e-11,1.2741125493793e-09
4.0625e-05,1722.1185613788,1674.900685962,1714.01606826,0.97741707853608,0.97723458413469,0.99981571212164,23653522.911541,2.9218754779977e-06,1.1931786888168e-05,3.075214371218e-06,1.0004977131168,0.69938247355791,0.69938247355791,0.60647816146237,0.60647816146237,0.69938247355791,0.666429158524,0.666429158524,0.666429158524,0.7548113051901,0.7548113051901,0.7548113051901,0.60647816146237,84.794900731577,1.0350558234296e-12,2.0087009735524e-11,-0.49890487118288,-0.94163136763554,-0.012001597664643,-6.7356863056355e-17,-0.41475692427769,-0.014822535061005,-6.637061486824e-15,-1.1172265313169,97.986933347764,337.22715584102,337.22715584102,337.13425152892,337.13425152892,337.22715584102,337.19420252599,337.19420252599,337.19420252599,337.28258467265,337.28258467265,337.28258467265,337.13425152892,179.47886592046,0.0046462015985038,0.0029519256477716,0.0040540593669943,534.92771765203,-2.9839427957113e-07,-5.9289573515597e-08,-2.8923576637431e-08,534.92724230433,6.4230440052155e-09,-5.017322150608e-07,0.011319521883621,6.3287639626123e-12,0,0,4.9689238396375e-08,0.00010746910881315,2.5672701730174e-11,0,4.945539599036e-16,1.2088328263582e-10,0,1.8434215531518e-16,4.181486127289e-14,5.6222377134679e-10,0,0,0.0015409860828693,0.0096785444239497,2.6364623653611e-06,0,5.0103966573345e-11,1.227181272703e-05,0,1.858347656232e-11,1.2741716845233e-09
4.1875e-05,1707.844604711,1641.1604189416,1690.0855244191,0.97741707853608,0.97723458413469,0.99981571212164,24532659.783017,2.8895467897309e-06,1.2298997641017e-05,3.2409188872274e-06,1.0006097821202,0.69068432714047,0.69068432714047,0.5974896495621,0.5974896495621,0.69068432714047,0.66386534060692,0.66386534060692,0.66386534060692,0.75271412683224,0.75271412683224,0.75271412683224,0.5974896495621,87.532544992195,1.06013908868e-12,2.0629447966894e-11,-0.51586833038329,-0.97401044737182,-0.012422113769591,-6.9172013424767e-17,-0.42869559610507,-0.015341888091929,-6.8381813937325e-15,-1.1552467723871,101.15491841058,337.87510301331,337.87510301331,337.78190833574,337.78190833574,337.87510301331,337.84828402678,337.84828402678,337.84828402678,337.93713281301,337.93713281301,337.93713281301,337.78190833574,190.38046521934,0.0047956427389472,0.0030620401108824,0.0041785642760982,536.8013052453,-3.4723433946044e-07,-1.5505143874071e-08,-2.4330381212296e-08,536.80078307152,9.0880772406318e-09,-5.9737289238081e-07,0.011426885885896,4.6119579011802e-12,0,0,2.3911020921724e-08,7.7873270817694e-05,1.201504763198e-11,0,2.3248533705688e-16,5.6622223524887e-11,0,8.6635968588031e-17,2.0255759740961e-14,5.6874606475973e-10,0,0,0.0015410198981594,0.0097886738596865,2.6364793572044e-06,0,5.0104295357262e-11,1.2271892802947e-05,0,1.8583599084082e-11,1.2742003304934e-09
4.3125e-05,1693.4716496769,1607.1988862484,1665.9983834069,0.97741707853608,0.97723458413469,0.99981571212164,25455313.680098,2.8549726271103e-06,1.2666181239929e-05,3.4084874413309e-06,1.0007238997616,0.68180835655678,0.68180835655678,0.58832390537887,0.58832390537887,0.68180835655678,0.66125243479792,0.66125243479792,0.66125243479792,0.75058078677846,0.75058078677846,0.75058078677846,0.58832390537887,89.129782775254,1.0707978915753e-12,2.0894696432173e-11,-0.52617573553146,-0.99384642416059,-0.012683242702277,-7.0051736115743e-17,-0.43708956112937,-0.015664355400298,-6.9484604525002e-15,-1.1783523495859,103.00517077461,338.54588319796,338.54588319796,338.45239874678,338.45239874678,338.54588319796,338.5253272762,338.5253272762,338.5253272762,338.61465562818,338.61465562818,338.61465562818,338.45239874678,195.83057034469,0.0049461535259213,0.0031727499337507,0.004303053382461,538.36324836855,-3.783106019107e-07,-1.0354997877609e-08,-3.1369573199148e-08,538.36269149189,8.267001108028e-09,-6.4396526343605e-07,0.011504230083755,3.3354056189642e-12,0,0,1.1646408545788e-08,5.5992422034225e-05,5.7087273843366e-12,0,1.1095759826319e-16,2.6925827111138e-11,0,4.1336942525257e-17,9.9335452596683e-15,5.7346304062208e-10,0,0,0.0015410363686683,0.0098678591023174,2.6364874305641e-06,0,5.0104452275002e-11,1.2271930881816e-05,0,1.8583657543347e-11,1.2742143786478e-09
4.4375e-05,1679.2067936335,1573.5062206278,1642.1022092187,0.97741707853608,0.97723458413469,0.99981571212164,26408648.452243,2.8191918926974e-06,1.3033340257682e-05,3.5772435537055e-06,1.0008392053449,0.67287764129025,0.67287764129025,0.57910822612629,0.57910822612629,0.67287764129025,0.65862657350832,0.65862657350832,0.65862657350832,0.74844078604374,0.74844078604374,0.74844078604374,0.57910822612629,90.051799345594,1.0729942951818e-12,2.0996678688369e-11,-0.532534778602,-1.0062396063729,-0.012849755513506,-7.0378439776159e-17,-0.44219693400471,-0.015869946824441,-7.0048878173544e-15,-1.1926140752717,104.07514186697,339.22904908205,339.22904908205,339.13527966689,339.13527966689,339.22904908205,339.21479801427,339.21479801427,339.21479801427,339.30461222681,339.30461222681,339.30461222681,339.13527966689,198.78325732479,0.0050976285978914,0.0032838766641288,0.004427526349082,539.74447412765,-4.0210439231093e-07,-8.8158617878617e-09,-2.4486158330039e-08,539.74389401507,9.5998393544293e-09,-6.7373093143993e-07,0.011561448934099,2.4076015678138e-12,0,0,5.7719024573106e-09,4.0180250968322e-05,2.7667463032379e-12,0,5.4018040737776e-17,1.3060778091403e-11,0,2.0118132303295e-17,4.9572368829606e-15,5.7686790341208e-10,0,0,0.001541044531371,0.0099246825581763,2.6364913433342e-06,0,5.0104528668048e-11,1.2271949352546e-05,0,1.8583685994682e-11,1.2742213892395e-09
4.5625e-05,1665.1655050799,1540.3555023488,1618.5906056593,0.97741707853608,0.97723458413469,0.99981571212164,27385001.750375,2.7827907693018e-06,1.3400477580571e-05,3.7467741327637e-06,1.0009551977815,0.66396361055025,0.66396361055025,0.56991622616815,0.56991622616815,0.66396361055025,0.65600849183271,0.65600849183271,0.65600849183271,0.74631086925002,0.74631086925002,0.74631086925002,0.56991622616815,90.580291067879,1.0703140515802e-12,2.1004074463603e-11,-0.53658832337413,-1.0142858208001,-0.012960993630419,-7.0383215314681e-17,-0.44538698344258,-0.016007259834236,-7.0298697676105e-15,-1.2017149077349,104.69031066905,339.91841725095,339.91841725095,339.82436986656,339.82436986656,339.91841725095,339.91046213223,339.91046213223,339.91046213223,340.00076450965,340.00076450965,340.00076450965,339.82436986656,200.29521690778,0.0052499723342591,0.0033953101790175,0.0045519829883472,541.02120052375,-4.2170699305708e-07,-8.4665959315756e-09,-2.2685157490483e-08,541.02060719704,9.6596961923575e-09,-6.927364705718e-07,0.011603461636983,1.7403949406587e-12,0,0,2.9180434227767e-09,2.8874208891692e-05,1.370752129134e-12,0,2.6882974730283e-17,6.4763498130417e-12,0,1.0008851402326e-17,2.5237608496848e-15,5.7932919354104e-10,0,0,0.0015410486581076,0.0099655168559938,2.6364932818705e-06,0,5.0104566686315e-11,1.2271958511488e-05,0,1.8583700149336e-11,1.2742249583763e-09
4.6875e-05,1651.4091944076,1507.8917974261,1595.5663777483,0.97741707853608,0.97723458413469,0.99981571212164,28379864.769649,2.7460907994034e-06,1.3767595984179e-05,3.9168270177395e-06,1.0010715896791,0.65510675153488,0.65510675153488,0.56078937601106,0.56078937601106,0.65510675153488,0.65340970986423,0.65340970986423,0.65340970986423,0.74420016002276,0.74420016002276,0.74420016002276,0.56078937601106,90.882796868126,1.0648752336874e-12,2.0957547315526e-11,-0.53931557021234,-1.0198310693244,-0.013040439012066,-7.0203339694463e-17,-0.44747546838267,-0.016105301133099,-7.0367458839038e-15,-1.2078500943229,105.04426778356,340.610385071,340.610385071,340.51606769548,340.51606769548,340.610385071,340.60868802933,340.60868802933,340.60868802933,340.69947847949,340.69947847949,340.69947847949,340.51606769548,200.99517781204,0.0054031009115468,0.003506981973181,0.004676423198018,542.23713650715,-4.3670896258254e-07,-1.0688816561035e-08,-2.0340836368913e-08,542.23653824541,9.6090101929093e-09,-7.011944607384e-07,0.011633708112782,1.2623268168669e-12,0,0,1.5063581577196e-09,2.081919814436e-05,6.9469397286905e-13,0,1.3685344166866e-17,3.2850218024057e-12,0,5.0934575146284e-18,1.3120089462827e-15,5.811143932456e-10,0,0,0.0015410507884198,0.0099949596483672,2.6364942643161e-06,0,5.0104586040314e-11,1.227196315721e-05,0,1.8583707352572e-11,1.2742268138371e-09
4.8125e-05,1637.9680632999,1476.1862942427,1573.0799332272,0.97741707853608,0.97723458413469,0.99981571212164,29390903.854672,2.7092631676784e-06,1.4134697960867e-05,4.0872464582002e-06,1.0011882175364,0.6463293697139,0.6463293697139,0.55175026374281,0.55175026374281,0.6463293697139,0.65083633750433,0.65083633750433,0.65083633750433,0.74211331165222,0.74211331165222,0.74211331165222,0.55175026374281,91.056535847305,1.0579000901197e-12,2.0880608159875e-11,-0.54128595777833,-1.0239492999303,-0.013101767311603,-6.9918539386639e-17,-0.44893656296385,-0.016180963929559,-7.0332746509937e-15,-1.2122962645637,105.2493566777,341.3028847008,341.3028847008,341.20830559483,341.20830559483,341.3028847008,341.30739166859,341.30739166859,341.30739166859,341.39866864274,341.39866864274,341.39866864274,341.20830559483,201.25068894172,0.0055569415929311,0.0036188483772238,0.004800846923345,543.41714565556,-4.4774219700534e-07,-1.4818735058233e-08,-1.7572331739674e-08,543.41654897716,9.5141284867008e-09,-7.013532063752e-07,0.01165557699552,9.1964377200534e-13,0,0,7.940466540353e-10,1.507792766535e-05,3.600690051622e-13,0,7.1250292343678e-18,1.7041407821744e-12,0,2.6508600608909e-18,6.964931776722e-16,5.8241496594052e-10,0,0,0.0015410519113713,0.010016283058164,2.6364947735306e-06,0,5.0104596116627e-11,1.2271965567229e-05,0,1.8583711101454e-11,1.2742277988272e-09
4.9375e-05,1624.8547646826,1445.2686559518,1551.1522306248,0.97741707853608,0.97723458413469,0.99981571212164,30416241.735826,2.6723953588122e-06,1.4501785680083e-05,4.2579341516488e-06,1.0013049886919,0.6376433426065,0.6376433426065,0.54281064381466,0.54281064381466,0.6376433426065,0.64829138178163,0.64829138178163,0.64829138178163,0.74005241044439,0.74005241044439,0.74005241044439,0.54281064381466,91.157155723185,1.0500854242389e-12,2.078668089322e-11,-0.54282616191627,-1.0272568569935,-0.013152836585591,-6.9574621466716e-17,-0.45004216157842,-0.016243955089386,-7.0239157882834e-15,-1.2157857898029,105.36988674515,341.99473908237,341.99473908237,341.89990638358,341.89990638358,341.99473908237,342.00538712155,342.00538712155,342.00538712155,342.09714815021,342.09714815021,342.09714815021,341.89990638358,201.27065088708,0.0057114311701847,0.0037308804497562,0.0049252541355775,544.57531715968,-4.5540639219217e-07,-2.0350837445893e-08,-1.4495033361428e-08,544.57472694981,9.4204806524952e-09,-6.9516434939273e-07,0.011671466235977,6.7334140797994e-13,0,0,4.2720956975471e-10,1.0974604462296e-05,1.9074229542158e-13,0,3.791251461786e-18,9.035315032683e-13,0,1.4100030774122e-18,3.7738176218355e-16,5.833672144918e-10,0,0,0.0015410525155369,0.010031803492636,2.636495043281e-06,0,5.0104601478267e-11,1.2271966845016e-05,0,1.85837130955e-11,1.2742283325256e-09
5.0625e-05,1612.0722554718,1415.1456124528,1529.7879663575,0.97741707853608,0.97723458413469,0.99981571212164,31454968.092477,2.635529090426e-06,1.486886522439e-05,4.4288262056868e-06,1.0014218507012,0.62905464500319,0.62905464500319,0.5339761281011,0.5339761281011,0.62905464500319,0.6457760909193,0.6457760909193,0.6457760909193,0.73801807945158,0.73801807945158,0.73801807945158,0.5339761281011,91.216288729297,1.0418265102556e-12,2.0683388308268e-11,-0.54412232490224,-1.0301050722781,-0.013198132650754,-6.9197830929215e-17,-0.45094711170287,-0.016299815848686,-7.0112222352007e-15,-1.2187359669628,105.44241707814,342.6852812308,342.6852812308,342.5902027139,342.5902027139,342.6852812308,342.70200267672,342.70200267672,342.70200267672,342.79424466525,342.79424466525,342.79424466525,342.5902027139,201.17143238244,0.0058665143653219,0.0038430580262905,0.0050496448200659,545.71962424223,-4.6026376250688e-07,-2.6879679388057e-08,-1.1197459116334e-08,545.71904394128,9.3617880138361e-09,-6.8431733353812e-07,0.011683070987759,4.9560308050764e-13,0,0,2.3441922913808e-10,8.0301055173775e-06,1.0317832499861e-13,0,2.0599470637233e-18,4.8917332903988e-13,0,7.658184287284e-19,2.0854856850701e-16,5.8406810308981e-10,0,0,0.0015410528470557,0.010043159776766,2.6364951891971e-06,0,5.0104604391472e-11,1.2271967536811e-05,0,1.8583714178531e-11,1.2742286274578e-09
5.1875e-05,1599.6182132224,1385.8114134878,1508.9829887472,0.97741707853608,0.97723458413469,0.99981571212164,32506531.523532,2.5986815673615e-06,1.5235937275527e-05,4.5998796225001e-06,1.001538773875,0.62056593092985,0.62056593092985,0.52524885770992,0.52524885770992,0.62056593092985,0.64329071980313,0.64329071980313,0.64329071980313,0.73601010296549,0.73601010296549,0.73601010296549,0.52524885770992,91.251860669125,1.0333474485854e-12,2.0575054315826e-11,-0.54528021505059,-1.0326936506673,-0.013240209997016,-6.8803245978281e-17,-0.45173934772512,-0.016351701756802,-6.9966567539879e-15,-1.2213838920713,105.48766808517,343.37413425679,343.37413425679,343.27881718357,343.27881718357,343.37413425679,343.39685904567,343.39685904567,343.39685904567,343.48957842883,343.48957842883,343.48957842883,343.27881718357,201.01673146274,0.0060221424588817,0.0039553662513322,0.005174018969766,546.85458019128,-4.6283265848411e-07,-3.4077491893936e-08,-7.7476762159238e-09,546.85401199869,9.3621718505323e-09,-6.7026524341113e-07,0.011691591698302,3.6673727663104e-13,0,0,1.3107773096515e-10,5.9071499640419e-06,5.6934965687702e-14,0,1.1417666607267e-18,2.7016722655632e-13,0,4.2430198263445e-19,1.1744131915265e-16,5.8458674792024e-10,0,0,0.0015410530324276,0.01005151374836,2.6364952697153e-06,0,5.0104606006174e-11,1.2271967918885e-05,0,1.8583714778584e-11,1.274228793545e-09
5.3125e-05,1587.4874917524,1357.2536384501,1488.7284185674,0.97741707853608,0.97723458413469,0.99981571212164,33570581.209929,2.561857251147e-06,1.5603000170145e-05,4.7710643617877e-06,1.0016557413836,0.61217798935589,0.61217798935589,0.5166290051534,0.5166290051534,0.61217798935589,0.64083496064341,0.64083496064341,0.64083496064341,0.73402777393548,0.73402777393548,0.73402777393548,0.5166290051534,91.274021810245,1.0247755887578e-12,2.0464136102725e-11,-0.54635990751435,-1.0351360613667,-0.013280523466999,-6.8399591768122e-17,-0.45246877894418,-0.016401410041239,-6.9810614837179e-15,-1.2238642129534,105.51737473788,344.06108577736,344.06108577736,343.96553679316,343.96553679316,344.06108577736,344.08974274865,344.08974274865,344.08974274865,344.18293556194,344.18293556194,344.18293556194,343.96553679316,201.27243487743,0.0061782721883296,0.0040677935622796,0.0052983765817203,547.98274330527,-4.6358686959444e-07,-4.1677584474577e-08,-4.1979678487138e-09,547.98218837539,9.4381614542706e-09,-6.5425053461028e-07,0.011697881348139,2.7283090565609e-13,0,0,7.4620052863862e-11,4.3687148892853e-06,3.2016824519688e-14,0,6.4492202375239e-19,1.5205906733399e-13,0,2.3956817459335e-19,6.7333170958451e-17,5.8497258908726e-10,0,0,0.0015410531379563,0.010057692044207,2.636495314994e-06,0,5.0104606918231e-11,1.2271968133929e-05,0,1.8583715117385e-11,1.2742288887684e-09
5.5625e-05,1564.0185081356,1302.0404434958,1449.5677870434,0.97741707853608,0.97723458413469,0.99981571212164,35729744.959346,2.485790352852e-06,1.6337095289241e-05,5.1153298452063e-06,1.0018918346005,0.59559205248138,0.59559205248138,0.49957605574988,0.49957605574988,0.59559205248138,0.63597777126181,0.63597777126181,0.63597777126181,0.73011095659333,0.73011095659333,0.73011095659333,0.49957605574988,92.089730773022,1.0161184366964e-12,2.0411469683861e-11,-0.5531845332722,-1.0488773355099,-0.013477889397621,-6.8169022819505e-17,-0.45786986579694,-0.01664510332552,-7.0092996927581e-15,-1.2395167775516,106.46842747645,345.42436976864,345.42436976864,345.32835377191,345.32835377191,345.42436976864,345.46475548742,345.46475548742,345.46475548742,345.55888867275,345.55888867275,345.55888867275,345.32835377191,201.53339945368,0.0064921969329485,0.0042934102650009,0.0055470424384645,549.91122802051,-4.4380861251679e-07,-8.6402524038333e-08,1.1685567479698e-08,549.9107020965,1.5746424901156e-08,-5.8669989978107e-07,0.011707467571586,4.2187960115802e-13,0,0,8.8752718809563e-11,6.6751688856971e-06,3.773202738557e-14,0,7.6694300269017e-19,1.7951229000351e-13,0,2.8463783889813e-19,8.1246470805154e-17,5.855692169409e-10,0,0,0.0015410532634716,0.010067132158576,2.6364953683551e-06,0,5.0104608002852e-11,1.2271968387798e-05,0,1.8583715519924e-11,1.2742290036683e-09
5.8125e-05,1541.5817436356,1249.316497233,1412.1708347431,0.97741707853608,0.97723458413469,0.99981571212164,37960237.749604,2.4112463264773e-06,1.7071191893321e-05,5.4590151778007e-06,1.0021268397723,0.57926366362724,0.57926366362724,0.48279387752712,0.48279387752712,0.57926366362724,0.63118947685581,0.63118947685581,0.63118947685581,0.72624999310399,0.72624999310399,0.72624999310399,0.48279387752712,91.639574680087,9.9386164765878e-13,2.0082079508857e-11,-0.55240512998094,-1.0482054950948,-0.013488027198652,-6.7003686377513e-17,-0.45690331703603,-0.016657449118079,-6.9405689061522e-15,-1.2379304996711,105.95609433757,346.79382816152,346.79382816152,346.69735837542,346.69735837542,346.79382816152,346.84575397475,346.84575397475,346.84575397475,346.940814491,346.940814491,346.940814491,346.69735837542,203.71676459013,0.0068075559166014,0.0045191514361054,0.005795641894692,552.00479354148,-4.3585877526531e-07,-1.0393258042513e-07,1.8930820866445e-08,552.00429156869,1.6409301596576e-08,-5.5056194707456e-07,0.011714853873793,3.2977885824863e-13,0,0,5.3957387599796e-11,5.1564328031918e-06,2.2746653831826e-14,0,4.6652091621052e-19,1.0840608957144e-13,0,1.7298376479086e-19,5.0105926228335e-17,5.8603559467482e-10,0,0,0.0015410533397789,0.01007442445578,2.6364954005237e-06,0,5.0104608662613e-11,1.2271968541107e-05,0,1.858371576456e-11,1.2742290745288e-09
6.0625e-05,1520.430563888,1199.6746044985,1376.957622209,0.97741707853608,0.97723458413469,0.99981571212164,40224018.206526,2.3373606133153e-06,1.7805279559959e-05,5.8025404941443e-06,1.0023614029381,0.56340876143456,0.56340876143456,0.46649692492621,0.46649692492621,0.56340876143456,0.62652835032695,0.62652835032695,0.62652835032695,0.72248580317262,0.72248580317262,0.72248580317262,0.46649692492621,91.441375747528,9.7483412095195e-13,1.9813348287799e-11,-0.55313159140448,-1.0503902935287,-0.013535173718533,-6.6045388031939e-17,-0.4571919581714,-0.016715517922368,-6.8919636627788e-15,-1.2397451888644,105.73494150951,348.14646234359,348.14646234359,348.04955050708,348.04955050708,348.14646234359,348.20958193248,348.20958193248,348.20958193248,348.30553938533,348.30553938533,348.30553938533,348.04955050708,203.0023605953,0.0071242070364047,0.004745107189584,0.0060441751236478,554.16526917223,-4.2904128427985e-07,-1.1860866175119e-07,2.5987868661215e-08,554.16478295499,1.7545847262299e-08,-5.2491348429205e-07,0.011720586803889,2.5966357048247e-13,0,0,3.3383673431911e-11,4.012385678004e-06,1.3965344408284e-14,0,2.8900329882839e-19,6.6671778445751e-14,0,1.0706301388875e-19,3.1446979316666e-17,5.8640281441785e-10,0,0,0.0015410533869905,0.010080098826023,2.6364954202737e-06,0,5.0104609071325e-11,1.2271968635396e-05,0,1.858371591597e-11,1.2742291190015e-09
6.3125e-05,1500.4307362141,1152.7961439204,1343.7017557364,0.97741707853608,0.97723458413469,0.99981571212164,42527664.760609,2.2636783219627e-06,1.8539352792565e-05,6.1461119386818e-06,1.0025958573887,0.54796481818897,0.54796481818897,0.45061102646526,0.45061102646526,0.54796481818897,0.62197085749057,0.62197085749057,0.62197085749057,0.71879153421518,0.71879153421518,0.71879153421518,0.45061102646526,91.373022464814,9.5758081773325e-13,1.9576774486521e-11,-0.55464361422082,-1.0540699230584,-0.013602041911977,-6.5200295428001e-17,-0.45813952456306,-0.016797962286644,-6.8540801119536e-15,-1.2433523317661,105.6638738296,349.4869018606,349.4869018606,349.38954806887,349.38954806887,349.4869018606,349.5609078999,349.5609078999,349.5609078999,349.65772857662,349.65772857662,349.65772857662,349.38954806887,202.78777542542,0.0074420158395236,0.0049713102530823,0.0062926422021646,556.34203700844,-4.2491497305746e-07,-1.3070891927522e-07,3.2857968548089e-08,556.34155635721,1.9088326828528e-08,-5.1217602527126e-07,0.011725060422587,2.0554942612738e-13,0,0,2.0965542295661e-11,3.1388532411337e-06,8.7088928060088e-15,0,1.818525782797e-19,4.1649470425508e-14,0,6.7306489406114e-20,2.0033730360834e-17,5.8669350520402e-10,0,0,0.0015410534166403,0.010084537834847,2.63649543259e-06,0,5.0104609328503e-11,1.2271968694297e-05,0,1.8583716011155e-11,1.2742291473335e-09
6.5625e-05,1481.4894120853,1108.460303477,1312.2462455665,0.97741707853608,0.97723458413469,0.99981571212164,44874072.151032,2.2376482459624e-06,1.9273413970039e-05,6.4897915554923e-06,1.0028303273634,0.53289336085048,0.53289336085048,0.43508404149302,0.43508404149302,0.53289336085048,0.61750006188319,0.61750006188319,0.61750006188319,0.71514271433969,0.71514271433969,0.71514271433969,0.43508404149302,91.352946552043,9.4117551151254e-13,1.9353964368203e-11,-0.55645479532632,-1.0583225052081,-0.013676817214433,-6.4407668931922e-17,-0.45934212725291,-0.016890195490729,-6.8207089045905e-15,-1.2476600582952,105.64865893605,350.81754453955,350.81754453955,350.7197352202,350.7197352202,350.81754453955,350.90215124059,350.90215124059,350.90215124059,350.99979389304,350.99979389304,350.99979389304,350.7197352202,202.82266741632,0.0077608497740953,0.0051977541459496,0.0065410431632995,558.51623929518,-4.2503787026907e-07,-1.4015943490315e-07,3.9557251548523e-08,558.51575276969,2.1001247439021e-08,-5.1460247514797e-07,0.011728567407794,1.6345417475389e-13,0,0,1.334640090204e-11,2.4666413038317e-06,5.5083993152136e-15,0,1.1606463296212e-19,2.6389409206742e-14,0,4.2917766273122e-20,1.2937187096662e-17,5.8692466431478e-10,0,0,0.0015410534355149,0.010088026192433,2.63649544038e-06,0,5.0104609492643e-11,1.2271968731617e-05,0,1.858371607185e-11,1.2742291656294e-09
6.8125e-05,1463.5389017054,1066.5056207101,1282.4762332194,0.97741707853608,0.97723458413469,0.99981571212164,47263346.349237,2.4277055752554e-06,2.0007464906758e-05,6.8335900249486e-06,1.0030648574272,0.51817046579429,0.51817046579429,0.41987452878028,0.41987452878028,0.51817046579429,0.61310274096645,0.61310274096645,0.61310274096645,0.71151296603558,0.71151296603558,0.71151296603558,0.41987452878028,91.350054106854,9.2526872345893e-13,1.9137993596766e-11,-0.55837935813175,-1.0627950962162,-0.013754971442402,-6.3644862487441e-17,-0.46064522164308,-0.016986635022849,-6.7895157688362e-15,-1.2522508401025,105.65343435933,352.13929843228,352.13929843228,352.04100249526,352.04100249526,352.13929843228,352.23423070745,352.23423070745,352.23423070745,352.33264093252,352.33264093252,352.33264093252,352.04100249526,202.97952453281,0.0080805882635978,0.0054244196075188,0.0067893780265097,560.68111949784,-4.3088627521913e-07,-1.4678544943397e-07,4.6063940840421e-08,560.68061487793,2.3252844209394e-08,-5.3417169181134e-07,0.01173132829671,1.3052538810997e-13,0,0,8.6042890886364e-12,1.9464799359225e-06,3.5304046313395e-15,0,7.5063996973042e-20,1.6942896616883e-14,0,2.773115760397e-20,8.4609925318967e-18,5.8710925508888e-10,0,0,0.0015410534476832,0.010090778930757,2.6364954453728e-06,0,5.01046095988e-11,1.2271968755578e-05,0,1.8583716111068e-11,1.2742291775951e-09
7.0625e-05,1446.5223454986,1026.7962118614,1254.2950382228,0.97741707853608,0.97723458413469,0.99981571212164,49694970.781998,2.6178830335154e-06,2.0741507001802e-05,7.1775023463518e-06,1.0032994635053,0.5037767578868,0.5037767578868,0.40493883504564,0.40493883504564,0.5037767578868,0.60876631013934,0.60876631013934,0.60876631013934,0.70786778600731,0.70786778600731,0.70786778600731,0.40493883504564,91.353141028654,9.0973277209075e-13,1.8926387862576e-11,-0.56035063393011,-1.0673601314218,-0.013834868604754,-6.2903924715468e-17,-0.46199290586884,-0.017085277352082,-6.7596807590836e-15,-1.2569745633819,105.66536455768,353.45250384769,353.45250384769,353.35366592485,353.35366592485,353.45250384769,353.55749339994,353.55749339994,353.55749339994,353.65659487581,353.65659487581,353.65659487581,353.35366592485,203.16451331005,0.0084011254070591,0.0056512848630554,0.0070376468073397,562.83426991872,-4.4380031382442e-07,-1.5052204348336e-07,5.2503874052798e-08,562.83373449755,2.5844043928506e-08,-5.7249876948633e-07,0.011733510613558,1.0464657330708e-13,0,0,5.6137251300933e-12,1.5421036678175e-06,2.2910452339022e-15,0,4.9157447152634e-20,1.1014294382977e-14,0,1.8143642348593e-20,5.6001438988205e-18,5.8725724769211e-10,0,0,0.0015410534556223,0.010092959794678,2.6364954486128e-06,0,5.0104609668319e-11,1.2271968771154e-05,0,1.8583716136727e-11,1.2742291855149e-09
7.3125e-05,1430.3883507247,989.20914481853,1227.6151999819,0.97741707853608,0.97723458413469,0.99981571212164,52168076.28294,2.8081912014848e-06,2.1475541349786e-05,7.5215199266866e-06,1.0035341513065,0.48969318911408,0.48969318911408,0.39022184912754,0.39022184912754,0.48969318911408,0.60447737809129,0.60447737809129,0.60447737809129,0.70415536068372,0.70415536068372,0.70415536068372,0.39022184912754,91.358159498302,8.9451812157248e-13,1.8718258166098e-11,-0.56234516276159,-1.0719714455337,-0.013915917987537,-6.2182064537445e-17,-0.46336485380178,-0.017185422005187,-6.7309261777987e-15,-1.2617783383656,105.67994053229,354.75729669268,354.75729669268,354.65782535269,354.65782535269,354.75729669268,354.87208088165,354.87208088165,354.87208088165,354.97175886425,354.97175886425,354.97175886425,354.65782535269,203.34364025743,0.0087223693385695,0.0058783290630143,0.0072858495202758,564.97483335549,-4.6510622837065e-07,-1.5118223230134e-07,5.8773516928979e-08,564.97425411417,2.8749162277404e-08,-6.3116061875591e-07,0.011735242335064,8.422133791064e-14,0,0,3.7042999356299e-12,1.2264010327435e-06,1.5044212993818e-15,0,3.2575402267913e-20,7.2452438755188e-15,0,1.2012234742805e-20,3.7489275621841e-18,5.8737635465043e-10,0,0,0.0015410534608609,0.010094694187652,2.6364954507403e-06,0,5.0104609714388e-11,1.2271968781401e-05,0,1.8583716153715e-11,1.2742291908167e-09
7.5625e-05,1415.0890769048,953.6299336723,1202.3552797699,0.97741707853608,0.97723458413469,0.99981571212164,54681665.863768,2.9986359805183e-06,2.2209568825298e-05,7.8656343623951e-06,1.003768922939,0.47589890173194,0.47589890173194,0.37564465536014,0.37564465536014,0.47589890173194,0.60022083736769,0.60022083736769,0.60022083736769,0.70028571452691,0.70028571452691,0.70028571452691,0.37564465536014,91.363594450004,8.7960236232896e-13,1.8513281423607e-11,-0.56435521588688,-1.0766117704647,-0.013997899777915,-6.1478260409606e-17,-0.46475334689114,-0.017286851186332,-6.7031713497086e-15,-1.2666452441899,105.69567473472,356.05373890574,356.05373890574,355.95348465937,355.95348465937,356.05373890574,356.17806084138,356.17806084138,356.17806084138,356.27812571854,356.27812571854,356.27812571854,355.95348465937,203.51250477335,0.009044240582205,0.0061055332654413,0.0075339861795394,567.10250019412,-4.9623995557505e-07,-1.4975609688835e-07,6.5028965841563e-08,567.1018638952,3.2299113992725e-08,-7.1134907264973e-07,0.011736621689759,6.8034880458325e-14,0,0,2.4708014805618e-12,9.7893033449733e-07,9.9902089788894e-16,0,2.1831116677492e-20,4.8196902609384e-15,0,8.042833814997e-21,2.5368961270872e-18,5.8747257050108e-10,0,0,0.0015410534643552,0.010096078604208,2.6364954521532e-06,0,5.0104609745262e-11,1.2271968788217e-05,0,1.8583716165089e-11,1.2742291944044e-09
7.8125e-05,1400.5795054596,919.9508188479,1178.4386383924,0.97741707853608,0.97723458413469,0.99981571212164,57234702.431813,3.1892210948848e-06,2.2943590152679e-05,8.2098384073587e-06,1.0040037793347,0.46236939329812,0.46236939329812,0.36107855811771,0.36107855811771,0.46236939329812,0.59597894667255,0.59597894667255,0.59597894667255,0.69606455641467,0.69606455641467,0.69606455641467,0.36107855811771,91.368787487623,8.6497219104674e-13,1.8311350038798e-11,-0.56637920242111,-1.0812736243446,-0.014080719123031,-6.0792067648306e-17,-0.46615491593122,-0.017389561504555,-6.6764214413995e-15,-1.2715742790056,105.71225254121,357.34186410837,357.34186410837,357.24057327319,357.24057327319,357.34186410837,357.47547366175,357.47547366175,357.47547366175,357.57555927149,357.57555927149,357.57555927149,357.24057327319,203.67119968842,0.0093666702979654,0.0063328805859307,0.0077820567992774,569.21713994403,-5.3800442589343e-07,-1.4406021357759e-07,7.1142429129242e-08,569.21643316482,3.5876368676809e-08,-8.1466425054123e-07,0.011737724400861,5.5157247514863e-14,0,0,1.6650288709542e-12,7.8418838296147e-07,6.7051862363109e-16,0,1.4788011887616e-20,3.2405356218875e-15,0,5.4430520078459e-21,1.7344490262122e-18,5.8755057462858e-10,0,0,0.0015410534667099,0.010097187614054,2.6364954531014e-06,0,5.0104609766175e-11,1.22719687928e-05,0,1.8583716172787e-11,1.2742291968573e-09
8.0625e-05,1386.8171152054,888.07000074924,1155.7928901383,0.97741707853608,0.97723458413469,0.99981571212164,59826146.530546,3.3799492292634e-06,2.3677605972437e-05,8.5541261122459e-06,1.0042387212584,0.44907394433698,0.44907394433698,0.3462717478836,0.3462717478836,0.44907394433698,0.59173008035403,0.59173008035403,0.59173008035403,0.69081380819589,0.69081380819589,0.69081380819589,0.3462717478836,91.373274462476,8.506165868476e-13,1.8112471132565e-11,-0.56841892176298,-1.0859517141552,-0.014164307715563,-6.0123178233656e-17,-0.46756700481586,-0.017493785743886,-6.6507748582694e-15,-1.2765817724332,105.72999937646,358.62169231789,358.62169231789,358.51889012144,358.51889012144,358.62169231789,358.76434845391,358.76434845391,358.76434845391,358.86343218175,358.86343218175,358.86343218175,358.51889012144,203.82094221485,0.0096895987199664,0.0065603561044958,0.0080300613935652,571.31864673227,-5.9182435097425e-07,-1.3514307942589e-07,7.7160325292006e-08,571.3178558373,3.9850913326438e-08,-9.422407959541e-07,0.011738609085057,4.4873074126057e-14,0,0,1.1330463293653e-12,6.3036064539131e-07,4.5462765503417e-16,0,1.0119730914154e-20,2.2010176217378e-15,0,3.7213605344819e-21,1.197494341422e-18,5.876140347386e-10,0,0,0.0015410534683122,0.010098079078628,2.6364954537444e-06,0,5.0104609780486e-11,1.2271968795912e-05,0,1.858371617805e-11,1.2742291985508e-09
8.3125e-05,1373.7617036919,857.89121546006,1134.3495990701,0.97741707853608,0.97723458413469,0.99981571212164,62466265.156609,3.5708227795187e-06,2.4411946051712e-05,8.8984930253601e-06,1.0044737502172,0.43597100022427,0.43597100022427,0.33053462926333,0.33053462926333,0.43597100022427,0.58744678122484,0.58744678122484,0.58744678122484,0.68454933745571,0.68454933745571,0.68454933745571,0.33053462926333,91.376305267565,8.3652241588974e-13,1.7916807585761e-11,-0.57048095402053,-1.0906373363443,-0.014248549957384,-5.9471153329974e-17,-0.46898548881513,-0.017602509498854,-6.6273812252304e-15,-1.2818847973364,105.75012999523,359.89323243238,359.89323243238,359.78779606141,359.78779606141,359.89323243238,360.04470821338,360.04470821338,360.04470821338,360.14181076961,360.14181076961,360.14181076961,359.78779606141,203.96296244084,0.010012973882301,0.0067879467484122,0.0082779999763682,573.40680309044,-6.5897696261554e-07,-1.2293281185543e-07,8.3140065336407e-08,573.40591409157,4.4336558963845e-08,-1.0954738847333e-06,0.011739321300316,3.6629581309636e-14,0,0,7.7824537901907e-13,5.0840326666943e-07,3.1124304973156e-16,0,6.9926815406267e-21,1.5094870621034e-15,0,2.569077418603e-21,8.3452608289823e-19,5.8766583678927e-10,0,0,0.0015410534694128,0.010098798069423,2.6364954541845e-06,0,5.0104609790376e-11,1.2271968798047e-05,0,1.8583716181683e-11,1.274229199731e-09
8.5625e-05,1361.3752838098,829.3234863507,1114.0440988747,0.97741707853608,0.97723458413469,0.99981571212164,65186884.774616,3.7618456632827e-06,2.5146387664497e-05,9.2429380868082e-06,1.0047088712364,0.42299854816748,0.42299854816748,0.30905287371858,0.30905287371858,0.42299854816748,0.58309248142215,0.58309248142215,0.58309248142215,0.68324961405331,0.68324961405331,0.68324961405331,0.30905287371858,91.375516707784,8.2266175904208e-13,1.7725345614831e-11,-0.57259765792029,-1.09530289489,-0.01433307737905,-5.8834828856452e-17,-0.47039771815313,-0.017704735962917,-6.6021378072435e-15,-1.2866809269825,105.77863998521,361.15647925649,361.15647925649,361.04253358205,361.04253358205,361.15647925649,361.31657318975,361.31657318975,361.31657318975,361.41673032238,361.41673032238,361.41673032238,361.04253358205,204.09822653896,0.010336751534253,0.0070156422915909,0.0085258725601381,575.48086002907,-7.4109070832444e-07,-1.0740234275645e-07,8.8737122099858e-08,575.47985794073,4.9678821646038e-08,-1.2762149616281e-06,0.011739896603216,2.9997515092909e-14,0,0,5.3930320851341e-13,4.1135992194923e-07,2.1504898482771e-16,0,4.8767493285482e-21,1.0447924701024e-15,0,1.7900480859058e-21,5.867694561189e-19,5.8770825968195e-10,0,0,0.0015410534701755,0.010099379820204,2.6364954544887e-06,0,5.0104609797272e-11,1.2271968799525e-05,0,1.8583716184214e-11,1.2742292005608e-09
8.8125e-05,1349.6220868395,802.28112207393,1094.8154765484,0.97741707853608,0.97723458413469,0.99981571212164,67987435.932751,3.9530167051832e-06,2.5880837908931e-05,9.5874552349445e-06,1.0049440796667,0.41005046088078,0.41005046088078,0.3000327364127,0.3000327364127,0.41005046088078,0.57861553809716,0.57861553809716,0.57861553809716,0.68200511387877,0.68200511387877,0.68200511387877,0.3000327364127,91.373259550224,8.0905054898229e-13,1.753616265323e-11,-0.57471038728573,-1.0999759789542,-0.014418225751992,-5.8215296672742e-17,-0.4718146959806,-0.017807314583887,-6.5776494267523e-15,-1.2914702194933,105.80460994285,362.41140758484,362.41140758484,362.30138986037,362.30138986037,362.41140758484,362.57997266205,362.57997266205,362.57997266205,362.68336223783,362.68336223783,362.68336223783,362.30138986037,204.2254335734,0.010660890356841,0.0072434309739445,0.0087736791596048,577.54153229953,-8.3903607045007e-07,-8.8498543805005e-08,9.4185755605719e-08,577.5404024087,5.5795598324376e-08,-1.4851692273686e-06,0.011740362824011,2.4644121488012e-14,0,0,3.769087662981e-13,3.3388585585233e-07,1.4989895414868e-16,0,3.4312960730942e-21,7.295494628027e-16,0,1.2583274544527e-21,4.1609636755494e-19,5.8774311173279e-10,0,0,0.0015410534707086,0.010099852006109,2.6364954547007e-06,0,5.0104609802125e-11,1.2271968800556e-05,0,1.8583716185994e-11,1.2742292011492e-09
9.0625e-05,1338.4680368736,776.68248168543,1076.6057349912,0.97741707853608,0.97723458413469,0.99981571212164,70829151.414902,4.1443265480685e-06,2.6615295878931e-05,9.9320167350902e-06,1.0051793491541,0.39689940207326,0.39689940207326,0.29126526318713,0.29126526318713,0.39689940207326,0.57393714731545,0.57393714731545,0.57393714731545,0.68081303935675,0.68081303935675,0.68081303935675,0.29126526318713,91.382607019389,7.957989212826e-13,1.734385199955e-11,-0.57664823034182,-1.1048112603884,-0.01450595035195,-5.7618587117517e-17,-0.4733017163668,-0.01791281304444,-6.5546215400296e-15,-1.2964388512191,105.7964796768,363.65780355796,363.65780355796,363.55216941908,363.55216941908,363.65780355796,363.8348413032,363.8348413032,363.8348413032,363.94171719525,363.94171719525,363.94171719525,363.55216941908,204.34669312356,0.010985347622438,0.0074712957748812,0.0090214197969032,579.59281306491,-9.5241133266233e-07,-6.6441040674311e-08,1.0036854015956e-07,579.59154444152,6.1237386998747e-08,-1.721002174473e-06,0.011740741794384,2.0311082820436e-14,0,0,2.6559973740857e-13,2.7186661751073e-07,1.0538370415418e-16,0,2.4350748375268e-21,5.1379667352145e-16,0,8.9217817237293e-22,2.9751608130661e-19,5.8777183594158e-10,0,0,0.0015410534710842,0.010100236483567,2.6364954548497e-06,0,5.0104609805569e-11,1.2271968801283e-05,0,1.8583716187256e-11,1.27422920157e-09
9.3125e-05,1327.8798563392,752.44790706934,1059.3583829772,0.97741707853608,0.97723458413469,0.99981571212164,73711184.945813,4.3357794675344e-06,2.734976185573e-05,1.0276623917554e-05,1.0054146936772,0.3827600568261,0.3827600568261,0.28274346463139,0.28274346463139,0.3827600568261,0.56892346101078,0.56892346101078,0.56892346101078,0.67967058368611,0.67967058368611,0.67967058368611,0.28274346463139,91.399131876116,7.8285938173629e-13,1.7154924604843e-11,-0.57861951189378,-1.1097574036731,-0.01459538443959,-5.7041598334056e-17,-0.4748295412277,-0.018020050806252,-6.5326460351237e-15,-1.3014991438507,105.79280166688,364.89474294665,364.89474294665,364.79472635446,364.79472635446,364.89474294665,365.08090635083,365.08090635083,365.08090635083,365.19165347351,365.19165347351,365.19165347351,364.79472635446,204.4714684065,0.011310094963912,0.0076992314232062,0.0092690944831556,581.63259765249,-1.0828474693826e-06,-4.1339048978962e-08,1.0717252835785e-07,581.63117787584,6.6338520565958e-08,-1.98607382101e-06,0.011741050753243,1.6790897163251e-14,0,0,1.8863476764568e-13,2.2203569636224e-07,7.4691359588009e-17,0,1.7422154581729e-21,3.6479410303621e-16,0,6.3774580586901e-22,2.1440478641958e-19,5.8779558185608e-10,0,0,0.0015410534713509,0.01010055048946,2.6364954549553e-06,0,5.0104609808032e-11,1.2271968801799e-05,0,1.8583716188157e-11,1.2742292018732e-09
9.5625e-05,1317.8266815164,729.50347172185,1043.0209692675,0.97741707853608,0.97723458413469,0.99981571212164,76632710.225828,4.5273482271921e-06,2.8084236594972e-05,1.0621281818038e-05,1.0056501280968,0.36745494131714,0.36745494131714,0.27446064767673,0.27446064767673,0.36745494131714,0.56330654715261,0.56330654715261,0.56330654715261,0.67857515418897,0.67857515418897,0.67857515418897,0.27446064767673,91.431800363389,7.703033585519e-13,1.69680715077e-11,-0.58058087220994,-1.1149254317911,-0.014685626413743,-5.6481984293178e-17,-0.47636833652881,-0.018127686514407,-6.511267669359e-15,-1.3065515591701,105.78545842822,366.12219743297,366.12219743297,366.02920313933,366.02920313933,366.12219743297,366.31804903881,366.31804903881,366.31804903881,366.43331764584,366.43331764584,366.43331764584,366.02920313933,204.59394635292,0.011635107807174,0.0079272335424032,0.0095167032265462,583.65865118955,-1.0342456124425e-06,-3.5176117858704e-07,2.8159798822954e-07,583.65706508735,9.6060917603129e-08,-1.8941962400083e-06,0.011741303330292,1.3920906822239e-14,0,0,1.3497157386174e-13,1.8185539599483e-07,5.3346692545558e-17,0,1.2561621785012e-21,2.6099962479326e-16,0,4.5941064659175e-22,1.5566468673616e-19,5.878152689913e-10,0,0,0.0015410534715418,0.010100807671827,2.6364954550308e-06,0,5.0104609809809e-11,1.2271968802168e-05,0,1.8583716188807e-11,1.2742292020934e-09
9.8125e-05,1308.2798053606,707.78030314156,1027.5446673894,0.97741707853608,0.97723458413469,0.99981571212164,79592806.109122,4.719100648967e-06,2.8818718996835e-05,1.0965987493506e-05,1.0058856295439,0.35849540936998,0.35849540936998,0.26641077612219,0.26641077612219,0.35849540936998,0.5563432327712,0.5563432327712,0.5563432327712,0.67752434706216,0.67752434706216,0.67752434706216,0.26641077612219,91.436931209983,7.577488803371e-13,1.6785005121129e-11,-0.58259467010683,-1.11978207058,-0.014778572295785,-5.5945202715198e-17,-0.47797931476162,-0.018237698555039,-6.4911738871786e-15,-1.3117413751527,105.78610868045,367.34783381678,367.34783381678,367.25574918353,367.25574918353,367.34783381678,367.54568164018,367.54568164018,367.54568164018,367.66686275447,367.66686275447,367.66686275447,367.25574918353,204.70128519265,0.011960355634405,0.0081552900440679,0.0097642460523298,585.67443861699,-1.3929398474614e-06,1.2620079749387e-08,-5.1498942421275e-08,585.67267498269,4.0225646501758e-08,-2.6004473118268e-06,0.011741510430981,1.157500685322e-14,0,0,9.7275421584346e-14,1.4937592921332e-07,3.8387632594859e-17,0,9.1253423938896e-22,1.8813917196565e-16,0,3.3343901850901e-22,1.1383974082687e-19,5.8783163852298e-10,0,0,0.0015410534716794,0.010101018921292,2.6364954550851e-06,0,5.01046098111e-11,1.2271968802434e-05,0,1.8583716189279e-11,1.2742292022543e-09
0.000100625,1299.211412817,687.21189310094,1012.882204733,0.97741707853608,0.97723458413469,0.99981571212164,82590459.026335,4.9109715231866e-06,2.955320902484e-05,1.1310753191318e-05,1.0061212034965,0.34975684970582,0.34975684970582,0.25858669231573,0.25858669231573,0.34975684970582,0.54293986087282,0.54293986087282,0.54293986087282,0.67651579529885,0.67651579529885,0.67651579529885,0.25858669231573,91.441550064775,7.4542223898946e-13,1.6605153243496e-11,-0.58464446975834,-1.1246562820872,-0.014875256342848,-5.5434436213414e-17,-0.47969522502445,-0.018349590099945,-6.4721747981381e-15,-1.3170315927927,105.79166955364,368.56541159558,368.56541159558,368.47424143819,368.47424143819,368.56541159558,368.75859460675,368.75859460675,368.75859460675,368.89217054118,368.89217054118,368.89217054118,368.47424143819,204.84223030965,0.012285817342067,0.0083833959879447,0.010011722974072,587.67914030044,-1.5951924784609e-06,6.5206666119131e-08,1.2877476333861e-07,587.67718850869,8.0889493640992e-08,-2.9866004790449e-06,0.011741680743657,9.6513273191975e-15,0,0,7.0593469317291e-14,1.2303756128442e-07,2.7821214725528e-17,0,6.6767743079411e-22,1.365903998505e-16,0,2.4375208892647e-22,8.3831346755336e-20,5.8784528756097e-10,0,0,0.0015410534717792,0.01010119292268,2.6364954551244e-06,0,5.0104609812044e-11,1.2271968802627e-05,0,1.8583716189623e-11,1.2742292023729e-09
0.000103125,1290.5954509776,667.73589554751,998.98929725605,0.97741707853608,0.97723458413469,0.99981571212164,85624687.888438,5.1029835131381e-06,3.0287706578554e-05,1.165558992919e-05,1.0063568551063,0.34123372839514,0.34123372839514,0.25098171599445,0.25098171599445,0.34123372839514,0.54228231490186,0.54228231490186,0.54228231490186,0.6755472789911,0.6755472789911,0.6755472789911,0.25098171599445,91.448126703067,7.3333883216273e-13,1.6428054264536e-11,-0.58671593731764,-1.1295789259499,-0.014973322182059,-5.4940013028692e-17,-0.48143848786706,-0.018462924206069,-6.4541118462533e-15,-1.3223895886216,105.79948302214,369.77501412906,369.77501412906,369.68476211666,369.68476211666,369.77501412906,369.97606271557,369.97606271557,369.97606271557,370.10932767966,370.10932767966,370.10932767966,369.68476211666,204.99241974177,0.012611474102142,0.008611546923355,0.010259134004519,589.67198808373,-1.802666609685e-06,1.0392553273478e-07,1.3560052096224e-07,589.66983654129,8.5925256568129e-08,-3.3788715093052e-06,0.011741821188989,8.0689948881878e-15,0,0,5.1569787023966e-14,1.0161350719174e-07,2.030135775195e-17,0,4.9188324866023e-22,9.9844816624783e-17,0,1.7941572774581e-22,6.214358587002e-20,5.8785669884298e-10,0,0,0.0015410534718522,0.01010133662588,2.6364954551531e-06,0,5.0104609812739e-11,1.2271968802768e-05,0,1.8583716189877e-11,1.2742292024608e-09
0.000105625,1282.407430355,649.29365730374,985.82431394941,0.97741707853608,0.97723458413469,0.99981571212164,88694498.238151,5.2951396265896e-06,3.1022211574712e-05,1.2000493664821e-05,1.0065925861711,0.33292067667045,0.33292067667045,0.24358957060208,0.24358957060208,0.33292067667045,0.54170122637033,0.54170122637033,0.54170122637033,0.67461670739456,0.67461670739456,0.67461670739456,0.24358957060208,91.455435075976,7.2148372962839e-13,1.6253455275022e-11,-0.58880148883224,-1.1345353046845,-0.015065414954501,-5.4435008338812e-17,-0.4829723482386,-0.01857746989794,-6.4369064418081e-15,-1.3277979488367,105.80814490653,370.97672246055,370.97672246055,370.88739135448,370.88739135448,370.97672246055,371.18550301025,371.18550301025,371.18550301025,371.31841849127,371.31841849127,371.31841849127,370.88739135448,205.14184906126,0.012937308358997,0.0088397381991432,0.01050647915741,591.65272073757,-2.0317682833504e-06,1.4629436637164e-07,1.4250349777252e-07,591.65035732168,9.1034175831162e-08,-3.8052325763169e-06,0.011741937309724,6.7636582762091e-15,0,0,3.791214818967e-14,8.4136535074218e-08,1.4911322440588e-17,0,3.6476505470971e-22,7.3463697942384e-17,0,1.3293243926695e-22,4.6360300089743e-20,5.8786626410024e-10,0,0,0.0015410534719058,0.010101455612909,2.6364954551742e-06,0,5.0104609813255e-11,1.2271968802872e-05,0,1.8583716190065e-11,1.2742292025263e-09
0.000108125,1274.6242420028,631.82980208779,973.34797127214,0.97741707853608,0.97723458413469,0.99981571212164,91803310.987762,5.4874407655333e-06,3.1756723968709e-05,1.2345460744243e-05,1.0068283972496,0.32481245421424,0.32481245421424,0.23640425825197,0.23640425825197,0.32481245421424,0.54114677134119,0.54114677134119,0.54114677134119,0.67372210082737,0.67372210082737,0.67372210082737,0.23640425825197,91.462909589319,7.0984762607567e-13,1.6081225111485e-11,-0.59089762892573,-1.1395186422576,-0.015158414306625,-5.3945396732461e-17,-0.48451911778867,-0.018693122448864,-6.4205275200921e-15,-1.3332485336839,105.81700941619,372.17059317066,372.17059317066,372.0821849747,372.0821849747,372.17059317066,372.38692748779,372.38692748779,372.38692748779,372.51950281727,372.51950281727,372.51950281727,372.0821849747,205.28735544134,0.013263303939726,0.0090679652286174,0.010753758447076,593.62126438333,-2.2838087722435e-06,1.9227766164608e-07,1.4947915079396e-07,593.6186766222,9.6215893674476e-08,-4.2670727436882e-06,0.011742033563025,5.6838258044143e-15,0,0,2.8041770634302e-14,6.9839982536054e-08,1.1021391657172e-17,0,2.7221212554334e-22,5.4393734516822e-17,0,9.9116738023568e-23,3.4797485313782e-20,5.8787430224378e-10,0,0,0.0015410534719454,0.01010155438156,2.6364954551898e-06,0,5.010460981364e-11,1.2271968802949e-05,0,1.8583716190205e-11,1.2742292025756e-09
0.000110625,1267.2240362927,615.29195389832,961.52312907627,0.97741707853608,0.97723458413469,0.99981571212164,94953071.200792,5.6798883010798e-06,3.2491243726528e-05,1.2690486722654e-05,1.0070642883426,0.31690394301356,0.31690394301356,0.2294199830064,0.2294199830064,0.31690394301356,0.54061755219811,0.54061755219811,0.54061755219811,0.67286157951067,0.67286157951067,0.67286157951067,0.2294199830064,91.470331651891,6.9842420697912e-13,1.5911295712598e-11,-0.59300303507439,-1.1445263635817,-0.015252291054252,-5.3471013054252e-17,-0.48607763119745,-0.018809844574884,-6.4049678720941e-15,-1.3387381059573,105.82582884621,373.35667455481,373.35667455481,373.2691905948,373.2691905948,373.35667455481,373.580388164,373.580388164,373.580388164,373.71263219131,373.71263219131,373.71263219131,373.2691905948,205.42892107735,0.013589446086066,0.0092962236994126,0.011000971888118,595.57762943625,-2.5600773114456e-06,2.4182983773933e-07,1.5663221863141e-07,595.57480459283,1.0151583587027e-07,-4.7657571150517e-06,0.011742113545034,4.7881325976866e-15,0,0,2.086292339411e-14,5.8113794163307e-08,8.195592058386e-18,0,2.0438037932045e-22,4.0518007153091e-17,0,7.4353793655392e-23,2.6272401616643e-20,5.8788107368584e-10,0,0,0.0015410534719749,0.010101636566876,2.6364954552014e-06,0,5.0104609813929e-11,1.2271968803007e-05,0,1.8583716190311e-11,1.2742292026127e-09
0.000113125,1260.1861333334,599.63053049372,950.31463982991,0.97741707853608,0.97723458413469,0.99981571212164,98136557.039293,5.872482669674e-06,3.3225770821092e-05,1.3035568191242e-05,1.0073002592337,0.30919014113729,0.30919014113729,0.22263111170694,0.22263111170694,0.30919014113729,0.54011224146179,0.54011224146179,0.54011224146179,0.67203335612445,0.67203335612445,0.67203335612445,0.22263111170694,91.477615659813,6.872083650181e-13,1.5743622986159e-11,-0.59511721823219,-1.1495575038013,-0.015347036556341,-5.3011766596936e-17,-0.48764739655172,-0.018927624934113,-6.3902288813812e-15,-1.3442653090918,105.83450798415,374.53501105463,374.53501105463,374.4484520252,374.4484520252,374.53501105463,374.76593315496,374.76593315496,374.76593315496,374.89785426962,374.89785426962,374.89785426962,374.4484520252,205.5668317885,0.01391572135876,0.0095245096132557,0.011248119495271,597.5218590666,-2.8618405701768e-06,2.9490939456924e-07,1.6397835099826e-07,597.51878419027,1.0695805937358e-07,-5.3026327152417e-06,0.011742180165878,4.0432340188612e-15,0,0,1.5609612363313e-14,4.8470873991552e-08,6.129829730838e-18,0,1.5435083321618e-22,3.0357837120167e-17,0,5.6104800464899e-23,1.994832366916e-20,5.8788679168222e-10,0,0,0.001541053471997,0.010101705115043,2.63649545521e-06,0,5.0104609814148e-11,1.227196880305e-05,0,1.858371619039e-11,1.2742292026409e-09
0.000118125,1246.9645073189,570.37237722362,929.34950407636,0.97741707853608,0.97723458413469,0.99981571212164,104583726.27733,6.2614863113693e-06,3.4694877279971e-05,1.3729373131715e-05,1.0077768502817,0.29414380188393,0.29414380188393,0.20942693484029,0.20942693484029,0.29414380188393,0.53915790958743,0.53915790958743,0.53915790958743,0.67045308818935,0.67045308818935,0.67045308818935,0.20942693484029,92.328712750984,6.7125921172921e-13,1.5552779545469e-11,-0.60494453476215,-1.1704437211029,-0.015686900105906,-5.2636740333877e-17,-0.49545051969816,-0.019348125413263,-6.4235573977412e-15,-1.3681952509654,106.82314849979,376.86314679751,376.86314679751,376.77842993047,376.77842993047,376.86314679751,377.10816090522,377.10816090522,377.10816090522,377.23945608382,377.23945608382,377.23945608382,376.77842993047,205.70159895878,0.014569788338977,0.0099822201266606,0.011742213967761,600.70895051153,-3.5284446921491e-06,3.7610516431249e-07,1.052439023649e-08,600.70530472865,9.2225475467187e-08,-6.4822268957635e-06,0.011742295644604,7.2020888730541e-15,0,0,2.4376660422389e-14,8.4189311327853e-08,9.6142371548428e-18,0,2.4690506132641e-22,4.7779604762612e-17,0,8.9593422070445e-23,3.2098540668779e-20,5.8789697697399e-10,0,0,0.0015410534720315,0.010101824176709,2.6364954552236e-06,0,5.0104609814497e-11,1.2271968803117e-05,0,1.8583716190517e-11,1.2742292026863e-09
0.000123125,1234.8971258027,543.93588555386,910.36261885657,0.97741707853608,0.97723458413469,0.99981571212164,111250401.24481,6.6484531403059e-06,3.6164009055455e-05,1.4420855451397e-05,1.0082505215144,0.27970709860117,0.27970709860117,0.19684648576308,0.19684648576308,0.27970709860117,0.53827937054964,0.53827937054964,0.53827937054964,0.6689725077192,0.6689725077192,0.6689725077192,0.19684648576308,91.715222560523,6.4561081451127e-13,1.5126381787409e-11,-0.60515559158785,-1.1727835766793,-0.015777070042125,-5.1476621839205e-17,-0.49531668829993,-0.019461065064979,-6.3571721454657e-15,-1.3702625988695,106.11392330175,379.19193004499,379.19193004499,379.10906943215,379.10906943215,379.19193004499,379.45050231693,379.45050231693,379.45050231693,379.5811954541,379.5811954541,379.5811954541,379.10906943215,207.99966744772,0.015223383880129,0.010439187282383,0.012236047257196,604.3365214883,-4.3573923856436e-06,5.1100366531088e-07,3.2171881984202e-08,604.33226117183,1.0729070625801e-07,-7.8892792415192e-06,0.011742397447181,6.5220935325061e-15,0,0,1.9415166129065e-14,7.4355682091786e-08,7.691358854193e-18,0,2.0143852478304e-22,3.8355200876177e-17,0,7.2972640261668e-23,2.6335549404732e-20,5.8790620060711e-10,0,0,0.0015410534720589,0.010101929331523,2.6364954552345e-06,0,5.0104609814782e-11,1.2271968803171e-05,0,1.858371619062e-11,1.2742292027236e-09
0.000128125,1224.0482596769,520.43488726806,893.43887771566,0.97741707853608,0.97723458413469,0.99981571212164,117970573.48629,7.0352289154542e-06,3.7633177581642e-05,1.5111708293134e-05,1.0087235203763,0.26607896644631,0.26607896644631,0.18505576832062,0.18505576832062,0.26607896644631,0.5374822414301,0.5374822414301,0.5374822414301,0.66760397699159,0.66760397699159,0.66760397699159,0.18505576832062,91.537210758451,6.2401265247802e-13,1.4784020704181e-11,-0.60822673593381,-1.1806728272805,-0.015943421074235,-5.0627094328299e-17,-0.49754101617011,-0.019667925777141,-6.3244974179265e-15,-1.3788572510298,105.90864670862,381.46784702108,381.46784702108,381.38682382295,381.38682382295,381.46784702108,381.73925029606,381.73925029606,381.73925029606,381.86937203162,381.86937203162,381.86937203162,381.38682382295,206.81380314067,0.015877033879353,0.010895951458806,0.01272961820663,608.06530794644,-5.3127099234457e-06,6.5929814496577e-07,5.5324769869321e-08,608.06038465403,1.2307196811576e-07,-9.4724589449402e-06,0.011742487688989,5.9382115940891e-15,0,0,1.5591585753521e-14,6.6025011571387e-08,6.2049466485664e-18,0,1.6574048725474e-22,3.1048860755088e-17,0,5.9942145180733e-23,2.1785366603848e-20,5.8791459850649e-10,0,0,0.001541053472081,0.01010202270499,2.6364954552433e-06,0,5.0104609815016e-11,1.2271968803215e-05,0,1.8583716190705e-11,1.2742292027544e-09
0.000133125,1214.2284129449,499.42637374706,878.26360238377,0.97741707853608,0.97723458413469,0.99981571212164,124785458.27711,7.4224559556419e-06,3.910237375729e-05,1.5802552762486e-05,1.0091966454564,0.25314751174705,0.25314751174705,0.17394752146524,0.17394752146524,0.25314751174705,0.5367536754712,0.5367536754712,0.5367536754712,0.66632871354572,0.66632871354572,0.66632871354572,0.17394752146524,91.513616473072,6.0423866505391e-13,1.4475720902721e-11,-0.61235098885172,-1.1906258146202,-0.01613981434619,-4.9923926856641e-17,-0.50064275584723,-0.019911782077093,-6.3059976180804e-15,-1.3899033148523,105.88223168723,383.70738495226,383.70738495226,383.62818496198,383.62818496198,383.70738495226,383.99099111599,383.99099111599,383.99099111599,384.12056615406,384.12056615406,384.12056615406,383.62818496198,206.6027222311,0.016530896721272,0.011352695792226,0.013222926390897,611.77492367666,-6.4060503497391e-06,8.2059571500772e-07,7.9773467716435e-08,611.7692841113,1.3982559048761e-07,-1.1246322302166e-05,0.011742567796965,5.4142893502626e-15,0,0,1.2572226458071e-14,5.8706212180799e-08,5.0271187669439e-18,0,1.36965043856e-22,2.5241094347397e-17,0,4.9455464107522e-23,1.809578721659e-20,5.8792225546792e-10,0,0,0.0015410534720988,0.010102105728111,2.6364954552504e-06,0,5.010460981521e-11,1.2271968803251e-05,0,1.8583716190774e-11,1.27422920278e-09
0.000138125,1205.3090293868,480.60605789167,864.62109846409,0.97741707853608,0.97723458413469,0.99981571212164,131707579.11321,7.8102538677962e-06,4.057160467311e-05,1.6493509618519e-05,1.0096700507146,0.2408539331368,0.2408539331368,0.16346216791748,0.16346216791748,0.2408539331368,0.53608506605702,0.53608506605702,0.53608506605702,0.66513454128346,0.66513454128346,0.66513454128346,0.16346216791748,91.519575807994,5.8535650125145e-13,1.418026598854e-11,-0.61671111769069,-1.201061279922,-0.016345085321856,-4.9296193555966e-17,-0.50395118010955,-0.020166530567616,-6.2930720775199e-15,-1.4015485443961,105.89017766612,385.91659961612,385.91659961612,385.8392078509,385.8392078509,385.91659961612,386.21183074904,386.21183074904,386.21183074904,386.34088022426,386.34088022426,386.34088022426,385.8392078509,206.75165496771,0.017184964598754,0.011809443526928,0.013715971811888,615.44224045815,-7.648078866388e-06,9.9455639944486e-07,1.0525021440399e-07,615.43582894718,1.5765171437837e-07,-1.322340774716e-05,0.011742638953246,4.9397811030695e-15,0,0,1.0169822361529e-14,5.2227252027634e-08,4.086513398712e-18,0,1.1357886104812e-22,2.0588215472183e-17,0,4.0946627332132e-23,1.5079733237964e-20,5.8792924137335e-10,0,0,0.0015410534721132,0.010102179588599,2.6364954552562e-06,0,5.010460981537e-11,1.227196880328e-05,0,1.8583716190832e-11,1.2742292028013e-09
0.000143125,1197.1903157356,463.73521356552,852.34252113396,0.97741707853608,0.97723458413469,0.99981571212164,138730212.12907,8.1986352904531e-06,4.2040864006582e-05,1.7184590494104e-05,1.0101437548818,0.22916153979492,0.22916153979492,0.15355999199291,0.15355999199291,0.22916153979492,0.53546978627829,0.53546978627829,0.53546978627829,0.6640123451782,0.6640123451782,0.6640123451782,0.15355999199291,91.528912040571,5.6715892291578e-13,1.3893184346398e-11,-0.62113430179642,-1.2116440274434,-0.016554751441435,-4.8729119784454e-17,-0.50732391722385,-0.020426642234582,-6.2839703438095e-15,-1.4133991109498,105.90219659748,388.09692103731,388.09692103731,388.02131948951,388.02131948951,388.09692103731,388.40322928379,388.40322928379,388.40322928379,388.53177184269,388.53177184269,388.53177184269,388.02131948951,206.97339084697,0.017839199569332,0.012266185730913,0.014208754574173,619.06451665574,-9.0490573882643e-06,1.1809401568358e-06,1.3170785853849e-07,619.05727619703,1.7666852446648e-07,-1.5415451927548e-05,0.011742702189737,4.5092618193752e-15,0,0,8.2508192940644e-15,4.6483400731124e-08,3.3322746729798e-18,0,9.4491881534993e-23,1.6845292726736e-17,0,3.4013159824256e-23,1.2604258873918e-20,5.8793561843257e-10,0,0,0.0015410534721248,0.010102245326055,2.6364954552609e-06,0,5.0104609815504e-11,1.2271968803304e-05,0,1.858371619088e-11,1.2742292028191e-09
0.000148125,1189.7858637887,448.60646564507,841.2813649263,0.97741707853608,0.97723458413469,0.99981571212164,145848325.76852,8.5876024743058e-06,4.351015168807e-05,1.7875785751779e-05,1.0106177570651,0.21803924213242,0.21803924213242,0.14420656865886,0.14420656865886,0.21803924213242,0.53490209443244,0.53490209443244,0.53490209443244,0.66295427884556,0.66295427884556,0.66295427884556,0.14420656865886,91.53782574743,5.4959568241005e-13,1.3613674066322e-11,-0.62559544972227,-1.2223251858355,-0.016768188691575,-4.8220385507656e-17,-0.5107396991544,-0.020691346854359,-6.2784863116444e-15,-1.4253963121833,105.91390184105,390.24881088986,390.24881088986,390.17497821639,390.17497821639,390.24881088986,390.56567374216,390.56567374216,390.56567374216,390.69372592657,390.69372592657,390.69372592657,390.17497821639,207.20525031753,0.018493564226264,0.012722910255107,0.014701274799503,622.6419661604,-1.0619116540815e-05,1.3794825459981e-06,1.5911199159694e-07,622.63383880895,1.9698643321071e-07,-1.7833908834979e-05,0.011742758414792,4.1183861510477e-15,0,0,6.7129223894392e-15,4.1388408112445e-08,2.725391722599e-18,0,7.8858308668346e-23,1.3824002314363e-17,0,2.8343149970125e-23,1.056565086838e-20,5.8794144271012e-10,0,0,0.0015410534721343,0.010102303858103,2.6364954552647e-06,0,5.0104609815615e-11,1.2271968803323e-05,0,1.8583716190921e-11,1.2742292028341e-09
0.000153125,1183.0187899981,435.03515482735,831.30726731038,0.97741707853608,0.97723458413469,0.99981571212164,153056571.55581,8.9771485896509e-06,4.4979467576937e-05,1.8567091951392e-05,1.0110920545828,0.20745801437555,0.20745801437555,0.13536962913269,0.13536962913269,0.20745801437555,0.53437686673303,0.53437686673303,0.53437686673303,0.66195333370967,0.66195333370967,0.66195333370967,0.13536962913269,91.545967493335,5.3264036110354e-13,1.3341480705076e-11,-0.63009245592916,-1.2331005560631,-0.016985379520287,-4.7769585917423e-17,-0.51419611644552,-0.020960622120934,-6.276651645896e-15,-1.4375337708361,105.92489962103,392.372591484,392.372591484,392.30050309875,392.30050309875,392.372591484,392.69951033636,392.69951033636,392.69951033636,392.82708680333,392.82708680333,392.82708680333,392.30050309875,207.4533804539,0.019148025686044,0.013179605997254,0.015193532611973,626.17507125663,-1.2368386563294e-05,1.5898974981434e-06,1.875158323886e-07,626.16599829963,2.1872305193847e-07,-2.0490201978468e-05,0.01174280842911,3.7632982992183e-15,0,0,5.4766087910405e-15,3.686686377372e-08,2.2354758360354e-18,0,6.6009966682733e-23,1.1377239497419e-17,0,2.3690552395598e-23,8.8814621155629e-21,5.8794676481761e-10,0,0,0.0015410534721421,0.010102355995722,2.6364954552679e-06,0,5.0104609815709e-11,1.227196880334e-05,0,1.8583716190954e-11,1.2742292028466e-09
0.000158125,1176.8203960298,422.85622882673,822.30378392626,0.97741707853608,0.97723458413469,0.99981571212164,160349706.12127,9.3672712149494e-06,4.6448811503625e-05,1.9258501483868e-05,1.0115666447683,0.19739032146531,0.19739032146531,0.12701851099561,0.12701851099561,0.19739032146531,0.53388951135263,0.53388951135263,0.53388951135263,0.66100321375832,0.66100321375832,0.66100321375832,0.12701851099561,91.553336832558,5.162696521384e-13,1.3076404135559e-11,-0.63462555131681,-1.2439705155637,-0.017206370269678,-4.737656786753e-17,-0.51769270099947,-0.02123452442722,-6.2785246081297e-15,-1.4498105241597,105.93519934571,394.46857311248,394.46857311248,394.39820130201,394.39820130201,394.46857311248,394.80507230237,394.80507230237,394.80507230237,394.93218600477,394.93218600477,394.93218600477,394.39820130201,207.7002381019,0.019802555275052,0.013636263131085,0.015685528136332,629.66431105886,-1.4307014240793e-05,1.811849180034e-06,2.1687443188069e-07,629.65423311633,2.4197172957498e-07,-2.3395746318335e-05,0.011742852938953,3.4405377157265e-15,0,0,4.4797567035706e-15,3.2852392585236e-08,1.838734486666e-18,0,5.541613568111e-23,9.3895078969541e-18,0,1.986023025747e-23,7.4858003340638e-21,5.8795163047271e-10,0,0,0.0015410534721484,0.010102402456021,2.6364954552705e-06,0,5.0104609815787e-11,1.2271968803353e-05,0,1.8583716190982e-11,1.2742292028572e-09
0.000163125,1171.1292739565,411.92211237839,814.16686888289,0.97741707853608,0.97723458413469,0.99981571212164,167722643.51899,9.7580109072093e-06,4.7918183465692e-05,1.9949947989614e-05,1.0120415249941,0.18781000055741,0.18781000055741,0.11912399670096,0.11912399670096,0.18781000055741,0.53343591306426,0.53343591306426,0.53343591306426,0.66009826143834,0.66009826143834,0.66009826143834,0.11912399670096,91.559935734766,5.0046118235717e-13,1.2818246899767e-11,-0.6391950268249,-1.2549355142599,-0.01743120989051,-4.7041281660208e-17,-0.52122903355827,-0.021513114810156,-6.2841691469645e-15,-1.4622258308605,105.94481768667,396.53706646615,396.53706646615,396.46838046229,396.46838046229,396.53706646615,396.88269237865,396.88269237865,396.88269237865,397.00935472703,397.00935472703,397.00935472703,396.46838046229,207.94507253232,0.020457127862875,0.014092872918825,0.016177261497977,633.11015764738,-1.6111837179513e-05,1.5092566351805e-06,-6.160656322756e-07,633.0990152094,6.4711983326173e-08,-2.5915984291271e-05,0.01174289256768,3.1469968216854e-15,0,0,3.6736601028707e-15,2.928653230328e-08,1.5164685379692e-18,0,4.6653633916882e-23,7.769782231047e-18,0,1.6696820161301e-23,6.3258083042699e-21,5.879560809983e-10,0,0,0.0015410534721536,0.010102443873432,2.6364954552727e-06,0,5.0104609815853e-11,1.2271968803364e-05,0,1.8583716191006e-11,1.2742292028662e-09
0.000168125,1165.8905344656,402.10086152868,806.80355921713,0.97741707853608,0.97723458413469,0.99981571212164,175170459.38966,1.0149038683929e-05,4.9387582796161e-05,2.064172254803e-05,1.0125166926477,0.17869219176017,0.17869219176017,0.11165818601421,0.11165818601421,0.17869219176017,0.53301238521016,0.53301238521016,0.53301238521016,0.65923339432713,0.65923339432713,0.65923339432713,0.11165818601421,91.565771523373,4.8519365838185e-13,1.2566817344682e-11,-0.64380097043068,-1.2659959010281,-0.017659947900197,-4.6763743808684e-17,-0.52480466554533,-0.02179644844653,-6.2936510651603e-15,-1.4747785722514,105.95375636115,398.57838235834,398.57838235834,398.51134835259,398.51134835259,398.57838235834,398.93270255179,398.93270255179,398.93270255179,399.05892356091,399.05892356091,399.05892356091,398.51134835259,208.18788520835,0.021111721319687,0.014549427555948,0.016668732822894,636.51308121648,-1.885694654601e-05,2.376002835187e-06,3.7745893425324e-07,636.50081271647,3.0542349289817e-07,-3.0111454410483e-05,0.011742927865832,2.879881592959e-15,0,0,3.0199986505697e-15,2.6117765133163e-08,1.2539280748699e-18,0,3.9383765356878e-23,6.4460594391067e-18,0,1.407615326639e-23,5.3589317962107e-21,5.879601537659e-10,0,0,0.0015410534721579,0.01010248080953,2.6364954552744e-06,0,5.0104609815909e-11,1.2271968803373e-05,0,1.8583716191026e-11,1.2742292028737e-09
0.000170625,1163.4482442391,397.62847685328,803.4258248683,0.97741707853608,0.97723458413469,0.99981571212164,178926074.39235,1.0342658422435e-05,5.0122274367403e-05,2.098527384308e-05,1.012751511375,0.17435292777125,0.17435292777125,0.10813162635291,0.10813162635291,0.17435292777125,0.5328123713593,0.5328123713593,0.5328123713593,0.65881642834337,0.65881642834337,0.65881642834337,0.10813162635291,90.477162154059,4.7212250741232e-13,1.2296120060594e-11,-0.63834218382461,-1.2562877864035,-0.017559951185431,-4.6052628498978e-17,-0.52023784677722,-0.021673888048386,-6.2215027069011e-15,-1.4632107602165,104.69256515258,399.58993699352,399.58993699352,399.5237156921,399.5237156921,399.58993699352,399.9483964371,399.9483964371,399.9483964371,400.07440049409,400.07440049409,400.07440049409,399.5237156921,208.42869368857,0.021438170920616,0.014776950319188,0.016914374486312,638.62915614114,-2.0034131343343e-05,2.4249636951726e-06,4.0759014867647e-07,638.61634394729,3.1774097408306e-07,-3.1783759657096e-05,0.011742943055037,1.2558614008921e-15,0,0,1.2022100777997e-15,1.1247060175961e-08,4.9979806463092e-19,0,1.5858561914556e-23,2.5735743923905e-18,0,5.6642678756115e-24,2.1649134287535e-21,5.8796192982213e-10,0,0,0.0015410534721596,0.010102496715275,2.6364954552751e-06,0,5.0104609815931e-11,1.2271968803377e-05,0,1.8583716191034e-11,1.2742292028768e-09
0.000175625,1158.8496283143,389.35015794593,797.13959020654,0.97741707853608,0.97723458413469,0.99981571212164,186315257.92106,1.073649587325e-05,5.1591722435403e-05,2.1678662398588e-05,1.013229225623,0.16598313297904,0.16598313297904,0.10133884867181,0.10133884867181,0.16598313297904,0.53243219774928,0.53243219774928,0.53243219774928,0.65801267573255,0.65801267573255,0.65801267573255,0.10133884867181,91.981371671984,4.6531190799558e-13,1.2255977405641e-11,-0.6536676763842,-1.288459295054,-0.018090126013164,-4.6649909940637e-17,-0.53259608975798,-0.022328829337109,-6.342386002627e-15,-1.500500127342,106.43849416821,401.5509004641,401.5509004641,401.48625617979,401.48625617979,401.5509004641,401.91734952887,401.91734952887,401.91734952887,402.04293000685,402.04293000685,402.04293000685,401.48625617979,205.87286523174,0.022093404495641,0.015233966139108,0.01740544994113,641.65065067083,-2.270555769996e-05,2.6729818311339e-06,3.1552684510094e-07,641.63659848533,3.3215676114164e-07,-3.5654172235468e-05,0.011742969889656,2.2804228560225e-15,0,0,1.9679322148197e-15,1.9894815124141e-08,8.231867918181e-19,0,2.6675952557145e-23,4.2528939425642e-18,0,9.5158614563614e-24,3.6530701270653e-21,5.8796515482706e-10,0,0,0.0015410534721623,0.010102524850792,2.6364954552763e-06,0,5.0104609815969e-11,1.2271968803383e-05,0,1.8583716191047e-11,1.274229202882e-09
0.000180625,1154.5132261907,381.77388921156,791.33014802044,0.97741707853608,0.97723458413469,0.99981571212164,193988406.52491,1.1129753158941e-05,5.3061195560212e-05,2.2371099492034e-05,1.013705849387,0.15787744977742,0.15787744977742,0.094794039735053,0.094794039735053,0.15787744977742,0.53206813146639,0.53206813146639,0.53206813146639,0.65722499476005,0.65722499476005,0.65722499476005,0.094794039735053,91.721028874552,4.4995246025789e-13,1.1985005993603e-11,-0.65651048799239,-1.2961058337884,-0.018277975367402,-4.6394359188647e-17,-0.53475664405705,-0.022561494270239,-6.3444949694773e-15,-1.5091390906419,106.14004117112,403.54117184871,403.54117184871,403.47808843867,403.47808843867,403.54117184871,403.9153625304,403.9153625304,403.9153625304,404.04051939369,404.04051939369,404.04051939369,403.47808843867,209.75200841047,0.022748198634269,0.015690550914298,0.01789626558085,644.83609995316,-2.5637854672154e-05,2.9444365815378e-06,3.5003765554823e-07,644.82075314462,3.6432584776088e-07,-3.9849989133746e-05,0.011742993758168,2.0844799079105e-15,0,0,1.6246852122154e-15,1.7716113487901e-08,6.8386157555175e-19,0,2.2633907762762e-23,3.5447814427456e-18,0,8.0640914235788e-24,3.1085939374044e-21,5.8796810272682e-10,0,0,0.0015410534721646,0.01010254990516,2.6364954552773e-06,0,5.0104609816001e-11,1.2271968803388e-05,0,1.8583716191059e-11,1.2742292028864e-09
0.000185625,1150.4937769892,374.97666400333,786.06079617722,0.97741707853608,0.97723458413469,0.99981571212164,201684321.74535,1.1523101548555e-05,5.453069300787e-05,2.3063122236118e-05,1.0141821581106,0.15018258704781,0.15018258704781,0.088609883974349,0.088609883974349,0.15018258704781,0.53172521067356,0.53172521067356,0.53172521067356,0.65646582276663,0.65646582276663,0.65646582276663,0.088609883974349,91.609956069133,4.3586869837282e-13,1.1740869299345e-11,-0.66043284675475,-1.3058987316503,-0.018498260295862,-4.6267939191699e-17,-0.53780406831857,-0.022834149374674,-6.360511183048e-15,-1.5202983900366,106.01447456512,405.49542723286,405.49542723286,405.43385452979,405.43385452979,405.49542723286,405.87696985649,405.87696985649,405.87696985649,406.00171046858,406.00171046858,406.00171046858,405.43385452979,209.38775764438,0.02340277248849,0.016146902615194,0.018386820519084,648.06917982938,-2.8810080011499e-05,3.2240685067747e-06,3.846159191815e-07,648.05248486016,3.9787009583188e-07,-4.4347819770602e-05,0.011743015056172,1.9113475187744e-15,0,0,1.3478829744763e-15,1.5825199850052e-08,5.7096166900455e-19,0,1.9302156588877e-23,2.9693121939135e-18,0,6.8689214705926e-24,2.6581612184025e-21,5.879708057804e-10,0,0,0.0015410534721666,0.010102572285373,2.6364954552781e-06,0,5.0104609816028e-11,1.2271968803392e-05,0,1.8583716191068e-11,1.2742292028901e-09
0.000190625,1146.7493576109,368.86214766647,781.2631186493,0.97741707853608,0.97723458413469,0.99981571212164,209417719.66695,1.1916910773635e-05,5.600021620139e-05,2.3755088754294e-05,1.0146586099179,0.14286332659157,0.14286332659157,0.082749724705558,0.082749724705558,0.14286332659157,0.5314004853318,0.5314004853318,0.5314004853318,0.65573059179234,0.65573059179234,0.65573059179234,0.082749724705558,91.586791848651,4.2267887779914e-13,1.1514288259307e-11,-0.66502244505417,-1.3170305342746,-0.018740100224242,-4.624382868622e-17,-0.54140223172135,-0.023133341490821,-6.3867092309632e-15,-1.5330387194975,105.99092522502,407.41961614342,407.41961614342,407.35950254153,407.35950254153,407.41961614342,407.80815330216,407.80815330216,407.80815330216,407.93248340862,407.93248340862,407.93248340862,407.35950254153,209.3451381611,0.024057253377514,0.016603137388362,0.018877114205706,651.28129325621,-3.2236477633337e-05,3.5116946839247e-06,4.200411877298e-07,651.2631911827,4.3328274436129e-07,-4.9165773208624e-05,0.011743034079419,1.7543798529084e-15,0,0,1.1212222128425e-15,1.4149572623995e-08,4.7802791564564e-19,0,1.6508732705203e-23,2.4941563514177e-18,0,5.8681750792082e-24,2.2791043863686e-21,5.8797328684818e-10,0,0,0.0015410534721681,0.01010259229589,2.6364954552787e-06,0,5.0104609816052e-11,1.2271968803395e-05,0,1.8583716191077e-11,1.2742292028933e-09
0.000195625,1143.24596591,363.35125175456,776.88113693924,0.97741707853608,0.97723458413469,0.99981571212164,217197435.77254,1.2311264315929e-05,5.7469765667668e-05,2.4447086354935e-05,1.0151353125304,0.13589270942389,0.13589270942389,0.077183101385096,0.077183101385096,0.13589270942389,0.53109158650047,0.53109158650047,0.53109158650047,0.65501571202791,0.65501571202791,0.65501571202791,0.077183101385096,91.584057909925,4.1002641303777e-13,1.1296129218285e-11,-0.66980174415115,-1.3285600945853,-0.01899037326688,-4.6290013050983e-17,-0.54516144167074,-0.023442870402628,-6.4186588449259e-15,-1.5462627472478,105.99130911496,409.31736313919,409.31736313919,409.25865353116,409.25865353116,409.31736313919,409.71256201627,409.71256201627,409.71256201627,409.8364861418,409.8364861418,409.8364861418,409.25865353116,209.51081657901,0.024711663246414,0.017059279734443,0.019367146598285,654.45637784552,-3.5929698191888e-05,3.8070565896356e-06,4.5625101126268e-07,654.43680712482,4.7069191252034e-07,-5.4319320970542e-05,0.011743051078808,1.6111291828508e-15,0,0,9.3462308230122e-16,1.2656865558692e-08,4.0110356961519e-19,0,1.4152645632914e-23,2.0996296812664e-18,0,5.0252067115631e-24,1.9582444136478e-21,5.8797556532892e-10,0,0,0.0015410534721695,0.010102610195401,2.6364954552793e-06,0,5.0104609816072e-11,1.2271968803398e-05,0,1.8583716191084e-11,1.2742292028961e-09
0.000200625,1139.9561533377,358.37855645439,772.86885636042,0.97741707853608,0.97723458413469,0.99981571212164,225022880.88038,1.2706173450161e-05,5.8939341520349e-05,2.5139128706665e-05,1.0156122827138,0.12925100283227,0.12925100283227,0.071884376511032,0.071884376511032,0.12925100283227,0.53079663888309,0.53079663888309,0.53079663888309,0.65431848035125,0.65431848035125,0.65431848035125,0.071884376511032,91.584246644737,3.9781182173739e-13,1.1083988081882e-11,-0.67464567654249,-1.3402402752487,-0.019245654642283,-4.639910523256e-17,-0.54897926013609,-0.023758506318436,-6.4553061835877e-15,-1.5596816323856,105.99537995974,411.18976486374,411.18976486374,411.13239823742,411.13239823742,411.18976486374,411.59131049979,411.59131049979,411.59131049979,411.71483234126,411.71483234126,411.71483234126,411.13239823742,209.72817050406,0.025365997253987,0.017515330548885,0.019856917795697,657.59199616473,-3.9901453731042e-05,4.1097033372833e-06,4.9322590479024e-07,657.57089403217,5.1017968903901e-07,-5.9822241573483e-05,0.011743066275266,1.4801979223615e-15,0,0,7.8058608814881e-16,1.1325492729943e-08,3.372485555337e-19,0,1.2159408823688e-23,1.7711134948949e-18,0,4.3129708579665e-24,1.6858705930338e-21,5.879776586449e-10,0,0,0.0015410534721706,0.010102626212066,2.6364954552798e-06,0,5.0104609816089e-11,1.2271968803401e-05,0,1.858371619109e-11,1.2742292028985e-09
0.000205625,1136.8560818686,353.88677256755,769.18611037235,0.97741707853608,0.97723458413469,0.99981571212164,232890934.24707,1.3101636995897e-05,6.0408943744076e-05,2.5831214954373e-05,1.0160895205394,0.1229208714607,0.1229208714607,0.066828091916484,0.066828091916484,0.1229208714607,0.53051402400217,0.53051402400217,0.53051402400217,0.65363659995517,0.65363659995517,0.65363659995517,0.066828091916484,91.584136017685,3.8600553105479e-13,1.0877318171929e-11,-0.67953129192755,-1.3520253918515,-0.019505356367833,-4.6570858641058e-17,-0.55283642270543,-0.024079521063417,-6.4965752394877e-15,-1.573241242846,105.99943664432,413.03726107734,413.03726107734,412.98116829779,412.98116829779,413.03726107734,413.44485422988,413.44485422988,413.44485422988,413.56797680583,413.56797680583,413.56797680583,412.98116829779,209.95468612792,0.026020246388026,0.017971286639066,0.020346427924753,660.68820898213,-4.4163208030523e-05,4.4190740442475e-06,5.3094901734134e-07,660.66551192751,5.5180893340937e-07,-6.5687770639763e-05,0.011743079864772,1.3604555647904e-15,0,0,6.5315107717872e-16,1.0137459869571e-08,2.8412004860616e-19,0,1.0469042394061e-23,1.4969340938646e-18,0,3.7097098337125e-24,1.4541355912172e-21,5.8797958261961e-10,0,0,0.0015410534721715,0.0101026405486,2.6364954552802e-06,0,5.0104609816104e-11,1.2271968803403e-05,0,1.8583716191095e-11,1.2742292029005e-09
0.000210625,1133.9245614533,349.82487487198,765.79716776054,0.97741707853608,0.97723458413469,0.99981571212164,240798069.81732,1.3497652456612e-05,6.1878572285515e-05,2.6523341858018e-05,1.0165670237097,0.11688606526609,0.11688606526609,0.061986688003368,0.061986688003368,0.11688606526609,0.53024230449611,0.53024230449611,0.53024230449611,0.65296803207591,0.65296803207591,0.65296803207591,0.061986688003368,91.583252622789,3.7459116715726e-13,1.0675921329983e-11,-0.68445555198072,-1.3639089733396,-0.019769446537468,-4.6806517858437e-17,-0.55672982574037,-0.02440587285702,-6.5425846419092e-15,-1.5869331543535,106.0029728095,414.86016921974,414.86016921974,414.80526984248,414.80526984248,414.86016921974,415.27352545897,415.27352545897,415.27352545897,415.39625118655,415.39625118655,415.39625118655,414.80526984248,210.18201556123,0.026674401765024,0.018427144470312,0.020835677117046,663.74543041651,-4.8726431332767e-05,4.7345334671358e-06,5.6939627981367e-07,663.72107435966,5.9562766328215e-07,-7.1929049581309e-05,0.011743092021424,1.2508956803768e-15,0,0,5.4750742922947e-16,9.0769542313301e-09,2.3982017427296e-19,0,9.0322431244591e-24,1.2676093131452e-18,0,3.1975621684544e-24,1.2565601854652e-21,5.8798135165325e-10,0,0,0.0015410534721723,0.010102653385351,2.6364954552805e-06,0,5.0104609816116e-11,1.2271968803405e-05,0,1.85837161911e-11,1.2742292029023e-09
0.000215625,1131.1426659107,346.14726699572,762.67012655134,0.97741707853608,0.97723458413469,0.99981571212164,248740798.31539,1.3894217573048e-05,6.3348227084561e-05,2.7215505991684e-05,1.0170447897117,0.11113114457882,0.11113114457882,0.057327981814254,0.057327981814254,0.11113114457882,0.52998019628871,0.52998019628871,0.52998019628871,0.65231094965953,0.65231094965953,0.65231094965953,0.057327981814254,91.581527201752,3.6355463297245e-13,1.0479652821467e-11,-0.68941850355903,-1.3758903738857,-0.02003797725008,-4.7107707345096e-17,-0.56065876925736,-0.02473762356053,-6.5934895447765e-15,-1.6007557567421,106.00597078145,416.65878735379,416.65878735379,416.60498419102,416.60498419102,416.65878735379,417.0776364055,417.0776364055,417.0776364055,417.19996715887,417.19996715887,417.19996715887,416.60498419102,210.4088023043,0.027328455195806,0.01888290070411,0.021324665505291,666.76410578382,-5.3602687958263e-05,5.0553870789347e-06,6.0853755786432e-07,666.73802614459,6.416701141311e-07,-7.855929663169e-05,0.011743102899972,1.1506081697632e-15,0,0,4.5975502790859e-16,8.129961557791e-09,2.0280425325031e-19,0,7.8082640692614e-24,1.0754001183958e-18,0,2.7617860192382e-24,1.08776562159e-21,5.8798297885893e-10,0,0,0.0015410534721729,0.010102664882853,2.6364954552808e-06,0,5.0104609816127e-11,1.2271968803406e-05,0,1.8583716191103e-11,1.2742292029039e-09
0.000220625,1128.4934780528,342.81318283927,759.77648756262,0.97741707853608,0.97723458413469,0.99981571212164,256715746.55708,1.4291330530215e-05,6.4817908091787e-05,2.7907704328825e-05,1.0175228160731,0.10564140372221,0.10564140372221,0.052810177877611,0.052810177877611,0.10564140372221,0.52972655121444,0.52972655121444,0.52972655121444,0.6516637127282,0.6516637127282,0.6516637127282,0.052810177877611,91.578922447389,3.5288252550534e-13,1.028837877538e-11,-0.69442069578679,-1.3879694087354,-0.020311008360432,-4.747630144186e-17,-0.56462275199861,-0.025074844497248,-6.6494584051136e-15,-1.6147079990925,106.00848723971,418.43340953481,418.43340953481,418.38057830897,418.38057830897,418.43340953481,418.85749468231,418.85749468231,418.85749468231,418.97943184382,418.97943184382,418.97943184382,418.38057830897,210.63495560588,0.027982399177967,0.019338552239494,0.021813393222862,669.74467331837,-5.8803717800281e-05,5.3808850106482e-06,6.4833092111064e-07,669.71680502944,6.8995308037268e-07,-8.5591955117232e-05,0.011743112638024,1.0587682911674e-15,0,0,3.8672357293061e-16,7.2840449398418e-09,1.7181158377563e-19,0,6.7633313454774e-24,9.1397259891825e-19,0,2.3901786923226e-24,9.432741949976e-22,5.879844761834e-10,0,0,0.0015410534721735,0.010102675184048,2.6364954552811e-06,0,5.0104609816137e-11,1.2271968803408e-05,0,1.8583716191107e-11,1.2742292029052e-09
0.000225625,1125.9618748126,339.7861719954,757.0907896448,0.97741707853608,0.97723458413469,0.99981571212164,264719679.82385,1.468899018567e-05,6.6287615289339e-05,2.8599934846283e-05,1.0180011004102,0.10040282540837,0.10040282540837,0.048368951353813,0.048368951353813,0.10040282540837,0.5294803425648,0.5294803425648,0.5294803425648,0.65102484887271,0.65102484887271,0.65102484887271,0.048368951353813,91.575375198694,3.4256200246155e-13,1.0101974655021e-11,-0.69946304843121,-1.4001455113646,-0.020588595261713,-4.7914489310493e-17,-0.5686211252371,-0.025417601250294,-6.7106720223607e-15,-1.6287883898581,106.01062537214,420.18432754824,420.18432754824,420.13229367419,420.13229367419,420.18432754824,420.6134050654,420.6134050654,420.6134050654,420.73494957171,420.73494957171,420.73494957171,420.13229367419,210.86075448686,0.028636226837575,0.019794096205053,0.022301860403709,672.68755689241,-6.4341511305209e-05,5.7102140518099e-06,6.8870757981893e-07,672.65783434824,7.4046599189477e-07,-9.3040861000887e-05,0.011743121357997,9.7462821482554e-16,0,0,3.2582990495538e-16,6.528161555312e-09,1.4581067889811e-19,0,5.8693789454756e-24,7.78129971759e-19,0,2.0726131943978e-24,8.193492362939e-22,5.8798585451584e-10,0,0,0.0015410534721739,0.010102684416263,2.6364954552813e-06,0,5.0104609816145e-11,1.2271968803409e-05,0,1.858371619111e-11,1.2742292029064e-09
0.000230625,1123.5343370311,337.03364223885,754.59028588438,0.97741707853608,0.97723458413469,0.99981571212164,272762541.97402,1.5087196701163e-05,6.7757348742827e-05,2.9292198322151e-05,1.0184796405309,0.095402040474619,0.095402040474619,0.043864285062562,0.043864285062562,0.095402040474619,0.52924065228649,0.52924065228649,0.52924065228649,0.65039303615623,0.65039303615623,0.65039303615623,0.043864285062562,91.570751066233,3.3258088759545e-13,9.9203340734608e-12,-0.70454743568928,-1.4124170809553,-0.020870779076547,-4.8425039017255e-17,-0.57265282281194,-0.025765941026121,-6.7773273265794e-15,-1.6429941722564,106.01260338864,421.91183116225,421.91183116225,421.86029340684,421.86029340684,421.91183116225,422.34566977406,422.34566977406,422.34566977406,422.46682215793,422.46682215793,422.46682215793,421.86029340684,211.08697011136,0.029289931903158,0.020249529974167,0.022790067182174,675.59315065257,-7.0228536504476e-05,6.0424626721551e-06,7.2951644114787e-07,675.56150749537,7.9313129607267e-07,-0.0001009207316044,0.01174312916883,8.9750944327025e-16,0,0,2.7496439293906e-16,5.8525005430342e-09,1.2395555070236e-19,0,5.1030258191709e-24,6.6359805557254e-19,0,1.8006639395278e-24,7.128651221314e-22,5.8798712378587e-10,0,0,0.0015410534721743,0.010102692692949,2.6364954552814e-06,0,5.0104609816153e-11,1.227196880341e-05,0,1.8583716191112e-11,1.2742292029074e-09
0.000235625,1121.1987807639,334.52645175935,752.25465552432,0.97741707853608,0.97723458413469,0.99981571212164,280831607.00595,1.5485954323128e-05,6.9227108904098e-05,2.9984511789655e-05,1.0189584350259,0.090626291303598,0.090626291303598,0.038873003114123,0.038873003114123,0.090626291303598,0.52900665959729,0.52900665959729,0.52900665959729,0.64976708815349,0.64976708815349,0.64976708815349,0.038873003114123,91.56460431891,3.2292848870005e-13,9.743420851877e-12,-0.70968050371354,-1.4247781535931,-0.021157537137579,-4.9012901012586e-17,-0.57671496564375,-0.026119828676925,-6.8496648104239e-15,-1.6573169923435,106.01520265742,423.61620875716,423.61620875716,423.56445546897,423.56445546897,423.61620875716,424.05458912545,424.05458912545,424.05458912545,424.17534955401,424.17534955401,424.17534955401,423.56445546897,211.31628357018,0.029943508871334,0.020704851346967,0.023278013692009,678.46172995615,-7.647877795044e-05,6.379853929422e-06,7.7037046768712e-07,678.42809784579,8.4869566916149e-07,-0.00010925045190815,0.011743136167474,8.2679572525332e-16,0,0,2.3239983275488e-16,5.2483305425106e-09,1.055506107597e-19,0,4.4447446523561e-24,5.6685211735142e-19,0,1.5673027210133e-24,6.2120132579463e-22,5.879882930516e-10,0,0,0.0015410534721746,0.010102700115209,2.6364954552816e-06,0,5.0104609816159e-11,1.227196880341e-05,0,1.8583716191115e-11,1.2742292029082e-09
0.000240625,1118.9444131421,332.23855093119,750.06575274526,0.97741707853608,0.97723458413469,0.99981571212164,288922783.42803,1.588528514476e-05,7.0696896034118e-05,3.0676835497697e-05,1.0194374822926,0.086063410111322,0.086063410111322,0.034207585842162,0.034207585842162,0.086063410111322,0.52877763119992,0.52877763119992,0.52877763119992,0.64914594251803,0.64914594251803,0.64914594251803,0.034207585842162,91.556570601941,3.135914877418e-13,9.5711711060972e-12,-0.71486346604926,-1.437222110893,-0.021448804087369,-4.9676604984721e-17,-0.58080476439639,-0.026479198122535,-6.9278949515143e-15,-1.671750155014,106.01871777891,425.29775137045,425.29775137045,425.24589554618,425.24589554618,425.29775137045,425.74046559154,425.74046559154,425.74046559154,425.86083390286,425.86083390286,425.86083390286,425.24589554618,211.55765515461,0.030596952650601,0.021160058259777,0.023765700066877,681.29359837758,-8.3104621269923e-05,6.7141301365161e-06,8.116859750733e-07,681.25791022405,9.0602428241036e-07,-0.00011804150118219,0.011743142440333,7.619263569397e-16,0,0,1.9672008460772e-16,4.7079006610375e-09,9.0022737511724e-20,0,3.8781567131913e-24,4.849822844846e-19,0,1.366645982044e-24,5.4215242844603e-22,5.8798937057819e-10,0,0,0.0015410534721749,0.010102706773186,2.6364954552817e-06,0,5.0104609816164e-11,1.2271968803411e-05,0,1.8583716191116e-11,1.274229202909e-09
0.000245625,1116.7615926004,330.1466480147,748.00737028188,0.97741707853608,0.97723458413469,0.99981571212164,297030222.49035,1.6285130616532e-05,7.2166706736927e-05,3.1369134105875e-05,1.0199167743149,0.081701769679174,0.081701769679174,0.030349307963521,0.030349307963521,0.081701769679174,0.52855291193249,0.52855291193249,0.52855291193249,0.64852864775115,0.64852864775115,0.64852864775115,0.030349307963521,91.548856191974,3.0455564510689e-13,9.4029317891816e-12,-0.72005628461745,-1.4497821673318,-0.021745195170875,-5.0412954157546e-17,-0.58493479202727,-0.026844813402349,-7.0118625313909e-15,-1.6863322226142,106.01823493049,426.95674568404,426.95674568404,426.90539322232,426.90539322232,426.95674568404,427.40359682629,427.40359682629,427.40359682629,427.52357256211,427.52357256211,427.52357256211,426.90539322232,211.75856247321,0.031250256180496,0.02161514670499,0.024253126453196,684.09002494511,-9.0107150779595e-05,7.0499954573954e-06,8.550632639894e-07,684.05221879485,9.6496197462797e-07,-0.00012728596986711,0.011743148064665,7.0239688921141e-16,0,0,1.6676595767219e-16,4.2244379682804e-09,7.6900315691852e-20,0,3.389646196443e-24,4.1558768603968e-19,0,1.1937995481756e-24,4.738724674489e-22,5.8799036391739e-10,0,0,0.0015410534721751,0.010102712747443,2.6364954552818e-06,0,5.0104609816169e-11,1.2271968803412e-05,0,1.8583716191118e-11,1.2742292029097e-09
0.000250625,1114.6416361461,328.229852895,746.06496898527,0.97741707853608,0.97723458413469,0.99981571212164,305150975.94013,1.6685475908894e-05,7.363654069933e-05,3.2061413210894e-05,1.0203963075749,0.077530088230174,0.077530088230174,0.028175998910853,0.028175998910853,0.077530088230174,0.52833191173964,0.52833191173964,0.52833191173964,0.64791433024901,0.64791433024901,0.64791433024901,0.028175998910853,91.541950502339,2.9580809989789e-13,9.2386363670073e-12,-0.72527153245646,-1.4624676152892,-0.022046929141283,-5.122418992627e-17,-0.58910859189778,-0.027216924348797,-7.1018812286679e-15,-1.7010724878873,106.0151261591,428.59343055619,428.59343055619,428.54407646687,428.54407646687,428.59343055619,429.0442323797,429.0442323797,429.0442323797,429.16381479821,429.16381479821,429.16381479821,428.54407646687,211.95659028943,0.03190341415565,0.022070114012585,0.024740292991591,686.85159892055,-9.7494307325868e-05,7.3860961714205e-06,9.0188148000261e-07,686.81161304726,1.0259407052745e-06,-0.00013699323457177,0.011743153109143,6.477498503351e-16,0,0,1.4157830586234e-16,3.7918128535626e-09,6.5791907266875e-20,0,2.9676828754362e-24,3.5666783115434e-19,0,1.0446339092896e-24,4.1479775683224e-22,5.8799127997402e-10,0,0,0.0015410534721753,0.010102718109877,2.6364954552819e-06,0,5.0104609816173e-11,1.2271968803412e-05,0,1.858371619112e-11,1.2742292029103e-09
0.000255625,1112.5767658455,326.46947764328,744.22554864738,0.97741707853608,0.97723458413469,0.99981571212164,313282254.86889,1.7086329234251e-05,7.5106400043268e-05,3.2753670696634e-05,1.0208760775918,0.073537521345291,0.073537521345291,0.026438594233677,0.026438594233677,0.073537521345291,0.52811410255832,0.52811410255832,0.52811410255832,0.64730219965625,0.64730219965625,0.64730219965625,0.026438594233677,91.536733498224,2.8734430668472e-13,9.0779721277758e-12,-0.73050306519105,-1.4752933859113,-0.022354328262183,-5.2119606917285e-17,-0.59333240912151,-0.027595917392364,-7.1987188720978e-15,-1.7159885218774,106.00808889886,430.20807426168,430.20807426168,430.16097533456,430.16097533456,430.20807426168,430.66265084289,430.66265084289,430.66265084289,430.78183893999,430.78183893999,430.78183893999,430.16097533456,212.1525475727,0.032556421092252,0.022524957216724,0.025227199830477,689.57904176774,-0.0001052910379772,7.7232792169799e-06,9.4911021336144e-07,689.53681115838,1.0906529887447e-06,-0.00014719467112816,0.011743157634834,5.9757533118263e-16,0,0,1.2036594910948e-16,3.4045724711791e-09,5.637332808112e-20,0,2.6025862017225e-24,3.0656152637143e-19,0,9.1568251865095e-25,3.6360924395428e-22,5.8799212507315e-10,0,0,0.0015410534721755,0.010102722924669,2.636495455282e-06,0,5.0104609816177e-11,1.2271968803413e-05,0,1.8583716191121e-11,1.2742292029108e-09
0.000260625,1110.5600084028,324.84879629557,742.47747795411,0.97741707853608,0.97723458413469,0.99981571212164,321422304.57389,1.7487688256387e-05,7.6576284623031e-05,3.344591827268e-05,1.0213560862938,0.069713612596622,0.069713612596622,0.024777663177213,0.024777663177213,0.069713612596622,0.52789901152405,0.52789901152405,0.52789901152405,0.64669153947943,0.64669153947943,0.64669153947943,0.024777663177213,91.53152572735,2.7915377237663e-13,8.9212781308638e-12,-0.73578065486424,-1.4882338090041,-0.022667079313226,-5.3102776598777e-17,-0.59759523300785,-0.027981405994225,-7.3025581755258e-15,-1.7310493638733,106.00150608551,431.8009356053,431.8009356053,431.75599965588,431.75599965588,431.8009356053,432.25912100423,432.25912100423,432.25912100423,432.37791353218,432.37791353218,432.37791353218,431.75599965588,212.35818790353,0.033209274180866,0.022979675495772,0.025713847098841,692.27212986186,-0.00011351019189008,8.0591580583177e-06,9.9676372878023e-07,692.2275879097,1.1590953393607e-06,-0.00015790604630784,0.011743161696268,5.5147909061027e-16,0,0,1.0247193359095e-16,3.0577897265882e-09,4.8373503056999e-20,0,2.2860919683141e-24,2.6387577534881e-19,0,8.0398936384878e-25,3.1917854979785e-22,5.8799290498236e-10,0,0,0.0015410534721757,0.010102727249037,2.6364954552821e-06,0,5.010460981618e-11,1.2271968803413e-05,0,1.8583716191122e-11,1.2742292029112e-09
0.000265625,1108.5851621795,323.35288782379,740.81039846281,0.97741707853608,0.97723458413469,0.99981571212164,329569089.03125,1.7889552233805e-05,7.8046194376683e-05,3.4138155786218e-05,1.0218363326282,0.06604837325868,0.06604837325868,0.023187241226048,0.023187241226048,0.06604837325868,0.52768621653319,0.52768621653319,0.52768621653319,0.64608171548414,0.64608171548414,0.64608171548414,0.023187241226048,91.525765108413,2.7122671896966e-13,8.7684284143084e-12,-0.74109956241857,-1.5012803163552,-0.022985130983226,-5.4177428452611e-17,-0.60189316884379,-0.028373321227086,-7.4136357218753e-15,-1.7462439770926,105.99471274583,433.37231544625,433.37231544625,433.32945431422,433.32945431422,433.37231544625,433.83395328953,433.83395328953,433.83395328953,433.95234878848,433.95234878848,433.95234878848,433.32945431422,212.56846256535,0.03386196990185,0.023434267314211,0.026200234933434,694.93108185297,-0.00012216400516665,8.3938223494813e-06,1.0450628767119e-06,694.88416136295,1.2311793166871e-06,-0.00016914204719638,0.01174316534214,5.0911057799981e-16,0,0,8.7354083629307e-17,2.7471274910207e-09,4.1567696472976e-20,0,2.0112476013183e-24,2.2745279683375e-19,0,7.0707029620441e-25,2.8055298805558e-22,5.8799362497345e-10,0,0,0.0015410534721758,0.010102731134062,2.6364954552821e-06,0,5.0104609816183e-11,1.2271968803413e-05,0,1.8583716191123e-11,1.2742292029116e-09
0.000270625,1106.6466897647,321.96841453701,739.21506212166,0.97741707853608,0.97723458413469,0.99981571212164,337720394.00175,1.8291919101599e-05,7.9516129304701e-05,3.4830380819982e-05,1.0223168144925,0.062532166178387,0.062532166178387,0.021661396883938,0.021661396883938,0.062532166178387,0.52747534008771,0.52747534008771,0.52747534008771,0.64547215992846,0.64547215992846,0.64547215992846,0.021661396883938,91.519263715143,2.6355382279152e-13,8.6193152118605e-12,-0.7464580998917,-1.5144302573322,-0.023308523993322,-5.5347580257028e-17,-0.60622479884526,-0.028771710903227,-7.5322320448731e-15,-1.7615685999151,105.98746554293,434.92249008708,434.92249008708,434.88161931778,434.88161931778,434.92249008708,435.38743326099,435.38743326099,435.38743326099,435.50543008083,435.50543008083,435.50543008083,434.88161931778,212.77987874243,0.034514504616787,0.023888730929097,0.026686363474438,697.55627129029,-0.00013126591561202,8.7227237820456e-06,1.0937169654089e-06,697.50690470472,1.3061720066862e-06,-0.00018091662405171,0.011743168615927,4.7015332883537e-16,0,0,7.4563039230112e-17,2.4687372134051e-09,3.576871672872e-20,0,1.7721699852238e-24,1.9632573896251e-19,0,6.2282573824151e-25,2.4692384386213e-22,5.8799428987066e-10,0,0,0.0015410534721759,0.010102734625383,2.6364954552822e-06,0,5.0104609816186e-11,1.2271968803414e-05,0,1.8583716191124e-11,1.274229202912e-09
0.000275625,1104.7396394379,320.68344570759,737.68320483334,0.97741707853608,0.97723458413469,0.99981571212164,345873986.18182,1.8694786583794e-05,8.0986089415277e-05,3.5522590238274e-05,1.0227975295653,0.059155636773467,0.059155636773467,0.02019414609547,0.02019414609547,0.059155636773467,0.527266044279,0.527266044279,0.527266044279,0.64486236229785,0.64486236229785,0.64486236229785,0.02019414609547,91.511991267457,2.561263063237e-13,8.4738420575865e-12,-0.75185590469328,-1.5276834831607,-0.023637339460774,-5.6617521186848e-17,-0.61058976130038,-0.029176672011296,-7.6586568089187e-15,-1.7770224692744,105.97970597543,436.45172519672,436.45172519672,436.41276370604,436.41276370604,436.45172519672,436.91983560422,436.91983560422,436.91983560422,437.03743192224,437.03743192224,437.03743192224,436.41276370604,212.99106877826,0.035166874816238,0.024343064606618,0.027172232863392,700.14810312976,-0.00014082871051098,9.0465976347048e-06,1.1429996921317e-06,700.09622260802,1.3841474480887e-06,-0.00019324481560225,0.011743171556459,4.3431949046629e-16,0,0,6.3725346153254e-17,2.2191920538002e-09,3.0820179278905e-20,0,1.5638636292494e-24,1.6968473228096e-19,0,5.4947488505316e-25,2.1760233077101e-22,5.8799490409117e-10,0,0,0.001541053472176,0.010102737763795,2.6364954552822e-06,0,5.0104609816188e-11,1.2271968803414e-05,0,1.8583716191125e-11,1.2742292029123e-09
0.000280625,1102.8595799324,319.48730567752,736.20743866733,0.97741707853608,0.97723458413469,0.99981571212164,354027681.55652,1.9098152386494e-05,8.2456074709477e-05,3.6214780733683e-05,1.0232784755051,0.055909651847819,0.055909651847819,0.018779338256968,0.018779338256968,0.055909651847819,0.52705802649638,0.52705802649638,0.52705802649638,0.64425186236886,0.64425186236886,0.64425186236886,0.018779338256968,91.503954401784,2.4893574322617e-13,8.3319157993983e-12,-0.75729293045267,-1.541040431603,-0.023971669239487,-5.799180299311e-17,-0.61498793584709,-0.029588314450833,-7.7932411288851e-15,-1.7926055354239,105.97142020055,437.96028175615,437.96028175615,437.92315144256,437.92315144256,437.96028175615,438.43143013079,438.43143013079,438.43143013079,438.54862396667,438.54862396667,438.54862396667,437.92315144256,213.20157674533,0.035819077165517,0.02479726666929,0.027657843242676,702.70698433433,-0.00015086525530196,9.3656535944738e-06,1.1928375241085e-06,702.65252179426,1.464536160406e-06,-0.00020614154288936,0.01174317419842,4.0134668593579e-16,0,0,5.4530029829386e-17,1.9954374250057e-09,2.6591166948292e-20,0,1.3820772262274e-24,1.4684997850024e-19,0,4.8550387845608e-25,1.920005606391e-22,5.879954716811e-10,0,0,0.0015410534721761,0.01010274058577,2.6364954552823e-06,0,5.010460981619e-11,1.2271968803414e-05,0,1.8583716191125e-11,1.2742292029126e-09
0.000285625,1101.0025446055,318.37044062605,734.78115796095,0.97741707853608,0.97723458413469,0.99981571212164,362179367.98428,1.9502014208435e-05,8.3926085180342e-05,3.6906949000644e-05,1.0237596499884,0.052785237373861,0.052785237373861,0.017410494697742,0.017410494697742,0.052785237373861,0.52685101564471,0.52685101564471,0.52685101564471,0.64364024477127,0.64364024477127,0.64364024477127,0.017410494697742,91.495165970471,2.4197400085483e-13,8.1934449533751e-12,-0.76276919260888,-1.5545016373437,-0.024311608352892,-5.9475256175131e-17,-0.61941923484843,-0.030006751882093,-7.9363360996856e-15,-1.8083178725314,105.96260390586,439.44841743699,439.44841743699,439.41304269431,439.41304269431,439.44841743699,439.92248321526,439.92248321526,439.92248321526,440.03927244439,440.03927244439,440.03927244439,439.41304269431,213.41126437849,0.036471108500765,0.02525133550085,0.028143194755406,705.23331818494,-0.00016138990839491,9.6760646205301e-06,1.2434776084e-06,705.17620532808,1.5480661599699e-06,-0.00021962179220534,0.011743176572804,3.7099559562736e-16,0,0,4.6717698455674e-17,1.7947492958067e-09,2.2971884814351e-20,0,1.223185855779e-24,1.2724982163674e-19,0,4.296233000425e-25,1.6961586389654e-22,5.879959963481e-10,0,0,0.0015410534721761,0.010102743123928,2.6364954552823e-06,0,5.0104609816191e-11,1.2271968803414e-05,0,1.8583716191126e-11,1.2742292029128e-09
0.000290625,1099.1649821384,317.3242999978,733.39845597329,0.97741707853608,0.97723458413469,0.99981571212164,370327011.12913,1.9906372827834e-05,8.5396120813812e-05,3.7599088692373e-05,1.0242410507169,0.049773506487112,0.049773506487112,0.016080566724967,0.016080566724967,0.049773506487112,0.52664476877633,0.52664476877633,0.52664476877633,0.64302713431322,0.64302713431322,0.64302713431322,0.016080566724967,91.485638879963,2.3523322690187e-13,8.058339784036e-12,-0.76828472136543,-1.5680676321707,-0.024657253445923,-6.1073008602675e-17,-0.62388356073645,-0.030432099876764,-8.0883129343826e-15,-1.8241595516468,105.95325583233,440.91638682052,440.91638682052,440.88269388076,440.88269388076,440.91638682052,441.39325808281,441.39325808281,441.39325808281,441.50964044835,441.50964044835,441.50964044835,440.88269388076,213.62009803302,0.037122965816681,0.025705269543374,0.02862828754542,707.72750322645,-0.00017241581059656,9.978077522353e-06,1.2950265775329e-06,707.66767155648,1.634235472532e-06,-0.00023370069290989,0.011743178707313,3.4304783897263e-16,0,0,4.0071633029582e-17,1.6146975883504e-09,1.9870093827056e-20,0,1.084093050333e-24,1.1040271402468e-19,0,3.8073286838405e-25,1.5001770711825e-22,5.8799648149101e-10,0,0,0.0015410534721762,0.010102745407456,2.6364954552823e-06,0,5.0104609816193e-11,1.2271968803414e-05,0,1.8583716191127e-11,1.274229202913e-09
0.000295625,1097.3437125957,316.34123057175,732.05405052208,0.97741707853608,0.97723458413469,0.99981571212164,378468654.79339,2.0311222747826e-05,8.686618159149e-05,3.8291199770704e-05,1.0247226754201,0.046865571054589,0.046865571054589,0.014781550596398,0.014781550596398,0.046865571054589,0.52643906808504,0.52643906808504,0.52643906808504,0.64241219183471,0.64241219183471,0.64241219183471,0.014781550596398,91.475384649367,2.287058393255e-13,7.9265125455642e-12,-0.77383955848407,-1.581738921003,-0.025008702363501,-6.279050086338e-17,-0.62838079515359,-0.030864475413142,-8.2495633709386e-15,-1.8401306034875,105.94337715998,442.36444138062,442.36444138062,442.33235736016,442.33235736016,442.36444138062,442.84401487765,442.84401487765,442.84401487765,442.9599880014,442.9599880014,442.9599880014,442.33235736016,213.82807757441,0.037774646254395,0.026159067293727,0.029113121757262,710.18993287336,-0.00018395680380789,1.0270611531841e-05,1.3473613269499e-06,710.12731370994,1.7229442187601e-06,-0.00024839367911518,0.011743180626721,3.1730406391137e-16,0,0,3.4410479623698e-17,1.4531137584732e-09,1.7208173889054e-20,0,9.6214904723008e-25,9.5902332551835e-20,0,3.3789200197583e-25,1.3283673303226e-22,5.8799693022672e-10,0,0,0.0015410534721762,0.010102747462469,2.6364954552823e-06,0,5.0104609816194e-11,1.2271968803414e-05,0,1.8583716191127e-11,1.2742292029132e-09
0.000300625,1095.535888195,315.41438175939,730.74321757359,0.97741707853608,0.97723458413469,0.99981571212164,386602419.38651,2.0716561616129e-05,8.8336267491712e-05,3.8983279096661e-05,1.0252045218585,0.04405242829217,0.04405242829217,0.013503827853847,0.013503827853847,0.04405242829217,0.52623371822378,0.52623371822378,0.52623371822378,0.64179511050636,0.64179511050636,0.64179511050636,0.013503827853847,91.464412621051,2.2238451703731e-13,7.7978777355651e-12,-0.77943376588252,-1.5955159669146,-0.025366053807513,-6.4633499403937e-17,-0.63291079111321,-0.031303996453599,-8.4205001453111e-15,-1.8562309902391,105.93297246518,443.79282940688,443.79282940688,443.76228080644,443.76228080644,443.79282940688,444.27501069681,444.27501069681,444.27501069681,444.39057208909,444.39057208909,444.39057208909,443.76228080644,214.03521258884,0.038426147090843,0.026612727300624,0.029597697536173,712.62099501228,-0.0001960268450324,1.0552423188451e-05,1.4004836576225e-06,712.55551950305,1.8141145887456e-06,-0.00026371620361375,0.011743182353182,2.9358221578349e-16,0,0,2.9582243432257e-17,1.3080620349244e-09,1.4920700110618e-20,0,8.5508239942527e-25,8.3405267150359e-20,0,3.0029521950489e-25,1.1775555789177e-22,5.8799734541467e-10,0,0,0.0015410534721763,0.010102749312348,2.6364954552824e-06,0,5.0104609816196e-11,1.2271968803415e-05,0,1.8583716191127e-11,1.2742292029134e-09
0.000305625,1093.7389582834,314.53762094072,729.46173193817,0.97741707853608,0.97723458413469,0.99981571212164,394726499.7829,2.1122387082379e-05,8.9806378490535e-05,3.967532357207e-05,1.0256865878266,0.041324808844891,0.041324808844891,0.012234918435992,0.012234918435992,0.041324808844891,0.52602854391297,0.52602854391297,0.52602854391297,0.64117561252653,0.64117561252653,0.64117561252653,0.012234918435992,91.452728523194,2.1626218714247e-13,7.6723522800319e-12,-0.78506744232997,-1.6093991629586,-0.025729406689318,-6.6608106303907e-17,-0.63747335832387,-0.031750781107273,-8.6015574800495e-15,-1.8724605602335,105.92205163585,445.20179589272,445.20179589272,445.17270600231,445.17270600231,445.20179589272,445.68649962779,445.68649962779,445.68649962779,445.8016466964,445.8016466964,445.8016466964,445.17270600231,214.24151427438,0.039077465730473,0.027066248163071,0.030082015028068,715.02107126468,-0.0002086401480096,1.0822341014828e-05,1.4546880765155e-06,714.95267039686,1.9077129010725e-06,-0.00027968402182722,0.01174318390652,2.7171596610241e-16,0,0,2.5459343333014e-17,1.1778138830174e-09,1.2952438619379e-20,0,7.6094263865803e-25,7.2620816577159e-20,0,2.6725153778019e-25,1.0450102895173e-22,5.8799772967908e-10,0,0,0.0015410534721763,0.010102750978028,2.6364954552824e-06,0,5.0104609816197e-11,1.2271968803415e-05,0,1.8583716191128e-11,1.2742292029135e-09
0.000310625,1091.9506381014,313.70545778891,728.20581433285,0.97741707853608,0.97723458413469,0.99981571212164,402839162.95765,2.1528696819372e-05,9.1276514562363e-05,4.036733010898e-05,1.0261688711657,0.038672962824438,0.038672962824438,0.010956748982743,0.010956748982743,0.038672962824438,0.52582338781156,0.52582338781156,0.52582338781156,0.64055344618432,0.64055344618432,0.64055344618432,0.010956748982743,91.440332524518,2.103320056666e-13,7.5498558003806e-12,-0.79074076927237,-1.6233887922885,-0.026098859244039,-6.8720766716608e-17,-0.64206824278329,-0.032204946509145,-8.7931914631321e-15,-1.8888189795503,105.91063527734,446.59158236922,446.59158236922,446.56386615538,446.56386615538,446.59158236922,447.07873279421,447.07873279421,447.07873279421,447.19346285258,447.19346285258,447.19346285258,446.56386615538,214.44699219244,0.039728599698658,0.027519628529721,0.030566074379505,717.39053595673,-0.00022181100835915,1.1079018824324e-05,1.5097969190812e-06,717.31914057084,2.0036402861511e-06,-0.00029631288630452,0.011743185304478,2.5155328752737e-16,0,0,2.1934532580681e-17,1.0608253290651e-09,1.1256686351528e-20,0,6.7805212826075e-25,6.3302514499555e-20,0,2.381671922664e-25,9.2837698281593e-23,5.8799808542915e-10,0,0,0.0015410534721763,0.010102752478262,2.6364954552824e-06,0,5.0104609816198e-11,1.2271968803415e-05,0,1.8583716191128e-11,1.2742292029136e-09
0.000315625,1090.1688809595,312.9129766383,726.9720841499,0.97741707853608,0.97723458413469,0.99981571212164,410938745.32801,2.1935488591448e-05,9.274667568035e-05,4.1059295550107e-05,1.0266513697798,0.036086339532919,0.036086339532919,0.0096376483421777,0.0096376483421777,0.036086339532919,0.52561810862567,0.52561810862567,0.52561810862567,0.63992838326131,0.63992838326131,0.63992838326131,0.0096376483421777,91.427211021452,2.0458731936565e-13,7.4303111596821e-12,-0.79645410169472,-1.6374848626797,-0.026474505830749,-7.0978266824047e-17,-0.64669505483983,-0.032666604644636,-8.9958800274517e-15,-1.9053055085975,105.89876493843,447.96242669039,447.96242669039,447.9359779992,447.9359779992,447.96242669039,448.45195845948,448.45195845948,448.45195845948,448.56626873412,448.56626873412,448.56626873412,447.9359779992,214.6516504257,0.040379546643505,0.027972867104983,0.031049875737586,719.72975252147,-0.00023555398583974,1.1321132459399e-05,1.565958417617e-06,719.65529333001,2.1018210570472e-06,-0.00031361883459922,0.011743186562939,2.3295514624902e-16,0,0,1.8917526954051e-17,9.5571676711732e-10,9.7938925781123e-21,0,6.049654842466e-25,5.5241076798751e-20,0,2.1253108870386e-25,8.2562306178307e-23,5.8799841487747e-10,0,0,0.0015410534721764,0.010102753829849,2.6364954552824e-06,0,5.0104609816198e-11,1.2271968803415e-05,0,1.8583716191128e-11,1.2742292029138e-09
0.000320625,1088.3918536629,312.15577612643,725.75751745854,0.97741707853608,0.97723458413469,0.99981571212164,419023649.59943,2.2342760464447e-05,9.4216861826247e-05,4.175121622359e-05,1.0271340817239,0.033553067817239,0.033553067817239,0.0082018251422121,0.0082018251422121,0.033553067817239,0.52541257945199,0.52541257945199,0.52541257945199,0.63930021680559,0.63930021680559,0.63930021680559,0.0082018251422121,91.413307512579,1.9902149029476e-13,7.3136475517722e-12,-0.80220851546277,-1.6516864829568,-0.026856426800107,-7.3387739559902e-17,-0.6513530336464,-0.033135848734586,-9.2101233068393e-15,-1.9219181616928,105.88656313995,449.3145626465,449.3145626465,449.28921140383,449.28921140383,449.3145626465,449.80642215814,449.80642215814,449.80642215814,449.92030979549,449.92030979549,449.92030979549,449.28921140383,214.85548175351,0.041030304362795,0.028425962676556,0.031533419249637,722.03906129751,-0.00024988382598752,1.1547037899319e-05,1.6232666595978e-06,721.96146892253,2.2020104873215e-06,-0.00033161802160406,0.011743187696128,2.1579427089525e-16,0,0,1.6332211601035e-17,8.6125488143107e-10,8.53051161857e-21,0,5.4043531056002e-25,4.8258509815987e-20,0,1.8990254332945e-25,7.349908900892e-23,5.8799872005666e-10,0,0,0.0015410534721764,0.010102755047848,2.6364954552824e-06,0,5.0104609816199e-11,1.2271968803415e-05,0,1.8583716191129e-11,1.2742292029139e-09
0.000325625,1086.6179155518,311.42991559405,724.55941014702,0.97741707853608,0.97723458413469,0.99981571212164,427092337.98209,2.275051137346e-05,9.5687072949784e-05,4.2443088123909e-05,1.0276170052614,0.031059003178689,0.031059003178689,0.0065674521987148,0.0065674521987148,0.031059003178689,0.52520668640945,0.52520668640945,0.52520668640945,0.6386687594982,0.6386687594982,0.6386687594982,0.0065674521987148,91.398503000398,1.9362813402796e-13,7.1997974991579e-12,-0.80800578061353,-1.6659916036057,-0.027244677124073,-7.595637974908e-17,-0.65604082431311,-0.033612731211339,-9.4364266396542e-15,-1.9386536275448,105.87424019723,450.64821964395,450.64821964395,450.62372809297,450.62372809297,450.64821964395,451.14236732718,451.14236732718,451.14236732718,451.25582940027,451.25582940027,451.25582940027,450.62372809297,215.05977573311,0.041680870826045,0.028878914138376,0.032016705062804,724.31877102699,-0.00026481533376337,1.1755333958965e-05,1.6819425987211e-06,724.23797607487,2.3043700005966e-06,-0.00035032642687426,0.011743188716788,1.9995400891041e-16,0,0,1.411432685065e-17,7.7633671240127e-10,7.4380470227104e-21,0,4.8338294934742e-25,4.2203233977589e-20,0,1.6990054267214e-25,6.549587029665e-23,5.8799900283433e-10,0,0,0.0015410534721764,0.010102756145754,2.6364954552824e-06,0,5.01046098162e-11,1.2271968803415e-05,0,1.8583716191129e-11,1.274229202914e-09
0.000330625,1084.8459807504,310.73199108772,723.37559029374,0.97741707853608,0.97723458413469,0.99981571212164,435143330.86529,2.315875381704e-05,9.7157308770319e-05,4.3134893001261e-05,1.0281001401096,0.028585637866248,0.028585637866248,0.0048921916048792,0.0048921916048792,0.028585637866248,0.52500037913144,0.52500037913144,0.52500037913144,0.63803397335982,0.63803397335982,0.63803397335982,0.0048921916048792,91.383112398425,1.8839951549975e-13,7.0884934929387e-12,-0.81384523721343,-1.680406779088,-0.027639292227722,-7.8687250624486e-17,-0.66075766512924,-0.034097416372914,-9.674480315328e-15,-1.9555210493545,105.86207687573,451.96338356111,451.96338356111,451.93969011485,451.93969011485,451.96338356111,452.45979830237,452.45979830237,452.45979830237,452.5728318966,452.5728318966,452.5728318966,451.93969011485,215.26435117857,0.042331244609821,0.029331720836295,0.032499733317438,726.56897530856,-0.00028035687513144,1.1949304853201e-05,1.7396300873424e-06,726.48491630104,2.4030973985743e-06,-0.00036975145824376,0.011743189636353,1.8533028558377e-16,0,0,1.2210290859648e-17,7.0001299815892e-10,6.4926269929521e-21,0,4.3288875361816e-25,3.69506813263e-20,0,1.5219625049762e-25,5.8429588849049e-23,5.8799926493093e-10,0,0,0.0015410534721764,0.010102757135722,2.6364954552824e-06,0,5.0104609816201e-11,1.2271968803415e-05,0,1.8583716191129e-11,1.274229202914e-09
0.000335625,1083.9581298394,310.39157744325,722.78683423542,0.97741707853608,0.97723458413469,0.99981571212164,439163968.21186,2.357105117915e-05,9.8627624057579e-05,4.3831020990879e-05,1.0285882264095,0.027346303614752,0.027346303614752,0.0040782307231145,0.0040782307231145,0.027346303614752,0.52489680839844,0.52489680839844,0.52489680839844,0.63771447440386,0.63771447440386,0.63771447440386,0.0040782307231145,92.261551238016,1.8530092548424e-13,7.0535152290674e-12,-0.82800318885755,-1.7119744019976,-0.028328531528809,-8.3127486176551e-17,-0.6722278582442,-0.034944425796416,-1.0074978180656e-14,-1.9923780737763,106.88791062637,452.61433957041,452.61433957041,452.59107149752,452.59107149752,452.61433957041,453.1118900752,453.1118900752,453.1118900752,453.2247077412,453.2247077412,453.2247077412,452.59107149752,215.46650789429,0.04298300675632,0.029785671310112,0.032982486015177,728.09280425974,-0.00029709994152595,1.2175998998286e-05,1.8022712301323e-06,728.00506476746,2.5283626869711e-06,-0.00039079611972308,0.011743190587576,1.9746197410885e-16,0,0,1.2617725176983e-17,7.2465811213216e-10,6.782892011548e-21,0,4.6452810760818e-25,3.8712451061644e-20,0,1.6341832840179e-25,6.2311362257573e-23,5.8799954418434e-10,0,0,0.0015410534721764,0.010102758160543,2.6364954552825e-06,0,5.0104609816201e-11,1.2271968803415e-05,0,1.8583716191129e-11,1.2742292029141e-09
0.000340625,1083.0575466386,310.05200821578,722.19234174658,0.97741707853608,0.97723458413469,0.99981571212164,443305072.14189,2.3984814242969e-05,0.00010009800351752,4.4528846517857e-05,1.0290780333812,0.026081826605759,0.026081826605759,0.0033840122926295,0.0033840122926295,0.026081826605759,0.52479168768535,0.52479168768535,0.52479168768535,0.63738944120389,0.63738944120389,0.63738944120389,0.0033840122926295,92.528273997771,1.8123325425991e-13,6.9780054514955e-12,-0.8368666795889,-1.7326408857004,-0.028848254337242,-8.7709987723026e-17,-0.67940215966029,-0.035581786974936,-1.0457032997295e-14,-2.0165535724785,107.20482829646,453.27762270021,453.27762270021,453.2549248859,453.2549248859,453.27762270021,453.77633256129,453.77633256129,453.77633256129,453.88893031481,453.88893031481,453.88893031481,453.2549248859,218.22911298737,0.043635080095603,0.030239886048599,0.033464974929823,729.36622614461,-0.00031494128950609,1.2411002444551e-05,1.8670951574039e-06,729.27451401304,2.6700668007773e-06,-0.00041327790210824,0.011743191422381,1.7867341593568e-16,0,0,1.0644219973918e-17,6.3676121856234e-10,5.7776092641562e-21,0,4.0673966557953e-25,3.3071744071698e-20,0,1.4319729571185e-25,5.4277037118996e-23,5.879997968667e-10,0,0,0.0015410534721765,0.010102759061059,2.6364954552825e-06,0,5.0104609816202e-11,1.2271968803415e-05,0,1.858371619113e-11,1.2742292029142e-09
0.000345625,1082.1499529385,309.71530638063,721.59582418099,0.97741707853608,0.97723458413469,0.99981571212164,447494561.84198,2.439912685014e-05,0.00010156843580571,4.5227265101253e-05,1.0295683407618,0.024794421056185,0.024794421056185,0.0029213186536764,0.0029213186536764,0.024794421056185,0.52468568968485,0.52468568968485,0.52468568968485,0.63706094614061,0.63706094614061,0.63706094614061,0.0029213186536764,92.564464647465,1.7694698829291e-13,6.8903652311157e-12,-0.84373456841488,-1.7492154203157,-0.029307964742101,-9.2641678438221e-17,-0.68496210877021,-0.036144743275268,-1.085114785611e-14,-2.035966991206,107.2537490275,453.94171096564,453.94171096564,453.91983786324,453.91983786324,453.94171096564,454.44160223427,454.44160223427,454.44160223427,454.55397749073,454.55397749073,454.55397749073,453.91983786324,219.45277168018,0.044287056159669,0.030694032310789,0.033947204735328,730.56887215162,-0.0003337971684755,1.2635858570909e-05,1.9332880455507e-06,730.4729799792,2.8236296723128e-06,-0.00043704521734042,0.011743192154449,1.6159614141121e-16,0,0,8.9785648299885e-18,5.5909839042254e-10,4.9217013430614e-21,0,3.5633644979353e-25,2.8254482740488e-20,0,1.2556492069135e-25,4.7283512837714e-23,5.8800002539816e-10,0,0,0.0015410534721765,0.010102759851744,2.6364954552825e-06,0,5.0104609816202e-11,1.2271968803415e-05,0,1.858371619113e-11,1.2742292029143e-09
0.000350625,1081.237417058,309.38202304137,720.99853663571,0.97741707853608,0.97723458413469,0.99981571212164,451702222.52463,2.4813775117123e-05,0.00010303891474636,4.5925914781204e-05,1.0300588206346,0.023486227732877,0.023486227732877,0.0026166046932861,0.0026166046932861,0.023486227732877,0.52457906066642,0.52457906066642,0.52457906066642,0.63672975926587,0.63672975926587,0.63672975926587,0.0026166046932861,92.539184356925,1.7274170138163e-13,6.8024368761522e-12,-0.85009562379379,-1.7647820461411,-0.029757872877254,-9.8047598135158e-17,-0.69011867270278,-0.036695275025195,-1.1272968478676e-14,-2.0542043760064,107.23004772249,454.6022834012,454.6022834012,454.58141377816,454.58141377816,454.6022834012,455.10337623413,455.10337623413,455.10337623413,455.21552693273,455.21552693273,455.21552693273,454.58141377816,220.0354173847,0.044938823894542,0.03114802011715,0.034429176836753,731.74898898241,-0.00035362953091985,1.2838811135829e-05,2.0007253699455e-06,731.64875309243,2.9860330372576e-06,-0.00046202108307091,0.011743192796786,1.4625426528327e-16,0,0,7.5826522857049e-18,4.9117368118465e-10,4.1981697524215e-21,0,3.1271144607754e-25,2.4170412687957e-20,0,1.1030396189836e-25,4.1244330467479e-23,5.8800023223292e-10,0,0,0.0015410534721765,0.010102760546368,2.6364954552825e-06,0,5.0104609816203e-11,1.2271968803415e-05,0,1.858371619113e-11,1.2742292029143e-09
0.000355625,1080.3203761374,309.05208260666,720.40065210387,0.97741707853608,0.97723458413469,0.99981571212164,455918320.43064,2.5228726646859e-05,0.00010450943669123,4.6624666588715e-05,1.0305493944662,0.02217816986933,0.02217816986933,0.0023811616591637,0.0023811616591637,0.02217816986933,0.52447185649961,0.52447185649961,0.52447185649961,0.63639606432258,0.63639606432258,0.63639606432258,0.0023811616591637,92.499406618924,1.68680523084e-13,6.7170681364026e-12,-0.85636999240008,-1.7802060447641,-0.030212172035713,-1.0397972990208e-16,-0.69521043107332,-0.037250902558376,-1.1727550276578e-14,-2.0722717695071,107.18853569095,455.25822598348,455.25822598348,455.23842897527,455.23842897527,455.25822598348,455.76051967011,455.76051967011,455.76051967011,455.87244387793,455.87244387793,455.87244387793,455.23842897527,220.41209177735,0.04559035552356,0.031601827375519,0.034910891706604,732.91813302228,-0.00037442710977228,1.3011716911734e-05,2.068506039504e-06,732.81341397962,3.1557514648536e-06,-0.0004881718427837,0.011743193360882,1.3249365379131e-16,0,0,6.4132711919107e-18,4.3186405172042e-10,3.5867183546224e-21,0,2.7495545491337e-25,2.0709134776358e-20,0,9.7093906812447e-26,3.6031437103029e-23,5.8800041960725e-10,0,0,0.0015410534721765,0.010102761157116,2.6364954552825e-06,0,5.0104609816203e-11,1.2271968803415e-05,0,1.858371619113e-11,1.2742292029144e-09
0.000360625,1079.3988179041,308.72525025915,719.80205196417,0.97741707853608,0.97723458413469,0.99981571212164,460139460.04789,2.5643985754043e-05,0.00010597999914781,4.7323462221511e-05,1.0310400444463,0.020868375829974,0.020868375829974,0.0021884438533966,0.0021884438533966,0.020868375829974,0.52436408032837,0.52436408032837,0.52436408032837,0.63605988166231,0.63605988166231,0.63605988166231,0.0021884438533966,92.456360594812,1.6476486578719e-13,6.6346424176158e-12,-0.86266069295982,-1.7956944342253,-0.03067436038875,-1.1047067332935e-16,-0.70031861616379,-0.037815952820192,-1.2216960190672e-14,-2.0904121148152,107.14275930056,455.9092919616,455.9092919616,455.89061202962,455.89061202962,455.9092919616,456.4127876661,456.4127876661,456.4127876661,456.52448346743,456.52448346743,456.52448346743,455.89061202962,220.71959920617,0.046241643622838,0.032055448552566,0.035392349587184,734.07893232128,-0.00039619196191601,1.3149010065301e-05,2.1363223648053e-06,733.96960564928,3.3321060258415e-06,-0.00051548607894347,0.011743193856729,1.2014284738422e-16,0,0,5.4324938736404e-18,3.8005627756665e-10,3.0692994401524e-21,0,2.4222392665214e-25,1.777187187811e-20,0,8.5638342623378e-26,3.1525817245424e-23,5.8800058951489e-10,0,0,0.0015410534721765,0.010102761694597,2.6364954552825e-06,0,5.0104609816203e-11,1.2271968803415e-05,0,1.858371619113e-11,1.2742292029144e-09
0.000365625,1078.47262731,308.40126535439,719.20255606221,0.97741707853608,0.97723458413469,0.99981571212164,464364101.93128,2.6059560538147e-05,0.0001074506002954,4.8022268255461e-05,1.0315307665621,0.019532015634186,0.019532015634186,0.0020113496609485,0.0020113496609485,0.019532015634186,0.52425572292801,0.52425572292801,0.52425572292801,0.63572119291908,0.63572119291908,0.63572119291908,0.0020113496609485,92.412596779528,1.6098504333992e-13,6.5550171506927e-12,-0.8689900035725,-1.8112932520069,-0.031145286564775,-1.1755059697101e-16,-0.70546084388305,-0.038391476223186,-1.2742665685964e-14,-2.1086792138207,107.09579792627,456.55542802804,456.55542802804,456.53790736207,456.53790736207,456.55542802804,457.06015173534,457.06015173534,457.06015173534,457.17161720533,457.17161720533,457.17161720533,456.53790736207,221.00166595041,0.046892685435017,0.032508881887208,0.035873550668742,735.23198683992,-0.00041893183132849,1.3245453638225e-05,2.2021393272581e-06,735.11793807361,3.5139292517815e-06,-0.0005439622995434,0.011743194292971,1.0904498913651e-16,0,0,4.608643608677e-18,3.3476303584209e-10,2.6307278074723e-21,0,2.1379146965121e-25,1.5275230878175e-20,0,7.5683161610177e-26,2.7625084480309e-23,5.8800074372779e-10,0,0,0.0015410534721765,0.010102762168023,2.6364954552825e-06,0,5.0104609816204e-11,1.2271968803415e-05,0,1.858371619113e-11,1.2742292029145e-09
0.000370625,1077.5416717312,308.07987305369,718.60197870521,0.97741707853608,0.97723458413469,0.99981571212164,468591302.9046,2.6475457915553e-05,0.00010892123877842,4.8721061318535e-05,1.0320215599474,0.018164937660954,0.018164937660954,0.0018413023617175,0.0018413023617175,0.018164937660954,0.52414677267145,0.52414677267145,0.52414677267145,0.63537997177609,0.63537997177609,0.63537997177609,0.0018413023617175,92.368704200096,1.5733113273546e-13,6.4779941902826e-12,-0.87536228842686,-1.8270130503096,-0.031625201599169,-1.2525492962243e-16,-0.71063986297632,-0.038977785053933,-1.3306314018795e-14,-2.1270825192621,107.04834924953,457.19665051335,457.19665051335,457.18032687805,457.18032687805,457.19665051335,457.70263234836,457.70263234836,457.70263234836,457.81386554747,457.81386554747,457.81386554747,457.18032687805,221.26664426161,0.047543479304381,0.032962126488775,0.036354495130648,736.37743370931,-0.00044266026650171,1.3297846167296e-05,2.2665368112459e-06,736.25855483926,3.7007679599492e-06,-0.00057360962490622,0.011743194677116,9.9061543190974e-17,0,0,3.9155174868479e-18,2.951279775581e-10,2.2583581819209e-21,0,1.8904409725299e-25,1.3149573512918e-20,0,6.7013651442103e-26,2.4242405642042e-23,5.8800088382197e-10,0,0,0.0015410534721765,0.010102762585397,2.6364954552825e-06,0,5.0104609816204e-11,1.2271968803415e-05,0,1.858371619113e-11,1.2742292029145e-09
0.000375625,1076.6058203323,307.76083083867,718.0001410651,0.97741707853608,0.97723458413469,0.99981571212164,472820444.04325,2.6891678840926e-05,0.00011039191356039,4.9419827074221e-05,1.0325124242845,0.016760857253831,0.016760857253831,0.0016766911650922,0.0016766911650922,0.016760857253831,0.52403721785618,0.52403721785618,0.52403721785618,0.63503619100579,0.63503619100579,0.63503619100579,0.0016766911650922,92.324775166624,1.5379468410701e-13,6.4033995010965e-12,-0.88177753979983,-1.8428548543837,-0.032114249241271,-1.3362141598879e-16,-0.71585556554368,-0.039575055789483,-1.3909787216057e-14,-2.1456230200626,107.00054687671,457.83298458609,457.83298458609,457.81790042,457.81790042,457.83298458609,458.34026094669,458.34026094669,458.34026094669,458.45125991984,458.45125991984,458.45125991984,457.81790042,221.52120405127,0.048194023810303,0.033415181632169,0.036835183151123,737.51532895976,-0.00046739270303505,1.3302113824146e-05,2.3299308154421e-06,737.39151662298,3.8924191213756e-06,-0.00060444025737092,0.011743195015707,9.0070738441554e-17,0,0,3.3314605615278e-18,2.6041159699022e-10,1.9416697396135e-21,0,1.6746219950039e-25,1.1336807434915e-20,0,5.9448323566671e-26,2.1304230209512e-23,5.8800101120123e-10,0,0,0.0015410534721765,0.010102762953675,2.6364954552825e-06,0,5.0104609816204e-11,1.2271968803415e-05,0,1.8583716191131e-11,1.2742292029145e-09
0.000380625,1075.6649474929,307.44390907507,717.3968730705,0.97741707853608,0.97723458413469,0.99981571212164,477050954.83116,2.7308224630542e-05,0.00011186262379679,5.0118552763343e-05,1.0330033593337,0.015304471108745,0.015304471108745,0.0015092252542226,0.0015092252542226,0.015304471108745,0.52392704708601,0.52392704708601,0.52392704708601,0.63468982383002,0.63468982383002,0.63468982383002,0.0015092252542226,92.280832977967,1.5036871036169e-13,6.3310927210841e-12,-0.88823501367392,-1.8588181594731,-0.032612563095891,-1.4269155731625e-16,-0.72110741364269,-0.040183447860125,-1.4555000246534e-14,-2.1643001352062,106.9524013706,458.46444811538,458.46444811538,458.45065286952,458.45065286952,458.46444811538,458.97307069135,458.97307069135,458.97307069135,459.0838334681,459.0838334681,459.0838334681,458.45065286952,221.76640586862,0.048844317608456,0.033868046629555,0.03731561490888,738.64571670438,-0.00049314692589051,1.3255427809058e-05,2.3917177505346e-06,738.51687108519,4.0883947228746e-06,-0.00063647056530144,0.011743195314427,8.1965380548103e-17,0,0,2.8385540239457e-18,2.2997525486996e-10,1.6718969341182e-21,0,1.4860515996662e-25,9.7883953507062e-21,0,5.2833400484729e-26,1.8748145296353e-23,5.8800112711778e-10,0,0,0.0015410534721765,0.010102763278909,2.6364954552825e-06,0,5.0104609816204e-11,1.2271968803415e-05,0,1.8583716191131e-11,1.2742292029146e-09
0.000385625,1074.7189331923,307.12889051719,716.79201335259,0.97741707853608,0.97723458413469,0.99981571212164,481282196.55316,2.7725093481137e-05,0.00011333336883101,5.0817229489942e-05,1.0334943649226,0.013802101693423,0.013802101693423,0.0013402539491365,0.0013402539491365,0.013802101693423,0.52381624936906,0.52381624936906,0.52381624936906,0.63434084409806,0.63434084409806,0.63434084409806,0.0013402539491365,92.236904288874,1.4704728302803e-13,6.2609585010671e-12,-0.89473415708981,-1.8749032807476,-0.033120275296997,-1.5251029653166e-16,-0.72639472630235,-0.04080312116733,-1.5244054020254e-14,-2.1831126761301,106.9039155519,459.09108064462,459.09108064462,459.07861879687,459.07861879687,459.09108064462,459.60109479229,459.60109479229,459.60109479229,459.71161938702,459.71161938702,459.71161938702,459.07861879687,222.00091312758,0.049494359424627,0.034320720827043,0.037795790583131,739.76863069103,-0.00051994230455982,1.3155222706989e-05,2.4532574350309e-06,739.63465449667,4.2886795698737e-06,-0.00066971998106926,0.011743195578205,7.4650902972075e-17,0,0,2.4219456550288e-18,2.0326685401686e-10,1.4417227836323e-21,0,1.3209843174864e-25,8.4637094260061e-21,0,4.7038287549917e-26,1.6521076752026e-23,5.880012326901e-10,0,0,0.0015410534721765,0.010102763566372,2.6364954552825e-06,0,5.0104609816205e-11,1.2271968803415e-05,0,1.8583716191131e-11,1.2742292029146e-09
0.000390625,1073.7676629353,306.81556967683,716.1854088911,0.97741707853608,0.97723458413469,0.99981571212164,485513713.19541,2.8142917485913e-05,0.00011480414805001,5.1515846666875e-05,1.033985440784,0.012228534208509,0.012228534208509,0.0011714527568024,0.0011714527568024,0.012228534208509,0.52370481408966,0.52370481408966,0.52370481408966,0.63398922635656,0.63398922635656,0.63398922635656,0.0011714527568024,92.192957665768,1.438253452245e-13,6.1928956287041e-12,-0.90127421002341,-1.8911089403917,-0.033637534533385,-1.6312710912142e-16,-0.73171703650912,-0.041434252166241,-1.5979259420113e-14,-2.2020601962342,106.8550833067,459.71289019299,459.71289019299,459.70183311153,459.70183311153,459.71289019299,460.22436647287,460.22436647287,460.22436647287,460.33465088513,460.33465088513,460.33465088513,459.70183311153,222.22849495642,0.050144148003026,0.034773203563981,0.03827571035397,740.8841183021,-0.00054779827920315,1.2998046907774e-05,2.514000847376e-06,740.7449164986,4.4929954215777e-06,-0.00070420777468563,0.011743195811329,6.8043693610335e-17,0,0,2.0693055974249e-18,1.7980875438454e-10,1.2450282574136e-21,0,1.1762296403114e-25,7.3286830445239e-21,0,4.1951765145668e-26,1.4577800628664e-23,5.8800132891842e-10,0,0,0.0015410534721765,0.01010276382066,2.6364954552825e-06,0,5.0104609816205e-11,1.2271968803415e-05,0,1.8583716191131e-11,1.2742292029146e-09
0.000395625,1072.8110272129,306.50375206036,715.57691438741,0.97741707853608,0.97723458413469,0.99981571212164,489745210.25135,2.8561292542327e-05,0.00011627496088347,5.2214395223913e-05,1.034476586719,0.010578311582257,0.010578311582257,0.0010035223867636,0.0010035223867636,0.010578311582257,0.523592730988,0.523592730988,0.523592730988,0.63363494570761,0.63363494570761,0.63363494570761,0.0010035223867636,92.149060852409,1.4069834945372e-13,6.1268175419865e-12,-0.90785420558673,-1.9074362357607,-0.034164458435616,-1.7459460824136e-16,-0.73707360186541,-0.042077005420545,-1.6763135177196e-14,-2.221141474438,106.80586691021,460.32990397723,460.32990397723,460.32032918803,460.32032918803,460.32990397723,460.84291839663,460.84291839663,460.84291839663,460.95296061135,460.95296061135,460.95296061135,460.32032918803,222.45243069066,0.050793682155518,0.035225494212451,0.038755374401476,741.99221709599,-0.00057673452877589,1.2780656846992e-05,2.5738787831278e-06,741.84769642989,4.7008151244215e-06,-0.00073995390699205,0.011743196017532,6.2069758123324e-17,0,0,1.7703796424538e-18,1.5918719677239e-10,1.0766867350583e-21,0,1.0490600053749e-25,6.3546964820593e-21,0,3.7478886858923e-26,1.287970171338e-23,5.8800141669831e-10,0,0,0.0015410534721765,0.010102764045785,2.6364954552825e-06,0,5.0104609816205e-11,1.2271968803415e-05,0,1.8583716191131e-11,1.2742292029146e-09
0.000400625,1071.8489216388,306.19325371862,714.96639209824,0.97741707853608,0.97723458413469,0.99981571212164,493976435.63588,2.8980003561622e-05,0.00011774580684542,5.2912868488016e-05,1.0349678024879,0.0089416357675257,0.0089416357675257,0.00083820696288761,0.00083820696288761,0.0089416357675257,0.52347999014642,0.52347999014642,0.52347999014642,0.63327797795935,0.63327797795935,0.63327797795935,0.00083820696288761,92.105215498121,1.376622698216e-13,6.0626435693534e-12,-0.91447347030546,-1.9238844013355,-0.034701268500828,-1.8696745088497e-16,-0.74246405331802,-0.042731578490846,-1.7598268200193e-14,-2.2403560204895,106.75624882227,460.94224489659,460.94224489659,460.93414146779,460.93414146779,460.94224489659,461.45678325097,461.45678325097,461.45678325097,461.56658123878,461.56658123878,461.56658123878,460.93414146779,222.67356520352,0.051442960714837,0.035677592142067,0.039234782906741,743.0929698735,-0.00060677311429171,1.250127259789e-05,2.6333688122556e-06,742.94303848577,4.9123603943036e-06,-0.00077698175914299,0.011743196200072,5.6663428093327e-17,0,0,1.5166260318764e-18,1.4104339469233e-10,9.3239492971108e-22,0,9.3715313251003e-26,5.5176686163415e-21,0,3.3538543077872e-26,1.1393759587759e-23,5.880014968325e-10,0,0,0.0015410534721765,0.01010276424525,2.6364954552825e-06,0,5.0104609816205e-11,1.2271968803415e-05,0,1.8583716191131e-11,1.2742292029146e-09
0.000405625,1070.8812463069,305.88390054881,714.35371118017,0.97741707853608,0.97723458413469,0.99981571212164,498207117.20016,2.9399051675363e-05,0.00011921668548113,5.3611256743721e-05,1.0354590875077,0.007444251666013,0.007444251666013,0.00068045496021083,0.00068045496021083,0.007444251666013,0.52336658190153,0.52336658190153,0.52336658190153,0.63291829947452,0.63291829947452,0.63291829947452,0.00068045496021083,92.061160910437,1.347127710058e-13,6.0002967030399e-12,-0.92113252206756,-1.9404457362026,-0.035248222576576,-2.0030128957209e-16,-0.74788901649568,-0.04339824384148,-1.8487130403521e-14,-2.2597059495656,106.70635010319,461.55007102522,461.55007102522,461.54330722852,461.54330722852,461.55007102522,462.06599335546,462.06599335546,462.06599335546,462.17554507303,462.17554507303,462.17554507303,461.54330722852,222.89147775503,0.052091982456079,0.036129496661332,0.039713936052709,744.18646945137,-0.00063793541083105,1.2157658101817e-05,2.6927749533824e-06,744.03103733367,5.1269300262359e-06,-0.00081531093978722,0.011743196361795,5.1766420183589e-17,0,0,1.3009202445173e-18,1.2506611743477e-10,8.0853597268894e-22,0,8.3851528806225e-26,4.7973000822133e-21,0,3.006127639191e-26,1.0091681765265e-23,5.8800157004127e-10,0,0,0.0015410534721765,0.01010276442212,2.6364954552825e-06,0,5.0104609816205e-11,1.2271968803415e-05,0,1.8583716191131e-11,1.2742292029146e-09
0.000410625,1069.9079040358,305.57552721422,713.73874631788,0.97741707853608,0.97723458413469,0.99981571212164,502437031.38952,2.9818434814306e-05,0.00012068759636774,5.430955572744e-05,1.0359504409657,0.0061048719821757,0.0061048719821757,0.0005350484960721,0.0005350484960721,0.0061048719821757,0.52325249662642,0.52325249662642,0.52325249662642,0.63255588663044,0.63255588663044,0.63255588663044,0.0005350484960721,92.016602587096,1.3184524740208e-13,5.9396875137283e-12,-0.92783259425463,-1.9571119334305,-0.0358055817459,-2.146591437727e-16,-0.75334989817798,-0.044077358323258,-1.9432376764047e-14,-2.279195480973,106.65637007741,462.153431977,462.153431977,462.14786215352,462.14786215352,462.153431977,462.67057960165,462.67057960165,462.67057960165,462.77988299165,462.77988299165,462.77988299165,462.14786215352,223.10712051352,0.052740746131634,0.036581207050127,0.040192834024187,745.27284093592,-0.00067024222956766,1.1748130605707e-05,2.7519823703105e-06,745.11182035599,5.3427588074165e-06,-0.00085496237649914,0.011743196505188,4.7326908176122e-17,0,0,1.1173089201638e-18,1.109849984194e-10,7.020647371107e-22,0,7.5142852871862e-26,4.1764530289093e-21,0,2.6987497936874e-26,8.9491927910478e-24,5.8800163697163e-10,0,0,0.0015410534721765,0.010102764579077,2.6364954552825e-06,0,5.0104609816205e-11,1.2271968803415e-05,0,1.8583716191131e-11,1.2742292029147e-09
0.000415625,1068.9287989037,305.2679760769,713.12137653683,0.97741707853608,0.97723458413469,0.99981571212164,506665954.66326,3.0238151404046e-05,0.00012215853919163,5.5007760741727e-05,1.0364418623332,0.0049221190564677,0.0049221190564677,0.00042224591363132,0.00042224591363132,0.0049221190564677,0.52313772474048,0.52313772474048,0.52313772474048,0.63219071522384,0.63219071522384,0.63219071522384,0.00042224591363132,91.971565546499,1.2905563180842e-13,5.8807462171113e-12,-0.93457403165974,-1.9738835501255,-0.036373544330626,-2.3010432290949e-16,-0.75884730548832,-0.044769195436235,-2.0436837470476e-14,-2.2988266959155,106.6063984588,462.75235625817,462.75235625817,462.74785638503,462.74785638503,462.75235625817,463.27057186385,463.27057186385,463.27057186385,463.37962485434,463.37962485434,463.37962485434,462.74785638503,223.32046985869,0.053389250625887,0.037032722680455,0.040671477005225,746.352167761,-0.00070371458107248,1.1268204557407e-05,2.8078617642137e-06,746.18547253917,5.5586580812659e-06,-0.00089595500057638,0.011743196632424,4.329876598799e-17,0,0,9.6080777204104e-19,9.8564780064351e-11,6.1041158665164e-22,0,6.7441269526824e-26,3.640634638725e-21,0,2.4265813740758e-26,7.9454180548183e-24,5.8800169820533e-10,0,0,0.0015410534721765,0.010102764718468,2.6364954552825e-06,0,5.0104609816205e-11,1.2271968803415e-05,0,1.8583716191131e-11,1.2742292029147e-09
0.000420625,1067.9438373961,304.96109719669,712.5014857423,0.97741707853608,0.97723458413469,0.99981571212164,510893655.48254,3.0658199232645e-05,0.00012362951375659,5.5705868794153e-05,1.0369333511921,0.003949747057784,0.003949747057784,0.00033769200831214,0.00033769200831214,0.003949747057784,0.52302225681208,0.52302225681208,0.52302225681208,0.63182276095041,0.63182276095041,0.63182276095041,0.00033769200831214,91.926117602318,1.2634081691078e-13,5.823421839495e-12,-0.94135624328545,-1.9907624801639,-0.036952335651643,-2.467027153746e-16,-0.76438145563526,-0.045473996405949,-2.1503656269902e-14,-2.3186012971786,106.5564105945,463.34692831152,463.34692831152,463.34331625647,463.34331625647,463.34692831152,463.86600082128,463.86600082128,463.86600082128,463.97480132541,463.97480132541,463.97480132541,463.34331625647,223.53134347782,0.054037494883948,0.037484042958415,0.041149865180334,747.42451636431,-0.00073837558075014,1.0718036394293e-05,2.8638240096301e-06,747.25206134993,5.774722650372e-06,-0.00093831518196485,0.011743196745412,3.9640864868935e-17,0,0,8.2723833638539e-19,8.7600631266291e-11,5.3140481972558e-22,0,6.0619493189567e-26,3.1775716355286e-21,0,2.1851863210882e-26,7.0623875033593e-24,5.8800175426598e-10,0,0,0.0015410534721765,0.010102764842354,2.6364954552825e-06,0,5.0104609816205e-11,1.2271968803415e-05,0,1.8583716191131e-11,1.2742292029147e-09
0.000425625,1066.9529290022,304.65474811741,711.87896290794,0.97741707853608,0.97723458413469,0.99981571212164,515119902.57517,3.1078579628929e-05,0.00012510051991627,5.640387338094e-05,1.037424907049,0.0031779894036176,0.0031779894036176,0.00027031142382169,0.00027031142382169,0.0031779894036176,0.52290608366621,0.52290608366621,0.52290608366621,0.6314519996172,0.6314519996172,0.6314519996172,0.00027031142382169,91.880114621366,1.2369771251531e-13,5.7676549072651e-12,-0.94817986049296,-2.0077465213122,-0.037542158833315,-2.6452500655484e-16,-0.76995249455855,-0.046192021448498,-2.2636265109467e-14,-2.338521833516,106.50651784772,463.93716924992,463.93716924992,463.93426157194,463.93426157194,463.93716924992,464.45689734419,464.45689734419,464.45689734419,464.56544326014,464.56544326014,464.56544326014,463.93426157194,223.7397245291,0.054685477860805,0.037935167286575,0.041627998734927,748.48996407053,-0.00077424699324397,1.009326324251e-05,2.918012707879e-06,748.31166460626,5.9917451858012e-06,-0.000982068041902,0.011743196845819,3.6316552030478e-17,0,0,7.130934851001e-19,7.7914123301431e-11,4.6320694914456e-22,0,5.4567524008365e-26,2.7768541760536e-21,0,1.970734887881e-26,6.2846095696737e-24,5.8800180562534e-10,0,0,0.0015410534721765,0.010102764952542,2.6364954552825e-06,0,5.0104609816206e-11,1.2271968803415e-05,0,1.8583716191131e-11,1.2742292029147e-09
0.000430625,1065.9559856748,304.34879338494,711.25370156957,0.97741707853608,0.97723458413469,0.99981571212164,519344479.25132,3.1499292069882e-05,0.00012657155748722,5.710177088137e-05,1.0379165296191,0.002517864737194,0.002517864737194,0.00021579264377751,0.00021579264377751,0.002517864737194,0.52278919628093,0.52278919628093,0.52278919628093,0.63107840701364,0.63107840701364,0.63107840701364,0.00021579264377751,91.83359315967,1.2112435682075e-13,5.7134105987396e-12,-0.95504516037447,-2.0248370060706,-0.038143214171647,-2.8364709661661e-16,-0.77556008216894,-0.046923517933616,-2.3838243926471e-14,-2.3585893233705,106.45676764513,464.52302050136,464.52302050136,464.52071842927,464.52071842927,464.52302050136,465.04329183291,465.04329183291,465.04329183291,465.15158104364,465.15158104364,465.15158104364,464.52071842927,223.94587643637,0.055333198605968,0.038386095130307,0.042105877854042,749.54855745419,-0.00081135221645861,9.3899942732786e-06,2.9704037078601e-06,749.36432888254,6.2101666893077e-06,-0.0010272387692037,0.011743196935112,3.3293077850964e-17,0,0,6.1542428195598e-19,6.9349583951963e-11,4.0426051702084e-22,0,4.9190256150803e-26,2.429634593731e-21,0,1.7799144916019e-26,5.5987017936801e-24,5.8800185270886e-10,0,0,0.0015410534721765,0.010102765050617,2.6364954552825e-06,0,5.0104609816206e-11,1.2271968803415e-05,0,1.8583716191131e-11,1.2742292029147e-09
0.000435625,1064.9529223948,304.04310443999,710.6256000289,0.97741707853608,0.97723458413469,0.99981571212164,523567200.9456,3.1920334239556e-05,0.00012804262624583,5.7799558959668e-05,1.0384082189395,0.0019568166690724,0.0019568166690724,0.00016800954379295,0.00016800954379295,0.0019568166690724,0.52267158580121,0.52267158580121,0.52267158580121,0.63070195920112,0.63070195920112,0.63070195920112,0.00016800954379295,91.78679776887,1.1861874728819e-13,5.6606607669886e-12,-0.96195096436472,-2.0420396586228,-0.038755648428514,-3.0414676561305e-16,-0.7812031529037,-0.047668670509319,-2.5113184899946e-14,-2.378801185846,106.40704828883,465.10450044822,465.10450044822,465.10271164109,465.10271164109,465.10450044822,465.62521521735,465.62521521735,465.62521521735,465.73324559075,465.73324559075,465.73324559075,465.10271164109,224.15040114273,0.055980656296437,0.038836826041324,0.042583502721417,750.60029633148,-0.00084971664044042,8.6072202494473e-06,3.0210322673505e-06,750.41005394024,6.4297886902086e-06,-0.0010738564373849,0.011743197014577,3.0541118565995e-17,0,0,5.3174756239939e-19,6.177105774156e-11,3.5324337754945e-22,0,4.4405122777285e-26,2.1283796091359e-21,0,1.6098513401968e-26,4.9930804109623e-24,5.8800189590053e-10,0,0,0.0015410534721765,0.010102765137974,2.6364954552825e-06,0,5.0104609816206e-11,1.2271968803415e-05,0,1.8583716191131e-11,1.2742292029147e-09
0.000440625,1063.9436582466,303.73755969054,709.99456189516,0.97741707853608,0.97723458413469,0.99981571212164,527787877.90154,3.2341704703292e-05,0.00012951372606542,5.8497234138654e-05,1.0388999749009,0.0014852977314462,0.0014852977314462,0.00012912408040988,0.00012912408040988,0.0014852977314462,0.52255324365541,0.52255324365541,0.52255324365541,0.63032263297895,0.63032263297895,0.63032263297895,0.00012912408040988,91.739715916534,1.1617878165927e-13,5.6093857360308e-12,-0.96889658059404,-2.0593543588431,-0.039379646301359,-3.2610515284228e-16,-0.78688110467174,-0.048427685004151,-2.6464853605602e-14,-2.3991560626088,106.35731371469,465.68163140798,465.68163140798,465.68027523433,465.68027523433,465.68163140798,466.2026993539,466.2026993539,466.2026993539,466.31046874322,466.31046874322,466.31046874322,465.68027523433,224.3531682554,0.056627850085688,0.039287359540367,0.043060873521914,751.64520124465,-0.00088936461277356,7.7414690013833e-06,3.070724282106e-06,751.44886061117,6.6505291627007e-06,-0.0011219475385494,0.011743197085347,2.8034406526908e-17,0,0,4.5997043433671e-19,5.5059827338505e-11,3.0903191065354e-22,0,4.0140546822634e-26,1.8666722841645e-21,0,1.4580523672865e-26,4.457715689993e-24,5.8800193554716e-10,0,0,0.0015410534721765,0.01010276521584,2.6364954552825e-06,0,5.0104609816206e-11,1.2271968803415e-05,0,1.8583716191131e-11,1.2742292029147e-09
0.000445625,1062.9281157869,303.43204401205,709.36049554765,0.97741707853608,0.97723458413469,0.99981571212164,532006327.89469,3.2763400909078e-05,0.00013098485682968,5.9194793095714e-05,1.039391797294,0.0010808544418662,0.0010808544418662,9.6513626744948e-05,9.6513626744948e-05,0.0010808544418662,0.52243416151473,0.52243416151473,0.52243416151473,0.62994040565442,0.62994040565442,0.62994040565442,9.6513626744948e-05,91.692354666997,1.1380268781995e-13,5.5595666136791e-12,-0.97588137482668,-2.0767813681206,-0.04001540380188,-3.4961157078651e-16,-0.79259355403724,-0.049200800169034,-2.7897292206657e-14,-2.4196535060336,106.30751635465,466.25442206283,466.25442206283,466.25343772202,466.25343772202,466.25442206283,466.7757753699,466.7757753699,466.7757753699,466.88328161404,466.88328161404,466.88328161404,466.25343772202,224.55429549273,0.057274779113674,0.03973769512609,0.043537990441515,752.68330703985,-0.0009303219116704,6.7905917223966e-06,3.1191916189866e-06,752.48078359422,6.8721746870477e-06,-0.001171541016316,0.011743197148415,2.5749432378096e-17,0,0,3.9832640358959e-19,4.9112120492682e-11,2.7066993741991e-22,0,3.6334356052878e-26,1.6390377604788e-21,0,1.3223525922879e-26,3.9839110819618e-24,5.8800197196236e-10,0,0,0.0015410534721765,0.010102765285296,2.6364954552825e-06,0,5.0104609816206e-11,1.2271968803415e-05,0,1.8583716191131e-11,1.2742292029147e-09
0.000450625,1061.9062205162,303.12644826366,708.72331364302,0.97741707853608,0.97723458413469,0.99981571212164,536222377.48395,3.3185420550135e-05,0.00013245601853047,5.9892232823233e-05,1.0398836859404,0.00075994271472153,0.00075994271472153,6.8536116180234e-05,6.8536116180234e-05,0.00075994271472153,0.52231433122038,0.52231433122038,0.52231433122038,0.62955525490472,0.62955525490472,0.62955525490472,6.8536116180234e-05,91.644762922407,1.1148866923369e-13,5.5111744788e-12,-0.98290486131499,-2.0943219406128,-0.04066313120128,-3.7475780054082e-16,-0.79834015123365,-0.049988258455291,-2.9414511116589e-14,-2.4402926697499,106.25762006593,466.82291944632,466.82291944632,466.82222803972,466.82222803972,466.82291944632,467.34447383483,467.34447383483,467.34447383483,467.45171475851,467.45171475851,467.45171475851,466.82222803972,224.75392332866,0.057921442550961,0.040187832310507,0.044014853666587,753.71464375823,-0.00097261436728868,5.7529388471022e-06,3.1661295345754e-06,753.50585295403,7.0942365410782e-06,-0.0012226652332696,0.011743197204659,2.3665094441382e-17,0,0,3.4532210762397e-19,4.3837109207592e-11,2.373422150815e-22,0,3.2932427904286e-26,1.440796840932e-21,0,1.2008664376597e-26,3.5641131401293e-24,5.8800200542986e-10,0,0,0.0015410534721765,0.010102765347291,2.6364954552825e-06,0,5.0104609816206e-11,1.2271968803415e-05,0,1.8583716191131e-11,1.2742292029147e-09
0.000455625,1060.8779008157,302.82066897342,708.08293293335,0.97741707853608,0.97723458413469,0.99981571212164,540435860.68632,3.3607760993021e-05,0.00013392721119003,6.058955101709e-05,1.0403756405419,0.00050845070133623,0.00050845070133623,4.6430581523382e-05,4.6430581523382e-05,0.00050845070133623,0.52219374479752,0.52219374479752,0.52219374479752,0.62916715879639,0.62916715879639,0.62916715879639,4.6430581523382e-05,91.596881121277,1.0923483900727e-13,5.4641950574214e-12,-0.98996685017099,-2.1119754491518,-0.041323053001151,-4.0164120542833e-16,-0.80412080174255,-0.050790328362417,-3.1020760082325e-14,-2.4610738990783,106.20763511642,467.38713992691,467.38713992691,467.38667790679,467.38667790679,467.38713992691,467.908825221,467.908825221,467.908825221,468.015798635,468.015798635,468.015798635,467.38667790679,224.95216531482,0.058567839550213,0.040637770582569,0.04449146338467,754.73925863668,-0.0010162678509381,4.6243561214048e-06,3.2123176567094e-06,754.52411577122,7.3158963230779e-06,-0.0012753469260148,0.011743197254849,2.1762450249277e-17,0,0,2.9969370038448e-19,3.9155271335344e-11,2.0835292143254e-22,0,2.9887576782129e-26,1.2679466423865e-21,0,1.0919489130195e-26,3.1917539899493e-24,5.8800203620661e-10,0,0,0.0015410534721765,0.010102765402664,2.6364954552825e-06,0,5.0104609816206e-11,1.2271968803415e-05,0,1.8583716191131e-11,1.2742292029147e-09
0.000460625,1059.8430872365,302.51460783365,707.43927367041,0.97741707853608,0.97723458413469,0.99981571212164,544646629.14362,3.4030420302568e-05,0.00013539843461942,6.1286744755851e-05,1.0408676608481,0.00032593370820553,0.00032593370820553,3.1653142091113e-05,3.1653142091113e-05,0.00032593370820553,0.52207239433488,0.52207239433488,0.52207239433488,0.62877609559392,0.62877609559392,0.62877609559392,3.1653142091113e-05,91.548751506622,1.0703948912311e-13,5.4186036602692e-12,-0.99706687062243,-2.129742619202,-0.041995392411763,-4.3036322419428e-16,-0.80993521736389,-0.051607270872619,-3.2720443610206e-14,-2.4819969888337,106.15753900418,467.9471129178,467.9471129178,467.94681863723,467.94681863723,467.9471129178,468.46885937843,468.46885937843,468.46885937843,468.57556307969,468.57556307969,468.57556307969,467.94681863723,225.14932816423,0.059213969301482,0.041087509451444,0.044967819783402,755.75719151433,-0.0010613081874354,3.4035036898206e-06,3.2562356998166e-06,755.53561203769,7.536970218503e-06,-0.0013296149376625,0.011743197299668,2.0024465449776e-17,0,0,2.6036986962258e-19,3.4996885841228e-11,1.8310712343005e-22,0,2.715856818101e-26,1.117056800246e-21,0,9.9416149176351e-27,2.8611128284909e-24,5.8800206452548e-10,0,0,0.0015410534721765,0.010102765452158,2.6364954552825e-06,0,5.0104609816206e-11,1.2271968803415e-05,0,1.8583716191131e-11,1.2742292029147e-09
0.000465625,1058.8017126962,302.20817152179,706.79225961527,0.97741707853608,0.97723458413469,0.99981571212164,548854538.24971,3.4453392774916e-05,0.00013686968873998,6.1983815361007e-05,1.041359746582,0.00019710637402058,0.00019710637402058,2.082365968966e-05,2.082365968966e-05,0.00019710637402058,0.52195027202675,0.52195027202675,0.52195027202675,0.62838204385656,0.62838204385656,0.62838204385656,2.082365968966e-05,91.500373434331,1.0490085428307e-13,5.3743855741159e-12,-1.0042045911708,-2.1476235631018,-0.042680375007142,-4.6102976681767e-16,-0.8157831450937,-0.052439360658507,-3.4518156214161e-14,-2.5030620732929,106.10732126698,468.50285295976,468.50285295976,468.50267667705,468.50267667705,468.50285295976,469.02460612541,469.02460612541,469.02460612541,469.13103789724,469.13103789724,469.13103789724,468.50267667705,225.34545096288,0.059859831003066,0.041537048424412,0.045443923051169,756.76848583003,-0.0011077626020739,2.0882983647027e-06,3.3008556137003e-06,756.54038513097,7.7573393763275e-06,-0.001385498484771,0.011743197339715,1.8435825398737e-17,0,0,2.2644143784425e-19,3.1300787819394e-11,1.6109555580974e-22,0,2.4709326492106e-26,9.8518424044465e-22,0,9.062450605978e-27,2.5672022679628e-24,5.8800209059768e-10,0,0,0.0015410534721765,0.010102765496424,2.6364954552825e-06,0,5.0104609816206e-11,1.2271968803415e-05,0,1.8583716191131e-11,1.2742292029147e-09
0.000470625,1057.7537122548,301.90127139673,706.14181778513,0.97741707853608,0.97723458413469,0.99981571212164,553059447.61527,3.4876679895153e-05,0.00013834097356907,6.2680755836523e-05,1.0418518975238,0.00011013666138525,0.00011013666138525,1.4217471813782e-05,1.4217471813782e-05,0.00011013666138525,0.52182737015631,0.52182737015631,0.52182737015631,0.62798498237364,0.62798498237364,0.62798498237364,1.4217471813782e-05,91.451783708855,1.0281739579518e-13,5.3315125050791e-12,-1.0113796070278,-2.1656188894885,-0.04337822338408,-4.9375052461974e-16,-0.8216642364537,-0.053286864348999,-3.6418645021524e-14,-2.5242687835975,106.05696900028,469.05437775343,469.05437775343,469.05428183424,469.05428183424,469.05437775343,469.57609498692,469.57609498692,469.57609498692,469.68225259914,469.68225259914,469.68225259914,469.05428183424,225.54058151938,0.060505423890621,0.041986387030086,0.045919773376469,757.7731764302,-0.001155657369206,6.7674648695005e-07,3.3450538047443e-06,757.53846999269,7.9767931398127e-06,-0.0014430260137939,0.011743197375522,1.6982734807357e-17,0,0,1.9713575750361e-19,2.8013259729649e-11,1.4188168682212e-22,0,2.2508244496925e-26,8.69800282722e-22,0,8.2709535561878e-27,2.3056677581907e-24,5.8800211461489e-10,0,0,0.0015410534721765,0.01010276553604,2.6364954552825e-06,0,5.0104609816206e-11,1.2271968803415e-05,0,1.8583716191131e-11,1.2742292029147e-09
0.000475625,1056.6990232278,301.59382333118,705.48787843017,0.97741707853608,0.97723458413469,0.99981571212164,557261211.52938,3.5300279439206e-05,0.00013981228908635,6.3377563461341e-05,1.042344113449,5.8372790400992e-05,5.8372790400992e-05,8.5185559532245e-06,8.5185559532245e-06,5.8372790400992e-05,0.52170368113382,0.52170368113382,0.52170368113382,0.6275848902225,0.6275848902225,0.6275848902225,8.5185559532245e-06,91.403006885419,1.0078741763851e-13,5.2899594491495e-12,-1.0185913902684,-2.183728942693,-0.044089157177612,-5.2863927168447e-16,-0.82757809879264,-0.054150041620021,-3.8426820171866e-14,-2.5456167118032,106.00645622375,469.60171018262,469.60171018262,469.60166032839,469.60166032839,469.60171018262,470.12335549097,470.12335549097,470.12335549097,470.22923670006,470.22923670006,470.22923670006,469.60166032839,225.73458721929,0.06115074721651,0.042435524802094,0.046395370948115,758.77129868672,-0.001205019092514,-8.3385835944092e-07,3.3899046293741e-06,758.52990235758,8.1947104779308e-06,-0.0015022252631923,0.011743197407557,1.5652760845585e-17,0,0,1.7179547362059e-19,2.5087100710383e-11,1.2509084090946e-22,0,2.0527573248357e-26,7.6872969749143e-22,0,7.557420545745e-27,2.0727027487931e-24,5.8800213675124e-10,0,0,0.0015410534721765,0.010102765571519,2.6364954552825e-06,0,5.0104609816206e-11,1.2271968803415e-05,0,1.8583716191131e-11,1.2742292029147e-09
0.000480625,1055.6375851715,301.28574750372,704.83037492425,0.97741707853608,0.97723458413469,0.99981571212164,561459680.24529,3.5724189605975e-05,0.00014128363513996,6.4074234999245e-05,1.0428363941278,2.7567799310139e-05,2.7567799310139e-05,4.9316021895324e-06,4.9316021895324e-06,2.7567799310139e-05,0.52157919749246,0.52157919749246,0.52157919749246,0.62718174679127,0.62718174679127,0.62718174679127,4.9316021895324e-06,91.354049824007,9.8809128309588e-14,5.2497070172339e-12,-1.0258395257142,-2.2019537045676,-0.044813397126977,-5.6581473915216e-16,-0.83352437326071,-0.055029157123393,-4.0547766243247e-14,-2.567105408854,105.95577469753,470.14486532058,470.14486532058,470.14484268439,470.14484268439,470.14486532058,470.66641695028,470.66641695028,470.66641695028,470.77201949958,470.77201949958,470.77201949958,470.14484268439,225.92736162719,0.061795800248389,0.042884461279042,0.046870715955392,759.76288849105,-0.0012558750352141,-2.445244780149e-06,3.4367589474554e-06,759.51471845618,8.4107559308929e-06,-0.0015631253727054,0.011743197436237,1.4434695461747e-17,0,0,1.498606060669e-19,2.2480800099588e-11,1.1040105411323e-22,0,1.8742932930844e-26,6.8009894357263e-22,0,6.9133208240582e-27,1.8649762084432e-24,5.8800215716498e-10,0,0,0.0015410534721765,0.010102765603311,2.6364954552825e-06,0,5.0104609816206e-11,1.2271968803415e-05,0,1.8583716191131e-11,1.2742292029147e-09
0.000485625,1054.5693397573,300.97696816442,704.1692435922,0.97741707853608,0.97723458413469,0.99981571212164,565654703.95295,3.6148408611763e-05,0.00014275501154805,6.4770767084254e-05,1.0433287393366,1.3285181894902e-05,1.3285181894902e-05,2.6948275969879e-06,2.6948275969879e-06,1.3285181894902e-05,0.52145391188073,0.52145391188073,0.52145391188073,0.62677553175637,0.62677553175637,0.62677553175637,2.6948275969879e-06,91.304945322766,9.6880881545137e-14,5.2107218668789e-12,-1.0331234306715,-2.2202935446273,-0.045551159629053,-6.0540018269672e-16,-0.83950269686697,-0.055924468773761,-4.2786744963202e-14,-2.5887343604049,105.90489476519,470.68386783504,470.68386783504,470.68385724469,470.68385724469,470.68386783504,471.20530846174,471.20530846174,471.20530846174,471.31063008162,471.31063008162,471.31063008162,470.68385724469,226.11887441222,0.062440582271718,0.043333196006111,0.047345808587836,760.74798070676,-0.0013082513897415,-4.1599319774115e-06,3.4849527329195e-06,760.49295371232,8.624482179215e-06,-0.0016257536741572,0.011743197461927,1.3318421319876e-17,0,0,1.3085355828372e-19,2.0157821661412e-11,9.7535293757737e-23,0,1.7132866243121e-26,6.0229234848698e-22,0,6.3311393274651e-27,1.6795695861772e-24,5.8800217600007e-10,0,0,0.0015410534721765,0.010102765631819,2.6364954552825e-06,0,5.0104609816206e-11,1.2271968803415e-05,0,1.8583716191131e-11,1.2742292029147e-09
0.000490625,1053.494230787,300.66741346279,703.50442363352,0.97741707853608,0.97723458413469,0.99981571212164,569846130.29668,3.6572934952331e-05,0.00014422641824368,6.5467155962654e-05,1.0438211488305,3.6737882751686e-06,3.6737882751686e-06,1.9976974092917e-06,1.9976974092917e-06,3.6737882751686e-06,0.52132781706636,0.52132781706636,0.52132781706636,0.62636622510723,0.62636622510723,0.62636622510723,1.9976974092917e-06,91.255697111789,9.5000991750639e-14,5.1729769515459e-12,-1.0404426465701,-2.2387483930999,-0.046302666529528,-6.4752383700964e-16,-0.84551277227882,-0.056836239905326,-4.5149206123946e-14,-2.6105032233099,105.85380452465,471.21873480397,471.21873480397,471.21873312788,471.21873312788,471.21873480397,471.74005894725,471.74005894725,471.74005894725,471.84509735529,471.84509735529,471.84509735529,471.21873312788,226.30904953167,0.063085092579178,0.043781728527707,0.047820649035566,761.72661309582,-0.0013621746539979,-5.9798890480899e-06,3.5352809212551e-06,761.46464641055,8.8358811528004e-06,-0.0016901385133892,0.011743197484954,1.2294804059995e-17,0,0,1.1436652258581e-19,1.8085985654268e-11,8.6254903994016e-23,0,1.5678473451288e-26,5.3391495066719e-22,0,5.804250933625e-27,1.5139231470869e-24,5.8800219338755e-10,0,0,0.0015410534721765,0.010102765657396,2.6364954552825e-06,0,5.0104609816206e-11,1.2271968803415e-05,0,1.8583716191131e-11,1.2742292029147e-09
0.000495625,1052.4122040195,300.35701521452,702.83585692745,0.97741707853608,0.97723458413469,0.99981571212164,574033807.74973,3.6997766920201e-05,0.00014569785518815,6.6163398014019e-05,1.0443136223772,2.4516356257093e-06,2.4516356257093e-06,1.3258195772332e-06,1.3258195772332e-06,2.4516356257093e-06,0.52120090592389,0.52120090592389,0.52120090592389,0.62595380710203,0.62595380710203,0.62595380710203,1.3258195772332e-06,91.206331782498,9.3167892945836e-14,5.1364391787977e-12,-1.047796647867,-2.2573184428691,-0.04706813681608,-6.9231885267225e-16,-0.85155428547145,-0.057764728998575,-4.7640780077547e-14,-2.6324115225576,105.8024833223,471.74949860406,471.74949860406,471.74949747824,471.74949747824,471.74949860406,472.27069705835,472.27069705835,472.27069705835,472.37544995952,472.37544995952,472.37544995952,471.74949747824,226.49787494581,0.063729330482118,0.044230058396388,0.048295237488943,762.69882138433,-0.0014176711590352,-7.907888575192e-06,3.5872039789445e-06,762.42983294976,9.0442747791039e-06,-0.0017563071346779,0.011743197505605,1.1355586509059e-17,0,0,1.0005085443079e-19,1.6236924340922e-11,7.6354025443958e-23,0,1.4363078290032e-26,4.7376081236819e-22,0,5.3268043627423e-27,1.3657889403499e-24,5.8800220944677e-10,0,0,0.0015410534721765,0.010102765680359,2.6364954552825e-06,0,5.0104609816206e-11,1.2271968803415e-05,0,1.8583716191131e-11,1.2742292029147e-09
0.000500625,1051.3232071601,300.04570873667,702.16348794701,0.97741707853608,0.97723458413469,0.99981571212164,578217584.42678,3.742290275517e-05,0.00014716932229911,6.6859489748544e-05,1.0448061597071,1.9777284576247e-06,1.9777284576247e-06,1.0219102910378e-06,1.0219102910378e-06,1.9777284576247e-06,0.52107317143204,0.52107317143204,0.52107317143204,0.62553825828819,0.62553825828819,0.62553825828819,1.0219102910378e-06,91.156831988135,9.13799942555e-14,5.10108565559e-12,-1.055185104581,-2.276003368099,-0.047847798471463,-7.3992389352045e-16,-0.85762703999675,-0.058710207361392,-5.0267319018445e-14,-2.6544591579228,105.7509334625,472.276180104,472.276180104,472.27617914818,472.27617914818,472.276180104,472.79725129771,472.79725129771,472.79725129771,472.90171638456,472.90171638456,472.90171638456,472.27617914818,226.68531701322,0.064373295291986,0.044678185159479,0.048769574139133,763.66464646984,-0.0014747682724892,-9.9461107765806e-06,3.6408660744083e-06,763.38855470992,9.2490970854035e-06,-0.001824288115006,0.011743197524137,1.0493304272421e-17,0,0,8.7608171764371e-20,1.4585615576441e-11,6.7654889080454e-23,0,1.3171956053353e-26,4.2078628489448e-22,0,4.8936292077864e-27,1.2331911925939e-24,5.8800222428655e-10,0,0,0.0015410534721765,0.010102765700986,2.6364954552825e-06,0,5.0104609816206e-11,1.2271968803415e-05,0,1.8583716191131e-11,1.2742292029147e-09
0.000505625,1050.2271895964,299.73343259205,701.48726350926,0.97741707853608,0.97723458413469,0.99981571212164,582397313.85148,3.7848334293887e-05,0.00014864081950164,6.7555434947653e-05,1.045298760566,1.5424485052812e-06,1.5424485052812e-06,6.21263950587e-07,6.21263950587e-07,1.5424485052812e-06,0.52094460665022,0.52094460665022,0.52094460665022,0.62511955942297,0.62511955942297,0.62511955942297,6.21263950587e-07,91.10721633953,8.9635863199902e-14,5.066888004494e-12,-1.0626075816658,-2.2948032475985,-0.048641877787498,-7.9048302945297e-16,-0.863730783229,-0.059672940079288,-5.3034880707669e-14,-2.6766458568626,105.69914310207,472.79880677978,472.79880677978,472.7988058586,472.7988058586,472.79880677978,473.31974984398,473.31974984398,473.31974984398,473.42392479676,473.42392479676,473.42392479676,472.7988058586,226.87144933515,0.065016986338488,0.045126108372992,0.04924365917756,764.62412679576,-0.001533492171156,-1.2096704392894e-05,3.696044957757e-06,764.34085077693,9.4503565521384e-06,-0.0018941092378914,0.011743197540776,9.7011986218411e-18,0,0,7.6782792144156e-20,1.3109967625006e-11,6.0003783971327e-23,0,1.209208099702e-26,3.740869972024e-22,0,4.5001464829052e-27,1.1143908475743e-24,5.8800223800611e-10,0,0,0.0015410534721765,0.010102765719526,2.6364954552825e-06,0,5.0104609816206e-11,1.2271968803415e-05,0,1.8583716191131e-11,1.2742292029148e-09
0.000510625,1049.1241024335,299.42012846166,700.80713272971,0.97741707853608,0.97723458413469,0.99981571212164,586572851.5886,3.8274066143539e-05,0.00015011234671562,6.8251222793848e-05,1.0457914246874,1.1820791788922e-06,1.1820791788922e-06,0,0,1.1820791788922e-06,0.52081520472112,0.52081520472112,0.52081520472112,0.62469769150739,0.62469769150739,0.62469769150739,0,91.05748288929,8.7934072511213e-14,5.0338225050351e-12,-1.0700637207254,-2.3137179742803,-0.049450604652347,-8.441459328778e-16,-0.86986530615605,-0.060653198041766,-5.594974319428e-14,-2.6989714852073,105.64710948765,473.3174067164,473.3174067164,473.31740553432,473.31740553432,473.3174067164,473.83822073904,473.83822073904,473.83822073904,473.94210322583,473.94210322583,473.94210322583,473.31740553432,227.05628295244,0.065660402958675,0.045573827593704,0.049717492796239,765.57730235385,-0.0015938702813849,-1.4362007250476e-05,3.752421235868e-06,765.28676168739,9.6472936695457e-06,-0.0019657987930764,0.011743197555725,8.9731482846739e-18,0,0,6.7355393239433e-20,1.1790463650138e-11,5.3267655904254e-23,0,1.1111918890647e-26,3.3287841633155e-22,0,4.1422977517823e-27,1.0078558539341e-24,5.8800225069606e-10,0,0,0.0015410534721765,0.010102765736201,2.6364954552825e-06,0,5.0104609816206e-11,1.2271968803415e-05,0,1.8583716191131e-11,1.2742292029148e-09
0.000515625,1048.0138983597,299.10574095576,700.12304686683,0.97741707853608,0.97723458413469,0.99981571212164,590744056.99259,3.8700096493339e-05,0.00015158390386737,6.8946849836341e-05,1.0462841517968,8.7145813820706e-07,8.7145813820706e-07,0,0,8.7145813820706e-07,0.52068495885919,0.52068495885919,0.52068495885919,0.62427263575327,0.62427263575327,0.62427263575327,0,91.007629643279,8.6273302128142e-14,5.0018685757205e-12,-1.0775532015536,-2.3327474553907,-0.050274212331181,-9.0106819203057e-16,-0.87603043201761,-0.06165125687904,-5.9018420311901e-14,-2.7214360115871,105.59483135269,473.83200770493,473.83200770493,473.83200683347,473.83200683347,473.83200770493,474.35269179233,474.35269179233,474.35269179233,474.45627946922,474.45627946922,474.45627946922,473.83200683347,227.23986115388,0.066303544497585,0.046021342379963,0.050191075187757,766.52421407123,-0.0016559298153519,-1.6743976881682e-05,3.8097228577999e-06,766.2263288402,9.839739796576e-06,-0.0020393854669516,0.011743197569162,8.3036048667585e-18,0,0,5.9137632153688e-20,1.0609848783125e-11,4.7331198166772e-23,0,1.0221242989766e-26,2.9647919014356e-22,0,3.816480988102e-27,9.1223503123903e-25,5.8800226243913e-10,0,0,0.0015410534721765,0.010102765751205,2.6364954552825e-06,0,5.0104609816206e-11,1.2271968803415e-05,0,1.8583716191131e-11,1.2742292029148e-09
0.000520625,1046.8965315531,298.79021744867,699.43495919728,0.97741707853608,0.97723458413469,0.99981571212164,594910793.82811,3.9126423465535e-05,0.00015305549089136,6.9642312721372e-05,1.0467769416133,4.3761512210693e-07,4.3761512210693e-07,0,0,4.3761512210693e-07,0.52055386234283,0.52055386234283,0.52055386234283,0.62384437356463,0.62384437356463,0.62384437356463,0,90.957657024106,8.4652310515614e-14,4.9710080903887e-12,-1.0850757237174,-2.3518916688184,-0.05111293762458,-9.6141160993466e-16,-0.88222601941706,-0.062667396166558,-6.2247675016517e-14,-2.7440395005831,105.54230563618,474.34263717147,474.34263717147,474.34263673385,474.34263673385,474.34263717147,474.8631905962,474.8631905962,474.8631905962,474.96648110742,474.96648110742,474.96648110742,474.34263673385,227.42223838734,0.066946410307857,0.046468652291557,0.05066440654528,767.46490351165,-0.0017196981927666,-1.9244805451806e-05,3.8688472408063e-06,767.15959420135,1.0027631541968e-05,-0.0021148979574817,0.011743197581247,7.6875353616497e-18,0,0,5.1967593903056e-20,9.5528569741315e-12,4.2094371528273e-23,0,9.410974062074e-27,2.6429691688738e-22,0,3.5194948879492e-27,8.2633543114315e-25,5.8800227331095e-10,0,0,0.0015410534721765,0.010102765764715,2.6364954552825e-06,0,5.0104609816206e-11,1.2271968803415e-05,0,1.8583716191131e-11,1.2742292029148e-09
0.000525625,1045.7719576044,298.47350792775,698.74282490579,0.97741707853608,0.97723458413469,0.99981571212164,599072930.22719,3.9553045182862e-05,0.00015452710772494,7.0337608137464e-05,1.0472697938599,1.8033046449589e-07,1.8033046449589e-07,0,0,1.8033046449589e-07,0.52042190850702,0.52042190850702,0.52042190850702,0.6234128865251,0.6234128865251,0.6234128865251,0,90.907564732906,8.3069916513025e-14,4.9412245009669e-12,-1.0926310112139,-2.3711505774556,-0.051967017913823,-1.0253441711378e-15,-0.8884519199256,-0.063701896819165,-6.5644514203899e-14,-2.7667819730354,105.48953433736,474.84932280626,474.84932280626,474.84932262593,474.84932262593,474.84932280626,475.36974453444,475.36974453444,475.36974453444,475.47273551246,475.47273551246,475.47273551246,474.84932262593,227.60346803089,0.067588999753657,0.046915756893125,0.051137487062452,768.3994113637,-0.0017852035244413,-2.1866529795558e-05,3.9296264601764e-06,768.08659886088,1.0210500148656e-05,-0.0021923654203869,0.011743197592122,7.120369930355e-18,0,0,4.5705933615652e-20,8.6059715270654e-12,3.7470283296682e-23,0,8.6730402155143e-27,2.3581594031209e-22,0,3.248490002469e-27,7.4910266295249e-25,5.8800228338067e-10,0,0,0.0015410534721765,0.010102765776886,2.6364954552825e-06,0,5.0104609816206e-11,1.2271968803415e-05,0,1.8583716191131e-11,1.2742292029148e-09
0.000530625,1044.640133468,298.15556485975,698.04660099781,0.97741707853608,0.97723458413469,0.99981571212164,603230338.04514,3.9979959741438e-05,0.00015599875431121,7.1032732828122e-05,1.0477627082578,0,0,0,0,0,0.5202890907412,0.5202890907412,0.5202890907412,0.6229781563938,0.6229781563938,0.6229781563938,0,90.857351636267,8.1524988392884e-14,4.9125026948984e-12,-1.1002187946888,-2.3905241312108,-0.052836692444013,-1.0930402964767e-15,-0.89470799911678,-0.06475504199593,-6.9216204595315e-14,-2.7896634836744,105.43651763595,475.35209172926,475.35209172926,475.35209172926,475.35209172926,475.35209172926,475.87238082,475.87238082,475.87238082,475.97506988565,475.97506988565,475.97506988565,475.35209172926,227.78359150736,0.06823131220763,0.04736265575194,0.051610316933452,769.32777837817,-0.0018524740303079,-2.4611134310282e-05,3.9907264857388e-06,769.00738394413,1.0387829791038e-05,-0.0022718171452526,0.011743197601913,6.5979567018031e-18,0,0,4.0232606502388e-20,7.7572168574961e-12,3.3383378872875e-23,0,8.0002567214466e-27,2.1058693798583e-22,0,3.0009269856312e-27,6.7960386764371e-25,5.8800229271159e-10,0,0,0.0015410534721765,0.010102765787856,2.6364954552825e-06,0,5.0104609816206e-11,1.2271968803415e-05,0,1.8583716191131e-11,1.2742292029148e-09
0.000535625,1043.5010174103,297.83634306234,697.34624621231,0.97741707853608,0.97723458413469,0.99981571212164,607382892.67943,4.0407165158088e-05,0.00015747043059755,7.1727683649052e-05,1.0482556845283,0,0,0,0,0,0.52015540248497,0.52015540248497,0.52015540248497,0.62254016509967,0.62254016509967,0.62254016509967,0,90.807017857764,8.00164419279e-14,4.8848285308149e-12,-1.1078388112395,-2.4100123163105,-0.053722201670611,-1.164680950854e-15,-0.90099412967471,-0.065827116131623,-7.297027507221e-14,-2.8126840861959,105.38325548486,475.85097107145,475.85097107145,475.85097107145,475.85097107145,475.85097107145,476.37112647394,476.37112647394,476.37112647394,476.47351123655,476.47351123655,476.47351123655,475.85097107145,227.96264683737,0.068873347051383,0.047809348438464,0.052082896352973,770.25004497918,-0.0019215376167282,-2.7480434144572e-05,4.0537410222995e-06,769.92199023958,1.0559939954882e-05,-0.002353282556964,0.011743197610733,6.1165207068486e-18,0,0,3.5444088125271e-20,6.9959753697304e-12,2.9767891323873e-23,0,7.3862204767161e-27,1.8821796717627e-22,0,2.7745398546784e-27,6.1701287552151e-25,5.8800230136166e-10,0,0,0.0015410534721765,0.01010276579775,2.6364954552825e-06,0,5.0104609816206e-11,1.2271968803415e-05,0,1.8583716191131e-11,1.2742292029148e-09
0.000540625,1042.3545689649,297.51579958475,696.64172094329,0.97741707853608,0.97723458413469,0.99981571212164,611530472.79568,4.0834659465884e-05,0.00015894213653448,7.242245745409e-05,1.0487487223924,0,0,0,0,0,0.52002083722472,0.52002083722472,0.52002083722472,0.6220988947384,0.6220988947384,0.6220988947384,0,90.756562980206,7.8543236085034e-14,4.8581891937378e-12,-1.1154908083436,-2.4296151071698,-0.054623787224955,-1.2404538164862e-15,-0.9073101930411,-0.066918405016319,-7.6914527417441e-14,-2.8358438438493,105.3297480302,476.34598749857,476.34598749857,476.34598749857,476.34598749857,476.34598749857,476.8660083358,476.8660083358,476.8660083358,476.96808639331,476.96808639331,476.96808639331,476.34598749857,228.14066702269,0.06951510367476,0.048255834525972,0.052555225516229,771.16625137918,-0.0019924230561061,-3.0476378822142e-05,4.1177128873044e-06,770.83045831138,1.0726268449457e-05,-0.002436791305935,0.011743197618682,5.6726273584693e-18,0,0,3.1251010793413e-20,6.3128271724867e-12,2.6566513118212e-23,0,6.8252181439687e-27,1.683667811032e-22,0,2.567304063877e-27,5.6059729088198e-25,5.8800230938397e-10,0,0,0.0015410534721765,0.010102765806677,2.6364954552825e-06,0,5.0104609816206e-11,1.2271968803415e-05,0,1.8583716191131e-11,1.2742292029148e-09
0.000545625,1041.200748891,297.19389359488,695.93298716515,0.97741707853608,0.97723458413469,0.99981571212164,615672960.19742,4.1262440824405e-05,0.00016041387207532,7.3117050971788e-05,1.0492418215717,0,0,0,0,0,0.51988538849055,0.51988538849055,0.51988538849055,0.62165432756889,0.62165432756889,0.62165432756889,0,90.705987343453,7.7104369709234e-14,4.8325724406258e-12,-1.1231745368752,-2.449332501093,-0.05554169146643,-1.3205534003764e-15,-0.91365607466777,-0.068029195153116,-8.1057039455212e-14,-2.8591428123332,105.2759951414,476.83716767345,476.83716767345,476.83716767345,476.83716767345,476.83716767345,477.35705306194,477.35705306194,477.35705306194,477.45882200102,477.45882200102,477.45882200102,476.83716767345,228.3176827042,0.070156581475822,0.04870211359069,0.053027304618945,772.07643741299,-0.0020651590693107,-3.3600836369536e-05,4.183173762826e-06,771.7328283478,1.0886818472644e-05,-0.0025223731891388,0.011743197625851,5.2631495424697e-18,0,0,2.7576150812785e-20,5.6994093714028e-12,2.3729255864456e-23,0,6.3121457130718e-27,1.5073421815424e-22,0,2.3774084939215e-27,5.0970721488347e-25,5.8800231682718e-10,0,0,0.0015410534721765,0.010102765814738,2.6364954552825e-06,0,5.0104609816206e-11,1.2271968803415e-05,0,1.8583716191131e-11,1.2742292029148e-09
0.000550625,1040.0395191368,296.87058627388,695.22000836473,0.97741707853608,0.97723458413469,0.99981571212164,619810239.59685,4.1690507402278e-05,0.00016188563717631,7.3811460931536e-05,1.049734981788,0,0,0,0,0,0.51974904985353,0.51974904985353,0.51974904985353,0.62120644601159,0.62120644601159,0.62120644601159,0,90.655290775931,7.5698878139353e-14,4.8079671843971e-12,-1.1308897558519,-2.4691644828558,-0.056476157549526,-1.4051812052427e-15,-0.92003166707754,-0.06915977389249,-8.5406174830944e-14,-2.8825810509822,105.22199680943,477.32453808115,477.32453808115,477.32453808115,477.32453808115,477.32453808115,477.844287131,477.844287131,477.844287131,477.94574452716,477.94574452716,477.94574452716,477.32453808115,228.4937204288,0.070797779860098,0.049148185211382,0.053499133857367,772.98064268216,-0.0021397750259072,-3.6855706451573e-05,4.2507616694466e-06,772.62914030019,1.1041097155799e-05,-0.0026100582326815,0.011743197632318,4.8852382960417e-18,0,0,2.4352712963491e-20,5.148292642782e-12,2.1212471096064e-23,0,5.8424382676597e-27,1.3505851421158e-22,0,2.2032310313807e-27,4.6376541375188e-25,5.8800232373595e-10,0,0,0.0015410534721765,0.010102765822018,2.6364954552825e-06,0,5.0104609816206e-11,1.2271968803415e-05,0,1.8583716191131e-11,1.2742292029148e-09
0.000555625,1038.8708428043,296.54584071626,694.50274947627,0.97741707853608,0.97723458413469,0.99981571212164,623942198.52597,4.2118857135071e-05,0.00016335743179639,7.4505684328569e-05,1.0502282027628,0,0,0,0,0,0.51961181492293,0.51961181492293,0.51961181492293,0.62075523264641,0.62075523264641,0.62075523264641,0,90.604473118747,7.4325831446064e-14,4.7843633427443e-12,-1.1386362315965,-2.4891110390573,-0.057427429282524,-1.4945458922592e-15,-0.9264368691064,-0.070310429267792,-8.9970591641793e-14,-2.9061586189105,105.16775304043,477.80812502682,477.80812502682,477.80812502682,477.80812502682,477.80812502682,478.32773684174,478.32773684174,478.32773684174,478.42888025946,478.42888025946,478.42888025946,477.80812502682,228.66880521153,0.071438698240283,0.049594048969271,0.053970713428266,773.87890652062,-0.0022162994340833,-4.0242411636838e-05,4.3190412217885e-06,773.5194338514,1.1189310443977e-05,-0.002699876470493,0.011743197638155,4.5362963994775e-18,0,0,2.1522866420803e-20,4.6528727351765e-12,1.8978007794222e-23,0,5.4120083749086e-27,1.2111039882881e-22,0,2.0433171199446e-27,4.2225871737976e-25,5.8800233015124e-10,0,0,0.0015410534721765,0.010102765828599,2.6364954552825e-06,0,5.0104609816206e-11,1.2271968803415e-05,0,1.8583716191131e-11,1.2742292029148e-09
0.000560625,1037.6946841165,296.2196218357,693.78117682067,0.97741707853608,0.97723458413469,0.99981571212164,628068727.24688,4.2547488012541e-05,0.00016482925589695,7.5199718110927e-05,1.0507214842177,0,0,0,0,0,0.51947367734384,0.51947367734384,0.51947367734384,0.62030067021104,0.62030067021104,0.62030067021104,0,90.553534236216,7.2984332673601e-14,4.7617517504023e-12,-1.146413737343,-2.5091721585872,-0.058395750979253,-1.5888634255901e-15,-0.93287158582618,-0.071481449792689,-9.4759249858375e-14,-2.9298755746432,105.11326384989,478.28795463721,478.28795463721,478.28795463721,478.28795463721,478.28795463721,478.80742831455,478.80742831455,478.80742831455,478.90825530742,478.90825530742,478.90825530742,478.28795463721,228.84296054841,0.072079336035898,0.05003970444792,0.054442043528937,774.77126799176,-0.0022947620412822,-4.3762857825499e-05,4.3892273965828e-06,774.40374841337,1.1331069496607e-05,-0.0027918581264586,0.011743197643427,4.2139546384558e-18,0,0,1.9036494060557e-20,4.2072750873971e-12,1.6992486929217e-23,0,5.0171919901066e-27,1.086888643433e-22,0,1.896360921267e-27,3.8473049388953e-25,5.8800233611068e-10,0,0,0.0015410534721765,0.010102765834549,2.6364954552825e-06,0,5.0104609816206e-11,1.2271968803415e-05,0,1.8583716191131e-11,1.2742292029148e-09
0.000565625,1036.5110083876,295.8918962763,693.0552580485,0.97741707853608,0.97723458413469,0.99981571212164,632189718.70154,4.2976398047072e-05,0.00016630110944168,7.5893559194795e-05,1.0512148258744,0,0,0,0,0,0.51933463079475,0.51933463079475,0.51933463079475,0.61984274159964,0.61984274159964,0.61984274159964,0,90.502473987849,7.1673516075335e-14,4.7401241118111e-12,-1.1542220528709,-2.5293478307971,-0.059381367337033,-1.6883572226618e-15,-0.93933572804993,-0.072673124327762,-9.9781419829799e-14,-2.9537319750227,105.05852925319,478.76405286222,478.76405286222,478.76405286222,478.76405286222,478.76405286222,479.28338749302,479.28338749302,479.28338749302,479.38389560382,479.38389560382,479.38389560382,478.76405286222,229.01620913773,0.072719692672914,0.050485151233068,0.054913124357203,775.65776588036,-0.002375192641746,-4.7418714417356e-05,4.4605997084871e-06,775.28212312152,1.1466033334155e-05,-0.002886033621006,0.011743197648191,3.9160504487952e-18,0,0,1.6850122884003e-20,3.8062709109416e-12,1.5226676034752e-23,0,4.6547009499501e-27,9.7617511113912e-23,0,1.7611887605716e-27,3.507740549185e-25,5.8800234164881e-10,0,0,0.0015410534721765,0.010102765839931,2.6364954552825e-06,0,5.0104609816206e-11,1.2271968803415e-05,0,1.8583716191131e-11,1.2742292029148e-09
0.000570625,1035.3197819951,295.56263232878,692.32496208644,0.97741707853608,0.97723458413469,0.99981571212164,636305068.37139,4.3405585232505e-05,0.00016777299239636,7.6587204530344e-05,1.0517082274549,0,0,0,0,0,0.51919466898552,0.51919466898552,0.51919466898552,0.61938142986173,0.61938142986173,0.61938142986173,0,90.451292242995,7.0392545483224e-14,4.7194729760938e-12,-1.1620609645711,-2.5496380457106,-0.060384523301538,-1.7932582948664e-15,-0.94582921240369,-0.07388574191048,-1.050466890145e-13,-2.9777278749894,105.00354926785,479.2364454761,479.2364454761,479.2364454761,479.2364454761,479.2364454761,479.75564014508,479.75564014508,479.75564014508,479.85582690596,479.85582690596,479.85582690596,479.2364454761,229.18857130019,0.073359767583464,0.050930388912543,0.055383956111417,776.53843869746,-0.0024576208208307,-5.1211618923596e-05,4.5334856400521e-06,776.15459684084,1.1594220531666e-05,-0.0029824333539243,0.011743197652496,3.6406087068386e-18,0,0,1.4926008389217e-20,3.4452033054843e-12,1.3654949482999e-23,0,4.3215811693771e-27,8.7741387311318e-23,0,1.6367445521665e-27,3.2002687427568e-25,5.8800234679741e-10,0,0,0.0015410534721765,0.010102765844804,2.6364954552825e-06,0,5.0104609816206e-11,1.2271968803415e-05,0,1.8583716191131e-11,1.2742292029148e-09
0.000575625,1034.1209723537,295.23179985152,691.5902590872,0.97741707853608,0.97723458413469,0.99981571212164,640414674.2588,4.3835047559466e-05,0.00016924490472873,7.7280651062559e-05,1.0522016886809,0,0,0,0,0,0.51905378565533,0.51905378565533,0.51905378565533,0.61891671820147,0.61891671820147,0.61891671820147,0,90.399988863058,6.9140612993574e-14,4.6997917131846e-12,-1.1699302651626,-2.5700427933562,-0.061405463952193,-1.9038054102891e-15,-0.95235196105596,-0.075119591622424,-1.1056497294239e-13,-3.0018633269469,104.94832389915,479.70515807869,479.70515807869,479.70515807869,479.70515807869,479.70515807869,480.22421186435,480.22421186435,480.22421186435,480.3240747969,480.3240747969,480.3240747969,479.70515807869,229.36006715794,0.073999560205527,0.051375417076136,0.055854538990464,777.41332467481,-0.0025420766100754,-5.5142959738385e-05,4.6083626269988e-06,777.02120816061,1.1715570932154e-05,-0.003081088117556,0.01174319765639,3.3858244144939e-18,0,0,1.3231349907424e-20,3.1199221600922e-12,1.2254822174864e-23,0,4.0151758343994e-27,7.8924253320361e-23,0,1.5220769593915e-27,2.92165511949e-25,5.8800235158569e-10,0,0,0.0015410534721765,0.010102765849216,2.6364954552825e-06,0,5.0104609816206e-11,1.2271968803415e-05,0,1.8583716191131e-11,1.2742292029148e-09
0.000580625,1032.9145478915,294.89937019604,690.85112038234,0.97741707853608,0.97723458413469,0.99981571212164,644518436.80651,4.4264783000454e-05,0.0001707168464084,7.7973895760133e-05,1.0526952092747,0,0,0,0,0,0.51891197457087,0.51891197457087,0.51891197457087,0.61844858997711,0.61844858997711,0.61844858997711,0,90.348563699994,6.7916937553359e-14,4.6810744917667e-12,-1.177829753595,-2.5905620632694,-0.062444434381743,-2.020245211311e-15,-0.95890390152392,-0.076374962438069,-1.1634652093525e-13,-3.0261383804363,104.89285314539,480.17021609654,480.17021609654,480.17021609654,480.17021609654,480.17021609654,480.68912807111,480.68912807111,480.68912807111,480.78866468652,480.78866468652,480.78866468652,480.17021609654,229.53071555079,0.074639069982618,0.051820235315473,0.056324873193764,778.28246176648,-0.0026285899654728,-5.9214186997999e-05,4.6845248744978e-06,777.88199539766,1.1830069005333e-05,-0.0031820285977812,0.011743197659914,3.1500470876181e-18,0,0,1.1737617499421e-20,2.8267267572398e-12,1.1006546232538e-23,0,3.7330929343797e-27,7.1046211034009e-23,0,1.4163280597756e-27,2.6690115353036e-25,5.8800235604052e-10,0,0,0.0015410534721765,0.010102765853213,2.6364954552825e-06,0,5.0104609816206e-11,1.2271968803415e-05,0,1.8583716191131e-11,1.2742292029148e-09
0.000585625,1031.7004780283,294.56531613667,690.1075184382,0.97741707853608,0.97723458413469,0.99981571212164,648616258.83092,4.4694789529617e-05,0.00017218881740668,7.8666935584647e-05,1.0531887889584,0,0,0,0,0,0.51876922952466,0.51876922952466,0.51876922952466,0.61797702870061,0.61797702870061,0.61797702870061,0,90.297016610316,6.672076379546e-14,4.6633162656371e-12,-1.1857592351582,-2.6111958451096,-0.063501679580249,-2.1428323701893e-15,-0.96548496686738,-0.077652143087152,-1.2240192508045e-13,-3.0505530824344,104.83713700363,480.63164478385,480.63164478385,480.63164478385,480.63164478385,480.63164478385,481.15041401338,481.15041401338,481.15041401338,481.24962181255,481.24962181255,481.24962181255,480.63164478385,229.70053429684,0.075278296363531,0.052264843223928,0.056794958921275,779.1458876537,-0.0027171915994266,-6.3426720959081e-05,4.7623488147076e-06,778.73699660132,1.193745836155e-05,-0.0032852858263763,0.011743197663103,2.9317666738395e-18,0,0,1.0419973971327e-20,2.5623151328022e-12,9.8927618504637e-24,0,3.4731766059974e-27,6.4001647519333e-23,0,1.3187233346661e-27,2.4397568735823e-25,5.8800236018667e-10,0,0,0.0015410534721765,0.010102765856837,2.6364954552825e-06,0,5.0104609816206e-11,1.2271968803415e-05,0,1.8583716191131e-11,1.2742292029148e-09
0.000590625,1030.4787331547,294.22961180423,689.35942681434,0.97741707853608,0.97723458413469,0.99981571212164,652708045.51409,4.5125065093464e-05,0.00017366081769653,7.9359767530466e-05,1.0536824274541,0,0,0,0,0,0.51862554433341,0.51862554433341,0.51862554433341,0.61750201803754,0.61750201803754,0.61750201803754,0,90.245347440069,6.5551360879394e-14,4.6465127545074e-12,-1.1937185211511,-2.6319441276082,-0.06457744432696,-2.2718297031249e-15,-0.97209509528809,-0.078951421917735,-1.2874212945514e-13,-3.0751074762676,104.78117546002,481.08946922376,481.08946922376,481.08946922376,481.08946922376,481.08946922376,481.60809476809,481.60809476809,481.60809476809,481.7069712418,481.7069712418,481.7069712418,481.08946922376,229.86954123015,0.075917238802047,0.052709240396494,0.057264796373496,780.00363974053,-0.0028079120539096,-6.7782092104625e-05,4.8418344060545e-06,779.58624955062,1.2037612890255e-05,-0.0033908906524022,0.011743197665991,2.7296008296328e-18,0,0,9.2567780729994e-21,2.3237393661817e-12,8.8981946679863e-24,0,3.2334818026346e-27,5.7697449315409e-23,0,1.2285628141278e-27,2.2315824954926e-25,5.8800236404691e-10,0,0,0.0015410534721765,0.010102765860123,2.6364954552825e-06,0,5.0104609816206e-11,1.2271968803415e-05,0,1.8583716191131e-11,1.2742292029148e-09
0.000595625,1029.2492846135,293.89223262337,688.6068201247,0.97741707853608,0.97723458413469,0.99981571212164,656793704.31881,4.555560764656e-05,0.00017513284725245,8.0052388569136e-05,1.0541761244841,0,0,0,0,0,0.51848091283662,0.51848091283662,0.51848091283662,0.61702354180715,0.61702354180715,0.61702354180715,0,90.193556036481,6.4408021422918e-14,4.6306604344287e-12,-1.2017074289562,-2.6528068988178,-0.065671973070984,-2.4075083022896e-15,-0.97873423023023,-0.080273086753994,-1.353784360501e-13,-3.0998016018497,104.72496850051,481.54371432925,481.54371432925,481.54371432925,481.54371432925,481.54371432925,482.06219524209,482.06219524209,482.06219524209,482.16073787106,482.16073787106,482.16073787106,481.54371432925,230.03775286384,0.076555896756697,0.053153426429702,0.057734385751467,780.8557551589,-0.002900781978186,-7.2281374123704e-05,4.9231839756298e-06,780.42979175956,1.2130665781745e-05,-0.0034988743708475,0.011743197668608,2.5422834282215e-18,0,0,8.2291570678854e-21,2.1083660807962e-12,8.0093932523086e-24,0,3.0122518831935e-27,5.2051450344021e-23,0,1.1452132349737e-27,2.0424217987971e-25,5.8800236764224e-10,0,0,0.0015410534721765,0.010102765863105,2.6364954552825e-06,0,5.0104609816206e-11,1.2271968803415e-05,0,1.8583716191131e-11,1.2742292029148e-09
0.000600625,1028.0121046822,293.55315525358,687.84967400122,0.97741707853608,0.97723458413469,0.99981571212164,660873144.87926,4.5986415098931e-05,0.00017660490605037,8.0744795727775e-05,1.054669879771,0,0,0,0,0,0.5183353288952,0.5183353288952,0.5183353288952,0.61654158398257,0.61654158398257,0.61654158398257,0,90.141642245598,6.3290060483663e-14,4.6157565237059e-12,-1.2097257820208,-2.6737841459594,-0.06678550982109,-2.5501476362167e-15,-0.98540232024025,-0.08161742476143,-1.4232251362214e-13,-3.1246354957857,104.66851611451,481.99440484434,481.99440484434,481.99440484434,481.99440484434,481.99440484434,482.51274017324,482.51274017324,482.51274017324,482.61094642832,482.61094642832,482.61094642832,481.99440484434,230.20518397797,0.077194269690508,0.053597400921513,0.058203727256776,781.70227077015,-0.0029958326640128,-7.6925967907407e-05,5.0057652076399e-06,781.26766047952,1.2216223104118e-05,-0.0036092681991589,0.01174319767098,2.3686541656939e-18,0,0,7.3206386292755e-21,1.9138415237244e-12,7.2145011066719e-24,0,2.8078987576358e-27,4.699108146891e-23,0,1.0681010886936e-27,1.870423361177e-25,5.8800237099202e-10,0,0,0.0015410534721765,0.010102765865812,2.6364954552825e-06,0,5.0104609816206e-11,1.2271968803415e-05,0,1.8583716191131e-11,1.2742292029148e-09
0.000605625,1026.7671665573,293.21235753337,687.0879650595,0.97741707853608,0.97723458413469,0.99981571212164,664946279.11706,4.6417485399535e-05,0.00017807699406761,8.1436985973517e-05,1.0551636930372,0,0,0,0,0,0.51818878639018,0.51818878639018,0.51818878639018,0.61605612869124,0.61605612869124,0.61605612869124,0,90.089605907057,6.2196814649467e-14,4.6017989741884e-12,-1.2177734096206,-2.6948758552673,-0.067918298056747,-2.7000356973227e-15,-0.99209931891575,-0.082984722329307,-1.4958640879708e-13,-3.149609190476,104.61181827711,482.44156534521,482.44156534521,482.44156534521,482.44156534521,482.44156534521,482.9597541316,482.9597541316,482.9597541316,483.0576214739,483.0576214739,483.0576214739,482.44156534521,230.37185155493,0.077832357070806,0.054041163471255,0.058672821091559,782.54322316158,-0.0030930948475572,-8.1718080026531e-05,5.0901345452268e-06,782.09989269671,1.2294871259865e-05,-0.0037221034712188,0.011743197673131,2.2076491563071e-18,0,0,6.5168335321576e-21,1.7380606736092e-12,6.5030584973212e-24,0,2.6189852873551e-27,4.2452194377206e-23,0,9.9670645349424e-28,1.7139272301483e-25,5.8800237411411e-10,0,0,0.0015410534721765,0.01010276586827,2.6364954552825e-06,0,5.0104609816206e-11,1.2271968803415e-05,0,1.8583716191131e-11,1.2742292029148e-09
0.000610625,1025.5144443395,292.86981842776,686.32167086694,0.97741707853608,0.97723458413469,0.99981571212164,669013021.04201,4.6848816455402e-05,0.00017954911128275,8.2128956319912e-05,1.0556575640052,0,0,0,0,0,0.51804127922163,0.51804127922163,0.51804127922163,0.61556716021545,0.61556716021545,0.61556716021545,0,90.037446858307,6.1127641079814e-14,4.5887864627063e-12,-1.2258501466923,-2.7160820114125,-0.069070580583143,-2.8574690591112e-15,-0.99882518452998,-0.084375264906683,-1.5718254814351e-13,-3.1747227141326,104.55487496715,482.88522024118,482.88522024118,482.88522024118,482.88522024118,482.88522024118,483.4032615204,483.4032615204,483.4032615204,483.50078740139,483.50078740139,483.50078740139,482.88522024118,230.537769294,0.078470158368988,0.054484713679524,0.0591416674585,783.37864865065,-0.0031926004900297,-8.6656712732816e-05,5.1763269615255e-06,782.92652513634,1.236562663357e-05,-0.0038374116639884,0.011743197675083,2.0582924138168e-18,0,0,5.8051618759055e-21,1.5791398956806e-12,5.8658300080481e-24,0,2.4442096518001e-27,3.8378036212786e-23,0,9.3055750973924e-28,1.5714439636785e-25,5.8800237702497e-10,0,0,0.0015410534721765,0.010102765870503,2.6364954552825e-06,0,5.0104609816206e-11,1.2271968803415e-05,0,1.8583716191131e-11,1.2742292029148e-09
0.000615625,1024.2539130205,292.5255179787,685.55076991283,0.97741707853608,0.97723458413469,0.99981571212164,673073286.80974,4.7280406163026e-05,0.00018102125767564,8.2820703783824e-05,1.0561514923976,0,0,0,0,0,0.5178928013076,0.5178928013076,0.5178928013076,0.61507466299316,0.61507466299316,0.61507466299316,0,89.985164932606,6.0081916706628e-14,4.5767183785329e-12,-1.2339558339758,-2.7374025978984,-0.070242599478167,-3.0227529907031e-15,-1.0055798803021,-0.085789336919818,-1.6512374946138e-13,-3.1999760906879,104.49768615758,483.32539377578,483.32539377578,483.32539377578,483.32539377578,483.32539377578,483.84328657709,483.84328657709,483.84328657709,483.94046843877,483.94046843877,483.94046843877,483.32539377578,230.70295208264,0.079107673060298,0.054928051148096,0.059610266560839,784.20858328517,-0.0032943809315848,-9.1743965211707e-05,5.2642341780731e-06,783.74759426421,1.2428926888577e-05,-0.003955224436639,0.011743197676854,1.9196881337337e-18,0,0,5.1746166476996e-21,1.4353927195471e-12,5.2946543615134e-24,0,2.2823914665412e-27,3.4718354963895e-23,0,8.6922566561066e-28,1.4416360956919e-25,5.8800237973982e-10,0,0,0.0015410534721765,0.010102765872533,2.6364954552825e-06,0,5.0104609816206e-11,1.2271968803415e-05,0,1.8583716191131e-11,1.2742292029148e-09
0.000620625,1022.9855484704,292.17943725819,684.7752415801,0.97741707853608,0.97723458413469,0.99981571212164,677126994.51725,4.7712252429315e-05,0.00018249343322725,8.3512225356642e-05,1.0566454779372,0,0,0,0,0,0.51774334658312,0.51774334658312,0.51774334658312,0.61457862161873,0.61457862161873,0.61457862161873,0,89.932759964373,5.9059037436333e-14,4.5655948217393e-12,-1.2420903178971,-2.7588375968175,-0.071434595961014,-3.1962015378098e-15,-1.0123633741398,-0.087227221619907,-1.7342323007186e-13,-3.2253693398092,104.44025182407,483.76211002782,483.76211002782,483.76211002782,483.76211002782,483.76211002782,484.2798533744,484.2798533744,484.2798533744,484.37668864944,484.37668864944,484.37668864944,483.76211002782,230.86741149541,0.079744900623662,0.055371175479869,0.060078618602372,785.03306284612,-0.0033984679645516,-9.6980843794531e-05,5.353859094015e-06,784.56313628973,1.248474737368e-05,-0.0040755734939218,0.011743197678462,1.791013697927e-18,0,0,4.6155593499937e-21,1.3053083711634e-12,4.7823134909712e-24,0,2.1324594265615e-27,3.1428618060149e-23,0,8.1232121416892e-28,1.3233017258245e-25,5.880023822727e-10,0,0,0.0015410534721765,0.010102765874379,2.6364954552825e-06,0,5.0104609816206e-11,1.2271968803415e-05,0,1.8583716191131e-11,1.2742292029148e-09
0.000625625,1021.7093274274,291.83155832415,683.99506611921,0.97741707853608,0.97723458413469,0.99981571212164,681174064.40163,4.8144353112504e-05,0.00018396563791967,8.4203518080359e-05,1.0571395203467,0,0,0,0,0,0.51759290899938,0.51759290899938,0.51759290899938,0.61407902084398,0.61407902084398,0.61407902084398,0,89.880231784902,5.8058417366331e-14,4.5554165940899e-12,-1.2502534502636,-2.7803869885017,-0.072646810307148,-3.3781375829056e-15,-1.0191756384937,-0.088689200964556,-1.8209461057338e-13,-3.2509024761918,104.38257193955,484.19539291246,484.19539291246,484.19539291246,484.19539291246,484.19539291246,484.71298582146,484.71298582146,484.71298582146,484.80947193331,484.80947193331,484.80947193331,484.19539291246,231.03116269313,0.080381840541494,0.055814086278784,0.060546723787452,785.85212284656,-0.0035048934752569,-0.0001023680681684,5.4453408325521e-06,785.3731871654,1.2533209107668e-05,-0.0041984907908334,0.011743197679922,1.6715133213023e-18,0,0,4.1195431845526e-21,1.187532733022e-12,4.3224182960211e-24,0,1.9934403062761e-27,2.8469329241043e-23,0,7.5948946312934e-28,1.2153599764246e-25,5.8800238463658e-10,0,0,0.0015410534721765,0.010102765876058,2.6364954552825e-06,0,5.0104609816206e-11,1.2271968803415e-05,0,1.8583716191131e-11,1.2742292029148e-09
0.000630625,1020.4252274867,291.48186417882,683.21022462354,0.97741707853608,0.97723458413469,0.99981571212164,685214418.69345,4.8576706095605e-05,0.00018543787173602,8.4894578963815e-05,1.0576336193488,0,0,0,0,0,0.51744148252288,0.51744148252288,0.51744148252288,0.61357584557932,0.61357584557932,0.61357584557932,0,89.82758021639,5.7079488086871e-14,4.5461851955526e-12,-1.2584450883933,-2.802050751633,-0.073879481756871,-3.568892944252e-15,-1.0260166502261,-0.090175555518419,-1.9115192881939e-13,-3.2765755100799,104.32464647059,484.62526618228,484.62526618228,484.62526618228,484.62526618228,484.62526618228,485.1427076648,485.1427076648,485.1427076648,485.23884202785,485.23884202785,485.23884202785,484.62526618228,231.19421852694,0.08101849229954,0.056256783149776,0.061014582320991,786.66579853217,-0.0036136899252651,-0.00010790706474823,5.5383225179752e-06,786.17778258786,1.2573901557679e-05,-0.0043240078587525,0.01174319768125,1.5604922922681e-18,0,0,3.6791599427644e-21,1.0808514479129e-12,3.9093088656307e-24,0,1.8644491544724e-27,2.5805430864328e-23,0,7.1040728181067e-28,1.1168380989773e-25,5.8800238684345e-10,0,0,0.0015410534721765,0.010102765877587,2.6364954552825e-06,0,5.0104609816206e-11,1.2271968803415e-05,0,1.8583716191131e-11,1.2742292029148e-09
0.000635625,1019.1332270922,291.13033872942,682.42069900648,0.97741707853608,0.97723458413469,0.99981571212164,689247981.45186,4.9009309263387e-05,0.0001869101346604,8.5585404993011e-05,1.0581277746665,0,0,0,0,0,0.51728906113477,0.51728906113477,0.51728906113477,0.61306908089497,0.61306908089497,0.61306908089497,0,89.774805086362,5.612169797092e-14,4.5379028185269e-12,-1.2666650947555,-2.8238288628869,-0.075132848416554,-3.768808365126e-15,-1.0328863905873,-0.09168656431072,-2.0060963852226e-13,-3.3023884460874,104.2664753877,485.05175342816,485.05175342816,485.05175342816,485.05175342816,485.05175342816,485.56904248929,485.56904248929,485.56904248929,485.66482250905,485.66482250905,485.66482250905,485.05175342816,231.35658925049,0.081654855386694,0.056699265698686,0.061482194408468,787.47412488466,-0.0037248893969563,-0.00011359804977098,5.6331771562605e-06,786.97695800198,1.2607248587479e-05,-0.0044521571193501,0.011743197682457,1.457311729301e-18,0,0,3.2879073102898e-21,9.8417491611949e-13,3.5379672562449e-24,0,1.7446805429895e-27,2.3405780378671e-23,0,6.6478001494273e-28,1.0268600241181e-25,5.880023889044e-10,0,0,0.0015410534721765,0.010102765878979,2.6364954552825e-06,0,5.0104609816206e-11,1.2271968803415e-05,0,1.8583716191131e-11,1.2742292029148e-09
0.000640625,1017.8333055282,290.77696675113,681.62647197999,0.97741707853608,0.97723458413469,0.99981571212164,693274678.70537,4.9442160459138e-05,0.00018838242667784,8.6275993196162e-05,1.0586219860226,0,0,0,0,0,0.51713563883022,0.51713563883022,0.51713563883022,0.61255871202232,0.61255871202232,0.61255871202232,0,89.721906218912,5.5184511535818e-14,4.5305723447673e-12,-1.2749133371107,-2.8457212970768,-0.076407147171276,-3.9782335595331e-15,-1.0397848450739,-0.093222504735053,-2.1048261951358e-13,-3.3283412839738,104.20805866193,485.47487808046,485.47487808046,485.47487808046,485.47487808046,485.47487808046,485.99201371929,485.99201371929,485.99201371929,486.08743679248,486.08743679248,486.08743679248,485.47487808046,231.51828770544,0.082290929294845,0.057141533532212,0.061949560255923,788.27713662239,-0.0038385245656422,-0.00011944194765169,5.7297848724243e-06,787.77074860204,1.2633119221598e-05,-0.0045829705673327,0.011743197683554,1.3613838245377e-18,0,0,2.9400737622636e-21,8.9652496529568e-13,3.2039411760126e-24,0,1.6334007525974e-27,2.1242691494343e-23,0,6.2233872462795e-28,9.446361956287e-26,5.8800239082968e-10,0,0,0.0015410534721765,0.010102765880247,2.6364954552825e-06,0,5.0104609816206e-11,1.2271968803415e-05,0,1.8583716191131e-11,1.2742292029148e-09
0.000645625,1016.5254429116,290.42173385209,680.82752703459,0.97741707853608,0.97723458413469,0.99981571212164,697294438.32927,4.9875257530302e-05,0.00018985474777424,8.6966340579883e-05,1.0591162531401,0,0,0,0,0,0.5169812096178,0.5169812096178,0.5169812096178,0.61204472435538,0.61204472435538,0.61204472435538,0,89.668883435972,5.4267408824523e-14,4.5241973426805e-12,-1.283189688263,-2.8677280268584,-0.077702613605722,-4.1975272527968e-15,-1.0467120032857,-0.094783652441451,-2.2078618489117e-13,-3.3544340179859,104.14939626311,485.89466341001,485.89466341001,485.89466341001,485.89466341001,485.89466341001,486.41164461963,486.41164461963,486.41164461963,486.50670813437,486.50670813437,486.50670813437,485.89466341001,231.67932486276,0.082926713518742,0.057583586257857,0.062416680069967,789.07486820049,-0.0039546281842904,-0.00012543940362997,5.8281581230714e-06,788.55918933219,1.2651546449774e-05,-0.0047164804306316,0.011743197684552,1.2721675126223e-18,0,0,2.6306386352698e-21,8.1702299998152e-13,2.9032771540626e-24,0,1.5299407870295e-27,1.9291531605638e-23,0,5.8283772174317e-28,8.6945452958803e-26,5.880023926288e-10,0,0,0.0015410534721765,0.010102765881402,2.6364954552825e-06,0,5.0104609816206e-11,1.2271968803415e-05,0,1.8583716191131e-11,1.2742292029148e-09
0.000650625,1015.2096201859,290.06462644048,680.02384842067,0.97741707853608,0.97723458413469,0.99981571212164,701307190.01971,5.0308598306989e-05,0.00019132709793636,8.7656444170835e-05,1.0596105757419,0,0,0,0,0,0.51682576751904,0.51682576751904,0.51682576751904,0.61152710345237,0.61152710345237,0.61152710345237,0,89.615736558162,5.336988481666e-14,4.5187820651183e-12,-1.2914940259804,-2.8898490226737,-0.079019481918748,-4.4270571691807e-15,-1.0536678588248,-0.096370281226697,-2.3153608613344e-13,-3.3806666367937,104.09048816159,486.31113252912,486.31113252912,486.31113252912,486.31113252912,486.31113252912,486.82795829664,486.82795829664,486.82795829664,486.92265963258,486.92265963258,486.92265963258,486.31113252912,231.83971146388,0.083562207555851,0.058025423483877,0.062883554057777,789.86735381257,-0.0040732332024254,-0.00013159100374828,5.9283137832683e-06,789.34231488872,1.2662564383465e-05,-0.0048527190271092,0.011743197685461,1.1891645298051e-18,0,0,2.3551853013594e-21,7.448794602093e-13,2.63246196518e-24,0,1.4336901206236e-27,1.7530368293687e-23,0,5.4605235375153e-28,8.0067237057004e-26,5.8800239431053e-10,0,0,0.0015410534721765,0.010102765882455,2.6364954552825e-06,0,5.0104609816206e-11,1.2271968803415e-05,0,1.8583716191131e-11,1.2742292029148e-09
0.000655625,1013.8858191153,289.70563169338,679.21542113109,0.97741707853608,0.97723458413469,0.99981571212164,705312865.25592,5.0742180634348e-05,0.00019279947715171,8.8346300961255e-05,1.060104953551,0,0,0,0,0,0.51666930656795,0.51666930656795,0.51666930656795,0.61100583503732,0.61100583503732,0.61100583503732,0,89.562465405009,5.2491448868651e-14,4.5143314479613e-12,-1.2998262328822,-2.9120842526362,-0.080357984844431,-4.6672000196363e-15,-1.0606524091771,-0.097982662930817,-2.427485187431e-13,-3.4070391233204,104.03133432877,486.72430839259,486.72430839259,486.72430839259,486.72430839259,486.72430839259,487.24097769916,487.24097769916,487.24097769916,487.33531422763,487.33531422763,487.33531422763,486.72430839259,231.99945782207,0.084197410906226,0.058467044819228,0.063350182427105,790.65462739183,-0.0041943727578072,-0.00013789725229898,6.0302454924863e-06,790.12015972166,1.2666210104444e-05,-0.0049917187723844,0.011743197686289,1.1119158252081e-18,0,0,2.1098256642375e-21,6.7938443917417e-13,2.3883712455673e-24,0,1.3440910983552e-27,1.5939658663612e-23,0,5.1177702104029e-28,7.3770932878017e-26,5.8800239588302e-10,0,0,0.0015410534721765,0.010102765883416,2.6364954552825e-06,0,5.0104609816206e-11,1.2271968803415e-05,0,1.8583716191131e-11,1.2742292029148e-09
0.000660625,1012.5540222794,289.34473752748,678.40223088501,0.97741707853608,0.97723458413469,0.99981571212164,709311397.26536,5.1176002298918e-05,0.00019427188540855,8.9035907994107e-05,1.0605993862906,0,0,0,0,0,0.5165118208107,0.5165118208107,0.5165118208107,0.61048090500186,0.61048090500186,0.61048090500186,0,89.509069795201,5.163162418031e-14,4.5108511093141e-12,-1.3081861963212,-2.9344336824213,-0.081718353575516,-4.918341469087e-15,-1.0676656555938,-0.0996210673353,-2.5444012739722e-13,-3.4335514545654,103.97193473724,487.1342137987,487.1342137987,487.1342137987,487.1342137987,487.1342137987,487.65072561951,487.65072561951,487.65072561951,487.7446947037,487.7446947037,487.7446947037,487.1342137987,232.1585738769,0.084832323072381,0.058908449873524,0.063816565386275,791.43672261225,-0.0043180801742273,-0.0001443585833032,6.1339646915218e-06,790.89275803635,1.2662538670403e-05,-0.0051335121781069,0.011743197687042,1.0399982909335e-18,0,0,1.89113444775e-21,6.1989932775969e-13,2.168224379019e-24,0,1.2606339151715e-27,1.4501976094705e-23,0,4.7982339626102e-28,6.8004089667928e-26,5.880023973538e-10,0,0,0.0015410534721765,0.010102765884293,2.6364954552825e-06,0,5.0104609816206e-11,1.2271968803415e-05,0,1.8583716191131e-11,1.2742292029148e-09
0.000665625,1011.2142130691,288.98193257144,677.58426411269,0.97741707853608,0.97723458413469,0.99981571212164,713302720.98568,5.1610061153159e-05,0.00019574432269587,8.9725262225624e-05,1.0610938736835,0,0,0,0,0,0.51635330430526,0.51635330430526,0.51635330430526,0.609952299407,0.609952299407,0.609952299407,0,89.455549546759,5.078994728752e-14,4.5083473493448e-12,-1.3165738082694,-2.95689727516,-0.083100817689539,-5.1808760867369e-15,-1.0747076029708,-0.10128576206445,-2.6662801071198e-13,-3.4602036014489,103.91228936126,487.54087139025,487.54087139025,487.54087139025,487.54087139025,487.54087139025,488.05722469455,488.05722469455,488.05722469455,488.15082368965,488.15082368965,488.15082368965,487.54087139025,232.31706914199,0.085466943559177,0.059349638256988,0.064282703144186,792.2136728897,-0.004444388961747,-0.00015097535270557,6.2394711865387e-06,791.66014379509,1.2651602369511e-05,-0.0052781318343989,0.011743197687729,9.7302178101387e-19,0,0,1.6960919607366e-21,5.6584936933652e-13,1.9695448553388e-24,0,1.1828521106302e-27,1.3201769699218e-23,0,4.5001882442398e-28,6.2719275588064e-26,5.8800239872986e-10,0,0,0.0015410534721765,0.010102765885093,2.6364954552825e-06,0,5.0104609816206e-11,1.2271968803415e-05,0,1.8583716191131e-11,1.2742292029148e-09
0.000670625,1009.8663756828,288.61720613973,676.76150794153,0.97741707853608,0.97723458413469,0.99981571212164,717286773.02939,5.2044354985589e-05,0.00019721678900329,9.0414360677765e-05,1.0615884154529,0,0,0,0,0,0.51619375112117,0.51619375112117,0.51619375112117,0.60942000448507,0.60942000448507,0.60942000448507,0,89.401904477306,4.9965967578512e-14,4.5068271506812e-12,-1.3249889652006,-2.9794749913347,-0.084505605077577,-5.4552072763433e-15,-1.0817782597308,-0.10297701248885,-2.7932972548762e-13,-3.4869955286445,103.85239817695,487.9443036555,487.9443036555,487.9443036555,487.9443036555,487.9443036555,488.46049740663,488.46049740663,488.46049740663,488.55372365999,488.55372365999,488.55372365999,487.9443036555,232.47495275351,0.086101271873712,0.059790609580417,0.064748595910317,792.98551138317,-0.0045733328271508,-0.0001577478653912,6.3467790402814e-06,792.42235071869,1.2633471192769e-05,-0.005425610428205,0.011743197688355,9.1062639217186e-19,0,0,1.5220342053212e-21,5.1671702195854e-13,1.7901254085366e-24,0,1.1103185222855e-27,1.2025152400861e-23,0,4.2220488405044e-28,5.7873569580475e-26,5.8800240001768e-10,0,0,0.0015410534721765,0.010102765885824,2.6364954552825e-06,0,5.0104609816206e-11,1.2271968803415e-05,0,1.8583716191131e-11,1.2742292029148e-09
0.000675625,1008.5104951229,288.25054820812,675.93395018294,0.97741707853608,0.97723458413469,0.99981571212164,721263491.6479,5.2478881593647e-05,0.00019868928432106,9.1103200346185e-05,1.0620830113219,0,0,0,0,0,0.51603315533932,0.51603315533932,0.51603315533932,0.60888400664166,0.60888400664166,0.60888400664166,0,89.348134404311,4.9159246833237e-14,4.5062981794193e-12,-1.333431567971,-3.0021667886669,-0.085932941874411,-5.741747186095e-15,-1.0888776376988,-0.10469508163048,-2.9256329045259e-13,-3.5139271944166,103.79226116284,488.34453292923,488.34453292923,488.34453292923,488.34453292923,488.34453292923,488.86056608457,488.86056608457,488.86056608457,488.95341693587,488.95341693587,488.95341693587,488.34453292923,232.63223346266,0.086735307525212,0.060231363455145,0.065214243894725,793.75227099592,-0.004704945649634,-0.00016467630894432,6.4558939405052e-06,793.17941228808,1.260820644535e-05,-0.0055759807312855,0.011743197688926,8.5247998206357e-19,0,0,1.3666093524073e-21,4.7203603713545e-13,1.6279973335935e-24,0,1.0426416478612e-27,1.0959714077509e-23,0,3.962360919806e-28,5.342810749633e-26,5.8800240122327e-10,0,0,0.0015410534721765,0.010102765886491,2.6364954552825e-06,0,5.0104609816206e-11,1.2271968803415e-05,0,1.8583716191131e-11,1.2742292029148e-09
0.000680625,1007.1465571932,287.88194939047,675.10157932024,0.97741707853608,0.97723458413469,0.99981571212164,725232816.69631,5.2913638754437e-05,0.00020016180864002,9.1791778240005e-05,1.0625776610135,0,0,0,0,0,0.51587151105178,0.51587151105178,0.51587151105178,0.60834429245766,0.60834429245766,0.60834429245766,0,89.294239145257,4.8369358783878e-14,4.506768786572e-12,-1.3419015217065,-3.0249726220217,-0.087383052391988,-6.0409165980382e-15,-1.0960057519871,-0.10644023007068,-3.0634718943359e-13,-3.5409985504708,103.73187829998,488.74158139364,488.74158139364,488.74158139364,488.74158139364,488.74158139364,489.25745290469,489.25745290469,489.25745290469,489.3499256861,489.3499256861,489.3499256861,488.74158139364,232.78891964997,0.087369050024936,0.060671899493,0.065679647308049,794.51398437669,-0.0048392615002993,-0.00017176085004654,6.5668238334746e-06,793.93136174593,1.2575892479272e-05,-0.0057292755857241,0.011743197689447,7.9827590307196e-19,0,0,1.2277397424437e-21,4.3138617493737e-13,1.481403459322e-24,0,9.7946237209262e-28,9.994356672395e-24,0,3.719787364603e-28,4.9347676393189e-26,5.880024023522e-10,0,0,0.0015410534721765,0.010102765887101,2.6364954552825e-06,0,5.0104609816206e-11,1.2271968803415e-05,0,1.8583716191131e-11,1.2742292029148e-09
0.000685625,1005.7745484972,287.51140091681,674.26438449734,0.97741707853608,0.97723458413469,0.99981571212164,729194689.59836,5.3348624275471e-05,0.00020163436195158,9.2480091311109e-05,1.063072364251,0,0,0,0,0,0.51570881236174,0.51570881236174,0.51570881236174,0.60780084869135,0.60780084869135,0.60780084869135,0,89.240218517947,4.759588869606e-14,4.5082480101199e-12,-1.3503987356805,-3.0478924432966,-0.088856159053402,-6.353144795033e-15,-1.1031626208699,-0.10821271585866,-3.2070037395684e-13,-3.5682095417898,103.67124957249,489.13547107938,489.13547107938,489.13547107938,489.13547107938,489.13547107938,489.65117989174,489.65117989174,489.65117989174,489.74327192807,489.74327192807,489.74327192807,489.13547107938,232.94501932985,0.088002498886086,0.06111221730628,0.066144806361511,795.27068392088,-0.0049763146298693,-0.00017900153994997,6.6795682953668e-06,794.67823209815,1.2536605937169e-05,-0.0058855279287926,0.011743197689922,7.4773093180092e-19,0,0,1.1035886847421e-21,3.9438848450819e-13,1.3487743228248e-24,0,9.2045101907126e-28,9.119148576553e-24,0,3.4930982484495e-28,4.5600351623815e-26,5.8800240340965e-10,0,0,0.0015410534721765,0.010102765887659,2.6364954552825e-06,0,5.0104609816206e-11,1.2271968803415e-05,0,1.8583716191131e-11,1.2742292029148e-09
0.000690625,1004.3944564355,287.13889461279,673.42235550835,0.97741707853608,0.97723458413469,0.99981571212164,733149053.31271,5.3783835918534e-05,0.00020310694424764,9.3168136560912e-05,1.0635671207574,0,0,0,0,0,0.51554505338339,0.51554505338339,0.51554505338339,0.6072536622806,0.6072536622806,0.6072536622806,0,89.186072340729,4.6838432969312e-14,4.5107455774802e-12,-1.3589231231977,-3.0709262013245,-0.090352482329234,-6.6788694048151e-15,-1.1103482656664,-0.11001279442191,-3.3564226519206e-13,-3.5955601064835,103.61037496772,489.52622386651,489.52622386651,489.52622386651,489.52622386651,489.52622386651,490.04176891989,490.04176891989,490.04176891989,490.13347752879,490.13347752879,490.13347752879,489.52622386651,233.10054017411,0.088635653623712,0.061552316507718,0.066609721266917,796.02240177177,-0.0051161394679624,-0.00018639835658867,6.7941369964439e-06,795.4200561155,1.2490432880813e-05,-0.006044770772136,0.011743197690356,7.0058337644577e-19,0,0,9.9253142751903e-22,3.607010872425e-13,1.2287071499116e-24,0,8.6530469549897e-28,8.3251959304573e-24,0,3.2811613384155e-28,4.2157171971012e-26,5.8800240440043e-10,0,0,0.0015410534721765,0.010102765888169,2.6364954552825e-06,0,5.0104609816206e-11,1.2271968803415e-05,0,1.8583716191131e-11,1.2742292029148e-09
0.000695625,1003.0062692055,286.76442288016,672.57548278785,0.97741707853608,0.97723458413469,0.99981571212164,737095852.29875,5.4219271453241e-05,0.00020457955552062,9.3855910963683e-05,1.0640619302558,0,0,0,0,0,0.51538022824192,0.51538022824192,0.51538022824192,0.606702720345,0.606702720345,0.606702720345,0,89.131800432697,4.6096598755682e-14,4.5142719084475e-12,-1.3674746014787,-3.094073841772,-0.091872240674861,-7.01853622025e-15,-1.117562710621,-0.11184071847754,-3.5119275521706e-13,-3.6230501756399,103.54925447666,489.91386148546,489.91386148546,489.91386148546,489.91386148546,489.91386148546,490.4292417137,490.4292417137,490.4292417137,490.5205642058,490.5205642058,490.5205642058,489.91386148546,233.2554895071,0.089268513754638,0.061992196710454,0.067074392236661,796.76916982173,-0.0052587706295506,-0.00019395121237972,6.9105360498464e-06,796.15686633517,1.2437463150288e-05,-0.0062070372042906,0.011743197690752,6.5659134585302e-19,0,0,8.9312975584796e-22,3.3001540710374e-13,1.1199472967074e-24,0,8.1374489409998e-28,7.6045287917396e-24,0,3.082933515513e-28,3.8991848632613e-26,5.8800240532899e-10,0,0,0.0015410534721765,0.010102765888636,2.6364954552825e-06,0,5.0104609816206e-11,1.2271968803415e-05,0,1.8583716191131e-11,1.2742292029148e-09
0.000700625,1001.6099757995,286.38797867853,671.72375740194,0.97741707853608,0.97723458413469,0.99981571212164,741035032.48328,5.4654928649846e-05,0.00020605219576339,9.4543411482324e-05,1.0645567924693,0,0,0,0,0,0.51521433107356,0.51521433107356,0.51521433107356,0.6061480101882,0.6061480101882,0.6061480101882,0,89.077402613959,4.5370003596114e-14,4.5188381185868e-12,-1.3760530915416,-3.1173353070372,-0.093415650468639,-7.3725989951231e-15,-1.1248059827837,-0.11369673794413,-3.6737220756517e-13,-3.6506796731745,103.4878880942,490.29840551797,490.29840551797,490.29840551797,490.29840551797,490.29840551797,490.81361984904,490.81361984904,490.81361984904,490.90455352816,490.90455352816,490.90455352816,490.29840551797,233.40987431924,0.089901078797377,0.062431857528011,0.067538819483724,797.51101971344,-0.0054042429034179,-0.00020165993635635,7.0287756623091e-06,796.88869506228,1.2377791020473e-05,-0.0063723603862739,0.011743197691114,6.1553116567404e-19,0,0,8.0410974780481e-22,3.0205279891045e-13,1.0213718518058e-24,0,7.6551532991586e-28,6.9500003756383e-24,0,2.8974530177258e-28,3.6080504347722e-26,5.8800240619948e-10,0,0,0.0015410534721765,0.010102765889063,2.6364954552825e-06,0,5.0104609816206e-11,1.2271968803415e-05,0,1.8583716191131e-11,1.2742292029148e-09
0.000705625,1000.2055660049,286.00955550797,670.86717103995,0.97741707853608,0.97723458413469,0.99981571212164,744966541.22744,5.5090805240686e-05,0.00020752486496923,9.523063510481e-05,1.0650517071211,0,0,0,0,0,0.51504735602558,0.51504735602558,0.51504735602558,0.60558951930018,0.60558951930018,0.60558951930018,0,89.022878705858,4.4658275072935e-14,4.5244560230201e-12,-1.3846585180883,-3.1407105361497,-0.094982925950799,-7.7415192143335e-15,-1.1320781118927,-0.11558109985412,-3.8420145700049e-13,-3.6784485156848,103.4262758195,490.67987739808,490.67987739808,490.67987739808,490.67987739808,490.67987739808,491.1949247541,491.1949247541,491.1949247541,491.28546691738,491.28546691738,491.28546691738,490.67987739808,233.56370127456,0.090533348272064,0.062871298574269,0.068003003221676,798.24798284112,-0.0055525912570769,-0.00020952428196433,7.1488593092467e-06,797.61557437148,1.2311517818359e-05,-0.0065407735565351,0.011743197691445,5.7719592840555e-19,0,0,7.2434228201794e-22,2.7656153102013e-13,9.3197513654577e-25,0,7.2037998524945e-28,6.3551978001846e-24,0,2.7238324208684e-28,3.3401439380889e-26,5.8800240701576e-10,0,0,0.0015410534721765,0.010102765889454,2.6364954552825e-06,0,5.0104609816206e-11,1.2271968803415e-05,0,1.8583716191131e-11,1.2742292029148e-09
0.000710625,998.79303040379,285.62914739281,670.00571600678,0.97741707853608,0.97723458413469,0.99981571212164,748890327.2942,5.5526899003378e-05,0.00020899756313186,9.5917578755299e-05,1.0655466739343,0,0,0,0,0,0.51487929725647,0.51487929725647,0.51487929725647,0.60502723535958,0.60502723535958,0.60502723535958,0,88.968228531223,4.3961050478484e-14,4.5311381406224e-12,-1.3932908093872,-3.1641994646739,-0.096574279162709,-8.1257658381334e-15,-1.1393791302571,-0.11749404826588,-4.0170180849653e-13,-3.7063566123061,103.36441765627,491.05829841304,491.05829841304,491.05829841304,491.05829841304,491.05829841304,491.5731777103,491.5731777103,491.5731777103,491.6633256484,491.6633256484,491.6633256484,491.05829841304,233.71697671928,0.091165321700385,0.063310519463442,0.06846694366468,798.98009035177,-0.0057038508331502,-0.00021754392191144,7.2708071372556e-06,798.33753610844,1.2238747446591e-05,-0.0067123100232933,0.011743197691747,5.4139416535555e-19,0,0,6.5282594405116e-22,2.5331408378195e-13,8.5085587418583e-25,0,6.7812134169761e-28,5.8143629641902e-24,0,2.5612522817558e-28,3.0934921456464e-26,5.880024077814e-10,0,0,0.0015410534721765,0.010102765889813,2.6364954552825e-06,0,5.0104609816206e-11,1.2271968803415e-05,0,1.8583716191131e-11,1.2742292029148e-09
0.000715625,997.372360373,285.24674886619,669.13938521584,0.97741707853608,0.97723458413469,0.99981571212164,752806340.81621,5.5963207637217e-05,0.00021047029024534,9.660423943912e-05,1.066041692632,0,0,0,0,0,0.51471014893596,0.51471014893596,0.51471014893596,0.60446114623612,0.60446114623612,0.60446114623612,0,88.913451914574,4.3277976498122e-14,4.5388976985719e-12,-1.4019498971607,-3.1878020246029,-0.098189919885722,-8.5258150193176e-15,-1.1467090726382,-0.11943582417575,-4.1989503533966e-13,-3.734403864571,103.3023136131,491.43368970429,491.43368970429,491.43368970429,491.43368970429,491.43368970429,491.94839985322,491.94839985322,491.94839985322,492.03815085052,492.03815085052,492.03815085052,491.43368970429,233.86970668912,0.091796998605511,0.063749519810063,0.06893064102749,799.70737314638,-0.0058580569476314,-0.00022571842514645,7.3946198798613e-06,799.05461189142,1.215957604923e-05,-0.0068870031618096,0.011743197692023,5.0794862970991e-19,0,0,5.8867202579457e-22,2.3210472949137e-13,7.7720582755822e-25,0,6.3853878007755e-28,5.3223223564797e-24,0,2.4089553764297e-28,2.8662997064696e-26,5.8800240849975e-10,0,0,0.0015410534721765,0.010102765890141,2.6364954552825e-06,0,5.0104609816206e-11,1.2271968803415e-05,0,1.8583716191131e-11,1.2742292029148e-09
0.000720625,995.94354808451,284.86235495563,668.26817218254,0.97741707853608,0.97723458413469,0.99981571212164,756714533.2641,5.6399728931144e-05,0.00021194304630411,9.7290614042362e-05,1.0665367629372,0,0,0,0,0,0.51453990524529,0.51453990524529,0.51453990524529,0.60389123999299,0.60389123999299,0.60389123999299,0,88.858548682344,4.2608708907863e-14,4.5477486372557e-12,-1.4106357164742,-3.2115181442697,-0.099830055580748,-8.9421497931223e-15,-1.1540679761386,-0.12140666542968,-4.3880337635818e-13,-3.7625901662733,103.23996370374,491.80607226834,491.80607226834,491.80607226834,491.80607226834,491.80607226834,492.32061217358,492.32061217358,492.32061217358,492.40996350833,492.40996350833,492.40996350833,491.80607226834,234.02189691774,0.092428378512041,0.06418829922896,0.069394095525452,800.42986188125,-0.0060152450939825,-0.00023404732285949,7.5203057217709e-06,799.76683311277,1.2074112566576e-05,-0.0070648864174543,0.011743197692276,4.766951808862e-19,0,0,5.3109135238034e-22,2.1274736343025e-13,7.1029972986532e-25,0,6.0144713116582e-28,4.8744247434615e-24,0,2.2662414734699e-28,2.6569321853863e-26,5.880024091739e-10,0,0,0.0015410534721765,0.010102765890442,2.6364954552825e-06,0,5.0104609816206e-11,1.2271968803415e-05,0,1.8583716191131e-11,1.2742292029148e-09
0.000725625,994.50658650619,284.4759611693,667.39207101828,0.97741707853608,0.97723458413469,0.99981571212164,760614857.4153,5.6836460589806e-05,0.00021341583130293,9.7976699534978e-05,1.067031884573,0,0,0,0,0,0.51436856037733,0.51436856037733,0.51436856037733,0.60331750488934,0.60331750488934,0.60331750488934,0,88.803518663204,4.1952912285545e-14,4.5577056155401e-12,-1.4193482056209,-3.2353477482442,-0.10149489132615,-9.3752597388461e-15,-1.1614558800861,-0.12340680663307,-4.584495322013e-13,-3.7909154033229,103.17736794738,492.17546695774,492.17546695774,492.17546695774,492.17546695774,492.17546695774,492.68983551811,492.68983551811,492.68983551811,492.77878446263,492.77878446263,492.77878446263,492.17546695774,234.17355284473,0.093059460945947,0.064626857335242,0.06985730737451,801.14758696919,-0.0061754509258731,-0.00024253003333027,7.6478944949773e-06,800.47423094046,1.1982471632749e-05,-0.0072459932972339,0.011743197692508,4.4748176126588e-19,0,0,4.793827059847e-22,1.9507355898261e-13,6.4948635505165e-25,0,5.6667536197184e-28,4.4664858113259e-24,0,2.132462588787e-28,2.463900807721e-26,5.8800240980674e-10,0,0,0.0015410534721765,0.010102765890718,2.6364954552825e-06,0,5.0104609816206e-11,1.2271968803415e-05,0,1.8583716191131e-11,1.2742292029148e-09
0.000730625,993.06146940265,284.0875634832,666.51107642499,0.97741707853608,0.97723458413469,0.99981571212164,764507267.32315,5.7273400328463e-05,0.00021488864523685,9.8662492857229e-05,1.0675270572625,0,0,0,0,0,0.51419610853683,0.51419610853683,0.51419610853683,0.60273992938274,0.60273992938274,0.60273992938274,0,88.748361688145,4.1310259734454e-14,4.5687840163098e-12,-1.4280873060163,-3.2592907572332,-0.10318462975512,-9.8256406131109e-15,-1.1688728259188,-0.12543647906042,-4.7885666062454e-13,-3.8193794536249,103.11452636904,492.541894482,492.541894482,492.541894482,492.541894482,492.541894482,493.05609059053,493.05609059053,493.05609059053,493.14463441138,493.14463441138,493.14463441138,492.541894482,234.32467962172,0.093690245434515,0.065065193744284,0.070320276791201,801.86057858083,-0.0063387102782907,-0.00025116589962672,7.7773762594657e-06,801.1768363196,1.1884754959593e-05,-0.0074303573780989,0.01174319769272,4.201674572474e-19,0,0,4.3292264598761e-22,1.7893082282281e-13,5.9418059319758e-25,0,5.3406538395996e-28,4.0947389521532e-24,0,2.0070186741305e-28,2.2858487291795e-26,5.8800241040094e-10,0,0,0.0015410534721765,0.010102765890971,2.6364954552825e-06,0,5.0104609816206e-11,1.2271968803415e-05,0,1.8583716191131e-11,1.2742292029148e-09
0.000735625,991.60819133638,283.69715832897,665.62518369002,0.97741707853608,0.97723458413469,0.99981571212164,768391718.28656,5.7710545911852e-05,0.00021636148810122,9.9347990881823e-05,1.0680222807287,0,0,0,0,0,0.51402254394068,0.51402254394068,0.51402254394068,0.60215850213171,0.60215850213171,0.60215850213171,0,88.693077590832,4.0680432619462e-14,4.5809999523247e-12,-1.4368529620865,-3.2833470879916,-0.1048994709924,-1.0293793953757e-14,-1.1763188570786,-0.12749591056266,-5.0004837076898e-13,-3.8479821869386,103.05143899974,492.90537540849,492.90537540849,492.90537540849,492.90537540849,492.90537540849,493.41939795243,493.41939795243,493.41939795243,493.50753391062,493.50753391062,493.50753391062,492.90537540849,234.47528212077,0.094320731506304,0.065503308071716,0.070783003992661,802.56886664587,-0.0065050591507873,-0.00025995419937814,7.9087757374281e-06,801.8746799739,1.1781077220259e-05,-0.0076180122934769,0.011743197692913,3.9462163727483e-19,0,0,3.911565510228e-22,1.6418102883762e-13,5.4385641290947e-25,0,5.0347097105382e-28,3.7557914816537e-24,0,1.8893536964835e-28,2.1215386705646e-26,5.8800241095902e-10,0,0,0.0015410534721765,0.010102765891203,2.6364954552825e-06,0,5.0104609816206e-11,1.2271968803415e-05,0,1.8583716191131e-11,1.2742292029148e-09
0.000740625,990.14674766909,283.30474258241,664.73438868157,0.97741707853608,0.97723458413469,0.99981571212164,772268166.82008,5.8147895018683e-05,0.00021783435989164,0.00010003319057233,1.0685175546946,0,0,0,0,0,0.51384786081818,0.51384786081818,0.51384786081818,0.60157321199823,0.60157321199823,0.60157321199823,0,88.637666207807,4.0063120314981e-14,4.5943702723582e-12,-1.4456451211619,-3.3075166532195,-0.10663961258873,-1.0780226654581e-14,-1.1837940188973,-0.12958532547291,-5.2204871634869e-13,-3.8767234647507,102.98810587687,493.26593016336,493.26593016336,493.26593016336,493.26593016336,493.26593016336,493.77977802418,493.77977802418,493.77977802418,493.86750337536,493.86750337536,493.86750337536,493.26593016336,234.62536494163,0.094950918691095,0.065941199933408,0.071245489196622,803.2724808544,-0.0066745337019321,-0.00026889411386523,8.0421122418161e-06,802.56779240725,1.1671553074296e-05,-0.0078089917344165,0.011743197693091,3.7072316019494e-19,0,0,3.5359073099762e-22,1.5069901180103e-13,4.9804060711589e-25,0,4.7475677654388e-28,3.446585662333e-24,0,1.7789520700761e-28,1.9698417746068e-26,5.880024114833e-10,0,0,0.0015410534721765,0.010102765891416,2.6364954552825e-06,0,5.0104609816206e-11,1.2271968803415e-05,0,1.8583716191131e-11,1.2742292029148e-09
0.000745625,988.67713456319,282.91031355272,663.83868784441,0.97741707853608,0.97723458413469,0.99981571212164,776136570.62434,5.858544537642e-05,0.00021930726060395,0.00010071808881231,1.0690128788832,0,0,0,0,0,0.51367205341134,0.51367205341134,0.51367205341134,0.60098404805037,0.60098404805037,0.60098404805037,0,88.582127378679,3.9458019963437e-14,4.6089125675867e-12,-1.4544637333721,-3.3317993614649,-0.10840524945403,-1.1285450510318e-14,-1.1912983584886,-0.13170494451032,-5.4488218773858e-13,-3.9056031401502,102.92452704453,493.62357903244,493.62357903244,493.62357903244,493.62357903244,493.62357903244,494.13725108585,494.13725108585,494.13725108585,494.22456308049,494.22456308049,494.22456308049,493.62357903244,234.77493241752,0.095580806519851,0.066378868945461,0.071707732621415,803.9714506582,-0.006847170256751,-0.0002779847263535,8.1773903556087e-06,803.25620390513,1.1556291358881e-05,-0.008003329452315,0.011743197693254,3.4835964788838e-19,0,0,3.1978547670716e-22,1.3837130390685e-13,4.5630723127874e-25,0,4.4779743918302e-28,3.1643639811465e-24,0,1.6753354067413e-28,1.8297275579316e-26,5.8800241197596e-10,0,0,0.0015410534721765,0.010102765891612,2.6364954552825e-06,0,5.0104609816206e-11,1.2271968803415e-05,0,1.8583716191131e-11,1.2742292029148e-09
0.000750625,987.19934898347,282.51386897227,662.93807819605,0.97741707853608,0.97723458413469,0.99981571212164,779996888.557,5.9023194672196e-05,0.00022078019023422,0.00010140268253417,1.0695082530174,0,0,1.2465348711576e-07,1.2465348711576e-07,0,0.51349511597526,0.51349511597526,0.51349511597526,0.60039099956478,0.60039099956478,0.60039099956478,1.2465348711576e-07,88.526460946421,3.8864836245134e-14,4.6246451782199e-12,-1.4633087515423,-3.3561951170402,-0.11019657378936,-1.1809981731696e-14,-1.1988319246444,-0.13385498468178,-5.6857370292305e-13,-3.9346210577059,102.86070255365,493.97834216216,493.97834216216,493.97834228681,493.97834228681,493.97834216216,494.49183727813,494.49183727813,494.49183727813,494.57873316172,494.57873316172,494.57873316172,493.97834228681,234.92398862276,0.096210394524677,0.066816314724199,0.072169734485974,804.66580527204,-0.0070230053109107,-0.00028722507229785,8.3146516048656e-06,803.93994453614,1.1435408807213e-05,-0.0082010592604868,0.011743197693403,3.2742681667481e-19,0,0,2.8934893161056e-22,1.2709499911535e-13,4.1827265403227e-25,0,4.2247676975714e-28,2.9066381965218e-24,0,1.5780595538687e-28,1.7002548449793e-26,5.8800241243901e-10,0,0,0.0015410534721765,0.010102765891791,2.6364954552825e-06,0,5.0104609816206e-11,1.2271968803415e-05,0,1.8583716191131e-11,1.2742292029148e-09
0.000755625,985.71338869889,282.11540698703,662.03255732323,0.97741707853608,0.97723458413469,0.99981571212164,783849080.60408,5.9461140635432e-05,0.00022225314877875,0.00010208696858357,1.0700036768197,1.3007238312002e-07,1.3007238312002e-07,2.8409546084415e-07,2.8409546084415e-07,1.3007238312002e-07,0.51331704277843,0.51331704277843,0.51331704277843,0.59979405602936,0.59979405602936,0.59979405602936,2.8409546084415e-07,88.470666893103,3.8283281508324e-14,4.6415872630716e-12,-1.4721801315465,-3.3807038267939,-0.11201377540361,-1.2354340589137e-14,-1.2063947711166,-0.13603565941325,-5.9314860196355e-13,-3.9637770635567,102.79663210809,494.33023969047,494.33023969047,494.33023984449,494.33023984449,494.33023969047,494.84355660317,494.84355660317,494.84355660317,494.93003361642,494.93003361642,494.93003361642,494.33023984449,235.07253737938,0.096839682238515,0.067253536885944,0.072631495009838,805.35557374497,-0.0072020755153088,-0.00029661407243683,8.4538957435772e-06,804.61904421784,1.1309010654068e-05,-0.0084022150171808,0.01174319769354,3.0782786465977e-19,0,0,2.6193168537138e-22,1.1677673243659e-13,3.8359115170673e-25,0,3.9868701295918e-28,2.6711617437501e-24,0,1.4867119040497e-28,1.5805635888402e-26,5.8800241287434e-10,0,0,0.0015410534721765,0.010102765891956,2.6364954552825e-06,0,5.0104609816206e-11,1.2271968803415e-05,0,1.8583716191131e-11,1.2742292029148e-09
0.000760625,984.21925228295,281.71492614687,661.12212337755,0.97741707853608,0.97723458413469,0.99981571212164,787693107.87601,5.9899280917868e-05,0.00022372613623423,0.00010277094390751,1.0704991500127,2.0711171160142e-07,2.0711171160142e-07,4.3379047720928e-07,4.3379047720928e-07,2.0711171160142e-07,0.51313782810278,0.51313782810278,0.51313782810278,0.59919320714536,0.59919320714536,0.59919320714536,4.3379047720928e-07,88.414744729484,3.7713075026603e-14,4.6597590902534e-12,-1.4810778348131,-3.405325373077,-0.11385704102312,-1.2919050726117e-14,-1.2139869503287,-0.13824717830154,-6.1863263548928e-13,-3.9930709872855,102.73231622099,494.67929130285,494.67929130285,494.67929152953,494.67929152953,494.67929130285,495.19242892384,495.19242892384,495.19242892384,495.27848430288,495.27848430288,495.27848430288,494.67929152953,235.22058264859,0.097468669195539,0.067690535047363,0.073093014413147,806.04078485398,-0.007384417690549,-0.00030615059210895,8.5951648466225e-06,805.29353261848,1.1177213496312e-05,-0.0086068306473128,0.011743197693665,2.8947290231106e-19,0,0,2.3722199990788e-22,1.0733176013873e-13,3.5195097751435e-25,0,3.7632816802184e-28,2.4559050556335e-24,0,1.4009089112359e-28,1.4698674682307e-26,5.8800241328372e-10,0,0,0.0015410534721765,0.010102765892108,2.6364954552825e-06,0,5.0104609816206e-11,1.2271968803415e-05,0,1.8583716191131e-11,1.2742292029148e-09
0.000765625,982.71693911716,281.31242539754,660.2067750737,0.97741707853608,0.97723458413469,0.99981571212164,791528932.55637,6.0337613254187e-05,0.00022519915259711,0.00010345460533007,1.0709946723199,3.9073191479627e-07,3.9073191479627e-07,5.3915951024723e-07,5.3915951024723e-07,3.9073191479627e-07,0.51295746624444,0.51295746624444,0.51295746624444,0.59858844283036,0.59858844283036,0.59858844283036,5.3915951024723e-07,88.358694697123,3.7153942702184e-14,4.6791809005557e-12,-1.4900018187241,-3.4300596616861,-0.11572655395222,-1.3504638291452e-14,-1.2216085123596,-0.14048974626703,-6.4505193170415e-13,-4.0225026367556,102.66775494155,495.02551689162,495.02551689162,495.02551704005,495.02551704005,495.02551689162,495.53847396713,495.53847396713,495.53847396713,495.62410494372,495.62410494372,495.62410494372,495.02551704005,235.36812777885,0.098097354931322,0.068127308825603,0.073554292916626,806.7214670189,-0.0075700687956195,-0.0003158333863403,8.7384523350662e-06,805.96343907904,1.1040125145971e-05,-0.0088149401139812,0.01174319769378,2.7227843054238e-19,0,0,2.1494159244425e-22,9.8683132525335e-14,3.2307085970959e-25,0,3.5530737069613e-28,2.259033548159e-24,0,1.3202938223636e-28,1.3674471957909e-26,5.8800241366878e-10,0,0,0.0015410534721765,0.010102765892248,2.6364954552825e-06,0,5.0104609816206e-11,1.2271968803415e-05,0,1.8583716191131e-11,1.2742292029148e-09
0.000770625,981.20644939493,280.90790407324,659.28651168785,0.97741707853608,0.97723458413469,0.99981571212164,795356517.82802,6.0776135306704e-05,0.00022667219786436,0.00010413794975307,1.071490243464,5.1918048705943e-07,5.1918048705943e-07,6.9590590191494e-07,6.9590590191494e-07,5.1918048705943e-07,0.5127759515145,0.5127759515145,0.5127759515145,0.59797975322168,0.59797975322168,0.59797975322168,6.9590590191494e-07,88.302516182105,3.6605617025468e-14,4.6998743856956e-12,-1.4989520466898,-3.4549065606774,-0.11762249479812,-1.41116317307e-14,-1.2292595108966,-0.14276356452174,-6.7243300740394e-13,-4.0520718215882,102.6029485349,495.36893589491,495.36893589491,495.36893607164,495.36893607164,495.36893589491,495.88171132725,495.88171132725,495.88171132725,495.96691512895,495.96691512895,495.96691512895,495.36893607164,235.51517515035,0.098725738982208,0.068563857837831,0.074015330741611,807.39764853321,-0.0077590659521851,-0.00032566114394912,8.8837760701582e-06,806.62879282848,1.089785070112e-05,-0.0090265774304355,0.011743197693886,2.5616686676506e-19,0,0,1.9484190927385e-22,9.0760950758646e-14,2.966968811468e-25,0,3.3553833777219e-28,2.0788879798829e-24,0,1.2445346495075e-28,1.2726444934294e-26,5.8800241403105e-10,0,0,0.0015410534721765,0.010102765892376,2.6364954552825e-06,0,5.0104609816206e-11,1.2271968803415e-05,0,1.8583716191131e-11,1.2742292029148e-09
0.000775625,979.6877841222,280.5013618884,658.36133305432,0.97741707853608,0.97723458413469,0.99981571212164,799175827.90729,6.1214844775318e-05,0.00022814527203304,0.0001048209740234,1.0719858631678,6.1870848635697e-07,6.1870848635697e-07,8.7803295629852e-07,8.7803295629852e-07,6.1870848635697e-07,0.51259327823921,0.51259327823921,0.51259327823921,0.5973671286783,0.5973671286783,0.5973671286783,8.7803295629852e-07,88.246209534496,3.6067837270509e-14,4.7218612600646e-12,-1.5079284815392,-3.4798659690836,-0.11954504112099,-1.4740560976152e-14,-1.2369400018323,-0.14506882984619,-7.0080273826136e-13,-4.0817783416467,102.53789666005,495.70956780123,495.70956780123,495.70956806056,495.70956806056,495.70956780123,496.22216046076,496.22216046076,496.22216046076,496.3069343112,496.3069343112,496.3069343112,495.70956806056,235.6617278844,0.099353820885525,0.069000181701395,0.074476128110043,808.06935743777,-0.0079514464436568,-0.00033563245340612,9.0311914440482e-06,807.28962286458,1.0750500977859e-05,-0.0092417766691949,0.011743197693983,2.4106610093722e-19,0,0,1.7670082827774e-22,8.3501695174301e-14,2.7259968828156e-25,0,3.1694085093895e-28,1.913966839397e-24,0,1.1733222689608e-28,1.1848566113681e-26,5.8800241437197e-10,0,0,0.0015410534721765,0.010102765892494,2.6364954552825e-06,0,5.0104609816206e-11,1.2271968803415e-05,0,1.8583716191131e-11,1.2742292029148e-09
0.000780625,978.16094511994,280.09279893062,657.43123956352,0.97741707853608,0.97723458413469,0.99981571212164,802986828.00258,6.1653739333451e-05,0.0002296183751002,0.00010550367500318,1.0724815311543,8.1595448077881e-07,8.1595448077881e-07,1.0103598857302e-06,1.0103598857302e-06,8.1595448077881e-07,0.5124094407604,0.5124094407604,0.5124094407604,0.59675055978377,0.59675055978377,0.59675055978377,1.0103598857302e-06,88.189774526206,3.5540348996122e-14,4.7451645775946e-12,-1.5169310901594,-3.5049377597266,-0.12149436726415,-1.5391956858704e-14,-1.2446500417825,-0.14740573470098,-7.3018834731862e-13,-4.111621987477,102.47259950922,496.04743206595,496.04743206595,496.04743226035,496.04743226035,496.04743206595,496.55984069075,496.55984069075,496.55984069075,496.64418180977,496.64418180977,496.64418180977,496.04743226035,235.80778864449,0.099981600179583,0.069436280033856,0.07493668524446,808.73662154634,-0.0081472476874356,-0.00034574582876237,9.1807212561621e-06,807.94595797895,1.0598180198924e-05,-0.0094605719281111,0.011743197694072,2.2690908910893e-19,0,0,1.6031974136768e-22,7.6847620697053e-14,2.5057199938365e-25,0,2.9944028762504e-28,1.7629105971674e-24,0,1.1063686971034e-28,1.1035313786343e-26,5.8800241469287e-10,0,0,0.0015410534721765,0.010102765892603,2.6364954552825e-06,0,5.0104609816206e-11,1.2271968803415e-05,0,1.8583716191131e-11,1.2742292029148e-09
0.000785625,976.62593502641,279.68221565378,656.49623215998,0.97741707853608,0.97723458413469,0.99981571212164,806789484.2871,6.2092816672602e-05,0.00023109150706316,0.00010618604952192,1.0729772471459,9.8228772303163e-07,9.8228772303163e-07,1.1240767523117e-06,1.1240767523117e-06,9.8228772303163e-07,0.51222443343594,0.51222443343594,0.51222443343594,0.59613003734882,0.59613003734882,0.59613003734882,1.1240767523117e-06,88.133210652925,3.5022903773668e-14,4.7698087148135e-12,-1.5259598431429,-3.5301217922559,-0.12347064433292,-1.6066350463747e-14,-1.2523896881376,-0.14977446724783,-7.6061738904274e-13,-4.1416025404444,102.40705752462,496.38254775579,496.38254775579,496.38254789758,496.38254789758,496.38254775579,496.89477120693,496.89477120693,496.89477120693,496.97867681085,496.97867681085,496.97867681085,496.38254789758,235.95335986183,0.10060907640363,0.069872152452985,0.07539700236801,809.39946846166,-0.0083465072668769,-0.00035599969715031,9.3323661297041e-06,808.5978267717,1.0440987416619e-05,-0.0096829973648202,0.011743197694154,2.1363347875064e-19,0,0,1.4552097070627e-22,7.0746211717855e-14,2.3042637729556e-25,0,2.829671922453e-28,1.6244876064665e-24,0,1.0434055099681e-28,1.0281627165692e-26,5.88002414995e-10,0,0,0.0015410534721765,0.010102765892703,2.6364954552825e-06,0,5.0104609816206e-11,1.2271968803415e-05,0,1.8583716191131e-11,1.2742292029148e-09
0.000790625,975.08275729937,279.26961287162,655.55631234053,0.97741707853608,0.97723458413469,0.99981571212164,810583763.88262,6.2532074453604e-05,0.00023256466791889,0.0001068680944363,1.0734730108656,1.1138668779225e-06,1.1138668779225e-06,1.2263124994076e-06,1.2263124994076e-06,1.1138668779225e-06,0.51203825064034,0.51203825064034,0.51203825064034,0.59550555241388,0.59550555241388,0.59550555241388,1.2263124994076e-06,88.076518127028,3.4515259377917e-14,4.7958177208505e-12,-1.535014709773,-3.5554179447498,-0.12547403996731,-1.6764272254759e-14,-1.2601589986686,-0.15217521076232,-7.9211772326052e-13,-4.1717197696455,102.34127060996,496.7149339294,496.7149339294,496.71493404185,496.71493404185,496.7149339294,497.22697106617,497.22697106617,497.22697106617,497.31043836795,497.31043836795,497.31043836795,496.71493404185,236.09844390471,0.10123624909795,0.070307798576819,0.075857079704435,810.05792551818,-0.0085492629008462,-0.00036639239435111,9.4861764065184e-06,809.24525759807,1.0279025039152e-05,-0.0099090871742362,0.011743197694229,2.0118126208723e-19,0,0,1.3214547909853e-22,6.5149690102188e-14,2.1199323667399e-25,0,2.674568819004e-28,1.4975814688721e-24,0,9.8418238433006e-29,9.5828656697126e-27,5.8800241527951e-10,0,0,0.0015410534721765,0.010102765892795,2.6364954552825e-06,0,5.0104609816206e-11,1.2271968803415e-05,0,1.8583716191131e-11,1.2742292029148e-09
0.000795625,973.53141621919,278.85499175189,654.61148215318,0.97741707853608,0.97723458413469,0.99981571212164,814369634.815,6.2971510351989e-05,0.00023403785766441,0.00010754980657062,1.0739688220361,1.2293285688131e-06,1.2293285688131e-06,1.3203381345262e-06,1.3203381345262e-06,1.2293285688131e-06,0.51185088676532,0.51185088676532,0.51185088676532,0.59487709625208,0.59487709625208,0.59487709625208,1.3203381345262e-06,88.019696824806,3.4017179410739e-14,4.8232168377435e-12,-1.5440956620942,-3.5808260783085,-0.1275047184378,-1.7486251421169e-14,-1.2679580324053,-0.15460814387771,-8.2471749882268e-13,-4.2019734369283,102.27523883768,497.0446095374,497.0446095374,497.04460962841,497.04460962841,497.0446095374,497.55645919483,497.55645919483,497.55645919483,497.63948540432,497.63948540432,497.63948540432,497.04460962841,236.2430426376,0.10186311780368,0.070743218023551,0.076316917478085,810.71201984842,-0.0087555524545404,-0.0003769222050725,9.6421795904832e-06,809.88827863129,1.0112390947479e-05,-0.01013887558215,0.011743197694298,1.8949845802766e-19,0,0,1.2005084037293e-22,6.0014571665227e-14,1.9511906143549e-25,0,2.5284908760169e-28,1.3811797110309e-24,0,9.2846577128504e-29,8.9347720630337e-27,5.880024155475e-10,0,0,0.0015410534721765,0.01010276589288,2.6364954552825e-06,0,5.0104609816206e-11,1.2271968803415e-05,0,1.8583716191131e-11,1.2742292029148e-09
0.000800625,971.97191689121,278.43835381057,653.66174419572,0.97741707853608,0.97723458413469,0.99981571212164,818147065.99833,6.3411122078003e-05,0.00023551108019143,0.00010823118270447,1.0744646803799,1.3344019852227e-06,1.3344019852227e-06,1.4080359879689e-06,1.4080359879689e-06,1.3344019852227e-06,0.51166233622034,0.51166233622034,0.51166233622034,0.5942446603719,0.5942446603719,0.5942446603719,1.4080359879689e-06,87.962746588628,3.35284332097e-14,4.8520323372879e-12,-1.5532026746077,-3.6063460479171,-0.1295628405654,-1.8232815154929e-14,-1.2757868495008,-0.15707344048703,-8.584451325251e-13,-4.2323632959467,102.20896234262,497.37159338618,497.37159338618,497.37159345982,497.37159345982,497.37159338618,497.883254388,497.883254388,497.883254388,497.96583671215,497.96583671215,497.96583671215,497.37159345982,236.3871578672,0.10248968206279,0.071178410411546,0.076776515913912,811.36177837859,-0.0089654139470653,-0.00038758728139924,9.8004283697558e-06,810.52691785789,9.9411745532673e-06,-0.010372396871299,0.011743197694361,1.7853481788106e-19,0,0,1.0910943863971e-22,5.530126540994e-14,1.7966480794621e-25,0,2.39087624114e-28,1.2743636233174e-24,0,8.7603767213463e-29,8.3334389818339e-27,5.8800241579999e-10,0,0,0.0015410534721765,0.010102765892958,2.6364954552825e-06,0,5.0104609816206e-11,1.2271968803415e-05,0,1.8583716191131e-11,1.2742292029148e-09
0.000805625,970.40426524801,278.01970090643,652.70710161433,0.97741707853608,0.97723458413469,0.99981571212164,821916027.21606,6.3850907260355e-05,0.0002369843327087,0.00010891221969622,1.0749605856195,1.4319015777218e-06,1.4319015777218e-06,1.4906258591089e-06,1.4906258591089e-06,1.4319015777218e-06,0.51147259343311,0.51147259343311,0.51147259343311,0.59360823651978,0.59360823651978,0.59360823651978,1.4906258591089e-06,87.905667304143,3.3048795725205e-14,4.8822913313127e-12,-1.5623357238487,-3.6319777054572,-0.13164856360811,-1.9004487873565e-14,-1.2836455110015,-0.15957126958429,-8.9332928543728e-13,-4.262889091271,102.14244127171,497.69590414893,497.69590414893,497.69590420766,497.69590420766,497.69590414893,498.20737531046,498.20737531046,498.20737531046,498.28951095355,498.28951095355,498.28951095355,497.69590420766,236.53079129324,0.10311594141813,0.071613375359365,0.077235875237475,812.00722781401,-0.0091788866149677,-0.00039838993301659,9.9610545384719e-06,811.16120306328,9.7657230507515e-06,-0.010609685158411,0.01174319769442,1.6824355358665e-19,0,0,9.9206869890838e-23,5.0973711538776e-14,1.6550447413077e-25,0,2.2612008680542e-28,1.1762991389948e-24,0,8.2669451187005e-29,7.7752785370546e-27,5.8800241603792e-10,0,0,0.0015410534721765,0.01010276589303,2.6364954552825e-06,0,5.0104609816206e-11,1.2271968803415e-05,0,1.8583716191131e-11,1.2742292029148e-09
0.000810625,968.82846805165,277.59903523579,651.74755810239,0.97741707853608,0.97723458413469,0.99981571212164,825676489.09965,6.4290863535696e-05,0.00023845761412691,0.00010959291437687,1.0754565374773,1.5234979404761e-06,1.5234979404761e-06,1.5689591513353e-06,1.5689591513353e-06,1.5234979404761e-06,0.51128165285021,0.51128165285021,0.51128165285021,0.5929678166827,0.5929678166827,0.5929678166827,1.5689591513353e-06,87.848458879418,3.2578047358946e-14,4.9140217580623e-12,-1.5714947872669,-3.6577208961663,-0.133762041014,-1.9801790302916e-14,-1.2915340778233,-0.16210179497423,-9.2939883474299e-13,-4.2935505558953,102.07567579689,498.01756036854,498.01756036854,498.017560414,498.017560414,498.01756036854,498.52884049789,498.52884049789,498.52884049789,498.61052666173,498.61052666173,498.61052666173,498.017560414,236.67394446952,0.1037418954135,0.07204811248583,0.077694995674932,812.64839463573,-0.0093960066385983,-0.00040932012639112,1.0123882544151e-05,811.79116183105,9.5856289205183e-06,-0.010850775151849,0.011743197694473,1.5858108642193e-19,0,0,9.0240522523901e-23,4.6999054467069e-14,1.525238164265e-25,0,2.1389757299179e-28,1.086228642345e-24,0,7.8024610157784e-29,7.2569946870112e-27,5.8800241626219e-10,0,0,0.0015410534721765,0.010102765893097,2.6364954552825e-06,0,5.0104609816206e-11,1.2271968803415e-05,0,1.8583716191131e-11,1.2742292029148e-09
0.000815625,967.24453289695,277.17635932799,650.78311790006,0.97741707853608,0.97723458413469,0.99981571212164,829428423.08621,6.4730988585434e-05,0.00023993092444136,0.00011027326353135,1.0759525356758,1.6102930828565e-06,1.6102930828565e-06,1.6436613638939e-06,1.6436613638939e-06,1.6102930828565e-06,0.51108950893773,0.51108950893773,0.51108950893773,0.59232339309118,0.59232339309118,0.59232339309118,1.6436613638939e-06,87.791121216827,3.2115973816044e-14,4.9472523959006e-12,-1.5806798443789,-3.6835754612307,-0.13590342250363,-2.0625238758498e-14,-1.2994526118331,-0.16466517533356,-9.6668285068839e-13,-4.3243474142119,102.00866608091,498.33658045926,498.33658045926,498.33658049263,498.33658049263,498.33658045926,498.84766835791,498.84766835791,498.84766835791,498.92890224206,498.92890224206,498.92890224206,498.33658049263,236.8166184759,0.10436754359351,0.072482621409954,0.078153877453046,813.28530510576,-0.0096168134790301,-0.00042037964808038,1.0289058538334e-05,812.41682154447,9.4012055442317e-06,-0.011095701062946,0.011743197694523,1.4950681575765e-19,0,0,8.2118315840139e-23,4.3347347190098e-14,1.4061919920877e-25,0,2.0237442685698e-28,1.0034636097075e-24,0,7.3651468704855e-29,6.7755581625421e-27,5.8800241647362e-10,0,0,0.0015410534721765,0.010102765893158,2.6364954552825e-06,0,5.0104609816206e-11,1.2271968803415e-05,0,1.8583716191131e-11,1.2742292029148e-09
0.000820625,965.65246821337,276.75167604058,649.81378579306,0.97741707853608,0.97723458413469,0.99981571212164,833171801.40921,6.5171280088128e-05,0.00024140426364731,0.00011095326392131,1.0764485799373,1.6930650217228e-06,1.6930650217228e-06,1.7152096876416e-06,1.7152096876416e-06,1.6930650217228e-06,0.51089615618191,0.51089615618191,0.51089615618191,0.59167495822176,0.59167495822176,0.59167495822176,1.7152096876416e-06,87.733654230749,3.1662365993116e-14,4.9820128759852e-12,-1.5898908759662,-3.7095412359609,-0.13807285386114,-2.1475344227282e-14,-1.3074011750822,-0.16726156396612,-1.0052105668706e-12,-4.3552793802041,101.9414123036,498.65298270752,498.65298270752,498.65298272966,498.65298272966,498.65298270752,499.16387717064,499.16387717064,499.16387717064,499.24465597267,499.24465597267,499.24465597267,498.65298272966,236.95881443125,0.10499288550364,0.072916901750993,0.07861252079918,813.91798526891,-0.0098413456918176,-0.00043156632554095,1.045662823966e-05,813.03820939051,9.2125368390586e-06,-0.011344497298322,0.011743197694568,1.4098290458734e-19,0,0,7.4757578538012e-23,3.9991283992286e-14,1.2969656162924e-25,0,1.9150800406801e-28,9.2737799041845e-25,0,6.9533406890322e-29,6.3281836330957e-27,5.88002416673e-10,0,0,0.0015410534721765,0.010102765893215,2.6364954552825e-06,0,5.0104609816206e-11,1.2271968803415e-05,0,1.8583716191131e-11,1.2742292029148e-09
0.000825625,964.05228326773,276.32498855505,648.83956711215,0.97741707853608,0.97723458413469,0.99981571212164,836906597.07025,6.5611735668427e-05,0.00024287763174004,0.00011163291237726,1.0769446699841,1.77238983448e-06,1.77238983448e-06,1.7839789068866e-06,1.7839789068866e-06,1.77238983448e-06,0.51070158908976,0.51070158908976,0.51070158908976,0.59102250479976,0.59102250479976,0.59102250479976,1.7839789068866e-06,87.676057836132,3.1217019854813e-14,5.0183336938716e-12,-1.5991278646196,-3.7356180510147,-0.14027047693911,-2.2352611573973e-14,-1.315379830285,-0.16989110878875,-1.0450113538881e-12,-4.3863461588288,101.87391464709,498.96678527294,498.96678527294,498.96678528453,498.96678528453,498.96678527294,499.47748508964,499.47748508964,499.47748508964,499.55780600535,499.55780600535,499.55780600535,498.96678528453,237.10053319762,0.10561792069023,0.073350953128414,0.079070925941302,814.54646095525,-0.010069643090648,-0.00044288543519079,1.0626532022195e-05,813.65535236088,9.0203985222327e-06,-0.011597197841598,0.01174319769461,1.3297408177357e-19,0,0,6.8084050930862e-23,3.6905958593382e-14,1.1967048994552e-25,0,1.8125845573156e-28,8.5740225331341e-25,0,6.5654879347652e-29,5.9123089517872e-27,5.8800241686105e-10,0,0,0.0015410534721765,0.010102765893267,2.6364954552825e-06,0,5.0104609816206e-11,1.2271968803415e-05,0,1.8583716191131e-11,1.2742292029148e-09
0.000830625,962.44398816627,275.89630037258,647.86046773226,0.97741707853608,0.97723458413469,0.99981571212164,840632783.82638,6.6052353014968e-05,0.00024435102871468,0.00011231220562837,1.0774408055386,1.848709466188e-06,1.848709466188e-06,1.8502702836127e-06,1.8502702836127e-06,1.848709466188e-06,0.51050580218973,0.51050580218973,0.51050580218973,0.59036602580185,0.59036602580185,0.59036602580185,1.8502702836127e-06,87.618331974752,3.0779736310719e-14,5.0562462162082e-12,-1.6083907929165,-3.7618057287096,-0.14249642924712,-2.3257538432728e-14,-1.3233886391902,-0.17255395185144,-1.0861146797994e-12,-4.4175474419424,101.80617333072,499.27800618914,499.27800618914,499.2780061907,499.2780061907,499.27800618914,499.78851014262,499.78851014262,499.78851014262,499.86837036623,499.86837036623,499.86837036623,499.2780061907,237.24177561928,0.10624264870053,0.073784775162009,0.079529093107974,815.17075777782,-0.010301742324665,-0.00045432013417251,1.0799003465075e-05,814.26827725241,8.8234457378408e-06,-0.011853838074294,0.011743197694649,1.2544745844021e-19,0,0,6.2030996905595e-23,3.4068645297677e-14,1.1046338353194e-25,0,1.715885283556e-28,7.9301802539698e-25,0,6.2001340191978e-29,5.5255762352044e-27,5.8800241703846e-10,0,0,0.0015410534721765,0.010102765893315,2.6364954552825e-06,0,5.0104609816206e-11,1.2271968803415e-05,0,1.8583716191131e-11,1.2742292029148e-09
0.000835625,960.82759385833,275.46561531071,646.87649407285,0.97741707853608,0.97723458413469,0.99981571212164,844350336.13496,6.6493129755077e-05,0.00024582445456635,0.00011299114047831,1.0779369863229,1.9223724251226e-06,1.9223724251226e-06,1.9143306263839e-06,1.9143306263839e-06,1.9223724251226e-06,0.51030879003256,0.51030879003256,0.51030879003256,0.58970551445918,0.58970551445918,0.58970551445918,1.9143306263839e-06,87.560476571989,3.0350321069932e-14,5.0957826886536e-12,-1.6176796457581,-3.788104087897,-0.14475084426909,-2.4190614598307e-14,-1.3314276646391,-0.17525022967777,-1.1285500899222e-12,-4.4488829136965,101.73818855471,499.58666336485,499.58666336485,499.58666335681,499.58666335681,499.58666336485,500.09697023251,500.09697023251,500.09697023251,500.17636695694,500.17636695694,500.17636695694,499.58666335681,237.38254186884,0.10686706908262,0.074218367471767,0.079987022528364,815.79090113768,-0.010537683405512,-0.00046587499811335,1.0974011139973e-05,814.87701066795,8.6224422952698e-06,-0.012114452055276,0.011743197694684,1.1837235939895e-19,0,0,5.65384129247e-23,3.1458600777821e-14,1.0200470561495e-25,0,1.6246338133021e-28,7.3375326690686e-25,0,5.8559174397342e-29,5.1658146784391e-27,5.8800241720587e-10,0,0,0.0015410534721765,0.01010276589336,2.6364954552825e-06,0,5.0104609816206e-11,1.2271968803415e-05,0,1.8583716191131e-11,1.2742292029148e-09
0.000840625,959.20311213775,275.03293749917,645.88765309679,0.97741707853608,0.97723458413469,0.99981571212164,848059229.1643,6.6934063540203e-05,0.00024729790929009,0.00011366971368994,1.0784332120593,1.9936596755116e-06,1.9936596755116e-06,1.9763653733022e-06,1.9763653733022e-06,1.9936596755116e-06,0.51011054719183,0.51011054719183,0.51011054719183,0.58904096425975,0.58904096425975,0.58904096425975,1.9763653733022e-06,87.502491570827,2.9928584592308e-14,5.1369762493393e-12,-1.6269944088983,-3.814512941003,-0.14703385111393,-2.5152320977133e-14,-1.339496969249,-0.17798007285718,-1.1723471677293e-12,-4.4803522473375,101.66996054386,499.89277458437,499.89277458437,499.89277456707,499.89277456707,499.89277458437,500.4028831379,500.4028831379,500.4028831379,500.48181355497,500.48181355497,500.48181355497,499.89277456707,237.52283245599,0.10749118138543,0.074651729677963,0.080444714432236,816.40691622647,-0.010777505409219,-0.00047754753102107,1.1151602090978e-05,815.48157902102,8.4174450121466e-06,-0.012379074309411,0.011743197694717,1.1172016600401e-19,0,0,5.1552323344152e-23,2.9056884606966e-14,9.4230308666199e-26,0,1.5385041694023e-28,6.7917791985589e-25,0,5.531563372725e-29,4.8310248536075e-27,5.8800241736386e-10,0,0,0.0015410534721765,0.010102765893401,2.6364954552825e-06,0,5.0104609816206e-11,1.2271968803415e-05,0,1.8583716191131e-11,1.2742292029148e-09
0.000845625,957.57055564551,274.59827137655,644.89395231019,0.97741707853608,0.97723458413469,0.99981571212164,851759438.76164,6.737515201393e-05,0.00024877139288085,0.00011434792202949,1.0789294824699,2.0628018821486e-06,2.0628018821486e-06,2.0365478551364e-06,2.0365478551364e-06,2.0628018821486e-06,0.50991106826479,0.50991106826479,0.50991106826479,0.58837236895113,0.58837236895113,0.58837236895113,2.0365478551364e-06,87.444376921734,2.9514341960316e-14,5.1798609348742e-12,-1.6363350691451,-3.8410320944998,-0.1493455744609,-2.6143128700449e-14,-1.3475966155797,-0.18074360596807,-1.2175355016977e-12,-4.5119551057159,101.60148953479,500.19635750853,500.19635750853,500.19635748228,500.19635748228,500.19635750853,500.70626651399,500.70626651399,500.70626651399,500.78472781468,500.78472781468,500.78472781468,500.19635748228,237.66264757109,0.10811498515874,0.075084861401154,0.080902169049954,817.01882802635,-0.011021247544198,-0.00048933514692945,1.133184526819e-05,816.08200853502,8.2085072219522e-06,-0.012647739399723,0.011743197694747,1.0546417120656e-19,0,0,4.7024152107007e-23,2.6846196603838e-14,8.7081827415693e-26,0,1.4571912417601e-28,6.2889998608993e-25,0,5.2258777751785e-29,4.5193644150039e-27,5.8800241751301e-10,0,0,0.0015410534721765,0.010102765893439,2.6364954552825e-06,0,5.0104609816206e-11,1.2271968803415e-05,0,1.8583716191131e-11,1.2742292029148e-09
0.000850625,955.92993787209,274.16162168695,643.89539976216,0.97741707853608,0.97723458413469,0.99981571212164,855450941.43063,6.7816392812561e-05,0.00025024490533349,0.00011502576225896,1.0794257972767,2.129991326213e-06,2.129991326213e-06,2.0950260292013e-06,2.0950260292013e-06,2.129991326213e-06,0.50971034787306,0.50971034787306,0.50971034787306,0.58769972254324,0.58769972254324,0.58769972254324,2.0950260292013e-06,87.386132582738,2.9107412779531e-14,5.2244716885373e-12,-1.6457016143022,-3.8676613488309,-0.15168613445511,-2.7163498214785e-14,-1.3557266660625,-0.18354094744735,-1.2641446501e-12,-4.543691141238,101.5327757762,500.49742967552,500.49742967552,500.49742964055,500.49742964055,500.49742967552,501.0071378934,501.0071378934,501.0071378934,501.08512726807,501.08512726807,501.08512726807,500.49742964055,237.80198723016,0.10873847995323,0.075517762262192,0.081359386612478,817.62666131196,-0.011268949129242,-0.00050123518640961,1.1514771878988e-05,816.67832524487,7.9956730811195e-06,-0.012920481892523,0.011743197694775,9.957944526205e-20,0,0,4.291016232115e-23,2.4810729400352e-14,8.0506132159384e-26,0,1.380409343601e-28,5.8256198896383e-25,0,4.9377419212932e-29,4.2291350579444e-27,5.8800241765384e-10,0,0,0.0015410534721765,0.010102765893474,2.6364954552825e-06,0,5.0104609816206e-11,1.2271968803415e-05,0,1.8583716191131e-11,1.2742292029148e-09
0.000855625,954.28127315976,273.72299347688,642.89200404458,0.97741707853608,0.97723458413469,0.99981571212164,859133714.31001,6.825778361214e-05,0.00025171844664273,0.00011570323109243,1.0799221562018,2.1953903925051e-06,2.1953903925051e-06,2.1519274855127e-06,2.1519274855127e-06,2.1953903925051e-06,0.50950838066342,0.50950838066342,0.50950838066342,0.58702301931098,0.58702301931098,0.58702301931098,2.1519274855127e-06,87.327758519989,2.870762108333e-14,5.2708443684267e-12,-1.6550940331014,-3.8944004983541,-0.15405564660409,-2.8213878370694e-14,-1.3638871829344,-0.18637220945957,-1.3122041048292e-12,-4.5755599958026,101.46381952926,500.79600850162,500.79600850162,500.79600845815,500.79600845815,500.79600850162,501.30551468689,501.30551468689,501.30551468689,501.38302932554,501.38302932554,501.38302932554,500.79600845815,237.940851291,0.10936166532044,0.075950431882235,0.081816367351363,818.23044065218,-0.011520649605974,-0.00051324489893474,1.1700459215069e-05,817.27055499848,7.7789885226203e-06,-0.013197336393602,0.0117431976948,9.404271134329e-20,0,0,3.9170956114982e-23,2.2936034748702e-14,7.4454836143495e-26,0,1.3078908770635e-28,5.3983777964338e-25,0,4.6661073420203e-29,3.9587706186747e-27,5.8800241778684e-10,0,0,0.0015410534721765,0.010102765893506,2.6364954552825e-06,0,5.0104609816206e-11,1.2271968803415e-05,0,1.8583716191131e-11,1.2742292029148e-09
0.000860625,952.62457670478,273.28239209224,641.88377429193,0.97741707853608,0.97723458413469,0.99981571212164,862807735.15245,6.8699322041351e-05,0.00025319201680321,0.00011638032528606,1.0804185589672,2.2591377703955e-06,2.2591377703955e-06,2.2073632410115e-06,2.2073632410115e-06,2.2591377703955e-06,0.50930516130863,0.50930516130863,0.50930516130863,0.58634225379695,0.58634225379695,0.58634225379695,2.2073632410115e-06,87.269254707925,2.831479524067e-14,5.3190157553664e-12,-1.6645123151437,-3.9212493312591,-0.15645422167347,-2.9294705515255e-14,-1.3720782281658,-0.18923749776839,-1.3617432541928e-12,-4.6075613007542,101.39462106807,501.09211128203,501.09211128203,501.09211123025,501.09211123025,501.09211128203,501.6014141842,501.6014141842,501.6014141842,501.67845127669,501.67845127669,501.67845127669,501.09211123025,238.07923945503,0.10998454081278,0.076382869882763,0.08227311149876,818.83019041188,-0.011776388532177,-0.00052536145947698,1.1888957380047e-05,817.85872345816,7.5584835536874e-06,-0.013478337517767,0.011743197694824,8.8832230296378e-20,0,0,3.5771028059624e-23,2.1208902241764e-14,6.8883851442133e-26,0,1.2393850989667e-28,5.0042965294481e-25,0,4.4099911348364e-29,3.7068262102835e-27,5.8800241791246e-10,0,0,0.0015410534721765,0.010102765893536,2.6364954552825e-06,0,5.0104609816206e-11,1.2271968803415e-05,0,1.8583716191131e-11,1.2742292029148e-09
0.000865625,950.95986455957,272.83982317546,640.87072018113,0.97741707853608,0.97723458413469,0.99981571212164,866472982.30379,6.9141005735601e-05,0.00025466561580939,0.00011705704158364,1.0809150052949,2.32135308361e-06,2.32135308361e-06,2.2614306639927e-06,2.2614306639927e-06,2.32135308361e-06,0.50910068450819,0.50910068450819,0.50910068450819,0.58565742081409,0.58565742081409,0.58565742081409,2.2614306639927e-06,87.210621129579,2.7928767867073e-14,5.3690235607475e-12,-1.6739564508342,-3.9482076294961,-0.15888196558396,-3.0406402592571e-14,-1.380299863392,-0.19213691160885,-1.4127913449821e-12,-4.6396946768163,101.3251806799,501.38575519161,501.38575519161,501.38575513169,501.38575513169,501.38575519161,501.89485355477,501.89485355477,501.89485355477,501.97141029107,501.97141029107,501.97141029107,501.38575513169,238.21715127054,0.11060710598357,0.076815075885592,0.082729619287413,819.42593475368,-0.012036205580657,-0.00053758195477222,1.2080321999492e-05,818.44285610199,7.3341892478813e-06,-0.013763519910179,0.011743197694846,8.3927693832151e-20,0,0,3.267836621931e-23,1.961724925318e-14,6.3752988346146e-26,0,1.1746569784942e-28,4.6406574136997e-25,0,4.1684716136567e-29,3.4719682999231e-27,5.8800241803115e-10,0,0,0.0015410534721765,0.010102765893564,2.6364954552825e-06,0,5.0104609816206e-11,1.2271968803415e-05,0,1.8583716191131e-11,1.2742292029148e-09
0.000870625,949.28715363473,272.39529266278,639.8528519314,0.97741707853608,0.97723458413469,0.99981571212164,870129434.68234,6.9582832331413e-05,0.00025613924365564,0.00011773337672345,1.0814114949066,2.3821404122025e-06,2.3821404122025e-06,2.3142157617512e-06,2.3142157617512e-06,2.3821404122025e-06,0.50889494498921,0.50889494498921,0.50889494498921,0.58496851544836,0.58496851544836,0.58496851544836,2.3142157617512e-06,87.15185777683,2.7549375737776e-14,5.420906434113e-12,-1.6834264313178,-3.9752751687066,-0.16133897930922,-3.1549378253081e-14,-1.3885521498464,-0.19507054356152,-1.4653774437908e-12,-4.6719597340362,101.25549866536,501.67695728568,501.67695728568,501.67695721775,501.67695721775,501.67695728568,502.18584984853,502.18584984853,502.18584984853,502.26192341899,502.26192341899,502.26192341899,501.67695721775,238.35458613426,0.111229360387,0.077247049512888,0.083185890950656,820.01769763965,-0.012300140529235,-0.00054990340185452,1.2274644498122e-05,819.0229782252,7.1061322823896e-06,-0.014052918219261,0.011743197694866,7.9310125506151e-20,0,0,2.9864095572008e-23,1.8150021022112e-14,5.9025593812581e-26,0,1.1134861392298e-28,4.3049765928471e-25,0,3.9406842716046e-29,3.2529656415518e-27,5.8800241814332e-10,0,0,0.0015410534721765,0.010102765893589,2.6364954552825e-06,0,5.0104609816206e-11,1.2271968803415e-05,0,1.8583716191131e-11,1.2742292029148e-09
0.000875625,947.60646170108,271.94880678161,638.83018030418,0.97741707853608,0.97723458413469,0.99981571212164,873777071.75869,7.0024799481055e-05,0.00025761290033612,0.00011840932741731,1.0819080275244,2.441591015856e-06,2.441591015856e-06,2.3657949937307e-06,2.3657949937307e-06,2.441591015856e-06,0.5086879375072,0.5086879375072,0.5086879375072,0.58427553306137,0.58427553306137,0.58427553306137,2.3657949937307e-06,87.092964650511,2.7176459704261e-14,5.4747039706296e-12,-1.6929222484232,-4.0024517181362,-0.16382535877388,-3.2724025980831e-14,-1.3968351482878,-0.19803847942964,-1.5195303977491e-12,-4.7043560717369,101.18557533883,501.96573450074,501.96573450074,501.96573442494,501.96573442494,501.96573450074,502.47441999666,502.47441999666,502.47441999666,502.55000759221,502.55000759221,502.55000759221,501.96573442494,238.49154329491,0.11185130357819,0.077678790387184,0.083641926722416,820.60550283318,-0.012568233268295,-0.0005623227285093,1.2471962617493e-05,819.59911494149,6.8743252201249e-06,-0.014346567119901,0.011743197694884,7.4961788892882e-20,0,0,2.7302159142593e-23,1.6797099914354e-14,5.466822500039e-26,0,1.0556658786913e-28,3.9949837215049e-25,0,3.7258180317603e-29,3.0486809866587e-27,5.8800241824933e-10,0,0,0.0015410534721765,0.010102765893613,2.6364954552825e-06,0,5.0104609816206e-11,1.2271968803415e-05,0,1.8583716191131e-11,1.2742292029148e-09
0.000880625,945.91780739148,271.50037204805,637.80271660299,0.97741707853608,0.97723458413469,0.99981571212164,877415873.53551,7.0466904826534e-05,0.00025908658584489,0.00011908489038292,1.08240460287,2.4997854701013e-06,2.4997854701013e-06,2.4162367255841e-06,2.4162367255841e-06,2.4997854701013e-06,0.50847965684698,0.50847965684698,0.50847965684698,0.58357846929302,0.58357846929302,0.58357846929302,2.4162367255841e-06,87.033941760757,2.6809864612472e-14,5.5304567183327e-12,-1.7024438945962,-4.0297370405777,-0.16634119475471,-3.3930723236709e-14,-1.4051489189397,-0.20104079811758,-1.5752787948825e-12,-4.7368832784554,101.11541102854,502.25210365528,502.25210365528,502.25210357173,502.25210357173,502.25210365528,502.76058081234,502.76058081234,502.76058081234,502.83567962478,502.83567962478,502.83567962478,502.25210357173,238.62802185358,0.11247293511317,0.078110298131397,0.084097726837203,821.18937390065,-0.012840523791331,-0.00057483678874331,1.2672363838449e-05,820.17129118445,6.6387844621795e-06,-0.014644501296034,0.011743197694902,7.0866102403668e-20,0,0,2.4969032720326e-23,1.5549222986934e-14,5.0650354337151e-26,0,1.0010022591231e-28,3.708602683382e-25,0,3.5231117631371e-29,2.8580635028744e-27,5.8800241834955e-10,0,0,0.0015410534721765,0.010102765893635,2.6364954552825e-06,0,5.0104609816206e-11,1.2271968803415e-05,0,1.8583716191131e-11,1.2742292029148e-09
0.000885625,944.22121020262,271.04999526447,636.77047267336,0.97741707853608,0.97723458413469,0.99981571212164,881045820.52777,7.0909146000123e-05,0.00026056030017578,0.00011976006234321,1.0829012206652,2.5567953635435e-06,2.5567953635435e-06,2.4656024076531e-06,2.4656024076531e-06,2.5567953635435e-06,0.50827009782351,0.50827009782351,0.50827009782351,0.58287732006411,0.58287732006411,0.58287732006411,2.4656024076531e-06,86.974789127136,2.6449439223511e-14,5.5882061851676e-12,-1.7119913628446,-4.0571308922908,-0.168886572782,-3.5169830627474e-14,-1.4134935214204,-0.20407757151346,-1.6326509241417e-12,-4.7695409319021,101.04500607688,502.53608145048,502.53608145048,502.53608135929,502.53608135929,502.53608145048,503.04434899151,503.04434899151,503.04434899151,503.11895621375,503.11895621375,503.11895621375,502.53608135929,238.76402076781,0.11309425454892,0.078541572368844,0.084553291530119,821.76933421335,-0.01311705219978,-0.00058744235366525,1.2875916876171e-05,820.73953170882,6.3995139349651e-06,-0.014946755453431,0.011743197694917,6.7007560246908e-20,0,0,2.2843469499513e-23,1.4397907069451e-14,4.6944102938491e-26,0,9.4931326382674e-29,3.4439341339336e-25,0,3.3318510412544e-29,2.6801418368484e-27,5.8800241844431e-10,0,0,0.0015410534721765,0.010102765893656,2.6364954552825e-06,0,5.0104609816206e-11,1.2271968803415e-05,0,1.8583716191131e-11,1.2742292029148e-09
0.000890625,942.51669049674,270.5976835172,635.73346090269,0.97741707853608,0.97723458413469,0.99981571212164,884666893.74314,7.1351520647613e-05,0.00026203404332248,0.00012043484000348,1.0833978806318,2.6126846618087e-06,2.6126846618087e-06,2.5409058576897e-06,2.5409058576897e-06,2.6126846618087e-06,0.5080592552828,0.5080592552828,0.5080592552828,0.58217208157893,0.58217208157893,0.58217208157893,2.5409058576897e-06,86.915506778847,2.6095036135992e-14,5.6479948457779e-12,-1.7215646466789,-4.084633022933,-0.17146157304377,-3.6441691100234e-14,-1.4218690146804,-0.20714886437446,-1.6916747353002e-12,-4.8023285989123,100.97436084065,502.817684471,502.817684471,502.81768439922,502.81768439922,502.817684471,503.3257411136,503.3257411136,503.3257411136,503.3998539399,503.3998539399,503.3998539399,502.81768439922,238.89953885228,0.11371526144335,0.078972612723261,0.085008621036846,822.34540694925,-0.01339785868455,-0.00060013612659005,1.308269181277e-05,821.30386109191,6.1565116794731e-06,-0.01525336429108,0.011743197694932,6.3371659064577e-20,0,0,2.0906271394979e-23,1.3335380652314e-14,4.3523999534332e-26,0,9.0042801385943e-29,3.1992396870664e-25,0,3.1513651343264e-29,2.5140177638885e-27,5.8800241853393e-10,0,0,0.0015410534721765,0.010102765893674,2.6364954552825e-06,0,5.0104609816206e-11,1.2271968803415e-05,0,1.8583716191131e-11,1.2742292029148e-09
0.000895625,940.80426950314,270.14344417428,634.69169422013,0.97741707853608,0.97723458413469,0.99981571212164,888279074.66272,7.1794026399653e-05,0.00026350781527865,0.00012110922007966,1.0838945824912,2.6675108149874e-06,2.6675108149874e-06,2.7339561938489e-06,2.7339561938489e-06,2.6675108149874e-06,0.5078471241028,0.5078471241028,0.5078471241028,0.58146275032786,0.58146275032786,0.58146275032786,2.7339561938489e-06,86.856094783164,2.5746511764872e-14,5.7098661423364e-12,-1.731163740175,-4.1122431767628,-0.17406627038389,-3.7746629238221e-14,-1.4302754575102,-0.21025473430996,-1.7523778015213e-12,-4.8352458375137,100.90347561639,503.09692918571,503.09692918571,503.09692925216,503.09692925216,503.09692918571,503.6047736423,503.6047736423,503.6047736423,503.67838926853,503.67838926853,503.67838926853,503.09692925216,239.03457478281,0.1143359553553,0.079403418818775,0.085463715593653,822.91761510941,-0.013682983547994,-0.00061291472037191,1.3292766854435e-05,821.86430374878,5.9097645190226e-06,-0.015564362538359,0.011743197694945,5.9944829871954e-20,0,0,1.9140084154186e-23,1.2354521952936e-14,4.0366762380246e-26,0,8.5418604119578e-29,2.9729275862004e-25,0,2.9810242010677e-29,2.3588603732443e-27,5.8800241861871e-10,0,0,0.0015410534721765,0.010102765893692,2.6364954552825e-06,0,5.0104609816206e-11,1.2271968803415e-05,0,1.8583716191131e-11,1.2742292029148e-09
0.000900625,939.08396931941,269.68728488323,633.64518609627,0.97741707853608,0.97723458413469,0.99981571212164,891882345.22559,7.2236660899325e-05,0.00026498161603819,0.00012178319927166,1.0843913259648,2.7213256363819e-06,2.7213256363819e-06,2.9717321275207e-06,2.9717321275207e-06,2.7213256363819e-06,0.50763369919424,0.50763369919424,0.50763369919424,0.5807493230898,0.5807493230898,0.5807493230898,2.9717321275207e-06,86.796553293474,2.5403726387902e-14,5.7738645376636e-12,-1.7407886384124,-4.1399610951723,-0.17670073444928,-3.90849507113e-14,-1.4387129097872,-0.21339523184751,-1.8147872856853e-12,-4.8682922010921,100.83235055069,503.37383194805,503.37383194805,503.37383219845,503.37383219845,503.37383194805,503.88146292591,503.88146292591,503.88146292591,503.95457854981,503.95457854981,503.95457854981,503.37383219845,239.16912715174,0.11495633584441,0.079833990279827,0.085918575437396,823.48598154589,-0.013972467191431,-0.00062577468640424,1.3506260658694e-05,822.42088395751,5.6592658407642e-06,-0.015879784934885,0.011743197694958,5.6714374912992e-20,0,0,1.7529213699176e-23,1.1448802572232e-14,3.7451101865801e-26,0,8.1043661401983e-29,2.7635397139268e-25,0,2.8202366844091e-29,2.2139007422943e-27,5.8800241869891e-10,0,0,0.0015410534721765,0.010102765893708,2.6364954552825e-06,0,5.0104609816206e-11,1.2271968803415e-05,0,1.8583716191131e-11,1.2742292029148e-09
0.000905625,937.3558129118,269.22921356858,632.59395054235,0.97741707853608,0.97723458413469,0.99981571212164,895476687.82058,7.2679421795625e-05,0.00026645544559383,0.00012245677426241,1.0848881107744,2.7741760385264e-06,2.7741760385264e-06,3.1276459959969e-06,3.1276459959969e-06,2.7741760385264e-06,0.50741897550139,0.50741897550139,0.50741897550139,0.58003179693441,0.58003179693441,0.58003179693441,3.1276459959969e-06,86.736882327606,2.5066543732215e-14,5.8400356255175e-12,-1.7504393368946,-4.1677865069436,-0.17936502896339,-4.0456941177407e-14,-1.4471814282277,-0.21657039961569,-1.8789298844051e-12,-4.9014672222624,100.76098630188,503.64840899613,503.64840899613,503.6484093496,503.6484093496,503.64840899613,504.15582519746,504.15582519746,504.15582519746,504.22843801889,504.22843801889,504.22843801889,503.6484093496,239.30319457254,0.11557640247153,0.080264326731515,0.086373200805499,824.0505288496,-0.014266350092778,-0.00063871249193871,1.3723215881658e-05,822.9736257504,5.404991949711e-06,-0.016199666212482,0.011743197694969,5.3668408521645e-20,0,0,1.6059461372301e-23,1.0612236116238e-14,3.4757541526029e-26,0,7.6903810169569e-29,2.5697397894156e-25,0,2.6684468537735e-29,2.0784270455336e-27,5.8800241877481e-10,0,0,0.0015410534721765,0.010102765893723,2.6364954552825e-06,0,5.0104609816206e-11,1.2271968803415e-05,0,1.8583716191131e-11,1.2742292029148e-09
0.000910625,935.61982411738,268.76923843022,631.53800211067,0.97741707853608,0.97723458413469,0.99981571212164,899062085.24498,7.312230670919e-05,0.00026792930393797,0.00012312994177947,1.085384936642,2.826104894249e-06,2.826104894249e-06,3.2606272838874e-06,3.2606272838874e-06,2.826104894249e-06,0.50720294800328,0.50720294800328,0.50720294800328,0.57931016922492,0.57931016922492,0.57931016922492,3.2606272838874e-06,86.677081819725,2.4734830828501e-14,5.9084256274149e-12,-1.7601158295079,-4.1957191270852,-0.18205921119927,-4.1862865309587e-14,-1.4556810647268,-0.21978027241437,-1.9448317847555e-12,-4.9347704121157,100.68938361312,503.92067645632,503.92067645632,503.92067689084,503.92067689084,503.92067645632,504.42787657822,504.42787657822,504.42787657822,504.49998379944,504.49998379944,504.49998379944,503.92067689084,239.43677518796,0.11619615479885,0.080694427799655,0.086827591935947,824.61127936796,-0.01456467282992,-0.00065172451554809,1.3943723216388e-05,823.52255293864,5.1469094120803e-06,-0.016524041132204,0.01174319769498,5.0795802351368e-20,0,0,1.4717976176532e-23,9.839331541961e-15,3.2268255997784e-26,0,7.2985738775231e-29,2.3903026685808e-25,0,2.525132527966e-29,1.9517800689559e-27,5.8800241884665e-10,0,0,0.0015410534721765,0.010102765893737,2.6364954552825e-06,0,5.0104609816206e-11,1.2271968803415e-05,0,1.8583716191131e-11,1.2742292029148e-09
0.000915625,933.87602764711,268.30736794214,630.47735589577,0.97741707853608,0.97723458413469,0.99981571212164,902638520.66144,7.3565313286128e-05,0.00026940319106309,0.00012380269850546,1.0858818032894,3.0075031626763e-06,3.0075031626763e-06,3.3803986601977e-06,3.3803986601977e-06,3.0075031626763e-06,0.50698561171501,0.50698561171501,0.50698561171501,0.57858443762136,0.57858443762136,0.57858443762136,3.3803986601977e-06,86.617151855129,2.4408458247287e-14,5.9790818411886e-12,-1.7698181104025,-4.2237586710555,-0.1847833331737,-4.3302966824087e-14,-1.4642118736024,-0.22302487768727,-2.0125186448145e-12,-4.9682012824227,100.61754268834,504.19065047384,504.19065047384,504.19065084673,504.19065084673,504.19065047384,504.69763307805,504.69763307805,504.69763307805,504.76923190396,504.76923190396,504.76923190396,504.19065084673,239.56986664288,0.1168155923893,0.081124293110381,0.08728174906731,825.1682553429,-0.014867476048445,-0.0006648070789124,1.4167836991496e-05,824.06768923539,4.8849828469066e-06,-0.016852944428005,0.01174319769499,4.8086135310655e-20,0,0,1.3493122160111e-23,9.1250507118007e-15,2.9966924443676e-26,0,6.9276933438146e-29,2.2241046550812e-25,0,2.3898029937725e-29,1.833349119386e-27,5.8800241891465e-10,0,0,0.0015410534721765,0.01010276589375,2.6364954552825e-06,0,5.0104609816206e-11,1.2271968803415e-05,0,1.8583716191131e-11,1.2742292029148e-09
0.000920625,932.12444908517,267.84361084995,629.41202753304,0.97741707853608,0.97723458413469,0.99981571212164,906205977.62393,7.4008439178605e-05,0.00027087710696227,0.00012447504111819,1.0863787104374,3.269838690501e-06,3.269838690501e-06,3.4910997189776e-06,3.4910997189776e-06,3.269838690501e-06,0.50676696168835,0.50676696168835,0.50676696168835,0.57785460008248,0.57785460008248,0.57785460008248,3.4910997189776e-06,86.557092239835,2.4087300082225e-14,6.0520530682452e-12,-1.7795461776633,-4.2519048390019,-0.18753744165838,-4.4777468365204e-14,-1.4727739104622,-0.22630423575232,-2.0820155703323e-12,-5.0017593428727,100.5454640648,504.45834690093,504.45834690093,504.45834712219,504.45834712219,504.45834690093,504.96511059278,504.96511059278,504.96511059278,505.03619823118,505.03619823118,505.03619823118,504.45834712219,239.70246710514,0.11743471480668,0.081553922290204,0.087735672438739,825.72147889309,-0.015174801772511,-0.00067796599144355,1.4395239997432e-05,824.60905823819,4.6175791504648e-06,-0.017186410947398,0.011743197694999,4.552964631573e-20,0,0,1.2374359268837e-23,8.4647696129654e-15,2.7838597310187e-26,0,6.5765627484926e-29,2.0701146718133e-25,0,2.2619970307231e-29,1.7225682539127e-27,5.8800241897904e-10,0,0,0.0015410534721765,0.010102765893762,2.6364954552825e-06,0,5.0104609816206e-11,1.2271968803415e-05,0,1.8583716191131e-11,1.2742292029148e-09
0.000925625,930.36511488744,267.37797616806,628.34203319686,0.97741707853608,0.97723458413469,0.99981571212164,909764440.09341,7.4451682018816e-05,0.00027235105162789,0.00012514696631894,1.0868756578077,3.4552640827997e-06,3.4552640827997e-06,3.6893722487336e-06,3.6893722487336e-06,3.4552640827997e-06,0.5065469930124,0.5065469930124,0.5065469930124,0.57712065486726,0.57712065486726,0.57712065486726,3.6893722487336e-06,86.496903257941,2.3771233729563e-14,6.1273888170865e-12,-1.7893000269768,-4.280157337275,-0.19032157682542,-4.6286570085462e-14,-1.481367228419,-0.22961835850453,-2.1533470482908e-12,-5.0354440806012,100.47314821595,504.72378136747,504.72378136747,504.72378160158,504.72378160158,504.72378136747,505.23032490522,505.23032490522,505.23032490522,505.30089856707,505.30089856707,505.30089856707,504.72378160158,239.83457510946,0.11805352161613,0.081983314966378,0.088189362289941,826.27097190107,-0.015486688266707,-0.00069117835118966,1.4626818891973e-05,825.14668332211,4.3477376294773e-06,-0.017524475259202,0.011743197695008,4.3117189933874e-20,0,0,1.1352136297924e-23,7.8542429968395e-15,2.5869575287602e-26,0,6.2440753112118e-29,1.9273862205473e-25,0,2.14128103366e-29,1.6189128022536e-27,5.8800241904002e-10,0,0,0.0015410534721765,0.010102765893773,2.6364954552825e-06,0,5.0104609816206e-11,1.2271968803415e-05,0,1.8583716191131e-11,1.2742292029148e-09
0.000930625,928.59805238547,266.91047317924,627.26738960246,0.97741707853608,0.97723458413469,0.99981571212164,913313892.34739,7.4895039449594e-05,0.00027382502505242,0.00012581847079318,1.0873726451219,3.607236714018e-06,3.607236714018e-06,4.0053202339757e-06,4.0053202339757e-06,3.607236714018e-06,0.50632570081498,0.50632570081498,0.50632570081498,0.57638260053868,0.57638260053868,0.57638260053868,4.0053202339757e-06,86.436585446586,2.3460140055308e-14,6.2051389911283e-12,-1.799079651549,-4.3085158790198,-0.19313577311419,-4.7830449598054e-14,-1.4899918788167,-0.23296724997675,-2.2265369273929e-12,-5.069254975615,100.40059520945,504.98696959556,504.98696959556,504.98696999365,504.98696999365,504.98696959556,505.49329168914,505.49329168914,505.49329168914,505.56334858886,505.56334858886,505.56334858886,504.98696999365,239.96618798987,0.11867201238378,0.082412470766656,0.088642818861187,826.8167560547,-0.015803177710345,-0.00070444978480047,1.4862299933667e-05,825.68058768124,4.0739065894354e-06,-0.017867172211704,0.011743197695015,4.0840195698943e-20,0,0,1.0417794693832e-23,7.2895722116275e-15,2.4047299673854e-26,0,5.9291897955969e-29,1.7950501051055e-25,0,2.0272473064192e-29,1.5218961938337e-27,5.8800241909777e-10,0,0,0.0015410534721765,0.010102765893783,2.6364954552825e-06,0,5.0104609816206e-11,1.2271968803415e-05,0,1.8583716191131e-11,1.2742292029148e-09
0.000935625,926.82328978537,266.44111143193,626.18811400433,0.97741707853608,0.97723458413469,0.99981571212164,916854318.99618,7.5338509131106e-05,0.00027529902722763,0.00012648955120504,1.0878696721012,3.7423480881152e-06,3.7423480881152e-06,4.2140048600092e-06,4.2140048600092e-06,3.7423480881152e-06,0.50610308026346,0.50610308026346,0.50610308026346,0.57564043596546,0.57564043596546,0.57564043596546,4.2140048600092e-06,86.376138866063,2.3153903075339e-14,6.2853550850771e-12,-1.808885047208,-4.3369801490966,-0.19598005891481,-4.9409261903129e-14,-1.4986479132763,-0.23635090636293,-2.3016083878e-12,-5.1031915008752,100.32780548412,505.24792717068,505.24792717068,505.24792764234,505.24792764234,505.24792717068,505.75402650859,505.75402650859,505.75402650859,505.8235638643,505.8235638643,505.8235638643,505.24792764234,240.09730345312,0.1192901866768,0.082841389319307,0.089096042393313,827.35885290776,-0.016124311081852,-0.00071777632920581,1.5101812630873e-05,826.21079438516,3.7960230706818e-06,-0.018214536566264,0.011743197695023,3.8690630310139e-20,0,0,9.5634820650319e-24,6.767175876984e-15,2.2360252806217e-26,0,5.6309263790864e-29,1.6723077972616e-25,0,1.9195124529668e-29,1.4310670401743e-27,5.8800241915249e-10,0,0,0.0015410534721765,0.010102765893793,2.6364954552825e-06,0,5.0104609816206e-11,1.2271968803415e-05,0,1.8583716191131e-11,1.2742292029148e-09
0.000940625,925.04085616763,265.96990073847,625.10422419547,0.97741707853608,0.97723458413469,0.99981571212164,920385704.96387,7.5782088692062e-05,0.00027677305814388,0.00012716020426101,1.0883667384679,3.8665096488908e-06,3.8665096488908e-06,4.3937505416333e-06,4.3937505416333e-06,3.8665096488908e-06,0.50587912656562,0.50587912656562,0.50587912656562,0.57489416032428,0.57489416032428,0.57489416032428,4.3937505416333e-06,86.315563408011,2.2852409525163e-14,6.3680896208642e-12,-1.8187162093275,-4.3655498152015,-0.19885445563797,-5.1023138025247e-14,-1.5073353766216,-0.23976931511192,-2.3785838866996e-12,-5.1372530967969,100.25478021887,505.50666955729,505.50666955729,505.50667008454,505.50667008454,505.50666955729,506.01254481735,506.01254481735,506.01254481735,506.08155985111,506.08155985111,506.08155985111,505.50667008454,240.22791905478,0.11990804406402,0.083270070253644,0.089549033127692,827.89728370682,-0.016450129422594,-0.00073115393037731,1.5345417570894e-05,826.73732621106,3.5140167320441e-06,-0.01856660308748,0.011743197695029,3.6660961861106e-20,0,0,8.7820743209617e-24,6.2837630305186e-15,2.0797867361022e-26,0,5.3483627733389e-29,1.5584253863146e-25,0,1.8177158550181e-29,1.3460064402183e-27,5.8800241920434e-10,0,0,0.0015410534721765,0.010102765893802,2.6364954552825e-06,0,5.0104609816206e-11,1.2271968803415e-05,0,1.8583716191131e-11,1.2742292029148e-09
0.000945625,923.25078148962,265.49685117407,624.01573850843,0.97741707853608,0.97723458413469,0.99981571212164,923908035.43227,7.6225775687907e-05,0.00027824711779181,0.00012783042674772,1.0888638439435,3.9827019805684e-06,3.9827019805684e-06,4.5566216544901e-06,4.5566216544901e-06,3.9827019805684e-06,0.50565383497141,0.50565383497141,0.50565383497141,0.57414377310278,0.57414377310278,0.57414377310278,4.5566216544901e-06,86.254859214599,2.2555549408782e-14,6.4533959178927e-12,-1.8285731320238,-4.394224549685,-0.20175897904068,-5.2672185924844e-14,-1.5160543161413,-0.24322245606492,-2.4574851611604e-12,-5.1714392087338,100.181519641,505.76321211162,505.76321211162,505.76321268554,505.76321268554,505.76321211162,506.26886196389,506.26886196389,506.26886196389,506.33735190202,506.33735190202,506.33735190202,505.76321268554,240.35803165885,0.12052558411513,0.083698513199376,0.090001791306262,828.43206963265,-0.016780673809135,-0.00074457849175686,1.5593203628345e-05,827.26020587521,3.2278365453019e-06,-0.018923406501536,0.011743197695036,3.4744127450923e-20,0,0,8.0671056791712e-24,5.8363087972088e-15,1.9350444300728e-26,0,5.0806307150541e-29,1.4527281047415e-25,0,1.7215182924533e-29,1.2663255211988e-27,5.8800241925347e-10,0,0,0.0015410534721765,0.01010276589381,2.6364954552825e-06,0,5.0104609816206e-11,1.2271968803415e-05,0,1.8583716191131e-11,1.2742292029148e-09
0.000950625,921.45309658381,265.02197307445,622.92267581342,0.97741707853608,0.97723458413469,0.99981571212164,927421295.87288,7.6669567885582e-05,0.00027972120616201,0.00012850021521174,1.0893609882494,4.2865591894827e-06,4.2865591894827e-06,4.7077128648493e-06,4.7077128648493e-06,4.2865591894827e-06,0.50542720077351,0.50542720077351,0.50542720077351,0.57338927410126,0.57338927410126,0.57338927410126,4.7077128648493e-06,86.194026452702,2.2263215806333e-14,6.5413284935408e-12,-1.8384558107035,-4.423004018493,-0.204693638725,-5.4356490269544e-14,-1.5248047783231,-0.24671030098842,-2.5383332008423e-12,-5.2057492714102,100.10802426487,506.01757027195,506.01757027195,506.01757069311,506.01757069311,506.01757027195,506.52299318617,506.52299318617,506.52299318617,506.5909552595,506.5909552595,506.5909552595,506.01757069311,240.48763872179,0.121142806401,0.084126717786858,0.090454317171517,828.96323170323,-0.017115985471532,-0.00075804585909306,1.5845261668157e-05,827.77945593832,2.9373300999763e-06,-0.019284981559905,0.011743197695041,3.2933502347451e-20,0,0,7.4127055747969e-24,5.4220320317442e-15,1.800907795522e-26,0,4.8269125938549e-29,1.354595312548e-25,0,1.6306006176337e-29,1.1916631625147e-27,5.8800241930005e-10,0,0,0.0015410534721765,0.010102765893818,2.6364954552825e-06,0,5.0104609816206e-11,1.2271968803415e-05,0,1.8583716191131e-11,1.2742292029148e-09
0.000955625,919.64783315733,264.54527703396,621.82505551747,0.97741707853608,0.97723458413469,0.99981571212164,930925472.03011,7.7113462984765e-05,0.00028119532324551,0.00012916956627865,1.0898581711065,4.5845394936798e-06,4.5845394936798e-06,4.8498058235806e-06,4.8498058235806e-06,4.5845394936798e-06,0.50519921930828,0.50519921930828,0.50519921930828,0.57263066343481,0.57263066343481,0.57263066343481,4.8498058235806e-06,86.133064877917,2.1975304792427e-14,6.6319437606946e-12,-1.8483642440852,-4.4518878656104,-0.20765843854358,-5.6076112905181e-14,-1.5335868104589,-0.25023281423894,-2.6211482391707e-12,-5.2401827175125,100.03429483488,506.26975897996,506.26975897996,506.26975924523,506.26975924523,506.26975897996,506.77495361473,506.77495361473,506.77495361473,506.84238505886,506.84238505886,506.84238505886,506.26975924523,240.61673757859,0.12175971049351,0.084554683646985,0.090906610966512,829.4907908441,-0.017456105644654,-0.00077155181586086,1.6101673358731e-05,828.29509886998,2.6424075369866e-06,-0.019651362993909,0.011743197695047,3.1222871560405e-20,0,0,6.8135418595176e-24,5.0383749692365e-15,1.6765587981245e-26,0,4.5864383487992e-29,1.2634559389928e-25,0,1.5446625327568e-29,1.1216839080613e-27,5.880024193442e-10,0,0,0.0015410534721765,0.010102765893825,2.6364954552825e-06,0,5.0104609816206e-11,1.2271968803415e-05,0,1.8583716191131e-11,1.2742292029148e-09
0.000960625,917.83502378995,264.06677390316,620.72289756244,0.97741707853608,0.97723458413469,0.99981571212164,934420549.93176,7.7557458529733e-05,0.00028266946903235,0.00012983847674985,1.0903553922365,4.8006976789592e-06,4.8006976789592e-06,4.9846371662887e-06,4.9846371662887e-06,4.8006976789592e-06,0.5049698859565,0.5049698859565,0.5049698859565,0.57186794153488,0.57186794153488,0.57186794153488,4.9846371662887e-06,86.071975167422,2.1691715373589e-14,6.7252974346736e-12,-1.8582984255416,-4.4808757587569,-0.21065337524623,-5.783109188626e-14,-1.5424004550262,-0.25378995072193,-2.7059497129148e-12,-5.2747389545051,99.960331814118,506.51979318641,506.51979318641,506.51979337034,506.51979337034,506.51979318641,507.02475827166,507.02475827166,507.02475827166,507.09165632724,507.09165632724,507.09165632724,506.51979337034,240.74532583745,0.12237629596615,0.084982410411646,0.091358672934822,830.01476768384,-0.017801075570178,-0.00078509203649815,1.6362549708929e-05,828.80715685832,2.3430506126499e-06,-0.020022585547338,0.011743197695052,2.9606402856095e-20,0,0,6.2647695817241e-24,4.682984557203e-15,1.561245726368e-26,0,4.3584824760718e-29,1.1787843119911e-25,0,1.4634214090299e-29,1.0560760315413e-27,5.8800241938607e-10,0,0,0.0015410534721765,0.010102765893831,2.6364954552825e-06,0,5.0104609816206e-11,1.2271968803415e-05,0,1.8583716191131e-11,1.2742292029148e-09
0.000965625,916.01470193552,263.58647478783,619.61622242551,0.97741707853608,0.97723458413469,0.99981571212164,937906515.80665,7.8001552233322e-05,0.00028414364351199,0.00013050694324384,1.0908526513614,4.9905601446814e-06,4.9905601446814e-06,5.1133919351055e-06,5.1133919351055e-06,4.9905601446814e-06,0.50473919614485,0.50473919614485,0.50473919614485,0.57110110915223,0.57110110915223,0.57110110915223,5.1133919351055e-06,86.010757653495,2.1412349214343e-14,6.821446936373e-12,-1.8682583475427,-4.5099673489539,-0.21367843902878,-5.9621441534659e-14,-1.5512457525102,-0.25738165708718,-2.7927562382858e-12,-5.3094173762654,99.886135688305,506.76768787091,506.76768787091,506.76768799374,506.76768799374,506.76768787091,507.27242207649,507.27242207649,507.27242207649,507.3387839895,507.3387839895,507.3387839895,506.76768799374,240.87340002743,0.12299256239374,0.085409897713495,0.091810503320561,830.53518268331,-0.018150936612296,-0.00079866224828541,1.6628068936837e-05,829.31565192886,2.0391485909495e-06,-0.02039868395118,0.011743197695056,2.8078622148524e-20,0,0,5.7619848532596e-24,4.3536955072249e-15,1.4542775557336e-26,0,4.1423613430977e-29,1.1000963696158e-25,0,1.3866112241352e-29,9.9454976710949e-28,5.8800241942578e-10,0,0,0.0015410534721765,0.010102765893838,2.6364954552825e-06,0,5.0104609816206e-11,1.2271968803415e-05,0,1.8583716191131e-11,1.2742292029148e-09
0.000970625,914.18690192203,263.10439104749,618.50505111871,0.97741707853608,0.97723458413469,0.99981571212164,941383356.07783,7.8445741781337e-05,0.00028561784667377,0.0001311749624071,1.0913499482027,5.1643750665573e-06,5.1643750665573e-06,5.2369316952639e-06,5.2369316952639e-06,5.1643750665573e-06,0.50450714534704,0.50450714534704,0.50450714534704,0.57033016735937,0.57033016735937,0.57033016735937,5.2369316952639e-06,85.949412389128,2.1137110760877e-14,6.9204508957248e-12,-1.8782440043119,-4.5391622637939,-0.21673361391366,-6.1447153456694e-14,-1.5601227431495,-0.26100787195928,-2.8815856226985e-12,-5.3442173720938,99.811707076685,507.01345786281,507.01345786281,507.01345793536,507.01345793536,507.01345786281,507.51795984378,507.51795984378,507.51795984378,507.58378286579,507.58378286579,507.58378286579,507.01345793536,241.00095669772,0.1236085093523,0.085837145185858,0.092262102368385,831.05205619432,-0.018505730249418,-0.00081225788672109,1.689825697806e-05,829.82060600145,1.7304659179908e-06,-0.020779692910142,0.01174319769506,2.663439051903e-20,0,0,5.301183230909e-24,4.0485147646698e-15,1.3550188132959e-26,0,3.9374306454512e-29,1.0269462047751e-25,0,1.3139815564725e-29,9.3683568039446e-28,5.8800241946345e-10,0,0,0.0015410534721765,0.010102765893843,2.6364954552825e-06,0,5.0104609816206e-11,1.2271968803415e-05,0,1.8583716191131e-11,1.2742292029148e-09
0.000975625,912.35165894927,262.62053429313,617.38940518696,0.97741707853608,0.97723458413469,0.99981571212164,944851057.37247,7.8890024889627e-05,0.00028709207850675,0.00013184253085595,1.091847282482,5.3267148582155e-06,5.3267148582155e-06,5.3559077841606e-06,5.3559077841606e-06,5.3267148582155e-06,0.5042737290847,0.5042737290847,0.5042737290847,0.56955511755205,0.56955511755205,0.56955511755205,5.3559077841606e-06,85.887939577324,2.0865907172425e-14,7.0223689674444e-12,-1.8882553899788,-4.5684601305727,-0.21981887750539,-6.3308196805669e-14,-1.5690314658,-0.26466852566888,-2.9724548568489e-12,-5.3791383202663,99.737046620364,507.25711787987,507.25711787987,507.25711790906,507.25711790906,507.25711787987,507.76138628224,507.76138628224,507.76138628224,507.8266676707,507.8266676707,507.8266676707,507.25711790906,241.12799265579,0.12422413641918,0.086264152462863,0.09271347032348,831.56540841118,-0.018865497903453,-0.00082587455668051,1.7173262930738e-05,830.32204084215,1.4169343950607e-06,-0.021165647131293,0.011743197695064,2.5268882606174e-20,0,0,4.8787221510012e-24,3.7656072878557e-15,1.2628848906266e-26,0,3.7430830089366e-29,9.5892290232129e-26,0,1.2452966351001e-29,8.8268316073126e-28,5.8800241949919e-10,0,0,0.0015410534721765,0.010102765893849,2.6364954552825e-06,0,5.0104609816206e-11,1.2271968803415e-05,0,1.8583716191131e-11,1.2742292029148e-09
0.000980625,910.50900908738,262.13491638529,616.2693067066,0.97741707853608,0.97723458413469,0.99981571212164,948309606.50774,7.933439916712e-05,0.0002885663389997,0.00013250964533505,1.0923446539208,5.4801592199556e-06,5.4801592199556e-06,5.4708286862656e-06,5.4708286862656e-06,5.4801592199556e-06,0.50403894292841,0.50403894292841,0.50403894292841,0.56877596145112,0.56877596145112,0.56877596145112,5.4708286862656e-06,85.826339448903,2.0598648240083e-14,7.127261815596e-12,-1.8982924982508,-4.5978605697756,-0.22293420091239,-6.5204518696316e-14,-1.5779719576412,-0.26836354018742,-3.0653801122463e-12,-5.4141795877584,99.662154977725,507.49868253392,507.49868253392,507.49868252459,507.49868252459,507.49868253392,508.00271599669,508.00271599669,508.00271599669,508.06745301521,508.06745301521,508.06745301521,507.49868252459,241.25450461835,0.12483944317312,0.086690919179471,0.093164607431561,832.07525936782,-0.019230281027181,-0.00083950771049573,1.7453196464868e-05,830.81997805985,1.0984899738706e-06,-0.021556581307102,0.011743197695068,2.3977566498689e-20,0,0,4.4912870285829e-24,3.5032830559554e-15,1.1773377723621e-26,0,3.5587457526823e-29,8.9564765350649e-26,0,1.1803344519918e-29,8.3185903263052e-28,5.8800241953309e-10,0,0,0.0015410534721765,0.010102765893854,2.6364954552825e-06,0,5.0104609816206e-11,1.2271968803415e-05,0,1.8583716191131e-11,1.2742292029148e-09
0.000985625,908.65898927543,261.64754943223,615.14477828411,0.97741707853608,0.97723458413469,0.99981571212164,951758990.47326,7.9778862323482e-05,0.00029004062814102,0.00013317630247665,1.0928420622408,5.6263575347315e-06,5.6263575347315e-06,5.7203722498785e-06,5.7203722498785e-06,5.6263575347315e-06,0.50380278249872,0.50380278249872,0.50380278249872,0.56799270110451,0.56799270110451,0.56799270110451,5.7203722498785e-06,85.764612249547,2.0335246313683e-14,7.2351911139186e-12,-1.9083553223208,-4.6273631943749,-0.22607954871381,-6.7136044763911e-14,-1.5869442540911,-0.27209282910688,-3.1603767445187e-12,-5.449340530158,99.587032821049,507.73816633272,507.73816633272,507.73816642674,507.73816642674,507.73816633272,508.24196348886,508.24196348886,508.24196348886,508.30615340747,508.30615340747,508.30615340747,507.73816642674,241.38048915947,0.12545442919429,0.087117444971509,0.093615513938864,832.58162894064,-0.019600121199,-0.00085315277120971,1.7738179883452e-05,831.31443910825,7.7494613953032e-07,-0.021952530117979,0.011743197695071,2.275618498903e-20,0,0,4.1358606457176e-24,3.2599851844796e-15,1.0978821405525e-26,0,3.3838787967929e-29,8.3677112014549e-26,0,1.1188859306569e-29,7.841462753558e-28,5.8800241956528e-10,0,0,0.0015410534721765,0.010102765893858,2.6364954552825e-06,0,5.0104609816206e-11,1.2271968803415e-05,0,1.8583716191131e-11,1.2742292029148e-09
0.000990625,906.8016373197,261.158445788,614.01584305458,0.97741707853608,0.97723458413469,0.99981571212164,955199196.41503,8.0223411878526e-05,0.00029151494591978,0.00013384249913513,1.0933395071632,5.766451256334e-06,5.766451256334e-06,5.9073444846021e-06,5.9073444846021e-06,5.766451256334e-06,0.50356524346726,0.50356524346726,0.50356524346726,0.56720533888909,0.56720533888909,0.56720533888909,5.9073444846021e-06,85.702758377765,2.0075616460021e-14,7.3462194949674e-12,-1.9184438556393,-4.6569676174985,-0.22925487959857,-6.9102680413338e-14,-1.5959483917964,-0.2758562981138,-3.2574593288455e-12,-5.4846205016462,99.511680459954,507.97558368104,507.97558368104,507.97558382193,507.97558382193,507.97558368104,508.47914315806,508.47914315806,508.47914315806,508.54278325348,508.54278325348,508.54278325348,507.97558382193,241.50594273163,0.12606909406401,0.087543729475454,0.094066190092158,833.08453692725,-0.019975059955129,-0.0008668050580479,1.802831378685e-05,831.80544535782,4.4623801099488e-07,-0.022353528257252,0.011743197695074,2.1600738169974e-20,0,0,3.8096955049481e-24,3.034279063296e-15,1.0240618230051e-26,0,3.2179727193301e-29,7.8197102974689e-26,0,1.0607541525304e-29,7.3934284343843e-28,5.8800241959582e-10,0,0,0.0015410534721765,0.010102765893863,2.6364954552825e-06,0,5.0104609816206e-11,1.2271968803415e-05,0,1.8583716191131e-11,1.2742292029148e-09
0.000995625,904.9369918915,260.66761805052,612.8825246799,0.97741707853608,0.97723458413469,0.99981571212164,958630211.64395,8.0668045613217e-05,0.00029298929232313,0.00013450823187145,1.0938369884101,5.9012747803957e-06,5.9012747803957e-06,6.1164960652297e-06,6.1164960652297e-06,5.9012747803957e-06,0.50332632155745,0.50332632155745,0.50332632155745,0.56641387751242,0.56641387751242,0.56641387751242,6.1164960652297e-06,85.64077795876,1.9819675798587e-14,7.4604108934057e-12,-1.9285580903854,-4.6866734289736,-0.23246014450067,-7.1104310269817e-14,-1.6049843998481,-0.27965384365784,-3.356641600347e-12,-5.5200188252818,99.436099206154,508.21094887963,508.21094887963,508.21094909485,508.21094909485,508.21094887963,508.71426929991,508.71426929991,508.71426929991,508.77735685586,508.77735685586,508.77735685586,508.21094909485,241.63086201551,0.12668343736564,0.087969772329128,0.094516636138698,833.58400281845,-0.020355138972415,-0.0008804599260021,1.8323707364311e-05,832.29301788431,1.1211838656368e-07,-0.02275961034899,0.011743197695077,2.0507466866171e-20,0,0,3.5102888165274e-24,2.8248423566299e-15,9.5545653948483e-27,0,3.0605468761876e-29,7.3094996006689e-26,0,1.0057536104393e-29,6.972605707098e-28,5.8800241962483e-10,0,0,0.0015410534721765,0.010102765893867,2.6364954552825e-06,0,5.0104609816206e-11,1.2271968803415e-05,0,1.8583716191131e-11,1.2742292029148e-09
0.001000625,903.06509252546,260.17507905969,611.74484734737,0.97741707853608,0.97723458413469,0.99981571212164,962052023.56523,8.1112761355537e-05,0.0002944636673384,0.00013517349719623,1.0943345057033,6.0314633301351e-06,6.0314633301351e-06,6.3462716945868e-06,6.3462716945868e-06,6.0314633301351e-06,0.5030860125462,0.5030860125462,0.5030860125462,0.56561832001453,0.56561832001453,0.56561832001453,6.3462716945868e-06,85.578671309433,1.9567343991723e-14,7.5778298026657e-12,-1.9386980171222,-4.7164802204078,-0.23569528839082,-7.3140800063831e-14,-1.6140523087,-0.28348535422727,-3.4579365404343e-12,-5.5555348258618,99.360289484023,508.44427613156,508.44427613156,508.44427644637,508.44427644637,508.44427613156,508.94735611264,508.94735611264,508.94735611264,509.00988842011,509.00988842011,509.00988842011,508.44427644637,241.75524278478,0.12729745868375,0.088395573171069,0.094966852326263,834.08004604743,-0.020740399909977,-0.0008941126410092,1.8624500679693e-05,832.77717770002,-2.2758507341262e-07,-0.023170811023343,0.01174319769508,1.9472837640773e-20,0,0,3.2353599303681e-24,2.630455936807e-15,8.9167894758093e-27,0,2.9111477279937e-29,6.8343333791576e-26,0,9.537095389986e-30,6.5772416923217e-28,5.8800241965237e-10,0,0,0.0015410534721765,0.01010276589387,2.6364954552825e-06,0,5.0104609816206e-11,1.2271968803415e-05,0,1.8583716191131e-11,1.2742292029148e-09
0.001005625,901.18597961674,259.68084189527,610.60283576753,0.97741707853608,0.97723458413469,0.99981571212164,965464619.70546,8.1557556671099e-05,0.00029593807095251,0.00013583829193048,1.0948320587648,6.157515606058e-06,6.157515606058e-06,6.5331093999432e-06,6.5331093999432e-06,6.157515606058e-06,0.50284431226462,0.50284431226462,0.50284431226462,0.56481866976947,0.56481866976947,0.56481866976947,6.5331093999432e-06,85.516438735068,1.9318542986355e-14,7.6985419109831e-12,-1.9488636268858,-4.7463875743217,-0.23896024965043,-7.5211997523732e-14,-1.6231521465945,-0.28735070996826,-3.5613563849469e-12,-5.5911678147493,99.284252046253,508.67557953699,508.67557953699,508.67557991258,508.67557991258,508.67557953699,509.17841769174,509.17841769174,509.17841769174,509.24039204924,509.24039204924,509.24039204924,508.67557991258,241.87908130453,0.1279111576045,0.088821131640802,0.095416838903135,834.57268589243,-0.021130884377737,-0.00090775836089887,1.8930824693702e-05,833.2579456612,-5.7293224774203e-07,-0.023587164921151,0.011743197695083,1.8493528481378e-20,0,0,2.982829891819e-24,2.4499955137207e-15,8.323719318933e-27,0,2.7693472146353e-29,6.3916759069092e-26,0,9.0445726731913e-30,6.2057029712523e-28,5.8800241967852e-10,0,0,0.0015410534721765,0.010102765893874,2.6364954552825e-06,0,5.0104609816206e-11,1.2271968803415e-05,0,1.8583716191131e-11,1.2742292029148e-09
0.001010625,899.2996944186,259.18491987502,609.45651517235,0.97741707853608,0.97723458413469,0.99981571212164,968867987.69714,8.2002429151889e-05,0.00029741250315157,0.00013650261287206,1.0953296473166,6.4152216922894e-06,6.4152216922894e-06,6.7030794045375e-06,6.7030794045375e-06,6.4152216922894e-06,0.50260121659915,0.50260121659915,0.50260121659915,0.56401493048699,0.56401493048699,0.56401493048699,6.7030794045375e-06,85.454080488718,1.9073196828461e-14,7.8226138984928e-12,-1.9590549097201,-4.7763950611588,-0.24225495977031,-7.7317733207823e-14,-1.6322839380443,-0.29124978250732,-3.6669126486529e-12,-5.6269170860065,99.207987830064,508.90487323161,508.90487323161,508.90487351947,508.90487351947,508.90487323161,509.40746803299,509.40746803299,509.40746803299,509.46888174687,509.46888174687,509.46888174687,508.90487351947,242.00237371942,0.12852453371578,0.089246447378976,0.095866596118084,835.06194144853,-0.021526634071978,-0.00092139224816363,1.9242779084053e-05,833.73534244083,-9.2409293816124e-07,-0.024008706631835,0.011743197695085,1.7566415482974e-20,0,0,2.750802952485e-24,2.2824239817299e-15,7.7720612873724e-27,0,2.6347412408674e-29,5.9791845773342e-26,0,8.578416144632e-30,5.8564669866578e-28,5.8800241970336e-10,0,0,0.0015410534721765,0.010102765893877,2.6364954552825e-06,0,5.0104609816206e-11,1.2271968803415e-05,0,1.8583716191131e-11,1.2742292029148e-09
0.001015625,897.40627904016,258.6873265528,608.30591131349,0.97741707853608,0.97723458413469,0.99981571212164,972262115.25582,8.2447376653463e-05,0.00029888696392211,0.0001371664565216,1.0958272710803,6.6291040920698e-06,6.6291040920698e-06,6.8620428298265e-06,6.8620428298265e-06,6.6291040920698e-06,0.50235672149277,0.50235672149277,0.50235672149277,0.56320710621432,0.56320710621432,0.56320710621432,6.8620428298265e-06,85.391596606078,1.8831231870012e-14,7.9501138212691e-12,-1.9692718567217,-4.8065022368457,-0.24557934432547,-7.9457822688798e-14,-1.6414477084534,-0.2951824359043,-3.7746162150667e-12,-5.6627819355974,99.131497637392,509.13217094149,509.13217094149,509.13217117442,509.13217117442,509.13217094149,509.63452103387,509.63452103387,509.63452103387,509.6953714186,509.6953714186,509.6953714186,509.13217117442,242.12511594797,0.12913758660684,0.089671520027073,0.096316124220394,835.5478317558,-0.021927690764653,-0.00093500947675328,1.9560535825638e-05,834.20938864754,-1.2812974792391e-06,-0.02443547074757,0.011743197695087,1.6688560559361e-20,0,0,2.5375498453244e-24,2.1267844259665e-15,7.2587766796821e-27,0,2.5069482805969e-29,5.5946944881647e-26,0,8.137163305467e-30,5.5281141305115e-28,5.8800241972696e-10,0,0,0.0015410534721765,0.01010276589388,2.6364954552825e-06,0,5.0104609816206e-11,1.2271968803415e-05,0,1.8583716191131e-11,1.2742292029148e-09
0.001020625,895.50577644144,258.18807571584,607.15105045882,0.97741707853608,0.97723458413469,0.99981571212164,975646990.20467,8.2892396854671e-05,0.00030036145324953,0.00013782981959143,1.0963249297785,6.8110235283618e-06,6.8110235283618e-06,7.0577328676921e-06,7.0577328676921e-06,6.8110235283618e-06,0.50211082294568,0.50211082294568,0.50211082294568,0.5623952013369,0.5623952013369,0.5623952013369,7.0577328676921e-06,85.328987850645,1.8592576510631e-14,8.0811099541426e-12,-1.9795144547312,-4.8367086761619,-0.24893332178178,-8.1632066508013e-14,-1.6506434787615,-0.29914852508647,-3.8844772761984e-12,-5.6987616347285,99.054782130989,509.35748647916,509.35748647916,509.35748672587,509.35748672587,509.35748647916,509.85959049108,509.85959049108,509.85959049108,509.91987486947,509.91987486947,509.91987486947,509.35748672587,242.24730435543,0.12975031586887,0.090096349227838,0.096765423459817,836.03037561073,-0.022334096190842,-0.00094860500460545,1.9884150870119e-05,834.68010465029,-1.6447235879116e-06,-0.024867491840772,0.011743197695089,1.585719967804e-20,0,0,2.3414926204598e-24,1.982193668574e-15,6.7810609793776e-27,0,2.385608023256e-29,5.2362042241117e-26,0,7.7194355580384e-30,5.2193203614933e-28,5.8800241974939e-10,0,0,0.0015410534721765,0.010102765893883,2.6364954552825e-06,0,5.0104609816206e-11,1.2271968803415e-05,0,1.8583716191131e-11,1.2742292029148e-09
0.001025625,893.59823043249,257.68718138346,605.99195939162,0.97741707853608,0.97723458413469,0.99981571212164,979022600.41587,8.3337487449949e-05,0.00030183597111883,0.00013849269878378,1.0968226231332,7.0730046006742e-06,7.0730046006742e-06,7.258002165625e-06,7.258002165625e-06,7.0730046006742e-06,0.50186351701674,0.50186351701674,0.50186351701674,0.56157922058081,0.56157922058081,0.56157922058081,7.258002165625e-06,85.266254564652,1.8357161272799e-14,8.2156717682467e-12,-1.9897826908759,-4.8670139304532,-0.25231680445297,-8.3840252587967e-14,-1.6598712698896,-0.30314789716874,-3.9965054538027e-12,-5.734855452592,98.977841966201,509.58083366187,509.58083366187,509.58083384687,509.58083384687,509.58083366187,510.08269010588,510.08269010588,510.08269010588,510.14240580945,510.14240580945,510.14240580945,509.58083384687,242.36893456903,0.13036272109455,0.090520934624963,0.097214494086598,836.50959172707,-0.022745892093663,-0.00096217391997515,2.0213779324216e-05,835.1475107273,-2.014539648802e-06,-0.025304804445902,0.011743197695091,1.506973215124e-20,0,0,2.1611909332099e-24,1.8478363979074e-15,6.3363249656992e-27,0,2.2703801502772e-29,4.9018629281456e-26,0,7.3239333044648e-30,4.9288504433852e-28,5.880024197707e-10,0,0,0.0015410534721765,0.010102765893885,2.6364954552825e-06,0,5.0104609816206e-11,1.2271968803415e-05,0,1.8583716191131e-11,1.2742292029148e-09
0.001030625,891.68368566838,257.18465780444,604.82866540717,0.97741707853608,0.97723458413469,0.99981571212164,982388933.82153,8.3782646142523e-05,0.00030331051751503,0.00013915509079569,1.0973203508666,7.2946009637381e-06,7.2946009637381e-06,7.4299844607822e-06,7.4299844607822e-06,7.2946009637381e-06,0.50161479982425,0.50161479982425,0.50161479982425,0.5607591690136,0.5607591690136,0.5607591690136,7.4299844607822e-06,85.203396847705,1.8124918593186e-14,8.3538699300086e-12,-2.000076554291,-4.8974175292859,-0.25572969825482,-8.6082157858153e-14,-1.6691311003131,-0.30718039147429,-4.1107098763778e-12,-5.7710626487457,98.900678172069,509.80222597564,509.80222597564,509.80222611102,509.80222611102,509.80222597564,510.30383348086,510.30383348086,510.30383348086,510.36297785005,510.36297785005,510.36297785005,509.80222611102,242.49000246473,0.13097480187829,0.090945275863241,0.097663336351465,836.98549870536,-0.023163120229888,-0.00097571121479239,2.0549527598342e-05,835.61162703563,-2.3909288398926e-06,-0.025747443077177,0.011743197695093,1.4323710464529e-20,0,0,1.9953296062429e-24,1.722959756575e-15,5.9221773654896e-27,0,2.1609431623655e-29,4.5899583955393e-26,0,6.9494312542094e-30,4.6555516550201e-28,5.8800241979096e-10,0,0,0.0015410534721765,0.010102765893888,2.6364954552825e-06,0,5.0104609816206e-11,1.2271968803415e-05,0,1.8583716191131e-11,1.2742292029148e-09
0.001035625,889.76218764469,256.68051945445,603.66119630957,0.97741707853608,0.97723458413469,0.99981571212164,985745978.40439,8.4227870643834e-05,0.00030478509242224,0.00013981699233093,1.0978181127014,7.4889678315136e-06,7.4889678315136e-06,7.5893099174028e-06,7.5893099174028e-06,7.4889678315136e-06,0.50136466754689,0.50136466754689,0.50136466754689,0.55993505204521,0.55993505204521,0.55993505204521,7.5893099174028e-06,85.140415335849,1.7895782791759e-14,8.4957758130047e-12,-2.010396029294,-4.9279190203988,-0.25917190204876,-8.8357548769808e-14,-1.6784229837453,-0.31124583849764,-4.2270991730904e-12,-5.8073824592487,98.823291604657,510.0216769427,510.0216769427,510.02167704304,510.02167704304,510.0216769427,510.52303412128,510.52303412128,510.52303412128,510.58160450577,510.58160450577,510.58160450577,510.02167704304,242.61050387798,0.13158655781652,0.091369372588821,0.098111950505601,837.45811492338,-0.023585822376382,-0.00098921182948147,2.0891539511938e-05,836.07247350768,-2.7741001139301e-06,-0.026195442241233,0.011743197695094,1.3616830728118e-20,0,0,1.8427073535813e-24,1.6068683731652e-15,5.536408961572e-27,0,2.0569932733423e-29,4.2989061346717e-26,0,6.5947739907628e-30,4.3983479555717e-28,5.8800241981021e-10,0,0,0.0015410534721765,0.01010276589389,2.6364954552825e-06,0,5.0104609816206e-11,1.2271968803415e-05,0,1.8583716191131e-11,1.2742292029148e-09
0.001040625,887.83378269582,256.17478103473,602.48958041056,0.97741707853608,0.97723458413469,0.99981571212164,989093722.16872,8.4673158683598e-05,0.00030625969582419,0.0001404784000797,1.0983159083603,7.6688527380539e-06,7.6688527380539e-06,7.8664859172821e-06,7.8664859172821e-06,7.6688527380539e-06,0.50111311642523,0.50111311642523,0.50111311642523,0.55910687543009,0.55910687543009,0.55910687543009,7.8664859172821e-06,85.07731037143,1.7669690079527e-14,8.641461765135e-12,-2.0207411000163,-4.9585179276385,-0.26264330856966,-9.066618399124e-14,-1.6877469333232,-0.31534406104627,-4.3456815880428e-12,-5.8438141165437,98.745683054442,510.23919999102,510.23919999102,510.23920018865,510.23920018865,510.23919999102,510.74030543859,510.74030543859,510.74030543859,510.7982991976,510.7982991976,510.7982991976,510.23920018865,242.73043432376,0.13219798850734,0.091793224448933,0.098560336800661,837.92745867104,-0.02401404030512,-0.0010026706756028,2.1239935482406e-05,836.53006997858,-3.1642491021928e-06,-0.026648836416391,0.011743197695096,1.2946923925191e-20,0,0,1.7022265648973e-24,1.4989198219309e-15,5.176978084731e-27,0,1.958243395687e-29,4.027239388926e-26,0,6.2588719007495e-30,4.1562346250982e-28,5.8800241982852e-10,0,0,0.0015410534721765,0.010102765893892,2.6364954552825e-06,0,5.0104609816206e-11,1.2271968803415e-05,0,1.8583716191131e-11,1.2742292029148e-09
0.001045625,885.89851798947,255.66745746931,601.31384652583,0.97741707853608,0.97723458413469,0.99981571212164,992432153.1501,8.511850784957e-05,0.00030773432770534,0.00014113931090246,1.0988137375655,7.8386072668374e-06,7.8386072668374e-06,8.0870501203981e-06,8.0870501203981e-06,7.8386072668374e-06,0.50086014276258,0.50086014276258,0.50086014276258,0.55827464526779,0.55827464526779,0.55827464526779,8.0870501203981e-06,85.014082453573,1.7446578746556e-14,8.791000978655e-12,-2.0311117510727,-4.9892137750544,-0.26614380501337,-9.3007816797229e-14,-1.6971029632113,-0.31947487469157,-4.4664650974365e-12,-5.8803568522441,98.667853060387,510.45480844354,510.45480844354,510.45480869199,510.45480869199,510.45480844354,510.9556607477,510.9556607477,510.9556607477,511.0130752502,511.0130752502,511.0130752502,510.45480869199,242.84978954184,0.1328090935504,0.092216831091779,0.099008495488779,838.39354818859,-0.024447815770051,-0.0010160826056016,2.1594829861889e-05,836.9844362186,-3.5615342310299e-06,-0.02710766008227,0.011743197695097,1.231194764067e-20,0,0,1.5728840348716e-24,1.3985204459119e-15,4.8419972929793e-27,0,1.8644221807269e-29,3.7735999563002e-26,0,5.9406973207424e-30,3.9282732811249e-28,5.8800241984594e-10,0,0,0.0015410534721765,0.010102765893894,2.6364954552825e-06,0,5.0104609816206e-11,1.2271968803415e-05,0,1.8583716191131e-11,1.2742292029148e-09
0.001050625,883.95644152107,255.15856390226,600.13402397112,0.97741707853608,0.97723458413469,0.99981571212164,995761259.42985,8.5563916143795e-05,0.00030920898804811,0.00014179972119218,1.0993116000402,8.0004755865798e-06,8.0004755865798e-06,8.2798779850642e-06,8.2798779850642e-06,8.0004755865798e-06,0.50060574292556,0.50060574292556,0.50060574292556,0.55743836800375,0.55743836800375,0.55743836800375,8.2798779850642e-06,84.950731875105,1.7226388399871e-14,8.9444679054889e-12,-2.0415079657277,-5.0200060674914,-0.26967327106877,-9.538219571324e-14,-1.7064910802835,-0.32363808633321,-4.5894573826117e-12,-5.9170098708123,98.589803056713,510.66851552422,510.66851552422,510.66851580362,510.66851580362,510.66851552422,511.16911326667,511.16911326667,511.16911326667,511.22594589175,511.22594589175,511.22594589175,510.66851580362,242.96856556267,0.13341987254771,0.092640192167177,0.099456426822517,838.85640145214,-0.024887190633163,-0.0010294425490623,2.1956360021925e-05,837.43559173468,-3.9663221726954e-06,-0.027571947624492,0.011743197695099,1.1709978182673e-20,0,0,1.4537625414932e-24,1.3051215012439e-15,4.5297211186572e-27,0,1.7752730868007e-29,3.5367297025515e-26,0,5.6392808174826e-30,3.7135872332812e-28,5.880024198625e-10,0,0,0.0015410534721765,0.010102765893896,2.6364954552825e-06,0,5.0104609816206e-11,1.2271968803415e-05,0,1.8583716191131e-11,1.2742292029148e-09
0.001055625,882.00760210961,254.64811569549,598.9501425596,0.97741707853608,0.97723458413469,0.99981571212164,999081029.07253,8.6009381087522e-05,0.00031068367683465,0.00014245962791185,1.0998094955076,8.1558377007795e-06,8.1558377007795e-06,8.4578669409285e-06,8.4578669409285e-06,8.1558377007795e-06,0.50034991334568,0.50034991334568,0.50034991334568,0.55659805043036,0.55659805043036,0.55659805043036,8.4578669409285e-06,84.887259052816,1.7009060466502e-14,9.1019373252376e-12,-2.051929725222,-5.05089430694,-0.27323158055908,-9.7789067082595e-14,-1.7159112907831,-0.32783349545473,-4.714666004631e-12,-5.9537723722936,98.511533837067,510.88033436517,510.88033436517,510.8803346672,510.8803346672,510.88033436517,511.38067612268,511.38067612268,511.38067612268,511.43692425976,511.43692425976,511.43692425976,510.8803346672,243.0867576206,0.13403032510304,0.09306330732611,0.099904131054895,839.31603636462,-0.025332206522737,-0.0010427452521041,2.232469651288e-05,837.88355594626,-4.3786361172286e-06,-0.028041733468046,0.0117431976951,1.113920342132e-20,0,0,1.344023217259e-24,1.2182156507317e-15,4.2385348970165e-27,0,1.6905535487196e-29,3.3154628565448e-26,0,5.3537078383788e-30,3.5113572225001e-28,5.8800241987825e-10,0,0,0.0015410534721765,0.010102765893898,2.6364954552825e-06,0,5.0104609816206e-11,1.2271968803415e-05,0,1.8583716191131e-11,1.2742292029148e-09
0.001060625,880.05204939243,254.13612842622,597.76223259828,0.97741707853608,0.97723458413469,0.99981571212164,1002391450.1446,8.6454900629563e-05,0.00031215839404681,0.00014311902753878,1.1003074236907,8.3056318490806e-06,8.3056318490806e-06,8.6254467929613e-06,8.6254467929613e-06,8.3056318490806e-06,0.50009265052014,0.50009265052014,0.50009265052014,0.55575369968787,0.55575369968787,0.55575369968787,8.6254467929613e-06,84.823664436577,1.6794538048869e-14,9.2634850394068e-12,-2.062377010284,-5.0818779888128,-0.27681860129894,-1.002281772598e-13,-1.7253635992037,-0.33206089409917,-4.8420984839391e-12,-5.9906435476416,98.433046296466,511.09027800316,511.09027800316,511.09027832297,511.09027832297,511.09027800316,511.59036234804,511.59036234804,511.59036234804,511.64602339721,511.64602339721,511.64602339721,511.09027832297,243.20436129532,0.13464045082208,0.09348617622083,0.10035160843938,839.77247071909,-0.025782905319169,-0.0010559855783717,2.2699929359578e-05,838.32834815012,-4.7988786495734e-06,-0.028517051975006,0.011743197695101,1.0597915983857e-20,0,0,1.2428986119445e-24,1.1373337211283e-15,3.9669444830304e-27,0,1.6100341745998e-29,3.108718879888e-26,0,5.0831154923807e-30,3.3208174497617e-28,5.8800241989324e-10,0,0,0.0015410534721765,0.010102765893899,2.6364954552825e-06,0,5.0104609816206e-11,1.2271968803415e-05,0,1.8583716191131e-11,1.2742292029148e-09
0.001065625,878.08983381971,253.62261788438,596.57032488445,0.97741707853608,0.97723458413469,0.99981571212164,1005692510.7137,8.6900472370172e-05,0.00031363313966596,0.00014377791696732,1.1008053843127,8.5625717795172e-06,8.5625717795172e-06,8.8997434097083e-06,8.8997434097083e-06,8.5625717795172e-06,0.49983395101276,0.49983395101276,0.49983395101276,0.55490532326512,0.55490532326512,0.55490532326512,8.8997434097083e-06,84.759948494686,1.6582765831544e-14,9.4291876947008e-12,-2.0728498006142,-5.1129566007953,-0.28043419505922,-1.0269927470711e-13,-1.7348480077769,-0.33632006690024,-4.9717624002252e-12,-6.0276225772734,98.354341385142,511.29835949332,511.29835949332,511.2983598305,511.2983598305,511.29835949332,511.79818488177,511.79818488177,511.79818488177,511.85325625402,511.85325625402,511.85325625402,511.2983598305,243.32137223663,0.13525024931253,0.093908798504925,0.10079885922986,840.22572218585,-0.026239328646181,-0.001069158250895,2.3082229798332e-05,838.76998750774,-5.2271258064388e-06,-0.028997937502782,0.011743197695102,1.0084506889868e-20,0,0,1.1496863923491e-24,1.0620417260211e-15,3.7135668174548e-27,0,1.5334979928474e-29,2.9154959188489e-26,0,4.8266895294125e-30,3.14125189508e-28,5.880024199075e-10,0,0,0.0015410534721765,0.010102765893901,2.6364954552825e-06,0,5.0104609816206e-11,1.2271968803415e-05,0,1.8583716191131e-11,1.2742292029148e-09
0.001070625,876.12100664873,253.10760006998,595.37445070182,0.97741707853608,0.97723458413469,0.99981571212164,1008984198.8397,8.7346094194904e-05,0.00031510791367372,0.00014443629276646,1.1013033770965,8.8817806387904e-06,8.8817806387904e-06,9.13965905295e-06,9.13965905295e-06,8.8817806387904e-06,0.49957381145491,0.49957381145491,0.49957381145491,0.55405292900022,0.55405292900022,0.55405292900022,9.13965905295e-06,84.69611157673,1.6373690189265e-14,9.5991234681252e-12,-2.0833480774766,-5.1441296227159,-0.28407821854295,-1.0520211350645e-13,-1.7443645203994,-0.34061079217388,-5.1036655475876e-12,-6.0647086470916,98.275419867174,511.5045916408,511.5045916408,511.50459189868,511.50459189868,511.5045916408,512.00415657048,512.00415657048,512.00415657048,512.05863568802,512.05863568802,512.05863568802,511.50459189868,243.4377860506,0.13585972018371,0.094331173833054,0.10124588368071,840.67580842113,-0.026701518322116,-0.0010822580416705,2.347171929755e-05,839.20849314405,-5.6637182310335e-06,-0.029484424403096,0.011743197695103,9.5974596515789e-21,0,0,1.0637436203938e-24,9.9193813650636e-16,3.477121282754e-27,0,1.4607397545251e-29,2.7348648040451e-26,0,4.5836615375447e-30,2.9719909168042e-28,5.8800241992107e-10,0,0,0.0015410534721765,0.010102765893902,2.6364954552825e-06,0,5.0104609816206e-11,1.2271968803415e-05,0,1.8583716191131e-11,1.2742292029148e-09
0.001075625,874.1456199365,252.59109118986,594.17464181563,0.97741707853608,0.97723458413469,0.99981571212164,1012266502.6062,8.7791763829618e-05,0.00031658271605046,0.00014509415170642,1.1018014017659,9.122616942651e-06,9.122616942651e-06,9.3461710350981e-06,9.3461710350981e-06,9.122616942651e-06,0.49931222854593,0.49931222854593,0.49931222854593,0.55319652508068,0.55319652508068,0.55319652508068,9.3461710350981e-06,84.632154218262,1.6167258755813e-14,9.7733701821487e-12,-2.0938718190719,-5.1753965198744,-0.28775052149449,-1.0773645305955e-13,-1.7539131332176,-0.34493283988056,-5.2378159504066e-12,-6.1019009092912,98.196283169249,511.7089870605,511.7089870605,511.70898728405,511.70898728405,511.7089870605,512.20829016643,512.20829016643,512.20829016643,512.26217446296,512.26217446296,512.26217446296,511.70898728405,243.55359885582,0.13646886304758,0.094753301861699,0.10169268204667,841.12274679909,-0.027169516002947,-0.0010952796869437,2.3868504951572e-05,839.64388389964,-6.1088378161465e-06,-0.029976546964335,0.011743197695104,9.1353445729209e-21,0,0,9.8448154187665e-25,9.2665134841313e-16,3.2564217133495e-27,0,1.3915652482036e-29,2.565963468606e-26,0,4.3533062051663e-30,2.8124080570189e-28,5.8800241993399e-10,0,0,0.0015410534721765,0.010102765893904,2.6364954552825e-06,0,5.0104609816206e-11,1.2271968803415e-05,0,1.8583716191131e-11,1.2742292029148e-09
0.001080625,872.16372653482,252.07310765541,592.97093046957,0.97741707853608,0.97723458413469,0.99981571212164,1015539410.045,8.8237479058851e-05,0.00031805754677566,0.000145751490507,1.1022994580454,9.3360112635174e-06,9.3360112635174e-06,9.536276490653e-06,9.536276490653e-06,9.3360112635174e-06,0.49904919905481,0.49904919905481,0.49904919905481,0.55233612004426,0.55233612004426,0.55233612004426,9.536276490653e-06,84.568077177157,1.5963420481906e-14,9.9520062516646e-12,-2.1044209974102,-5.2067567720562,-0.29145094723994,-1.103020603517e-13,-1.7634938377456,-0.34928597251079,-5.3742219808138e-12,-6.1391985008946,98.116932139685,511.91155847164,511.91155847164,511.9115586719,511.9115586719,511.91155847164,512.41059833468,512.41059833468,512.41059833468,512.46388525567,512.46388525567,512.46388525567,511.9115586719,243.66880579677,0.1370776775183,0.095175182248852,0.1021392545829,841.56655455429,-0.027643363363232,-0.0011082179070309,2.427276096776e-05,840.07617846247,-6.5627383047001e-06,-0.030474339452331,0.011743197695105,8.6968135564305e-21,0,0,9.1136086044887e-25,8.6583738124642e-16,3.0503691033237e-27,0,1.3257906844303e-29,2.4079918799155e-26,0,4.1349388454229e-30,2.6619171081183e-28,5.8800241994629e-10,0,0,0.0015410534721765,0.010102765893905,2.6364954552825e-06,0,5.0104609816206e-11,1.2271968803415e-05,0,1.8583716191131e-11,1.2742292029148e-09
0.001085625,870.17538008554,251.55366608043,591.76334938273,0.97741707853608,0.97723458413469,0.99981571212164,1018802909.1274,8.8683237652281e-05,0.0003195324058285,0.00014640830591241,1.1027975456591,9.5331904557081e-06,9.5331904557081e-06,9.7151463676329e-06,9.7151463676329e-06,9.5331904557081e-06,0.49878471982134,0.49878471982134,0.49878471982134,0.55147172278005,0.55147172278005,0.55147172278005,9.7151463676329e-06,84.503880826894,1.5762125737831e-14,1.0135111180331e-11,-2.1149955862583,-5.2382098259893,-0.29517933397855,-1.1289871384999e-13,-1.7731066257907,-0.35366994626859,-5.5128925418297e-12,-6.1766005596682,98.037367738893,512.11231846387,512.11231846387,512.11231864583,512.11231864583,512.11231846387,512.6110936505,512.6110936505,512.6110936505,512.66378065346,512.66378065346,512.66378065346,512.11231864583,243.78340196839,0.137686163212,0.09559681465381,0.10258560154498,842.00724888261,-0.02812310204114,-0.0011210674026832,2.4684587761673e-05,840.50539546134,-7.0256584792894e-06,-0.030977836109415,0.011743197695105,8.2805952849435e-21,0,0,8.4388743453274e-25,8.0917775306386e-16,2.8579449099012e-27,0,1.2632421176825e-29,2.260207366527e-26,0,3.9279130762511e-30,2.519969403191e-28,5.88002419958e-10,0,0,0.0015410534721765,0.010102765893906,2.6364954552825e-06,0,5.0104609816206e-11,1.2271968803415e-05,0,1.8583716191131e-11,1.2742292029148e-09
0.001090625,868.18063501239,251.03278327777,590.55193174426,0.97741707853608,0.97723458413469,0.99981571212164,1022056987.8021,8.9129037401886e-05,0.00032100729318775,0.00014706459465549,1.1032956643313,9.7606162143463e-06,9.7606162143463e-06,9.9924048793999e-06,9.9924048793999e-06,9.7606162143463e-06,0.4985187877567,0.4985187877567,0.4985187877567,0.55060334252825,0.55060334252825,0.55060334252825,9.9924048793999e-06,84.439565678495,1.5563326237941e-14,1.0322765188225e-11,-2.125595558831,-5.2697551283696,-0.2989355144836,-1.1552620563853e-13,-1.782751487292,-0.35808451083098,-5.653837178853e-12,-6.2141062142805,97.957591006803,512.31127957016,512.31127957016,512.31127980195,512.31127980195,512.31127957016,512.8097885973,512.8097885973,512.8097885973,512.86187315207,512.86187315207,512.86187315207,512.31127980195,243.89738306702,0.13829431974696,0.096018198737348,0.1030317231889,842.44484687606,-0.028608773650831,-0.001133822872749,2.5104148658898e-05,840.93155340299,-7.4978508252771e-06,-0.031487071148281,0.011743197695106,7.8854906049308e-21,0,0,7.8160835890736e-25,7.5637751764361e-16,2.6782048710989e-27,0,1.2037548900186e-29,2.1219202900175e-26,0,3.7316185935277e-30,2.386051274226e-28,5.8800241996915e-10,0,0,0.0015410534721765,0.010102765893907,2.6364954552825e-06,0,5.0104609816206e-11,1.2271968803415e-05,0,1.8583716191131e-11,1.2742292029148e-09
0.001095625,866.17954651366,250.51047625631,589.33671120868,0.97741707853608,0.97723458413469,0.99981571212164,1025301633.9951,8.957487610877e-05,0.00032248220883268,0.00014772035347223,1.1037938137858,1.0085337967043e-05,1.0085337967043e-05,1.0224263579488e-05,1.0224263579488e-05,1.0085337967043e-05,0.49825139984424,0.49825139984424,0.49825139984424,0.54973098888035,0.54973098888035,0.54973098888035,1.0224263579488e-05,84.375132290779,1.5366975194659e-14,1.0515049067512e-11,-2.136220887993,-5.3013921219917,-0.30271931683032,-1.181843443519e-13,-1.7924284127255,-0.36252940994828,-5.797066240604e-12,-6.251714594374,97.877602765192,512.5084542544,512.5084542544,512.50845439333,512.50845439333,512.5084542544,513.00669556891,513.00669556891,513.00669556891,513.05817515794,513.05817515794,513.05817515794,512.50845439333,244.01074485697,0.13890214674344,0.096439334161561,0.10347761977105,842.87936558711,-0.029100419777366,-0.0011464789890178,2.553155636414e-05,841.35467073086,-7.97956946327e-06,-0.032002078783212,0.011743197695107,7.5103682457213e-21,0,0,7.2410840086515e-25,7.0716346409938e-16,2.5102733329424e-27,0,1.1471731146253e-29,1.9924900750448e-26,0,3.5454790996331e-30,2.2596817030713e-28,5.8800241997977e-10,0,0,0.0015410534721765,0.010102765893908,2.6364954552825e-06,0,5.0104609816206e-11,1.2271968803415e-05,0,1.8583716191131e-11,1.2742292029148e-09
0.001100625,864.17217055389,249.98676221748,588.1177218904,0.97741707853608,0.97723458413469,0.99981571212164,1028536835.6208,9.0020751572904e-05,0.00032395715274098,0.00014837557911326,1.1042919937476,1.0329810709469e-05,1.0329810709469e-05,1.0429622495786e-05,1.0429622495786e-05,1.0329810709469e-05,0.49798255314005,0.49798255314005,0.49798255314005,0.54885467177884,0.54885467177884,0.54885467177884,1.0429622495786e-05,84.310580995241,1.5173026698347e-14,1.0712044345299e-11,-2.1468715458296,-5.3331202266885,-0.30653056290364,-1.2087295659325e-13,-1.8021373856301,-0.36700438076279,-5.9425909669604e-12,-6.2894248060987,97.79740460664,512.70385464532,512.70385464532,512.70385474513,512.70385474513,512.70385464532,513.20182686864,513.20182686864,513.20182686864,513.25269898728,513.25269898728,513.25269898728,512.70385474513,244.12348332614,0.13950964382431,0.096860220590389,0.10392329154822,843.31082186306,-0.029598081928958,-0.0011590304736911,2.5966830443716e-05,841.77476567012,-8.4710795708903e-06,-0.032522893121732,0.011743197695108,7.1541607293471e-21,0,0,6.7100675100484e-25,6.6128244988794e-16,2.353338010264e-27,0,1.0933491775315e-29,1.8713215274627e-26,0,3.3689503199932e-30,2.1404101186349e-28,5.8800241998989e-10,0,0,0.0015410534721765,0.010102765893909,2.6364954552825e-06,0,5.0104609816206e-11,1.2271968803415e-05,0,1.8583716191131e-11,1.2742292029148e-09
0.001105625,862.1585638567,249.46165855244,586.89499835927,0.97741707853608,0.97723458413469,0.99981571212164,1031762580.5527,9.0466661608791e-05,0.00032543212488934,0.00014903026832754,1.1047902039421,1.0550665273829e-05,1.0550665273829e-05,1.0620629968548e-05,1.0620629968548e-05,1.0550665273829e-05,0.49771224477421,0.49771224477421,0.49771224477421,0.54797440151728,0.54797440151728,0.54797440151728,1.0620629968548e-05,84.245912748188,1.4981436034678e-14,1.0913832756746e-11,-2.1575474982355,-5.3649388858673,-0.31036906904684,-1.2359188795165e-13,-1.8118783859887,-0.37150915358729,-6.0904235313917e-12,-6.3272359364956,97.716997412791,512.89749301987,512.89749301987,512.89749308983,512.89749308983,512.89749301987,513.39519471398,513.39519471398,513.39519471398,513.44545687072,513.44545687072,513.44545687072,512.89749308983,244.23559412063,0.1401168106149,0.097280857689474,0.10436873877754,843.73923239253,-0.030101801670079,-0.0011714718625974,2.6410422476168e-05,842.19185627157,-8.9726078010177e-06,-0.033049548452187,0.011743197695108,6.8158605964694e-21,0,0,6.2195406805254e-25,6.1849987581393e-16,2.2066451821033e-27,0,1.042143279701e-29,1.7578614601515e-26,0,3.2015181610175e-30,2.0278143668631e-28,5.8800241999953e-10,0,0,0.0015410534721765,0.01010276589391,2.6364954552825e-06,0,5.0104609816206e-11,1.2271968803415e-05,0,1.8583716191131e-11,1.2742292029148e-09
0.001110625,860.13878389933,248.93518283984,585.66857563713,0.97741707853608,0.97723458413469,0.99981571212164,1034978856.5992,9.0912604049868e-05,0.00032690712525416,0.00014968441786148,1.1052884440946,1.0756765750051e-05,1.0756765750051e-05,1.0801375853894e-05,1.0801375853894e-05,1.0756765750051e-05,0.49744047195187,0.49744047195187,0.49744047195187,0.54709018874136,0.54709018874136,0.54709018874136,1.0801375853894e-05,84.181127974679,1.4792159667351e-14,1.1120496657361e-11,-2.168248712173,-5.3968475073417,-0.31423464698467,-1.2634100722254e-13,-1.8216513931436,-0.37604345339513,-6.2405773060929e-12,-6.3651470734954,97.636382258025,513.08938152106,513.08938152106,513.08938156567,513.08938156567,513.08938152106,513.58681123624,513.58681123624,513.58681123624,513.63646095303,513.63646095303,513.63646095303,513.08938156567,244.34707262629,0.14072364674272,0.097701245125943,0.10481396171657,844.16461383042,-0.030611620391256,-0.0011837980396733,2.6862418304281e-05,842.60596052753,-9.4844397288742e-06,-0.033582078675607,0.011743197695109,6.4945169049665e-21,0,0,5.7662978713764e-25,5.7859828192192e-16,2.0694952781306e-27,0,9.9342300954837e-30,1.6515955948386e-26,0,3.0426970034627e-30,1.9214988307344e-28,5.8800242000871e-10,0,0,0.0015410534721765,0.010102765893911,2.6364954552825e-06,0,5.0104609816206e-11,1.2271968803415e-05,0,1.8583716191131e-11,1.2742292029148e-09
0.001115625,858.11288890289,248.40735284199,584.43848919153,0.97741707853608,0.97723458413469,0.99981571212164,1038185651.5356,9.135857668493e-05,0.00032838215381133,0.00015033802452066,1.1057867139307,1.1072822654483e-05,1.1072822654483e-05,1.0973944360468e-05,1.0973944360468e-05,1.1072822654483e-05,0.49716723195371,0.49716723195371,0.49716723195371,0.54620204444806,0.54620204444806,0.54620204444806,1.0973944360468e-05,84.116227255363,1.4605155156562e-14,1.1332118853691e-11,-2.1789751534199,-5.4288454990435,-0.3181271036604,-1.2912020846618e-13,-1.8314563840958,-0.38060699962881,-6.3930669610529e-12,-6.4031572957192,97.555560271307,513.27953231885,513.27953231885,513.27953221998,513.27953221998,513.27953231885,513.77668847798,513.77668847798,513.77668847798,513.82572329048,513.82572329048,513.82572329048,513.27953221998,244.45791472232,0.14133015183767,0.098121382568579,0.10525896062319,844.58698273398,-0.031127579408423,-0.0011960036125708,2.7322557233136e-05,843.0170963104,-1.0006823947478e-05,-0.034120517886941,0.011743197695109,6.1892318855366e-21,0,0,5.3473966316722e-25,5.4137604723509e-16,1.9412387975954e-27,0,9.4706293241809e-30,1.5520456824922e-26,0,2.892028064937e-30,1.8210926672413e-28,5.8800242001747e-10,0,0,0.0015410534721765,0.010102765893911,2.6364954552825e-06,0,5.0104609816206e-11,1.2271968803415e-05,0,1.8583716191131e-11,1.2742292029148e-09
0.001120625,856.08093782376,247.87818650158,583.2047749302,0.97741707853608,0.97723458413469,0.99981571212164,1041382953.1045,9.1804577400958e-05,0.00032985721053614,0.00015099108501244,1.1062850131756,1.1333318289049e-05,1.1333318289049e-05,1.1139611209563e-05,1.1139611209563e-05,1.1333318289049e-05,0.49689252213674,0.49689252213674,0.49689252213674,0.54530997998526,0.54530997998526,0.54530997998526,1.1139611209563e-05,84.051210936334,1.4420381105685e-14,1.1548782931251e-11,-2.1897267885595,-5.4609322512895,-0.32204624165369,-1.3192941386223e-13,-1.8412933343672,-0.38519950702663,-6.5479086492417e-12,-6.4412656798655,97.474532721349,513.46795720634,513.46795720634,513.46795701264,513.46795701264,513.46795720634,513.96483839516,513.96483839516,513.96483839516,514.01325585301,514.01325585301,514.01325585301,513.46795701264,244.56811636823,0.14193632553193,0.098541269687751,0.1057037357557,845.0063556099,-0.031649720237092,-0.0012080831652652,2.7791301441325e-05,843.42528141497,-1.0540053059533e-05,-0.034664900297251,0.01174319769511,5.8991578317941e-21,0,0,4.9601353284922e-25,5.0664619515485e-16,1.8212725570996e-27,0,9.029442082758e-30,1.4587668565431e-26,0,2.7490778731447e-30,1.7262481740955e-28,5.8800242002581e-10,0,0,0.0015410534721765,0.010102765893912,2.6364954552825e-06,0,5.0104609816206e-11,1.2271968803415e-05,0,1.8583716191131e-11,1.2742292029148e-09
0.001125625,854.04299034293,247.34770193743,581.96746919427,0.97741707853608,0.97723458413469,0.99981571212164,1044570749.0223,9.225061918243e-05,0.00033133229540343,0.00015164357857154,1.1067833415558,1.1564913198554e-05,1.1564913198554e-05,1.1299240029801e-05,1.1299240029801e-05,1.1564913198554e-05,0.49661633993474,0.49661633993474,0.49661633993474,0.54441400705065,0.54441400705065,0.54441400705065,1.1299240029801e-05,83.986080045957,1.4237797145809e-14,1.1770572015694e-11,-2.2005035779267,-5.4931071743328,-0.325991858474,-1.3476857431629e-13,-1.8511622145309,-0.38982068408242,-6.7051200031456e-12,-6.4794712777206,97.393300666494,513.65466808168,513.65466808168,513.654667816,513.654667816,513.65466808168,514.1512728567,514.1512728567,514.1512728567,514.19907052381,514.19907052381,514.19907052381,513.654667816,244.67767366631,0.14254216746044,0.098960906155774,0.10614828737271,845.42274876029,-0.032178084046044,-0.0012200317366634,2.8268910492424e-05,843.83053341618,-1.1084473200849e-05,-0.035215259581789,0.01174319769511,5.6234941293521e-21,0,0,4.6020327152918e-25,4.7423528714314e-16,1.7090362212362e-27,0,8.6095422319544e-30,1.3713451767839e-26,0,2.6134368031427e-30,1.636639259183e-28,5.8800242003376e-10,0,0,0.0015410534721765,0.010102765893913,2.6364954552825e-06,0,5.0104609816206e-11,1.2271968803415e-05,0,1.8583716191131e-11,1.2742292029148e-09
0.001130625,851.99910686079,246.81591744276,580.72660875506,0.97741707853608,0.97723458413469,0.99981571212164,1047749026.9617,9.2696684736308e-05,0.0003328074083875,0.0001522955195259,1.1072816987978,1.1780412046651e-05,1.1780412046651e-05,1.1453460886353e-05,1.1453460886353e-05,1.1780412046651e-05,0.49633868285949,0.49633868285949,0.49633868285949,0.54351413769274,0.54351413769274,0.54351413769274,1.1453460886353e-05,83.920835132307,1.4057363859907e-14,1.1997569773321e-11,-2.2113054817487,-5.52536964991,-0.32996374742808,-1.3763767269248e-13,-1.8610629932555,-0.39447023476413,-6.8647203665096e-12,-6.5177731375556,97.311865280165,513.83967674639,513.83967674639,513.83967641944,513.83967641944,513.83967674639,514.33600364884,514.33600364884,514.33600364884,514.38317910367,514.38317910367,514.38317910367,513.83967641944,244.78658253995,0.14314767726058,0.099380291646653,0.10659261573319,845.83617843075,-0.032712712110878,-0.0012318434611577,2.8755072319191e-05,844.23286980517,-1.164020897914e-05,-0.035771630238303,0.011743197695111,5.3614845401559e-21,0,0,4.2708093266463e-25,4.4398241059941e-16,1.6040091213758e-27,0,8.2098625349554e-30,1.2893953815082e-26,0,2.4847177365615e-30,1.5519600315107e-28,5.8800242004135e-10,0,0,0.0015410534721765,0.010102765893913,2.6364954552825e-06,0,5.0104609816206e-11,1.2271968803415e-05,0,1.8583716191131e-11,1.2742292029148e-09
0.001135625,849.94934848669,246.28285148117,579.48223080749,0.97741707853608,0.97723458413469,0.99981571212164,1050917774.5643,9.3142771747203e-05,0.00033428254946201,0.00015294690486714,1.1077800846284,1.1984279089843e-05,1.1984279089843e-05,1.183436630664e-05,1.183436630664e-05,1.1984279089843e-05,0.49605954850139,0.49605954850139,0.49605954850139,0.54261038430972,0.54261038430972,0.54261038430972,1.183436630664e-05,83.855476808069,1.3879042771553e-14,1.2229860137717e-11,-2.2221324589684,-5.5577190547443,-0.33396169774041,-1.4053672609955e-13,-1.8709956367357,-0.39914785857499,-7.0267309156156e-12,-6.5561702994778,97.230227761452,514.02299490806,514.02299490806,514.02299475815,514.02299475815,514.02299490806,514.51904247228,514.51904247228,514.51904247228,514.56559330809,514.56559330809,514.56559330809,514.02299475815,244.89483914465,0.14375285457225,0.09979942583617,0.10703672109646,846.24666078054,-0.033253645420112,-0.0012435134312724,2.9250230770749e-05,844.63230796175,-1.2207489184168e-05,-0.036334045851851,0.011743197695111,5.1124146153077e-21,0,0,3.9643704778097e-25,4.1573824040254e-16,1.5057073130738e-27,0,7.8293914361031e-30,1.2125588006245e-26,0,2.3625547817491e-30,1.4719234806862e-28,5.8800242004858e-10,0,0,0.0015410534721765,0.010102765893914,2.6364954552825e-06,0,5.0104609816206e-11,1.2271968803415e-05,0,1.8583716191131e-11,1.2742292029148e-09
0.001140625,847.89377702907,245.74852268301,578.23437296382,0.97741707853608,0.97723458413469,0.99981571212164,1054076979.4449,9.3588878261569e-05,0.00033575771860144,0.00015359773118099,1.1082784987735,1.2178825982737e-05,1.2178825982737e-05,1.2268070075733e-05,1.2268070075733e-05,1.2178825982737e-05,0.49577893453005,0.49577893453005,0.49577893453005,0.54170275964867,0.54170275964867,0.54170275964867,1.2268070075733e-05,83.790005943782,1.3702796537527e-14,1.2467527131232e-11,-2.2329844684966,-5.5901547750098,-0.33798549614493,-1.434657900001e-13,-1.8809601144921,-0.40385325197143,-7.1911748110742e-12,-6.5946618147811,97.148388714535,514.2046341876,514.2046341876,514.20463427685,514.20463427685,514.2046341876,514.70040094331,514.70040094331,514.70040094331,514.74632476842,514.74632476842,514.74632476842,514.20463427685,245.00243975351,0.14435769903744,0.10021830840151,0.1074806037222,846.6542119971,-0.033800925395187,-0.0012550364155415,2.9754549483766e-05,845.0288652602,-1.2786797022312e-05,-0.036902540448332,0.011743197695111,4.875609300439e-21,0,0,3.6807907589199e-25,3.8936417630461e-16,1.4136808702517e-27,0,7.4671700783464e-30,1.1405014358869e-26,0,2.2466020870762e-30,1.3962602543623e-28,5.8800242005547e-10,0,0,0.0015410534721765,0.010102765893915,2.6364954552825e-06,0,5.0104609816206e-11,1.2271968803415e-05,0,1.8583716191131e-11,1.2742292029148e-09
0.001145625,845.83245498469,245.2129498414,576.98307324664,0.97741707853608,0.97723458413469,0.99981571212164,1057226629.2391,9.4035002274491e-05,0.00033723291577825,0.00015424799512984,1.1087769409609,1.2365479014163e-05,1.2365479014163e-05,1.2684565581041e-05,1.2684565581041e-05,1.2365479014163e-05,0.49549683869426,0.49549683869426,0.49549683869426,0.54079127680452,0.54079127680452,0.54079127680452,1.2684565581041e-05,83.724423123445,1.3528588518155e-14,1.2710655175607e-11,-2.24386146763,-5.6226761692939,-0.342034924254,-1.4642495682312e-13,-1.8909563867205,-0.40858610578905,-7.3580773052364e-12,-6.6332466987755,97.066349957134,514.38460611843,514.38460611843,514.38460643752,514.38460643752,514.38460611843,514.88009059165,514.88009059165,514.88009059165,514.92538502976,514.92538502976,514.92538502976,514.38460643752,245.10938133737,0.1449622103013,0.10063693902217,0.10792426387038,847.05884801316,-0.034354592882419,-0.0012664070188497,3.0268028440657e-05,845.42255879697,-1.337831863427e-05,-0.037477148017114,0.011743197695112,4.6504305924652e-21,0,0,3.4182998425492e-25,3.6473153864071e-16,1.3275113647954e-27,0,7.122289334811e-30,1.0729121667056e-26,0,2.1365326714021e-30,1.324717500564e-28,5.8800242006205e-10,0,0,0.0015410534721765,0.010102765893915,2.6364954552825e-06,0,5.0104609816206e-11,1.2271968803415e-05,0,1.8583716191131e-11,1.2742292029148e-09
0.001150625,843.76544552833,244.6761519084,575.72837008262,0.97741707853608,0.97723458413469,0.99981571212164,1060366711.534,9.4481141579548e-05,0.00033870814096354,0.00015489769363362,1.1092754109187,1.2545211346185e-05,1.2545211346185e-05,1.3047821293509e-05,1.3047821293509e-05,1.2545211346185e-05,0.49521325882338,0.49521325882338,0.49521325882338,0.5398759492188,0.5398759492188,0.5398759492188,1.3047821293509e-05,83.658728942357,1.3356382789734e-14,1.2959328316075e-11,-2.2547634082938,-5.6552825877401,-0.34610975938633,-1.4941435889049e-13,-1.9009844087462,-0.41334610711981,-7.5274657078641e-12,-6.6719239572291,96.984112885253,514.56292215464,514.56292215464,514.56292265725,514.56292265725,514.56292215464,515.05812286825,515.05812286825,515.05812286825,515.10278555864,515.10278555864,515.10278555864,514.56292265725,245.21565998483,0.14556638801184,0.10105531737964,0.1083677018013,847.46058465263,-0.034914688734023,-0.0012776201027462,3.0790799339544e-05,845.81340554296,-1.3982287435214e-05,-0.038057902321404,0.011743197695112,4.4362754190313e-21,0,0,3.1752695618443e-25,3.4172083602561e-16,1.2468095639296e-27,0,6.7938871533499e-30,1.0095011083159e-26,0,2.0320373721113e-30,1.2570578054656e-28,5.8800242006832e-10,0,0,0.0015410534721765,0.010102765893916,2.6364954552825e-06,0,5.0104609816206e-11,1.2271968803415e-05,0,1.8583716191131e-11,1.2742292029148e-09
0.001155625,841.69281250486,244.13814799222,574.47030229745,0.97741707853608,0.97723458413469,0.99981571212164,1063497213.8714,9.4927294058165e-05,0.00034018339412803,0.0001555468235219,1.1097739083753,1.2718729661188e-05,1.2718729661188e-05,1.3356928079732e-05,1.3356928079732e-05,1.2718729661188e-05,0.49492819282812,0.49492819282812,0.49492819282812,0.53895679067965,0.53895679067965,0.53895679067965,1.3356928079732e-05,83.592924029351,1.3186144185825e-14,1.3213630420449e-11,-2.2656902408152,-5.68797337164,-0.35020977551822,-1.5243417065292e-13,-1.9110441326033,-0.41813293967734,-7.6993697417671e-12,-6.7106925860738,96.901678813118,514.73959366792,514.73959366792,514.73959430611,514.73959430611,514.73959366792,515.23450914201,515.23450914201,515.23450914201,515.27853773987,515.27853773987,515.27853773987,514.73959430611,245.32127187449,0.14617023181976,0.10147344315736,0.10881091777555,847.85943766697,-0.03548125392331,-0.0012886704069679,3.1323001866355e-05,846.2014223681,-1.4598855863136e-05,-0.038644837279495,0.011743197695112,4.2325736431729e-21,0,0,2.9502020892357e-25,3.2022108589919e-16,1.1712132987e-27,0,6.4811460405617e-30,9.4999809451349e-27,0,1.9328238477216e-30,1.1930582018957e-28,5.8800242007431e-10,0,0,0.0015410534721765,0.010102765893916,2.6364954552825e-06,0,5.0104609816206e-11,1.2271968803415e-05,0,1.8583716191131e-11,1.2742292029148e-09
0.001160625,839.61462041909,243.59895735363,573.20890910964,0.97741707853608,0.97723458413469,0.99981571212164,1066618123.7717,9.5373457616825e-05,0.0003416586752421,0.00015619538161635,1.1102724330592,1.2886570014287e-05,1.2886570014287e-05,1.3637641053466e-05,1.3637641053466e-05,1.2886570014287e-05,0.49464163870126,0.49464163870126,0.49464163870126,0.53803381532077,0.53803381532077,0.53803381532077,1.3637641053466e-05,83.527009066336,1.301783838219e-14,1.3473645344604e-11,-2.2766419136734,-5.7207478585231,-0.35433474383336,-1.5548461159124e-13,-1.9211355088601,-0.42294628421684,-7.8738215908211e-12,-6.7495515765291,96.819048988864,514.91463194758,514.91463194758,514.91463269865,514.91463269865,514.91463194758,515.40926069971,515.40926069971,515.40926069971,515.45265287633,515.45265287633,515.45265287633,514.91463269865,245.42621356309,0.14677374137847,0.10189131604067,0.10925391205404,848.2554227442,-0.036054329281908,-0.0012995529199851,3.186491901459e-05,846.58662604803,-1.5228583522631e-05,-0.039237986644994,0.011743197695113,4.0387861839258e-21,0,0,2.7417191294838e-25,3.0012918651319e-16,1.1003854959345e-27,0,6.1832906707199e-30,8.9415127309936e-27,0,1.8386156348365e-30,1.1325092449622e-28,5.8800242008002e-10,0,0,0.0015410534721765,0.010102765893916,2.6364954552825e-06,0,5.0104609816206e-11,1.2271968803415e-05,0,1.8583716191131e-11,1.2742292029148e-09
0.001165625,837.53093442451,243.05859940196,571.94423012329,0.97741707853608,0.97723458413469,0.99981571212164,1069729428.7571,9.5819630149181e-05,0.00034313398427556,0.00015684336477002,1.1107709846993,1.3224027578539e-05,1.3224027578539e-05,1.4133977748544e-05,1.4133977748544e-05,1.3224027578539e-05,0.49435359451799,0.49435359451799,0.49435359451799,0.53710703762005,0.53710703762005,0.53710703762005,1.4133977748544e-05,83.460984784897,1.2851431812394e-14,1.3739456790746e-11,-2.2876183741678,-5.7536053822165,-0.35848443301705,-1.5856594860914e-13,-1.9312584869643,-0.42778581888338,-8.050856009192e-12,-6.7884999149318,96.736224624158,515.08804837578,515.08804837578,515.08804928573,515.08804928573,515.08804837578,515.58238874627,515.58238874627,515.58238874627,515.62514218937,515.62514218937,515.62514218937,515.08804928573,245.53048197761,0.14737691634411,0.10230893571684,0.10969668489798,848.6485555086,-0.036633955383904,-0.0013102623223068,3.2416421426986e-05,846.96903326278,-1.5871555369743e-05,-0.039837384269836,0.011743197695113,3.8544032414523e-21,0,0,2.5485520397832e-25,2.8134933684911e-16,1.0340123580176e-27,0,5.8995856223416e-30,8.4172580347779e-27,0,1.7491512576522e-30,1.0752141478642e-28,5.8800242008547e-10,0,0,0.0015410534721765,0.010102765893917,2.6364954552825e-06,0,5.0104609816206e-11,1.2271968803415e-05,0,1.8583716191131e-11,1.2742292029148e-09
0.001170625,835.44182031161,242.51709369101,570.67630532087,0.97741707853608,0.97723458413469,0.99981571212164,1072831116.3669,9.6265809537443e-05,0.00034460932119962,0.0001574907698586,1.1112695630233,1.362492902505e-05,1.362492902505e-05,1.4487425272887e-05,1.4487425272887e-05,1.362492902505e-05,0.4940640584362,0.4940640584362,0.4940640584362,0.53617647239811,0.53617647239811,0.53617647239811,1.4487425272887e-05,83.394851763617,1.2686892069032e-14,1.4011148440215e-11,-2.2986195732308,-5.7865452677557,-0.36265861207056,-1.6167850138885e-13,-1.9414130237247,-0.43265122154099,-8.2305104176969e-12,-6.8275366157396,96.653206557607,515.25985397184,515.25985397184,515.25985483434,515.25985483434,515.25985397184,515.75390440535,515.75390440535,515.75390440535,515.79601681931,515.79601681931,515.79601681931,515.25985483434,245.63407429116,0.14797975637484,0.10272630187457,0.11013923656892,849.03885168526,-0.037220172895647,-0.0013207936773796,3.2977867138563e-05,847.34866074713,-1.6528005666005e-05,-0.04044306382962,0.011743197695113,3.6789426682715e-21,0,0,2.3695328026906e-25,2.637925028404e-16,9.7180168841127e-28,0,5.6293333030999e-30,7.925026580236e-27,0,1.6641834081356e-30,1.0209879848433e-28,5.8800242009067e-10,0,0,0.0015410534721765,0.010102765893917,2.6364954552825e-06,0,5.0104609816206e-11,1.2271968803415e-05,0,1.8583716191131e-11,1.2742292029148e-09
0.001175625,833.34734449128,241.97445991305,569.40517505234,0.97741707853608,0.97723458413469,0.99981571212164,1075923174.2478,9.6711993682734e-05,0.00034608468598222,0.00015813759376373,1.1117681677619,1.403960365958e-05,1.403960365958e-05,1.4990505071335e-05,1.4990505071335e-05,1.403960365958e-05,0.4937730286958,0.4937730286958,0.4937730286958,0.53524213481463,0.53524213481463,0.53524213481463,1.4990505071335e-05,83.32861080232,1.2524186959891e-14,1.4288803287784e-11,-2.3096454543043,-5.8195668330663,-0.36685704296644,-1.6482263671541e-13,-1.9515990555194,-0.43754216489673,-8.4128251579823e-12,-6.8666606203017,96.569997101144,515.43005972657,515.43005972657,515.43006067747,515.43006067747,515.43005972657,515.92381871566,515.92381871566,515.92381871566,515.96528782178,515.96528782178,515.96528782178,515.43006067747,245.73698896151,0.14858226113297,0.10314341420559,0.11058156732863,849.426326584,-0.037813022373236,-0.0013311417151356,3.3549263288011e-05,847.72552481506,-1.7198335204013e-05,-0.041055059282907,0.011743197695113,3.5119482699306e-21,0,0,2.2035857364364e-25,2.4737591538981e-16,9.1348131130292e-28,0,5.3718717433801e-30,7.4627748334235e-27,0,1.5834780951945e-30,9.6965691051083e-29,5.8800242009564e-10,0,0,0.0015410534721765,0.010102765893918,2.6364954552825e-06,0,5.0104609816206e-11,1.2271968803415e-05,0,1.8583716191131e-11,1.2742292029148e-09
0.001180625,831.24757399233,241.43071789823,568.13088003424,0.97741707853608,0.97723458413469,0.99981571212164,1079005589.9753,9.7158180750973e-05,0.0003475600785927,0.000158783833071,1.1122667986445,1.4539373570079e-05,1.4539373570079e-05,1.538078092759e-05,1.538078092759e-05,1.4539373570079e-05,0.49348050362114,0.49348050362114,0.49348050362114,0.53430404037059,0.53430404037059,0.53430404037059,1.538078092759e-05,83.262262929734,1.2363285344592e-14,1.4572503877756e-11,-2.3206959565442,-5.8526694081064,-0.37107948824374,-1.679987759685e-13,-1.961816527132,-0.44245832127664,-8.5978434407253e-12,-6.9058709025984,96.486596673088,515.59867668068,515.59867668068,515.59867752209,515.59867752209,515.59867668068,516.09214264493,516.09214264493,516.09214264493,516.13296618168,516.13296618168,516.13296618168,515.59867752209,245.8392220614,0.14918443028295,0.10356027240311,0.11102367743918,849.81099564074,-0.038412544274614,-0.0013413016081807,3.4130672374279e-05,848.09964186188,-1.7882810569802e-05,-0.041673404167198,0.011743197695113,3.3529884511274e-21,0,0,2.0497199619728e-25,2.3202262067455e-16,8.5879765848894e-28,0,5.1265728759244e-30,7.0285958984924e-27,0,1.5068139545701e-30,9.2105748542781e-29,5.8800242010038e-10,0,0,0.0015410534721765,0.010102765893918,2.6364954552825e-06,0,5.0104609816206e-11,1.2271968803415e-05,0,1.8583716191131e-11,1.2742292029148e-09
0.001185625,829.14257644658,240.8858876094,566.85346134003,0.97741707853608,0.97723458413469,0.99981571212164,1082078351.1683,9.7604368458803e-05,0.00034903549899726,0.00015942948492057,1.1127654554023,1.4905459405223e-05,1.4905459405223e-05,1.5835018489824e-05,1.5835018489824e-05,1.4905459405223e-05,0.49318648162028,0.49318648162028,0.49318648162028,0.53336220490544,0.53336220490544,0.53336220490544,1.5835018489824e-05,83.195808565457,1.2204156340511e-14,1.486233207919e-11,-2.3317710211989,-5.8858522697192,-0.3753257069803,-1.7120739544897e-13,-1.9720653729202,-0.44739936079425,-8.7856114528256e-12,-6.945166401371,96.403007423216,515.76571550053,515.76571550053,515.76571643009,515.76571643009,515.76571550053,516.25888707669,516.25888707669,516.25888707669,516.29906279997,516.29906279997,516.29906279997,515.76571643009,245.94077127094,0.14978626349275,0.10397687616292,0.11146556716289,850.19287406752,-0.039018778807757,-0.001351268375874,3.4722364921272e-05,848.47102803654,-1.8581649362546e-05,-0.042298132140417,0.011743197695114,3.2016547660637e-21,0,0,1.9070224627285e-25,2.1766105217438e-16,8.075144268278e-28,0,4.8928406417917e-30,6.6207098361631e-27,0,1.4339815212636e-30,8.7503600654931e-29,5.8800242010491e-10,0,0,0.0015410534721765,0.010102765893918,2.6364954552825e-06,0,5.0104609816206e-11,1.2271968803415e-05,0,1.8583716191131e-11,1.2742292029148e-09
0.001190625,827.03242007707,240.33998913814,565.57296039299,0.97741707853608,0.97723458413469,0.99981571212164,1085141445.4598,9.8050554895949e-05,0.00035051094716255,0.00016007454601932,1.1132641377664,1.5229511901002e-05,1.5229511901002e-05,1.6217565943356e-05,1.6217565943356e-05,1.5229511901002e-05,0.49289096118622,0.49289096118622,0.49289096118622,0.5324166445951,0.5324166445951,0.5324166445951,1.6217565943356e-05,83.129249035919,1.2046770023488e-14,1.5158368907394e-11,-2.3428705805208,-5.9191147530297,-0.37959545712928,-1.7444902792473e-13,-1.9823455259947,-0.45236495242659,-8.9761780303057e-12,-6.9845460546693,96.319230019374,515.93118708783,515.93118708783,515.93118807588,515.93118807588,515.93118708783,516.4240628195,516.4240628195,516.4240628195,516.46358850291,516.46358850291,516.46358850291,515.93118807588,246.04163390915,0.15038776043311,0.10439322518277,0.11190723676233,850.57197704692,-0.039631766318647,-0.0013610368871103,3.5324387136892e-05,848.83969943075,-1.9295159022852e-05,-0.042929277071017,0.011743197695114,3.0575606309296e-21,0,0,1.7746517588264e-25,2.0422464253228e-16,7.5941135185485e-28,0,4.6701093359404e-30,6.2374548321671e-27,0,1.3647825758134e-30,8.3144789987191e-29,5.8800242010923e-10,0,0,0.0015410534721765,0.010102765893918,2.6364954552825e-06,0,5.0104609816206e-11,1.2271968803415e-05,0,1.8583716191131e-11,1.2742292029148e-09
0.001195625,824.91717368705,239.79304270093,564.28941895921,0.97741707853608,0.97723458413469,0.99981571212164,1088194860.515,9.8496737977318e-05,0.00035198642305388,0.0001607190133119,1.1137628454686,1.564569780555e-05,1.564569780555e-05,1.6561123271599e-05,1.6561123271599e-05,1.564569780555e-05,0.4925939408969,0.4925939408969,0.4925939408969,0.53146737595092,0.53146737595092,0.53146737595092,1.6561123271599e-05,83.062584801653,1.1891096881376e-14,1.5460695120418e-11,-2.3539945696963,-5.9524561268589,-0.38388849510327,-1.7772426680021e-13,-1.9926569165278,-0.45735476433519,-9.16959535421e-12,-7.0240087915086,96.235266247407,516.09510230779,516.09510230779,516.09510322322,516.09510322322,516.09510230779,516.58768060299,516.58768060299,516.58768060299,516.62655403805,516.62655403805,516.62655403805,516.09510322322,246.14180758886,0.15098892077792,0.10480931916272,0.11234868650034,850.94831966628,-0.040251546866398,-0.0013706024683624,3.5936725889494e-05,849.20567200418,-2.0023627018104e-05,-0.043566872350968,0.011743197695114,2.9203401026689e-21,0,0,1.6518320986941e-25,1.916514604556e-16,7.1428307058157e-28,0,4.4578419913182e-30,5.8772789948487e-27,0,1.2990295206865e-30,7.9015715120176e-29,5.8800242011336e-10,0,0,0.0015410534721765,0.010102765893919,2.6364954552825e-06,0,5.0104609816206e-11,1.2271968803415e-05,0,1.8583716191131e-11,1.2742292029148e-09
0.001200625,822.79690664662,239.24506863475,563.00287913933,0.97741707853608,0.97723458413469,0.99981571212164,1091238584.051,9.8942915636526e-05,0.00035346192663729,0.0001613628837366,1.1142615782402,1.6003173916079e-05,1.6003173916079e-05,1.6984106636528e-05,1.6984106636528e-05,1.6003173916079e-05,0.49229541941558,0.49229541941558,0.49229541941558,0.53051441581731,0.53051441581731,0.53051441581731,1.6984106636528e-05,82.995816384041,1.1737108249252e-14,1.5769390626876e-11,-2.3651429245026,-5.9858756620149,-0.38820457742732,-1.8103376940956e-13,-2.0029994768076,-0.46236846575802,-9.3659189154611e-12,-7.0635535474674,96.151117477429,516.25747166362,516.25747166362,516.25747264455,516.25747264455,516.25747166362,516.74975107986,516.74975107986,516.74975107986,516.78797007626,516.78797007626,516.78797007626,516.25747264455,246.24129022767,0.15158974420383,0.10522515780481,0.11278991664,851.32191703035,-0.040878160348077,-0.0013799601746774,3.6559832048023e-05,849.56896169367,-2.0766996462783e-05,-0.044210951667395,0.011743197695114,2.7896467352731e-21,0,0,1.5378481465581e-25,1.7988387735999e-16,6.7193806931893e-28,0,4.2555288895792e-30,5.5387327478645e-27,0,1.2365447999827e-30,7.510357742521e-29,5.8800242011731e-10,0,0,0.0015410534721765,0.010102765893919,2.6364954552825e-06,0,5.0104609816206e-11,1.2271968803415e-05,0,1.8583716191131e-11,1.2742292029148e-09
0.001205625,820.67168887883,238.69608739234,561.71338335972,0.97741707853608,0.97723458413469,0.99981571212164,1094272603.8869,9.9389085903793e-05,0.00035493745787686,0.00016200615413093,1.1147603358134,1.6550170686564e-05,1.6550170686564e-05,1.7352534518082e-05,1.7352534518082e-05,1.6550170686564e-05,0.49199539549057,0.49199539549057,0.49199539549057,0.52955778136916,0.52955778136916,0.52955778136916,1.7352534518082e-05,82.928945035938,1.1584776345092e-14,1.6084533853646e-11,-2.376315573937,-6.0193726592705,-0.39254345995913,-1.843782579683e-13,-2.0133731344186,-0.46740572528102,-9.5652075725251e-12,-7.1031792457226,96.066784728278,516.4183059782,516.4183059782,516.41830678056,516.41830678056,516.4183059782,516.91028482352,516.91028482352,516.91028482352,516.9478472094,516.9478472094,516.9478472094,516.41830678056,246.34008045815,0.15219023039061,0.10564074081332,0.11323092744466,851.692784143,-0.041511646843622,-0.0013891053323438,3.7193358442388e-05,849.92958430524,-2.1526038415381e-05,-0.044861548582298,0.011743197695114,2.6651524625206e-21,0,0,1.4320401072048e-25,1.6886825644095e-16,6.3219770294514e-28,0,4.0626861006774e-30,5.220461734463e-27,0,1.1771603338973e-30,7.1396330632427e-29,5.8800242012108e-10,0,0,0.0015410534721765,0.010102765893919,2.6364954552825e-06,0,5.0104609816206e-11,1.2271968803415e-05,0,1.8583716191131e-11,1.2742292029148e-09
0.001210625,818.54159084779,238.14611953819,560.42097436511,0.97741707853608,0.97723458413469,0.99981571212164,1097296907.9205,9.9835246747561e-05,0.00035641301673708,0.00016264882142955,1.1152591179208,1.7022760047072e-05,1.7022760047072e-05,1.7684830953812e-05,1.7684830953812e-05,1.7022760047072e-05,0.49169386795555,0.49169386795555,0.49169386795555,0.52859749011034,0.52859749011034,0.52859749011034,1.7684830953812e-05,82.861970965171,1.143407362166e-14,1.6406203000083e-11,-2.387512451509,-6.0529463508038,-0.39690489797369,-1.8775852465893e-13,-2.0237778143273,-0.47246621258293,-9.7675236197429e-12,-7.1428848098796,95.982269983368,516.57761548671,516.57761548671,516.57761614878,516.57761614878,516.57761548671,517.06929233191,517.06929233191,517.06929233191,517.10619595406,517.10619595406,517.10619595406,516.57761614878,246.43817663811,0.15279037902116,0.10605606789487,0.11367171917788,852.06093594885,-0.042152046159274,-0.0013980331696145,3.7837649254844e-05,850.28755555102,-2.2300828974309e-05,-0.045518696701224,0.011743197695115,2.5465465912427e-21,0,0,1.3337992602313e-25,1.585546662485e-16,5.9489529293932e-28,0,3.8788541305834e-30,4.921200275678e-27,0,1.1207169994427e-30,6.7882634574411e-29,5.8800242012468e-10,0,0,0.0015410534721765,0.010102765893919,2.6364954552825e-06,0,5.0104609816206e-11,1.2271968803415e-05,0,1.8583716191131e-11,1.2742292029148e-09
0.001215625,816.40668354349,237.59518574346,559.12569520903,0.97741707853608,0.97723458413469,0.99981571212164,1100311484.1319,0.00010028139617959,0.00035788860318077,0.00016329088253599,1.1157579242961,1.7528426309339e-05,1.7528426309339e-05,1.7994667272216e-05,1.7994667272216e-05,1.7528426309339e-05,0.49139083572963,0.49139083572963,0.49139083572963,0.52763355987037,0.52763355987037,0.52763355987037,1.7994667272216e-05,82.794895578667,1.1284973209587e-14,1.6734474348332e-11,-2.3987334792671,-6.0865960399496,-0.40128864549521,-1.9117542986361e-13,-2.0342134344764,-0.47754959655904,-9.9729326423985e-12,-7.182669130131,95.897574433217,516.73541071947,516.73541071947,516.73541118571,516.73541118571,516.73541071947,517.22678402677,517.22678402677,517.22678402677,517.26302675091,517.26302675091,517.26302675091,516.73541118571,246.53557721678,0.15339018978191,0.10647113875861,0.11411229210341,852.42638719914,-0.042799397791319,-0.0014067390262742,3.8492967844931e-05,850.64289092607,-2.3091599767907e-05,-0.04618242950993,0.011743197695115,2.4335348086219e-21,0,0,1.2425638641279e-25,1.4889661500166e-16,5.5987528529258e-28,0,3.7035966244711e-30,4.6397652443804e-27,0,1.067064129471e-30,6.455181104414e-29,5.8800242012812e-10,0,0,0.0015410534721765,0.01010276589392,2.6364954552825e-06,0,5.0104609816206e-11,1.2271968803415e-05,0,1.8583716191131e-11,1.2742292029148e-09
0.001220625,814.26703847338,237.04330678349,557.8275892489,0.97741707853608,0.97723458413469,0.99981571212164,1103316320.5581,0.00010072753223998,0.00035936421717034,0.00016393233434611,1.1162567546732,1.7979080941414e-05,1.7979080941414e-05,1.8287022623754e-05,1.8287022623754e-05,1.7979080941414e-05,0.49108629781822,0.49108629781822,0.49108629781822,0.52666600880424,0.52666600880424,0.52666600880424,1.8287022623754e-05,82.727719449702,1.113744896814e-14,1.7069423411025e-11,-2.4099785814242,-6.1203209697023,-0.4056944576247,-1.9462990905507e-13,-2.0446799132769,-0.48265554831953,-1.0181503817148e-11,-7.2225311077931,95.812699508288,516.89170193905,516.89170193905,516.891702247,516.891702247,516.89170193905,517.38277025779,517.38277025779,517.38277025779,517.41834996878,517.41834996878,517.41834996878,516.891702247,246.63228034166,0.15398966236224,0.10688595311586,0.11455264648526,852.7891526695,-0.04345374135632,-0.0014152184209673,3.915899851151e-05,850.99560590939,-2.3898692296649e-05,-0.046852780424935,0.011743197695115,2.3258383050495e-21,0,0,1.1578154079598e-25,1.3985080635936e-16,5.2699247969533e-28,0,3.5364991926167e-30,4.3750504873562e-27,0,1.0160590597119e-30,6.1393803720987e-29,5.8800242013141e-10,0,0,0.0015410534721765,0.01010276589392,2.6364954552825e-06,0,5.0104609816206e-11,1.2271968803415e-05,0,1.8583716191131e-11,1.2742292029148e-09
0.001225625,812.12272764633,236.49050353238,556.52670013587,0.97741707853608,0.97723458413469,0.99981571212164,1106311405.3536,0.00010117365291953,0.00036083985866759,0.00016457317382666,1.1167556087864,1.8461320967974e-05,1.8461320967974e-05,1.8564537773014e-05,1.8564537773014e-05,1.8461320967974e-05,0.49078025331268,0.49078025331268,0.49078025331268,0.52569485538885,0.52569485538885,0.52569485538885,1.8564537773014e-05,82.660443621581,1.0991475327469e-14,1.7411123995347e-11,-2.4212476786513,-6.1541203988324,-0.41012208957029,-1.9812297510624e-13,-2.0551771656382,-0.48778374000733,-1.0393310062908e-11,-7.2624696294286,95.727646574001,517.04649950567,517.04649950567,517.04649960889,517.04649960889,517.04649950567,517.53726129766,517.53726129766,517.53726129766,517.57217589974,517.57217589974,517.57217589974,517.04649960889,246.72828500431,0.15458879645484,0.10730051068036,0.11499278258762,853.14924702514,-0.044115116167296,-0.0014234664671192,3.9836899303515e-05,851.34571583627,-2.4721706790212e-05,-0.04752978319541,0.011743197695115,2.2231929031365e-21,0,0,1.0790751622806e-25,1.3137691076905e-16,4.9611130693849e-28,0,3.3771682407766e-30,4.1260215482594e-27,0,9.6756668241899e-31,5.8399139703956e-29,5.8800242013455e-10,0,0,0.0015410534721765,0.01010276589392,2.6364954552825e-06,0,5.0104609816206e-11,1.2271968803415e-05,0,1.8583716191131e-11,1.2742292029148e-09
0.001230625,809.97382356074,235.93679695932,555.22307180755,0.97741707853608,0.97723458413469,0.99981571212164,1109296726.7801,0.00010161975621935,0.00036231552763298,0.00016521339795129,1.1172544863706,1.8906706788537e-05,1.8906706788537e-05,1.8828792011022e-05,1.8828792011022e-05,1.8906706788537e-05,0.49047270139061,0.49047270139061,0.49047270139061,0.52472011842112,0.52472011842112,0.52472011842112,1.8828792011022e-05,82.593068741212,1.0847027383484e-14,1.7759649052894e-11,-2.4325406917527,-6.1879935646426,-0.41457129774046,-2.0165572289511e-13,-2.0657051047865,-0.49293384658751,-1.060842808594e-11,-7.3024835838738,95.642417139624,517.19981355135,517.19981355135,517.19981347343,517.19981347343,517.19981355135,517.69026734603,517.69026734603,517.69026734603,517.72451476306,517.72451476306,517.72451476306,517.19981347343,246.82359010058,0.15518759175555,0.10771481116817,0.1154327006749,853.50668491278,-0.044783561777512,-0.0014314791499537,4.0525280586256e-05,851.69323598529,-2.5561952252111e-05,-0.048213470949794,0.011743197695115,2.1253482587927e-21,0,0,1.0059010214041e-25,1.2343735552029e-16,4.6710516278682e-28,0,3.2252299046898e-30,3.8917108194219e-27,0,9.2145903734381e-31,5.5558894033143e-29,5.8800242013756e-10,0,0,0.0015410534721765,0.01010276589392,2.6364954552825e-06,0,5.0104609816206e-11,1.2271968803415e-05,0,1.8583716191131e-11,1.2742292029148e-09
0.001235625,807.82039918929,235.38220812347,553.91674847845,0.97741707853608,0.97723458413469,0.99981571212164,1112272273.2365,0.00010206584020107,0.00036379122402725,0.00016585300364943,1.1177533871613,1.929684691104e-05,1.929684691104e-05,1.9080705304299e-05,1.9080705304299e-05,1.929684691104e-05,0.49016364131574,0.49016364131574,0.49016364131574,0.52374181701475,0.52374181701475,0.52374181701475,1.9080705304299e-05,82.525595838778,1.0704080753503e-14,1.8115069176954e-11,-2.4438575373233,-6.2219397101839,-0.41904183924298,-2.052293324959e-13,-2.0762636403522,-0.49810554455638,-1.0826938418086e-11,-7.3425718459394,95.557012629127,517.35165418326,517.35165418326,517.35165396712,517.35165396712,517.35165418326,517.84179852773,517.84179852773,517.84179852773,517.87537670343,517.87537670343,517.87537670343,517.35165396712,246.91819495973,0.15578604796362,0.10812885429784,0.11587240101169,853.86148086608,-0.045459117306936,-0.0014392516327651,4.1224898060848e-05,852.03818149251,-2.6419263228271e-05,-0.048903877514995,0.011743197695115,2.0320670927365e-21,0,0,9.3788460039699e-26,1.1599712880094e-16,4.3985578725486e-28,0,3.0803290064895e-30,3.6712130056971e-27,0,8.776149152852e-31,5.2864656129605e-29,5.8800242014043e-10,0,0,0.0015410534721765,0.01010276589392,2.6364954552825e-06,0,5.0104609816206e-11,1.2271968803415e-05,0,1.8583716191131e-11,1.2742292029148e-09
0.001240625,805.66252796621,234.82675817001,552.60777463218,0.97741707853608,0.97723458413469,0.99981571212164,1115238033.2397,0.00010251190290146,0.00036526694781063,0.0001664919878955,1.1182523108944,1.9654712318023e-05,1.9654712318023e-05,1.9320646167099e-05,1.9320646167099e-05,1.9654712318023e-05,0.489853072438,0.489853072438,0.489853072438,0.52275997059812,0.52275997059812,0.52275997059812,1.9320646167099e-05,82.458025811413,1.0562611640501e-14,1.8477453297782e-11,-2.4551981295735,-6.2559580682003,-0.42353347248528,-2.088450736996e-13,-2.0868526790885,-0.50329851303654,-1.1048925572213e-11,-7.3827332842607,95.471434485398,517.50203147796,517.50203147796,517.50203114389,517.50203114389,517.50203147796,517.99186489568,517.99186489568,517.99186489568,518.02477179384,518.02477179384,518.02477179384,517.50203114389,247.01209869152,0.15638416478166,0.10854263979041,0.11631188386278,854.21364935152,-0.046141821488937,-0.0014467800849696,4.193618717355e-05,852.38056739313,-2.7293708626942e-05,-0.049601035758784,0.011743197695115,1.9431244775792e-21,0,0,8.7464857324828e-26,1.0902359917793e-16,4.1425269089772e-28,0,2.9421280944736e-30,3.4636809315573e-27,0,8.3591949215702e-31,5.0308498648171e-29,5.8800242014318e-10,0,0,0.0015410534721765,0.010102765893921,2.6364954552825e-06,0,5.0104609816206e-11,1.2271968803415e-05,0,1.8583716191131e-11,1.2742292029148e-09
0.001245625,803.50028377331,234.27046832567,551.29619501277,0.97741707853608,0.97723458413469,0.99981571212164,1118193995.4356,0.0001029579423884,0.00036674269894237,0.00016713034764978,1.1187512573065,1.9986924556751e-05,1.9986924556751e-05,1.9548309031644e-05,1.9548309031644e-05,1.9986924556751e-05,0.4895409941935,0.4895409941935,0.4895409941935,0.52177459891156,0.52177459891156,0.52177459891156,1.9548309031644e-05,82.390359475334,1.042259687201e-14,1.8846868833562e-11,-2.4665623810774,-6.2900478624919,-0.42804595764345,-2.125043111203e-13,-2.0974721252727,-0.5085124344811,-1.1274478124216e-11,-7.42296676356,95.385684204414,517.65095542302,517.65095542302,517.65095498441,517.65095498441,517.65095542302,518.14047643029,518.14047643029,518.14047643029,518.17271003501,518.17271003501,518.17271003501,517.65095498441,247.10530058774,0.15698194191559,0.10895616736937,0.11675114949312,854.56320478772,-0.046831713474663,-0.0014540600125029,4.26587998584e-05,852.72040863759,-2.8185697367984e-05,-0.050304979355647,0.011743197695115,1.8583071641193e-21,0,0,8.1584422752452e-26,1.0248634799314e-16,3.9019262188862e-28,0,2.8103065289377e-30,3.2683216380331e-27,0,7.9626398193645e-31,4.7882948261022e-29,5.8800242014581e-10,0,0,0.0015410534721765,0.010102765893921,2.6364954552825e-06,0,5.0104609816206e-11,1.2271968803415e-05,0,1.8583716191131e-11,1.2742292029148e-09
0.001250625,801.33374092548,233.71335989408,549.98205461569,0.97741707853608,0.97723458413469,0.99981571212164,1121140148.6183,0.0001034039567464,0.00036821847738102,0.00016776807987194,1.1192502261347,2.0295297840287e-05,2.0295297840287e-05,1.9871809766906e-05,1.9871809766906e-05,2.0295297840287e-05,0.48922740610444,0.48922740610444,0.48922740610444,0.52078572200433,0.52078572200433,0.52078572200433,1.9871809766906e-05,82.322597702327,1.0284013901815e-14,1.9223381315579e-11,-2.4779502021796,-6.3242083126333,-0.432579056825,-2.1620850940174e-13,-2.1081218804377,-0.51374699479097,-1.1503688841628e-11,-7.4632711422025,95.299763292999,517.79843592881,517.79843592881,517.79843550532,517.79843550532,517.79843592881,518.28764303962,518.28764303962,518.28764303962,518.31920135552,518.31920135552,518.31920135552,517.79843550532,247.19780022709,0.15757937907473,0.10936943676072,0.11719019816786,854.91016152689,-0.04752883193891,-0.0014610871933984,4.3392929817386e-05,853.05772007552,-2.9095379520588e-05,-0.051015741691674,0.011743197695115,1.7774129439113e-21,0,0,7.6114921749231e-26,9.6357013753313e-17,3.6757907090345e-28,0,2.6845596111496e-30,3.0843927511072e-27,0,7.5854530733487e-31,4.5580958259496e-29,5.8800242014832e-10,0,0,0.0015410534721765,0.010102765893921,2.6364954552825e-06,0,5.0104609816206e-11,1.2271968803415e-05,0,1.8583716191131e-11,1.2742292029148e-09
0.001255625,799.16297415635,233.15545425123,548.66539867894,0.97741707853608,0.97723458413469,0.99981571212164,1124076481.7393,0.00010384994397208,0.00036969428308522,0.00016840518165695,1.1197492171162,2.057560250675e-05,2.057560250675e-05,2.0125553136248e-05,2.0125553136248e-05,2.057560250675e-05,0.48891230777897,0.48891230777897,0.48891230777897,0.51979336023167,0.51979336023167,0.51979336023167,2.0125553136248e-05,82.254741470553,1.0146840771583e-14,1.9607054168746e-11,-2.4893615014575,-6.3584386397436,-0.43713253529506,-2.1995923986694e-13,-2.1188018461949,-0.51900188435989,-1.173665488422e-11,-7.5036452816306,95.213672981036,517.94448282816,517.94448282816,517.94448237811,517.94448237811,517.94448282816,518.43337456034,518.43337456034,518.43337456034,518.46425561279,518.46425561279,518.46425561279,517.94448237811,247.28959734708,0.15817647597159,0.10978244769282,0.11762903015231,855.25453390609,-0.048233215513895,-0.0014678576705774,4.4138837788926e-05,853.3925165031,-3.0023054606854e-05,-0.051733355972598,0.011743197695115,1.7002500536614e-21,0,0,7.1026550081913e-26,9.0609148181493e-17,3.4632181232487e-28,0,2.5645977699456e-30,2.9111991145515e-27,0,7.2266579227208e-31,4.3395882986811e-29,5.8800242015073e-10,0,0,0.0015410534721765,0.010102765893921,2.6364954552825e-06,0,5.0104609816206e-11,1.2271968803415e-05,0,1.8583716191131e-11,1.2742292029148e-09
0.001260625,796.98805860364,232.59677284089,547.34627267401,0.97741707853608,0.97723458413469,0.99981571212164,1127002983.9429,0.00010429590217607,0.00037117011601167,0.00016904164996999,1.1202482299898,2.0803446659995e-05,2.0803446659995e-05,2.0311589904616e-05,2.0311589904616e-05,2.0803446659995e-05,0.48859569891079,0.48859569891079,0.48859569891079,0.51879753425176,0.51879753425176,0.51879753425176,2.0311589904616e-05,82.186791579554,1.001105597815e-14,1.9997948866498e-11,-2.500796184379,-6.3927380448714,-0.44170615886423,-2.2375818374071e-13,-2.1295119153129,-0.52427679607178,-1.1973477743067e-11,-7.5440880157439,95.127415252607,518.08910586143,518.08910586143,518.08910536957,518.08910536957,518.08910586143,518.57768075689,518.57768075689,518.57768075689,518.60788259223,518.60788259223,518.60788259223,518.08910536957,247.38069218387,0.15877323232261,0.11019519989698,0.11806764571192,855.59633607916,-0.048944902766429,-0.0014743675060934,4.4896616643101e-05,853.72481250692,-3.0968924801978e-05,-0.052457855489395,0.011743197695116,1.6266365942191e-21,0,0,6.6291743897191e-26,8.5218081805872e-17,3.2633647489229e-28,0,2.4501457549516e-30,2.748089625033e-27,0,6.8853286052101e-31,4.1321453551228e-29,5.8800242015303e-10,0,0,0.0015410534721765,0.010102765893921,2.6364954552825e-06,0,5.0104609816206e-11,1.2271968803415e-05,0,1.8583716191131e-11,1.2742292029148e-09
0.001265625,794.80906979554,232.03733717036,546.02472229752,0.97741707853608,0.97723458413469,0.99981571212164,1129919644.504,0.00010474182936218,0.00037264597611649,0.00016967748194076,1.1207472644947,2.1103525073437e-05,2.1103525073437e-05,2.0713972359448e-05,2.0713972359448e-05,2.1103525073437e-05,0.48827757927958,0.48827757927958,0.48827757927958,0.5177982650229,0.5177982650229,0.5177982650229,2.0713972359448e-05,82.118748942089,9.8766385442235e-15,2.0396124396931e-11,-2.5122541521145,-6.4271057304942,-0.4462996962732,-2.2760713998004e-13,-2.1402519783261,-0.52957142743523,-1.2214263559355e-11,-7.5845981765068,95.040991556786,518.23231485064,518.23231485064,518.23231446109,518.23231446109,518.23231485064,518.7205713264,518.7205713264,518.7205713264,518.75009201214,518.75009201214,518.75009201214,518.23231446109,247.47108418724,0.15936964784769,0.11060769310707,0.11850604511229,855.935582164,-0.049663931683515,-0.001480612552883,4.5665839887916e-05,854.05462260276,-3.1933291125378e-05,-0.053189273569177,0.011743197695116,1.5564000074966e-21,0,0,6.1885005628034e-26,8.0160800629356e-17,3.0754414718502e-28,0,2.3409419237238e-30,2.594454334197e-27,0,6.5605876638165e-31,3.9351755508068e-29,5.8800242015523e-10,0,0,0.0015410534721765,0.010102765893921,2.6364954552825e-06,0,5.0104609816206e-11,1.2271968803415e-05,0,1.8583716191131e-11,1.2742292029148e-09
0.001270625,792.62608363669,231.47716880615,544.70079346264,0.97741707853608,0.97723458413469,0.99981571212164,1132826452.863,0.00010518772372897,0.00037412186335734,0.00017031267447193,1.1212463203689,2.1393346985504e-05,2.1393346985504e-05,2.1036219324689e-05,2.1036219324689e-05,2.1393346985504e-05,0.48795794875078,0.48795794875078,0.48795794875078,0.5167955738006,0.5167955738006,0.5167955738006,2.1036219324689e-05,82.050614435451,9.7435686051296e-15,2.0801637525907e-11,-2.5237353091427,-6.4615408902977,-0.45091292308899,-2.3150803813907e-13,-2.1510219365016,-0.53488548314059,-1.2459123408933e-11,-7.6251746326071,94.954402760144,518.37411934011,518.37411934011,518.37411898299,518.37411898299,518.37411934011,518.86205589552,518.86205589552,518.86205589552,518.89089352057,518.89089352057,518.89089352057,518.37411898299,247.56077329596,0.15996572226934,0.11101992705891,0.11894422861922,856.2722864228,-0.050390340955508,-0.0014865889597301,4.6446882106595e-05,854.3819613979,-3.2916342045257e-05,-0.053927643707355,0.011743197695116,1.4893765941872e-21,0,0,5.7782743775286e-26,7.5415831526652e-17,2.8987101209484e-28,0,2.2367375682887e-30,2.4497217566131e-27,0,6.2516034108591e-31,3.7481208156879e-29,5.8800242015733e-10,0,0,0.0015410534721765,0.010102765893921,2.6364954552825e-06,0,5.0104609816206e-11,1.2271968803415e-05,0,1.8583716191131e-11,1.2742292029148e-09
0.001275625,790.4391763877,230.91628936734,543.37453228603,0.97741707853608,0.97723458413469,0.99981571212164,1135723398.7274,0.00010563358332416,0.000375597777688,0.00017094722467416,1.1217453973535,2.1673779290062e-05,2.1673779290062e-05,2.1330493408384e-05,2.1330493408384e-05,2.1673779290062e-05,0.48763680727382,0.48763680727382,0.48763680727382,0.51578948213212,0.51578948213212,0.51578948213212,2.1330493408384e-05,81.982389000393,9.611826164689e-15,2.121454252848e-11,-2.5352395540029,-6.4960427207653,-0.45554561359534,-2.3546293689429e-13,-2.1618216719565,-0.54021867022658,-1.2708173050452e-11,-7.6658161925691,94.867651229575,518.51452888272,518.51452888272,518.51452853943,518.51452853943,518.51452888272,519.00214401621,519.00214401621,519.00214401621,519.03029669107,519.03029669107,519.03029669107,518.51452853943,247.64976082358,0.16056145531469,0.11143190149179,0.11938219649859,856.60646277,-0.051124168068756,-0.0014922932101674,4.7239821025931e-05,854.70684314426,-3.391814378649e-05,-0.054672998722265,0.011743197695116,1.4254109899424e-21,0,0,5.3963124863155e-26,7.096313372097e-17,2.7324799708151e-28,0,2.1372961889888e-30,2.3133562666396e-27,0,5.9575872725729e-31,3.5704543846229e-29,5.8800242015935e-10,0,0,0.0015410534721765,0.010102765893921,2.6364954552825e-06,0,5.0104609816206e-11,1.2271968803415e-05,0,1.8583716191131e-11,1.2742292029148e-09
0.001280625,788.24842465791,230.35472052384,542.04598508391,0.97741707853608,0.97723458413469,0.99981571212164,1138610471.9331,0.00010607940631701,0.00037707371906239,0.00017158112954033,1.1222444951892,2.1945530543567e-05,2.1945530543567e-05,2.1607808331947e-05,2.1607808331947e-05,2.1945530543567e-05,0.4873141548837,0.4873141548837,0.4873141548837,0.51478001185623,0.51478001185623,0.51478001185623,2.1607808331947e-05,81.914073533336,9.4813920432952e-15,2.1634890905655e-11,-2.5467667804712,-6.5306104039465,-0.46019754659457,-2.3947403661922e-13,-2.1726510680148,-0.54557070151833,-1.2961533646481e-11,-7.7065216754073,94.780738293225,518.65355296945,518.65355296945,518.65355263172,518.65355263172,518.65355296945,519.1408451788,519.1408451788,519.1408451788,519.16831103577,519.16831103577,519.16831103577,518.65355263172,247.73804628765,0.16115684671422,0.11184361614752,0.11981994901642,856.93812514579,-0.051865451291593,-0.0014977216221207,4.8045403525436e-05,855.02928207709,-3.4939061253125e-05,-0.055425371986945,0.011743197695116,1.3643557495566e-21,0,0,5.0405938262506e-26,6.6784001103291e-17,2.5761046068925e-28,0,2.0423929145896e-30,2.1848557986308e-27,0,5.6777915896734e-31,3.4016790052722e-29,5.8800242016128e-10,0,0,0.0015410534721765,0.010102765893921,2.6364954552825e-06,0,5.0104609816206e-11,1.2271968803415e-05,0,1.8583716191131e-11,1.2742292029148e-09
0.001285625,786.0539053888,229.79248399117,540.71519836174,0.97741707853608,0.97723458413469,0.99981571212164,1141487662.5029,0.00010652519072302,0.00037854968743398,0.00017221438626575,1.1227436136175,2.2294933980679e-05,2.2294933980679e-05,2.1872372282768e-05,2.1872372282768e-05,2.2294933980679e-05,0.48698999170024,0.48698999170024,0.48698999170024,0.51376718509907,0.51376718509907,0.51376718509907,2.1872372282768e-05,81.845668949121,9.3522475567297e-15,2.2062731550507e-11,-2.558316881636,-6.5652431183468,-0.46486850498593,-2.4354368874886e-13,-2.1835100065919,-0.55094129562877,-1.3219331759413e-11,-7.7472898969117,94.693665453886,518.79120110648,518.79120110648,518.79120068392,518.79120068392,518.79120110648,519.27816880325,519.27816880325,519.27816880325,519.30494599665,519.30494599665,519.30494599665,518.79120068392,247.82563000372,0.16175189620192,0.11225507077053,0.12025748643884,857.26728744722,-0.052614227948217,-0.0015028708138463,4.8862542991553e-05,855.34929235432,-3.5979296777463e-05,-0.056184796340868,0.011743197695116,1.3060709199551e-21,0,0,4.7092471214914e-26,6.2860969837491e-17,2.4289789574863e-28,0,1.9518139028785e-30,2.0637496423555e-27,0,5.4115074022157e-31,3.2413251911945e-29,5.8800242016313e-10,0,0,0.0015410534721765,0.010102765893922,2.6364954552825e-06,0,5.0104609816206e-11,1.2271968803415e-05,0,1.8583716191131e-11,1.2742292029148e-09
0.001290625,783.85569583841,229.22960152581,539.38221880458,0.97741707853608,0.97723458413469,0.99981571212164,1144354960.6691,0.0001069709346638,0.00038002568275607,0.00017284699194757,1.1232427523803,2.263246713745e-05,2.263246713745e-05,2.2126434116734e-05,2.2126434116734e-05,2.263246713745e-05,0.48666431792765,0.48666431792765,0.48666431792765,0.51275102427053,0.51275102427053,0.51275102427053,2.2126434116734e-05,81.777176009267,9.2243747224575e-15,2.2498110714562e-11,-2.5698897499405,-6.5999400280397,-0.46955827618231,-2.476744060304e-13,-2.1943983685538,-0.55633017769016,-1.3481699587134e-11,-7.7881196745327,94.606434325688,518.92748255583,518.92748255583,518.9274820498,518.9274820498,518.92748255583,519.41412424129,519.41412424129,519.41412424129,519.44021094764,519.44021094764,519.44021094764,518.9274820498,247.91251261477,0.16234660351531,0.11266626510794,0.12069480903214,857.593963544,-0.0533705358771,-0.0015077367868169,4.9691755669908e-05,855.66688807043,-3.7039181762368e-05,-0.056951305496212,0.011743197695116,1.2504236410807e-21,0,0,4.4005393921485e-26,5.9177732905791e-17,2.2905365394931e-28,0,1.8653557796384e-30,1.9495963999928e-27,0,5.1580623765807e-31,3.0889495911743e-29,5.880024201649e-10,0,0,0.0015410534721765,0.010102765893922,2.6364954552825e-06,0,5.0104609816206e-11,1.2271968803415e-05,0,1.8583716191131e-11,1.2742292029148e-09
0.001295625,781.65387356566,228.66609492027,538.04709326743,0.97741707853608,0.97723458413469,0.99981571212164,1147212356.8928,0.00010741663635896,0.00038150170498087,0.00017347894357889,1.1237419112202,2.301141795825e-05,2.301141795825e-05,2.2371402194633e-05,2.2371402194633e-05,2.301141795825e-05,0.48633713385386,0.48633713385386,0.48633713385386,0.5117315520604,0.5117315520604,0.5117315520604,2.2371402194633e-05,81.708595852386,9.0977559701317e-15,2.2941071455906e-11,-2.5814852733844,-6.634700314842,-0.47426665127569,-2.5186887133938e-13,-2.2053160304529,-0.56173707812908,-1.3748775407771e-11,-7.8290098110582,94.519046417407,519.0624066541,519.0624066541,519.06240601408,519.06240601408,519.0624066541,519.54872077654,519.54872077654,519.54872077654,519.57411519474,519.57411519474,519.57411519474,519.06240601408,247.99869505017,0.16294096839572,0.11307719890973,0.12113191706269,857.91816718943,-0.054134412148533,-0.001512316610285,5.0533263122788e-05,855.98208317466,-3.8118566583307e-05,-0.057724932077258,0.011743197695116,1.1972877633491e-21,0,0,4.1128653656706e-26,5.5719060468138e-17,2.1602468872192e-28,0,1.7828250982919e-30,1.8419820720429e-27,0,4.9168188159426e-31,2.9441334482728e-29,5.8800242016659e-10,0,0,0.0015410534721765,0.010102765893922,2.6364954552825e-06,0,5.0104609816206e-11,1.2271968803415e-05,0,1.8583716191131e-11,1.2742292029148e-09
0.001300625,779.44851641626,228.10198599903,536.70986876663,0.97741707853608,0.97723458413469,0.99981571212164,1150059841.8387,0.00010786229384573,0.00038297775406023,0.00017411023839702,1.1242410898808,2.341568994632e-05,2.341568994632e-05,2.2608249619808e-05,2.2608249619808e-05,2.341568994632e-05,0.48600843985044,0.48600843985044,0.48600843985044,0.51070879143529,0.51070879143529,0.51070879143529,2.2608249619808e-05,81.639929297922,8.9723743304376e-15,2.3391654036236e-11,-2.5931033392997,-6.6695231379134,-0.47899342610057,-2.5612994972932e-13,-2.2162628677157,-0.56716173427736,-1.4020704061932e-11,-7.8699591098731,94.431503318083,519.19598260307,519.19598260307,519.19598179563,519.19598179563,519.19598260307,519.68196762723,519.68196762723,519.68196762723,519.70666797882,519.70666797882,519.70666797882,519.19598179563,248.0841779348,0.16353499058806,0.11348787192861,0.12156881079698,858.23991210743,-0.054905894214588,-0.00151660661796,5.1387035615318e-05,856.29489155005,-3.9217864203338e-05,-0.058505709582881,0.011743197695116,1.1465434961663e-21,0,0,3.8447377431206e-26,5.2470726388246e-17,2.0376131741719e-28,0,1.7040378431159e-30,1.7405182906261e-27,0,4.6871718308359e-31,2.8064811724719e-29,5.8800242016821e-10,0,0,0.0015410534721765,0.010102765893922,2.6364954552825e-06,0,5.0104609816206e-11,1.2271968803415e-05,0,1.8583716191131e-11,1.2742292029148e-09
0.001305625,777.23970250715,227.5372966138,535.37059247026,0.97741707853608,0.97723458413469,0.99981571212164,1152897406.3941,0.00010830790526256,0.00038445382994507,0.00017474087354017,1.124740288106,2.375813222727e-05,2.375813222727e-05,2.2837691610393e-05,2.2837691610393e-05,2.375813222727e-05,0.485678236372,0.485678236372,0.485678236372,0.50968276563471,0.50968276563471,0.50968276563471,2.2837691610393e-05,81.571177325778,8.84821336665e-15,2.3849895311722e-11,-2.6047438318506,-6.704407657439,-0.48373840105345,-2.6046069974314e-13,-2.2272387524651,-0.57260388987236,-1.4297636791029e-11,-7.9109663673925,94.343806588387,519.3282194664,519.3282194664,519.32821854596,519.32821854596,519.3282194664,519.81387394464,519.81387394464,519.81387394464,519.8378784739,519.8378784739,519.8378784739,519.32821854596,248.16896217191,0.16412866984101,0.11389828392012,0.12200549050158,858.55921194578,-0.055685018899402,-0.00152060408849,5.2253124512657e-05,856.60532697548,-4.0337232840299e-05,-0.059293670579476,0.011743197695116,1.0980770684468e-21,0,0,3.5947782201054e-26,4.9419439550711e-17,1.9221699880447e-28,0,1.6288189473862e-30,1.6448406616569e-27,0,4.4685475755065e-31,2.6756189865297e-29,5.8800242016976e-10,0,0,0.0015410534721765,0.010102765893922,2.6364954552825e-06,0,5.0104609816206e-11,1.2271968803415e-05,0,1.8583716191131e-11,1.2742292029148e-09
0.001310625,775.0275102117,226.9720486392,534.02931168913,0.97741707853608,0.97723458413469,0.99981571212164,1155725041.667,0.00010875346884285,0.000385929932585,0.00017537084606099,1.1252395056408,2.4075108999248e-05,2.4075108999248e-05,2.3060277892977e-05,2.3060277892977e-05,2.4075108999248e-05,0.4853465239558,0.4853465239558,0.4853465239558,0.50865349816765,0.50865349816765,0.50865349816765,2.3060277892977e-05,81.502341060943,8.7252570806505e-15,2.431582854413e-11,-2.6164066307969,-6.7393530351066,-0.48850138095073,-2.6486438525018e-13,-2.238243552415,-0.57806329474171,-1.4579731464208e-11,-7.9520303699531,94.2559577351,519.45912636572,519.45912636572,519.45912535089,519.45912535089,519.45912636572,519.94444881457,519.94444881457,519.94444881457,519.96775578878,519.96775578878,519.96775578878,519.45912535089,248.25304867005,0.16472200590709,0.11430843464274,0.12244195644315,858.87608025956,-0.056471823147756,-0.0015243059389915,5.3131410219254e-05,856.91340311028,-4.1476999964026e-05,-0.060088848105052,0.011743197695116,1.0517804093358e-21,0,0,3.3617092180024e-26,4.6552780161635e-17,1.8134812614481e-28,0,1.557001838672e-30,1.5546072204355e-27,0,4.2604015867404e-31,2.5511936575869e-29,5.8800242017125e-10,0,0,0.0015410534721765,0.010102765893922,2.6364954552825e-06,0,5.0104609816206e-11,1.2271968803415e-05,0,1.8583716191131e-11,1.2742292029148e-09
0.001315625,772.81201814544,226.40626396856,532.68607386808,0.97741707853608,0.97723458413469,0.99981571212164,1158542738.973,0.00010919898281971,0.0003874060619293,0.00017600015302761,1.1257387422307,2.4374829334219e-05,2.4374829334219e-05,2.3276446283431e-05,2.3276446283431e-05,2.4374829334219e-05,0.48501330322141,0.48501330322141,0.48501330322141,0.50762101280919,0.50762101280919,0.50762101280919,2.3276446283431e-05,81.433421362273,8.6034903035155e-15,2.4789483923817e-11,-2.628091615221,-6.774358414982,-0.49328217590868,-2.6934448985941e-13,-2.2492771342426,-0.58353970621647,-1.4867153470568e-11,-7.9931499045151,94.16795833806,519.58871233017,519.58871233017,519.58871123178,519.58871123178,519.58871233017,520.07370125856,520.07370125856,520.07370125856,520.09630896815,520.09630896815,520.09630896815,519.58871123178,248.33643819595,0.16531499854248,0.11471832385773,0.12287820888845,859.19053057602,-0.057266343647887,-0.0015277086803676,5.4022231642097e-05,857.21913355067,-4.2637224492819e-05,-0.060891275579258,0.011743197695116,1.0075508525995e-21,0,0,3.1443462688438e-26,4.3859140726102e-17,1.7111383522238e-28,0,1.4884280153407e-30,1.4694969964751e-27,0,4.0622172377877e-31,2.4328713166038e-29,5.8800242017268e-10,0,0,0.0015410534721765,0.010102765893922,2.6364954552825e-06,0,5.0104609816206e-11,1.2271968803415e-05,0,1.8583716191131e-11,1.2742292029148e-09
0.001320625,770.59330515031,225.83996450932,531.3409265763,0.97741707853608,0.97723458413469,0.99981571212164,1161350489.8546,0.00010964444515048,0.00038888221792665,0.00017662879187034,1.1262379976219,2.4661035430109e-05,2.4661035430109e-05,2.3627931572229e-05,2.3627931572229e-05,2.4661035430109e-05,0.4846785748701,0.4846785748701,0.4846785748701,0.5065853335965,0.5065853335965,0.5065853335965,2.3627931572229e-05,81.364419165608,8.4828980737199e-15,2.5270888178845e-11,-2.6397986623555,-6.8094229407443,-0.49808060132998,-2.7390473079627e-13,-2.2603393626048,-0.589032888943,-1.5160075963548e-11,-8.0343237546013,94.07980998309,519.71698631881,519.71698631881,519.71698528571,519.71698528571,519.71698631881,520.20164023265,520.20164023265,520.20164023265,520.22354699137,520.22354699137,520.22354699137,519.71698528571,248.41913179169,0.16590764750713,0.11512795132926,0.12331424810431,859.50257636476,-0.058068616846669,-0.0015308100596384,5.4925639302437e-05,857.52253180466,-4.3818161754967e-05,-0.061700985411428,0.011743197695116,9.6529085158133e-22,0,0,2.9415909880549e-26,4.1327670914133e-17,1.6147582473644e-28,0,1.4229466377824e-30,1.389208669012e-27,0,3.8735042538765e-31,2.3203363392109e-29,5.8800242017404e-10,0,0,0.0015410534721765,0.010102765893922,2.6364954552825e-06,0,5.0104609816206e-11,1.2271968803415e-05,0,1.8583716191131e-11,1.2742292029148e-09
0.001325625,768.37145027941,225.27317217851,529.993917498,0.97741707853608,0.97723458413469,0.99981571212164,1164148286.087,0.00011008985406151,0.00039035840052581,0.00017725675971772,1.1267372715608,2.4935880008374e-05,2.4935880008374e-05,2.3892063686415e-05,2.3892063686415e-05,2.4935880008374e-05,0.48434233968425,0.48434233968425,0.48434233968425,0.50554648482485,0.50554648482485,0.50554648482485,2.3892063686415e-05,81.295335539375,8.3634662009121e-15,2.5760064304259e-11,-2.6515276481626,-6.8445457623974,-0.50289647927112,-2.7854907549981e-13,-2.2714301041495,-0.59454261560914,-1.5458680131901e-11,-8.0755507131411,93.991513902207,519.84395722475,519.84395722475,519.84395618093,519.84395618093,519.84395722475,520.32827462855,520.32827462855,520.32827462855,520.34947877369,520.34947877369,520.34947877369,519.84395618093,248.50113060709,0.16649995256448,0.11553731682409,0.12375007435764,859.81223110494,-0.058878679098247,-0.0015336067736365,5.5841273212925e-05,857.82361135382,-4.5019870504374e-05,-0.062518010937409,0.011743197695116,9.2490771450684e-22,0,0,2.7524246022049e-26,3.8948226478737e-17,1.5239818959383e-28,0,1.3604141475375e-30,1.3134593174861e-27,0,3.6937973286914e-31,2.2132903025248e-29,5.8800242017535e-10,0,0,0.0015410534721765,0.010102765893922,2.6364954552825e-06,0,5.0104609816206e-11,1.2271968803415e-05,0,1.8583716191131e-11,1.2742292029148e-09
0.001330625,766.14653277996,224.70590889764,528.64509442186,0.97741707853608,0.97723458413469,0.99981571212164,1166936119.7011,0.00011053520773086,0.00039183460967354,0.00017788405377552,1.1272365637954,2.5200766121489e-05,2.5200766121489e-05,2.4136424292311e-05,2.4136424292311e-05,2.5200766121489e-05,0.48400459852633,0.48400459852633,0.48400459852633,0.504504491043,0.504504491043,0.504504491043,2.4136424292311e-05,81.226171300338,8.2451808114022e-15,2.6257031919893e-11,-2.6632784454219,-6.8797260029455,-0.50772963464899,-2.8328175230385e-13,-2.2825492137918,-0.60006866508149,-1.5763156218068e-11,-8.1168295395451,93.903072315109,519.96963387476,519.96963387476,519.96963281042,519.96963281042,519.96963387476,520.45361327252,520.45361327252,520.45361327252,520.47411316504,520.47411316504,520.47411316504,519.96963281042,248.58243611357,0.16709191348241,0.11594642011249,0.12418568791541,860.11950805829,-0.059696566426921,-0.0015360964639204,5.6769458695424e-05,858.12238544449,-4.6242632172148e-05,-0.063342384754857,0.011743197695116,8.8631333893484e-22,0,0,2.5759019644025e-26,3.6711321324529e-17,1.4384726353231e-28,0,1.300693885117e-30,1.2419832396146e-27,0,3.5226547587929e-31,2.111450979089e-29,5.880024201766e-10,0,0,0.0015410534721765,0.010102765893922,2.6364954552825e-06,0,5.0104609816206e-11,1.2271968803415e-05,0,1.8583716191131e-11,1.2742292029148e-09
0.001335625,763.91863208259,224.13819659004,527.29450523484,0.97741707853608,0.97723458413469,0.99981571212164,1169713982.9201,0.00011098050435394,0.00039331084531635,0.00017851067125875,1.1277358740742,2.5456683542897e-05,2.5456683542897e-05,2.4368135536009e-05,2.4368135536009e-05,2.5456683542897e-05,0.48366535233939,0.48366535233939,0.48366535233939,0.50345937705107,0.50345937705107,0.50345937705107,2.4368135536009e-05,81.156927412844,8.1280285785797e-15,2.6761806595354e-11,-2.6750509228903,-6.9149627926922,-0.51257989909165,-2.8810727067434e-13,-2.2936965484719,-0.60561082434846,-1.6073703448493e-11,-8.1581590048098,93.814486576708,520.09402503579,520.09402503579,520.09402394724,520.09402394724,520.09402503579,520.57766493144,520.57766493144,520.57766493144,520.59745895615,520.59745895615,520.59745895615,520.09402394724,248.66304899426,0.16768353003238,0.11635526096741,0.12462108904463,860.42442050935,-0.060522314656392,-0.001538276709654,5.7710194325591e-05,858.41886731215,-4.7486520029029e-05,-0.064174139445411,0.011743197695116,8.4942398436032e-22,0,0,2.41114605987e-26,3.4608083621474e-17,1.3579147552262e-28,0,1.2436557602398e-30,1.1745308727617e-27,0,3.3596572399439e-31,2.0145514310301e-29,5.880024201778e-10,0,0,0.0015410534721765,0.010102765893922,2.6364954552825e-06,0,5.0104609816206e-11,1.2271968803415e-05,0,1.8583716191131e-11,1.2742292029148e-09
0.001340625,761.68782778411,223.57005717565,525.94219791151,0.97741707853608,0.97723458413469,0.99981571212164,1172481868.2045,0.00011142574205936,0.00039478711024411,0.0001791366094824,1.1282352021462,2.5704368835046e-05,2.5704368835046e-05,2.4590024256208e-05,2.4590024256208e-05,2.5704368835046e-05,0.48332460214592,0.48332460214592,0.48332460214592,0.50241116789573,0.50241116789573,0.50241116789573,2.4590024256208e-05,81.087604845188,8.0119967068687e-15,2.7274400074824e-11,-2.6868449487574,-6.9502552579758,-0.51744711015561,-2.9303043803917e-13,-2.3048719633916,-0.61116888820115,-1.6390530771578e-11,-8.199537875982,93.725758262824,520.2171394097,520.2171394097,520.21713829535,520.21713829535,520.2171394097,520.70043830748,520.70043830748,520.70043830748,520.71952487323,520.71952487323,520.71952487323,520.21713829535,248.74297053211,0.16827480198968,0.11676383916479,0.12505627801238,860.72698168758,-0.061355959649467,-0.0015401448614239,5.8663634694844e-05,858.71307010812,-4.8751615129588e-05,-0.065013308036482,0.011743197695116,8.1416004235875e-22,0,0,2.2573429174446e-26,3.2630214465832e-17,1.2820121387123e-28,0,1.1891759186668e-30,1.1108677701053e-27,0,3.204406675438e-31,1.9223391336962e-29,5.8800242017895e-10,0,0,0.0015410534721765,0.010102765893922,2.6364954552825e-06,0,5.0104609816206e-11,1.2271968803415e-05,0,1.8583716191131e-11,1.2742292029148e-09
0.001345625,759.45419963222,223.0015125667,524.5882205047,0.97741707853608,0.97723458413469,0.99981571212164,1175239768.2526,0.00011187091910354,0.00039626341190899,0.00017976186563662,1.1287345477613,2.5944391622223e-05,2.5944391622223e-05,2.4803595922594e-05,2.4803595922594e-05,2.5944391622223e-05,0.48298234904718,0.48298234904718,0.48298234904718,0.50135988886605,0.50135988886605,0.50135988886605,2.4803595922594e-05,81.018204567624,7.8970728911295e-15,2.7794820146535e-11,-2.6986603890942,-6.9856025212005,-0.52233111124104,-2.980563777944e-13,-2.3160753113417,-0.61674265927647,-1.6713857406695e-11,-8.2409649172609,93.636888970204,520.33898563576,520.33898563576,520.33898449496,520.33898449496,520.33898563576,520.82194204041,520.82194204041,520.82194204041,520.84031958023,520.84031958023,520.84031958023,520.33898449496,248.82220205437,0.16886572913352,0.11717215448358,0.1254912550858,861.02720476003,-0.062197537020643,-0.0015416986960805,5.9629336799925e-05,859.00500689374,-5.0038577592138e-05,-0.065859923178222,0.011743197695116,7.8044582199295e-22,0,0,2.1137369184664e-26,3.0769949538327e-17,1.2104869987324e-28,0,1.1371364301509e-30,1.0507736480019e-27,0,3.056525059527e-31,1.8345751565411e-29,5.8800242018006e-10,0,0,0.0015410534721765,0.010102765893922,2.6364954552825e-06,0,5.0104609816206e-11,1.2271968803415e-05,0,1.8583716191131e-11,1.2742292029148e-09
0.001350625,757.21782751067,222.43258466352,523.23262113653,0.97741707853608,0.97723458413469,0.99981571212164,1177987675.9982,0.00011231603385944,0.00039773974030549,0.00018038643679533,1.12923391067,2.6177205085286e-05,2.6177205085286e-05,2.5009784061717e-05,2.5009784061717e-05,2.6177205085286e-05,0.48263859422259,0.48263859422259,0.48263859422259,0.50030556548958,0.50030556548958,0.50030556548958,2.5009784061717e-05,80.948727553678,7.7832452898332e-15,2.8323070514186e-11,-2.7104971078361,-7.0210037004138,-0.52723175167425,-3.0319054809655e-13,-2.3273064429516,-0.6223319481041,-1.7043913479009e-11,-8.2824388888291,93.547880299849,520.45957229132,520.45957229132,520.4595711239,520.4595711239,520.45957229132,520.94218470834,520.94218470834,520.94218470834,520.9598516796,520.9598516796,520.9598516796,520.4595711239,248.90074487236,0.16945631124697,0.11758020670572,0.12592602053206,861.3251028324,-0.063047082087481,-0.0015429357638732,6.0607648417772e-05,859.29469064205,-5.1347223196021e-05,-0.066714017700231,0.011743197695116,7.4820934731853e-22,0,0,1.9796264671792e-26,2.9020023424903e-17,1.1430787000552e-28,0,1.0874249930935e-30,9.9404149626019e-28,0,2.9156534229143e-31,1.751033393275e-29,5.8800242018112e-10,0,0,0.0015410534721765,0.010102765893922,2.6364954552825e-06,0,5.0104609816206e-11,1.2271968803415e-05,0,1.8583716191131e-11,1.2742292029148e-09
0.001355625,754.97879142431,221.86329535027,521.87544798932,0.97741707853608,0.97723458413469,0.99981571212164,1180725584.6071,0.00011276108428083,0.00039921609538139,0.000181010320563,1.1297332906236,2.6403177462883e-05,2.6403177462883e-05,2.5209224061156e-05,2.5209224061156e-05,2.6403177462883e-05,0.48229333892906,0.48229333892906,0.48229333892906,0.49924822352829,0.49924822352829,0.49924822352829,2.5209224061156e-05,80.879174774278,7.6705025628374e-15,2.8859150749452e-11,-2.7223549666945,-7.0564579093309,-0.53214888677786,-3.0843876172364e-13,-2.3385652065011,-0.62793657313692,-1.7380940609265e-11,-8.323958547225,93.458733852113,520.57890789236,520.57890789236,520.5789066984,520.5789066984,520.57890789236,521.06117482811,521.06117482811,521.06117482811,521.07812971271,521.07812971271,521.07812971271,520.5789066984,248.97860029103,0.17004654811706,0.11798799561622,0.12636057461836,861.62068894813,-0.063904629783047,-0.0015438540232948,6.1598749729707e-05,859.58213423768,-5.2677463292107e-05,-0.067575624112467,0.011743197695116,7.1738216576201e-22,0,0,1.8543599929117e-26,2.7373636403594e-17,1.0795426599907e-28,0,1.0399346545512e-30,9.4047674678063e-28,0,2.7814508358297e-31,1.6714998379638e-29,5.8800242018213e-10,0,0,0.0015410534721765,0.010102765893922,2.6364954552825e-06,0,5.0104609816206e-11,1.2271968803415e-05,0,1.8583716191131e-11,1.2742292029148e-09
0.001360625,752.73717148434,221.29366649086,520.51674929659,0.97741707853608,0.97723458413469,0.99981571212164,1183453487.4764,0.00011320606869899,0.00040069247708374,0.00018163351411152,1.1302326873743,2.6744361434994e-05,2.6744361434994e-05,2.5402375815655e-05,2.5402375815655e-05,2.6744361434994e-05,0.48194658450034,0.48194658450034,0.48194658450034,0.49818788897448,0.49818788897448,0.49818788897448,2.5402375815655e-05,80.809547199062,7.5588337932561e-15,2.940305617019e-11,-2.7342338252833,-7.0919642577396,-0.53708237792195,-3.1380720672766e-13,-2.3498514480078,-0.63355636081368,-1.7725192597878e-11,-8.3655226461989,93.369451229729,520.69700101565,520.69700101565,520.69699967367,520.69699967367,520.69700101565,521.17892085579,521.17892085579,521.17892085579,521.19516216027,521.19516216027,521.19516216027,520.69699967367,249.05576961935,0.17063643953476,0.11839552100315,0.12679491761193,861.91397608992,-0.064770214993912,-0.0015444517778439,6.2602009566102e-05,859.86735047887,-5.4029793808995e-05,-0.068444774665658,0.011743197695116,6.8789916697276e-22,0,0,1.7373322582579e-26,2.5824423516739e-17,1.0196493224757e-28,0,9.9456354470496e-31,8.8989649653972e-28,0,2.6535934656695e-31,1.5957719040344e-29,5.880024201831e-10,0,0,0.0015410534721765,0.010102765893922,2.6364954552825e-06,0,5.0104609816206e-11,1.2271968803415e-05,0,1.8583716191131e-11,1.2742292029148e-09
0.001365625,750.49304789358,220.72371992482,519.15657333417,0.97741707853608,0.97723458413469,0.99981571212164,1186171378.232,0.00011365098531226,0.00040216888535919,0.00018225601479336,1.1307321006747,2.703922463523e-05,2.703922463523e-05,2.5589586476614e-05,2.5589586476614e-05,2.703922463523e-05,0.48159833234638,0.48159833234638,0.48159833234638,0.4971245880467,0.4971245880467,0.4971245880467,2.5589586476614e-05,80.739845594878,7.4482285576606e-15,2.9954777799166e-11,-2.7461335432024,-7.127521831269,-0.54203209289868,-3.1930246902588e-13,-2.3611650141938,-0.63919114574355,-1.8076935861213e-11,-8.4071299379098,93.280034140982,520.81385989399,520.81385989399,520.81385844435,520.81385844435,520.81385989399,521.29543118711,521.29543118711,521.29543118711,521.31095744281,521.31095744281,521.31095744281,520.81385844435,249.13225417153,0.17122598529491,0.1188027826576,0.12722904978004,862.20497722355,-0.065643870919785,-0.0015447128092816,6.3619202176615e-05,860.15035211957,-5.5391336396605e-05,-0.069321502831593,0.011743197695116,6.5969841259702e-22,0,0,1.6279809515559e-26,2.436642580951e-17,9.6318320204236e-29,0,9.5121462547055e-31,8.4212878196708e-28,0,2.5317736887475e-31,1.5236577841454e-29,5.8800242018404e-10,0,0,0.0015410534721765,0.010102765893922,2.6364954552825e-06,0,5.0104609816206e-11,1.2271968803415e-05,0,1.8583716191131e-11,1.2742292029148e-09
0.001370625,748.2465009318,220.1534774634,517.79496841137,0.97741707853608,0.97723458413469,0.99981571212164,1188879250.7131,0.00011409583240562,0.00040364532015331,0.00018287781988345,1.1312315302785,2.730332110459e-05,2.730332110459e-05,2.5771122598275e-05,2.5771122598275e-05,2.730332110459e-05,0.48124858395228,0.48124858395228,0.48124858395228,0.49605834718592,0.49605834718592,0.49605834718592,2.5771122598275e-05,80.670071218267,7.3386768000723e-15,3.0514302377389e-11,-2.7580539746397,-7.1631297652755,-0.54699790561752,-3.2493155323213e-13,-2.3725057441981,-0.64484077112733,-1.8436450916679e-11,-8.4487791769717,93.190484081566,520.92949287631,520.92949287631,520.92949134411,520.92949134411,520.92949287631,521.41071415694,521.41071415694,521.41071415694,521.42552392017,521.42552392017,521.42552392017,520.92949134411,249.2080550752,0.17181518519638,0.11920978037381,0.12766297138998,862.49370517275,-0.066525636091331,-0.001544664558926,6.464797568965e-05,860.43115174807,-5.6789378016498e-05,-0.070205839803428,0.011743197695116,6.3272097144602e-22,0,0,1.5257835271089e-26,2.2994063386827e-17,9.0994198597608e-29,0,9.0979545254506e-31,7.9701189853935e-28,0,2.4156992430382e-31,1.4549758490155e-29,5.8800242018493e-10,0,0,0.0015410534721765,0.010102765893922,2.6364954552825e-06,0,5.0104609816206e-11,1.2271968803415e-05,0,1.8583716191131e-11,1.2742292029148e-09
0.001375625,745.99761093945,219.58296088451,516.43198286088,0.97741707853608,0.97723458413469,0.99981571212164,1191577099.0382,0.00011454060803554,0.00040512178141077,0.00018349892696447,1.1317309759405,2.7550911383849e-05,2.7550911383849e-05,2.5947197312503e-05,2.5947197312503e-05,2.7550911383849e-05,0.48089734087818,0.48089734087818,0.48089734087818,0.49498919304977,0.49498919304977,0.49498919304977,2.5947197312503e-05,80.600225022896,7.230168933638e-15,3.1081612027242e-11,-2.7699949721089,-7.1987871492737,-0.55197969535137,-3.3070190620413e-13,-2.3838734771205,-0.6505050866478,-1.8804032318766e-11,-8.4904690988458,93.10080265425,521.04390825257,521.04390825257,521.04390664885,521.04390664885,521.04390825257,521.52477804253,521.52477804253,521.52477804253,521.53886989471,521.53886989471,521.53886989471,521.04390664885,249.28317434175,0.17240403904216,0.11961651394921,0.12809668270902,862.78017272829,-0.067415542137057,-0.0015442899170756,6.5689486772324e-05,860.70976190055,-5.8209494609565e-05,-0.071097818837075,0.011743197695116,6.0691076627608e-22,0,0,1.4302543052127e-26,2.1702110516975e-17,8.5973570112717e-29,0,8.7021794409509e-31,7.5439376312353e-28,0,2.305092425232e-31,1.3895540705268e-29,5.8800242018579e-10,0,0,0.0015410534721765,0.010102765893923,2.6364954552825e-06,0,5.0104609816206e-11,1.2271968803415e-05,0,1.8583716191131e-11,1.2742292029148e-09
0.001380625,743.74645830648,219.01219193044,515.06766503243,0.97741707853608,0.97723458413469,0.99981571212164,1194264917.508,0.00011498531057504,0.00040659826907566,0.00018411933326135,1.1322304374158,2.7786427619934e-05,2.7786427619934e-05,2.6117981814292e-05,2.6117981814292e-05,2.7786427619934e-05,0.48054460475841,0.48054460475841,0.48054460475841,0.49391715251059,0.49391715251059,0.49391715251059,2.6117981814292e-05,80.530307949453,7.1226957746034e-15,3.1656684391952e-11,-2.7819563871238,-7.2344930756788,-0.55697734805614,-3.3662144251714e-13,-2.3952680504968,-0.65618395070237,-1.9179989686778e-11,-8.5321984461228,93.010991467449,521.1571142435,521.1571142435,521.15711257505,521.15711257505,521.1571142435,521.63763106183,521.63763106183,521.63763106183,521.65100360958,521.65100360958,521.65100360958,521.15711257505,249.35761275571,0.17299254663913,0.12002298318429,0.12853018400446,863.06439263332,-0.06831362381213,-0.0015435881835873,6.6743572192307e-05,860.98619503975,-5.9652848223763e-05,-0.071997471680383,0.011743197695116,5.8221443061009e-22,0,0,1.3409417749729e-26,2.0485672342854e-17,8.1238593534764e-29,0,8.3239817153104e-31,7.1413132403135e-28,0,2.1996893487808e-31,1.3272294979475e-29,5.8800242018661e-10,0,0,0.0015410534721765,0.010102765893923,2.6364954552825e-06,0,5.0104609816206e-11,1.2271968803415e-05,0,1.8583716191131e-11,1.2742292029148e-09
0.001385625,741.49312345608,218.44119230313,513.70206328274,0.97741707853608,0.97723458413469,0.99981571212164,1196942700.6475,0.00011542993820008,0.00040807478309129,0.00018473903626021,1.1327299144606,2.8011987962926e-05,2.8011987962926e-05,2.6395438428026e-05,2.6395438428026e-05,2.8011987962926e-05,0.48019037730067,0.48019037730067,0.48019037730067,0.49284225265022,0.49284225265022,0.49284225265022,2.6395438428026e-05,80.460320977875,7.0162485383532e-15,3.223949251845e-11,-2.7939380693024,-7.2702466336443,-0.56199075581187,-3.4269856946468e-13,-2.4066893001259,-0.66187722949254,-1.9564648498329e-11,-8.5739659559541,92.921052137628,521.26911900864,521.26911900864,521.26911739209,521.26911739209,521.26911900864,521.74928137396,521.74928137396,521.74928137396,521.76193324931,521.76193324931,521.76193324931,521.26911739209,249.43137166131,0.17358070779824,0.12042918788275,0.12896347554359,863.34637757005,-0.069219914496476,-0.0015425525923778,6.7810867554568e-05,861.26046354506,-6.11139754263e-05,-0.072904831763811,0.011743197695116,5.5858117001764e-22,0,0,1.2574261073855e-26,1.9340163154943e-17,7.6772510781007e-29,0,7.9625615342465e-31,6.7609000261569e-28,0,2.0992392251632e-31,1.2678477504601e-29,5.880024201874e-10,0,0,0.0015410534721765,0.010102765893923,2.6364954552825e-06,0,5.0104609816206e-11,1.2271968803415e-05,0,1.8583716191131e-11,1.2742292029148e-09
0.001390625,739.23768683081,217.8699836605,512.33522596726,0.97741707853608,0.97723458413469,0.99981571212164,1199610443.1887,0.00011587448903531,0.00040955132340076,0.00018535803353238,1.1332294068311,2.8228817316667e-05,2.8228817316667e-05,2.6687078805613e-05,2.6687078805613e-05,2.8228817316667e-05,0.47983466028528,0.47983466028528,0.47983466028528,0.49176452075606,0.49176452075606,0.49176452075606,2.6687078805613e-05,80.390265156323,6.910818875885e-15,3.2830004783635e-11,-2.8059398675639,-7.3060469239588,-0.56701981800331,-3.4894221585543e-13,-2.418137062637,-0.66758479835176,-1.9958350944596e-11,-8.6157703836266,92.830985980237,521.37993064861,521.37993064861,521.37992910687,521.37992910687,521.37993064861,521.85973708007,521.85973708007,521.85973708007,521.87166694054,521.87166694054,521.87166694054,521.37992910687,249.5044522149,0.17416852233413,0.12083512785117,0.12939655759372,863.62614021568,-0.070134448181303,-0.0015411916205533,6.8890070146515e-05,861.53257976648,-6.260341745955e-05,-0.073819930011102,0.011743197695116,5.3596263398102e-22,0,0,1.179316854507e-26,1.8261286206088e-17,7.255957901795e-29,0,7.6171566552036e-31,6.4014317585223e-28,0,2.0035036968013e-31,1.2112625492452e-29,5.8800242018816e-10,0,0,0.0015410534721765,0.010102765893923,2.6364954552825e-06,0,5.0104609816206e-11,1.2271968803415e-05,0,1.8583716191131e-11,1.2742292029148e-09
0.001395625,736.98022887688,217.29858761198,510.96720143047,0.97741707853608,0.97723458413469,0.99981571212164,1202268140.1342,0.00011631896155794,0.00041102788994639,0.0001859763222587,1.1337289142853,2.8437705069531e-05,2.8437705069531e-05,2.6964947288086e-05,2.6964947288086e-05,2.8437705069531e-05,0.47947745556406,0.47947745556406,0.47947745556406,0.49068398431599,0.49068398431599,0.49068398431599,2.6964947288086e-05,80.320141425025,6.806398774021e-15,3.3428185016362e-11,-2.8179616285831,-7.3418930245496,-0.57206443920502,-3.5536185428132e-13,-2.4296111690388,-0.67330653917468,-2.0361456747803e-11,-8.6576104562558,92.740794907252,521.48955720433,521.48955720433,521.48955573157,521.48955573157,521.48955720433,521.96900622219,521.96900622219,521.96900622219,521.98021275094,521.98021275094,521.98021275094,521.48955573157,249.57685640144,0.17475599006585,0.1212408028996,0.12982943042213,863.90369310602,-0.071057257978717,-0.0015394992421404,6.9981632342012e-05,861.80255589383,-6.4115674427069e-05,-0.074742798728792,0.011743197695116,5.1431278796431e-22,0,0,1.1062508197649e-26,1.7245014740267e-17,6.8585006519484e-29,0,7.2870405110936e-31,6.0617168291528e-28,0,1.9122561833608e-31,1.1573352597343e-29,5.8800242018889e-10,0,0,0.0015410534721765,0.010102765893923,2.6364954552825e-06,0,5.0104609816206e-11,1.2271968803415e-05,0,1.8583716191131e-11,1.2742292029148e-09
0.001400625,734.72083003102,216.72702571515,509.59803799818,0.97741707853608,0.97723458413469,0.99981571212164,1204915786.6735,0.00011676335394145,0.00041250448266912,0.00018659390000741,1.1342284365818,2.8639195495114e-05,2.8639195495114e-05,2.7201086431552e-05,2.7201086431552e-05,2.8639195495114e-05,0.47911876506014,0.47911876506014,0.47911876506014,0.48960067101454,0.48960067101454,0.48960067101454,2.7201086431552e-05,80.249950738654,6.7029806290992e-15,3.4033992190355e-11,-2.830003195016,-7.3777840131145,-0.57712452955212,-3.6196753253802e-13,-2.4411114473056,-0.67904234150927,-2.0774344218062e-11,-8.6994849025271,92.650480590806,521.59800666145,521.59800666145,521.59800522334,521.59800522334,521.59800666145,522.07709678732,522.07709678732,522.07709678732,522.08757869327,522.08757869327,522.08757869327,521.59800522334,249.64858516416,0.17534311081656,0.12164621284135,0.13026209429608,864.17904871959,-0.07198837659059,-0.001537466526027,7.1085881552749e-05,862.07040404136,-6.565080629455e-05,-0.075673470594409,0.011743197695116,4.9358779860775e-22,0,0,1.0378900909313e-26,1.628757448067e-17,6.4834893433249e-29,0,6.9715204937368e-31,5.7406337301821e-28,0,1.8252812836695e-31,1.1059344772136e-29,5.8800242018959e-10,0,0,0.0015410534721765,0.010102765893923,2.6364954552825e-06,0,5.0104609816206e-11,1.2271968803415e-05,0,1.8583716191131e-11,1.2742292029148e-09
0.001405625,732.45957070747,216.1553194725,508.22778396982,0.97741707853608,0.97723458413469,0.99981571212164,1207553378.1866,0.00011720766436895,0.00041398110150904,0.00018721076436615,1.1347279734801,2.8833679477203e-05,2.8833679477203e-05,2.7417383838172e-05,2.7417383838172e-05,2.8833679477203e-05,0.47875859076728,0.47875859076728,0.47875859076728,0.48851460872904,0.48851460872904,0.48851460872904,2.7417383838172e-05,80.179694014761,6.6005570370185e-15,3.4647380565031e-11,-2.8420644092786,-7.4137189677813,-0.58220000573017,-3.6876990389257e-13,-2.4526377247535,-0.68479210320415,-2.1197411049116e-11,-8.7413924531922,92.560044665426,521.70528694892,521.70528694892,521.70528553262,521.70528553262,521.70528694892,522.184016706,522.184016706,522.184016706,522.19377272397,522.19377272397,522.19377272397,521.70528553262,249.71963951327,0.17592988441343,0.12205135749291,0.13069454948281,864.45221947153,-0.072927838883592,-0.0015351082189398,7.2202726495973e-05,862.3361362389,-6.7210353150116e-05,-0.076611977056645,0.011743197695116,4.7374592472889e-22,0,0,9.7392021767012e-27,1.5385427225736e-17,6.129617625399e-29,0,6.6699363207397e-31,5.4371267858794e-28,0,1.7423742085827e-31,1.0569356328308e-29,5.8800242019026e-10,0,0,0.0015410534721765,0.010102765893923,2.6364954552825e-06,0,5.0104609816206e-11,1.2271968803415e-05,0,1.8583716191131e-11,1.2742292029148e-09
0.001410625,730.19653128325,215.58349032726,506.8564876094,0.97741707853608,0.97723458413469,0.99981571212164,1210180910.2853,0.00011765189111038,0.00041545774640574,0.00018782691283432,1.1352275247404,2.9021443416562e-05,2.9021443416562e-05,2.7619773118159e-05,2.7619773118159e-05,2.9021443416562e-05,0.47839693474896,0.47839693474896,0.47839693474896,0.48742582552497,0.48742582552497,0.48742582552497,2.7619773118159e-05,80.109372247493,6.4991210343239e-15,3.5268299522007e-11,-2.8541451113879,-7.449696963196,-0.58729079032742,-3.7578025641928e-13,-2.4641898270977,-0.69055572926306,-2.1631075081042e-11,-8.7833318371667,92.46948868216,521.81140593893,521.81140593893,521.81140453726,521.81140453726,521.81140593893,522.28977385224,522.28977385224,522.28977385224,522.29880274301,522.29880274301,522.29880274301,521.81140453726,249.79002101094,0.17651631068771,0.12245623667399,0.13112679624953,864.72321774416,-0.073875676510543,-0.0015324146753737,7.3331921472207e-05,862.59976446513,-6.8793207415838e-05,-0.077558350648023,0.011743197695116,4.5474741075972e-22,0,0,9.140485271889e-27,1.4535255566804e-17,5.7956575682365e-29,0,6.3816584542136e-31,5.1502021407085e-28,0,1.6633402360685e-31,1.0102206166303e-29,5.880024201909e-10,0,0,0.0015410534721765,0.010102765893923,2.6364954552825e-06,0,5.0104609816206e-11,1.2271968803415e-05,0,1.8583716191131e-11,1.2742292029148e-09
0.001415625,727.93179208501,215.01155966024,505.48419713778,0.97741707853608,0.97723458413469,0.99981571212164,1212798378.7803,0.00011809603261169,0.00041693441729818,0.0001884423427383,1.1357270901235,2.9202696926543e-05,2.9202696926543e-05,2.7811006480982e-05,2.7811006480982e-05,2.9202696926543e-05,0.47803379913764,0.47803379913764,0.47803379913764,0.48633434965196,0.48633434965196,0.48633434965196,2.7811006480982e-05,80.038986418702,6.3986659253887e-15,3.5896693598851e-11,-2.8662451404166,-7.4857170728668,-0.5923968122306,-3.8301054611648e-13,-2.4757675789347,-0.6963331324607,-2.2075775389596e-11,-8.8253017837261,92.378814236093,521.91637144736,521.91637144736,521.91637005567,521.91637005567,521.91637144736,522.3943760438,522.3943760438,522.3943760438,522.40267659432,522.40267659432,522.40267659432,521.91637005567,249.85973081929,0.17710238947471,0.12286085020752,0.13155883486343,864.99205585802,-0.074831921608249,-0.0015293853588685,7.4473414308412e-05,862.86130061814,-7.0399191175583e-05,-0.078512622951616,0.011743197695116,4.3655438843998e-22,0,0,8.5800256196573e-27,1.3733948593304e-17,5.4804548008517e-29,0,6.1060866211061e-31,4.8789240160323e-28,0,1.5879942011715e-31,9.656774277572e-30,5.8800242019152e-10,0,0,0.0015410534721765,0.010102765893923,2.6364954552825e-06,0,5.0104609816206e-11,1.2271968803415e-05,0,1.8583716191131e-11,1.2742292029148e-09
0.001420625,725.66543337492,214.43954878599,504.11096072415,0.97741707853608,0.97723458413469,0.99981571212164,1215405779.6921,0.00011854008700812,0.00041841111412467,0.00018905705180477,1.1362266693913,2.9377589046457e-05,2.9377589046457e-05,2.7992629607989e-05,2.7992629607989e-05,2.9377589046457e-05,0.47766918613395,0.47766918613395,0.47766918613395,0.48524020953918,0.48524020953918,0.48524020953918,2.7992629607989e-05,79.968537513965,6.2991854880345e-15,3.6532502464847e-11,-2.8783643339791,-7.5217783683606,-0.59751800632663,-3.9047342969082e-13,-2.4873708032644,-0.70212423300122,-2.2531973270738e-11,-8.8673010216986,92.288022935807,522.0201912345,522.0201912345,522.02018984954,522.02018984954,522.0201912345,522.49783104305,522.49783104305,522.49783104305,522.50540206645,522.50540206645,522.50540206645,522.02018984954,249.928770263,0.17768812061385,0.12326519791969,0.13199066559165,865.258746075,-0.07579660713122,-0.0015260201089851,7.5627706970624e-05,863.12075651879,-7.2029154107988e-05,-0.07947482555441,0.011743197695116,4.1913078222903e-22,0,0,8.05528634925e-27,1.2978588574242e-17,5.182923953747e-29,0,5.8426483957493e-31,4.6224111950729e-28,0,1.5161600095344e-31,9.2319984171707e-30,5.8800242019211e-10,0,0,0.0015410534721765,0.010102765893923,2.6364954552825e-06,0,5.0104609816206e-11,1.2271968803415e-05,0,1.8583716191131e-11,1.2742292029148e-09
0.001425625,723.39753533719,213.86747894938,502.73682647797,0.97741707853608,0.97723458413469,0.99981571212164,1218003109.2467,0.00011898405263386,0.0004198878368228,0.00018967103754558,1.1367262623064,2.9681644430189e-05,2.9681644430189e-05,2.816559606346e-05,2.816559606346e-05,2.9681644430189e-05,0.47730309800586,0.47730309800586,0.47730309800586,0.4841434337911,0.4841434337911,0.4841434337911,2.816559606346e-05,79.89802651134,6.2006735863631e-15,3.7175660863965e-11,-2.8905025278669,-7.5578799176425,-0.60265431332537,-3.9818229875076e-13,-2.4989993211283,-0.70792895830668,-2.3000153237187e-11,-8.9093282776923,92.197116388466,522.1228731411,522.1228731411,522.12287162505,522.12287162505,522.1228731411,522.60014655746,522.60014655746,522.60014655746,522.60698689324,522.60698689324,522.60698689324,522.12287162505,249.99714063707,0.17827350394864,0.12366927963996,0.1324222887013,865.5233005918,-0.076769764985068,-0.0015223178845963,7.6794303686859e-05,863.37814390614,-7.3682987486842e-05,-0.080444990371968,0.011743197695116,4.0244222000561e-22,0,0,7.5639049099749e-27,1.2266438529357e-17,4.9020443960246e-29,0,5.5907978572101e-31,4.3798337298561e-28,0,1.447670177884e-31,8.8268709710127e-30,5.8800242019268e-10,0,0,0.0015410534721765,0.010102765893923,2.6364954552825e-06,0,5.0104609816206e-11,1.2271968803415e-05,0,1.8583716191131e-11,1.2742292029148e-09
0.001430625,721.12817806492,213.2953713222,501.36184244112,0.97741707853608,0.97723458413469,0.99981571212164,1220590363.8691,0.0001194279277369,0.00042136458532983,0.00019028429760397,1.1372258686318,3.0023767414206e-05,3.0023767414206e-05,2.8330517722094e-05,2.8330517722094e-05,3.0023767414206e-05,0.47693553708803,0.47693553708803,0.47693553708803,0.48304405118315,0.48304405118315,0.48304405118315,2.8330517722094e-05,79.827454128387,6.1031245143374e-15,3.7826098663288e-11,-2.902659558847,-7.5940207644337,-0.60780568048433,-4.0615131778434e-13,-2.510652954066,-0.71374724380279,-2.3480823851637e-11,-8.9513822893127,92.106096311193,522.2244247267,522.2244247267,522.22442303345,522.22442303345,522.2244247267,522.70133024003,522.70133024003,522.70133024003,522.70743875412,522.70743875412,522.70743875412,522.22442303345,250.06484316884,0.17885853932657,0.124073095201,0.13285370445945,865.78573159658,-0.077751426634628,-0.0015182780480607,7.7972928366407e-05,863.63347449173,-7.5360407331114e-05,-0.081423149097151,0.011743197695117,3.8645594948188e-22,0,0,7.1036806842068e-27,1.15949306525e-17,4.6368562578965e-29,0,5.3500143281956e-31,4.1504098715637e-28,0,1.3823654026992e-31,8.4404360249674e-30,5.8800242019323e-10,0,0,0.0015410534721765,0.010102765893923,2.6364954552825e-06,0,5.0104609816206e-11,1.2271968803415e-05,0,1.8583716191131e-11,1.2742292029148e-09
0.001435625,718.85744154461,212.72324699886,499.98605657843,0.97741707853608,0.97723458413469,0.99981571212164,1223167540.2016,0.00011987171053133,0.00042284135958239,0.00019089682968765,1.137725488132,3.0299486551495e-05,3.0299486551495e-05,2.8487776693252e-05,2.8487776693252e-05,3.0299486551495e-05,0.47656650578058,0.47656650578058,0.47656650578058,0.48194209065636,0.48194209065636,0.48194209065636,2.8487776693252e-05,79.756821551357,6.0065327715535e-15,3.848374101369e-11,-2.9148352595897,-7.6301999970252,-0.61297206007989,-4.1439545690092e-13,-2.5223315202157,-0.71957903135814,-2.3974518669515e-11,-8.9934617772975,92.014964278016,522.32485348205,522.32485348205,522.32485167034,522.32485167034,522.32485348205,522.80138968834,522.80138968834,522.80138968834,522.80676527322,522.80676527322,522.80676527322,522.32485167034,250.13187934864,0.17944322659941,0.12447664443886,0.13328491313311,866.04605115056,-0.078741624187817,-0.0015139008604154,7.9164186576002e-05,863.8867598454,-7.7061834797178e-05,-0.082409332795842,0.011743197695117,3.711407563583e-22,0,0,6.6725634791541e-27,1.0961655421392e-17,4.3864566747106e-29,0,5.1198011442465e-31,3.9334031400914e-28,0,1.3200941413932e-31,8.0717865399339e-30,5.8800242019375e-10,0,0,0.0015410534721765,0.010102765893923,2.6364954552825e-06,0,5.0104609816206e-11,1.2271968803415e-05,0,1.8583716191131e-11,1.2742292029148e-09
0.001440625,716.58540564702,212.15112699472,498.60951677263,0.97741707853608,0.97723458413469,0.99981571212164,1225734635.0752,0.00012031539938389,0.00042431815951552,0.00019150863137145,1.1382251205726,3.0539693294264e-05,3.0539693294264e-05,2.8637589332823e-05,2.8637589332823e-05,3.0539693294264e-05,0.476196006549,0.476196006549,0.476196006549,0.48083758131468,0.48083758131468,0.48083758131468,2.8637589332823e-05,79.686129954194,5.9108931180136e-15,3.9148507621669e-11,-2.9270294592118,-7.6664166844589,-0.61815340940621,-4.2293053263103e-13,-2.5340348335642,-0.72542426863794,-2.4481798566402e-11,-9.0355654582303,91.923721811792,522.42416698119,522.42416698119,522.42416507908,522.42416507908,522.42416698119,522.90033244804,522.90033244804,522.90033244804,522.90497402281,522.90497402281,522.90497402281,522.42416507908,250.19825031666,0.18002756562322,0.124879927193,0.13371591498921,866.3042712264,-0.079740388763126,-0.0015091858995915,8.0367868777928e-05,864.13801143803,-7.8787593438139e-05,-0.083403573099799,0.011743197695117,3.5646688795888e-22,0,0,6.2686428969636e-27,1.0364351506238e-17,4.1499962960763e-29,0,4.8996845042007e-31,3.7281196310911e-28,0,1.2607122219116e-31,7.7200617326304e-30,5.8800242019425e-10,0,0,0.0015410534721765,0.010102765893923,2.6364954552825e-06,0,5.0104609816206e-11,1.2271968803415e-05,0,1.8583716191131e-11,1.2742292029148e-09
0.001445625,714.31215011377,211.57903224259,497.23227081629,0.97741707853608,0.97723458413469,0.99981571212164,1228291645.4925,0.00012075899263577,0.00042579498506378,0.0001921197002652,1.1387247657197,3.0759129399598e-05,3.0759129399598e-05,2.8780028173547e-05,2.8780028173547e-05,3.0759129399598e-05,0.47582404192335,0.47582404192335,0.47582404192335,0.47973055242056,0.47973055242056,0.47973055242056,2.8780028173547e-05,79.615380220997,5.8162005423592e-15,3.9820313400807e-11,-2.9392419870775,-7.7026698794224,-0.62334969164389,-4.3177324840531e-13,-2.5457627081608,-0.73128291057405,-2.5003251485568e-11,-9.0776920550066,91.832370505093,522.52237272963,522.52237272963,522.52237075053,522.52237075053,522.52237272963,522.99816601242,522.99816601242,522.99816601242,523.00207252292,523.00207252292,523.00207252292,522.52237075053,250.26395702348,0.18061155625807,0.12528294330617,0.13414671029462,866.56040377104,-0.080747751814331,-0.0015041337794366,8.1583521406567e-05,864.38724069793,-8.0539475396799e-05,-0.084405901848595,0.011743197695117,3.4240598290853e-22,0,0,5.8901384765145e-27,9.8008963616518e-18,3.9266760241299e-29,0,4.6892123988275e-31,3.5339054813052e-28,0,1.2040824787625e-31,7.3844446207967e-30,5.8800242019474e-10,0,0,0.0015410534721765,0.010102765893923,2.6364954552825e-06,0,5.0104609816206e-11,1.2271968803415e-05,0,1.8583716191131e-11,1.2742292029148e-09
0.001450625,712.03775454378,211.00698358924,495.85436640371,0.97741707853608,0.97723458413469,0.99981571212164,1230838568.6455,0.00012120248850411,0.00042727183616114,0.00019273003417347,1.1392244233401,3.0962799798735e-05,3.0962799798735e-05,2.8915012989607e-05,2.8915012989607e-05,3.0962799798735e-05,0.47545061449743,0.47545061449743,0.47545061449743,0.47862103339009,0.47862103339009,0.47862103339009,2.8915012989607e-05,79.544573301791,5.7224502953135e-15,4.0499068302373e-11,-2.95147267209,-7.7389586358584,-0.62856087550782,-4.4094123665092e-13,-2.5575149576202,-0.73715491872432,-2.5539493721383e-11,-9.1198402898463,91.740911972398,522.6194781693,522.6194781693,522.61947612151,522.61947612151,522.6194781693,523.094897821,523.094897821,523.094897821,523.09806823989,523.09806823989,523.09806823989,522.61947612151,250.32900066362,0.18119519836821,0.12568569262438,0.13457729931616,866.8144606818,-0.081763743772704,-0.0014987418959337,8.2811306230752e-05,864.63445899033,-8.2313768465484e-05,-0.085416349965872,0.011743197695117,3.2893100239152e-22,0,0,5.5353905449856e-27,9.2692973820386e-18,3.7157439431583e-29,0,4.487953568222e-31,3.3501444747901e-28,0,1.1500744009006e-31,7.0641596734556e-30,5.880024201952e-10,0,0,0.0015410534721765,0.010102765893923,2.6364954552825e-06,0,5.0104609816206e-11,1.2271968803415e-05,0,1.8583716191131e-11,1.2742292029148e-09
0.001455625,709.76229838073,210.43500179233,494.47585112345,0.97741707853608,0.97723458413469,0.99981571212164,1233375401.9088,0.0001216458853891,0.0004287487127409,0.0001933396306954,1.1397240932017,3.1152997313784e-05,3.1152997313784e-05,2.9042269588939e-05,2.9042269588939e-05,3.1152997313784e-05,0.4750757269279,0.4750757269279,0.4750757269279,0.47750905378884,0.47750905378884,0.47750905378884,2.9042269588939e-05,79.47371015661,5.6296378273938e-15,4.1184677396887e-11,-2.9637213415858,-7.775282008893,-0.63378693516392,-4.5045310195509e-13,-2.5692913937971,-0.74304026128975,-2.6091171211612e-11,-9.16200888696,91.649347819236,522.71549068677,522.71549068677,522.71548857604,522.71548857604,522.71549068677,523.1905352607,523.1905352607,523.1905352607,523.19296858756,523.19296858756,523.19296858756,522.71548857604,250.3933823665,0.18177849182198,0.12608817499704,0.13500768232057,867.06645379183,-0.08278839539923,-0.0014930121927526,8.4051479485487e-05,864.87967760235,-8.4112229242859e-05,-0.08643494807914,0.011743197695117,3.1601616517767e-22,0,0,5.2028517321101e-27,8.7676836592112e-18,3.516492444175e-29,0,4.2954965175091e-31,3.1762558037569e-28,0,1.098563799572e-31,6.7584706055475e-30,5.8800242019565e-10,0,0,0.0015410534721765,0.010102765893923,2.6364954552825e-06,0,5.0104609816206e-11,1.2271968803415e-05,0,1.8583716191131e-11,1.2742292029148e-09
0.001460625,707.4858609005,209.86310751724,493.09677245091,0.97741707853608,0.97723458413469,0.99981571212164,1235902142.8464,0.00012208918157668,0.00043022561473571,0.00019394848760604,1.1402237750731,3.1330747229392e-05,3.1330747229392e-05,2.916122553143e-05,2.916122553143e-05,3.1330747229392e-05,0.47469938193358,0.47469938193358,0.47469938193358,0.47639464332729,0.47639464332729,0.47639464332729,2.916122553143e-05,79.402791758245,5.5377587940565e-15,4.1877040720805e-11,-2.9759878217525,-7.8116390520105,-0.63902784999773,-4.603284663864e-13,-2.5810918272145,-0.74893891272468,-2.6658960695581e-11,-9.2041965702497,91.557679659701,522.81041761517,522.81041761517,522.81041544565,522.81041544565,522.81041761517,523.28508566636,523.28508566636,523.28508566636,523.28678092775,523.28678092775,523.28678092775,522.81041544565,250.4571033652,0.18236143649194,0.12649039027686,0.1354378595745,867.31639487531,-0.083821736954557,-0.0014869441230514,8.5303523219744e-05,865.12290774884,-8.5935157480246e-05,-0.087461727905315,0.011743197695117,3.036368860495e-22,0,0,4.8910791090043e-27,8.2942982788867e-18,3.328255532913e-29,0,4.1114485788219e-31,3.011691965755e-28,0,1.0494324929253e-31,6.4666782882708e-30,5.8800242019608e-10,0,0,0.0015410534721765,0.010102765893923,2.6364954552825e-06,0,5.0104609816206e-11,1.2271968803415e-05,0,1.8583716191131e-11,1.2742292029148e-09
0.001465625,705.20852119899,209.29132133408,491.71717774107,0.97741707853608,0.97723458413469,0.99981571212164,1238418789.2063,0.00012253237535784,0.00043170254207752,0.00019455660270369,1.1407234687238,3.1496169504425e-05,3.1496169504425e-05,2.9270745562008e-05,2.9270745562008e-05,3.1496169504425e-05,0.47432158229467,0.47432158229467,0.47432158229467,0.47527783185655,0.47527783185655,0.47527783185655,2.9270745562008e-05,79.331819078677,5.4468090333649e-15,4.2576053401422e-11,-2.9882719377036,-7.8480288175172,-0.64428360451331,-4.7058801673037e-13,-2.5929160672028,-0.75485085359856,-2.7243570877674e-11,-9.2464020637163,91.465909101554,522.90426623518,522.90426623518,522.90426400976,522.90426400976,522.90426623518,523.37855632131,523.37855632131,523.37855632131,523.37951257087,523.37951257087,523.37951257087,522.90426400976,250.52016484982,0.18294403225478,0.12689233831996,0.13586783134452,867.56429564468,-0.08486379900598,-0.0014805385391763,8.656738444519e-05,865.36416057124,-8.7782820324814e-05,-0.088496719769763,0.011743197695117,2.9176971747005e-22,0,0,4.5987268917172e-27,7.8474911248832e-18,3.1504063067219e-29,0,3.9354350218943e-31,2.855936791462e-28,0,1.002568007652e-31,6.1881187804081e-30,5.8800242019649e-10,0,0,0.0015410534721765,0.010102765893923,2.6364954552825e-06,0,5.0104609816206e-11,1.2271968803415e-05,0,1.8583716191131e-11,1.2742292029148e-09
0.001470625,702.9303581801,208.71966371485,490.3371142214,0.97741707853608,0.97723458413469,0.99981571212164,1240925338.9159,0.00012297546510486,0.00043317949469758,0.00019516397372804,1.1412231739243,3.164827559414e-05,3.164827559414e-05,2.9392567558597e-05,2.9392567558597e-05,3.164827559414e-05,0.47394233085204,0.47394233085204,0.47394233085204,0.47415864936403,0.47415864936403,0.47415864936403,2.9392567558597e-05,79.260793092484,5.3567846691753e-15,4.3281605646567e-11,-3.0005735138537,-7.8844503554053,-0.64955418841908,-4.8125355360586e-13,-2.6047639225793,-0.76077607048518,-2.7845743613934e-11,-9.2886240893318,91.374037746035,522.99704377516,522.99704377516,522.99704151946,522.99704151946,522.99704377516,523.47095445774,523.47095445774,523.47095445774,523.47117077625,523.47117077625,523.47117077625,522.99704151946,250.58256796545,0.18352627899137,0.12729401898581,0.13629759789714,867.81016775014,-0.085914611290984,-0.0014737989312267,8.7843449472145e-05,865.60344713638,-8.964844848189e-05,-0.089539955391756,0.011743197695117,2.8039229437476e-22,0,0,4.3245396743596e-27,7.4257121519561e-18,2.9823545908207e-29,0,3.7670982098501e-31,2.7085035925687e-28,0,9.5786329630811e-32,5.9221614696361e-30,5.8800242019689e-10,0,0,0.0015410534721765,0.010102765893923,2.6364954552825e-06,0,5.0104609816206e-11,1.2271968803415e-05,0,1.8583716191131e-11,1.2742292029148e-09
0.001475625,700.65145054406,208.1481550306,488.95662898496,0.97741707853608,0.97723458413469,0.99981571212164,1243421790.0821,0.00012341844890974,0.00043465647252658,0.00019577059877922,1.1417228904458,3.1783543122537e-05,3.1783543122537e-05,2.951184750192e-05,2.951184750192e-05,3.1783543122537e-05,0.47356163050637,0.47356163050637,0.47356163050637,0.47303712596937,0.47303712596937,0.47303712596937,2.951184750192e-05,79.189714786918,5.2676818358903e-15,4.3993582693431e-11,-3.0128923716022,-7.9209027176915,-0.65483959599094,-4.9234804087738e-13,-2.6166351987964,-0.76671455567904,-2.8466255172889e-11,-9.3308613764748,91.282067149383,523.08875741013,523.08875741013,523.08875513843,523.08875513843,523.08875741013,523.56228725709,523.56228725709,523.56228725709,523.56176275255,523.56176275255,523.56176275255,523.08875513843,250.64431388523,0.18410817658674,0.12769543213724,0.13672715949872,868.05402279135,-0.086974203518805,-0.0014667189870349,8.9131507568013e-05,865.8407784508,-9.154508056651e-05,-0.090591464462693,0.011743197695117,2.6948328094165e-22,0,0,4.0673461449835e-27,7.027505106246e-18,2.8235447169164e-29,0,3.6060967930319e-31,2.5689334256113e-28,0,9.1521646783991e-32,5.6682073157409e-30,5.8800242019727e-10,0,0,0.0015410534721765,0.010102765893923,2.6364954552825e-06,0,5.0104609816206e-11,1.2271968803415e-05,0,1.8583716191131e-11,1.2742292029148e-09
0.001480625,698.37187677545,207.57681554856,487.57576898337,0.97741707853608,0.97723458413469,0.99981571212164,1245908140.9845,0.00012386132514259,0.00043613347549441,0.00019637647564544,1.1422226180606,3.1883274213191e-05,3.1883274213191e-05,2.9572360427925e-05,2.9572360427925e-05,3.1883274213191e-05,0.47317948421768,0.47317948421768,0.47317948421768,0.4719132919196,0.4719132919196,0.4719132919196,2.9572360427925e-05,79.118585131708,5.1794969266318e-15,4.4711864919098e-11,-3.0252283330887,-7.9573849514265,-0.66013982650547,-5.0389566192683e-13,-2.628529701749,-0.77266630711066,-2.9105917389471e-11,-9.3731126470854,91.189998947129,523.17941424927,523.17941424927,523.17941193836,523.17941193836,523.17941424927,523.65256185022,523.65256185022,523.65256185022,523.65129565792,523.65129565792,523.65129565792,523.17941193836,250.70540371267,0.18468972493013,0.12809657764051,0.13715651641558,868.29587229134,-0.088042604751329,-0.0014593022837895,9.0430945420528e-05,866.07616543332,-9.3466054174487e-05,-0.091651278040957,0.011743197695117,2.590223216676e-22,0,0,3.8260532589786e-27,6.6515016303927e-18,2.6734534502954e-29,0,3.4521049462632e-31,2.436793455858e-28,0,8.7453053434602e-32,5.425687188962e-30,5.8800242019764e-10,0,0,0.0015410534721765,0.010102765893923,2.6364954552825e-06,0,5.0104609816206e-11,1.2271968803415e-05,0,1.8583716191131e-11,1.2742292029148e-09
0.001485625,696.09171513213,207.00566542953,486.19458102026,0.97741707853608,0.97723458413469,0.99981571212164,1248384390.0726,0.00012430409242896,0.00043761050352986,0.0001969816018414,1.142722356542,3.1995728536772e-05,3.1995728536772e-05,2.9705327238304e-05,2.9705327238304e-05,3.1995728536772e-05,0.47279589500441,0.47279589500441,0.47279589500441,0.4707871775854,0.4707871775854,0.4707871775854,2.9705327238304e-05,79.047405085093,5.0922264336182e-15,4.5436327810202e-11,-3.0375812183831,-7.9938961015379,-0.66545488322784,-5.1592187388822e-13,-2.6404472337582,-0.77863132769346,-2.9765578999302e-11,-9.415376618579,91.097834857598,523.269021419,523.269021419,523.2690191286,523.2690191286,523.269021419,523.74178531827,523.74178531827,523.74178531827,523.73977660085,523.73977660085,523.73977660085,523.2690191286,250.76583853537,0.18527092391512,0.12849745536539,0.13758566891388,868.53572768338,-0.089119844413246,-0.0014515495681679,9.1742300683421e-05,866.3096189046,-9.5411344942226e-05,-0.09271942640668,0.011743197695117,2.4898999310686e-22,0,0,3.5996408227918e-27,6.2964157678065e-18,2.5315880335591e-29,0,3.3048116365551e-31,2.3116754244281e-28,0,8.3571316762359e-32,5.1940602978537e-30,5.8800242019799e-10,0,0,0.0015410534721765,0.010102765893923,2.6364954552825e-06,0,5.0104609816206e-11,1.2271968803415e-05,0,1.8583716191131e-11,1.2742292029148e-09
0.001490625,693.8110436343,206.43472472549,484.81311174494,0.97741707853608,0.97723458413469,0.99981571212164,1250850535.9571,0.00012474674889821,0.00043908755656223,0.00019758597552747,1.1432221056635,3.2149430817886e-05,3.2149430817886e-05,2.9829928842019e-05,2.9829928842019e-05,3.2149430817886e-05,0.472410865943,0.472410865943,0.472410865943,0.46965881345689,0.46965881345689,0.46965881345689,2.9829928842019e-05,78.976175590206,5.0058670283007e-15,4.6166842034643e-11,-3.0499508473005,-8.0304352143123,-0.6707847759258,-5.2845346177175e-13,-2.6523876010785,-0.78460962720554,-3.0446127003665e-11,-9.4576520342648,91.005576158481,523.35758597712,523.35758597712,523.35758365762,523.35758365762,523.35758597712,523.82996469363,523.82996469363,523.82996469363,523.82721264115,523.82721264115,523.82721264115,523.35758365762,250.82561934876,0.18585177343904,0.12889806518473,0.13801461725972,868.77360043933,-0.09020595153208,-0.0014434625160213,9.3065408657928e-05,866.54114970924,-9.7382856280391e-05,-0.093795940039793,0.011743197695117,2.3936776044687e-22,0,0,3.3871564789007e-27,5.9610388528827e-18,2.3974843713591e-29,0,3.1639199526605e-31,2.193194219789e-28,0,7.986764749083e-32,4.9728127354933e-30,5.8800242019833e-10,0,0,0.0015410534721765,0.010102765893923,2.6364954552825e-06,0,5.0104609816206e-11,1.2271968803415e-05,0,1.8583716191131e-11,1.2742292029148e-09
0.001495625,691.52994005187,205.86401337624,483.43140764471,0.97741707853608,0.97723458413469,0.99981571212164,1253306577.4463,0.00012518929280241,0.00044056463451939,0.00019818959472157,1.1437218651999,3.2296665199085e-05,3.2296665199085e-05,2.9947159144785e-05,2.9947159144785e-05,3.2296665199085e-05,0.47202440016651,0.47202440016651,0.47202440016651,0.46852823013865,0.46852823013865,0.46852823013865,2.9947159144785e-05,78.90489754633,4.9204155571641e-15,4.6903273676032e-11,-3.0623370407573,-8.0670013248377,-0.6761295174395,-5.4151860581116e-13,-2.6643506060476,-0.79060121977006,-3.1148487907413e-11,-9.4999376171501,90.913224724281,523.44511485324,523.44511485324,523.44511250373,523.44511250373,523.44511485324,523.91710695674,523.91710695674,523.91710695674,523.91361078671,523.91361078671,523.91361078671,523.44511250373,250.88474762663,0.18643227340368,0.129298406975,0.13844336171908,869.00950190879,-0.091300952950239,-0.0014350371438323,9.4399580574034e-05,866.77076856499,-9.937267383462e-05,-0.09488084836982,0.011743197695117,2.3013793324922e-22,0,0,3.1877110274413e-27,5.6442346571609e-18,2.2707053003104e-29,0,3.0291464200033e-31,2.0809865085789e-28,0,7.6333677573322e-32,4.7614560387372e-30,5.8800242019865e-10,0,0,0.0015410534721765,0.010102765893923,2.6364954552825e-06,0,5.0104609816206e-11,1.2271968803415e-05,0,1.8583716191131e-11,1.2742292029148e-09
0.001500625,689.24848189431,205.29355120731,482.04951503906,0.97741707853608,0.97723458413469,0.99981571212164,1255752513.5013,0.00012563172254623,0.00044204173732849,0.00019879245731296,1.1442216349272,3.2437532209546e-05,3.2437532209546e-05,3.0057496203946e-05,3.0057496203946e-05,3.2437532209546e-05,0.47163650086421,0.47163650086421,0.47163650086421,0.46739545834604,0.46739545834604,0.46739545834604,3.0057496203946e-05,78.833572000541,4.8358688422984e-15,4.7645483929875e-11,-3.0747396153185,-8.1035934890938,-0.68148912504946,-5.5514693961004e-13,-2.6763360480585,-0.79660612447781,-3.1873629016915e-11,-9.5422320975762,90.820782104242,523.53161497759,523.53161497759,523.53161259755,523.53161259755,523.53161497759,524.00321904092,524.00321904092,524.00321904092,523.9989779984,523.9989779984,523.9989779984,523.53161259755,250.94322429955,0.18701242371503,0.12969848061608,0.1388719025578,869.24344336061,-0.092404880049564,-0.001426281367741,9.5745628052349e-05,866.99848609705,-0.00010139269706413,-0.095974183245216,0.011743197695117,2.212836253499e-22,0,0,3.0004740910684e-27,5.344934905459e-18,2.1508389842178e-29,0,2.9002203871904e-31,1.9747094722506e-28,0,7.2961439705313e-32,4.559525890256e-30,5.8800242019897e-10,0,0,0.0015410534721765,0.010102765893923,2.6364954552825e-06,0,5.0104609816206e-11,1.2271968803415e-05,0,1.8583716191131e-11,1.2742292029148e-09
0.001505625,686.96674639948,204.72335792722,480.6674800731,0.97741707853608,0.97723458413469,0.99981571212164,1258188343.2543,0.00012607403643982,0.00044351886491593,0.00019939456132182,1.144721414622,3.2572087519785e-05,3.2572087519785e-05,3.0230593309148e-05,3.0230593309148e-05,3.2572087519785e-05,0.47124717128116,0.47124717128116,0.47124717128116,0.4662605289003,0.4662605289003,0.4662605289003,3.0230593309148e-05,78.762199931103,4.7522238925783e-15,4.8393329097308e-11,-3.0871583884325,-8.1402107426587,-0.68686362009163,-5.6936961764058e-13,-2.6883437279194,-0.80262436468277,-3.2622559793326e-11,-9.5845341943418,90.728249882663,523.61709323228,523.61709323228,523.61709089079,523.61709089079,523.61709323228,524.08830783148,524.08830783148,524.08830783148,524.0833211891,524.0833211891,524.0833211891,523.61709089079,251.00105054538,0.18759222428333,0.13009828599134,0.13930024004159,869.47543601437,-0.093517757051194,-0.0014171850889458,9.7102673474158e-05,867.22431287895,-0.00010342010699395,-0.097075973982084,0.011743197695117,2.1278871654604e-22,0,0,2.8246700980964e-27,5.0621350660018e-18,2.037497405844e-29,0,2.7768834270708e-31,1.8740396081857e-28,0,6.9743347789795e-32,4.3665808462306e-30,5.8800242019927e-10,0,0,0.0015410534721765,0.010102765893923,2.6364954552825e-06,0,5.0104609816206e-11,1.2271968803415e-05,0,1.8583716191131e-11,1.2742292029148e-09
0.001510625,684.68481052475,204.15345312596,479.28534871253,0.97741707853608,0.97723458413469,0.99981571212164,1260614065.9675,0.00012651623292379,0.00044499601720886,0.00019999590464427,1.1452212040618,3.270034409289e-05,3.270034409289e-05,3.0539624424921e-05,3.0539624424921e-05,3.270034409289e-05,0.47085641471722,0.47085641471722,0.47085641471722,0.46512347272588,0.46512347272588,0.46512347272588,3.0539624424921e-05,78.690782298453,4.6694778513325e-15,4.9146661056722e-11,-3.0995931749812,-8.1768521410178,-0.69225302928155,-5.8421937323241e-13,-2.7003734440327,-0.8086559700224,-3.3396333902337e-11,-9.6268426591158,90.635629464794,523.70155645118,523.70155645118,523.70155429046,523.70155429046,523.70155645118,524.17238016555,524.17238016555,524.17238016555,524.16664722356,524.16664722356,524.16664722356,523.70155429046,251.05822704376,0.18817167502269,0.13049782298731,0.13972837443608,869.70549106891,-0.09463961718323,-0.0014077654507704,9.847118713839e-05,867.44825944468,-0.00010548934285522,-0.098186249431873,0.011743197695117,2.0463781642356e-22,0,0,2.659574528074e-27,4.7948904243416e-18,1.9303149505716e-29,0,2.6588887822858e-31,1.7786716211002e-28,0,6.6672178470503e-32,4.1822011931274e-30,5.8800242019956e-10,0,0,0.0015410534721765,0.010102765893923,2.6364954552825e-06,0,5.0104609816206e-11,1.2271968803415e-05,0,1.8583716191131e-11,1.2742292029148e-09
0.001515625,682.4027509333,203.58385627101,477.90316673523,0.97741707853608,0.97723458413469,0.99981571212164,1263029681.1385,0.00012695831015888,0.00044647319413327,0.00020059648556542,1.1457210030245,3.2822271541882e-05,3.2822271541882e-05,3.0747316693093e-05,3.0747316693093e-05,3.2822271541882e-05,0.47046423452645,0.47046423452645,0.47046423452645,0.46398432084344,0.46398432084344,0.46398432084344,3.0747316693093e-05,78.619320163825,4.5876279385068e-15,4.9905326856374e-11,-3.1120437921289,-8.2135167312235,-0.69765738375079,-5.9973060673019e-13,-2.7124249983966,-0.81470097462897,-3.419604806875e-11,-9.6691562289924,90.542922279814,523.78501141902,523.78501141902,523.78500934407,523.78500934407,523.78501141902,524.25544283128,524.25544283128,524.25544283128,524.2489629176,524.2489629176,524.2489629176,523.78500934407,251.11475581123,0.18875077585137,0.13089709149395,0.14015630600675,869.93361968154,-0.095770485231667,-0.001398015565763,9.9851119048716e-05,867.67033628437,-0.00010758395842859,-0.099305040242342,0.011743197695117,1.9681622940515e-22,0,0,2.504510446733e-27,4.542312373827e-18,1.8289470766586e-29,0,2.5460008162208e-31,1.6883173528997e-28,0,6.3741053402015e-32,4.0059877850945e-30,5.8800242019983e-10,0,0,0.0015410534721765,0.010102765893923,2.6364954552825e-06,0,5.0104609816206e-11,1.2271968803415e-05,0,1.8583716191131e-11,1.2742292029148e-09
0.001520625,680.12064398737,203.01458670678,476.52097972768,0.97741707853608,0.97723458413469,0.99981571212164,1265435188.4242,0.00012740026673399,0.0004479503956125,0.00020119630187023,1.1462208112903,3.2937792180078e-05,3.2937792180078e-05,3.0920196620849e-05,3.0920196620849e-05,3.2937792180078e-05,0.47007063411601,0.47007063411601,0.47007063411601,0.46284310436846,0.46284310436846,0.46284310436846,3.0920196620849e-05,78.547814332078,4.5066713549983e-15,5.0669169205852e-11,-3.1245100546608,-8.2502035396509,-0.7030767152943,-6.1593945924998e-13,-2.7244981829163,-0.82075941503282,-3.5022847878085e-11,-9.7114736204028,90.450130537321,523.86746487282,523.86746487282,523.86746285523,523.86746285523,523.86746487282,524.33750256914,524.33750256914,524.33750256914,524.3302750394,524.3302750394,524.3302750394,523.86746285523,251.17063793501,0.18932952669246,0.13129609140511,0.1405840350189,870.15983280344,-0.09691038863362,-0.00138793762317,0.00010124201575876,867.89055368795,-0.00010970427487331,-0.1004323751221,0.011743197695117,1.8930992043917e-22,0,0,2.3588452533326e-27,4.303564948935e-18,1.7330690538559e-29,0,2.4379944789469e-31,1.6027047819106e-28,0,6.0943421870778e-32,3.8375609850023e-30,5.880024202001e-10,0,0,0.0015410534721765,0.010102765893923,2.6364954552825e-06,0,5.0104609816206e-11,1.2271968803415e-05,0,1.8583716191131e-11,1.2742292029148e-09
0.001525625,677.83856573628,202.44566365137,475.1388330779,0.97741707853608,0.97723458413469,0.99981571212164,1267830587.5855,0.00012784210111229,0.00044942762157002,0.00020179535152827,1.1467206286396,3.3046773895492e-05,3.3046773895492e-05,3.1071747691149e-05,3.1071747691149e-05,3.3046773895492e-05,0.46967561694636,0.46967561694636,0.46967561694636,0.4616998545057,0.4616998545057,0.4616998545057,3.1071747691149e-05,78.47626575164,4.42660542332e-15,5.1438026020662e-11,-3.136991774798,-8.2869116056767,-0.70851106116866,-6.3288387761502e-13,-2.7365927927398,-0.82683133312667,-3.587792632082e-11,-9.7537935683765,90.357255582644,523.94892350613,523.94892350613,523.94892153111,523.94892153111,523.94892350613,524.4185660763,524.4185660763,524.4185660763,524.41059031386,524.41059031386,524.41059031386,523.94892153111,251.225873823,0.18990792747294,0.13169482261788,0.14101156173771,870.38414141474,-0.098059354391846,-0.0013775322668345,0.00010264404233069,868.10892195898,-0.00011185010629586,-0.1015682841196,0.011743197695117,1.8210548541483e-22,0,0,2.2219876929852e-27,4.0778616288164e-18,1.6423748057562e-29,0,2.3346548498431e-31,1.5215771117714e-28,0,5.8273045647153e-32,3.6765596892215e-30,5.8800242020036e-10,0,0,0.0015410534721765,0.010102765893923,2.6364954552825e-06,0,5.0104609816206e-11,1.2271968803415e-05,0,1.8583716191131e-11,1.2742292029148e-09
0.001530625,675.55659190693,201.87710619464,473.75677196989,0.97741707853608,0.97723458413469,0.99981571212164,1270215878.5394,0.00012828381140453,0.0004509048719289,0.00020239363297833,1.1472204548536,3.3149017155417e-05,3.3149017155417e-05,3.1206710525996e-05,3.1206710525996e-05,3.3149017155417e-05,0.46927918653018,0.46927918653018,0.46927918653018,0.46055460254522,0.46055460254522,0.46055460254522,3.1206710525996e-05,78.404675380332,4.3474275454744e-15,5.221173087614e-11,-3.1494887659495,-8.3236399705961,-0.71396046282854,-6.5060370087474e-13,-2.7487086232139,-0.83291677536484,-3.6762525793669e-11,-9.7961148123592,90.264298953898,524.02939396364,524.02939396364,524.02939202133,524.02939202133,524.02939396364,524.49864000115,524.49864000115,524.49864000115,524.48991541717,524.48991541717,524.48991541717,524.02939202133,251.28962548357,0.19048597812391,0.13209328503275,0.1414388864282,870.60655644942,-0.099217409565151,-0.0013668010580904,0.00010405721459828,868.32545134768,-0.00011402172983066,-0.10271279650655,0.011743197695117,1.751901209623e-22,0,0,2.0933850544833e-27,3.8644622937173e-18,1.5565758045346e-29,0,2.2357766626257e-31,1.4446918864876e-28,0,5.5723983619339e-32,3.522640371448e-30,5.8800242020061e-10,0,0,0.0015410534721765,0.010102765893923,2.6364954552825e-06,0,5.0104609816206e-11,1.2271968803415e-05,0,1.8583716191131e-11,1.2742292029148e-09
0.001535625,673.27479789391,201.30893329598,472.37484137783,0.97741707853608,0.97723458413469,0.99981571212164,1272591061.3699,0.0001287253960228,0.00045238214661168,0.00020299114432547,1.1477202897145,3.332283231802e-05,3.332283231802e-05,3.1327057425432e-05,3.1327057425432e-05,3.332283231802e-05,0.46888134643156,0.46888134643156,0.46888134643156,0.45940737985812,0.45940737985812,0.45940737985812,3.1327057425432e-05,78.333044171375,4.2691351715547e-15,5.2990112978827e-11,-3.1620008410621,-8.3603876753632,-0.71942496549009,-6.6914074430589e-13,-2.7608454688257,-0.83901579238187,-3.767794002047e-11,-9.8384360940183,90.171262218094,524.1088829219,524.1088829219,524.10888092613,524.10888092613,524.1088829219,524.5777309455,524.5777309455,524.5777309455,524.56825697893,524.56825697893,524.56825697893,524.10888092613,251.37064992385,0.19106367858065,0.13249147855364,0.14186600935526,870.82708877824,-0.10038458008867,-0.0013557456672661,0.00010548065961681,868.540152036,-0.00011621896139957,-0.10386594102884,0.011743197695117,1.6855159601522e-22,0,0,1.9725205691194e-27,3.6626703866257e-18,1.4754000354082e-29,0,2.1411638595555e-31,1.3718201636628e-28,0,5.329057735604e-32,3.3754761827214e-30,5.8800242020085e-10,0,0,0.0015410534721765,0.010102765893923,2.6364954552825e-06,0,5.0104609816206e-11,1.2271968803415e-05,0,1.8583716191131e-11,1.2742292029148e-09
0.001540625,670.99325875013,200.74116378231,470.99308606062,0.97741707853608,0.97723458413469,0.99981571212164,1274956136.3237,0.0001291668533193,0.00045385944554064,0.00020358788377528,1.148220133005,3.3498399153276e-05,3.3498399153276e-05,3.1433303273879e-05,3.1433303273879e-05,3.3498399153276e-05,0.46848210026531,0.46848210026531,0.46848210026531,0.45825821789248,0.45825821789248,0.45825821789248,3.1433303273879e-05,78.261372923563,4.1917258244937e-15,5.3772997480705e-11,-3.1745278146376,-8.397153754586,-0.72490461846139,-6.8853888654661e-13,-2.7730031251599,-0.84512843982931,-3.862551668015e-11,-9.880756163451,90.078147005784,524.18739686335,524.18739686335,524.18739479825,524.18739479825,524.18739686335,524.65584546521,524.65584546521,524.65584546521,524.64562158284,524.64562158284,524.64562158284,524.18739479825,251.45078396827,0.19164102878249,0.13288940308783,0.14229293078363,871.04574924426,-0.10156089308937,-0.0013443679880743,0.00010691540062261,868.75303416713,-0.00011844255470599,-0.1050277467138,0.011743197695117,1.6217822518814e-22,0,0,1.8589109932747e-27,3.4718302610752e-18,1.3985910271475e-29,0,2.0506291724423e-31,1.3027457398623e-28,0,5.0967437517352e-32,3.2347561072892e-30,5.8800242020108e-10,0,0,0.0015410534721765,0.010102765893923,2.6364954552825e-06,0,5.0104609816206e-11,1.2271968803415e-05,0,1.8583716191131e-11,1.2742292029148e-09
0.001545625,668.71204917675,200.17381634577,469.61155055601,0.97741707853608,0.97723458413469,0.99981571212164,1277311103.825,0.00012960818173606,0.00045533676863693,0.00020418384945487,1.1487199845092,3.3692152324725e-05,3.3692152324725e-05,3.152466339733e-05,3.152466339733e-05,3.3692152324725e-05,0.46808145169619,0.46808145169619,0.46808145169619,0.45710714816873,0.45710714816873,0.45710714816873,3.152466339733e-05,78.189662742664,4.1151970484239e-15,5.4560204927273e-11,-3.1870694980998,-8.4339372571071,-0.73039947412797,-7.0884416648041e-13,-2.7851813847437,-0.8512547761193,-3.9606656898197e-11,-9.9230737643817,89.984954864164,524.26494231028,524.26494231028,524.26494014279,524.26494014279,524.26494231028,524.73299006983,524.73299006983,524.73299006983,524.7220157663,524.7220157663,524.7220157663,524.26494014279,251.53002623487,0.19221802867311,0.13328705854617,0.14271965097787,871.26254858465,-0.10274637439122,-0.0013326696084782,0.0001083604385465,868.96410778074,-0.0001206924479138,-0.1061982424215,0.011743197695117,1.560588424845e-22,0,0,1.7521043547538e-27,3.2913246805949e-18,1.3259069345816e-29,0,1.9639937112462e-31,1.2372644166321e-28,0,4.8749430629361e-32,3.1001841470861e-30,5.880024202013e-10,0,0,0.0015410534721765,0.010102765893923,2.6364954552825e-06,0,5.0104609816206e-11,1.2271968803415e-05,0,1.8583716191131e-11,1.2742292029148e-09
0.001550625,666.43124351469,199.60690954206,468.23027917568,0.97741707853608,0.97723458413469,0.99981571212164,1279655964.4448,0.0001300493795658,0.00045681411582109,0.00020477903973898,1.1492198440121,3.3957739709161e-05,3.3957739709161e-05,3.1598197739524e-05,3.1598197739524e-05,3.3957739709161e-05,0.46767940443831,0.46767940443831,0.46767940443831,0.45595420227603,0.45595420227603,0.45595420227603,3.1598197739524e-05,78.117914538015,4.0395464064962e-15,5.5351551700694e-11,-3.1996257025242,-8.4707372187559,-0.73590958847122,-7.3010487561554e-13,-2.7973800395384,-0.85739486357979,-4.0622817620798e-11,-9.9653876463199,89.891687371567,524.34152577816,524.34152577816,524.34152341862,524.34152341862,524.34152577816,524.80917122486,524.80917122486,524.80917122486,524.7974460227,524.7974460227,524.7974460227,524.34152341862,251.60837498394,0.19279467820031,0.13368444484291,0.14314617020239,871.47749749157,-0.10394104975276,-0.0013206518902707,0.00010981614268781,869.17338286642,-0.0001229684577509,-0.10737745710506,0.011743197695117,1.5018277737458e-22,0,0,1.6516778612413e-27,3.1205724967107e-18,1.2571196842972e-29,0,1.8810865862521e-31,1.1751833170201e-28,0,4.6631666880914e-32,2.9714785681259e-30,5.8800242020151e-10,0,0,0.0015410534721765,0.010102765893923,2.6364954552825e-06,0,5.0104609816206e-11,1.2271968803415e-05,0,1.8583716191131e-11,1.2742292029148e-09
0.001555625,664.15091573499,199.04046178826,466.84931599965,0.97741707853608,0.97723458413469,0.99981571212164,1281990718.9027,0.00013049044536463,0.00045829148701352,0.00020537345268065,1.1497197112993,3.4132320738988e-05,3.4132320738988e-05,3.1643714045421e-05,3.1643714045421e-05,3.4132320738988e-05,0.46727596225435,0.46727596225435,0.46727596225435,0.45479941186802,0.45479941186802,0.45479941186802,3.1643714045421e-05,78.046129144868,3.9647715274052e-15,5.6146850307751e-11,-3.2121962396691,-8.5075526741025,-0.74143502114029,-7.5237165489894e-13,-2.8095988816897,-0.86354876895172,-4.1675513758862e-11,-10.00769656488,89.798346138497,524.41715352079,524.41715352079,524.41715103218,524.41715103218,524.41715352079,524.88439535072,524.88439535072,524.88439535072,524.87191880034,524.87191880034,524.87191880034,524.41715103218,251.68582855028,0.193370977316,0.13408156189576,0.14357248872142,871.69060661534,-0.10514494438655,-0.001308317484368,0.00011128229704517,869.38086936488,-0.00012527092620062,-0.10856541856042,0.011743197695117,1.4453983182137e-22,0,0,1.5572359505852e-27,2.9590264631386e-18,1.1920141692389e-29,0,1.8017445438513e-31,1.1163202383413e-28,0,4.4609488427633e-32,2.8483711809161e-30,5.8800242020171e-10,0,0,0.0015410534721765,0.010102765893923,2.6364954552825e-06,0,5.0104609816206e-11,1.2271968803415e-05,0,1.8583716191131e-11,1.2742292029148e-09
0.001560625,661.87113942985,198.47449136096,465.468704871,0.97741707853608,0.97723458413469,0.99981571212164,1284315368.0829,0.00013093137720305,0.00045976888213335,0.00020596708698278,1.1502195861581,3.4269553630197e-05,3.4269553630197e-05,3.1763211586017e-05,3.1763211586017e-05,3.4269553630197e-05,0.4668711289549,0.4668711289549,0.4668711289549,0.45364280865847,0.45364280865847,0.45364280865847,3.1763211586017e-05,77.974307823735,3.8908700261938e-15,5.6945908779954e-11,-3.2247809177644,-8.5443826892209,-0.74697583406602,-7.7569760133857e-13,-2.8218376997632,-0.86971656083224,-4.2766321660102e-11,-10.049999260381,89.704932646838,524.49183196336,524.49183196336,524.49182945701,524.49182945701,524.49183196336,524.95866882276,524.95866882276,524.95866882276,524.94544050246,524.94544050246,524.94544050246,524.49182945701,251.7623854661,0.19394692597652,0.13447840962602,0.143998606799,871.90188647162,-0.10635808373437,-0.0012956677735009,0.000112758810857,869.58657708381,-0.00012759980597742,-0.10976215557465,0.011743197695117,1.3912025768562e-22,0,0,1.4684084726367e-27,2.8061711746087e-18,1.1303874869165e-29,0,1.7258116102911e-31,1.0605030380731e-28,0,4.2678457976787e-32,2.7306066491736e-30,5.8800242020191e-10,0,0,0.0015410534721765,0.010102765893923,2.6364954552825e-06,0,5.0104609816206e-11,1.2271968803415e-05,0,1.8583716191131e-11,1.2742292029148e-09
0.001565625,659.59198780623,197.90901639534,464.08848939251,0.97741707853608,0.97723458413469,0.99981571212164,1286629912.9971,0.00013137217357,0.00046124630109973,0.00020655994086761,1.1507194683758,3.4372551159369e-05,3.4372551159369e-05,3.1919639461331e-05,3.1919639461331e-05,3.4372551159369e-05,0.46646490839822,0.46646490839822,0.46646490839822,0.4524844244183,0.4524844244183,0.4524844244183,3.1919639461331e-05,77.902451445244,3.8178395649954e-15,5.774853148188e-11,-3.2373795479173,-8.5812263054339,-0.75253209429074,-8.0013837549533e-13,-2.8340962869324,-0.87589831338226,-4.3896877161021e-11,-10.092294499373,89.611448196182,524.56556743837,524.56556743837,524.56556498546,524.56556498546,524.56556743837,525.03199797422,525.03199797422,525.03199797422,525.01801749024,525.01801749024,525.01801749024,524.56556498546,251.83804414492,0.19452252414196,0.13487498795815,0.14442452469903,872.11134762072,-0.10758049246614,-0.001282705009526,0.00011424520691443,869.79051586408,-0.00012995509543003,-0.11096769602601,0.011743197695117,1.3391473681521e-22,0,0,1.38484900619e-27,2.6615211683165e-18,1.0720482354215e-29,0,1.6531387738273e-31,1.0075690724361e-28,0,4.0834348592707e-32,2.6179418595063e-30,5.880024202021e-10,0,0,0.0015410534721765,0.010102765893923,2.6364954552825e-06,0,5.0104609816206e-11,1.2271968803415e-05,0,1.8583716191131e-11,1.2742292029148e-09
0.001570625,657.31353367662,197.34405488328,462.70871292114,0.97741707853608,0.97723458413469,0.99981571212164,1288934354.8386,0.00013181283288479,0.00046272374383126,0.0002071520126696,1.1512193577412,3.4410776946688e-05,3.4410776946688e-05,3.2050422460849e-05,3.2050422460849e-05,3.4410776946688e-05,0.46605730448898,0.46605730448898,0.46605730448898,0.45132429097125,0.45132429097125,0.45132429097125,3.2050422460849e-05,77.83056093956,3.7456778265937e-15,5.8554518548156e-11,-3.2499919408056,-8.6180825668151,-0.75810387138037,-8.2575230989578e-13,-2.846374434039,-0.88209410352805,-4.5068882240127e-11,-10.134581046484,89.517894480143,524.63836619813,524.63836619813,524.63836383777,524.63836383777,524.63836619813,525.10438909184,525.10438909184,525.10438909184,525.08965607832,525.08965607832,525.08965607832,524.63836383777,251.91280324914,0.19509777177672,0.13527129682019,0.14485024268519,872.31900051989,-0.10881219593245,-0.00126943144219,0.00011574194243106,869.99269544651,-0.00013233760845515,-0.11218206796398,0.011743197695117,1.2891436034603e-22,0,0,1.3062332788779e-27,2.5246191062566e-18,1.0168158376825e-29,0,1.5835836564056e-31,9.5736464612084e-29,0,3.907313322576e-32,2.510145295861e-30,5.8800242020228e-10,0,0,0.0015410534721765,0.010102765893923,2.6364954552825e-06,0,5.0104609816206e-11,1.2271968803415e-05,0,1.8583716191131e-11,1.2742292029148e-09
0.001575625,655.03584944838,196.77962467049,461.32941856166,0.97741707853608,0.97723458413469,0.99981571212164,1291228694.9497,0.00013225335367142,0.00046420121024537,0.00020774330062973,1.1517192540441,3.4485091858132e-05,3.4485091858132e-05,3.2206720037552e-05,3.2206720037552e-05,3.4485091858132e-05,0.4656483211777,0.4656483211777,0.4656483211777,0.45016244018871,0.45016244018871,0.45016244018871,3.2206720037552e-05,77.758637250052,3.6743824701358e-15,5.9363666444693e-11,-3.262617905106,-8.6549505176824,-0.76369123701243,-8.5260053445152e-13,-2.8586719278479,-0.88830401102212,-4.6284103376303e-11,-10.176857654649,89.424273178504,524.71023458399,524.71023458399,524.71023230562,524.71023230562,524.71023458399,525.17584842007,525.17584842007,525.17584842007,525.16036253908,525.16036253908,525.16036253908,524.71023230562,251.98666161102,0.19567266884952,0.13566733614375,0.14527576102098,872.5248555245,-0.11005321789895,-0.0012558496954873,0.00011724870773945,870.19312546852,-0.00013474697433579,-0.11340529859632,0.011743197695117,1.2411060970424e-22,0,0,1.2322577031262e-27,2.3950340869436e-18,9.6451991250013e-30,0,1.5170102124071e-31,9.0974450897332e-29,0,3.7390975182619e-32,2.4069964581418e-30,5.8800242020246e-10,0,0,0.0015410534721765,0.010102765893923,2.6364954552825e-06,0,5.0104609816206e-11,1.2271968803415e-05,0,1.8583716191131e-11,1.2742292029148e-09
0.001580625,652.75900711766,196.21574345578,459.95064916342,0.97741707853608,0.97723458413469,0.99981571212164,1293512934.8004,0.00013269373402405,0.00046567870025945,0.00020833380357744,1.1522191570746,3.459787118936e-05,3.459787118936e-05,3.2334984404971e-05,3.2334984404971e-05,3.459787118936e-05,0.46523796246057,0.46523796246057,0.46523796246057,0.44899890398641,0.44899890398641,0.44899890398641,3.2334984404971e-05,77.686681126369,3.6039511930636e-15,6.0175767964924e-11,-3.2752572519387,-8.691829180387,-0.76929426761456,-8.8074708124413e-13,-2.8709885589458,-0.89452812084936,-4.7544375665099e-11,-10.219123100684,89.330585765135,524.78117879666,524.78117879666,524.78117653377,524.78117653377,524.78117879666,525.24638216124,525.24638216124,525.24638216124,525.23014310277,525.23014310277,525.23014310277,524.78117653377,252.05961787731,0.19624721533294,0.13606310586369,0.14570107996973,872.72892302106,-0.11130358240952,-0.0012419604900958,0.00011876493219416,870.39181558985,-0.00013718280471555,-0.1146374167817,0.011743197695117,1.1949533936054e-22,0,0,1.1626380136949e-27,2.2723600746456e-18,9.1499968795724e-30,0,1.4532884497675e-31,8.6457138252458e-29,0,3.5784219201451e-32,2.3082853246431e-30,5.8800242020263e-10,0,0,0.0015410534721765,0.010102765893923,2.6364954552825e-06,0,5.0104609816206e-11,1.2271968803415e-05,0,1.8583716191131e-11,1.2742292029148e-09
0.001585625,650.48307825966,195.65242878875,458.57244731447,0.97741707853608,0.97723458413469,0.99981571212164,1295787076.0281,0.00013313397254928,0.00046715621379018,0.00020892351972182,1.1527190666244,3.4689167781367e-05,3.4689167781367e-05,3.241366850867e-05,3.241366850867e-05,3.4689167781367e-05,0.46482623237816,0.46482623237816,0.46482623237816,0.44783371431975,0.44783371431975,0.44783371431975,3.241366850867e-05,77.614693479878,3.5343816194948e-15,6.0990612365757e-11,-3.2879097920241,-8.728717599792,-0.77491304203403,-9.1025904259262e-13,-2.8833241154498,-0.90076652052008,-4.8851603824774e-11,-10.261376154526,89.236833952667,524.8512049294,524.8512049294,524.8512026539,524.8512026539,524.8512049294,525.31599647261,525.31599647261,525.31599647261,525.29900395456,525.29900395456,525.29900395456,524.8512026539,252.13167102999,0.19682141120384,0.13645860591844,0.14612619979456,872.93121328983,-0.11256331383382,-0.0012277677758551,0.00012029102374939,870.58877536383,-0.00013964608465393,-0.1158784487643,0.011743197695117,1.1506075903162e-22,0,0,1.0971079910343e-27,2.1562143986052e-18,8.6810344041271e-30,0,1.392294146819e-31,8.2171550380116e-29,0,3.4249382538827e-32,2.2138118196594e-30,5.8800242020279e-10,0,0,0.0015410534721765,0.010102765893923,2.6364954552825e-06,0,5.0104609816206e-11,1.2271968803415e-05,0,1.8583716191131e-11,1.2742292029148e-09
0.001590625,648.2081340213,195.08969806845,457.19485533747,0.97741707853608,0.97723458413469,0.99981571212164,1298051120.4198,0.00013357406746901,0.00046863375075339,0.00020951244778813,1.153218982486,3.4752913357275e-05,3.4752913357275e-05,3.254595605162e-05,3.254595605162e-05,3.4752913357275e-05,0.4644131350149,0.4644131350149,0.4644131350149,0.4466669031801,0.4466669031801,0.4466669031801,3.254595605162e-05,77.542675332466,3.4656713920993e-15,6.1807985184731e-11,-3.3005753330776,-8.7656148327943,-0.78054764156638,-9.412066849291e-13,-2.8956783829752,-0.90701929993373,-5.0207764592771e-11,-10.303615581555,89.143019284986,524.92031908814,524.92031908814,524.92031688118,524.92031688118,524.92031908814,525.38469747024,525.38469747024,525.38469747024,525.36695123841,525.36695123841,525.36695123841,524.92031688118,252.20281973235,0.19739525644334,0.13685383624998,0.14655112075838,873.13173651866,-0.11383243524462,-0.0012132738690966,0.00012182671063209,870.7840142522,-0.0001421369573251,-0.11712842182854,0.011743197695117,1.1079941731781e-22,0,0,1.0354182768372e-27,2.0462363641365e-18,8.2368797149932e-30,0,1.3339085918632e-31,7.8105420142509e-29,0,3.2783146709707e-32,2.1233853201713e-30,5.8800242020295e-10,0,0,0.0015410534721765,0.010102765893923,2.6364954552825e-06,0,5.0104609816206e-11,1.2271968803415e-05,0,1.8583716191131e-11,1.2742292029148e-09
0.001595625,645.93424511495,194.52756854245,455.81791528621,0.97741707853608,0.97723458413469,0.99981571212164,1300305069.9001,0.00013401401734386,0.00047011131106465,0.00021010058613103,1.1537189044526,3.4890375959929e-05,3.4890375959929e-05,3.277477019896e-05,3.277477019896e-05,3.4890375959929e-05,0.46399867449881,0.46399867449881,0.46399867449881,0.44549850259147,0.44549850259147,0.44549850259147,3.277477019896e-05,77.470627684164,3.3978181555385e-15,6.2627668521467e-11,-3.3132536843398,-8.8025199300541,-0.78619815209449,-9.7366358279886e-13,-2.9080511525174,-0.91328655274665,-5.1614905220371e-11,-10.345840159435,89.049143035116,524.98852744472,524.98852744472,524.98852532911,524.98852532911,524.98852744472,525.45249122884,525.45249122884,525.45249122884,525.43399105693,525.43399105693,525.43399105693,524.98852532911,252.27306277502,0.19796875103649,0.13724879680357,0.14697584312389,873.33050290497,-0.11511097024298,-0.0011984683647737,0.00012337195247368,870.9775417177,-0.0001446434977139,-0.11838736506704,0.011743197695117,1.0670418673326e-22,0,0,9.7733527143752e-28,1.9420859512712e-18,7.8161811946616e-30,0,1.2780183390934e-31,7.4247149964361e-29,0,3.1382349793681e-32,2.0368241935549e-30,5.880024202031e-10,0,0,0.0015410534721765,0.010102765893923,2.6364954552825e-06,0,5.0104609816206e-11,1.2271968803415e-05,0,1.8583716191131e-11,1.2742292029148e-09
0.001600625,643.66148181044,193.96605730525,454.44166894091,0.97741707853608,0.97723458413469,0.99981571212164,1302548926.5406,0.00013445382057279,0.00047158889463934,0.00021068793333848,1.1542188323179,3.5041017686637e-05,3.5041017686637e-05,3.294985298748e-05,3.294985298748e-05,3.5041017686637e-05,0.46358285500019,0.46358285500019,0.46358285500019,0.44432854460663,0.44432854460663,0.44432854460663,3.294985298748e-05,77.398551252756,3.3308195880914e-15,6.3449441436286e-11,-3.3259446584115,-8.8394319392352,-0.79186466451457,-1.0077067683575e-12,-2.9204422157695,-0.91956837897636,-5.3075149407088e-11,-10.388048702765,88.955206715251,525.05583596576,525.05583596576,525.0558338746,525.0558338746,525.05583596576,525.51938377975,525.51938377975,525.51938377975,525.50012946935,525.50012946935,525.50012946935,525.0558338746,252.34239869922,0.19854189497199,0.13764348752756,0.14740036715368,873.52752262998,-0.11639894211668,-0.0011833778146172,0.00012492677782202,871.16936720262,-0.00014718895830336,-0.11965530246572,0.011743197695117,1.027682490314e-22,0,0,9.226401000316e-28,1.8434425865277e-18,7.4176629571861e-30,0,1.2245149739914e-31,7.0585774468451e-29,0,3.0043978975149e-32,1.9539553637262e-30,5.8800242020324e-10,0,0,0.0015410534721765,0.010102765893923,2.6364954552825e-06,0,5.0104609816206e-11,1.2271968803415e-05,0,1.8583716191131e-11,1.2742292029148e-09
0.001605625,641.38991392336,193.40518129488,453.06615780102,0.97741707853608,0.97723458413469,0.99981571212164,1304782692.6574,0.00013489347552922,0.00047306650139139,0.00021127448804726,1.1547187658776,3.5219277006659e-05,3.5219277006659e-05,3.3101678506918e-05,3.3101678506918e-05,3.5219277006659e-05,0.46316568073055,0.46316568073055,0.46316568073055,0.44315706130044,0.44315706130044,0.44315706130044,3.3101678506918e-05,77.326447046463,3.2646732443754e-15,6.4273079594192e-11,-3.3386480646146,-8.8763499058821,-0.79754726853803,-1.0434168783867e-12,-2.9328513560155,-0.92586487782949,-5.4590707274439e-11,-10.430239977393,88.861212236879,525.12225064984,525.12225064984,525.12224853225,525.12224853225,525.12225064984,525.5853811113,525.5853811113,525.5853811113,525.56537249187,525.56537249187,525.56537249187,525.12224853225,252.41082806303,0.19911468824338,0.13803790837434,0.14782469311,873.72280568444,-0.11769637285322,-0.001167993097432,0.00012649029882217,871.35949997212,-0.00014976165531579,-0.12093226169196,0.011743197695117,9.8985079743778e-23,0,0,8.7112765198577e-28,1.7500039759487e-18,7.0401204238739e-30,0,1.1732948663148e-31,6.7110923810296e-29,0,2.8765162992851e-32,1.8746138553789e-30,5.8800242020338e-10,0,0,0.0015410534721765,0.010102765893923,2.6364954552825e-06,0,5.0104609816206e-11,1.2271968803415e-05,0,1.8583716191131e-11,1.2742292029148e-09
0.001610625,639.11961081444,192.84495729435,451.6914230856,0.97741707853608,0.97723458413469,0.99981571212164,1307006370.6455,0.00013533298057763,0.00047454413123437,0.00021186024899471,1.1552187049279,3.5379241885559e-05,3.5379241885559e-05,3.3315332011186e-05,3.3315332011186e-05,3.5379241885559e-05,0.46274715594312,0.46274715594312,0.46274715594312,0.44198408476947,0.44198408476947,0.44198408476947,3.3315332011186e-05,77.254315944656,3.1993766772332e-15,6.5098355394988e-11,-3.3513637115293,-8.913272872083,-0.80324605851221,-1.0808783069166e-12,-2.9452783596525,-0.93217615276877,-5.6163868856145e-11,-10.472412771879,88.767161012759,525.18777739771,525.18777739771,525.1877753338,525.1877753338,525.18777739771,525.65048917441,525.65048917441,525.65048917441,525.62972610324,525.62972610324,525.62972610324,525.1877753338,252.47834886911,0.19968713084809,0.13843205929955,0.14824882125493,873.91636205492,-0.11900328526493,-0.0011523164193124,0.00012806337068643,871.54794927888,-0.00015236181022218,-0.12221826981993,0.011743197695117,9.5348436059784e-23,0,0,8.2260568708052e-28,1.6614850396985e-18,6.6824162931558e-30,0,1.124258971679e-31,6.3812791386018e-29,0,2.7543165765635e-32,1.7986424240012e-30,5.8800242020352e-10,0,0,0.0015410534721765,0.010102765893923,2.6364954552825e-06,0,5.0104609816206e-11,1.2271968803415e-05,0,1.8583716191131e-11,1.2742292029148e-09
0.001615625,636.85064138081,192.28540192967,450.31750572821,0.97741707853608,0.97723458413469,0.99981571212164,1309219963.0414,0.00013577233421777,0.00047602178408143,0.00021244521473217,1.1557186492658,3.552652955819e-05,3.552652955819e-05,3.3515463786889e-05,3.3515463786889e-05,3.552652955819e-05,0.46232728493182,0.46232728493182,0.46232728493182,0.44080964712714,0.44080964712714,0.44080964712714,3.3515463786889e-05,77.182158975274,3.1349274274552e-15,6.592503841729e-11,-3.3640914079427,-8.9501999109913,-0.80896113267192,-1.1201793674168e-12,-2.9577230153407,-0.93850231077252,-5.7797003393449e-11,-10.514565884219,88.673054319458,525.2524221194,525.2524221194,525.25242010833,525.25242010833,525.2524221194,525.7147138778,525.7147138778,525.7147138778,525.69319624,525.69319624,525.69319624,525.25242010833,252.54496024407,0.20025922278743,0.13882594026212,0.14867275185034,874.10820169966,-0.12031970171796,-0.0011363516227022,0.00012964513941932,871.73472434406,-0.00015499002313422,-0.12351335210421,0.011743197695117,9.1852343854815e-23,0,0,7.7689399942549e-28,1.5776168948679e-18,6.3434766734402e-30,0,1.0773126219228e-31,6.0682102167847e-29,0,2.637537988888e-32,1.7258911709985e-30,5.8800242020365e-10,0,0,0.0015410534721765,0.010102765893923,2.6364954552825e-06,0,5.0104609816206e-11,1.2271968803415e-05,0,1.8583716191131e-11,1.2742292029148e-09
0.001620625,634.58307404803,191.72653166806,448.94444637209,0.97741707853608,0.97723458413469,0.99981571212164,1311423472.5437,0.00013621153483013,0.00047749945984506,0.00021302938402922,1.1562185986897,3.5663601377984e-05,3.5663601377984e-05,3.3652745953948e-05,3.3652745953948e-05,3.5663601377984e-05,0.46190607203014,0.46190607203014,0.46190607203014,0.4396337804995,0.4396337804995,0.4396337804995,3.3652745953948e-05,77.109976997766,3.0713229742509e-15,6.6752894783576e-11,-3.3768309635313,-8.9871300696877,-0.81469259097938,-1.1614124574406e-12,-2.970185107381,-0.94484346138711,-5.9492570824955e-11,-10.556698106789,88.578893877841,525.31619068036,525.31619068036,525.3161886695,525.3161886695,525.31619068036,525.77806108879,525.77806108879,525.77806108879,525.75578879725,525.75578879725,525.75578879725,525.3161886695,252.61066133501,0.20083096406701,0.13921955122457,0.14909648515787,874.29833447725,-0.1216456442733,-0.001120101138151,0.00013123594345995,871.9198342947,-0.00015764658900688,-0.12481753513728,0.011743197695117,8.8491085179763e-23,0,0,7.3382363660653e-28,1.4981458971462e-18,6.0222874310148e-30,0,1.0323653236147e-31,5.7710082767714e-29,0,2.5259320370203e-32,1.6562171791061e-30,5.8800242020377e-10,0,0,0.0015410534721765,0.010102765893923,2.6364954552825e-06,0,5.0104609816206e-11,1.2271968803415e-05,0,1.8583716191131e-11,1.2742292029148e-09
0.001625625,632.31697676465,191.16836281723,447.57228536727,0.97741707853608,0.97723458413469,0.99981571212164,1313616901.9827,0.00013665058089047,0.00047897715843707,0.00021361275557078,1.1567185529988,3.5791806775523e-05,3.5791806775523e-05,3.3794500206992e-05,3.3794500206992e-05,3.5791806775523e-05,0.46148352161099,0.46148352161099,0.46148352161099,0.43845651702174,0.43845651702174,0.43845651702174,3.3794500206992e-05,77.037770862176,3.0085607492507e-15,6.7581687882303e-11,-3.3895821864392,-9.0240623948202,-0.82044053598666,-1.2046742343628e-12,-2.9826644186758,-0.95119971701323,-6.1253121746054e-11,-10.59880823388,88.484681306806,525.37908890586,525.37908890586,525.37908690855,525.37908690855,525.37908890586,525.84053663567,525.84053663567,525.84053663567,525.81750963108,525.81750963108,525.81750963108,525.37908690855,252.67545135121,0.2014023546966,0.13961289215294,0.14952002143889,874.4867701795,-0.12298113370713,-0.0011035672403929,0.00013283531514442,872.10328819272,-0.00016033097020474,-0.12613084481998,0.011743197695117,8.5259186885537e-23,0,0,6.932361730965e-28,1.4228327490309e-18,5.7178907859379e-30,0,9.8933057239802e-32,5.4888433646117e-29,0,2.4192618857077e-32,1.5894841742472e-30,5.8800242020389e-10,0,0,0.0015410534721765,0.010102765893923,2.6364954552825e-06,0,5.0104609816206e-11,1.2271968803415e-05,0,1.8583716191131e-11,1.2742292029148e-09
0.001630625,630.05241699582,190.61091152422,446.2010627669,0.97741707853608,0.97723458413469,0.99981571212164,1315800254.3212,0.00013708947073553,0.00048045487976915,0.00021419532825227,1.1572185119929,3.596471287121e-05,3.596471287121e-05,3.3943490968003e-05,3.3943490968003e-05,3.596471287121e-05,0.46105963808611,0.46105963808611,0.46105963808611,0.43727788883443,0.43727788883443,0.43727788883443,3.3943490968003e-05,76.96554148892,2.9466381483279e-15,6.8411178476245e-11,-3.4023448854745,-9.0609959452047,-0.82620507451421,-1.2500657857541e-12,-2.9951607359584,-0.95757119386065,-6.3081297427364e-11,-10.640895075992,88.390417919537,525.44112263371,525.44112263371,525.44112061248,525.44112061248,525.44112263371,525.90214630708,525.90214630708,525.90214630708,525.87836455783,525.87836455783,525.87836455783,525.44112061248,252.73932945197,0.20197339468979,0.1400059630165,0.14994336095459,874.6735185893,-0.12432619151343,-0.0010867530942037,0.00013444294746943,872.28509508736,-0.00016304304467288,-0.12745330665255,0.011743197695117,8.2151409861263e-23,0,0,6.5498303210573e-28,1.3514516611627e-18,5.4293821110535e-30,0,9.4812567634076e-32,5.2209302882113e-29,0,2.3173018144556e-32,1.5255622065503e-30,5.8800242020401e-10,0,0,0.0015410534721765,0.010102765893923,2.6364954552825e-06,0,5.0104609816206e-11,1.2271968803415e-05,0,1.8583716191131e-11,1.2742292029148e-09
0.001635625,627.78946171633,190.05419377401,444.8308183232,0.97741707853608,0.97723458413469,0.99981571212164,1317973532.6751,0.00013752820281859,0.0004819326237523,0.0002147771008609,1.1577184754729,3.627403842076e-05,3.627403842076e-05,3.4080466727285e-05,3.4080466727285e-05,3.627403842076e-05,0.46063442590496,0.46063442590496,0.46063442590496,0.43609792807945,0.43609792807945,0.43609792807945,3.4080466727285e-05,76.893289678824,2.8855525267458e-15,6.9241125022747e-11,-3.4151188718377,-9.0979297749026,-0.8319863169008,-1.2976928311231e-12,-3.0076738463101,-0.96395801189337,-6.4979831523306e-11,-10.682957451804,88.296105266721,525.50229769877,525.50229769877,525.50229550519,525.50229550519,525.50229769877,525.96289585063,525.96289585063,525.96289585063,525.93835935281,525.93835935281,525.93835935281,525.50229550519,252.80229500257,0.20254408406415,0.14039876378789,0.15036650396592,874.8585894472,-0.1256808393002,-0.001069662835029,0.00013605956214902,872.4652639852,-0.00016578369650306,-0.12878494531755,0.011743197695117,7.916273836419e-23,0,0,6.1892485138326e-28,1.2837895606367e-18,5.1559068941308e-30,0,9.0867158351189e-32,4.9665261248005e-29,0,2.219836685021e-32,1.4643273406494e-30,5.8800242020412e-10,0,0,0.0015410534721765,0.010102765893923,2.6364954552825e-06,0,5.0104609816206e-11,1.2271968803415e-05,0,1.8583716191131e-11,1.2742292029148e-09
0.001640625,625.52817740342,189.49822538801,443.46159148321,0.97741707853608,0.97723458413469,0.99981571212164,1320136740.3225,0.00013796677559043,0.00048341039029791,0.00021535807220099,1.1582184432402,3.6474360823119e-05,3.6474360823119e-05,3.4206830133753e-05,3.4206830133753e-05,3.6474360823119e-05,0.46020788955396,0.46020788955396,0.46020788955396,0.43491666689575,0.43491666689575,0.43491666689575,3.4206830133753e-05,76.821016175059,2.8253011872611e-15,7.0071283557725e-11,-3.427903958808,-9.1348629247763,-0.83778437670134,-1.3476659129345e-12,-3.0202035388975,-0.97036029466314,-6.6951560188855e-11,-10.724994187611,88.201744980671,525.5626195591,525.5626195591,525.56261729157,525.56261729157,525.5626195591,526.02279097429,526.02279097429,526.02279097429,525.99749975163,525.99749975163,525.99749975163,525.56261729157,252.8643475363,0.20311442284124,0.14079129444314,0.15078945073359,875.04199244533,-0.12704509719282,-0.0010522976561103,0.00013768442837542,872.64380383702,-0.00016855266885544,-0.13012578736861,0.011743197695117,7.6288370083114e-23,0,0,5.8493089161941e-28,1.2196453479542e-18,4.8966578906711e-30,0,8.708927176207e-32,4.7249278770714e-29,0,2.1266614365457e-32,1.4056613644754e-30,5.8800242020423e-10,0,0,0.0015410534721765,0.010102765893923,2.6364954552825e-06,0,5.0104609816206e-11,1.2271968803415e-05,0,1.8583716191131e-11,1.2742292029148e-09
0.001645625,623.26863003139,188.94302202346,442.09342138588,0.97741707853608,0.97723458413469,0.99981571212164,1322289880.7061,0.00013840518747954,0.00048488817931564,0.00021593824119817,1.1587184150983,3.6645107851242e-05,3.6645107851242e-05,3.4323438872853e-05,3.4323438872853e-05,3.6645107851242e-05,0.45978003355563,0.45978003355563,0.45978003355563,0.4337341374158,0.4337341374158,0.4337341374158,3.4323438872853e-05,76.748722329737,2.7658813496027e-15,7.0901406775081e-11,-3.4406999522753,-9.1717945005545,-0.84359936861723,-1.400100590917e-12,-3.0327495948879,-0.9767781658202,-6.8999422397824e-11,-10.767004086422,88.107338408116,525.62209395847,525.62209395847,525.6220916368,525.6220916368,525.62209395847,526.08183734691,526.08183734691,526.08183734691,526.05579145077,526.05579145077,526.05579145077,525.6220916368,252.9254866124,0.20368441104701,0.14118355496197,0.15121220151804,875.22373710772,-0.12841898550531,-0.0010346618451242,0.00013931719883915,872.82072344517,-0.00017135000979908,-0.13147585669217,0.011743197695117,7.3523705947054e-23,0,0,5.5287848309494e-28,1.1588291954951e-18,4.6508724060444e-30,0,8.3471681753706e-32,4.495470235135e-29,0,2.0375805907787e-32,1.3494515044784e-30,5.8800242020433e-10,0,0,0.0015410534721765,0.010102765893923,2.6364954552825e-06,0,5.0104609816206e-11,1.2271968803415e-05,0,1.8583716191131e-11,1.2742292029148e-09
0.001650625,621.01088506773,188.38859917304,440.72634686004,0.97741707853608,0.97723458413469,0.99981571212164,1324432957.3733,0.00013884343692993,0.00048636599071492,0.00021651760676098,1.1592183908511,3.6797097046145e-05,3.6797097046145e-05,3.4430832779664e-05,3.4430832779664e-05,3.6797097046145e-05,0.45935086246868,0.45935086246868,0.45935086246868,0.43255037176304,0.43255037176304,0.43255037176304,3.4430832779664e-05,76.67640883684,2.7072901899266e-15,7.1731245579105e-11,-3.4535066622818,-9.2087235485231,-0.84943141139011,-1.4551176457588e-12,-3.0453117993889,-0.98321175357099,-7.1126458929871e-11,-10.808985973724,88.012887032014,525.68072653612,525.68072653612,525.68072416986,525.68072416986,525.68072653612,526.1400406015,526.1400406015,526.1400406015,526.11324011079,526.11324011079,526.11324011079,525.68072416986,252.98571133312,0.20425404871119,0.1415755453273,0.15163475657948,875.4038329745,-0.12980252480536,-0.0010167582682608,0.00014095847110493,872.99603162046,-0.00017417625619333,-0.13283517845894,0.011743197695117,7.086434180161e-23,0,0,5.2265251245804e-28,1.1011619017597e-18,4.417829809116e-30,0,8.0007479587243e-32,4.2775235351538e-29,0,1.9524078167824e-32,1.2955901735352e-30,5.8800242020443e-10,0,0,0.0015410534721765,0.010102765893923,2.6364954552825e-06,0,5.0104609816206e-11,1.2271968803415e-05,0,1.8583716191131e-11,1.2742292029148e-09
0.001655625,618.75500746624,187.83497216348,439.36040642037,0.97741707853608,0.97723458413469,0.99981571212164,1326565974.0147,0.00013928152237733,0.00048784382440479,0.00021709616785568,1.1597183703034,3.7064213908979e-05,3.7064213908979e-05,3.4529331697157e-05,3.4529331697157e-05,3.7064213908979e-05,0.45892038088693,0.45892038088693,0.45892038088693,0.43136540204746,0.43136540204746,0.43136540204746,3.4529331697157e-05,76.60407654953,2.6495248190349e-15,7.2560548785972e-11,-3.466323899949,-9.2456491318183,-0.855280627018,-1.5128432999307e-12,-3.0578899382557,-0.98966118945582,-7.3335817965782e-11,-10.850938680793,87.918392335835,525.73852301415,525.73852301415,525.73852047927,525.73852047927,525.73852301415,526.19740633082,526.19740633082,526.19740633082,526.16985135198,526.16985135198,526.16985135198,525.73852047927,253.04502116299,0.2048233358675,0.14196726552547,0.15205711617786,875.58228953573,-0.13119573450312,-0.00099859033570683,0.00014260738316623,873.16973712527,-0.00017703112413195,-0.13420377680902,0.011743197695117,6.8306059550169e-23,0,0,4.9414494000879e-28,1.0464742715058e-18,4.1968491399076e-30,0,7.6690059465128e-32,4.0704917802467e-29,0,1.8709654896845e-32,1.2439747186003e-30,5.8800242020453e-10,0,0,0.0015410534721765,0.010102765893923,2.6364954552825e-06,0,5.0104609816206e-11,1.2271968803415e-05,0,1.8583716191131e-11,1.2742292029148e-09
0.001660625,616.50106166142,187.28215615466,437.99563826419,0.97741707853608,0.97723458413469,0.99981571212164,1328688934.4694,0.00013971944223776,0.00048932168029413,0.00021767392350569,1.1602183532603,3.7263509108846e-05,3.7263509108846e-05,3.4619083752344e-05,3.4619083752344e-05,3.7263509108846e-05,0.45848859343857,0.45848859343857,0.45848859343857,0.43017926036185,0.43017926036185,0.43017926036185,3.4619083752344e-05,76.531726107442,2.5925822878167e-15,7.3389063398359e-11,-3.4791514799308,-9.282570289641,-0.86114714173941,-1.5734094449462e-12,-3.0704838008241,-0.99612660936607,-7.5630760594003e-11,-10.892861058474,87.823855887393,525.79548875943,525.79548875943,525.795486115,525.795486115,525.79548875943,526.25394008936,526.25394008936,526.25394008936,526.22563075628,526.22563075628,526.22563075628,525.795486115,253.10341572104,0.20539227255345,0.14235871554605,0.15247928057292,875.75911627323,-0.13259863465979,-0.00098016151088559,0.00014426423871771,873.34184870844,-0.00017991482634522,-0.13558167617419,0.011743197695117,6.5844819037145e-23,0,0,4.6725435017823e-28,9.9460653804302e-19,3.9872868748099e-30,0,7.3513105114875e-32,3.8738107968995e-29,0,1.7930842808725e-32,1.1945071861429e-30,5.8800242020462e-10,0,0,0.0015410534721765,0.010102765893923,2.6364954552825e-06,0,5.0104609816206e-11,1.2271968803415e-05,0,1.8583716191131e-11,1.2742292029148e-09
0.001665625,614.24911156209,186.73016613833,436.63208026776,0.97741707853608,0.97723458413469,0.99981571212164,1330801842.7473,0.00014015719512141,0.00049079955829094,0.00021825087254644,1.160718339529,3.7430713472378e-05,3.7430713472378e-05,3.4700080615822e-05,3.4700080615822e-05,3.7430713472378e-05,0.45805550478505,0.45805550478505,0.45805550478505,0.42899197877765,0.42899197877765,0.42899197877765,3.4700080615822e-05,76.459358735527,2.5364595584812e-15,7.4216534134578e-11,-3.4919892103372,-9.319486134562,-0.86703108275025,-1.6369538642285e-12,-3.0830931693111,-1.0026081498942,-7.801466175906e-11,-10.934751934979,87.729279075565,525.85162931845,525.85162931845,525.85162658781,525.85162658781,525.85162931845,526.30964739252,526.30964739252,526.30964739252,526.28058386651,526.28058386651,526.28058386651,525.85162658781,253.16089477629,0.2059608588108,0.14274989538221,0.15290125002409,875.93432251451,-0.13401124312837,-0.00096147355722725,0.00014592798664993,873.51237497956,-0.00018282740679136,-0.13696890123783,0.011743197695117,6.3476749584891e-23,0,0,4.4188552996135e-28,9.4540781447201e-19,3.7885347840066e-30,0,7.0470576334886e-32,3.6869464514873e-29,0,1.7186027489495e-32,1.1470940889933e-30,5.8800242020471e-10,0,0,0.0015410534721765,0.010102765893923,2.6364954552825e-06,0,5.0104609816206e-11,1.2271968803415e-05,0,1.8583716191131e-11,1.2742292029148e-09
0.001670625,611.99922054877,186.1790169383,435.26976998505,0.97741707853608,0.97723458413469,0.99981571212164,1332904702.969,0.00014059477935584,0.00049227745830284,0.000218827014195,1.1612183289171,3.7577983942601e-05,3.7577983942601e-05,3.4772160720804e-05,3.4772160720804e-05,3.7577983942601e-05,0.45762111962119,0.45762111962119,0.45762111962119,0.42780358934256,0.42780358934256,0.42780358934256,3.4772160720804e-05,76.38697521211,2.4811535243427e-15,7.5042704122289e-11,-3.5048369026553,-9.3563957284975,-0.87293258109683,-1.7036204757237e-12,-3.0957178292969,-1.0091059513996,-8.0491014259003e-11,-10.976610155694,87.634663355381,525.90695017909,525.90695017909,525.90694737327,525.90694737327,525.90695017909,526.36453372073,526.36453372073,526.36453372073,526.33471619045,526.33471619045,526.33471619045,525.90694737327,253.21745788369,0.20652909468516,0.1431408050304,0.15332302479056,876.10791757409,-0.13543358111441,-0.00094253210974348,0.00014759996795753,873.68132453266,-0.00018576996425297,-0.13836547477296,0.011743197695117,6.1198143029608e-23,0,0,4.1794907760021e-28,8.9873558704485e-19,3.6000179697562e-30,0,6.7556697134496e-32,3.5093930342545e-29,0,1.6473669783531e-32,1.1016462002123e-30,5.880024202048e-10,0,0,0.0015410534721765,0.010102765893923,2.6364954552825e-06,0,5.0104609816206e-11,1.2271968803415e-05,0,1.8583716191131e-11,1.2742292029148e-09
0.001675625,609.75145146729,185.6287232091,433.90874464399,0.97741707853608,0.97723458413469,0.99981571212164,1334997519.3915,0.0001410321935278,0.00049375538023707,0.00021940234739353,1.1617183212333,3.7709538126176e-05,3.7709538126176e-05,3.4834978974661e-05,3.4834978974661e-05,3.7709538126176e-05,0.45718544267411,0.45718544267411,0.45718544267411,0.42661412407631,0.42661412407631,0.42661412407631,3.4834978974661e-05,76.314576368282,2.4266609933171e-15,7.5867314905827e-11,-3.5176943690606,-9.3932981403274,-0.87885177092826,-1.7735595809896e-12,-3.1083575663286,-1.01562015739,-8.3063432809021e-11,-11.018434571342,87.540010186829,525.96145678312,525.96145678312,525.96145390856,525.96145390856,525.96145678312,526.41860451626,526.41860451626,526.41860451626,526.38803319766,526.38803319766,526.38803319766,525.96145390856,253.27310477091,0.20709698022605,0.14353144449043,0.15374460513127,876.27991071392,-0.136865664971,-0.00092333914692826,0.00014927865101891,873.84870591264,-0.00018874104137751,-0.13977142085125,0.011743197695117,5.9005446429285e-23,0,0,3.9536103517505e-28,8.5445523257484e-19,3.421192984824e-30,0,6.4765943845831e-32,3.3406716947769e-29,0,1.5792302195373e-32,1.0580783481181e-30,5.8800242020488e-10,0,0,0.0015410534721765,0.010102765893923,2.6364954552825e-06,0,5.0104609816206e-11,1.2271968803415e-05,0,1.8583716191131e-11,1.2742292029148e-09
0.001680625,607.50586662446,185.07929943554,432.5490411441,0.97741707853608,0.97723458413469,0.99981571212164,1337080296.4123,0.00014146943593318,0.00049523332400043,0.00021997687147537,1.162218316287,3.7827420286168e-05,3.7827420286168e-05,3.4887943708156e-05,3.4887943708156e-05,3.7827420286168e-05,0.45674847870255,0.45674847870255,0.45674847870255,0.42542361496741,0.42542361496741,0.42542361496741,3.4887943708156e-05,76.242163055867,2.3729786972037e-15,7.6690106527456e-11,-3.5305614223077,-9.4301924460746,-0.88478878959927,-1.8469281203661e-12,-3.1210121667356,-1.022150914379,-8.5735658167681e-11,-11.060224040112,87.445321025779,526.01515453286,526.01515453286,526.01515159338,526.01515159338,526.01515453286,526.47186518414,526.47186518414,526.47186518414,526.44054032041,526.44054032041,526.44054032041,526.01515159338,253.32783525131,0.2076645154869,0.14392181376544,0.15416599130486,876.45031114479,-0.13830751446909,-0.00090389887088777,0.00015096484511529,874.01452761466,-0.000191741966058,-0.14118676263214,0.011743197695117,5.6895255223685e-23,0,0,3.7404254540526e-28,8.1243956558945e-19,3.2515460649319e-30,0,6.2093033853224e-32,3.1803289719738e-29,0,1.5140525482606e-32,1.0163092235383e-30,5.8800242020496e-10,0,0,0.0015410534721765,0.010102765893923,2.6364954552825e-06,0,5.0104609816206e-11,1.2271968803415e-05,0,1.8583716191131e-11,1.2742292029148e-09
0.001685625,605.26252778303,184.53075993187,431.19069605367,0.97741707853608,0.97723458413469,0.99981571212164,1339153038.5676,0.00014190650518197,0.00049671128949929,0.00022055058542917,1.1627183138888,3.7932723588882e-05,3.7932723588882e-05,3.4930088829069e-05,3.4930088829069e-05,3.7932723588882e-05,0.45631023249611,0.45631023249611,0.45631023249611,0.42423209396937,0.42423209396937,0.42423209396937,3.4930088829069e-05,76.169736123245,2.3201032837773e-15,7.7510817656935e-11,-3.5434378754753,-9.4670777230297,-0.89074377739402,-1.923889938045e-12,-3.1336814166402,-1.0286983717783,-8.8511561040241e-11,-11.101977424473,87.350597322227,526.06804879301,526.06804879301,526.06804579037,526.06804579037,526.06804879301,526.52432109278,526.52432109278,526.52432109278,526.49224295425,526.49224295425,526.49224295425,526.06804579037,253.38164912869,0.20823170052505,0.14431191286192,0.15458718356974,876.61912801844,-0.13975914675204,-0.00088421441616291,0.00015265814703712,874.17879807937,-0.00019477220162688,-0.14261152324417,0.011743197695117,5.4864306710104e-23,0,0,3.5391953097687e-28,7.7256841265202e-19,3.0905914631242e-30,0,5.9532914849659e-32,3.0279354073256e-29,0,1.4517005416694e-32,9.7626119616461e-31,5.8800242020504e-10,0,0,0.0015410534721765,0.010102765893923,2.6364954552825e-06,0,5.0104609816206e-11,1.2271968803415e-05,0,1.8583716191131e-11,1.2742292029148e-09
0.001690625,603.02149615766,183.98311884135,429.83374560744,0.97741707853608,0.97723458413469,0.99981571212164,1341215750.5291,0.00014234339970263,0.0004981892766396,0.00022112348851263,1.1632183138501,3.802599597776e-05,3.802599597776e-05,3.4959797683805e-05,3.4959797683805e-05,3.802599597776e-05,0.45587070887461,0.45587070887461,0.45587070887461,0.4230395929975,0.4230395929975,0.4230395929975,3.4959797683805e-05,76.097296415497,2.2680313046236e-15,7.8329185715352e-11,-3.5563235421422,-9.5039530518093,-0.89671687765246,-2.0046160558623e-12,-3.1463651024576,-1.0352626818772,-9.1395146089736e-11,-11.14369359312,87.255840520277,526.12014489133,526.12014489133,526.12014182513,526.12014182513,526.12014489133,526.57597757421,526.57597757421,526.57597757421,526.54314645833,526.54314645833,526.54314645833,526.12014182513,253.43454628294,0.2087985354017,0.14470174178971,0.15500818218403,876.78637043214,-0.14122058041539,-0.00086429004242647,0.00015435809509807,874.34152569624,-0.00019783258167169,-0.14404572513795,0.011743197695117,5.2909473828099e-23,0,0,3.3492239464645e-28,7.3472821187681e-19,2.9378698809719e-30,0,5.7080754592632e-32,2.8830842372215e-29,0,1.3920469700781e-32,9.3786014058913e-31,5.8800242020511e-10,0,0,0.0015410534721765,0.010102765893923,2.6364954552825e-06,0,5.0104609816206e-11,1.2271968803415e-05,0,1.8583716191131e-11,1.2742292029148e-09
0.001695625,600.78283241044,183.4363901356,428.47822570417,0.97741707853608,0.97723458413469,0.99981571212164,1343268437.1028,0.00014278011795308,0.00049966728532692,0.00022169557998081,1.1637183159834,3.8107392755936e-05,3.8107392755936e-05,3.497411053393e-05,3.497411053393e-05,3.8107392755936e-05,0.45542991268742,0.45542991268742,0.45542991268742,0.4218461439253,0.4218461439253,0.4218461439253,3.497411053393e-05,76.024844780312,2.2167592266139e-15,7.9144947258789e-11,-3.5692182362994,-9.5408175149046,-0.90270823671858,-2.0892849570907e-12,-3.1590630106588,-1.0418439998045,-9.4390556141424e-11,-11.185371419396,87.161052063218,526.1714481191,526.1714481191,526.17144498582,526.17144498582,526.1714481191,526.6268399244,526.6268399244,526.6268399244,526.59325615563,526.59325615563,526.59325615563,526.17144498582,253.48652666002,0.20936502018195,0.14509130056196,0.15542898740558,876.95204742746,-0.14269183151928,-0.0008441278270726,0.00015606475377657,874.5027188036,-0.0002009219644988,-0.14548939193655,0.011743197695117,5.1027759227707e-23,0,0,3.1698573886966e-28,6.9881163630058e-19,2.792946989449e-30,0,5.4731931120806e-32,2.7453901574518e-29,0,1.3349705035385e-32,9.0103527054178e-31,5.8800242020519e-10,0,0,0.0015410534721765,0.010102765893923,2.6364954552825e-06,0,5.0104609816206e-11,1.2271968803415e-05,0,1.8583716191131e-11,1.2742292029148e-09
0.001700625,598.54659664707,182.89058761425,427.12417190456,0.97741707853608,0.97723458413469,0.99981571212164,1345311103.2256,0.00014321665843586,0.00050114531546635,0.00022226685907071,1.164218320102,3.8176713201549e-05,3.8176713201549e-05,3.4966418698301e-05,3.4966418698301e-05,3.8176713201549e-05,0.45498784881275,0.45498784881275,0.45498784881275,0.42065177858123,0.42065177858123,0.42065177858123,3.4966418698301e-05,75.952382044236,2.1662834075024e-15,7.9957837667166e-11,-3.5821217720161,-9.5776701972833,-0.90871800375598,-2.1780828771771e-12,-3.1717749275919,-1.0484424833413,-9.7502076408707e-11,-11.22700978249,87.06623337472,526.22196373154,526.22196373154,526.22196052125,526.22196052125,526.22196373154,526.67691340364,526.67691340364,526.67691340364,526.64257733341,526.64257733341,526.64257733341,526.22196052125,253.53759025881,0.20993115493476,0.14548058919514,0.15584959949196,877.11616798531,-0.1441729177734,-0.00082373308950864,0.00015777794223377,874.66238568355,-0.00020404184515158,-0.14694254468849,0.011743197695117,4.9216289619803e-23,0,0,3.0004810339104e-28,6.6471723894913e-19,2.6554120346833e-30,0,5.2482023406744e-32,2.6144881579302e-29,0,1.2803554323141e-32,8.6571898172208e-31,5.8800242020526e-10,0,0,0.0015410534721765,0.010102765893923,2.6364954552825e-06,0,5.0104609816206e-11,1.2271968803415e-05,0,1.8583716191131e-11,1.2742292029148e-09
0.001705625,596.31284841289,182.34572490442,425.77161942898,0.97741707853608,0.97723458413469,0.99981571212164,1347343753.9627,0.00014365301969164,0.0005026233669626,0.00022283732502541,1.1647183260203,3.8233349504588e-05,3.8233349504588e-05,3.4910910271872e-05,3.4910910271872e-05,3.8233349504588e-05,0.45454452215705,0.45454452215705,0.45454452215705,0.41945652874535,0.41945652874535,0.41945652874535,3.4910910271872e-05,75.879909042518,2.1166001271653e-15,8.0767591700811e-11,-3.595033964195,-9.6145101859691,-0.9147463308281,-2.2712041086851e-12,-3.1845006400085,-1.0550582929728,-1.0073413917198e-10,-11.268607566391,86.971385896961,526.27169694776,526.27169694776,526.27169362532,526.27169362532,526.27169694776,526.72620323657,526.72620323657,526.72620323657,526.69111524316,526.69111524316,526.69111524316,526.27169362532,253.58773712605,0.21049693973292,0.14586960770907,0.15627001870045,877.27874103467,-0.14566385604099,-0.00080310806504119,0.00015949722002352,874.8205345703,-0.00020719105571533,-0.148405206646,0.011743197695117,4.7472310373796e-23,0,0,2.8405172006238e-28,6.3234911953268e-19,2.5248765240874e-30,0,5.032680244823e-32,2.4900324218652e-29,0,1.2280914009982e-32,8.3184670193327e-31,5.8800242020532e-10,0,0,0.0015410534721765,0.010102765893923,2.6364954552825e-06,0,5.0104609816206e-11,1.2271968803415e-05,0,1.8583716191131e-11,1.2742292029148e-09
0.001710625,594.08164668924,181.80181546039,424.42060315556,0.97741707853608,0.97723458413469,0.99981571212164,1349366394.5049,0.00014408920016917,0.00050410143971986,0.00022340697722535,1.1652183335536,3.8276115305379e-05,3.8276115305379e-05,3.4848380407677e-05,3.4848380407677e-05,3.8276115305379e-05,0.45409993765432,0.45409993765432,0.45409993765432,0.418260426146,0.418260426146,0.418260426146,3.4848380407677e-05,75.80742658296,2.067705543193e-15,8.1573943355691e-11,-3.6079546276853,-9.6513365695109,-0.92079337263756,-2.368851316081e-12,-3.1972399340408,-1.0616915915103,-1.0409132909406e-10,-11.310163658908,86.876511098862,526.32065295122,526.32065295122,526.32064952348,526.32064952348,526.32065295122,526.77471461276,526.77471461276,526.77471461276,526.73887510125,526.73887510125,526.73887510125,526.32064952348,253.63696733908,0.21106237465312,0.14625835612686,0.15669024528806,877.43977543769,-0.14716466331763,-0.00078225813096405,0.0001612228018602,874.9771736373,-0.00021037130591179,-0.1498773985477,0.011743197695117,4.5793180353974e-23,0,0,2.6894228310452e-28,6.0161660971674e-19,2.4009729864392e-30,0,4.8262222734673e-32,2.3716952860879e-29,0,1.1780731544983e-32,7.9935674887959e-31,5.8800242020539e-10,0,0,0.0015410534721765,0.010102765893923,2.6364954552825e-06,0,5.0104609816206e-11,1.2271968803415e-05,0,1.8583716191131e-11,1.2742292029148e-09
0.001715625,591.85304988982,181.2588725632,423.07115761814,0.97741707853608,0.97723458413469,0.99981571212164,1351379030.1641,0.00014452519838929,0.0005055795336422,0.00022397581502105,1.1657183425182,3.8302812769827e-05,3.8302812769827e-05,3.4880809476332e-05,3.4880809476332e-05,3.8302812769827e-05,0.45365410026548,0.45365410026548,0.45365410026548,0.4170635024565,0.4170635024565,0.4170635024565,3.4880809476332e-05,75.734935511857,2.0195957295486e-15,8.2376626586164e-11,-3.6208835784255,-9.6881484429993,-0.92685928721992,-2.4712358431533e-12,-3.2099925977185,-1.0683425450889,-1.0757838448298e-10,-11.351676960042,86.781610273487,526.36883688957,526.36883688957,526.36883346756,526.36883346756,526.36883688957,526.82245268702,526.82245268702,526.82245268702,526.78586208921,526.78586208921,526.78586208921,526.36883346756,253.68528104874,0.21162745977574,0.14664683447488,0.15711027951149,877.59928002446,-0.14867535489044,-0.00076118591178285,0.00016295502624322,875.13231103088,-0.00021358145273831,-0.15135914252286,0.011743197695117,4.4176367074051e-23,0,0,2.546687346085e-28,5.7243397893516e-19,2.2833538067624e-30,0,4.6284414202713e-32,2.2591662620934e-29,0,1.1302002993492e-32,7.6819019561291e-31,5.8800242020545e-10,0,0,0.0015410534721765,0.010102765893923,2.6364954552825e-06,0,5.0104609816206e-11,1.2271968803415e-05,0,1.8583716191131e-11,1.2742292029148e-09
0.001720625,589.62711585746,180.71690932042,421.72331700454,0.97741707853608,0.97723458413469,0.99981571212164,1353381666.3824,0.0001449610128463,0.00050705764863384,0.00022454383781815,1.1662183527307,3.8309007798867e-05,3.8309007798867e-05,3.4898192134282e-05,3.4898192134282e-05,3.8309007798867e-05,0.45320701497763,0.45320701497763,0.45320701497763,0.41586578929203,0.41586578929203,0.41586578929203,3.4898192134282e-05,75.662436722966,1.9722666554023e-15,8.3175374246958e-11,-3.6338206345503,-9.7249449119553,-0.93294423637023,-2.5785780347896e-12,-3.2227584220297,-1.07501132378,-1.1120019952513e-10,-11.393146388436,86.68668458076,526.41625387277,526.41625387277,526.41625046196,526.41625046196,526.41625387277,526.86942257874,526.86942257874,526.86942257874,526.83208135306,526.83208135306,526.83208135306,526.41625046196,253.7326785178,0.21219219518468,0.14703504278252,0.15753012162722,877.75726360647,-0.15019594623513,-0.00073989583703455,0.00016469262517823,875.28595488415,-0.00021682166895156,-0.15285045934168,0.011743197695117,4.2619442035506e-23,0,0,2.4118306345967e-28,5.4472015571593e-19,2.1716901260241e-30,0,4.4389674498051e-32,2.1521511104391e-29,0,1.0843770746889e-32,7.3829074239849e-31,5.8800242020551e-10,0,0,0.0015410534721765,0.010102765893923,2.6364954552825e-06,0,5.0104609816206e-11,1.2271968803415e-05,0,1.8583716191131e-11,1.2742292029148e-09
0.001725625,587.40390186062,180.17593866578,420.37711515458,0.97741707853608,0.97723458413469,0.99981571212164,1355374308.751,0.0001453966536149,0.00050853578459805,0.00022511103152821,1.1667183640095,3.8283005020194e-05,3.8283005020194e-05,3.4889055528351e-05,3.4889055528351e-05,3.8283005020194e-05,0.45275868680309,0.45275868680309,0.45275868680309,0.4146673182062,0.4146673182062,0.4146673182062,3.4889055528351e-05,75.589930998649,1.9257141690676e-15,8.3969919710365e-11,-3.6467656126028,-9.7617250711192,-0.93904838286676,-2.6911076313141e-12,-3.2355371932302,-1.0816980975412,-1.1496184107915e-10,-11.434570845054,86.591735719327,526.46290896797,526.46290896797,526.46290557402,526.46290557402,526.46290896797,526.91562937177,526.91562937177,526.91562937177,526.87753800317,526.87753800317,526.87753800317,526.46290557402,253.77916021399,0.21275658096798,0.14742298108277,0.15794977189137,877.91373486618,-0.15172645360203,-0.00071839243868648,0.00016643654881947,875.43811320675,-0.00022009304682314,-0.15435136968104,0.011743197695117,4.1120076013494e-23,0,0,2.2844011655601e-28,5.1839846209131e-19,2.0656707914718e-30,0,4.257446132342e-32,2.0503709566663e-29,0,1.0405121263913e-32,7.0960459126213e-31,5.8800242020557e-10,0,0,0.0015410534721765,0.010102765893923,2.6364954552825e-06,0,5.0104609816206e-11,1.2271968803415e-05,0,1.8583716191131e-11,1.2742292029148e-09
0.001730625,585.18346459082,179.63597335915,419.03258555885,0.97741707853608,0.97723458413469,0.99981571212164,1357356962.9607,0.00014583210771661,0.00051001394143759,0.00022567740905584,1.1672183761739,3.8137520693721e-05,3.8137520693721e-05,3.48015591879e-05,3.48015591879e-05,3.8137520693721e-05,0.4523091207793,0.4523091207793,0.4523091207793,0.41346812068817,0.41346812068817,0.41346812068817,3.48015591879e-05,75.517419147531,1.8799340085713e-15,8.4759995966299e-11,-3.6597183289062,-9.798488020002,-0.94517189193549,-2.8090640876256e-12,-3.2483286979476,-1.0884030387286,-1.1886854625546e-10,-11.475949238485,86.496765077536,526.5088071347,526.5088071347,526.50880379874,526.50880379874,526.5088071347,526.96107811796,526.96107811796,526.96107811796,526.92223711787,526.92223711787,526.92223711787,526.50880379874,253.82472642305,0.21332061721745,0.14781064941185,0.15836923055979,878.06870243638,-0.15326689186164,-0.00069667790512753,0.00016818561115299,875.58879396559,-0.00022339439948643,-0.15586189548725,0.011743197695117,3.9676034940165e-23,0,0,2.1639742327187e-28,4.9339636985172e-19,1.9650013840312e-30,0,4.0835385532825e-32,1.9535614703834e-29,0,9.9851830390026e-33,6.8208033148819e-31,5.8800242020562e-10,0,0,0.0015410534721765,0.010102765893923,2.6364954552825e-06,0,5.0104609816206e-11,1.2271968803415e-05,0,1.8583716191131e-11,1.2742292029148e-09
0.001735625,582.96586016004,179.09702598647,417.68976135733,0.97741707853608,0.97723458413469,0.99981571212164,1359329634.8046,0.00014626737354573,0.00051149211905442,0.00022624297005917,1.1677183890444,3.8177598389234e-05,3.8177598389234e-05,3.4863482413056e-05,3.4863482413056e-05,3.8177598389234e-05,0.45185832196818,0.45185832196818,0.45185832196818,0.41226822815958,0.41226822815958,0.41226822815958,3.4863482413056e-05,75.444902079207,1.8349217896366e-15,8.5545336167766e-11,-3.6726785981992,-9.8352328746746,-0.95131492998291,-2.9326969493831e-12,-3.2611327203438,-1.0951263208405,-1.2292573299864e-10,-11.51728047131,86.401774074904,526.55395369081,526.55395369081,526.55395037669,526.55395037669,526.55395369081,527.00577383518,527.00577383518,527.00577383518,526.96618374137,526.96618374137,526.96618374137,526.55395037669,253.86937750693,0.2138843040288,0.14819804780938,0.15878849788797,878.22217485525,-0.15481727584581,-0.0006747573002312,0.00016994044554002,875.73800504171,-0.00022672672461651,-0.15738205643736,0.011743197695117,3.8285175734605e-23,0,0,2.0501503022481e-28,4.6964526685389e-19,1.8694032906041e-30,0,3.9169204294949e-32,1.8614720805951e-29,0,9.5831245960161e-33,6.5566882787377e-31,5.8800242020568e-10,0,0,0.0015410534721765,0.010102765893923,2.6364954552825e-06,0,5.0104609816206e-11,1.2271968803415e-05,0,1.8583716191131e-11,1.2742292029148e-09
0.001740625,580.75114409889,178.55910895996,416.34867533861,0.97741707853608,0.97723458413469,0.99981571212164,1361292330.161,0.00014670244963517,0.00051297031735211,0.00022680771405702,1.1682184024405,3.8202276381493e-05,3.8202276381493e-05,3.4920910268725e-05,3.4920910268725e-05,3.8202276381493e-05,0.45140629545595,0.45140629545595,0.45140629545595,0.41106767197184,0.41106767197184,0.41106767197184,3.4920910268725e-05,75.372380157188,1.7906730535846e-15,8.6325674462434e-11,-3.6856462466472,-9.8719586904974,-0.95747767277539,-3.0622661710868e-12,-3.2739490607411,-1.1018681253813,-1.2713897237721e-10,-11.558563525988,86.306763688207,526.59835341553,526.59835341553,526.59835013416,526.59835013416,526.59835341553,527.04972150871,527.04972150871,527.04972150871,527.00938288522,527.00938288522,527.00938288522,526.59835013416,253.91311385358,0.21444764150047,0.14858517631745,0.15920757413126,878.37416084253,-0.15637762004441,-0.00065263463671192,0.00017170031938193,875.88575449917,-0.00023008971868542,-0.15891187260103,0.011743197695117,3.6945442943247e-23,0,0,1.9425534811165e-28,4.4708024372117e-19,1.7786128547414e-30,0,3.7572815214159e-32,1.7738652623455e-29,0,9.1981527508342e-33,6.3032312269329e-31,5.8800242020573e-10,0,0,0.0015410534721765,0.010102765893923,2.6364954552825e-06,0,5.0104609816206e-11,1.2271968803415e-05,0,1.8583716191131e-11,1.2742292029148e-09
0.001745625,578.53937134934,178.02223451633,415.00935993516,0.97741707853608,0.97723458413469,0.99981571212164,1363245055.1231,0.00014713733453849,0.00051444853623269,0.00022737164057868,1.1687184161845,3.8203538998721e-05,3.8203538998721e-05,3.4973811820828e-05,3.4973811820828e-05,3.8203538998721e-05,0.45095304635028,0.45095304635028,0.45095304635028,0.40986648340123,0.40986648340123,0.40986648340123,3.4973811820828e-05,75.299854543979,1.7471831912005e-15,8.7100744801246e-11,-3.6986210929381,-9.9086646244226,-0.96366029239307,-3.1980425933132e-12,-3.2867775053404,-1.1086286304838,-1.3151404758191e-10,-11.599797317452,86.211735661698,526.64201124081,526.64201124081,526.64200801108,526.64200801108,526.64201124081,527.09292608362,527.09292608362,527.09292608362,527.05183952067,527.05183952067,527.05183952067,526.64200801108,253.95593645041,0.21501062973543,0.14897203498202,0.15962645954458,878.52466882979,-0.15794793838538,-0.00063031366740172,0.00017346562589108,876.03205012289,-0.00023348349656439,-0.16045136404452,0.011743197695117,3.5654864146476e-23,0,0,1.8408300466281e-28,4.2563987642502e-19,1.6923805166426e-30,0,3.6043249220099e-32,1.6905157982116e-29,0,8.8295105672282e-33,6.0599832337252e-31,5.8800242020578e-10,0,0,0.0015410534721765,0.010102765893923,2.6364954552825e-06,0,5.0104609816206e-11,1.2271968803415e-05,0,1.8583716191131e-11,1.2742292029148e-09
0.001750625,576.33059626738,177.4864147185,413.67184722566,0.97741707853608,0.97723458413469,0.99981571212164,1365187815.8569,0.00014757202676347,0.00051592677559782,0.00022793474927929,1.1692184300995,3.8137269867022e-05,3.8137269867022e-05,3.5022138987074e-05,3.5022138987074e-05,3.8137269867022e-05,0.4504985797817,0.4504985797817,0.4504985797817,0.40866469364798,0.40866469364798,0.40866469364798,3.5022138987074e-05,75.227326007119,1.7044474804688e-15,8.787028173501e-11,-3.7116029547808,-9.9453497859322,-0.96986296333413,-3.3403082961531e-12,-3.2996178415281,-1.1154080165216,-1.3605693176336e-10,-11.640980779232,86.116691304051,526.68493203593,526.68493203593,526.6849289208,526.6849289208,526.68493203593,527.13539247844,527.13539247844,527.13539247844,527.0935585923,527.0935585923,527.0935585923,526.6849289208,253.99784576032,0.21557326884028,0.1493586238522,0.16004515438258,878.67370722103,-0.1595282450338,-0.0006077992132222,0.00017523584622211,876.17689967927,-0.00023690832106476,-0.16200054975418,0.011743197695117,3.4411546840224e-23,0,0,1.7446471065715e-28,4.0526603876782e-19,1.6104700565071e-30,0,3.4577665189188e-32,1.6112101417e-29,0,8.4764757717211e-33,5.8265151319865e-31,5.8800242020583e-10,0,0,0.0015410534721765,0.010102765893923,2.6364954552825e-06,0,5.0104609816206e-11,1.2271968803415e-05,0,1.8583716191131e-11,1.2742292029148e-09
0.001755625,574.12487262021,176.95166145548,412.33616893341,0.97741707853608,0.97723458413469,0.99981571212164,1367120618.6133,0.00014800652487906,0.00051740503534868,0.00022849703974817,1.1697184440094,3.8133424204834e-05,3.8133424204834e-05,3.5065822927541e-05,3.5065822927541e-05,3.8133424204834e-05,0.45004290090295,0.45004290090295,0.45004290090295,0.40746233383294,0.40746233383294,0.40746233383294,3.5065822927541e-05,75.154795392629,1.6624610747103e-15,8.8634020553227e-11,-3.7245916506168,-9.982013298504,-0.97608586202906,-3.4893570103953e-12,-3.3124698572894,-1.1222064654158,-1.4077379414516e-10,-11.682112849327,86.021631914554,526.72712081053,526.72712081053,526.72711774293,526.72711774293,526.72712081053,527.17712557801,527.17712557801,527.17712557801,527.13454501094,527.13454501094,527.13454501094,526.72711774293,254.03884247477,0.21613555892528,0.14974494298033,0.16046365889958,878.82128437167,-0.16111855348237,-0.00058509421126428,0.00017701070362478,876.32031089403,-0.0002403641279899,-0.1635594501762,0.011743197695117,3.3213675006399e-23,0,0,1.6536913283878e-28,3.8590371845041e-19,1.5326578609698e-30,0,3.3173344298636e-32,1.5357457925624e-29,0,8.1383591167504e-33,5.6024165998325e-31,5.8800242020588e-10,0,0,0.0015410534721765,0.010102765893923,2.6364954552825e-06,0,5.0104609816206e-11,1.2271968803415e-05,0,1.8583716191131e-11,1.2742292029148e-09
0.001760625,571.9222535843,176.41798644248,411.00235642545,0.97741707853608,0.97723458413469,0.99981571212164,1369043469.7348,0.00014844082741924,0.00051888331538659,0.00022905851167615,1.1702184577389,3.8194560152949e-05,3.8194560152949e-05,3.5104768326559e-05,3.5104768326559e-05,3.8194560152949e-05,0.44958601488836,0.44958601488836,0.44958601488836,0.40625943499471,0.40625943499471,0.40625943499471,3.5104768326559e-05,75.082263235603,1.6212190169495e-15,8.9391697886917e-11,-3.7375870036348,-10.018654244364,-0.98232916853542,-3.6454945373892e-12,-3.3253333446578,-1.1290241619527,-1.4567100496072e-10,-11.723192492482,85.926558897196,526.76858241426,526.76858241426,526.76857932447,526.76857932447,526.76858241426,527.21813023459,527.21813023459,527.21813023459,527.17480365469,527.17480365469,527.17480365469,526.76857932447,254.07892738016,0.21669750010417,0.1501309924218,0.16088197334962,878.96740864149,-0.16271887751876,-0.00056220362784523,0.00017879071794975,876.4622915036,-0.00024385163813514,-0.16512808360717,0.011743197695117,3.2059505975539e-23,0,0,1.5676677508077e-28,3.6750084478053e-19,1.4587322360806e-30,0,3.1827684746444e-32,1.4639307148356e-29,0,7.8145028546989e-33,5.3872953132871e-31,5.8800242020592e-10,0,0,0.0015410534721765,0.010102765893923,2.6364954552825e-06,0,5.0104609816206e-11,1.2271968803415e-05,0,1.8583716191131e-11,1.2742292029148e-09
0.001765625,569.72279174194,175.8854012204,409.67044071048,0.97741707853608,0.97723458413469,0.99981571212164,1370956375.6881,0.00014887493290923,0.0005203616156126,0.00022961916479808,1.1707184711133,3.8249702975908e-05,3.8249702975908e-05,3.5138844949252e-05,3.5138844949252e-05,3.8249702975908e-05,0.44912792693275,0.44912792693275,0.44912792693275,0.40505602808598,0.40505602808598,0.40505602808598,3.5138844949252e-05,75.009730323656,1.5807162202927e-15,9.0143051340467e-11,-3.7505888365921,-10.055271747473,-0.9885930643972,-3.8090391840219e-12,-3.3382080951262,-1.135861292024,-1.5075514496475e-10,-11.764218673372,85.831473615114,526.80932158902,526.80932158902,526.80931847816,526.80931847816,526.80932158902,527.25841126625,527.25841126625,527.25841126625,527.2143393674,527.2143393674,527.2143393674,526.80931847816,254.11810144673,0.21725909249429,0.15051677223518,0.16130009798643,879.11208831667,-0.16432922924294,-0.00053913142887061,0.00018057468245067,876.60284917875,-0.00024737020056655,-0.16670646869258,0.011743197695117,3.0947367202882e-23,0,0,1.4862986659721e-28,3.5000812460761e-19,1.3884927498293e-30,0,3.0538196514376e-32,1.3955827723079e-29,0,7.5042792273854e-33,5.1807761021728e-31,5.8800242020597e-10,0,0,0.0015410534721765,0.010102765893923,2.6364954552825e-06,0,5.0104609816206e-11,1.2271968803415e-05,0,1.8583716191131e-11,1.2742292029148e-09
0.001770625,567.52653908054,175.35391715635,408.34045243875,0.97741707853608,0.97723458413469,0.99981571212164,1372859343.0516,0.00014930883993048,0.00052183993592735,0.00023017899881424,1.1712184839593,3.8298608053373e-05,3.8298608053373e-05,3.5167872834986e-05,3.5167872834986e-05,3.8298608053373e-05,0.44866864225108,0.44866864225108,0.44866864225108,0.40385214397119,0.40385214397119,0.40385214397119,3.5167872834986e-05,74.937197562327,1.5409474834825e-15,9.0887819500174e-11,-3.7635969705124,-10.091864953797,-0.99487773188414,-3.980322219723e-12,-3.3510938987042,-1.1427180419321,-1.5603301197179e-10,-11.805190354194,85.736377362985,526.8493431157,526.8493431157,526.84933998497,526.84933998497,526.8493431157,527.29797345935,527.29797345935,527.29797345935,527.25315696107,527.25315696107,527.25315696107,526.84933998497,254.15636570016,0.21782033621674,0.1509022824823,0.16171803306341,879.25533159678,-0.1659496211058,-0.00051588207402452,0.00018236298144516,876.74199151315,-0.00025092006973672,-0.16829462375749,0.011743197695117,2.9875653267693e-23,0,0,1.4093225744223e-28,3.333788887701e-19,1.3217496154417e-30,0,2.9302496451214e-32,1.3305292014417e-29,0,7.2070890506211e-33,4.9825001620337e-31,5.8800242020601e-10,0,0,0.0015410534721765,0.010102765893923,2.6364954552825e-06,0,5.0104609816206e-11,1.2271968803415e-05,0,1.8583716191131e-11,1.2742292029148e-09
0.001775625,565.33354699197,174.82354544415,407.01242190185,0.97741707853608,0.97723458413469,0.99981571212164,1374752378.4909,0.00014974254700046,0.0005233182762312,0.00023073801354324,1.1717184961046,3.8340869217865e-05,3.8340869217865e-05,3.5191596555528e-05,3.5191596555528e-05,3.8340869217865e-05,0.4482081660782,0.4482081660782,0.4482081660782,0.40264781342408,0.40264781342408,0.40264781342408,3.5191596555528e-05,74.864665712546,1.5019074767673e-15,9.1625742405733e-11,-3.7766112278179,-10.128432990227,-1.0011833547654,-4.1596883218227e-12,-3.3639905463533,-1.1495945989829,-1.6151162476477e-10,-11.846106507645,85.641271456339,526.88865174408,526.88865174408,526.8886485948,526.8886485948,526.88865174408,527.33682156929,527.33682156929,527.33682156929,527.29126121663,527.29126121663,527.29126121663,526.8886485948,254.19372116702,0.21838123139613,0.15128752322809,0.16213577883364,879.39714664023,-0.16758006660864,-0.00049245909258335,0.0001841555839819,876.87972606693,-0.00025450234400156,-0.16989256777926,0.011743197695117,2.884282310719e-23,0,0,1.3364932077464e-28,3.1756894811574e-19,1.2583231131089e-30,0,2.8118303658465e-32,1.2686061183611e-29,0,6.9223603906888e-33,4.7921243177281e-31,5.8800242020605e-10,0,0,0.0015410534721765,0.010102765893923,2.6364954552825e-06,0,5.0104609816206e-11,1.2271968803415e-05,0,1.8583716191131e-11,1.2742292029148e-09
0.001780625,563.14386627093,174.29429710451,405.68637903204,0.97741707853608,0.97723458413469,0.99981571212164,1376635488.7633,0.00015017605276937,0.00052479663642429,0.00023129620869597,1.1722185073777,3.837577025689e-05,3.837577025689e-05,3.5209637430141e-05,3.5209637430141e-05,3.837577025689e-05,0.44774650366825,0.44774650366825,0.44774650366825,0.40144306712484,0.40144306712484,0.40144306712484,3.5209637430141e-05,74.79213552629,1.4635907471843e-15,9.2356561668124e-11,-3.7896314320635,-10.164974986653,-1.0075101182181,-4.3474960531985e-12,-3.3768978299298,-1.1564911513303,-1.6719822979476e-10,-11.886966112479,85.546157198044,526.92725219174,526.92725219174,526.92724902561,526.92724902561,526.92725219174,527.37496031964,527.37496031964,527.37496031964,527.3286568831,527.3286568831,527.3286568831,526.92724902561,254.23016900843,0.21894177816066,0.15167249454063,0.1625533355499,879.53754155063,-0.16922057692755,-0.00046886729252385,0.00018595188485595,877.01606035624,-0.00025811590580666,-0.17150031785374,0.011743197695117,2.7847397308615e-23,0,0,1.2675786096833e-28,3.0253645684731e-19,1.1980430410503e-30,0,2.6983435025285e-32,1.2096580483122e-29,0,6.6495472888329e-33,4.6093203114389e-31,5.8800242020609e-10,0,0,0.0015410534721765,0.010102765893923,2.6364954552825e-06,0,5.0104609816206e-11,1.2271968803415e-05,0,1.8583716191131e-11,1.2742292029148e-09
0.001785625,560.9575471139,173.76618298534,404.3623534017,0.97741707853608,0.97723458413469,0.99981571212164,1378508680.7179,0.00015060935572503,0.00052627501640654,0.00023185358419258,1.1727185176079,3.8401868521156e-05,3.8401868521156e-05,3.522139317682e-05,3.522139317682e-05,3.8401868521156e-05,0.44728366029414,0.44728366029414,0.44728366029414,0.40023793565744,0.40023793565744,0.40023793565744,3.522139317682e-05,74.719607759168,1.4259917176104e-15,9.308002059199e-11,-3.8026574072508,-10.201490077406,-1.0138582084561,-4.5441183443047e-12,-3.389815541574,-1.1634078876084,-1.7310030791442e-10,-11.927768155761,85.451035892494,526.9651491439,526.9651491439,526.96514596342,526.96514596342,526.9651491439,527.41239440232,527.41239440232,527.41239440232,527.36534867769,527.36534867769,527.36534867769,526.96514596342,254.26571048221,0.21950197664204,0.15205719649113,0.16297070346463,879.6765243812,-0.17087116308817,-0.00044511081901585,0.00018775220502567,877.15100185534,-0.00026176110476764,-0.17311789141136,0.011743197695117,2.6887955510693e-23,0,0,1.2023602752493e-28,2.8824178384203e-19,1.1407481975658e-30,0,2.5895800958823e-32,1.1535374813216e-29,0,6.3881285438953e-33,4.4337741251564e-31,5.8800242020613e-10,0,0,0.0015410534721765,0.010102765893923,2.6364954552825e-06,0,5.0104609816206e-11,1.2271968803415e-05,0,1.8583716191131e-11,1.2742292029148e-09
0.001790625,558.77463911831,173.23921376216,403.04037422315,0.97741707853608,0.97723458413469,0.99981571212164,1380371961.2954,0.0001510424545091,0.00052775341607767,0.00023241013984351,1.1732185266255,3.8415269003136e-05,3.8415269003136e-05,3.5225790183681e-05,3.5225790183681e-05,3.8415269003136e-05,0.44681964124712,0.44681964124712,0.44681964124712,0.39903244950707,0.39903244950707,0.39903244950707,3.5225790183681e-05,74.647083168036,1.3891046904448e-15,9.3795864304076e-11,-3.8156889784477,-10.237977400983,-1.020227812672,-4.7499429912659e-12,-3.4027434742719,-1.1703449968589,-1.7922558130199e-10,-11.968511631959,85.355908842222,527.00234725199,527.00234725199,527.00234406251,527.00234406251,527.00234725199,527.44912847797,527.44912847797,527.44912847797,527.40134128623,527.40134128623,527.40134128623,527.00234406251,254.30034692517,0.2200618269755,0.15244162915386,0.16338788282996,879.81410313367,-0.17253183693123,-0.00042119377844995,0.00018955676593648,877.28455799551,-0.00026543822577186,-0.17474530600132,0.011743197695117,2.5963133936424e-23,0,0,1.1406323431313e-28,2.7464739124155e-19,1.0862858919503e-30,0,2.485340131401e-32,1.1001044517295e-29,0,6.1376065563185e-33,4.2651853354746e-31,5.8800242020616e-10,0,0,0.0015410534721765,0.010102765893923,2.6364954552825e-06,0,5.0104609816206e-11,1.2271968803415e-05,0,1.8583716191131e-11,1.2742292029148e-09
0.001795625,556.5951912816,172.71339993842,401.72047034816,0.97741707853608,0.97723458413469,0.99981571212164,1382225337.5267,0.00015147534770344,0.00052923183533722,0.00023296587554123,1.1737185342618,3.8386823299868e-05,3.8386823299868e-05,3.5220481804763e-05,3.5220481804763e-05,3.8386823299868e-05,0.44635445183622,0.44635445183622,0.44635445183622,0.39782663905744,0.39782663905744,0.39782663905744,3.5220481804763e-05,74.574562503819,1.3529238418785e-15,9.4503839890644e-11,-3.8287259714324,-10.274436099384,-1.0266191186188,-4.9653731641112e-12,-3.4156814214215,-1.1773026681529,-1.8558202064197e-10,-12.009195542435,85.260777339524,527.03885111126,527.03885111126,527.03884794491,527.03884794491,527.03885111126,527.48516717627,527.48516717627,527.48516717627,527.43663936349,527.43663936349,527.43663936349,527.03884794491,254.33407979763,0.22062132929977,0.15282579260622,0.16380487389769,879.95028575352,-0.17420260961818,-0.00039712118171706,0.00019136466384909,877.4167361619,-0.00026914743080274,-0.1763825779237,0.011743197695117,2.507162302343e-23,0,0,1.0822008382535e-28,2.6171771992691e-19,1.0345114828193e-30,0,2.3854321498696e-32,1.0492261406393e-29,0,5.8975062250331e-33,4.1032664984991e-31,5.880024202062e-10,0,0,0.0015410534721765,0.010102765893923,2.6364954552825e-06,0,5.0104609816206e-11,1.2271968803415e-05,0,1.8583716191131e-11,1.2742292029148e-09
0.001800625,554.41925200078,172.18875184603,400.40267026802,0.97741707853608,0.97723458413469,0.99981571212164,1384068816.5303,0.00015190803386803,0.00053071027408466,0.00023352079125709,1.1742185403491,3.8419857524216e-05,3.8419857524216e-05,3.5197053963014e-05,3.5197053963014e-05,3.8419857524216e-05,0.4458880973879,0.4458880973879,0.4458880973879,0.39662053458832,0.39662053458832,0.39662053458832,3.5197053963014e-05,74.502046566262,1.3174432258742e-15,9.5203696363677e-11,-3.841768212085,-10.310865322118,-1.0330323142785,-5.1908279173572e-12,-3.4286291765856,-1.1842810900697,-1.921778568873e-10,-12.049818893326,85.165642656093,527.07466541864,527.07466541864,527.07466219583,527.07466219583,527.07466541864,527.52051509617,527.52051509617,527.52051509617,527.47124753337,527.47124753337,527.47124753337,527.07466219583,254.36691062253,0.22118048375709,0.15320968692872,0.16422167691929,880.08508012474,-0.17588349238175,-0.00037289718866107,0.00019317587914448,877.54754368723,-0.00027288950867815,-0.17802972429092,0.011743197695117,2.4212165152326e-23,0,0,1.0268829612446e-28,2.4941908143068e-19,9.8528794164219e-31,0,2.2896728746687e-32,1.0007764996658e-29,0,5.6673738956981e-33,3.9477425631306e-31,5.8800242020623e-10,0,0,0.0015410534721765,0.010102765893923,2.6364954552825e-06,0,5.0104609816206e-11,1.2271968803415e-05,0,1.8583716191131e-11,1.2742292029148e-09
0.001805625,552.24686907239,171.665279646,399.08700211369,0.97741707853608,0.97723458413469,0.99981571212164,1385902405.5036,0.00015234051159556,0.00053218873221883,0.00023407488694312,1.17471854472,3.8448421873122e-05,3.8448421873122e-05,3.5160037029459e-05,3.5160037029459e-05,3.8448421873122e-05,0.44542058324568,0.44542058324568,0.44542058324568,0.39541416627328,0.39541416627328,0.39541416627328,3.5160037029459e-05,74.429535877037,1.2826567785599e-15,9.5895185639428e-11,-3.8548155289601,-10.347264200389,-1.0394675886984,-5.4267428077325e-12,-3.4415865347017,-1.1912804521064,-1.9902156111649e-10,-12.090380706704,85.070506155365,527.10979467158,527.10979467158,527.1097913832,527.1097913832,527.10979467158,527.55517680641,527.55517680641,527.55517680641,527.50517038944,527.50517038944,527.50517038944,527.1097913832,254.39884095698,0.22173929049304,0.15359331220481,0.16463829214592,880.21849411402,-0.17757449394185,-0.00034852539717169,0.00019499026456,877.67698789719,-0.00027666312782682,-0.17968676137306,0.011743197695117,2.3383552528866e-23,0,0,9.7450642307362e-29,2.3771955663961e-19,9.3848544240099e-31,0,2.1978868634042e-32,9.5463589753146e-30,0,5.4467763775883e-33,3.7983503194278e-31,5.8800242020627e-10,0,0,0.0015410534721765,0.010102765893923,2.6364954552825e-06,0,5.0104609816206e-11,1.2271968803415e-05,0,1.8583716191131e-11,1.2742292029148e-09
0.001810625,550.07808969116,171.14299332846,397.77349365511,0.97741707853608,0.97723458413469,0.99981571212164,1387726111.7454,0.00015277277949699,0.00053366720963873,0.00023462816258856,1.1752185472087,3.8472503449329e-05,3.8472503449329e-05,3.5168608234172e-05,3.5168608234172e-05,3.8472503449329e-05,0.4449519147696,0.4449519147696,0.4449519147696,0.39420756417653,0.39420756417653,0.39420756417653,3.5168608234172e-05,74.35703132234,1.2485583089138e-15,9.6578061652681e-11,-3.8678677495661,-10.383631898779,-1.045925130173,-5.6735703646704e-12,-3.454553290533,-1.1983009420077,-2.0612188992983e-10,-12.130880003861,84.975369077611,527.14424340192,527.14424340192,527.14424009803,527.14424009803,527.14424340192,527.58915684419,527.58915684419,527.58915684419,527.5384124936,527.5384124936,527.5384124936,527.14424009803,254.4298727444,0.22229774965671,0.15397666852108,0.1650547198284,880.35053550223,-0.1792756246956,-0.00032401038900356,0.00019680747905638,877.80507604097,-0.00028046876852207,-0.18135370501587,0.011743197695117,2.2584625056824e-23,0,0,9.2490881751664e-29,2.2658889863021e-19,8.9398097064749e-31,0,2.1099061588545e-32,9.106907804427e-30,0,5.2352999686611e-33,3.6548378576794e-31,5.880024202063e-10,0,0,0.0015410534721765,0.010102765893923,2.6364954552825e-06,0,5.0104609816206e-11,1.2271968803415e-05,0,1.8583716191131e-11,1.2742292029148e-09
0.001815625,547.91296045094,170.62190271371,396.46217230206,0.97741707853608,0.97723458413469,0.99981571212164,1389539942.6327,0.00015320483616142,0.00053514570624339,0.00023518061822266,1.1757185476498,3.8492083491863e-05,3.8492083491863e-05,3.5173149880371e-05,3.5173149880371e-05,3.8492083491863e-05,0.44448209733593,0.44448209733593,0.44448209733593,0.3930007582512,0.3930007582512,0.3930007582512,3.5173149880371e-05,74.284533667214,1.2151415162776e-15,9.7252080823481e-11,-3.8809247021493,-10.419967577623,-1.0524051274821,-5.9317804569588e-12,-3.4675292410526,-1.2053427474083,-2.1348787807192e-10,-12.171315821135,84.880232541601,527.17801611244,527.17801611244,527.1780127935,527.1780127935,527.17801611244,527.62245971769,527.62245971769,527.62245971769,527.5709783786,527.5709783786,527.5709783786,527.1780127935,254.46000776675,0.22285586140048,0.15435975596704,0.16547096021721,880.48121204584,-0.18098689523859,-0.00029935703931362,0.00019862785936627,877.93181535287,-0.00028430733717267,-0.1830305707259,0.011743197695117,2.1814268406414e-23,0,0,8.779370359219e-29,2.1599844276731e-19,8.5165795781607e-31,0,2.0255699722556e-32,8.6883335598382e-30,0,5.0325495675897e-33,3.5169640690643e-31,5.8800242020633e-10,0,0,0.0015410534721765,0.010102765893923,2.6364954552825e-06,0,5.0104609816206e-11,1.2271968803415e-05,0,1.8583716191131e-11,1.2742292029148e-09
0.001820625,545.75152734494,170.10201745283,395.15306510446,0.97741707853608,0.97723458413469,0.99981571212164,1391343905.6322,0.00015363668022229,0.00053662422193158,0.00023573225389668,1.1762185458792,3.8507137167499e-05,3.8507137167499e-05,3.5173609444728e-05,3.5173609444728e-05,3.8507137167499e-05,0.44401113633675,0.44401113633675,0.44401113633675,0.39179377833693,0.39179377833693,0.39179377833693,3.5173609444728e-05,74.212043620855,1.1823999677647e-15,9.7917002281604e-11,-3.8939862161831,-10.456270394035,-1.0589077680038,-6.2018612738633e-12,-3.4805141816862,-1.2124060539541,-2.2112884414073e-10,-12.21168719281,84.785097947312,527.21111727512,527.21111727512,527.21111394159,527.21111394159,527.21111727512,527.65508990432,527.65508990432,527.65508990432,527.60287254632,527.60287254632,527.60287254632,527.21111394159,254.48924810052,0.22341362588026,0.15474257463532,0.16588701356252,880.61053141664,-0.18270831375197,-0.00027456859409684,0.00020045077513425,878.05721299372,-0.00028817755532448,-0.18471737445687,0.011743197695117,2.1071412074646e-23,0,0,8.3344671497973e-29,2.0592102027671e-19,8.1140593228969e-31,0,1.9447243673605e-32,8.289612907232e-30,0,4.8381477955929e-33,3.3844981549899e-31,5.8800242020636e-10,0,0,0.0015410534721765,0.010102765893923,2.6364954552825e-06,0,5.0104609816206e-11,1.2271968803415e-05,0,1.8583716191131e-11,1.2742292029148e-09
0.001825625,543.59383576588,169.58334702848,393.84619875282,0.97741707853608,0.97723458413469,0.99981571212164,1393138008.2846,0.00015406831031531,0.00053810275660197,0.00023628306966403,1.1767185417337,3.8517633416815e-05,3.8517633416815e-05,3.516992769025e-05,3.516992769025e-05,3.8517633416815e-05,0.44353903717981,0.44353903717981,0.44353903717981,0.39058665415764,0.39058665415764,0.39058665415764,3.516992769025e-05,74.139561897842,1.1503271157091e-15,9.8572588042618e-11,-3.9070521214148,-10.492539511604,-1.0654332384002,-6.4843197045699e-12,-3.4935079087314,-1.2194910459469,-2.2905439746127e-10,-12.251993163936,84.689966538028,527.24355133324,527.24355133324,527.24354798554,527.24354798554,527.24355133324,527.68705185279,527.68705185279,527.68705185279,527.63409946977,527.63409946977,527.63409946977,527.24354798554,254.51759572478,0.22397104325529,0.15512512462155,0.16630288011412,880.7385012417,-0.1844398901823,-0.00024965079040443,0.00020227638571965,878.18127608961,-0.00029208074147563,-0.18641413020592,0.011743197695117,2.0355027606307e-23,0,0,7.9130172026548e-29,1.9633087794199e-19,7.7312019266112e-31,0,1.8672219682675e-32,7.9097742636432e-30,0,4.651734183986e-33,3.2572191716761e-31,5.8800242020639e-10,0,0,0.0015410534721765,0.010102765893923,2.6364954552825e-06,0,5.0104609816206e-11,1.2271968803415e-05,0,1.8583716191131e-11,1.2742292029148e-09
0.001830625,541.43993050626,169.06590075538,392.5415995785,0.97741707853608,0.97723458413469,0.99981571212164,1394922258.2069,0.00015449972498951,0.00053958131015306,0.00023683306573153,1.1772185350507,3.8523534617484e-05,3.8523534617484e-05,3.5162037964903e-05,3.5162037964903e-05,3.8523534617484e-05,0.44306580528816,0.44306580528816,0.44306580528816,0.38937941531913,0.38937941531913,0.38937941531913,3.5162037964903e-05,74.067089217665,1.1189162991293e-15,9.9218602726249e-11,-3.9201222484779,-10.528774096998,-1.071981724372,-6.7796819475299e-12,-3.5065102191454,-1.2265979061242,-2.3727444632782e-10,-12.292232786386,84.594839562973,527.27532270038,527.27532270038,527.27531933888,527.27531933888,527.27532270038,527.71834998213,527.71834998213,527.71834998213,527.66466359216,527.66466359216,527.66466359216,527.27531933888,254.54505275253,0.22452811368818,0.15550740602433,0.1667185601215,880.86512909925,-0.18618163248499,-0.00022460624662182,0.00020410405285185,878.30401172785,-0.00029601587825567,-0.18812085398933,0.011743197695117,1.9664126861313e-23,0,0,7.5137366080591e-29,1.8720360161749e-19,7.3670149788905e-31,0,1.7929216765558e-32,7.5478950942521e-30,0,4.4729643915809e-33,3.134915590183e-31,5.8800242020642e-10,0,0,0.0015410534721765,0.010102765893923,2.6364954552825e-06,0,5.0104609816206e-11,1.2271968803415e-05,0,1.8583716191131e-11,1.2742292029148e-09
0.001835625,539.28985575924,168.54968778126,391.23929355448,0.97741707853608,0.97723458413469,0.99981571212164,1396696663.0963,0.00015493092292742,0.00054105988248329,0.0002373822421768,1.1777185256688,3.8524796162616e-05,3.8524796162616e-05,3.5149865366737e-05,3.5149865366737e-05,3.8524796162616e-05,0.44259144609997,0.44259144609997,0.44259144609997,0.38817209130704,0.38817209130704,0.38817209130704,3.5149865366737e-05,73.994626293587,1.088160740876e-15,9.9854814244981e-11,-3.9331964288838,-10.564973322987,-1.0785534103601,-7.088494129987e-12,-3.5195209107752,-1.2337268153092,-2.4579920641068e-10,-12.332405121731,84.499718260054,527.30643576081,527.30643576081,527.30643238588,527.30643238588,527.30643576081,527.74898868212,527.74898868212,527.74898868212,527.69456932732,527.69456932732,527.69456932732,527.30643238588,254.57178182981,0.22508483734485,0.15588941894523,0.16713405383378,880.99042251864,-0.18793355143939,-0.00019944151046493,0.00020593438145207,878.42542695691,-0.00029998522259677,-0.18983755898487,0.011743197695117,1.8997760357167e-23,0,0,7.135414327398e-29,1.7851604417587e-19,7.0205577432184e-31,0,1.7216884006574e-32,7.203099365966e-30,0,4.3015094586967e-33,3.0173848781933e-31,5.8800242020644e-10,0,0,0.0015410534721765,0.010102765893923,2.6364954552825e-06,0,5.0104609816206e-11,1.2271968803415e-05,0,1.8583716191131e-11,1.2742292029148e-09
0.001840625,537.14365511892,168.03471708742,389.93930629578,0.97741707853608,0.97723458413469,0.99981571212164,1398461230.7299,0.0001553619027598,0.00054253847349097,0.00023793059918157,1.1782185134274,3.8521365933914e-05,3.8521365933914e-05,3.5133325737457e-05,3.5133325737457e-05,3.8521365933914e-05,0.44211596506817,0.44211596506817,0.44211596506817,0.38696471148447,0.38696471148447,0.38696471148447,3.5133325737457e-05,73.922173842958,1.0580535557723e-15,1.0048099352144e-10,-3.946274494553,-10.601136363601,-1.0851484791683,-7.4113229465468e-12,-3.5325397816091,-1.2408779520877,-2.5463920908769e-10,-12.372509236683,84.404603872324,527.33689486969,527.33689486969,527.33689148165,527.33689148165,527.33689486969,527.7789723134,527.7789723134,527.7789723134,527.72382105981,527.72382105981,527.72382105981,527.33689148165,254.59766732074,0.2256412143945,0.15627116348878,0.16754936149975,881.11438897611,-0.18969565233096,-0.00017415811436207,0.00020776667497143,878.54552878377,-0.00030398620061032,-0.19156426059399,0.011743197695117,1.8355015679668e-23,0,0,6.7769079153934e-29,1.7024625743146e-19,6.6909383914446e-31,0,1.6533927975644e-32,6.8745551312346e-30,0,4.1370550976985e-33,2.9044330995996e-31,5.8800242020647e-10,0,0,0.0015410534721765,0.010102765893923,2.6364954552825e-06,0,5.0104609816206e-11,1.2271968803415e-05,0,1.8583716191131e-11,1.2742292029148e-09
0.001845625,535.00137158203,167.52099748991,388.64166306065,0.97741707853608,0.97723458413469,0.99981571212164,1400215968.9682,0.0001557926631156,0.00054401708307437,0.00023847813697095,1.1787184981667,3.8513183651817e-05,3.8513183651817e-05,3.5112324443602e-05,3.5112324443602e-05,3.8513183651817e-05,0.44163936766031,0.44163936766031,0.44163936766031,0.3857573050903,0.3857573050903,0.3857573050903,3.5112324443602e-05,73.849732570215,1.0285877482137e-15,1.010969148042e-10,-3.9593562783735,-10.637262399306,-1.0917671118646,-7.7487562990773e-12,-3.5455666305952,-1.2480514926589,-2.638053095223e-10,-12.412544207997,84.309497625258,527.36670435335,527.36670435335,527.36670095249,527.36670095249,527.36670435335,527.80830520783,527.80830520783,527.80830520783,527.75242314526,527.75242314526,527.75242314526,527.36670095249,254.62266906972,0.22619724500964,0.15665263976243,0.16796448336785,881.23703589791,-0.19146794449538,-0.00014876250326181,0.00020960090392333,878.66432417467,-0.00030802066931822,-0.19330097137246,0.011743197695117,1.7735015972685e-23,0,0,6.4371394927832e-29,1.6237342780208e-19,6.3773113878886e-31,0,1.5879110256545e-32,6.5614722391304e-30,0,3.9793010161172e-33,2.7958745353203e-31,5.8800242020649e-10,0,0,0.0015410534721765,0.010102765893923,2.6364954552825e-06,0,5.0104609816206e-11,1.2271968803415e-05,0,1.8583716191131e-11,1.2742292029148e-09
0.001850625,532.8630475484,167.00853764006,387.34638875108,0.97741707853608,0.97723458413469,0.99981571212164,1401960885.7527,0.00015622321652264,0.00054549571113166,0.00023902483953071,1.179218479728,3.8500180076374e-05,3.8500180076374e-05,3.5086754886708e-05,3.5086754886708e-05,3.8500180076374e-05,0.44116165935834,0.44116165935834,0.44116165935834,0.3845499012368,0.3845499012368,0.3845499012368,3.5086754886708e-05,73.777303183849,9.9975621730361e-16,1.0170235518966e-10,-3.9724416137751,-10.673350613331,-1.0984094873408,-8.1014039662968e-12,-3.5586012570065,-1.2552476104112,-2.7330869530025e-10,-12.452509118537,84.214400746307,527.39586850936,527.39586850936,527.39586509593,527.39586509593,527.39586850936,527.83699166854,527.83699166854,527.83699166854,527.78037991041,527.78037991041,527.78037991041,527.39586509593,254.64678966591,0.22675292936601,0.15703384787655,0.16837941968617,881.35837065961,-0.19325043462119,-0.00012325773055837,0.00021143702805925,878.78182005593,-0.00031208760998725,-0.19504770537164,0.011743197695117,1.7136918479487e-23,0,0,6.1150919731181e-29,1.5487781560001e-19,6.0788750185183e-31,0,1.5251245087374e-32,6.2631001724086e-30,0,3.8279602732721e-33,2.6915313187842e-31,5.8800242020652e-10,0,0,0.0015410534721765,0.010102765893923,2.6364954552825e-06,0,5.0104609816206e-11,1.2271968803415e-05,0,1.8583716191131e-11,1.2742292029148e-09
0.001855625,530.72872482257,166.49734602563,386.05350791399,0.97741707853608,0.97723458413469,0.99981571212164,1403695989.1087,0.00015665354776625,0.00054697435756098,0.00023957072334503,1.1797184579531,3.8482276024508e-05,3.8482276024508e-05,3.5056496665205e-05,3.5056496665205e-05,3.8482276024508e-05,0.44068284565842,0.44068284565842,0.44068284565842,0.38334252890784,0.38334252890784,0.38334252890784,3.5056496665205e-05,73.704886386872,9.7155175790679e-16,1.0229709732024e-10,-3.985530335066,-10.709400194395,-1.1050757821759,-8.4698982680622e-12,-3.5716434610058,-1.2624664758193,-2.8316089480794e-10,-12.492403060564,84.119314455003,527.42439160682,527.42439160682,527.42438818104,527.42438818104,527.42439160682,527.8650359702,527.8650359702,527.8650359702,527.80769565345,527.80769565345,527.80769565345,527.42438818104,254.67003179232,0.22730826764261,0.15741478794441,0.16879417070247,881.4784005886,-0.195043130922,-9.7649287465366e-05,0.0002132749944558,878.89802331544,-0.00031618808105382,-0.19680447499303,0.011743197695117,1.6559913157574e-23,0,0,5.8098055101622e-29,1.4774069783579e-19,5.794869054296e-31,0,1.4649197103343e-32,5.9787259998434e-30,0,3.6827586668142e-33,2.5912330903738e-31,5.8800242020654e-10,0,0,0.0015410534721765,0.010102765893923,2.6364954552825e-06,0,5.0104609816206e-11,1.2271968803415e-05,0,1.8583716191131e-11,1.2742292029148e-09
0.001860625,528.59844461468,165.98743097151,384.76304474195,0.97741707853608,0.97723458413469,0.99981571212164,1405421287.1457,0.00015708365544721,0.00054845302226043,0.00024011578877225,1.1802184326851,3.8459381167158e-05,3.8459381167158e-05,3.5021413291202e-05,3.5021413291202e-05,3.8459381167158e-05,0.44020293207078,0.44020293207078,0.44020293207078,0.38213521695675,0.38213521695675,0.38213521695675,3.5021413291202e-05,73.632482881437,9.4396706240681e-16,1.0288092446659e-10,-3.9986222773203,-10.745410334617,-1.111766170305,-8.8548947562655e-12,-3.5846930432576,-1.2697082561022,-2.9337378621727e-10,-12.532225133248,84.024239968455,527.45227788654,527.45227788654,527.45227444858,527.45227444858,527.45227788654,527.89244235923,527.89244235923,527.89244235923,527.83437464412,527.83437464412,527.83437464412,527.45227444858,254.69239824264,0.22786326002162,0.15779546008218,0.16920873666413,881.59713296164,-0.19684603996279,-7.1940942020393e-05,0.00021511443210856,879.0129408012,-0.00032032170948032,-0.19857129316358,0.011743197695117,1.6003221345166e-23,0,0,5.5203741645374e-29,1.4094431368669e-19,5.5245725433893e-31,0,1.4071879178667e-32,5.7076724346186e-30,0,3.5434341485918e-33,2.4948166664384e-31,5.8800242020656e-10,0,0,0.0015410534721765,0.010102765893923,2.6364954552825e-06,0,5.0104609816206e-11,1.2271968803415e-05,0,1.8583716191131e-11,1.2742292029148e-09
0.001865625,526.47224754232,165.47880064086,383.47502307453,0.97741707853608,0.97723458413469,0.99981571212164,1407136788.0633,0.00015751353838642,0.00054993170512808,0.00024066003596237,1.1807184037677,3.8431392546069e-05,3.8431392546069e-05,3.4981349316503e-05,3.4981349316503e-05,3.8431392546069e-05,0.43972192411956,0.43972192411956,0.43972192411956,0.38092799410454,0.38092799410454,0.38092799410454,3.4981349316503e-05,73.560093367141,9.1699472912683e-16,1.0345362534156e-10,-4.0117172761601,-10.781380230471,-1.1184808227208,-9.2570729132193e-12,-3.5977498048757,-1.2769731149747,-3.0395960584039e-10,-12.571974443921,83.929178498972,527.47953156129,527.47953156129,527.47952811124,527.47952811124,527.47953156129,527.91921505401,527.91921505401,527.91921505401,527.860421124,527.860421124,527.860421124,527.47952811124,254.71389193016,0.22841790668843,0.15817586440887,0.16962311781819,881.7145750067,-0.19865916853515,-4.6136341462271e-05,0.00021695506121084,879.12657932179,-0.00032448865623577,-0.20034817291299,0.011743197695117,1.5466094487899e-23,0,0,5.2459427686368e-29,1.344718136429e-19,5.2673017218987e-31,0,1.3518250363281e-32,5.449295997563e-30,0,3.4097362680512e-33,2.4021257240899e-31,5.8800242020659e-10,0,0,0.0015410534721765,0.010102765893923,2.6364954552825e-06,0,5.0104609816206e-11,1.2271968803415e-05,0,1.8583716191131e-11,1.2742292029148e-09
0.001870625,524.35017363217,164.9714630361,382.18946639954,0.97741707853608,0.97723458413469,0.99981571212164,1408842500.1513,0.00015794319515595,0.00055141040606199,0.00024120346537636,1.1812183710456,3.8398192738837e-05,3.8398192738837e-05,3.4936126673021e-05,3.4936126673021e-05,3.8398192738837e-05,0.43923982734276,0.43923982734276,0.43923982734276,0.37972088893807,0.37972088893807,0.37972088893807,3.4936126673021e-05,73.487718535722,8.9062726443224e-16,1.0401499208967e-10,-4.0248151679057,-10.817309083132,-1.1252199073524,-9.6771368670154e-12,-3.6108135477667,-1.2842612124386,-3.1493095757902e-10,-12.611650107791,83.834131245674,527.50615681592,527.50615681592,527.50615335385,527.50615335385,527.50615681592,527.94535824507,527.94535824507,527.94535824507,527.88583930666,527.88583930666,527.88583930666,527.50615335385,254.73451587699,0.22897220783161,0.15855600104636,0.17003731441133,881.83073390121,-0.20048252315704,-2.0240571328165e-05,0.0002187969910091,879.23894564602,-0.0003286892598036,-0.20213512549646,0.011743197695117,1.4947812921686e-23,0,0,4.9857039797715e-29,1.2830721091218e-19,5.022408040835e-31,0,1.2987313911199e-32,5.2029852772821e-30,0,3.2814256424939e-33,2.3130105008129e-31,5.8800242020661e-10,0,0,0.0015410534721765,0.010102765893923,2.6364954552825e-06,0,5.0104609816206e-11,1.2271968803415e-05,0,1.8583716191131e-11,1.2742292029148e-09
0.001875625,522.23226232157,164.46542599982,380.90639785407,0.97741707853608,0.97723458413469,0.99981571212164,1410538431.7915,0.00015837262441891,0.00055288912496022,0.00024174607740651,1.1817183343644,3.8359647572239e-05,3.8359647572239e-05,3.488553994439e-05,3.488553994439e-05,3.8359647572239e-05,0.43875664729211,0.43875664729211,0.43875664729211,0.37851392990815,0.37851392990815,0.37851392990815,3.488553994439e-05,73.415359082497,8.6485708257749e-16,1.0456482093072e-10,-4.0379157897126,-10.853196097721,-1.1319835887245,-1.0115816120541e-11,-3.6238840744138,-1.2915727045839,-3.2630082185169e-10,-12.651251247728,83.739099409817,527.53215780749,527.53215780749,527.53215433338,527.53215433338,527.53215780749,527.97087609514,527.97087609514,527.97087609514,527.91063337775,527.91063337775,527.91063337775,527.53215433338,254.75427321137,0.22952616364285,0.15893587011935,0.17045132668987,881.94561677586,-0.20231610928175,5.742931742794e-06,0.00022064016362332,879.35004650573,-0.0003329228442425,-0.2039321631165,0.011743197695117,1.4447684701413e-23,0,0,4.7388955130241e-29,1.2243533579037e-19,4.7892762993761e-31,0,1.2478115393584e-32,4.9681592832232e-30,0,3.1582734519729e-33,2.2273275066527e-31,5.8800242020663e-10,0,0,0.0015410534721765,0.010102765893923,2.6364954552825e-06,0,5.0104609816206e-11,1.2271968803415e-05,0,1.8583716191131e-11,1.2742292029148e-09
0.001880625,520.11855246051,163.96069721592,379.62584022602,0.97741707853608,0.97723458413469,0.99981571212164,1412224591.4654,0.00015880182485364,0.00055436786172082,0.00024228787246337,1.1822182935704,3.8315603242511e-05,3.8315603242511e-05,3.4829350148375e-05,3.4829350148375e-05,3.8315603242511e-05,0.43827238953303,0.43827238953303,0.43827238953303,0.37730714532785,0.37730714532785,0.37730714532785,3.4829350148375e-05,73.343015700216,8.3967651119428e-16,1.051029118123e-10,-4.0510189794449,-10.889040484796,-1.1387720277395,-1.0573866285363e-11,-3.6369611879611,-1.2989077433273,-3.3808256474753e-10,-12.690776996017,83.64408419121,527.55753866557,527.55753866557,527.55753517931,527.55753517931,527.55753866557,527.9957727395,527.9957727395,527.9957727395,527.93480749529,527.93480749529,527.93480749529,527.55753517931,254.77316717461,0.23007977431697,0.15931547175535,0.17086515489977,882.05923071569,-0.20415993381307,3.1810107132254e-05,0.00022248396115043,879.45988859568,-0.00033719043141684,-0.20573929745967,0.011743197695117,1.3965044486508e-23,0,0,4.5047975363633e-29,1.1684179242679e-19,4.5673228788749e-31,0,1.1989740894029e-32,4.7442658851274e-30,0,3.0400609581406e-33,2.1449392510017e-31,5.8800242020665e-10,0,0,0.0015410534721765,0.010102765893923,2.6364954552825e-06,0,5.0104609816206e-11,1.2271968803415e-05,0,1.8583716191131e-11,1.2742292029148e-09
0.001885625,518.00908231352,163.45728421063,378.34781595536,0.97741707853608,0.97723458413469,0.99981571212164,1413900987.758,0.00015923079520872,0.00055584661624187,0.0002428288509039,1.182718248511,3.8265882650688e-05,3.8265882650688e-05,3.4767276401327e-05,3.4767276401327e-05,3.8265882650688e-05,0.43778705964455,0.43778705964455,0.43778705964455,0.37610056337066,0.37610056337066,0.37610056337066,3.4767276401327e-05,73.270689078211,8.1507779776919e-16,1.0562906892364e-10,-4.0641245755832,-10.924841458544,-1.1455853815176,-1.1052069843739e-11,-3.6500446922322,-1.3062664762676,-3.5028994750901e-10,-12.730226491459,83.549086777672,527.5823034924,527.5823034924,527.58229999379,527.58229999379,527.5823034924,528.02005228616,528.02005228616,528.02005228616,527.95836578988,527.95836578988,527.95836578988,527.58229999379,254.79120111483,0.23063304005188,0.15969480608468,0.17127879928664,882.17158275522,-0.2060140013687,5.7957345595204e-05,0.00022432877934182,879.56847857101,-0.00034149107642314,-0.2075565398464,0.011743197695117,1.349925246616e-23,0,0,4.2827302231484e-29,1.1151291794551e-19,4.3559940738788e-31,0,1.1521315283399e-32,4.5307803336626e-30,0,2.9265790460583e-33,2.0657139803146e-31,5.8800242020667e-10,0,0,0.0015410534721765,0.010102765893923,2.6364954552825e-06,0,5.0104609816206e-11,1.2271968803415e-05,0,1.8583716191131e-11,1.2742292029148e-09
0.001890625,515.9038895619,162.95519435363,377.0723471357,0.97741707853608,0.97723458413469,0.99981571212164,1415567629.3602,0.0001596595341496,0.00055732538842151,0.00024336901322553,1.1832181990344,3.8210280673496e-05,3.8210280673496e-05,3.4698984478782e-05,3.4698984478782e-05,3.8210280673496e-05,0.43730066321927,0.43730066321927,0.43730066321927,0.37489421206896,0.37489421206896,0.37489421206896,3.4698984478782e-05,73.198379898343,7.9105311234219e-16,1.0614310041181e-10,-4.0772324172449,-10.960598238028,-1.1524238030479,-1.1551236909621e-11,-3.6631343915499,-1.3136490463895,-3.6293713627244e-10,-12.769598881489,83.454108349365,527.60645636303,527.60645636303,527.60645285174,527.60645285174,527.60645636303,528.04371881597,528.04371881597,528.04371881597,527.98131236482,527.98131236482,527.98131236482,527.60645285174,254.8083784954,0.23118596104859,0.16007387324042,0.17169226009571,882.28267988172,-0.20787831752017,8.4179928741475e-05,0.00022617451728735,879.67582304854,-0.00034582522169334,-0.20938390045168,0.011743197695117,1.3049693336049e-23,0,0,4.0720514497209e-29,1.0643574382472e-19,4.1547645130119e-31,0,1.1072000568632e-32,4.3272038611433e-30,0,2.8176277873412e-33,1.9895254291533e-31,5.8800242020668e-10,0,0,0.0015410534721765,0.010102765893923,2.6364954552825e-06,0,5.0104609816206e-11,1.2271968803415e-05,0,1.8583716191131e-11,1.2742292029148e-09
0.001895625,513.80301130593,162.45443485916,375.79945551582,0.97741707853608,0.97723458413469,0.99981571212164,1417224525.077,0.00016008804038011,0.00055880417815787,0.00024390835990839,1.1837181449895,3.8148557960832e-05,3.8148557960832e-05,3.4624070674178e-05,3.4624070674178e-05,3.8148557960832e-05,0.43681320586342,0.43681320586342,0.43681320586342,0.3736881193123,0.3736881193123,0.3736881193123,3.4624070674178e-05,73.12608884692,7.6759455084586e-16,1.0664481888743e-10,-4.0903423444805,-10.996310047717,-1.1592874411407,-1.2072206012052e-11,-3.676230091115,-1.3210555920563,-3.7603871144122e-10,-12.80889332298,83.359150090279,527.63000132543,527.63000132543,527.62999780094,527.62999780094,527.63000132543,528.06677638273,528.06677638273,528.06677638273,528.00365129618,528.00365129618,528.00365129618,527.62999780094,254.82470289203,0.23173853751113,0.1604526733584,0.17210553757185,882.39252903996,-0.20975288789867,0.00011047370303913,0.00022802074668074,879.78192861124,-0.00035019349834702,-0.21122138968628,0.011743197695117,1.2615775315744e-23,0,0,3.8721546310719e-29,1.0159795941597e-19,3.9631356654174e-31,0,1.0640994314792e-32,4.1330623557814e-30,0,2.7130160242962e-33,1.9162525816803e-31,5.880024202067e-10,0,0,0.0015410534721765,0.010102765893923,2.6364954552825e-06,0,5.0104609816206e-11,1.2271968803415e-05,0,1.8583716191131e-11,1.2742292029148e-09
0.001900625,511.70648406693,161.95501278709,374.52916250109,0.97741707853608,0.97723458413469,0.99981571212164,1418871683.8328,0.00016051631228471,0.00056028298534918,0.00024444689183531,1.1842180862261,3.8080432651904e-05,3.8080432651904e-05,3.4542038258104e-05,3.4542038258104e-05,3.8080432651904e-05,0.43632469319676,0.43632469319676,0.43632469319676,0.3724823128457,0.3724823128457,0.3724823128457,3.4542038258104e-05,73.05381660153,7.4469414082918e-16,1.0713404107958e-10,-4.1034541977242,-11.031976115338,-1.1661764400675,-1.2615844885643e-11,-3.6893315964706,-1.3284862466304,-3.8960967770076e-10,-12.848108979107,83.264213171629,527.65294240075,527.65294240075,527.65293886235,527.65293886235,527.65294240075,528.08922901351,528.08922901351,528.08922901351,528.02538663316,528.02538663316,528.02538663316,527.65293886235,254.84017795455,0.23229076964659,0.1608312065772,0.17251863195955,882.50113712398,-0.21163771690818,0.00013683509772985,0.00022986702194423,879.88680180074,-0.00035459570039696,-0.21306901768785,0.011743197695117,1.219692920515e-23,0,0,3.6824666839852e-29,9.698787736646e-20,3.7806344283317e-31,0,1.0227528132773e-32,3.9479051025424e-30,0,2.612560973201e-33,1.8457794438746e-31,5.8800242020672e-10,0,0,0.0015410534721765,0.010102765893923,2.6364954552825e-06,0,5.0104609816206e-11,1.2271968803415e-05,0,1.8583716191131e-11,1.2742292029148e-09
0.001905625,509.61434379011,161.45693504416,373.26148915538,0.97741707853608,0.97723458413469,0.99981571212164,1420509114.6756,0.00016094434890783,0.00056176180989372,0.00024498460915782,1.1847180225951,3.8005569055565e-05,3.8005569055565e-05,3.4452261699431e-05,3.4452261699431e-05,3.8005569055565e-05,0.43583513085269,0.43583513085269,0.43583513085269,0.37127682026831,0.37127682026831,0.37127682026831,3.4452261699431e-05,72.981563850411,7.2234384567872e-16,1.0761058825907e-10,-4.1165678185712,-11.067595675224,-1.1730909397061,-1.3183051278838e-11,-3.7024387143911,-1.3359411386955,-4.0366547403253e-10,-12.887245022975,83.169298771691,527.67528358337,527.67528358337,527.67528003006,527.67528003006,527.67528358337,528.11108070865,528.11108070865,528.11108070865,528.04652239807,528.04652239807,528.04652239807,527.67528003006,254.85480747847,0.23284265766506,0.16120947303813,0.17293154350293,882.6085109893,-0.21353280914065,0.00016326048951968,0.00023171384124171,879.99044912841,-0.00035903150418075,-0.21492679467679,0.011743197695117,1.1792607485081e-23,0,0,3.5024461118298e-29,9.2594400999321e-20,3.6068117898693e-31,0,9.8308662365148e-33,3.7713035940274e-30,0,2.5160878467483e-33,1.7779948267324e-31,5.8800242020674e-10,0,0,0.0015410534721765,0.010102765893923,2.6364954552825e-06,0,5.0104609816206e-11,1.2271968803415e-05,0,1.8583716191131e-11,1.2742292029148e-09
0.001910625,507.52662584664,160.96020838507,371.99645620252,0.97741707853608,0.97723458413469,0.99981571212164,1422136826.7908,0.00016137214896927,0.00056324065168984,0.00024552151243687,1.185217953948,3.7923561772461e-05,3.7923561772461e-05,3.4353929409196e-05,3.4353929409196e-05,3.7923561772461e-05,0.43534452447818,0.43534452447818,0.43534452447818,0.37007166903169,0.37007166903169,0.37007166903169,3.4353929409196e-05,72.90933126956,7.0053557195143e-16,1.0807428608823e-10,-4.1296830488633,-11.10316796521,-1.180031074973,-1.3774753764882e-11,-3.7155512518641,-1.3434203914983,-4.1822198361586e-10,-12.92630063512,83.074408056278,527.69702884129,527.69702884129,527.69702527166,527.69702527166,527.69702884129,528.13233544221,528.13233544221,528.13233544221,528.06706258676,528.06706258676,528.06706258676,527.69702527166,254.86859530856,0.23339420177959,0.16158747288517,0.17334427244577,882.71465744185,-0.2154381693619,0.00018974644218342,0.0002335606305917,880.0928770641,-0.00036350142210858,-0.21679473047213,0.011743197695117,1.1402283451082e-23,0,0,3.33158120104e-29,8.8406993398646e-20,3.4412415645439e-31,0,9.4503040570403e-33,3.6028504011568e-30,0,2.4234294934922e-33,1.7127921385255e-31,5.8800242020675e-10,0,0,0.0015410534721765,0.010102765893923,2.6364954552825e-06,0,5.0104609816206e-11,1.2271968803415e-05,0,1.8583716191131e-11,1.2742292029148e-09
0.001915625,505.44336503651,160.46483941371,370.73408402817,0.97741707853608,0.97723458413469,0.99981571212164,1423754829.5026,0.00016179971106472,0.00056471951063599,0.00024605760240991,1.1857178801373,3.7833912699548e-05,3.7833912699548e-05,3.4245945741706e-05,3.4245945741706e-05,3.7833912699548e-05,0.43485287973388,0.43485287973388,0.43485287973388,0.36886688643843,0.36886688643843,0.36886688643843,3.4245945741706e-05,72.83711953446,6.7926117034688e-16,1.0852496479861e-10,-4.1427997312316,-11.138692228226,-1.1869969759691,-1.4391912581772e-11,-3.728669016732,-1.3509241231208,-4.3329554455116e-10,-12.96527500414,82.979542185769,527.7181821161,527.7181821161,527.71817852813,527.71817852813,527.7181821161,528.15299716192,528.15299716192,528.15299716192,528.08701116863,528.08701116863,528.08701116863,527.71817852813,254.88154545426,0.23394540220623,0.16196520626502,0.17375681903142,882.81958324391,-0.21735380075832,0.00021628916307728,0.00023540747450994,880.19409204318,-0.00036800473769647,-0.21867283371155,0.011743197695117,1.1025450386769e-23,0,0,3.1693883252395e-29,8.4415648202088e-20,3.2835191974159e-31,0,9.0851669208098e-33,3.4421581038687e-30,0,2.3344260549983e-33,1.6500691868896e-31,5.8800242020677e-10,0,0,0.0015410534721765,0.010102765893923,2.6364954552825e-06,0,5.0104609816206e-11,1.2271968803415e-05,0,1.8583716191131e-11,1.2742292029148e-09
0.001920625,503.36459559112,159.97083458429,369.47439268157,0.97741707853608,0.97723458413469,0.99981571212164,1425363132.2847,0.0001622270340882,0.00056619838663069,0.00024659287949988,1.1862178010162,3.773599639744e-05,3.773599639744e-05,3.412674723755e-05,3.412674723755e-05,3.773599639744e-05,0.43436020229412,0.43436020229412,0.43436020229412,0.36766249964069,0.36766249964069,0.36766249964069,3.412674723755e-05,72.764929316214,6.5851244290494e-16,1.0896245926206e-10,-4.1559177088293,-11.174167712604,-1.1939887676883,-1.5035520460345e-11,-3.7417918173567,-1.3584524462977,-4.4890295925212e-10,-13.004167327919,82.884702313047,527.73874732309,527.73874732309,527.73874371384,527.73874371384,527.73874732309,528.17306978938,528.17306978938,528.17306978938,528.10637208673,528.10637208673,528.10637208673,527.73874371384,254.89366196893,0.23449625916395,0.16234267332701,0.17416918350288,882.92329511349,-0.21927970776253,0.00024288445480325,0.00023725452600608,880.29410046386,-0.00037254249092631,-0.22056111289683,0.011743197695117,1.0661620768406e-23,0,0,3.0154103490408e-29,8.0610861956635e-20,3.1332606306266e-31,0,8.7348087819056e-33,3.2888582768167e-30,0,2.2489246382226e-33,1.5897279894736e-31,5.8800242020678e-10,0,0,0.0015410534721765,0.010102765893923,2.6364954552825e-06,0,5.0104609816206e-11,1.2271968803415e-05,0,1.8583716191131e-11,1.2742292029148e-09
0.001925625,501.29035117618,159.47820020262,368.21740187743,0.97741707853608,0.97723458413469,0.99981571212164,1426961744.764,0.00016265411686969,0.00056767727957259,0.0002471273442284,1.1867177164389,3.7629005293847e-05,3.7629005293847e-05,3.3993909613253e-05,3.3993909613253e-05,3.7629005293847e-05,0.43386649784705,0.43386649784705,0.43386649784705,0.36645853563885,0.36645853563885,0.36645853563885,3.3993909613253e-05,72.692761292703,6.3828114776565e-16,1.0938660902009e-10,-4.1690368260317,-11.209593671558,-1.2010065701171,-1.570660349394e-11,-3.754919463162,-1.3660054684743,-4.6506150657138e-10,-13.042976812626,82.78988960244,527.75872835134,527.75872835134,527.75872471624,527.75872471624,527.75872835134,528.19255722018,528.19255722018,528.19255722018,528.12514925797,528.12514925797,528.12514925797,527.75872471624,254.90494900929,0.23504677287463,0.16271987422313,0.17458136610278,883.02579973026,-0.22121589450523,0.00026952934429406,0.00023910095281574,880.39290869293,-0.00037711462607413,-0.22245957717701,0.011743197695117,1.0310325506712e-23,0,0,2.8692151261101e-29,7.6983607986139e-20,2.9901012345263e-31,0,8.3986110115338e-33,3.1426005297769e-30,0,2.1667790041038e-33,1.5316745933012e-31,5.880024202068e-10,0,0,0.0015410534721765,0.010102765893923,2.6364954552825e-06,0,5.0104609816206e-11,1.2271968803415e-05,0,1.8583716191131e-11,1.2742292029148e-09
0.001930625,499.22066489422,158.98694242722,366.96313099767,0.97741707853608,0.97723458413469,0.99981571212164,1428550676.7394,0.00016308098550847,0.00056915618936046,0.00024766096519044,1.1872176262604,3.7511857297302e-05,3.7511857297302e-05,3.3843112620788e-05,3.3843112620788e-05,3.7511857297302e-05,0.43337177209457,0.43337177209457,0.43337177209457,0.36525502128005,0.36525502128005,0.36525502128005,3.3843112620788e-05,72.620616133631,6.1855900524034e-16,1.0979725838627e-10,-4.1821569273678,-11.24496936316,-1.2080504979832,-1.6406221992886e-11,-3.7680517640645,-1.37358329161,-4.8178895197954e-10,-13.081702672138,82.695105203097,527.77812906402,527.77812906402,527.77812539528,527.77812539528,527.77812906402,528.21146332426,528.21146332426,528.21146332426,528.14334657345,528.14334657345,528.14334657345,527.77812539528,254.9154108078,0.23559694356305,0.16309680910798,0.17499336707336,883.12710372679,-0.22316236398077,0.00029622018273656,0.00024094695716477,880.49052305825,-0.0003817209787814,-0.22436823437682,0.011743197695117,9.9711132158008e-24,0,0,2.7303940837074e-29,7.3525311626438e-20,2.8536947904782e-31,0,8.0759812355272e-33,3.0030515954915e-30,0,2.0878492697604e-33,1.4758189022133e-31,5.8800242020681e-10,0,0,0.0015410534721765,0.010102765893923,2.6364954552825e-06,0,5.0104609816206e-11,1.2271968803415e-05,0,1.8583716191131e-11,1.2742292029148e-09
0.001935625,497.15556928765,158.49706727057,365.71159909334,0.97741707853608,0.97723458413469,0.99981571212164,1430129938.182,0.00016350761130746,0.00057063511589314,0.00024819377523643,1.1877175303365,3.7383026077037e-05,3.7383026077037e-05,3.3664088433391e-05,3.3664088433391e-05,3.7383026077037e-05,0.43287603075247,0.43287603075247,0.43287603075247,0.36405198325681,0.36405198325681,0.36405198325681,3.3664088433391e-05,72.54849450702,5.9933770170324e-16,1.1019425652113e-10,-4.1952778581092,-11.28029405053,-1.2151206606863,-1.7135471367775e-11,-3.7811885306571,-1.3811860122066,-4.9910355896334e-10,-13.12034412839,82.600350262555,527.79695329821,527.79695329821,527.79694957928,527.79694957928,527.79695329821,528.22979194594,528.22979194594,528.22979194594,528.16096789845,528.16096789845,528.16096789845,527.79694957928,254.925051721,0.23614677145689,0.16347347813879,0.17540518665645,883.22721369349,-0.22511911977887,0.0003229535056987,0.00024279316498976,880.58694985183,-0.00038636181752032,-0.22628709239984,0.011743197695117,9.643549514201e-24,0,0,2.598560891676e-29,7.0227826805419e-20,2.7237125334417e-31,0,7.7663522237695e-33,2.8698944667103e-30,0,2.0120016249565e-33,1.4220745116418e-31,5.8800242020683e-10,0,0,0.0015410534721765,0.010102765893923,2.6364954552825e-06,0,5.0104609816206e-11,1.2271968803415e-05,0,1.8583716191131e-11,1.2742292029148e-09
0.001940625,495.0950963417,158.00858060033,364.46282488662,0.97741707853608,0.97723458413469,0.99981571212164,1431699539.2461,0.00016393399323812,0.00057211405906958,0.00024872577483792,1.188217428524,3.7240188830127e-05,3.7240188830127e-05,3.3389051333637e-05,3.3389051333637e-05,3.7240188830127e-05,0.43237927955051,0.43237927955051,0.43237927955051,0.36284944810589,0.36284944810589,0.36284944810589,3.3389051333637e-05,72.476397074908,5.8060889601007e-16,1.1057745738047e-10,-4.2083994642069,-11.315567000389,-1.2222171622116,-1.7895483033627e-11,-3.7943295740187,-1.3888137212444,-5.1702410371031e-10,-13.158900410628,82.505625941701,527.81520486473,527.81520486473,527.81520101359,527.81520101359,527.81520486473,528.24754690409,528.24754690409,528.24754690409,528.17801707265,528.17801707265,528.17801707265,527.81520101359,254.9338761271,0.23669625678666,0.16384988147538,0.17581682509353,883.32613617642,-0.22708616377215,0.0003497265157988,0.00024463845212596,880.68219532895,-0.00039103631473664,-0.22821615884731,0.011743197695117,9.327216354112e-24,0,0,2.4733502085072e-29,6.7083413887357e-20,2.5998422425288e-31,0,7.4691808262434e-33,2.7428275778601e-30,0,1.9391080614363e-33,1.3703585510516e-31,5.8800242020684e-10,0,0,0.0015410534721765,0.010102765893923,2.6364954552825e-06,0,5.0104609816206e-11,1.2271968803415e-05,0,1.8583716191131e-11,1.2742292029148e-09
0.001945625,493.03927748752,157.52148814059,363.21682677278,0.97741707853608,0.97723458413469,0.99981571212164,1433259490.2786,0.00016436012988474,0.00057359301878851,0.00024925696492595,1.1887173206805,3.7079343470898e-05,3.7079343470898e-05,3.3245323906197e-05,3.3245323906197e-05,3.7079343470898e-05,0.43188152423248,0.43188152423248,0.43188152423248,0.36164744220694,0.36164744220694,0.36164744220694,3.3245323906197e-05,72.40432446609,5.6236422236734e-16,1.1094671967036e-10,-4.2215215919543,-11.350787480382,-1.2293401000557,-1.8687425509732e-11,-3.8074747039784,-1.3964665034423,-5.3556992192974e-10,-13.197370749144,82.410933523061,527.83288754749,527.83288754749,527.83288371347,527.83288371347,527.83288754749,528.26473199238,528.26473199238,528.26473199238,528.19449791036,528.19449791036,528.19449791036,527.83288371347,254.94188846947,0.2372453997859,0.16422601928028,0.17622828262563,883.42387765744,-0.22906349952036,0.0003765358405443,0.00024648291774296,880.776265688,-0.00039574521238109,-0.23015544086251,0.011743197695117,9.0217113691682e-24,0,0,2.3544164990164e-29,6.4084718652053e-20,2.4817873795329e-31,0,7.1839469434822e-33,2.6215640257375e-30,0,1.8690461119755e-33,1.3205915322016e-31,5.8800242020685e-10,0,0,0.0015410534721765,0.010102765893923,2.6364954552825e-06,0,5.0104609816206e-11,1.2271968803415e-05,0,1.8583716191131e-11,1.2742292029148e-09
0.001950625,490.98814360491,157.03579547298,361.97362282204,0.97741707853608,0.97723458413469,0.99981571212164,1434809801.8074,0.00016478602009549,0.00057507199495009,0.00024978734615073,1.1892172066638,3.6891697467936e-05,3.6891697467936e-05,3.3068884276261e-05,3.3068884276261e-05,3.6891697467936e-05,0.43138277055652,0.43138277055652,0.43138277055652,0.36044599178117,0.36044599178117,0.36044599178117,3.3068884276261e-05,72.332277463404,5.4459530569446e-16,1.1130190823437e-10,-4.2346440883632,-11.385954788081,-1.2364895711019,-1.9512504224067e-11,-3.8206237395904,-1.4041444415537,-5.5476071108448e-10,-13.235754418355,82.31627358803,527.85000510125,527.85000510125,527.85000127844,527.85000127844,527.85000510125,528.28135098011,528.28135098011,528.28135098011,528.21041420133,528.21041420133,528.21041420133,527.85000127844,254.94909291171,0.23779420069029,0.16460189171804,0.17663955949349,883.52044468654,-0.23105112941354,0.00040337816327241,0.00024832666901345,880.86916719322,-0.00040048835925743,-0.2321049451789,0.011743197695117,8.7266473156336e-24,0,0,2.241432931293e-29,6.1224752718352e-20,2.36926628749e-31,0,6.9101526141106e-33,2.505830849386e-30,0,1.8016986220062e-33,1.2726972124965e-31,5.8800242020686e-10,0,0,0.0015410534721765,0.010102765893923,2.6364954552825e-06,0,5.0104609816206e-11,1.2271968803415e-05,0,1.8583716191131e-11,1.2742292029148e-09
0.001955625,488.94172502621,156.55150803819,360.73323078191,0.97741707853608,0.97723458413469,0.99981571212164,1436350484.6413,0.00016521166262224,0.00057655098745381,0.00025031691932259,1.1897170863332,3.6632122216671e-05,3.6632122216671e-05,3.2818877677883e-05,3.2818877677883e-05,3.6632122216671e-05,0.43088302429428,0.43088302429428,0.43088302429428,0.35924512289063,0.35924512289063,0.35924512289063,3.2818877677883e-05,72.260256701453,5.2729375405192e-16,1.1164289171185e-10,-4.2477668034636,-11.421068203346,-1.2436656626302,-2.0371963950133e-11,-3.8337764927079,-1.4118476098594,-5.7461685900037e-10,-13.274050664464,82.221647695538,527.86656121625,527.86656121625,527.866557403,527.866557403,527.86656121625,528.29740760842,528.29740760842,528.29740760842,528.22576970701,528.22576970701,528.22576970701,527.866557403,254.95549527625,0.23834265973883,0.16497749895617,0.17705065593739,883.6158436642,-0.23304905699578,0.00043025038173943,0.00025016990658451,880.9609059722,-0.00040526664714621,-0.23406467864804,0.011743197695117,8.4416513924241e-24,0,0,2.1340903131932e-29,5.8496874227859e-20,2.262011399697e-31,0,6.6473209805327e-33,2.3953683067246e-30,0,1.7369534864996e-33,1.2266024460391e-31,5.8800242020688e-10,0,0,0.0015410534721765,0.010102765893923,2.6364954552825e-06,0,5.0104609816206e-11,1.2271968803415e-05,0,1.8583716191131e-11,1.2742292029148e-09
0.001960625,486.90005153867,156.06863113692,359.49566807885,0.97741707853608,0.97723458413469,0.99981571212164,1437881549.789,0.00016563705626676,0.00057802999619889,0.00025084568521086,1.1902169595493,3.6427638958962e-05,3.6427638958962e-05,3.2682891051574e-05,3.2682891051574e-05,3.6427638958962e-05,0.43038229123183,0.43038229123183,0.43038229123183,0.35804486143656,0.35804486143656,0.35804486143656,3.2682891051574e-05,72.188262871915,5.1045116868443e-16,1.1196954361361e-10,-4.2608895834782,-11.456127018266,-1.2508684557854,-2.1267089198762e-11,-3.8469327740052,-1.4195760764812,-5.9515931108217e-10,-13.312258736708,82.127056999237,527.88255973336,527.88255973336,527.88255598861,527.88255598861,527.88255973336,528.31290559695,528.31290559695,528.31290559695,528.24056816716,528.24056816716,528.24056816716,527.88255598861,254.96109990712,0.23889077717341,0.16535284116479,0.1774615721972,883.71008093157,-0.23505728357637,0.00045714977929687,0.00025201191383745,881.0514881015,-0.00041007949404474,-0.23603464745781,0.011743197695117,8.1663647080489e-24,0,0,2.0320961143898e-29,5.5894770322903e-20,2.1597685183834e-31,0,6.3949954393341e-33,2.2899292231973e-30,0,1.6747034384005e-33,1.1822370565287e-31,5.8800242020689e-10,0,0,0.0015410534721765,0.010102765893923,2.6364954552825e-06,0,5.0104609816206e-11,1.2271968803415e-05,0,1.8583716191131e-11,1.2742292029148e-09
0.001965625,484.86315238815,155.58716993126,358.26095182065,0.97741707853608,0.97723458413469,0.99981571212164,1439403008.454,0.00016606219979141,0.00057950902108599,0.00025137364466901,1.1907168261719,3.6250553866641e-05,3.6250553866641e-05,3.2442491490605e-05,3.2442491490605e-05,3.6250553866641e-05,0.42988057716991,0.42988057716991,0.42988057716991,0.35684523315842,0.35684523315842,0.35684523315842,3.2442491490605e-05,72.11629649215,4.9405915427602e-16,1.1228174518277e-10,-4.2740122802361,-11.491130510257,-1.2580980318749,-2.2199204454338e-11,-3.8600924066948,-1.4273299095707,-6.1640946402223e-10,-13.350377943124,82.032502229469,527.89800431443,527.89800431443,527.89800050637,527.89800050637,527.89800431443,528.32784864105,528.32784864105,528.32784864105,528.25481329704,528.25481329704,528.25481329704,527.89800050637,254.9659110139,0.2394385532379,0.16572791851592,0.17787230851247,883.80316294667,-0.237075810965,0.00048407371399172,0.00025385299212263,881.14091976696,-0.00041492649424224,-0.23801485762935,0.011743197695117,7.9004418054236e-24,0,0,1.9351735452095e-29,5.3412440621125e-20,2.0622961396896e-31,0,6.1527388417811e-33,2.1892783841096e-30,0,1.6148458531351e-33,1.1395337202063e-31,5.880024202069e-10,0,0,0.0015410534721765,0.010102765893923,2.6364954552825e-06,0,5.0104609816206e-11,1.2271968803415e-05,0,1.8583716191131e-11,1.2742292029148e-09
0.001970625,482.83105628184,155.10712944581,357.02909879807,0.97741707853608,0.97723458413469,0.99981571212164,1440914872.1629,0.0001664870919719,0.00058098806201503,0.00025190079855406,1.1912166860632,3.6009890239781e-05,3.6009890239781e-05,3.2360381824627e-05,3.2360381824627e-05,3.6009890239781e-05,0.42937788792274,0.42937788792274,0.42937788792274,0.35564626363292,0.35564626363292,0.35564626363292,3.2360381824627e-05,72.044358208713,4.7810931646761e-16,1.1257938051216e-10,-4.2871347452651,-11.526077975069,-1.2653544615773,-2.3169676126537e-11,-3.8732552030163,-1.4351091679559,-6.3838944139503e-10,-13.38840754632,81.937985043873,527.9128985293,527.9128985293,527.91289487979,527.91289487979,527.9128985293,528.34224040733,528.34224040733,528.34224040733,528.26850878304,528.26850878304,528.26850878304,527.91289487979,254.96993429079,0.23998598817964,0.16610273118464,0.17828286512228,883.89509597683,-0.23910464128771,0.00051101959424335,0.00025569288608395,881.22920697932,-0.0004198078196287,-0.24000531509718,0.011743197695117,7.6435500250486e-24,0,0,1.8430606620513e-29,5.1044180566223e-20,1.9693647724949e-31,0,5.9201325675517e-33,2.0931919058528e-30,0,1.5572825119205e-33,1.0984278308154e-31,5.8800242020691e-10,0,0,0.0015410534721765,0.010102765893923,2.6364954552825e-06,0,5.0104609816206e-11,1.2271968803415e-05,0,1.8583716191131e-11,1.2742292029148e-09
0.001975625,480.80379139197,154.62851456899,355.80012548725,0.97741707853608,0.97723458413469,0.99981571212164,1442417152.6559,0.00016691173158963,0.00058246711888706,0.00025242714774466,1.1917165390852,3.5783641660131e-05,3.5783641660131e-05,3.2291007085518e-05,3.2291007085518e-05,3.5783641660131e-05,0.42887422931922,0.42887422931922,0.42887422931922,0.35444797827288,0.35444797827288,0.35444797827288,3.2291007085518e-05,71.972448934834,4.6259328094755e-16,1.1286233949321e-10,-4.3002568267754,-11.560968761812,-1.2726378154372,-2.4179912550526e-11,-3.8864209854438,-1.4429139073002,-6.6112173186072e-10,-13.426346858861,81.843505887242,527.92724609674,527.92724609674,527.92724260411,527.92724260411,527.92724609674,528.35608454242,528.35608454242,528.35608454242,528.28165829137,528.28165829137,528.28165829137,527.92724260411,254.97317398322,0.24053308224798,0.16647727934796,0.17869324226538,883.98588634524,-0.24114377684354,0.0005379843509367,0.00025753144389196,881.31635580086,-0.00042472416126302,-0.2420060250133,0.011743197695117,7.3953691039435e-24,0,0,1.7555095563422e-29,4.8784566867535e-20,1.8807563404697e-31,0,5.6967758299482e-33,2.0014566901073e-30,0,1.5019194329881e-33,1.0588573984925e-31,5.8800242020692e-10,0,0,0.0015410534721765,0.010102765893923,2.6364954552825e-06,0,5.0104609816206e-11,1.2271968803415e-05,0,1.8583716191131e-11,1.2742292029148e-09
0.001980625,478.7813853581,154.15133005379,354.57404805105,0.97741707853608,0.97723458413469,0.99981571212164,1443909861.9773,0.00016733611759166,0.00058394619160268,0.00025295269296465,1.1922163851012,3.5543982278219e-05,3.5543982278219e-05,3.2216619525095e-05,3.2216619525095e-05,3.5543982278219e-05,0.42836960720216,0.42836960720216,0.42836960720216,0.35325040232564,0.35325040232564,0.35325040232564,3.2216619525095e-05,71.900569142043,4.475026828921e-16,1.1313051759279e-10,-4.3133783784702,-11.595802148603,-1.2799481558405,-2.5231365871038e-11,-3.8995895707879,-1.4507441778941,-6.8462956777694e-10,-13.464195177884,81.749066250205,527.9410506027,527.9410506027,527.94104727534,527.94104727534,527.9410506027,528.36938466592,528.36938466592,528.36938466592,528.29426546105,528.29426546105,528.29426546105,527.94104727534,254.97563620232,0.24107983569532,0.16685156318559,0.17910344018007,884.07554028799,-0.24319321899658,0.00056496565430545,0.00025936891164841,881.40237221667,-0.00042967536445759,-0.24401699256013,0.011743197695117,7.1555906261113e-24,0,0,1.6722855690965e-29,4.6628442854146e-20,1.7962635824608e-31,0,5.4822848588e-33,1.9138698855482e-30,0,1.4486666697563e-33,1.0207629298956e-31,5.8800242020693e-10,0,0,0.0015410534721765,0.010102765893923,2.6364954552825e-06,0,5.0104609816206e-11,1.2271968803415e-05,0,1.8583716191131e-11,1.2742292029148e-09
0.001985625,476.76386529111,153.67558051944,353.3508823417,0.97741707853608,0.97723458413469,0.99981571212164,1445393012.433,0.00016776024874137,0.00058542528006235,0.0002534774351642,1.1927162239755,3.5430132123625e-05,3.5430132123625e-05,3.2136799821166e-05,3.2136799821166e-05,3.5430132123625e-05,0.42786402742882,0.42786402742882,0.42786402742882,0.35205356087247,0.35205356087247,0.35205356087247,3.2136799821166e-05,71.828719520061,4.3282917805823e-16,1.1338381557195e-10,-4.3264992503769,-11.630577454632,-1.2872855397961,-2.6325532677824e-11,-3.9127607748851,-1.458600024639,-7.0893676956249e-10,-13.5019518072,81.654667246818,527.95431577763,527.95431577763,527.95431248429,527.95431248429,527.95431577763,528.38214437492,528.38214437492,528.38214437492,528.30633390837,528.30633390837,528.30633390837,527.95431248429,254.97732563591,0.24162624877675,0.16722558287971,0.17951345910425,884.16406399364,-0.24525296808834,0.00059196126251661,0.00026120466693628,881.4872621703,-0.00043466058294703,-0.24603822235427,0.011743197695117,6.9239175818249e-24,0,0,1.5931665595774e-29,4.4570905027163e-20,1.7156895011738e-31,0,5.2762921996093e-33,1.8302383778633e-30,0,1.397438138024e-33,9.8408732633524e-32,5.8800242020694e-10,0,0,0.0015410534721765,0.010102765893923,2.6364954552825e-06,0,5.0104609816206e-11,1.2271968803415e-05,0,1.8583716191131e-11,1.2742292029148e-09
0.001990625,474.75125777654,153.20127045253,352.13064390291,0.97741707853608,0.97723458413469,0.99981571212164,1446866616.5919,0.00016818412380625,0.00058690438416796,0.00025400137532384,1.1932160555727,3.535421529904e-05,3.535421529904e-05,3.2050988255731e-05,3.2050988255731e-05,3.535421529904e-05,0.42735749587098,0.42735749587098,0.42735749587098,0.35085747882765,0.35085747882765,0.35085747882765,3.2050988255731e-05,71.756900471443,4.1856445057448e-16,1.136221399799e-10,-4.3396192993921,-11.66529396609,-1.2946500220136,-2.7463954289366e-11,-3.9259344220202,-1.4664814910941,-7.3406786391847e-10,-13.539616074042,81.560310032839,527.96704510139,527.96704510139,527.96704179817,527.96704179817,527.96704510139,528.39436724305,528.39436724305,528.39436724305,528.317867226,528.317867226,528.317867226,527.96704179817,254.9782465859,0.24217232174974,0.16759933861471,0.17992329927543,884.25146367308,-0.2473230266627,0.00061896871227949,0.00026303915148448,881.57103162058,-0.00043968066144908,-0.24806971919994,0.011743197695117,6.7000639674481e-24,0,0,1.5179422158246e-29,4.2607290327064e-20,1.6388468422066e-31,0,5.0784460473602e-33,1.7503783118651e-30,0,1.3481514538151e-33,9.487757874732e-32,5.8800242020695e-10,0,0,0.0015410534721765,0.010102765893923,2.6364954552825e-06,0,5.0104609816206e-11,1.2271968803415e-05,0,1.8583716191131e-11,1.2742292029148e-09
0.001995625,472.74358887808,152.72840420825,350.91334797195,0.97741707853608,0.97723458413469,0.99981571212164,1448330687.3493,0.00016860774156799,0.00058838350382104,0.00025452451442527,1.1937158797585,3.5273346765669e-05,3.5273346765669e-05,3.195840168216e-05,3.195840168216e-05,3.5273346765669e-05,0.42685001841464,0.42685001841464,0.42685001841464,0.34966218093725,0.34966218093725,0.34966218093725,3.195840168216e-05,71.685112808109,4.0470021585105e-16,1.1384540261938e-10,-4.3527383783755,-11.699951036748,-1.3020416511169,-2.864821861194e-11,-3.9391103323265,-1.4743886142621,-7.6004796986042e-10,-13.577187299499,81.465995667936,527.97924207351,527.97924207351,527.97923875856,527.97923875856,527.97924207351,528.40605681857,528.40605681857,528.40605681857,528.3288689811,528.3288689811,528.3288689811,527.97923875856,254.97840497084,0.24271805487451,0.16797283057748,0.1803329609307,884.33774545099,-0.24940339587686,0.00064598569452935,0.00026487198997261,881.65368644995,-0.00044473606781724,-0.25011148715246,0.011743197695117,6.4837543049259e-24,0,0,1.4464133984273e-29,4.0733163728513e-20,1.5655575875225e-31,0,4.8884095459737e-33,1.6741146258044e-30,0,1.3007277600471e-33,9.1477570951155e-32,5.8800242020696e-10,0,0,0.0015410534721765,0.010102765893923,2.6364954552825e-06,0,5.0104609816206e-11,1.2271968803415e-05,0,1.8583716191131e-11,1.2742292029148e-09
0.002000625,470.7408841411,152.25698601164,349.69900948197,0.97741707853608,0.97723458413469,0.99981571212164,1449785237.8959,0.00016903110104675,0.00058986263892307,0.00025504685322823,1.1942156963998,3.5187242162754e-05,3.5187242162754e-05,3.1857871125017e-05,3.1857871125017e-05,3.5187242162754e-05,0.42634160096023,0.42634160096023,0.42634160096023,0.34846769177861,0.34846769177861,0.34846769177861,3.1857871125017e-05,71.613357240966,3.9122822606796e-16,1.1405352060105e-10,-4.3658563397489,-11.734548008651,-1.3094604710757,-2.987996092975e-11,-3.9522883257629,-1.4823214265593,-7.8690282760537e-10,-13.614664811526,81.371725197135,527.99091021389,527.99091021389,527.99090688452,527.99090688452,527.99091021389,528.41721662761,528.41721662761,528.41721662761,528.33934271843,528.33934271843,528.33934271843,527.99090688452,254.97780582842,0.24326344841392,0.16834605895727,0.18074244430674,884.4229154092,-0.25149407547768,0.00067301005556152,0.00026670336029799,881.73523250293,-0.0004498255381797,-0.25216352983127,0.011743197695117,6.2747232534794e-24,0,0,1.3783915279448e-29,3.894430680503e-20,1.4956524868182e-31,0,4.705860166846e-33,1.6012806207471e-30,0,1.2550915760474e-33,8.8203659548482e-32,5.8800242020697e-10,0,0,0.0015410534721765,0.010102765893923,2.6364954552825e-06,0,5.0104609816206e-11,1.2271968803415e-05,0,1.8583716191131e-11,1.2742292029148e-09
0.002005625,468.7431685958,151.78701995875,348.48764306388,0.97741707853608,0.97723458413469,0.99981571212164,1451230281.7161,0.00016945432377137,0.00059134178937576,0.00025556839285902,1.194715505364,3.5095545700009e-05,3.5095545700009e-05,3.1747483266734e-05,3.1747483266734e-05,3.5095545700009e-05,0.42583224942254,0.42583224942254,0.42583224942254,0.34727403575937,0.34727403575937,0.34727403575937,3.1747483266734e-05,71.541634401306,3.781402760528e-16,1.1424641685981e-10,-4.3789730374975,-11.769084217404,-1.3169065218882,-3.1160864678877e-11,-3.9654682239345,-1.4902799568823,-8.1465882820219e-10,-13.652047950899,81.277499681066,528.00205301926,528.00205301926,528.0020496712,528.0020496712,528.00205301926,528.42785017314,528.42785017314,528.42785017314,528.34929195948,528.34929195948,528.34929195948,528.0020496712,254.97645396114,0.24380850263333,0.16871902394565,0.18115174963979,884.50697960792,-0.25359506691473,0.00070003974543959,0.00026853290256966,881.81567560325,-0.00045494994378036,-0.25422585096108,0.011743197695117,6.0727152279383e-24,0,0,1.3136980054378e-29,3.7236706820731e-20,1.4289706112347e-31,0,4.5304891047723e-33,1.5317175503729e-30,0,1.2111706511015e-33,8.5050996822407e-32,5.8800242020698e-10,0,0,0.0015410534721765,0.010102765893923,2.6364954552825e-06,0,5.0104609816206e-11,1.2271968803415e-05,0,1.8583716191131e-11,1.2742292029148e-09
0.002010625,466.75046676052,151.31851001781,347.27926304845,0.97741707853608,0.97723458413469,0.99981571212164,1452665832.6068,0.00016987852826292,0.00059282095508113,0.00025608913416313,1.1952153065193,3.4997799748679e-05,3.4997799748679e-05,3.162362005535e-05,3.162362005535e-05,3.4997799748679e-05,0.42532196973071,0.42532196973071,0.42532196973071,0.34608123711657,0.34608123711657,0.34608123711657,3.162362005535e-05,71.469944924841,3.6542820821714e-16,1.1442401985803e-10,-4.3920883267182,-11.803559004483,-1.3243798397976,-3.2492662476596e-11,-3.9786498499698,-1.4982642307747,-8.4334302928475e-10,-13.689336067142,81.183320183295,528.01267396274,528.01267396274,528.01267058856,528.01267058856,528.01267396274,528.43796093467,528.43796093467,528.43796093467,528.35872020206,528.35872020206,528.35872020206,528.01267058856,254.97435438463,0.24435321780062,0.16909172573649,0.1815608771657,884.58994407696,-0.25570637041055,0.00072707357871584,0.00027036069939618,881.89502154612,-0.00046010857452866,-0.25629845440235,0.011743197695117,5.8774840234531e-24,0,0,1.2521636651882e-29,3.5606546340684e-20,1.3653589298801e-31,0,4.3620006935518e-33,1.465274228879e-30,0,1.1688958229213e-33,8.2014928622289e-32,5.8800242020698e-10,0,0,0.0015410534721765,0.010102765893923,2.6364954552825e-06,0,5.0104609816206e-11,1.2271968803415e-05,0,1.8583716191131e-11,1.2742292029148e-09
0.002015625,464.7628026452,150.85146003037,346.07388346838,0.97741707853608,0.97723458413469,0.99981571212164,1454091904.692,0.00017030248343664,0.00059430013594145,0.00025660907822549,1.1957150997348,3.4893394428651e-05,3.4893394428651e-05,3.1477332705594e-05,3.1477332705594e-05,3.4893394428651e-05,0.42481076782805,0.42481076782805,0.42481076782805,0.34488931991584,0.34488931991584,0.34488931991584,3.1477332705594e-05,71.398289442035,3.5308391721122e-16,1.1458626294579e-10,-4.4052020633802,-11.837971717865,-1.3318804573164,-3.3877137093525e-11,-3.9918330280306,-1.5062742705009,-8.7298316992631e-10,-13.726528519718,81.089187765682,528.0227764941,528.0227764941,528.02277307804,528.02277307804,528.0227764941,528.44755236853,528.44755236853,528.44755236853,528.36763092062,528.36763092062,528.36763092062,528.02277307804,254.97151220387,0.24489759418618,0.16946416452595,0.1819698271199,884.67181481359,-0.25782798667774,0.00075410846985732,0.00027218624892058,881.97327609676,-0.00046530232375289,-0.25838134211058,0.011743197695117,5.6887924540304e-24,0,0,1.1936282583166e-29,3.4050193389215e-20,1.3046719077342e-31,0,4.200111844921e-33,1.4018066596871e-30,0,1.1282008819038e-33,7.9090986316844e-32,5.8800242020699e-10,0,0,0.0015410534721765,0.010102765893923,2.6364954552825e-06,0,5.0104609816206e-11,1.2271968803415e-05,0,1.8583716191131e-11,1.2742292029148e-09
0.002020625,462.78019975461,150.38587371246,344.87151806036,0.97741707853608,0.97723458413469,0.99981571212164,1455508512.4292,0.00017072618819485,0.0005957793318593,0.00025712822609295,1.1962148848803,3.4781478184233e-05,3.4781478184233e-05,3.1252441558806e-05,3.1252441558806e-05,3.4781478184233e-05,0.42429864967199,0.42429864967199,0.42429864967199,0.34369830805046,0.34369830805046,0.34369830805046,3.1252441558806e-05,71.32666858753,3.4109935546974e-16,1.1473308801328e-10,-4.418314104219,-11.87232171031,-1.3394084033289,-3.5316122464519e-11,-4.0050175831067,-1.5143100952083,-9.0360768474277e-10,-13.763624674724,80.995103501639,528.03236403989,528.03236403989,528.03236051085,528.03236051085,528.03236403989,528.45662790808,528.45662790808,528.45662790808,528.37602756646,528.37602756646,528.37602756646,528.03236051085,254.96793267794,0.24544163206286,0.16983634051245,0.18237859973741,884.75259778137,-0.25995991557506,0.00078114380573999,0.0002740101878483,882.05044498782,-0.0004705300946384,-0.26047451777478,0.011743197695117,5.5064120067237e-24,0,0,1.1379399663657e-29,3.2564192163595e-20,1.2467711256118e-31,0,4.0445515115645e-33,1.3411776824485e-30,0,1.0890224417463e-33,7.627487908182e-32,5.88002420207e-10,0,0,0.0015410534721765,0.010102765893923,2.6364954552825e-06,0,5.0104609816206e-11,1.2271968803415e-05,0,1.8583716191131e-11,1.2742292029148e-09
0.002025625,460.802681092,149.92175465579,343.67218026726,0.97741707853608,0.97723458413469,0.99981571212164,1456915670.615,0.00017114964147258,0.00059725854273748,0.00025764657878288,1.1967146618268,3.4660784208708e-05,3.4660784208708e-05,3.1125791074588e-05,3.1125791074588e-05,3.4660784208708e-05,0.423785621234,0.423785621234,0.423785621234,0.34250822524065,0.34250822524065,0.34250822524065,3.1125791074588e-05,71.255082962426,3.2946653590291e-16,1.1486443888675e-10,-4.4314243059743,-11.906608333989,-1.3469637022609,-3.681150465472e-11,-4.0182033383543,-1.5223717205508,-9.3524573160319e-10,-13.800623898731,80.901068551483,528.0414400036,528.0414400036,528.04143646861,528.04143646861,528.0414400036,528.46519096405,528.46519096405,528.46519096405,528.38391356806,528.38391356806,528.38391356806,528.04143646861,254.96362102332,0.24598533170612,0.17020825389681,0.1827871952528,884.8322988888,-0.26210215737839,0.00080817774675119,0.00027583209911007,882.12653390137,-0.0004757923391052,-0.26257798365924,0.011743197695117,5.3301225029944e-24,0,0,1.084954941077e-29,3.1145254131274e-20,1.1915249180982e-31,0,3.8950601685521e-33,1.2832566375868e-30,0,1.0512998144704e-33,7.3562486473133e-32,5.8800242020701e-10,0,0,0.0015410534721765,0.010102765893923,2.6364954552825e-06,0,5.0104609816206e-11,1.2271968803415e-05,0,1.8583716191131e-11,1.2742292029148e-09
0.002030625,458.83026916302,149.45910632914,342.47588324059,0.97741707853608,0.97723458413469,0.99981571212164,1458313394.3726,0.00017157284218344,0.00059873776847939,0.00025816413735914,1.1972144304452,3.4529247805646e-05,3.4529247805646e-05,3.1051452547867e-05,3.1051452547867e-05,3.4529247805646e-05,0.42327168849974,0.42327168849974,0.42327168849974,0.34131909503301,0.34131909503301,0.34131909503301,3.1051452547867e-05,71.183533261721,3.1817754135887e-16,1.1498026747197e-10,-4.4445325280496,-11.940830972087,-1.3545463797412,-3.8365222841365e-11,-4.031390129677,-1.5304591617371,-9.679271213503e-10,-13.837525602628,80.807083555771,528.05000776581,528.05000776581,528.05000428802,528.05000428802,528.05000776581,528.47324492506,528.47324492506,528.47324492506,528.3912923316,528.3912923316,528.3912923316,528.05000428802,254.95858231634,0.24652869339335,0.17057990488163,0.18319561390028,884.91092409684,-0.26425471220598,0.00083520829429092,0.00027765209543972,882.20154856213,-0.00048108912150831,-0.26469174165176,0.011743197695117,5.1597118189851e-24,0,0,1.0345368739388e-29,2.9790249804711e-20,1.1388080396175e-31,0,3.7513893445386e-33,1.2279190553653e-30,0,1.0149749000711e-33,7.0949851793625e-32,5.8800242020701e-10,0,0,0.0015410534721765,0.010102765893923,2.6364954552825e-06,0,5.0104609816206e-11,1.2271968803415e-05,0,1.8583716191131e-11,1.2742292029148e-09
0.002035625,456.8629859769,148.99793207857,341.28263984099,0.97741707853608,0.97723458413469,0.99981571212164,1459701699.2295,0.00017199578925255,0.00060021700898861,0.00025868090290013,1.1977141906076,3.4382995753299e-05,3.4382995753299e-05,3.1037311848177e-05,3.1037311848177e-05,3.4382995753299e-05,0.42275685746781,0.42275685746781,0.42275685746781,0.34013094079908,0.34013094079908,0.34013094079908,3.1037311848177e-05,71.112020115785,3.0722452380666e-16,1.1508053042469e-10,-4.4576386318919,-11.974988997842,-1.362156456218,-3.9979270399448e-11,-4.0445777876868,-1.5385724304191,-1.0016824203605e-09,-13.874329183121,80.71314968158,528.0580706805,528.0580706805,528.05806733482,528.05806733482,528.0580706805,528.48079315497,528.48079315497,528.48079315497,528.39816723831,528.39816723831,528.39816723831,528.05806733482,254.95282235432,0.24707171740451,0.17095129367189,0.18360385591364,884.98847928097,-0.26641757989273,0.00086223330459369,0.00027946988430427,882.27549461729,-0.0004864206378975,-0.26681579308038,0.011743197695117,4.9949755303605e-24,0,0,9.8655658310365e-30,2.8496200615633e-20,1.0885013313754e-31,0,3.6133011180905e-33,1.1750463445502e-30,0,9.7999206328501e-34,6.8433174831381e-32,5.8800242020702e-10,0,0,0.0015410534721765,0.010102765893923,2.6364954552825e-06,0,5.0104609816206e-11,1.2271968803415e-05,0,1.8583716191131e-11,1.2742292029148e-09
0.002040625,454.90085305127,148.53823512916,340.09246264129,0.97741707853608,0.97723458413469,0.99981571212164,1461080601.0715,0.00017241848161374,0.00060169626416957,0.0002591968764921,1.1982139421871,3.4212572329054e-05,3.4212572329054e-05,3.0983367017065e-05,3.0983367017065e-05,3.4212572329054e-05,0.42224113415018,0.42224113415018,0.42224113415018,0.33894378573507,0.33894378573507,0.33894378573507,3.0983367017065e-05,71.040544175572,2.9659971036673e-16,1.1516519091834e-10,-4.4707424774991,-12.009081789667,-1.369793949073,-4.1655694636419e-11,-4.0577661421814,-1.5467115358542,-1.0365428963804e-09,-13.911034042533,80.619267956904,528.06563207505,528.06563207505,528.06562884584,528.06562884584,528.06563207505,528.48783899663,528.48783899663,528.48783899663,528.40454164821,528.40454164821,528.40454164821,528.06562884584,254.94634657994,0.24761440402195,0.17132242047475,0.18401192152623,885.06497028847,-0.26859075962641,0.00088925347550705,0.00028128521755646,882.34837768543,-0.00049178589086954,-0.26895014130854,0.011743197695117,4.8357166325277e-24,0,0,9.4089162951943e-30,2.7260271484477e-20,1.0404914172368e-31,0,3.4805676755012e-33,1.124525510573e-30,0,9.4629802868698e-34,6.600880556768e-32,5.8800242020703e-10,0,0,0.0015410534721765,0.010102765893923,2.6364954552825e-06,0,5.0104609816206e-11,1.2271968803415e-05,0,1.8583716191131e-11,1.2742292029148e-09
0.002045625,452.94389141598,148.08001858629,338.90536392888,0.97741707853608,0.97723458413469,0.99981571212164,1462450116.1432,0.00017284094335027,0.00060317553392593,0.00025971202635243,1.1987136850579,3.3963512059834e-05,3.3963512059834e-05,3.0917114957165e-05,3.0917114957165e-05,3.3963512059834e-05,0.42172452457225,0.42172452457225,0.42172452457225,0.33775765286118,0.33775765286118,0.33775765286118,3.0917114957165e-05,70.969106014959,2.8629540300837e-16,1.1523421780415e-10,-4.483843924579,-12.0431087231,-1.3774588707005,-4.3396601046126e-11,-4.0709550199012,-1.5548764837755,-1.0725406710869e-09,-13.94763957852,80.525439603601,528.07269520999,528.07269520999,528.07269216359,528.07269216359,528.07269520999,528.49438577105,528.49438577105,528.49438577105,528.41041889934,528.41041889934,528.41041889934,528.07269216359,254.93916061589,0.24815675353066,0.17169328549977,0.18441981097096,885.14040287874,-0.27077425174811,0.00091626602376197,0.00028309849692691,882.42020330785,-0.00049718582180793,-0.27109478664941,0.011743197695117,4.6817452525593e-24,0,0,8.9742595070317e-30,2.6079763613348e-20,9.9467041242184e-32,0,3.3529708679003e-33,1.0762488788322e-30,0,9.1384177523168e-34,6.3673237891724e-32,5.8800242020704e-10,0,0,0.0015410534721765,0.010102765893923,2.6364954552825e-06,0,5.0104609816206e-11,1.2271968803415e-05,0,1.8583716191131e-11,1.2742292029148e-09
0.002050625,450.99212161699,147.62328543691,337.72135570814,0.97741707853608,0.97723458413469,0.99981571212164,1463810261.0149,0.00017326314813465,0.0006046548181619,0.0002602263866635,1.1992134190948,3.3801642009134e-05,3.3801642009134e-05,3.0842259772249e-05,3.0842259772249e-05,3.3801642009134e-05,0.42120703477306,0.42120703477306,0.42120703477306,0.33657256502132,0.33657256502132,0.33657256502132,3.0842259772249e-05,70.897706327773,2.7630398712386e-16,1.1528758466891e-10,-4.4969428314873,-12.077069203081,-1.3851512317486,-4.5204151375213e-11,-4.0841442501858,-1.5630672779238,-1.1097085868118e-09,-13.984145199872,80.431665521681,528.07926354527,528.07926354527,528.07926058589,528.07926058589,528.07926354527,528.5004367784,528.5004367784,528.5004367784,528.41580230865,528.41580230865,528.41580230865,528.07926058589,254.93126907,0.24869876621792,0.1720638889586,0.18482752448028,885.21478280275,-0.27296805427718,0.00094327050701708,0.00028490942341183,882.49097701626,-0.00050261907337215,-0.27324973042859,0.011743197695117,4.5328783921869e-24,0,0,8.5604951915177e-30,2.4952107784359e-20,9.5093565022536e-32,0,3.230301808677e-33,1.0301138422194e-30,0,8.8257444090517e-34,6.1423103866996e-32,5.8800242020704e-10,0,0,0.0015410534721765,0.010102765893923,2.6364954552825e-06,0,5.0104609816206e-11,1.2271968803415e-05,0,1.8583716191131e-11,1.2742292029148e-09
0.002055625,449.04556371937,147.16803855061,336.54044970221,0.97741707853608,0.97723458413469,0.99981571212164,1465161052.6035,0.00017368509495918,0.00060613411678241,0.00026073995852839,1.1997131441731,3.3708311760839e-05,3.3708311760839e-05,3.0760029718615e-05,3.0760029718615e-05,3.3708311760839e-05,0.42068867080483,0.42068867080483,0.42068867080483,0.3353885448823,0.3353885448823,0.3353885448823,3.0760029718615e-05,70.826345457033,2.6661793622146e-16,1.153252722025e-10,-4.5100390656086,-12.110962555044,-1.3928710438989,-4.7080565318445e-11,-4.0973336706096,-1.5712839237205,-1.1480802783118e-09,-14.020550351696,80.337946771498,528.08534033428,528.08534033428,528.08533738599,528.08533738599,528.08534033428,528.50599529677,528.50599529677,528.50599529677,528.42069517085,528.42069517085,528.42069517085,528.08533738599,254.92267692843,0.24924044237304,0.17243423106485,0.18523506228629,885.28811585015,-0.27517216741168,0.00097026518355767,0.00028671807888328,882.56070436857,-0.00050808645658264,-0.27541497333705,0.011743197695117,4.3889396879842e-24,0,0,8.1665801757724e-30,2.3874857954647e-20,9.0918942374449e-32,0,3.1123604843609e-33,9.860226196003e-31,0,8.5244923184095e-34,5.925516829087e-32,5.8800242020705e-10,0,0,0.0015410534721765,0.010102765893923,2.6364954552825e-06,0,5.0104609816206e-11,1.2271968803415e-05,0,1.8583716191131e-11,1.2742292029148e-09
0.002060625,447.10423731029,146.71428068038,335.3626573547,0.97741707853608,0.97723458413469,0.99981571212164,1466502508.2326,0.00017410678278637,0.00060761342969268,0.00026125274306765,1.2002128601688,3.3610471067946e-05,3.3610471067946e-05,3.0670905492404e-05,3.0670905492404e-05,3.3610471067946e-05,0.42016943873236,0.42016943873236,0.42016943873236,0.33420561493271,0.33420561493271,0.33420561493271,3.0670905492404e-05,70.755024059083,2.572298122019e-16,1.1534726673262e-10,-4.5231324922131,-12.144788191122,-1.40061831597,-4.902812167683e-11,-4.1105231174018,-1.5795264241348,-1.1876901754434e-09,-14.056854476015,80.24428437086,528.0909287522,528.0909287522,528.09092581264,528.09092581264,528.0909287522,528.51106458046,528.51106458046,528.51106458046,528.42510075667,528.42510075667,528.42510075667,528.09092581264,254.91338981439,0.2497817822877,0.1728043120343,0.18564242462064,885.36040775114,-0.27738659011364,0.00099724887921486,0.00028852392976853,882.62939086833,-0.00051358801880156,-0.27759051586268,0.011743197695117,4.2497591298376e-24,0,0,7.7915253006095e-30,2.2845685076475e-20,8.6933873327369e-32,0,2.998955353634e-33,9.4388201450091e-31,0,8.2342132526487e-34,5.7166322935286e-32,5.8800242020705e-10,0,0,0.0015410534721765,0.010102765893923,2.6364954552825e-06,0,5.0104609816206e-11,1.2271968803415e-05,0,1.8583716191131e-11,1.2742292029148e-09
0.002065625,445.16816150267,146.26201446393,334.1879898319,0.97741707853608,0.97723458413469,0.99981571212164,1467834645.6072,0.00017452821056679,0.00060909275679814,0.00026176474148576,1.2007125669592,3.3507927622246e-05,3.3507927622246e-05,3.0575024836285e-05,3.0575024836285e-05,3.3507927622246e-05,0.41964934463299,0.41964934463299,0.41964934463299,0.33302379748243,0.33302379748243,0.33302379748243,3.0575024836285e-05,70.68374285521,2.4813226980219e-16,1.1535355969592e-10,-4.5362229733613,-12.178545545645,-1.4083930534376,-5.1049159311358e-11,-4.12371242432,-1.5877947791051,-1.2285734983562e-09,-14.093057010759,80.150679279654,528.09603202645,528.09603202645,528.09602909355,528.09602909355,528.09603202645,528.51564786315,528.51564786315,528.51564786315,528.429022316,528.429022316,528.429022316,528.09602909355,254.90341317271,0.25032278625596,0.17317413208487,0.18604961171453,885.43166416904,-0.27961132138126,0.0010242210502149,0.00029032766979645,882.69704195816,-0.0005191233685726,-0.27977635879879,0.011743197695117,4.1151728196829e-24,0,0,7.4343925261773e-30,2.1862371311813e-20,8.3129505121465e-32,0,2.8899029811776e-33,9.0360319368468e-31,0,7.9544778269719e-34,5.5153581345691e-32,5.8800242020706e-10,0,0,0.0015410534721765,0.010102765893923,2.6364954552825e-06,0,5.0104609816206e-11,1.2271968803415e-05,0,1.8583716191131e-11,1.2742292029148e-09
0.002070625,443.23735493893,145.81124242483,333.01645802513,0.97741707853608,0.97723458413469,0.99981571212164,1469157482.781,0.00017494937724784,0.00061057209800459,0.00026227595499044,1.2012122644222,3.3400456140419e-05,3.3400456140419e-05,3.0472315661022e-05,3.0472315661022e-05,3.3400456140419e-05,0.4191283945965,0.4191283945965,0.4191283945965,0.3318431146625,0.3318431146625,0.3318431146625,3.0472315661022e-05,70.612502431325,2.3931805904374e-16,1.1534414883447e-10,-4.5493103729638,-12.21223402456,-1.4161952603417,-5.314607808064e-11,-4.1369014270173,-1.59608898765,-1.2707662807401e-09,-14.129157405406,80.057132463846,528.10065336396,528.10065336396,528.10065043582,528.10065043582,528.10065336396,528.5197483581,528.5197483581,528.5197483581,528.43246307817,528.43246307817,528.43246307817,528.10065043582,254.8927521333,0.25086345457408,0.17354369143658,0.18645662379876,885.50189074569,-0.28184635963421,0.0010511802692098,0.00029212898247286,882.76366305987,-0.00052469233314333,-0.2819725016337,0.011743197695117,3.9850227538316e-24,0,0,7.0942922037321e-30,2.0922804586246e-20,7.9497410170187e-32,0,2.7850276940071e-33,8.6510147991109e-31,0,7.6848746975014e-34,5.3214074006823e-32,5.8800242020707e-10,0,0,0.0015410534721765,0.010102765893923,2.6364954552825e-06,0,5.0104609816206e-11,1.2271968803415e-05,0,1.8583716191131e-11,1.2742292029148e-09
0.002075625,441.3118357944,145.36196697363,331.84807255268,0.97741707853608,0.97723458413469,0.99981571212164,1470471038.1655,0.00017537028185837,0.00061205145321818,0.00026278638471266,1.2017119524366,3.328778872792e-05,3.328778872792e-05,3.0362539645997e-05,3.0362539645997e-05,3.328778872792e-05,0.41860659472489,0.41860659472489,0.41860659472489,0.33066358842444,0.33066358842444,0.33066358842444,3.0362539645997e-05,70.541303379725,2.3078002877348e-16,1.1531903759269e-10,-4.5623945566378,-12.245853040938,-1.424024939478,-5.5321339801626e-11,-4.1500899630654,-1.6044090480395,-1.3143053825737e-09,-14.165155119472,79.963644895067,528.10479595014,528.10479595014,528.10479302489,528.10479302489,528.10479595014,528.52336925708,528.52336925708,528.52336925708,528.43542625078,528.43542625078,528.43542625078,528.10479302489,254.88141186669,0.25140378754056,0.17391299031145,0.18686346110366,885.57109310034,-0.28409170316011,0.0010781260168557,0.00029392765181138,882.82925957215,-0.00053029450465647,-0.28417894443766,0.011743197695117,3.8591566010334e-24,0,0,6.7703804902195e-30,2.0024973368863e-20,7.6029564943251e-32,0,2.684161244941e-33,8.2829615167177e-31,0,7.425009767153e-34,5.1345043583238e-32,5.8800242020707e-10,0,0,0.0015410534721765,0.010102765893923,2.6364954552825e-06,0,5.0104609816206e-11,1.2271968803415e-05,0,1.8583716191131e-11,1.2742292029148e-09
0.002080625,439.39162178058,144.9141904089,330.68284376182,0.97741707853608,0.97723458413469,0.99981571212164,1471775330.5408,0.00017579092337164,0.00061353082234539,0.00026329603186792,1.2022116308818,3.3169600805506e-05,3.3169600805506e-05,3.0245291413815e-05,3.0245291413815e-05,3.3169600805506e-05,0.41808395113202,0.41808395113202,0.41808395113202,0.32948524053972,0.32948524053972,0.32948524053972,3.0245291413815e-05,70.470146287777,2.2251112918826e-16,1.1527823510056e-10,-4.5754753909121,-12.279402013356,-1.4318820923853,-5.7577469230569e-11,-4.1632778712717,-1.6127549577078,-1.3592285024255e-09,-14.201049620633,79.870217537735,528.10846294926,528.10846294926,528.10846002495,528.10846002495,528.10846294926,528.52651373079,528.52651373079,528.52651373079,528.4379150202,528.4379150202,528.4379150202,528.10846002495,254.86939752137,0.25194378545604,0.17428202893358,0.18727012385916,885.63927682131,-0.28634735029088,0.0011050584572735,0.0002957233652472,882.89383686262,-0.00053592954753307,-0.28639568756304,0.011743197695117,3.737427488573e-24,0,0,6.4618569035962e-30,1.9166961720043e-20,7.2718329905588e-32,0,2.5871424901043e-33,7.9311025290558e-31,0,7.1745054253347e-34,4.9543840350168e-32,5.8800242020708e-10,0,0,0.0015410534721765,0.010102765893923,2.6364954552825e-06,0,5.0104609816206e-11,1.2271968803415e-05,0,1.8583716191131e-11,1.2742292029148e-09
0.002085625,437.4767301488,144.46791491839,329.52078173094,0.97741707853608,0.97723458413469,0.99981571212164,1473070379.0506,0.00017621130075492,0.00061501020529312,0.00026380489771931,1.2027112996382,3.3045489694106e-05,3.3045489694106e-05,3.0119960497193e-05,3.0119960497193e-05,3.3045489694106e-05,0.41756046994335,0.41756046994335,0.41756046994335,0.32830809259926,0.32830809259926,0.32830809259926,3.0119960497193e-05,70.399031734738,2.1450441427223e-16,1.1522175637842e-10,-4.5885527435273,-12.312880367262,-1.439766719553,-5.9917055024899e-11,-4.1764649920919,-1.6211267134753,-1.4055741902727e-09,-14.236840385886,79.776851341859,528.11165750457,528.11165750457,528.11165457904,528.11165457904,528.11165750457,528.52918492902,528.52918492902,528.52918492902,528.43993255167,528.43993255167,528.43993255167,528.11165457904,254.8567142841,0.25248344862338,0.17465080752903,0.18767661229475,885.70644746727,-0.28861330017833,0.0011319753314304,0.00029751652011173,882.95740027018,-0.0005415982822864,-0.28862272933483,0.011743197695117,3.6196937982247e-24,0,0,6.167962014138e-30,1.834694459471e-20,6.9556430549791e-32,0,2.4938170804679e-33,7.5947041244883e-31,0,6.9329998231699e-34,4.7807917840687e-32,5.8800242020708e-10,0,0,0.0015410534721765,0.010102765893923,2.6364954552825e-06,0,5.0104609816206e-11,1.2271968803415e-05,0,1.8583716191131e-11,1.2742292029148e-09
0.002090625,435.56717769353,144.02314258002,328.36189627157,0.97741707853608,0.97723458413469,0.99981571212164,1474356203.2,0.0001766314130117,0.00061648960196858,0.0002643129834874,1.2032109585869,3.2914940310884e-05,3.2914940310884e-05,2.9985639930571e-05,2.9985639930571e-05,3.2914940310884e-05,0.41703615729565,0.41703615729565,0.41703615729565,0.32713216601297,0.32713216601297,0.32713216601297,2.9985639930571e-05,70.327960302541,2.06753044292e-16,1.151496221665e-10,-4.6016264832912,-12.346287532921,-1.4476788204533,-6.2342750686665e-11,-4.1896511672461,-1.6295243116076,-1.4533818603687e-09,-14.272526899698,79.683547260342,528.11438273838,528.11438273838,528.11437980908,528.11437980908,528.11438273838,528.53138598074,528.53138598074,528.53138598074,528.44148198946,528.44148198946,528.44148198946,528.11437980908,254.8433673162,0.25302277734755,0.1750193263259,0.18808292663947,885.77261056901,-0.29088955007755,0.0011588764864909,0.00029930707017562,883.01995510655,-0.0005472996967762,-0.29086006902822,0.011743197695117,3.5058189691396e-24,0,0,5.8879752665507e-30,1.7563183392116e-20,6.6536939383461e-32,0,2.4040371666973e-33,7.2730667235594e-31,0,6.7001461797385e-34,4.6134828655069e-32,5.8800242020709e-10,0,0,0.0015410534721765,0.010102765893923,2.6364954552825e-06,0,5.0104609816206e-11,1.2271968803415e-05,0,1.8583716191131e-11,1.2742292029148e-09
0.002095625,433.662980756,143.57987536307,327.20619693049,0.97741707853608,0.97723458413469,0.99981571212164,1475632822.8583,0.00017705125912357,0.00061796901227937,0.00026482029045154,1.2037106076098,3.2777266496338e-05,3.2777266496338e-05,2.9840924649253e-05,2.9840924649253e-05,3.2777266496338e-05,0.41651101933672,0.41651101933672,0.41651101933672,0.3259574820093,0.3259574820093,0.3259574820093,2.9840924649253e-05,70.256932563784,1.9925028716266e-16,1.1506185887343e-10,-4.6146964798352,-12.379622945684,-1.4556183936458,-6.4857275531893e-11,-4.2028362395297,-1.6379477478854,-1.5026918018513e-09,-14.308108654235,79.590306233076,528.11664175234,528.11664175234,528.116638816,528.116638816,528.11664175234,528.53311999441,528.53311999441,528.53311999441,528.44256645708,528.44256645708,528.44256645708,528.116638816,254.82936175247,0.25356177193565,0.17538758555425,0.18848906712197,885.83777162476,-0.29317609759826,0.0011857618213315,0.00030109474745185,883.08150665111,-0.00055303327003344,-0.29310770582758,0.011743197695117,3.3956713090662e-24,0,0,5.6212129170491e-30,1.6814021720271e-20,6.3653258818746e-32,0,2.3176611163836e-33,6.9655232463048e-31,0,6.4756121193762e-34,4.452222045931e-32,5.8800242020709e-10,0,0,0.0015410534721765,0.010102765893923,2.6364954552825e-06,0,5.0104609816206e-11,1.2271968803415e-05,0,1.8583716191131e-11,1.2742292029148e-09
0.002100625,431.76415522779,143.13811512928,326.05369299192,0.97741707853608,0.97723458413469,0.99981571212164,1476900258.2497,0.00017747083809912,0.00061944843613342,0.00026532681986038,1.2042102465896,3.263150165219e-05,3.263150165219e-05,2.9683413930324e-05,2.9683413930324e-05,3.263150165219e-05,0.41598506222509,0.41598506222509,0.41598506222509,0.32478406163492,0.32478406163492,0.32478406163492,2.9683413930324e-05,70.185949085911,1.9198952100706e-16,1.1495849866661e-10,-4.6277626039432,-12.412886047496,-1.4635854369429,-6.7463415592624e-11,-4.2160200531602,-1.6463970177698,-1.5535451916929e-09,-14.343585150941,79.497129191379,528.11843762734,528.11843762734,528.11843467925,528.11843467925,528.11843762734,528.53439005806,528.53439005806,528.53439005806,528.44318905747,528.44318905747,528.44318905747,528.11843467925,254.81470269104,0.2541004326969,0.1757555854461,0.18889503397041,885.90193610466,-0.29547294153488,0.0012126297330216,0.00030287952133626,883.14206015567,-0.0005588002668103,-0.29536563774942,0.011743197695117,3.2891238130572e-24,0,0,5.3670260857579e-30,1.6097881380304e-20,6.0899104979156e-32,0,2.2345532435908e-33,6.6714375630782e-31,0,6.2590790375455e-34,4.2967832156864e-32,5.880024202071e-10,0,0,0.0015410534721765,0.010102765893923,2.6364954552825e-06,0,5.0104609816206e-11,1.2271968803415e-05,0,1.8583716191131e-11,1.2742292029148e-09
0.002105625,429.87071655421,142.69786363386,324.90439347948,0.97741707853608,0.97723458413469,0.99981571212164,1478158529.9505,0.00017789014901937,0.00062092787343907,0.00026583257291368,1.2047098754097,3.2476169389141e-05,3.2476169389141e-05,2.950812245355e-05,2.950812245355e-05,3.2476169389141e-05,0.41545829212974,0.41545829212974,0.41545829212974,0.32361192575419,0.32361192575419,0.32361192575419,2.950812245355e-05,70.115010434189,1.8496423633519e-16,1.1483957926662e-10,-4.6408247273314,-12.446076284959,-1.4715799475155,-7.0164024625717e-11,-4.2292024536769,-1.654872116441,-1.6059841068498e-09,-14.378955898095,79.404017063646,528.11977342347,528.11977342347,528.11977045543,528.11977045543,528.11977342347,528.53519923943,528.53519923943,528.53519923943,528.44335287306,528.44335287306,528.44335287306,528.11977045543,254.79939523822,0.25463875994258,0.17612332623542,0.18930082741255,885.96510944822,-0.2977800787233,0.0012394800020747,0.00030466142839612,883.20162084247,-0.00056459933720146,-0.29763386328368,0.011743197695117,3.1860539893273e-24,0,0,5.124798916644e-30,1.5413258554754e-20,5.8268492321766e-32,0,2.1545835501066e-33,6.3902030189012e-31,0,6.0502414959253e-34,4.1469490214777e-32,5.880024202071e-10,0,0,0.0015410534721765,0.010102765893923,2.6364954552825e-06,0,5.0104609816206e-11,1.2271968803415e-05,0,1.8583716191131e-11,1.2742292029148e-09
0.002110625,427.98267973786,142.25912252666,323.75830715832,0.97741707853608,0.97723458413469,0.99981571212164,1479407658.8856,0.0001783091907776,0.00062240732410497,0.00026633755105831,1.2052094939545,3.2308711331572e-05,3.2308711331572e-05,2.929818342675e-05,2.929818342675e-05,3.2308711331572e-05,0.41493071522977,0.41493071522977,0.41493071522977,0.32244109504885,0.32244109504885,0.32244109504885,2.929818342675e-05,70.044117166209,1.7816803553814e-16,1.1470514413443e-10,-4.6538827227333,-12.47919310981,-1.479601921838,-7.2962024989265e-11,-4.2423832875607,-1.663373038842,-1.6600515361074e-09,-14.414220411583,79.310970773831,528.1206521797,528.1206521797,528.12064916917,528.12064916917,528.1206521797,528.53555058622,528.53555058622,528.53555058622,528.44306096604,528.44306096604,528.44306096604,528.12064916917,254.78344444358,0.25517675398605,0.1764908081581,0.1897064476757,886.02729706375,-0.30009750661225,0.0012663123435219,0.00030644016789545,883.26019390324,-0.00057043072024249,-0.29991238064467,0.011743197695117,3.0863436911915e-24,0,0,4.8939468358011e-30,1.4758720183424e-20,5.5755719016463e-32,0,2.0776274774072e-33,6.1212410312376e-31,0,5.8488066423642e-34,4.0025105135383e-32,5.880024202071e-10,0,0,0.0015410534721765,0.010102765893923,2.6364954552825e-06,0,5.0104609816206e-11,1.2271968803415e-05,0,1.8583716191131e-11,1.2742292029148e-09
0.002115625,426.1000593423,141.82189335324,322.61544253734,0.97741707853608,0.97723458413469,0.99981571212164,1480647666.3236,0.00017872796242909,0.0006238867880401,0.00026684175555376,1.2057091021092,3.212357701482e-05,3.212357701482e-05,2.9059526548197e-05,2.9059526548197e-05,3.212357701482e-05,0.41440233771415,0.41440233771415,0.41440233771415,0.3212715900177,0.3212715900177,0.3212715900177,2.9059526548197e-05,69.973269827294,1.7159463627252e-16,1.1455524228814e-10,-4.6669364637125,-12.512235977856,-1.4876513557825,-7.5860408787784e-11,-4.2555624022597,-1.6718997796876,-1.7157913924351e-09,-14.44937821237,79.217991257758,528.12107691206,528.12107691206,528.12107384801,528.12107384801,528.12107691206,528.5354471262,528.5354471262,528.5354471262,528.4423163785,528.4423163785,528.4423163785,528.12107384801,254.7668553162,0.25571441514274,0.17685803145198,0.19011189498674,886.08850432298,-0.30242522191913,0.0012931261704581,0.00030821623217583,883.31778449468,-0.00057629357906731,-0.30220118739364,0.011743197695117,2.9898789557435e-24,0,0,4.6739149057009e-30,1.4132900522177e-20,5.3355353103565e-32,0,2.0035656695629e-33,5.8639997549106e-31,0,5.6544936575235e-34,3.8632668083286e-32,5.8800242020711e-10,0,0,0.0015410534721765,0.010102765893923,2.6364954552825e-06,0,5.0104609816206e-11,1.2271968803415e-05,0,1.8583716191131e-11,1.2742292029148e-09
0.002120625,424.22286949554,141.38617755597,321.47580787122,0.97741707853608,0.97723458413469,0.99981571212164,1481878573.8671,0.00017914646317122,0.00062536626515382,0.00026734518749946,1.2062086997596,3.18994472221e-05,3.18994472221e-05,2.8913855403094e-05,2.8913855403094e-05,3.18994472221e-05,0.41387316578142,0.41387316578142,0.41387316578142,0.32010343097628,0.32010343097628,0.32010343097628,2.8913855403094e-05,69.902468977285,1.6523787141204e-16,1.1438992830893e-10,-4.6799858249501,-12.545204353604,-1.4957282450489,-7.8862238326333e-11,-4.2687396471316,-1.6804523338005,-1.7732485243125e-09,-14.484428832429,79.125079392921,528.12105060112,528.12105060112,528.12104761553,528.12104761553,528.12105060112,528.53489186746,528.53489186746,528.53489186746,528.44112213265,528.44112213265,528.44112213265,528.12104761553,254.74963281895,0.25625174373006,0.17722499635675,0.19051716957209,886.14873657679,-0.30476322171005,0.0013199216100027,0.00030998923897248,883.37439775238,-0.00058218767847402,-0.30450028175038,0.011743197695117,2.8965498505476e-24,0,0,4.4641762707185e-30,1.3534497883475e-20,5.1062219355317e-32,0,1.9322837474684e-33,5.6179528189664e-31,0,5.4670332286623e-34,3.7290247673054e-32,5.8800242020711e-10,0,0,0.0015410534721765,0.010102765893923,2.6364954552825e-06,0,5.0104609816206e-11,1.2271968803415e-05,0,1.8583716191131e-11,1.2742292029148e-09
0.002125625,422.35112389357,140.95197647512,320.33941116252,0.97741707853608,0.97723458413469,0.99981571212164,1483100403.4523,0.00017956469189502,0.00062684575535655,0.00026784784840361,1.206708286792,3.1668193083864e-05,3.1668193083864e-05,2.8757096295266e-05,2.8757096295266e-05,3.1668193083864e-05,0.41334320563931,0.41334320563931,0.41334320563931,0.31893663805651,0.31893663805651,0.31893663805651,2.8757096295266e-05,69.831715265873,1.5909169113721e-16,1.1420926233688e-10,-4.6930306819588,-12.578097726493,-1.5038325867366,-8.1970645114353e-11,-4.2819148773637,-1.6890306963059,-1.8324687139576e-09,-14.51937182596,79.032235772094,528.12057626092,528.12057626092,528.12057334982,528.12057334982,528.12057626092,528.53388779836,528.53388779836,528.53388779836,528.43948123078,528.43948123078,528.43948123078,528.12057334982,254.73178187493,0.25678874006715,0.17759170311376,0.1909222716578,886.20799918751,-0.30711150301882,0.0013466974176741,0.00031175891863982,883.43003882162,-0.00058811313049646,-0.30680966039908,0.011743197695117,2.8062503284832e-24,0,0,4.264230688007e-30,1.2962271542644e-20,4.8871386845997e-32,0,1.8636720945715e-33,5.3825981295641e-31,0,5.2861670527745e-34,3.5995986925019e-32,5.8800242020712e-10,0,0,0.0015410534721765,0.010102765893923,2.6364954552825e-06,0,5.0104609816206e-11,1.2271968803415e-05,0,1.8583716191131e-11,1.2742292029148e-09
0.002130625,420.48483580457,140.51929135016,319.20626016415,0.97741707853608,0.97723458413469,0.99981571212164,1484313177.3603,0.00017998264769817,0.00062832525855854,0.00026834973952695,1.207207863094,3.1523021202189e-05,3.1523021202189e-05,2.8586586646124e-05,2.8586586646124e-05,3.1523021202189e-05,0.41281246350403,0.41281246350403,0.41281246350403,0.31777123120722,0.31777123120722,0.31777123120722,2.8586586646124e-05,69.76100913598,1.5315016187028e-16,1.1401331010616e-10,-4.7060709133259,-12.610915553699,-1.5119643756049,-8.5188835062215e-11,-4.2950879436363,-1.6976348621544,-1.8934987048103e-09,-14.554206737266,78.939461558769,528.11965694602,528.11965694602,528.11965400959,528.11965400959,528.11965694602,528.5324378865,528.5324378865,528.5324378865,528.43739665421,528.43739665421,528.43739665421,528.11965400959,254.71330756953,0.25732540447536,0.17795815196641,0.19132720146941,886.26629743649,-0.30947006298315,0.001373453146339,0.00031352532728129,883.48471277178,-0.00059407041703535,-0.30912932047106,0.011743197695117,2.7188780742077e-24,0,0,4.0736031258511e-30,1.2415038751292e-20,4.6778156950963e-32,0,1.7976256425483e-33,5.1574566926964e-31,0,5.1116473329317e-34,3.4748100154473e-32,5.8800242020712e-10,0,0,0.0015410534721765,0.010102765893923,2.6364954552825e-06,0,5.0104609816206e-11,1.2271968803415e-05,0,1.8583716191131e-11,1.2742292029148e-09
0.002135625,418.62401807161,140.08812332053,318.07636238098,0.97741707853608,0.97723458413469,0.99981571212164,1485516918.1808,0.00018040032962664,0.0006298047746706,0.00026885086221156,1.2077074285535,3.137015279769e-05,3.137015279769e-05,2.8397489002669e-05,2.8397489002669e-05,3.137015279769e-05,0.41228094560044,0.41228094560044,0.41228094560044,0.31660723019279,0.31660723019279,0.31660723019279,2.8397489002669e-05,69.690350943634,1.4740746810119e-16,1.1380214267213e-10,-4.7191063993706,-12.643657281933,-1.5201236072515,-8.8520087079565e-11,-4.3082586998664,-1.7062648279492,-1.9563862259801e-09,-14.588933130448,78.846757679971,528.11829550608,528.11829550608,528.11829253342,528.11829253342,528.11829550608,528.53054508153,528.53054508153,528.53054508153,528.43487136612,528.43487136612,528.43487136612,528.11829253342,254.6942147335,0.25786173727786,0.17832434315985,0.19173195923206,886.32363661731,-0.31183889682693,0.0014001888693336,0.0003152886840285,883.53842468091,-0.00060005781306237,-0.31145925893748,0.011743197695117,2.6343343773875e-24,0,0,3.8918424573879e-30,1.1891671978061e-20,4.4778052246395e-32,0,1.734043679948e-33,4.9420715574825e-31,0,4.9432363395963e-34,3.3544870249417e-32,5.8800242020712e-10,0,0,0.0015410534721765,0.010102765893923,2.6364954552825e-06,0,5.0104609816206e-11,1.2271968803415e-05,0,1.8583716191131e-11,1.2742292029148e-09
0.002140625,416.76868311529,139.65847342626,316.94972507133,0.97741707853608,0.97723458413469,0.99981571212164,1486711648.8192,0.00018081773666424,0.00063128430360369,0.00026935121791175,1.2082069830597,3.1208517821139e-05,3.1208517821139e-05,2.8178463501679e-05,2.8178463501679e-05,3.1208517821139e-05,0.4117486581615,0.4117486581615,0.4117486581615,0.31544465459246,0.31544465459246,0.31544465459246,2.8178463501679e-05,69.619741405332,1.4185791197357e-16,1.1357583671784e-10,-4.7321370176244,-12.676322428086,-1.5283102761008,-9.1967754075476e-11,-4.3214269992776,-1.7149205882384,-2.0211799803489e-09,-14.623550561319,78.75412497155,528.11649486304,528.11649486304,528.11649183299,528.11649183299,528.11649486304,528.52821231268,528.52821231268,528.52821231268,528.43190830912,528.43190830912,528.43190830912,528.11649183299,254.67450839292,0.25839773879991,0.17869027694114,0.19213654517044,886.38002194237,-0.3142180011444,0.0014269047625114,0.00031704870574762,883.5911795521,-0.00060607533223166,-0.31379947295387,0.011743197695117,2.552523989913e-24,0,0,3.7185202059823e-30,1.1391096212295e-20,4.2866805653661e-32,0,1.6728296566405e-33,4.7360067446951e-31,0,4.7807059485544e-34,3.2384645844419e-32,5.8800242020713e-10,0,0,0.0015410534721765,0.010102765893923,2.6364954552825e-06,0,5.0104609816206e-11,1.2271968803415e-05,0,1.8583716191131e-11,1.2742292029148e-09
0.002145625,414.91884293897,139.23034260979,315.82635525018,0.97741707853608,0.97723458413469,0.99981571212164,1487897392.477,0.00018123486793026,0.00063276384526914,0.00026985080792341,1.2087065265026,3.1036585502307e-05,3.1036585502307e-05,2.7860778051278e-05,2.7860778051278e-05,3.1036585502307e-05,0.41121560742821,0.41121560742821,0.41121560742821,0.3142835238011,0.3142835238011,0.3142835238011,2.7860778051278e-05,69.549181021748,1.3649591445603e-16,1.1333447410619e-10,-4.7451626473325,-12.7089104783,-1.5365243765177,-9.553526362742e-11,-4.3345926966981,-1.7236021378808,-2.0879296802664e-09,-14.658058595753,78.661564288702,528.11425792086,528.11425792086,528.11425474505,528.11425474505,528.11425792086,528.5254424917,528.5254424917,528.5254424917,528.42851040808,528.42851040808,528.42851040808,528.11425474505,254.65419317596,0.25893340936865,0.17905595355918,0.19254095950878,886.43545860186,-0.31660737163854,0.0014535997097154,0.00031880545089417,883.64298236766,-0.00061212276666157,-0.31614995815273,0.011743197695117,2.4733550047895e-24,0,0,3.5532293728049e-30,1.0912286458144e-20,4.1040350393044e-32,0,1.6138910065328e-33,4.5388462784493e-31,0,4.6238372343696e-34,3.1265838766598e-32,5.8800242020713e-10,0,0,0.0015410534721765,0.010102765893923,2.6364954552825e-06,0,5.0104609816206e-11,1.2271968803415e-05,0,1.8583716191131e-11,1.2742292029148e-09
0.002150625,413.07450913232,138.80373171702,314.70625969128,0.97741707853608,0.97723458413469,0.99981571212164,1489074172.6499,0.00018165172247445,0.00063424339957851,0.00027034963364062,1.209206058773,3.0852000452706e-05,3.0852000452706e-05,2.765015717737e-05,2.765015717737e-05,3.0852000452706e-05,0.41068179964927,0.41068179964927,0.41068179964927,0.31312385702905,0.31312385702905,0.31312385702905,2.765015717737e-05,69.478670276736,1.3131601314501e-16,1.1307814187959e-10,-4.7581831689786,-12.741420919675,-1.5447659016384,-9.9226119046635e-11,-4.3477556460028,-1.7323094713376,-2.1566861365666e-09,-14.692456799243,78.569076612017,528.11158756347,528.11158756347,528.11158436162,528.11158436162,528.11158756347,528.52223851112,528.52223851112,528.52223851112,528.4246805685,528.4246805685,528.4246805685,528.11158436162,254.63327368952,0.25946874931328,0.17942137326471,0.19294520247084,886.48995174475,-0.31900700492115,0.0014802738863392,0.00032055864695613,883.69383807082,-0.00061820045945497,-0.31851071126074,0.011743197695117,2.396738730429e-24,0,0,3.3955833205079e-30,1.0454265324727e-20,3.9294810287084e-32,0,1.5571389723365e-33,4.3501932426217e-31,0,4.472420062113e-34,3.0186921494255e-32,5.8800242020713e-10,0,0,0.0015410534721765,0.010102765893923,2.6364954552825e-06,0,5.0104609816206e-11,1.2271968803415e-05,0,1.8583716191131e-11,1.2742292029148e-09
0.002155625,411.23569287497,138.37864149842,313.58944492936,0.97741707853608,0.97723458413469,0.99981571212164,1490242013.0993,0.00018206829936365,0.00063572296644432,0.00027084769645447,1.2097055797616,3.0650715851676e-05,3.0650715851676e-05,2.7449149360594e-05,2.7449149360594e-05,3.0650715851676e-05,0.41014724108095,0.41014724108095,0.41014724108095,0.31196567330184,0.31196567330184,0.31196567330184,2.7449149360594e-05,69.408209751203,1.2631286659623e-16,1.1280693319401e-10,-4.7711984654694,-12.773853270676,-1.553034850052,-1.0304389925571e-10,-4.3609157137613,-1.7410425862065,-2.2275008103322e-09,-14.726744785165,78.476662315403,528.10848665493,528.10848665493,528.10848345336,528.10848345336,528.10848665493,528.5186032453,528.5186032453,528.5186032453,528.42042167752,528.42042167752,528.42042167752,528.10848345336,254.61175426199,0.26000375896425,0.17978653630982,0.19334927428004,886.54350657891,-0.3214168960177,0.0015069265002,0.00032230868852555,883.74375165602,-0.00062430757572953,-0.32088172765115,0.011743197695117,2.3225895906768e-24,0,0,3.245214726248e-30,1.001610077595e-20,3.7626490813256e-32,0,1.5024884511478e-33,4.1696688948181e-31,0,4.3262527407139e-34,2.9146424936966e-32,5.8800242020714e-10,0,0,0.0015410534721765,0.010102765893923,2.6364954552825e-06,0,5.0104609816206e-11,1.2271968803415e-05,0,1.8583716191131e-11,1.2742292029148e-09
0.002160625,409.40240493887,137.95507260952,312.47591726125,0.97741707853608,0.97723458413469,0.99981571212164,1491400937.9279,0.00018248459774744,0.00063720254577916,0.00027134499766513,1.2102050893608,3.0424327890817e-05,3.0424327890817e-05,2.7278963921541e-05,2.7278963921541e-05,3.0424327890817e-05,0.40961193798577,0.40961193798577,0.40961193798577,0.31080899145962,0.31080899145962,0.31080899145962,2.7278963921541e-05,69.337799942321,1.2148125025142e-16,1.125209458285e-10,-4.7842084220907,-12.806207035417,-1.5613312169266,-1.0699226117687e-10,-4.3740727600701,-1.7498014784541,-2.3004263731552e-09,-14.760922143327,78.38432247532,528.10495803348,528.10495803348,528.10495488811,528.10495488811,528.10495803348,528.51453954714,528.51453954714,528.51453954714,528.41573660061,528.41573660061,528.41573660061,528.10495488811,254.58964046634,0.26053843865417,0.18015144294855,0.19375317515929,886.59612821476,-0.32383703992647,0.001533557739693,0.00032405528584173,883.79272802787,-0.00063044347884526,-0.32326300323615,0.011743197695117,2.2508249865802e-24,0,0,3.1017745680413e-30,9.5969038978519e-21,3.6031870087987e-32,0,1.4498578208938e-33,3.9969118028455e-31,0,4.185141606185e-34,2.8142935871325e-32,5.8800242020714e-10,0,0,0.0015410534721765,0.010102765893923,2.6364954552825e-06,0,5.0104609816206e-11,1.2271968803415e-05,0,1.8583716191131e-11,1.2742292029148e-09
0.002165625,407.57465569282,137.53302561243,311.36568274876,0.97741707853608,0.97723458413469,0.99981571212164,1492550971.5098,0.00018290061657444,0.00063868213749613,0.00027184153885936,1.2107045874634,3.0145291118127e-05,3.0145291118127e-05,2.7157255365451e-05,2.7157255365451e-05,3.0145291118127e-05,0.4090758966329,0.4090758966329,0.4090758966329,0.30965383015728,0.30965383015728,0.30965383015728,2.7157255365451e-05,69.267441378177,1.1681605662914e-16,1.1222028210051e-10,-4.7972129242615,-12.838481730673,-1.5696549969527,-1.1107493928682e-10,-4.3872266464086,-1.7585861441942,-2.3755166121531e-09,-14.794988475862,78.292057838143,528.10100450171,528.10100450171,528.10100151367,528.10100151367,528.10100450171,528.51005025305,528.51005025305,528.51005025305,528.41062818658,528.41062818658,528.41062818658,528.10100151367,254.56693709104,0.26107278871741,0.18051609343666,0.19415690533108,886.64782174643,-0.32626743193744,0.0015601669327551,0.00032579851561066,883.84077207902,-0.00063660790029798,-0.32565453314409,0.011743197695117,2.1813651978939e-24,0,0,2.9649311881978e-30,9.1958268728901e-21,3.4507590727885e-32,0,1.3991687956857e-33,3.8315770335133e-31,0,4.048900694154e-34,2.7175094834081e-32,5.8800242020714e-10,0,0,0.0015410534721765,0.010102765893923,2.6364954552825e-06,0,5.0104609816206e-11,1.2271968803415e-05,0,1.8583716191131e-11,1.2742292029148e-09
0.002170625,405.7524551063,137.11250097696,310.2587472209,0.97741707853608,0.97723458413469,0.99981571212164,1493692138.4721,0.000183316354979,0.0006401617415087,0.00027233732139285,1.2112040739629,2.9813565240319e-05,2.9813565240319e-05,2.7024384619459e-05,2.7024384619459e-05,2.9813565240319e-05,0.40853912329773,0.40853912329773,0.40853912329773,0.30850020786459,0.30850020786459,0.30850020786459,2.7024384619459e-05,69.197134613099,1.1231229517091e-16,1.1190504968865e-10,-4.8102118577243,-12.870676885471,-1.5780061849335,-1.1529574680946e-10,-4.4003772353707,-1.767396579436,-2.4528263177063e-09,-14.828943391391,78.199869167357,528.09662887105,528.09662887105,528.09662608187,528.09662608187,528.09662887105,528.50513818078,528.50513818078,528.50513818078,528.40509926535,528.40509926535,528.40509926535,528.09662608187,254.54364838933,0.26160680949012,0.18088048803156,0.19456046501744,886.69859223799,-0.3287080671179,0.0015867545593481,0.00032753773286437,883.88788867353,-0.00064280090889822,-0.32805631317656,0.011743197695117,2.1141332779935e-24,0,0,2.8343693978025e-30,8.8120610140153e-21,3.3050451966969e-32,0,1.3503462821125e-33,3.6733353888642e-31,0,3.9173514078636e-34,2.6241594004346e-32,5.8800242020715e-10,0,0,0.0015410534721765,0.010102765893923,2.6364954552825e-06,0,5.0104609816206e-11,1.2271968803415e-05,0,1.8583716191131e-11,1.2742292029148e-09
0.002175625,403.93581275306,136.69349908172,309.15511627607,0.97741707853608,0.97723458413469,0.99981571212164,1494824463.6923,0.00018373181199857,0.00064164135773058,0.00027283234676854,1.2117035487542,2.9611485646355e-05,2.9611485646355e-05,2.6856708464573e-05,2.6856708464573e-05,2.9611485646355e-05,0.40800162426161,0.40800162426161,0.40800162426161,0.30734814286609,0.30734814286609,0.30734814286609,2.6856708464573e-05,69.126880102576,1.0796509137511e-16,1.1157536194833e-10,-4.8232051086275,-12.902792014043,-1.5863847752366,-1.1965857731351e-10,-4.4135243889557,-1.7762327800246,-2.5324113433927e-09,-14.862786495779,78.107757392187,528.09183411727,528.09183411727,528.0918313625,528.0918313625,528.09183411727,528.49980613005,528.49980613005,528.49980613005,528.39915264865,528.39915264865,528.39915264865,528.0918313625,254.51977862527,0.26214050131038,0.18124462699251,0.19496385443995,886.74844469744,-0.33115894006586,0.0016133197278136,0.0003292734239837,883.93408262125,-0.0006490219012975,-0.33046833770024,0.011743197695117,2.0490549517845e-24,0,0,2.7097896275224e-30,8.4448348863865e-21,3.1657402163903e-32,0,1.3033182407202e-33,3.5218726609688e-31,0,3.7903221977303e-34,2.5341175153758e-32,5.8800242020715e-10,0,0,0.0015410534721765,0.010102765893923,2.6364954552825e-06,0,5.0104609816206e-11,1.2271968803415e-05,0,1.8583716191131e-11,1.2742292029148e-09
0.002180625,402.1247378148,136.27602021518,308.05479528415,0.97741707853608,0.97723458413469,0.99981571212164,1495947972.2791,0.00018414698673103,0.00064312098607622,0.00027332661642517,1.2122030117321,2.9415474309335e-05,2.9415474309335e-05,2.6728837172817e-05,2.6728837172817e-05,2.9415474309335e-05,0.40746340581169,0.40746340581169,0.40746340581169,0.30619765326089,0.30619765326089,0.30619765326089,2.6728837172817e-05,69.056678026873,1.0376968658626e-16,1.1123133773953e-10,-4.8361925715787,-12.934826570269,-1.5947907653346,-1.2416740553966e-10,-4.4266679784079,-1.7850947457259,-2.6143288432853e-09,-14.896517425783,78.015723425113,528.08662289278,528.08662289278,528.08662020614,528.08662020614,528.08662289278,528.49405688311,528.49405688311,528.49405688311,528.39279113056,528.39279113056,528.39279113056,528.08662020614,254.4953321188,0.26267386451777,0.18160851058027,0.19536707381977,886.79738416961,-0.33362004496415,0.0016398623056945,0.00033100549181532,883.97935876107,-0.00065527026642661,-0.33289060148219,0.011743197695117,1.9860585304983e-24,0,0,2.5909071322351e-30,8.0934125735426e-21,3.0325531817544e-32,0,1.2580155600464e-33,3.3768889516666e-31,0,3.6676482787855e-34,2.4472627800908e-32,5.8800242020715e-10,0,0,0.0015410534721765,0.010102765893923,2.6364954552825e-06,0,5.0104609816206e-11,1.2271968803415e-05,0,1.8583716191131e-11,1.2742292029148e-09
0.002185625,400.31923908491,135.86006457665,306.9577893888,0.97741707853608,0.97723458413469,0.99981571212164,1497062689.6184,0.00018456187834582,0.00064460062646083,0.00027382013172295,1.2127024627923,2.9296804889993e-05,2.9296804889993e-05,2.6611802629864e-05,2.6611802629864e-05,2.9296804889993e-05,0.40692447424023,0.40692447424023,0.40692447424023,0.30504875696234,0.30504875696234,0.30504875696234,2.6611802629864e-05,68.986529100925,9.972143694079e-17,1.1087310059922e-10,-4.8491741342631,-12.966780146606,-1.6032241515625,-1.2882628290943e-10,-4.4398078711158,-1.7939824737091,-2.6986366922273e-09,-14.93013581341,77.92376785765,528.08099802492,528.08099802492,528.08099533992,528.08099533992,528.08099802492,528.48789320236,528.48789320236,528.48789320236,528.38601748508,528.38601748508,528.38601748508,528.08099533992,254.47031400535,0.26320689945361,0.18197213905723,0.19577012337763,886.84541564286,-0.33609137640394,0.001666381757382,0.0003327339488062,884.02372188246,-0.00066154598591786,-0.33532309868327,0.011743197695117,1.9250748016814e-24,0,0,2.4774512240449e-30,7.7570919428118e-21,2.9052066634126e-32,0,1.2143719234088e-33,3.2380979941579e-31,0,3.5491713124388e-34,2.3634787206638e-32,5.8800242020716e-10,0,0,0.0015410534721765,0.010102765893923,2.6364954552825e-06,0,5.0104609816206e-11,1.2271968803415e-05,0,1.8583716191131e-11,1.2742292029148e-09
0.002190625,398.51932497141,135.44563227718,305.86410350899,0.97741707853608,0.97723458413469,0.99981571212164,1498168641.3321,0.00018497648606317,0.00064608027879988,0.00027431289396914,1.2132019018316,2.9174263883514e-05,2.9174263883514e-05,2.6490660227014e-05,2.6490660227014e-05,2.9174263883514e-05,0.40638483584435,0.40638483584435,0.40638483584435,0.3039014716979,0.3039014716979,0.3039014716979,2.6490660227014e-05,68.916433672757,9.5815811740724e-17,1.1050077959563e-10,-4.862149688496,-12.998652254991,-1.6116849303425,-1.3363934498791e-10,-4.4529439352919,-1.8028959620146,-2.7853938924473e-09,-14.963641303872,77.831891572779,528.07496217169,528.07496217169,528.07495948808,528.07495948808,528.07496217169,528.48131783327,528.48131783327,528.48131783327,528.37883446912,528.37883446912,528.37883446912,528.07495948808,254.44472892893,0.26373960646091,0.18233551268743,0.19617300333382,886.89254408116,-0.33857292853077,0.0016928780354519,0.00033445834077047,884.0671767545,-0.00066784914716551,-0.33776582372616,0.011743197695117,1.8660369469912e-24,0,0,2.3691645567048e-30,7.4352030718283e-21,2.7834361180394e-32,0,1.1723236920971e-33,3.1052265140713e-31,0,3.4347391445238e-34,2.2826532636725e-32,5.8800242020716e-10,0,0,0.0015410534721765,0.010102765893923,2.6364954552825e-06,0,5.0104609816206e-11,1.2271968803415e-05,0,1.8583716191131e-11,1.2742292029148e-09
0.002195625,396.7250035003,135.0327233404,304.77374234106,0.97741707853608,0.97723458413469,0.99981571212164,1499265853.2613,0.00018539080890391,0.0006475599430089,0.00027480490475719,1.2137013287475,2.9047722309485e-05,2.9047722309485e-05,2.6365231255957e-05,2.6365231255957e-05,2.9047722309485e-05,0.40584449692567,0.40584449692567,0.40584449692567,0.30275581500882,0.30275581500882,0.30275581500882,2.6365231255957e-05,68.846392348959,9.2048392298776e-17,1.1011450601761e-10,-4.8751191247205,-13.030442465272,-1.6201730969681,-1.3861081130613e-10,-4.4660760387538,-1.8118352074851,-2.8746606448936e-09,-14.997033532426,77.740095333002,528.06851805417,528.06851805417,528.06851537167,528.06851537167,528.06851805417,528.47433350337,528.47433350337,528.47433350337,528.37124482145,528.37124482145,528.37124482145,528.06851537167,254.41858115434,0.26427198588454,0.18269863173665,0.19657571390812,886.93877438132,-0.34106469463023,0.0017193512735325,0.00033617879883635,884.1097280835,-0.00067417850398239,-0.34021877086701,0.011743197695117,1.8088804524056e-24,0,0,2.2658024417196e-30,7.1271066988425e-21,2.6669892738183e-32,0,1.1318097891762e-33,2.9780136236375e-31,0,3.3242055340956e-34,2.2046785598308e-32,5.8800242020716e-10,0,0,0.0015410534721765,0.010102765893923,2.6364954552825e-06,0,5.0104609816206e-11,1.2271968803415e-05,0,1.8583716191131e-11,1.2742292029148e-09
0.002200625,394.93628232044,134.6213377042,303.68671036171,0.97741707853608,0.97723458413469,0.99981571212164,1500354351.4449,0.00018580484598721,0.0006490396190038,0.00027529616556328,1.2142007434385,2.8917038252859e-05,2.8917038252859e-05,2.6235315393406e-05,2.6235315393406e-05,2.8917038252859e-05,0.4053034637904,0.4053034637904,0.4053034637904,0.30161180425087,0.30161180425087,0.30161180425087,2.6235315393406e-05,68.776405577037,8.8414870753926e-17,1.0971442326388e-10,-4.8880823350088,-13.062150322184,-1.6286886472145,-1.4374498431588e-10,-4.4792040514298,-1.8208002073868,-2.9664982265904e-09,-15.030312147077,77.648379873476,528.06166837717,528.06166837717,528.06166569545,528.06166569545,528.06166837717,528.46694292393,528.46694292393,528.46694292393,528.36325126439,528.36325126439,528.36325126439,528.06166569545,254.39187472992,0.26480403807096,0.18306149647222,0.19697825531992,886.98411142478,-0.34356666793156,0.0017458008618444,0.00033789535518374,884.15138056207,-0.00068053353378815,-0.342681933333,0.011743197695117,1.7535430290579e-24,0,0,2.1671322066883e-30,6.8321928070162e-21,2.5556255515828e-32,0,1.092771592382e-33,2.8562102536562e-31,0,3.2174299110772e-34,2.1294508235016e-32,5.8800242020716e-10,0,0,0.0015410534721765,0.010102765893923,2.6364954552825e-06,0,5.0104609816206e-11,1.2271968803415e-05,0,1.8583716191131e-11,1.2742292029148e-09
0.002205625,393.15316870698,134.21147522164,302.60301182995,0.97741707853608,0.97723458413469,0.99981571212164,1501434162.118,0.00018621859638482,0.00065051930670096,0.00027578667793684,1.2147001458037,2.8782054969825e-05,2.8782054969825e-05,2.6100686596469e-05,2.6100686596469e-05,2.8782054969825e-05,0.40476174274887,0.40476174274887,0.40476174274887,0.30046945659426,0.30046945659426,0.30046945659426,2.6100686596469e-05,68.706473807262,8.4911049051452e-17,1.093006707143e-10,-4.9010392134449,-13.09377537725,-1.6372315773018,-1.4904625028028e-10,-4.4923278452604,-1.8297909593919,-3.0609690176848e-09,-15.06347680479,77.556745931641,528.05441582768,528.05441582768,528.05441314632,528.05441314632,528.05441582768,528.45914878838,528.45914878838,528.45914878838,528.35485650222,528.35485650222,528.35485650222,528.05441314632,254.36461382664,0.26533576336827,0.18342410716304,0.19738062778813,887.0285600724,-0.34607884195584,0.0017722266460226,0.00033960794503809,884.19213886365,-0.0006869140770994,-0.34515530466972,0.011743197695117,1.6999645331189e-24,0,0,2.0729325835829e-30,6.5498792139523e-21,2.4491155130534e-32,0,1.0551528295148e-33,2.73957860787e-31,0,3.1142771364898e-34,2.0568701741488e-32,5.8800242020717e-10,0,0,0.0015410534721765,0.010102765893923,2.6364954552825e-06,0,5.0104609816206e-11,1.2271968803415e-05,0,1.8583716191131e-11,1.2742292029148e-09
0.002210625,391.37566956485,133.80313566192,301.52265078919,0.97741707853608,0.97723458413469,0.99981571212164,1502505311.7049,0.00018663205923493,0.00065199900601716,0.00027627644336809,1.2151995357427,2.8642598566874e-05,2.8642598566874e-05,2.5961087836717e-05,2.5961087836717e-05,2.8642598566874e-05,0.40421934011521,0.40421934011521,0.40421934011521,0.29932878902345,0.29932878902345,0.29932878902345,2.5961087836717e-05,68.63659749193,8.1532837643251e-17,1.0887339726811e-10,-4.9139896556385,-13.125317188179,-1.6458018838422,-1.5451908003676e-10,-4.5054472939222,-1.8388074614718,-3.1581365179385e-09,-15.096527170374,77.465194246149,528.04676307519,528.04676307519,528.04676039368,528.04676039368,528.04676307519,528.4509537727,528.4509537727,528.4509537727,528.34606322161,528.34606322161,528.34606322161,528.04676039368,254.33680259755,0.26586716212614,0.18378646407955,0.19778283153123,887.07212516094,-0.34860120943277,0.0017986287733152,0.00034131653433377,884.23200763976,-0.00069331933998319,-0.34763887834339,0.011743197695117,1.6480868884501e-24,0,0,1.9829931297586e-30,6.2796102818053e-21,2.3472403328163e-32,0,1.0188994786377e-33,2.6278916373307e-31,0,3.0146172732177e-34,1.9868404837426e-32,5.8800242020717e-10,0,0,0.0015410534721765,0.010102765893923,2.6364954552825e-06,0,5.0104609816206e-11,1.2271968803415e-05,0,1.8583716191131e-11,1.2742292029148e-09
0.002215625,389.60379143234,133.39631871142,300.44563106929,0.97741707853608,0.97723458413469,0.99981571212164,1503567826.8179,0.00018704523378305,0.00065347871686963,0.00027676546321476,1.2156989131563,2.8498475145217e-05,2.8498475145217e-05,2.5816224250012e-05,2.5816224250012e-05,2.8498475145217e-05,0.403676262207,0.403676262207,0.403676262207,0.29818981833712,0.29818981833712,0.29818981833712,2.5816224250012e-05,68.566777073975,7.8276253582412e-17,1.0843275662705e-10,-4.9269335583668,-13.156775318076,-1.6543995637206,-1.6016802972001e-10,-4.5185622723707,-1.8478497117878,-3.2580653546732e-09,-15.129462916127,77.373725542478,528.03871277198,528.03871277198,528.03871008973,528.03871008973,528.03871277198,528.44236053571,528.44236053571,528.44236053571,528.33687409184,528.33687409184,528.33687409184,528.03871008973,254.30844527111,0.26639823469585,0.18414856749374,0.19818486676724,887.11481149784,-0.35113376326415,0.0018250066182351,0.00034302110684959,884.27099151516,-0.00069974921657926,-0.3501326470408,0.011743197695117,1.5978540125124e-24,0,0,1.8971136783944e-30,6.0208556572728e-21,2.2497912982512e-32,0,9.8395967259808e-34,2.5209325458995e-31,0,2.9183253675126e-34,1.9192692310105e-32,5.8800242020717e-10,0,0,0.0015410534721765,0.010102765893923,2.6364954552825e-06,0,5.0104609816206e-11,1.2271968803415e-05,0,1.8583716191131e-11,1.2742292029148e-09
0.002220625,387.83754048474,132.99102397471,299.37195628873,0.97741707853608,0.97723458413469,0.99981571212164,1504621734.2423,0.00018745811907175,0.00065495843917606,0.00027725373911362,1.2161982779456,2.8349467259671e-05,2.8349467259671e-05,2.5665754065408e-05,2.5665754065408e-05,2.8349467259671e-05,0.40313251534496,0.40313251534496,0.40313251534496,0.29705256114817,0.29705256114817,0.29705256114817,2.5665754065408e-05,68.497012994682,7.5137419245999e-17,1.0797890719077e-10,-4.9398708198409,-13.188149336037,-1.6630246140705,-1.659977414421e-10,-4.531672657092,-1.8569177086827,-3.3608212922934e-09,-15.16228372225,77.282340542772,528.03026755321,528.03026755321,528.0302648695,528.0302648695,528.03026755321,528.43337171909,528.43337171909,528.43337171909,528.3272917649,528.3272917649,528.3272917649,528.0302648695,254.2795459762,0.26692898143023,0.18451041767913,0.19858673371377,887.15662386545,-0.35367649667096,0.0018513596755357,0.00034472131945363,884.30909509155,-0.00070620397238061,-0.35263660338777,0.011743197695117,1.5492117449442e-24,0,0,1.8151038193729e-30,5.7731090869929e-21,2.1565693324181e-32,0,9.5028360812153e-34,2.4184943134634e-31,0,2.8252812410664e-34,1.8540673612944e-32,5.8800242020717e-10,0,0,0.0015410534721765,0.010102765893923,2.6364954552825e-06,0,5.0104609816206e-11,1.2271968803415e-05,0,1.8583716191131e-11,1.2742292029148e-09
0.002225625,386.07692253797,132.58725097557,298.30162985672,0.97741707853608,0.97723458413469,0.99981571212164,1505667060.9315,0.00018787071428585,0.00065643817285455,0.00027774127253746,1.2166976300127,2.8195329479191e-05,2.8195329479191e-05,2.5509276329632e-05,2.5509276329632e-05,2.8195329479191e-05,0.40258810585263,0.40258810585263,0.40258810585263,0.29591703388372,0.29591703388372,0.29591703388372,2.5509276329632e-05,68.427305689303,7.211256029794e-17,1.0751201168479e-10,-4.9528013392777,-13.219438815043,-1.6716770322796,-1.7201294389345e-10,-4.5447783258681,-1.8660114505304,-3.4664712402841e-09,-15.194989273369,77.191039957877,528.02143003715,528.02143003715,528.0214273511,528.0214273511,528.02143003715,528.42398994767,528.42398994767,528.42398994767,528.31731887571,528.31731887571,528.31731887571,528.0214273511,254.25010880088,0.26745940268365,0.18487201491071,0.19898843258795,887.1975670157,-0.35622940107093,0.0018776879684647,0.00034641760104546,884.34632294361,-0.00071268215792943,-0.35515073987469,0.011743197695117,1.5021077788782e-24,0,0,1.7367824066111e-30,5.5358872851359e-21,2.0673845398942e-32,0,9.1782345887821e-34,2.3203792454286e-31,0,2.7353692921835e-34,1.7911491518398e-32,5.8800242020717e-10,0,0,0.0015410534721765,0.010102765893923,2.6364954552825e-06,0,5.0104609816206e-11,1.2271968803415e-05,0,1.8583716191131e-11,1.2742292029148e-09
0.002230625,384.32194305229,132.18499915807,297.2346549754,0.97741707853608,0.97723458413469,0.99981571212164,1506703833.9936,0.00018828301861803,0.00065791791782365,0.0002782280649648,1.2171969692604,2.8035782750885e-05,2.8035782750885e-05,2.5346313863421e-05,2.5346313863421e-05,2.8035782750885e-05,0.4020430400561,0.4020430400561,0.4020430400561,0.29478325278518,0.29478325278518,0.29478325278518,2.5346313863421e-05,68.357655589107,6.9198004543505e-17,1.0703223810729e-10,-4.9657250171834,-13.250643334075,-1.6803568159029,-1.7821845306081e-10,-4.557879157653,-1.8751309358221,-3.5750832604847e-09,-15.227579262817,77.099824494995,528.01220282518,528.01220282518,528.01220013571,528.01220013571,528.01220282518,528.41421782945,528.41421782945,528.41421782945,528.30695804218,528.30695804218,528.30695804218,528.01220013571,254.22013788458,0.26798949881199,0.18523335946497,0.19938996360649,887.23764567521,-0.35879246841244,0.0019039915603191,0.00034810953905393,884.38267962288,-0.00071918347177843,-0.35767504877682,0.011743197695117,1.4564915948481e-24,0,0,1.6619770910316e-30,5.3087288603512e-21,1.9820557761501e-32,0,8.8653329252047e-34,2.2263985440885e-31,0,2.6484783063114e-34,1.7304320831142e-32,5.8800242020718e-10,0,0,0.0015410534721765,0.010102765893923,2.6364954552825e-06,0,5.0104609816206e-11,1.2271968803415e-05,0,1.8583716191131e-11,1.2742292029148e-09
0.002235625,382.57260713594,131.78426788757,296.17103464198,0.97741707853608,0.97723458413469,0.99981571212164,1507732080.6871,0.00018869503110227,0.00065939767400234,0.00027871411809028,1.2176962955922,2.7870507140237e-05,2.7870507140237e-05,2.517628885581e-05,2.517628885581e-05,2.7870507140237e-05,0.40149732428372,0.40149732428372,0.40149732428372,0.29365123390829,0.29365123390829,0.29365123390829,2.517628885581e-05,68.288063117252,6.6390179835966e-17,1.0653975939921e-10,-4.9786417552045,-13.281762477058,-1.6890639627367,-1.846191727877e-10,-4.5709750327095,-1.8842761630874,-3.6867265750315e-09,-15.260053389972,77.008694848759,528.00258850203,528.00258850203,528.00258580781,528.00258580781,528.00258850203,528.40405795581,528.40405795581,528.40405795581,528.29621186543,528.29621186543,528.29621186543,528.00258580781,254.18963722635,0.26851927017264,0.18559445161988,0.19979132698562,887.27686454148,-0.36136569066951,0.0019302696737513,0.0003497968954039,884.41816965455,-0.00072570755439621,-0.3602095218856,0.011743197695117,1.4123143972751e-24,0,0,1.5905238779743e-30,5.0911932909232e-21,1.9004102355512e-32,0,8.563689914013e-34,2.1363718967958e-31,0,2.5645012751068e-34,1.6718367150196e-32,5.8800242020718e-10,0,0,0.0015410534721765,0.010102765893923,2.6364954552825e-06,0,5.0104609816206e-11,1.2271968803415e-05,0,1.8583716191131e-11,1.2742292029148e-09
0.002240625,380.82891954873,131.38505645174,295.1107716508,0.97741707853608,0.97723458413469,0.99981571212164,1508751828.407,0.00018910675097872,0.00066087744131005,0.00027919943335001,1.2181956089124,2.7699132324117e-05,2.7699132324117e-05,2.4998486575495e-05,2.4998486575495e-05,2.7699132324117e-05,0.40095096486581,0.40095096486581,0.40095096486581,0.29252099312309,0.29252099312309,0.29252099312309,2.4998486575495e-05,68.218528695737,6.3685612259475e-17,1.0603475319727e-10,-4.9915514561731,-13.312795833237,-1.6977984707745,-1.9122009537295e-10,-4.5840658326673,-1.8934471308403,-3.8014715743762e-09,-15.292411361,76.917651709563,527.99258963583,527.99258963583,527.99258693519,527.99258693519,527.99258963583,528.39351290156,528.39351290156,528.39351290156,528.28508292982,528.28508292982,528.28508292982,527.99258693519,254.1586107827,0.26904871712448,0.18595529165485,0.20019252294117,887.31522828578,-0.36394905940469,0.0019565225345325,0.00035147983398387,884.45279754051,-0.00073225404242057,-0.36275415112123,0.011743197695117,1.3695290531101e-24,0,0,1.5222667079193e-30,4.8828599504086e-21,1.8222830605175e-32,0,8.2728817685015e-34,2.0501270870072e-31,0,2.4833352238906e-34,1.6152865678991e-32,5.8800242020718e-10,0,0,0.0015410534721765,0.010102765893923,2.6364954552825e-06,0,5.0104609816206e-11,1.2271968803415e-05,0,1.8583716191131e-11,1.2742292029148e-09
0.002245625,379.09088470572,130.98736406155,294.05386859556,0.97741707853608,0.97723458413469,0.99981571212164,1509763104.6814,0.00018951817721512,0.00066235721966664,0.00027968401256166,1.2186949091259,2.7521224901465e-05,2.7521224901465e-05,2.4811998811816e-05,2.4811998811816e-05,2.7521224901465e-05,0.40040396813435,0.40040396813435,0.40040396813435,0.29139254611401,0.29139254611401,0.29139254611401,2.4811998811816e-05,68.149052739196,6.1080924491755e-17,1.0551740163952e-10,-5.0044540239866,-13.343742996613,-1.7065603381879,-1.980263022402e-10,-4.5971514402544,-1.9026438375883,-3.919389823679e-09,-15.324652888289,76.826695756715,527.98220877826,527.98220877826,527.98220606904,527.98220606904,527.98220877826,528.38258522517,528.38258522517,528.38258522517,528.27357380315,528.27357380315,528.27357380315,527.98220606904,254.12706249552,0.26957784002782,0.18631587985072,0.20059355168849,887.35274155073,-0.36654256530862,0.0019827497272196,0.00035315844728163,884.48656775729,-0.00073882189740529,-0.36530892773356,0.011743197695117,1.3280900329077e-24,0,0,1.4570570585931e-30,4.6833271810947e-21,1.7475169689448e-32,0,7.9925013685103e-34,1.9674996211523e-31,0,2.4048810464562e-34,1.5607080085379e-32,5.8800242020718e-10,0,0,0.0015410534721765,0.010102765893923,2.6364954552825e-06,0,5.0104609816206e-11,1.2271968803415e-05,0,1.8583716191131e-11,1.2742292029148e-09
0.002250625,377.35850668088,130.59118985238,293.00032787143,0.97741707853608,0.97723458413469,0.99981571212164,1510765937.1574,0.00018992930918266,0.00066383700899241,0.0002801678570162,1.2191941961386,2.7336271083477e-05,2.7336271083477e-05,2.461563021808e-05,2.461563021808e-05,2.7336271083477e-05,0.39985634042275,0.39985634042275,0.39985634042275,0.29026590837998,0.29026590837998,0.29026590837998,2.461563021808e-05,68.079635655131,5.8572833864441e-17,1.0498789191662e-10,-5.0173493637442,-13.374603567066,-1.715349563236,-2.0504296439856e-10,-4.6102317393981,-1.9118662816923,-4.0405540707219e-09,-15.356777691533,76.735827661238,527.97144846464,527.97144846464,527.971445744,527.971445744,527.97144846464,528.37127746879,528.37127746879,528.37127746879,528.26168703675,528.26168703675,528.26168703675,527.971445744,254.09499628218,0.27010663924442,0.18667621648975,0.20099441344249,887.38940895199,-0.36914620084107,0.0020089502710328,0.0003548326028309,884.51948475663,-0.00074541212048879,-0.36787384263521,0.011743197695117,1.2879533540737e-24,0,0,1.3947535677814e-30,4.4922114111132e-21,1.6759618993604e-32,0,7.7221575676598e-34,1.8883323747726e-31,0,2.3290433474692e-34,1.5080301406417e-32,5.8800242020718e-10,0,0,0.0015410534721765,0.010102765893923,2.6364954552825e-06,0,5.0104609816206e-11,1.2271968803415e-05,0,1.8583716191131e-11,1.2742292029148e-09
0.002255625,375.63178921066,130.19653288489,291.95015167714,0.97741707853608,0.97723458413469,0.99981571212164,1511760353.588,0.00019034014605438,0.00066531680920812,0.00028065096829654,1.219693469857,2.7143652469924e-05,2.7143652469924e-05,2.4407730106862e-05,2.4407730106862e-05,2.7143652469924e-05,0.39930808806554,0.39930808806554,0.39930808806554,0.28914109523437,0.28914109523437,0.28914109523437,2.4407730106862e-05,68.010277849225,5.6158150443036e-17,1.0444641590767e-10,-5.0302373816079,-13.405377147982,-1.7241661443628,-2.122753431279e-10,-4.6233066152497,-1.9211144614582,-4.1650382530374e-09,-15.388785495186,76.645048089382,527.96031121398,527.96031121398,527.96030847806,527.96030847806,527.96031121398,528.35959215839,528.35959215839,528.35959215839,528.24942516556,528.24942516556,528.24942516556,527.96030847806,254.06241596933,0.27063511513745,0.18703630185559,0.20139510841767,887.42523507683,-0.37175995534709,0.0020351247408715,0.00035650226554486,884.55155296606,-0.00075202273284378,-0.3704488871373,0.011743197695117,1.2490765262019e-24,0,0,1.3352216761511e-30,4.3091463148375e-21,1.60747467322e-32,0,7.4614745342696e-34,1.8124752537146e-31,0,2.2557302924346e-34,1.4571846995464e-32,5.8800242020719e-10,0,0,0.0015410534721765,0.010102765893923,2.6364954552825e-06,0,5.0104609816206e-11,1.2271968803415e-05,0,1.8583716191131e-11,1.2742292029148e-09
0.002260625,373.91073569769,129.80339214615,290.90334201716,0.97741707853608,0.97723458413469,0.99981571212164,1512746381.8286,0.0001907506870656,0.00066679662023493,0.00028113334790547,1.2201927301881,2.6942611111878e-05,2.6942611111878e-05,2.4185853567759e-05,2.4185853567759e-05,2.6942611111878e-05,0.39875921739812,0.39875921739812,0.39875921739812,0.28801812180513,0.28801812180513,0.28801812180513,2.4185853567759e-05,67.940979718131,5.3833775175167e-17,1.0389317026697e-10,-5.0431179847609,-13.436063348666,-1.7330100800213,-2.1972879038919e-10,-4.6363759538832,-1.9303883749631,-4.2929175022975e-09,-15.420676031276,76.554357696642,527.94879952914,527.94879952914,527.94879677239,527.94879677239,527.94879952914,528.34753180393,528.34753180393,528.34753180393,528.23679070834,528.23679070834,528.23679070834,527.94879677239,254.02932538866,0.27116326807148,0.1873961362333,0.20179563682802,887.46022448496,-0.37438382000423,0.0020612726451938,0.00035816706985339,884.582776788,-0.00075865423565788,-0.37303405180649,0.011743197695117,1.2114184981663e-24,0,0,1.2783332877309e-30,4.1337820119097e-21,1.5419186726327e-32,0,7.2100911181148e-34,1.7397848719721e-31,0,2.1848534634445e-34,1.4081059512097e-32,5.8800242020719e-10,0,0,0.0015410534721765,0.010102765893923,2.6364954552825e-06,0,5.0104609816206e-11,1.2271968803415e-05,0,1.8583716191131e-11,1.2742292029148e-09
0.002265625,372.19534921445,129.4117665506,289.85990070387,0.97741707853608,0.97723458413469,0.99981571212164,1513724049.8255,0.00019116093136459,0.00066827644199448,0.00028161499748312,1.22069197704,2.6732197264158e-05,2.6732197264158e-05,2.3945946752746e-05,2.3945946752746e-05,2.6732197264158e-05,0.39820973475655,0.39820973475655,0.39820973475655,0.28689700303489,0.28689700303489,0.28689700303489,2.3945946752746e-05,67.871741656688,5.159669798052e-17,1.0332835633753e-10,-5.0559910816882,-13.466661783029,-1.7418813688376,-2.274087495948e-10,-4.6494396428286,-1.9396880201197,-4.4242681587395e-09,-15.452449037185,76.463757135899,527.93691589683,527.93691589683,527.93691311057,527.93691311057,527.93691589683,528.33509889938,528.33509889938,528.33509889938,528.22378616766,528.22378616766,528.22378616766,527.93691311057,253.99572823784,0.27169109841246,0.18775571990927,0.20219599888715,887.49438170953,-0.37701778432471,0.0020873937118118,0.00035982706105669,884.61316060227,-0.00076530532553317,-0.37562932694319,0.011743197695117,1.174939607844e-24,0,0,1.2239664485051e-30,3.9657843067946e-21,1.4791635355357e-32,0,6.9676602481003e-34,1.6701242458491e-31,0,2.1163277222437e-34,1.3607305955378e-32,5.8800242020719e-10,0,0,0.0015410534721765,0.010102765893923,2.6364954552825e-06,0,5.0104609816206e-11,1.2271968803415e-05,0,1.8583716191131e-11,1.2742292029148e-09
0.002270625,370.48563250673,129.02165494101,288.81982935957,0.97741707853608,0.97723458413469,0.99981571212164,1514693385.61,0.00019157087815951,0.00066975627440882,0.00028209591859682,1.2211912103212,2.6511187689212e-05,2.6511187689212e-05,2.3679662977175e-05,2.3679662977175e-05,2.6511187689212e-05,0.3976596464772,0.3976596464772,0.3976596464772,0.28577775368094,0.28577775368094,0.28577775368094,2.3679662977175e-05,67.802564052536,4.9443995818914e-17,1.0275218010091e-10,-5.0688565817814,-13.49717207003,-1.7507800093776,-2.3532075599383e-10,-4.6624975705183,-1.9490133945446,-4.5591677725956e-09,-15.484104256389,76.373247050485,527.92466278767,527.92466278767,527.92465995615,527.92465995615,527.92466278767,528.32229592296,528.32229592296,528.32229592296,528.21041403016,528.21041403016,528.21041403016,527.92465995615,253.96162825137,0.2722186065277,0.18811505317126,0.20259619480819,887.52771125456,-0.37966183825303,0.0021134875250865,0.00036148252795929,884.64270876262,-0.00077197530701969,-0.37823470260249,0.011743197695117,1.1396015328599e-24,0,0,1.1720050412353e-30,3.8048339619595e-21,1.4190848614926e-32,0,6.7338483530537e-34,1.6033624986918e-31,0,2.0500710784391e-34,1.3149976729504e-32,5.8800242020719e-10,0,0,0.0015410534721765,0.010102765893923,2.6364954552825e-06,0,5.0104609816206e-11,1.2271968803415e-05,0,1.8583716191131e-11,1.2742292029148e-09
0.002275625,368.78158799741,128.63305608953,287.7831294187,0.97741707853608,0.97723458413469,0.99981571212164,1515654417.2829,0.00019198052664725,0.00067123611740042,0.00028257611284917,1.2216904299414,2.6277950533845e-05,2.6277950533845e-05,2.3352947983679e-05,2.3352947983679e-05,2.6277950533845e-05,0.39710895889657,0.39710895889657,0.39710895889657,0.2846603883154,0.2846603883154,0.2846603883154,2.3352947983679e-05,67.733447288797,4.7372830667482e-17,1.021648522093e-10,-5.0817143956293,-13.527593833909,-1.7597060001155,-2.434704373319e-10,-4.67554962631,-1.9583644954521,-4.6976951268207e-09,-15.515641439282,76.282828091821,527.91204265621,527.91204265621,527.91203973121,527.91203973121,527.91204265621,528.30912533716,528.30912533716,528.30912533716,528.19667676658,528.19667676658,528.19667676658,527.91203973121,253.92702904187,0.27274579278584,0.18847413630839,0.20299622480381,887.56021759825,-0.38231597256096,0.0021395535714314,0.00036313312451234,884.67142559993,-0.00077866491688526,-0.38085016875176,0.011743197695117,1.1053672435428e-24,0,0,1.1223384961018e-30,3.6506260089967e-21,1.3615639357618e-32,0,6.5083348109169e-34,1.5393745843001e-31,0,1.986004564177e-34,1.2708484750689e-32,5.8800242020719e-10,0,0,0.0015410534721765,0.010102765893923,2.6364954552825e-06,0,5.0104609816206e-11,1.2271968803415e-05,0,1.8583716191131e-11,1.2742292029148e-09
0.002280625,367.08321778981,128.24596869859,286.74980212981,0.97741707853608,0.97723458413469,0.99981571212164,1516607173.0104,0.00019238987603501,0.00067271597089205,0.00028305558184257,1.2221896358106,2.6030204751267e-05,2.6030204751267e-05,2.3040878387354e-05,2.3040878387354e-05,2.6030204751267e-05,0.39655767835101,0.39655767835101,0.39655767835101,0.28354492132507,0.28354492132507,0.28354492132507,2.3040878387354e-05,67.664391726493,4.5380447698394e-17,1.0156658797895e-10,-5.0945644341183,-13.557926699152,-1.7686593389688,-2.518635149692e-10,-4.6885956992737,-1.9677413193421,-4.8399303082945e-09,-15.547060335591,76.19250094697,527.89905794089,527.89905794089,527.89905495157,527.89905495157,527.89905794089,528.29558958904,528.29558958904,528.29558958904,528.18257683201,528.18257683201,528.18257683201,527.89905495157,253.89193417076,0.27327265755693,0.18883296961113,0.20339608908626,887.59190517626,-0.38498017581259,0.0021655921288737,0.00036477885881674,884.69931540708,-0.00078537269079543,-0.3834757152098,0.011743197695117,1.0722009571273e-24,0,0,1.074861515893e-30,3.5028690879652e-21,1.306487462441e-32,0,6.2908114175664e-34,1.4780410187479e-31,0,1.9240521132048e-34,1.2282264581288e-32,5.8800242020719e-10,0,0,0.0015410534721765,0.010102765893923,2.6364954552825e-06,0,5.0104609816206e-11,1.2271968803415e-05,0,1.8583716191131e-11,1.2742292029148e-09
0.002285625,365.39052367179,127.86039140205,285.71984855797,0.97741707853608,0.97723458413469,0.99981571212164,1517551681.004,0.00019279892557479,0.00067419583480726,0.00028353432713243,1.2226888278394,2.5764545554642e-05,2.5764545554642e-05,2.2750984241505e-05,2.2750984241505e-05,2.5764545554642e-05,0.39600581117663,0.39600581117663,0.39600581117663,0.28243136691189,0.28243136691189,0.28243136691189,2.2750984241505e-05,67.595397771497,4.3464173541493e-17,1.009576071858e-10,-5.1074066105171,-13.588170306835,-1.7776400255216,-2.6050580192419e-10,-4.7016356838656,-1.9771438633728,-4.9859543997133e-09,-15.578360716793,76.102266060412,527.88571106379,527.88571106379,527.88570805023,527.88570805023,527.88571106379,528.28169111042,528.28169111042,528.28169111042,528.16811666615,528.16811666615,528.16811666615,527.88570805023,253.85634708991,0.27379920121211,0.18919155337109,0.20379578786735,887.62277843617,-0.38765443731283,0.0021916026841605,0.00036641978574545,884.72638249106,-0.00079209830771615,-0.38611133125331,0.011743197695117,1.0400680968287e-24,0,0,1.0294738168895e-30,3.3612848279105e-21,1.2537473157169e-32,0,6.080981896419e-34,1.4192476286814e-31,0,1.8641404512261e-34,1.1870771630772e-32,5.880024202072e-10,0,0,0.0015410534721765,0.010102765893923,2.6364954552825e-06,0,5.0104609816206e-11,1.2271968803415e-05,0,1.8583716191131e-11,1.2742292029148e-09
0.002290625,363.70350711856,127.47632276587,284.69326958637,0.97741707853608,0.97723458413469,0.99981571212164,1518487969.5389,0.00019320767441094,0.00067567570906994,0.00028401235042561,1.2231880059393,2.547536222983e-05,2.547536222983e-05,2.2427699546601e-05,2.2427699546601e-05,2.547536222983e-05,0.39545336370869,0.39545336370869,0.39545336370869,0.28131973909251,0.28131973909251,0.28131973909251,2.2427699546601e-05,67.526465810765,4.1621414126379e-17,1.0033813416593e-10,-5.1202408395983,-13.618324300898,-1.7866480589567,-2.6940320657876e-10,-4.7146694748173,-1.9865721240272,-5.1358497144459e-09,-15.609542356714,76.012124036662,527.87200442836,527.87200442836,527.8720013807,527.8720013807,527.87200442836,528.26743231671,528.26743231671,528.26743231671,528.15329869209,528.15329869209,528.15329869209,527.8720013807,253.82027152933,0.27432542412376,0.18954988788117,0.20419532135846,887.65284178774,-0.39033874618306,0.0022175845033575,0.00036805571350286,884.75263112475,-0.00079884149006068,-0.3887570057139,0.011743197695117,1.0089352471354e-24,0,0,9.8607988001488e-31,3.2256072424242e-21,1.2032402968163e-32,0,5.8785614006613e-34,1.3628853079589e-31,0,1.8061989809643e-34,1.1473481341322e-32,5.880024202072e-10,0,0,0.0015410534721765,0.010102765893923,2.6364954552825e-06,0,5.0104609816206e-11,1.2271968803415e-05,0,1.8583716191131e-11,1.2742292029148e-09
0.002295625,362.02216929646,127.09376128919,283.67006591853,0.97741707853608,0.97723458413469,0.99981571212164,1519417533.0887,0.00019361612179296,0.00067715559360431,0.00028448965331187,1.2236871700227,2.5151616367773e-05,2.5151616367773e-05,2.2176873706433e-05,2.2176873706433e-05,2.5151616367773e-05,0.3949003422815,0.3949003422815,0.3949003422815,0.28021005169847,0.28021005169847,0.28021005169847,2.2176873706433e-05,67.457596199097,3.9849652688672e-17,9.9708397706033e-11,-5.133067035718,-13.648388322526,-1.7956834368964,-2.7856173200727e-10,-4.7276969643817,-1.9960260963818,-5.2896999334001e-09,-15.640605023756,75.922075603022,527.85794041764,527.85794041764,527.85793744289,527.85793744289,527.85794041764,528.2528156083,528.2528156083,528.2528156083,528.13812531772,528.13812531772,528.13812531772,527.85793744289,253.78371113208,0.2748513266657,0.18990797343563,0.20459468977049,887.68209958556,-0.39303309084399,0.0022435380620693,0.00036968651368549,884.77806553047,-0.00080560142640833,-0.39141272798293,0.011743197695117,9.7877011195219e-25,0,0,9.4458871617281e-31,3.0955821613165e-21,1.1548679034775e-32,0,5.683276046195e-34,1.3088497866284e-31,0,1.7501596751907e-34,1.1089888414909e-32,5.880024202072e-10,0,0,0.0015410534721765,0.010102765893923,2.6364954552825e-06,0,5.0104609816206e-11,1.2271968803415e-05,0,1.8583716191131e-11,1.2742292029148e-09
0.002300625,360.34651106703,126.71270540545,282.65023808075,0.97741707853608,0.97723458413469,0.99981571212164,1520340440.4051,0.0001940242670102,0.0006786354883359,0.00028496623734124,1.2241863200021,2.475837143097e-05,2.475837143097e-05,2.1815543578263e-05,2.1815543578263e-05,2.475837143097e-05,0.3943467532284,0.3943467532284,0.3943467532284,0.27910231837653,0.27910231837653,0.27910231837653,2.1815543578263e-05,67.388789352213,3.8146448310066e-17,9.906863107903e-11,-5.14588511448,-13.67836203217,-1.804746158813,-2.8798746598615e-10,-4.7407180503688,-2.0055057763236,-5.4475894986958e-09,-15.671548509255,75.832121110069,527.84352137643,527.84352137643,527.8435184336,527.8435184336,527.84352137643,528.23784337129,528.23784337129,528.23784337129,528.12259893644,528.12259893644,528.12259893644,527.8435184336,253.74666910772,0.2753769092127,0.19026581032978,0.20499389331394,887.71055620056,-0.39573745980742,0.0022694623536136,0.00037131199727526,884.80268995037,-0.00081237790484218,-0.39407848606621,0.011743197695117,9.4954147948608e-25,0,0,9.0491364535883e-31,2.9709666972465e-21,1.1085361154879e-32,0,5.4948624903811e-34,1.2570414125869e-31,0,1.6959569835759e-34,1.0719506117538e-32,5.880024202072e-10,0,0,0.0015410534721765,0.010102765893923,2.6364954552825e-06,0,5.0104609816206e-11,1.2271968803415e-05,0,1.8583716191131e-11,1.2742292029148e-09
0.002305625,358.67653298986,126.33315348306,281.63378642369,0.97741707853608,0.97723458413469,0.99981571212164,1521255206.7604,0.00019443210919179,0.00068011539318913,0.00028544210428614,1.2246854557918,2.430643852126e-05,2.430643852126e-05,2.1526607109187e-05,2.1526607109187e-05,2.430643852126e-05,0.39379260288119,0.39379260288119,0.39379260288119,0.27799655258833,0.27799655258833,0.27799655258833,2.1526607109187e-05,67.320045605791,3.6509433139915e-17,9.8419071944919e-11,-5.1586949911867,-13.708245080422,-1.8138362197245,-2.9768661287994e-10,-4.7537326232387,-2.0150111555291,-5.6096047303637e-09,-15.702372574959,75.742261541612,527.82874967891,527.82874967891,527.82874689907,527.82874689907,527.82874967891,528.22251797535,528.22251797535,528.22251797535,528.10672192506,528.10672192506,528.10672192506,527.82874689907,253.70914943117,0.27590217214126,0.19062339886058,0.2053929321988,887.73821588768,-0.39845184090165,0.0022953575826367,0.00037293235929876,884.82650851588,-0.00081916987052558,-0.39675426873384,0.011743197695117,9.2121917817042e-25,0,0,8.6697208218458e-31,2.8515287116018e-21,1.0641551815755e-32,0,5.3130674704888e-34,1.2073649376075e-31,0,1.6435277235069e-34,1.0361865514336e-32,5.880024202072e-10,0,0,0.0015410534721765,0.010102765893923,2.6364954552825e-06,0,5.0104609816206e-11,1.2271968803415e-05,0,1.8583716191131e-11,1.2742292029148e-09
0.002310625,357.01223532649,125.95510382662,280.62071112479,0.97741707853608,0.97723458413469,0.99981571212164,1522161860.4135,0.00019483964764492,0.00068159530809008,0.00028591725569614,1.2251845773057,2.3889064684323e-05,2.3889064684323e-05,2.1372011860547e-05,2.1372011860547e-05,2.3889064684323e-05,0.3932378975706,0.3932378975706,0.3932378975706,0.27689276761065,0.27689276761065,0.27689276761065,2.1372011860547e-05,67.251365357824,3.4936311609479e-17,9.7759961066054e-11,-5.1714965850152,-13.738037130493,-1.8229536185115,-3.0766544433534e-10,-4.766740583291,-2.0245422299508,-5.7758326945333e-09,-15.733077031772,75.652497019465,527.81362776956,527.81362776956,527.81362525251,527.81362525251,527.81362776956,528.20684177807,528.20684177807,528.20684177807,528.09049664811,528.09049664811,528.09049664811,527.81362525251,253.67115455447,0.27642711582854,0.19098073932576,0.20579180663467,887.76508297961,-0.40117622257293,0.0023212229295956,0.0003745475099137,884.84952544328,-0.00082597746438607,-0.39944006366934,0.011743197695117,8.9377404909471e-25,0,0,8.3068534011585e-31,2.7370463577735e-21,1.0216394278693e-32,0,5.1376474524926e-34,1.1597293236402e-31,0,1.5928110067711e-34,1.0016514876707e-32,5.880024202072e-10,0,0,0.0015410534721765,0.010102765893923,2.6364954552825e-06,0,5.0104609816206e-11,1.2271968803415e-05,0,1.8583716191131e-11,1.2742292029148e-09
0.002315625,355.35361804471,125.57855467799,279.61101219066,0.97741707853608,0.97723458413469,0.99981571212164,1523060429.7159,0.00019524688161778,0.00068307523296615,0.00028639169321152,1.2256836844582,2.3592594509816e-05,2.3592594509816e-05,2.173339863914e-05,2.173339863914e-05,2.3592594509816e-05,0.39268264362533,0.39268264362533,0.39268264362533,0.27579097653587,0.27579097653587,0.27579097653587,2.173339863914e-05,67.182748882117,3.3424858236047e-17,9.7091545405769e-11,-5.1842898144615,-13.767737827272,-1.8320983560602,-3.1793032305203e-10,-4.7797418359221,-2.0340989938439,-5.9463619615382e-09,-15.763661703075,75.562828070732,527.79815806793,527.79815806793,527.79815620874,527.79815620874,527.79815806793,528.19081711896,528.19081711896,528.19081711896,528.07392545187,528.07392545187,528.07392545187,527.79815620874,253.63268828831,0.27695174065267,0.19133783202409,0.20619051683076,887.79116181448,-0.40391059247395,0.0023470585744314,0.00037615725123825,884.87174494369,-0.00083280005078746,-0.40213585921507,0.011743197695117,8.6717790785679e-25,0,0,7.959784384529e-31,2.6273075798451e-21,9.8090706604952e-33,0,4.968368217619e-34,1.1140475564906e-31,0,1.5437481426896e-34,9.6830190120373e-33,5.880024202072e-10,0,0,0.0015410534721765,0.010102765893923,2.6364954552825e-06,0,5.0104609816206e-11,1.2271968803415e-05,0,1.8583716191131e-11,1.2742292029148e-09
0.002320625,353.7006808225,125.20350421744,278.60468945944,0.97741707853608,0.97723458413469,0.99981571212164,1523950943.1205,0.00019565382962042,0.00068455516774351,0.00028686539265352,1.2261827771628,2.331221461449e-05,2.331221461449e-05,2.1870524964127e-05,2.1870524964127e-05,2.331221461449e-05,0.39212684737165,0.39212684737165,0.39212684737165,0.27469119227245,0.27469119227245,0.27469119227245,2.1870524964127e-05,67.114196776985,3.1972916156162e-17,9.6414072398992e-11,-5.1970745480056,-13.797346890017,-1.841270429402,-3.2848773108157e-10,-4.7927363073253,-2.0436814772577,-6.1212821529813e-09,-15.794126595617,75.473254255494,527.78234278679,527.78234278679,527.7823413451,527.7823413451,527.78234278679,528.17444632195,528.17444632195,528.17444632195,528.05701066685,528.05701066685,528.05701066685,527.7823413451,253.59375470994,0.27747604699281,0.19169467725521,0.20658906299565,887.81645698078,-0.40665493713515,0.0023728651804217,0.00037776162732303,884.89317151077,-0.00083963616196452,-0.40484164250119,0.011743197695117,8.4140350482448e-25,0,0,7.6277992778468e-31,2.5221098175845e-21,9.4188001654495e-33,0,4.8050044000717e-34,1.070236513008e-31,0,1.4962827570357e-34,9.360958544304e-33,5.880024202072e-10,0,0,0.0015410534721765,0.010102765893923,2.6364954552825e-06,0,5.0104609816206e-11,1.2271968803415e-05,0,1.8583716191131e-11,1.2742292029148e-09
0.002325625,352.0534230397,124.82995056155,277.60174259573,0.97741707853608,0.97723458413469,0.99981571212164,1524833428.1176,0.00019606047147761,0.00068603511234958,0.00028733838159978,1.2266818553385,2.3117536685479e-05,2.3117536685479e-05,2.2153897443064e-05,2.2153897443064e-05,2.3117536685479e-05,0.39157051513174,0.39157051513174,0.39157051513174,0.27359342753417,0.27359342753417,0.27359342753417,2.2153897443064e-05,67.045709071989,3.0578392881769e-17,9.5727798580338e-11,-5.2098508021569,-13.826863946357,-1.8504698313621,-3.3934424751764e-10,-4.8057238638932,-2.0532896284499,-6.3006849755677e-09,-15.824471310909,75.38377834297,527.76618429467,527.76618429467,527.76618333103,527.76618333103,527.76618429467,528.15773169226,528.15773169226,528.15773169226,528.03975460466,528.03975460466,528.03975460466,527.76618333103,253.55427770223,0.27800003523021,0.19205127532102,0.20698744533767,887.84097232039,-0.40940924397517,0.0023986404120752,0.00037936055750573,884.913808857,-0.00084648629517731,-0.40755740062899,0.011743197695117,8.1642449689831e-25,0,0,7.3102169609699e-31,2.4212591532843e-21,9.0448372183075e-33,0,4.647339172981e-34,1.0282165932963e-31,0,1.4503600172063e-34,9.0499293840501e-33,5.8800242020721e-10,0,0,0.0015410534721765,0.010102765893923,2.6364954552825e-06,0,5.0104609816206e-11,1.2271968803415e-05,0,1.8583716191131e-11,1.2742292029148e-09
0.002330625,350.41184380228,124.45789176883,276.60217110504,0.97741707853608,0.97723458413469,0.99981571212164,1525707912.8837,0.00019646680636488,0.0006875150667117,0.00028781066168214,1.2271809189016,2.2973670086864e-05,2.2973670086864e-05,2.266737500619e-05,2.266737500619e-05,2.2973670086864e-05,0.3910136532278,0.3910136532278,0.3910136532278,0.27249769485895,0.27249769485895,0.27249769485895,2.266737500619e-05,66.97728611401,2.9239261938326e-17,9.5032983350749e-11,-5.2226184324594,-13.856288681845,-1.8596965593575,-3.5050654643257e-10,-4.8187044119505,-2.0629234525296,-6.4846621874525e-09,-15.85469572494,75.294399672602,527.74968485517,527.74968485517,527.74968454888,527.74968454888,527.74968485517,528.14067553473,528.14067553473,528.14067553473,528.02215957636,528.02215957636,528.02215957636,527.74968454888,253.51437260993,0.27852370574657,0.19240762652388,0.20738566406463,887.86471211455,-0.41217349996046,0.0024243850734119,0.00038095419974115,884.93366116595,-0.00085334973597228,-0.41028312091345,0.011743197695117,7.9221541798908e-25,0,0,7.0063883319918e-31,2.3245703615056e-21,8.6864700185869e-33,0,4.4951641582312e-34,9.8791177825452e-32,0,1.4059274187875e-34,8.7495421902089e-33,5.8800242020721e-10,0,0,0.0015410534721765,0.010102765893923,2.6364954552825e-06,0,5.0104609816206e-11,1.2271968803415e-05,0,1.8583716191131e-11,1.2742292029148e-09
0.002335625,348.77594193293,124.0873258378,275.60597432817,0.97741707853608,0.97723458413469,0.99981571212164,1526574425.4019,0.0001968728335845,0.00068899503075743,0.00028828223447241,1.2276799677694,2.282431496357e-05,2.282431496357e-05,2.3384559470582e-05,2.3384559470582e-05,2.282431496357e-05,0.39045626797915,0.39045626797915,0.39045626797915,0.27140400659696,0.27140400659696,0.27140400659696,2.3384559470582e-05,66.908928419251,2.7953559742612e-17,9.4329888623028e-11,-5.2353773544706,-13.885620809876,-1.868950606177,-3.6198140031016e-10,-4.8316778596316,-2.0725829465656,-6.6733071447289e-09,-15.884799701121,75.205118605874,527.73284668608,527.73284668608,527.73284724632,527.73284724632,527.73284668608,528.12328012974,528.12328012974,528.12328012974,528.00422786836,528.00422786836,528.00422786836,527.73284724632,253.4740272713,0.27904705892473,0.19276373116724,0.20778371938386,887.88768061944,-0.41494769137039,0.002450099161019,0.00038254214975708,884.95273259936,-0.00086022564997617,-0.41301879016731,0.011743197695117,7.6875164700984e-25,0,0,6.7156946331188e-31,2.2318663642028e-21,8.3430189191368e-33,0,4.3482788558566e-34,9.4924938882623e-32,0,1.3629343060135e-34,8.4594217709679e-33,5.8800242020721e-10,0,0,0.0015410534721765,0.010102765893923,2.6364954552825e-06,0,5.0104609816206e-11,1.2271968803415e-05,0,1.8583716191131e-11,1.2742292029148e-09
0.002340625,347.1457159746,123.71825070815,274.61315144336,0.97741707853608,0.97723458413469,0.99981571212164,1527432993.1136,0.00019727855243118,0.00069047500441486,0.00028875310171179,1.2281790018606,2.2668872734704e-05,2.2668872734704e-05,2.433033632698e-05,2.433033632698e-05,2.2668872734704e-05,0.38989836570188,0.38989836570188,0.38989836570188,0.27031237491128,0.27031237491128,0.27031237491128,2.433033632698e-05,66.840636430062,2.6719383605024e-17,9.361877981208e-11,-5.2481274957172,-13.914860043402,-1.8782319625012,-3.7377567824146e-10,-4.8446441101119,-2.0822680982721,-6.8667147980044e-09,-15.914783074994,75.115935792698,527.71567204721,527.71567204721,527.71567370867,527.71567370867,527.71567204721,528.10554774404,528.10554774404,528.10554774404,527.98596175325,527.98596175325,527.98596175325,527.71567370867,253.43321497625,0.27957009514881,0.19311958955587,0.20818161150224,887.90988197078,-0.41773180494169,0.0024757816693096,0.00038412470830935,884.97102719889,-0.00086711414293976,-0.41576439426585,0.011743197695117,7.4600937962963e-25,0,0,6.4375459591484e-31,2.1429778275905e-21,8.0138349247319e-33,0,4.2064903338968e-34,9.1215991719619e-32,0,1.321331753639e-34,8.1792065328809e-33,5.8800242020721e-10,0,0,0.0015410534721765,0.010102765893923,2.6364954552825e-06,0,5.0104609816206e-11,1.2271968803415e-05,0,1.8583716191131e-11,1.2742292029148e-09
0.002345625,345.52116419825,123.35066426282,273.62370147091,0.97741707853608,0.97723458413469,0.99981571212164,1528283643.547,0.0001976839623259,0.0006919549876123,0.00028922326485579,1.2286780210942,2.2506554483588e-05,2.2506554483588e-05,2.5243025298118e-05,2.5243025298118e-05,2.2506554483588e-05,0.38933995270957,0.38933995270957,0.38933995270957,0.26922281178139,0.26922281178139,0.26922281178139,2.5243025298118e-05,66.772410515026,2.5534890787155e-17,9.289992423133e-11,-5.2608687961127,-13.944006065688,-1.887540629438,-3.8589634986525e-10,-4.8576030786506,-2.0919789053262,-7.0649813327546e-09,-15.944645713154,75.026851590392,527.6981631862,527.6981631862,527.69816592267,527.69816592267,527.6981631862,528.08748063235,528.08748063235,528.08748063235,527.96736349143,527.96736349143,527.96736349143,527.69816592267,253.39197781263,0.28009281480383,0.19347520199551,0.20857934062617,887.93132031512,-0.42052582616372,0.0025014331091848,0.0003857018166389,884.98854902901,-0.00087401425520575,-0.41851991981515,0.011743197695117,7.2396560076015e-25,0,0,6.1713798633944e-31,2.0577428349378e-21,7.6982982922237e-33,0,4.0696126533759e-34,8.7657689157163e-32,0,1.2810725679742e-34,7.90854812585e-33,5.8800242020721e-10,0,0,0.0015410534721765,0.010102765893923,2.6364954552825e-06,0,5.0104609816206e-11,1.2271968803415e-05,0,1.8583716191131e-11,1.2742292029148e-09
0.002350625,343.90228459585,122.9845643248,272.63762326815,0.97741707853608,0.97723458413469,0.99981571212164,1529126405.9706,0.00019808906238793,0.00069343498027953,0.00028969272586322,1.2291770253913,2.2336270525486e-05,2.2336270525486e-05,2.5910427446437e-05,2.5910427446437e-05,2.2336270525486e-05,0.38878103531069,0.38878103531069,0.38878103531069,0.26813532899517,0.26813532899517,0.26813532899517,2.5910427446437e-05,66.704250723352,2.4398295463737e-17,9.2173597688405e-11,-5.2736011851209,-13.973058555732,-1.8968765883992,-3.9835047318215e-10,-4.8705546404268,-2.1017153183288,-7.2682040541513e-09,-15.974387329255,74.937867441327,527.68032233575,527.68032233575,527.68032590991,527.68032590991,527.68032233575,528.06908103479,528.06908103479,528.06908103479,527.94843532848,527.94843532848,527.94843532848,527.68032590991,253.3496994567,0.28061521827618,0.19383056879332,0.20897690696178,887.95199953738,-0.42332974144869,0.0025270519868866,0.00038727325980194,885.00530186933,-0.0008809258710061,-0.42128535211382,0.011743197695117,7.02598055038e-25,0,0,5.9166600985121e-31,1.9760064745984e-21,7.3958170893876e-33,0,3.9374672824044e-34,8.4243673356744e-32,0,1.2421111231777e-34,7.6471107525737e-33,5.8800242020721e-10,0,0,0.0015410534721765,0.010102765893923,2.6364954552825e-06,0,5.0104609816206e-11,1.2271968803415e-05,0,1.8583716191131e-11,1.2742292029148e-09
0.002355625,342.28907490662,122.61994866599,271.6549155465,0.97741707853608,0.97723458413469,0.99981571212164,1529961305.951,0.00019849385207408,0.00069491498234689,0.00029016148632252,1.2296760146736,2.2156415427885e-05,2.2156415427885e-05,2.6626443409786e-05,2.6626443409786e-05,2.2156415427885e-05,0.38822161981383,0.38822161981383,0.38822161981383,0.26704993816565,0.26704993816565,0.26704993816565,2.6626443409786e-05,66.636157099418,2.3307868719214e-17,9.1440078224235e-11,-5.2863246255051,-14.002017157648,-1.9062398318556,-4.1114521001132e-10,-4.883498687034,-2.1114773035668,-7.4764815849156e-09,-16.004007669011,74.848984177159,527.6621517177,527.6621517177,527.66215618773,527.66215618773,527.6621517177,528.0503511811,528.0503511811,528.0503511811,527.92917949945,527.92917949945,527.92917949945,527.66215618773,253.30760360532,0.28113730595315,0.19418569025757,0.20937431071481,887.97192350251,-0.42614353693626,0.0025526383498023,0.00038883900902985,885.02128949004,-0.00088784868298451,-0.42406067777502,0.011743197695117,6.8188522709637e-25,0,0,5.6728752307731e-31,1.8976206060732e-21,7.1058260254216e-33,0,3.8098823115353e-34,8.0967863857311e-32,0,1.2044034176056e-34,7.394570888039e-33,5.8800242020721e-10,0,0,0.0015410534721765,0.010102765893923,2.6364954552825e-06,0,5.0104609816206e-11,1.2271968803415e-05,0,1.8583716191131e-11,1.2742292029148e-09
0.002360625,340.68153261132,122.25681500466,270.67557686731,0.97741707853608,0.97723458413469,0.99981571212164,1530830102.3717,0.00019889833055802,0.00069639499374435,0.0002906295480472,1.2301749888612,2.1964390659708e-05,2.1964390659708e-05,2.7301985345412e-05,2.7301985345412e-05,2.1964390659708e-05,0.38766171252488,0.38766171252488,0.38766171252488,0.26596665072491,0.26596665072491,0.26596665072491,2.7301985345412e-05,66.568130127336,2.226193711375e-17,9.0699644418859e-11,-5.2990389925509,-14.030881594103,-1.9156303547688,-4.2428782875104e-10,-4.8964351411739,-2.1212648610286,-7.6899138485016e-09,-16.033506639268,74.760201353121,527.64365353797,527.64365353797,527.64365887557,527.64365887557,527.64365353797,528.03129328611,528.03129328611,528.03129328611,527.90959822431,527.90959822431,527.90959822431,527.64365887557,253.26512395525,0.28165907822269,0.19454056669716,0.20977155209043,887.99109636818,-0.42896719708858,0.0025781930117174,0.00039039891208808,885.03651597595,-0.00089478130916996,-0.42684588288012,0.011743197695117,6.6180631012521e-25,0,0,5.4395376348896e-31,1.8224436330053e-21,6.8277852543754e-33,0,3.6866924940838e-34,7.7824449368533e-32,0,1.1679072338726e-34,7.1506166747991e-33,5.8800242020721e-10,0,0,0.0015410534721765,0.010102765893923,2.6364954552825e-06,0,5.0104609816206e-11,1.2271968803415e-05,0,1.8583716191131e-11,1.2742292029148e-09
0.002365625,339.0796549245,121.89516100347,269.69960563696,0.97741707853608,0.97723458413469,0.99981571212164,1531702123.6129,0.00019930249735846,0.00069787501440201,0.00029109691249181,1.2306739478757,2.1755308544846e-05,2.1755308544846e-05,2.8211557166963e-05,2.8211557166963e-05,2.1755308544846e-05,0.38710131974475,0.38710131974475,0.38710131974475,0.26488547791439,0.26488547791439,0.26488547791439,2.8211557166963e-05,66.500170126842,2.1258880031961e-17,8.9952578336628e-11,-5.3117442271171,-14.059651575004,-1.9250481450345,-4.3778570582938e-10,-4.9093639114916,-2.1310779727522,-7.9086021531555e-09,-16.062884097355,74.671519770776,527.62482998022,527.62482998022,527.62483643647,527.62483643647,527.62482998022,528.01190954466,528.01190954466,528.01190954466,527.88969370283,527.88969370283,527.88969370283,527.62483643647,253.22199948012,0.28218053547407,0.19489519842226,0.21016863129335,888.00952215554,-0.43180070737489,0.0026037151523602,0.00039195292656725,885.05098527477,-0.00090172362326546,-0.42964095213657,0.011743197695117,6.4234118082858e-25,0,0,5.2161822184099e-31,1.750340115975e-21,6.5611791253825e-33,0,3.5677387053839e-34,7.4807870583561e-32,0,1.1325817512987e-34,6.914947493625e-33,5.8800242020721e-10,0,0,0.0015410534721765,0.010102765893923,2.6364954552825e-06,0,5.0104609816206e-11,1.2271968803415e-05,0,1.8583716191131e-11,1.2742292029148e-09
0.002370625,337.48343880284,121.53498427182,268.727000112,0.97741707853608,0.97723458413469,0.99981571212164,1532564495.1325,0.00019970635143708,0.0006993550442528,0.00029156358181779,1.2311728916386,2.1516927630161e-05,2.1516927630161e-05,2.8857724881766e-05,2.8857724881766e-05,2.1516927630161e-05,0.38654044777037,0.38654044777037,0.38654044777037,0.26380643078889,0.26380643078889,0.26380643078889,2.8857724881766e-05,66.432277527657,2.0297128635568e-17,8.9199165960642e-11,-5.3244402451184,-14.088326853893,-1.9344931903999,-4.5164624635683e-10,-4.9222849076353,-2.1409166166692,-8.13264788345e-09,-16.092139933881,74.582939441755,527.60568320971,527.60568320971,527.60569055051,527.60569055051,527.60568320971,527.99220214056,527.99220214056,527.99220214056,527.86946812358,527.86946812358,527.86946812358,527.60569055051,253.17831906575,0.28270167809686,0.1952495857436,0.21056554852796,888.02720493301,-0.43464405277619,0.0026292050146813,0.0003935010879884,885.06470137335,-0.00090867477440607,-0.43244587121103,0.011743197695117,6.2347038045773e-25,0,0,5.0023653830747e-31,1.6811805101395e-21,6.3055151076932e-33,0,3.4528678301806e-34,7.1912809749915e-32,0,1.098387563603e-34,6.6872735551403e-33,5.8800242020722e-10,0,0,0.0015410534721765,0.010102765893923,2.6364954552825e-06,0,5.0104609816206e-11,1.2271968803415e-05,0,1.8583716191131e-11,1.2742292029148e-09
0.002375625,335.8928809551,121.17628236888,267.75775840543,0.97741707853608,0.97723458413469,0.99981571212164,1533417258.819,0.00020010989226386,0.00070083508322892,0.00029202955758509,1.2316718200742,2.1124638678649e-05,2.1124638678649e-05,2.9476197529965e-05,2.9476197529965e-05,2.1124638678649e-05,0.38597910289631,0.38597910289631,0.38597910289631,0.2627295202195,0.2627295202195,0.2627295202195,2.9476197529965e-05,66.364452357631,1.9375164055662e-17,8.84396961519e-11,-5.3371270386097,-14.116907092682,-1.9439654782174,-4.6587701308925e-10,-4.9351980221304,-2.1507807508089,-8.3621548407687e-09,-16.121273911271,74.494462031449,527.58621526309,527.58621526309,527.58622361465,527.58622361465,527.58621526309,527.97217324134,527.97217324134,527.97217324134,527.84892365867,527.84892365867,527.84892365867,527.58622361465,253.1345046122,0.28322250648233,0.1956037289736,0.21096230399824,888.04414844293,-0.43749721842907,0.0026546609981523,0.0003950436527336,885.07766794051,-0.0009156350392391,-0.43526062408507,0.011743197695117,6.0517508615809e-25,0,0,4.7976639052105e-31,1.6148408328302e-21,6.0603226241361e-33,0,3.3419323376293e-34,6.9134178061012e-32,0,1.0652865372746e-34,6.4673155699919e-33,5.8800242020722e-10,0,0,0.0015410534721765,0.010102765893923,2.6364954552825e-06,0,5.0104609816206e-11,1.2271968803415e-05,0,1.8583716191131e-11,1.2742292029148e-09
0.002380625,334.30797784346,120.81905280304,266.79187848687,0.97741707853608,0.97723458413469,0.99981571212164,1534260437.7708,0.00020051311922112,0.0007023151312622,0.00029249484143005,1.2321707331062,2.0980436477591e-05,2.0980436477591e-05,3.0155304022388e-05,3.0155304022388e-05,2.0980436477591e-05,0.38541729141304,0.38541729141304,0.38541729141304,0.26165475689518,0.26165475689518,0.26165475689518,3.0155304022388e-05,66.296695192233,1.8491516652883e-17,8.7674457541175e-11,-5.3498044833872,-14.145392074557,-1.9534649939798,-4.8048567448927e-10,-4.9481031690468,-2.1606703568574,-8.5972282806603e-09,-16.150285913453,74.406087214848,527.56642869649,527.56642869649,527.56643787135,527.56643787135,527.56642869649,527.95182500746,527.95182500746,527.95182500746,527.82806247294,527.82806247294,527.82806247294,527.56643787135,253.09027573861,0.28374302102247,0.19595762842536,0.21135889790761,888.06035663106,-0.44036018996077,0.0026800697022117,0.00039658089671217,885.08988886218,-0.00092260420043441,-0.43808519891123,0.011743197695117,5.8743709359285e-25,0,0,4.6016741172535e-31,1.5512025393828e-21,5.8251521910739e-33,0,3.2347904162342e-34,6.6467109967918e-32,0,1.0332420420372e-34,6.2548042579461e-33,5.8800242020722e-10,0,0,0.0015410534721765,0.010102765893923,2.6364954552825e-06,0,5.0104609816206e-11,1.2271968803415e-05,0,1.8583716191131e-11,1.2742292029148e-09
0.002385625,332.72872568177,120.46329303198,265.8293581817,0.97741707853608,0.97723458413469,0.99981571212164,1535094052.9797,0.0002009160314785,0.00070379518828604,0.00029295943525921,1.2326696306571,2.083051009428e-05,2.083051009428e-05,3.0665203605649e-05,3.0665203605649e-05,2.083051009428e-05,0.38485501960667,0.38485501960667,0.38485501960667,0.2605821513165,0.2605821513165,0.2605821513165,3.0665203605649e-05,66.229005780055,1.7644764304683e-17,8.6903745187322e-11,-5.3624725035377,-14.173781403446,-1.9629917219027,-4.9547996954784e-10,-4.9610002703373,-2.1705854204576,-8.8379729492391e-09,-16.179175884042,74.317815512454,527.54632539242,527.54632539242,527.54633522712,527.54633522712,527.54632539242,527.93115958152,527.93115958152,527.93115958152,527.80688671323,527.80688671323,527.80688671323,527.54633522712,253.04559636022,0.28426322210979,0.19631128441271,0.21175533045911,888.07583360641,-0.44323294868973,0.0027054586216227,0.00039811141108345,885.10136818748,-0.00092958051218494,-0.44091957420756,0.011743197695117,5.7023879685259e-25,0,0,4.4140109268341e-31,1.4901522381146e-21,5.5995744052027e-33,0,3.1313055629763e-34,6.3906951212556e-32,0,1.0022187367647e-34,6.0494800132327e-33,5.8800242020722e-10,0,0,0.0015410534721765,0.010102765893923,2.6364954552825e-06,0,5.0104609816206e-11,1.2271968803415e-05,0,1.8583716191131e-11,1.2742292029148e-09
0.002390625,331.15512043869,120.10900046347,264.87019517293,0.97741707853608,0.97723458413469,0.99981571212164,1535918126.2652,0.00020131862833209,0.00070527525423377,0.00029342334087804,1.2331685126527,2.0782659135912e-05,2.0782659135912e-05,3.1179412677359e-05,3.1179412677359e-05,2.0782659135912e-05,0.38429229375856,0.38429229375856,0.38429229375856,0.25951171379472,0.25951171379472,0.25951171379472,3.1179412677359e-05,66.161384733903,1.6833530769694e-17,8.6127852986926e-11,-5.3751310796236,-14.202074880341,-1.9725456453479,-5.1086775875266e-10,-4.9738892286798,-2.1805259037106,-9.0844964490874e-09,-16.207943650588,74.229647917728,527.52590757696,527.52590757696,527.52591797371,527.52591797371,527.52590757696,527.91017908806,527.91017908806,527.91017908806,527.78539850809,527.78539850809,527.78539850809,527.52591797371,253.00047384369,0.28478311013821,0.19666469725086,0.21215160185534,888.09058311824,-0.44611548016482,0.0027308139904402,0.0003996359934813,885.11210960547,-0.00093656388451535,-0.4437637370931,0.011743197695117,5.5356316489376e-25,0,0,4.2343068299597e-31,1.4315813960984e-21,5.3831789494869e-33,0,3.0313462275487e-34,6.1449246922412e-32,0,9.7218239764688e-35,5.8510925834584e-33,5.8800242020722e-10,0,0,0.0015410534721765,0.010102765893923,2.6364954552825e-06,0,5.0104609816206e-11,1.2271968803415e-05,0,1.8583716191131e-11,1.2742292029148e-09
0.002395625,329.58715784464,119.75617245676,263.91438700506,0.97741707853608,0.97723458413469,0.99981571212164,1536732679.6888,0.00020172090918039,0.0007067553290386,0.00029388655980828,1.2336673790178,2.224326096449e-05,2.224326096449e-05,3.193810405227e-05,3.193810405227e-05,2.224326096449e-05,0.38372912014558,0.38372912014558,0.38372912014558,0.25844345445536,0.25844345445536,0.25844345445536,3.193810405227e-05,66.093832250527,1.6056484820781e-17,8.5347075847098e-11,-5.3877801152146,-14.23027219278,-1.9821267492347,-5.2665700412796e-10,-4.9867699639254,-2.1904917812951,-9.3369074522408e-09,-16.236589167452,74.141584457671,527.50517876892,527.50517876892,527.50518846376,527.50518846376,527.50517876892,527.88888564581,527.88888564581,527.88888564581,527.76359998012,527.76359998012,527.76359998012,527.50518846376,252.95491850184,0.28530268550247,0.19701786725586,0.21254771229838,888.10460912858,-0.44900776855935,0.0027561352274127,0.00040115430575734,885.1221170337,-0.00094355467223222,-0.44661767100806,0.011743197695117,5.3739372058648e-25,0,0,4.062211206654e-31,1.3753861981777e-21,5.1755738020394e-33,0,2.9347859641637e-34,5.908973635161e-32,0,9.4310004159291e-35,5.6594007481728e-33,5.8800242020722e-10,0,0,0.0015410534721765,0.010102765893923,2.6364954552825e-06,0,5.0104609816206e-11,1.2271968803415e-05,0,1.8583716191131e-11,1.2742292029148e-09
0.002400625,328.02483339057,119.40480632274,262.96193108363,0.97741707853608,0.97723458413469,0.99981571212164,1537538566.8885,0.00020212287352097,0.00070823541263176,0.00029434909369721,1.2341662296737,2.3676514811284e-05,2.3676514811284e-05,3.255713932187e-05,3.255713932187e-05,2.3676514811284e-05,0.38316550504008,0.38316550504008,0.38316550504008,0.25737738323223,0.25737738323223,0.25737738323223,3.255713932187e-05,66.026346858904,1.5312339353565e-17,8.4561705187469e-11,-5.4004195840855,-14.258372299611,-1.9917350530492,-5.4285577301814e-10,-4.9996424496447,-2.2004830395245,-9.5953154785066e-09,-16.26511281752,74.053626110251,527.48413952721,527.48413952721,527.48414840784,527.48414840784,527.48413952721,527.86728135574,527.86728135574,527.86728135574,527.74149323393,527.74149323393,527.74149323393,527.48414840784,252.90893552186,0.28582194859971,0.19737079474584,0.21294366198922,888.11791631304,-0.45190979476498,0.0027814220569554,0.00040266657906995,885.13139515152,-0.00095055199081735,-0.44948135713628,0.011743197695117,5.2171451212858e-25,0,0,3.8973897072939e-31,1.3214673455289e-21,4.9763844004502e-33,0,2.8415041570089e-34,5.6824346432433e-32,0,9.1493974824344e-35,5.4741725187324e-33,5.8800242020722e-10,0,0,0.0015410534721765,0.010102765893923,2.6364954552825e-06,0,5.0104609816206e-11,1.2271968803415e-05,0,1.8583716191131e-11,1.2742292029148e-09
0.002405625,326.46814231561,119.05489932204,262.01282466815,0.97741707853608,0.97723458413469,0.99981571212164,1538335417.4311,0.00020252452070977,0.00070971550494944,0.0002948109445841,1.234665064552,2.5015880636542e-05,2.5015880636542e-05,3.3668495549232e-05,3.3668495549232e-05,2.5015880636542e-05,0.38260145470648,0.38260145470648,0.38260145470648,0.25631350985323,0.25631350985323,0.25631350985323,3.3668495549232e-05,65.958931173197,1.4599847809662e-17,8.3772039403368e-11,-5.4130494434939,-14.286375939322,-2.0013705046783,-5.5947219028616e-10,-5.0125065395644,-2.2104996115155,-9.8598310464008e-09,-16.293514118688,73.965773836263,527.46279185518,527.46279185518,527.4628005078,527.4628005078,527.46279185518,527.84536829401,527.84536829401,527.84536829401,527.71908034915,527.71908034915,527.71908034915,527.4628005078,252.86242488905,0.28634089982675,0.1977234800391,0.21333945112929,888.13050781297,-0.45482154192881,0.0028066753095571,0.00040417242211349,885.13994703177,-0.00095755441559355,-0.45235478019408,0.011743197695117,5.0651014469522e-25,0,0,3.7395228307656e-31,1.2697297615497e-21,4.7852527116341e-33,0,2.7513826534839e-34,5.464916888018e-32,0,8.8767088332642e-35,5.2951830584987e-33,5.8800242020722e-10,0,0,0.0015410534721765,0.010102765893923,2.6364954552825e-06,0,5.0104609816206e-11,1.2271968803415e-05,0,1.8583716191131e-11,1.2742292029148e-09
0.002410625,324.91707964686,118.70644867223,261.06706489482,0.97741707853608,0.97723458413469,0.99981571212164,1539122801.1485,0.00020292584993596,0.00071119560592636,0.00029527211406289,1.2351638835794,2.584656910378e-05,2.584656910378e-05,3.4838148908544e-05,3.4838148908544e-05,2.584656910378e-05,0.38203697540822,0.38203697540822,0.38203697540822,0.255251843872,0.255251843872,0.255251843872,3.4838148908544e-05,65.891585556342,1.3917805673539e-17,8.2978379027375e-11,-5.4256694927314,-14.314282911098,-2.0110330805264,-5.7651451189086e-10,-5.0253621553177,-2.2205414830384,-1.0130566292316e-08,-16.321793068128,73.878025985714,527.44113742332,527.44113742332,527.4411464149,527.4411464149,527.44113742332,527.82314855215,527.82314855215,527.82314855215,527.69636342062,527.69636342062,527.69636342062,527.4411464149,252.81547314356,0.2868595395801,0.19807592345362,0.21373507991938,888.14238754866,-0.45774299433814,0.002831894337865,0.00040567121381412,885.14777655765,-0.00096456291236807,-0.45523792300537,0.011743197695117,4.9176569314508e-25,0,0,3.5883057318693e-31,1.2200824513859e-21,4.6018366474071e-33,0,2.6643082277881e-34,5.2560470451409e-32,0,8.6126376168095e-35,5.1222160255574e-33,5.8800242020722e-10,0,0,0.0015410534721765,0.010102765893923,2.6364954552825e-06,0,5.0104609816206e-11,1.2271968803415e-05,0,1.8583716191131e-11,1.2742292029148e-09
0.002415625,323.37164018283,118.35945154499,260.12464876714,0.97741707853608,0.97723458413469,0.99981571212164,1539900743.6697,0.00020332686049348,0.00071267571549867,0.00029573260403859,1.2356626866868,2.6457347616961e-05,2.6457347616961e-05,3.6563457510328e-05,3.6563457510328e-05,2.6457347616961e-05,0.38147207340425,0.38147207340425,0.38147207340425,0.2541923946474,0.2541923946474,0.2541923946474,3.6563457510328e-05,65.824310753521,1.3265048207764e-17,8.2181024258889e-11,-5.4382797067294,-14.342093180693,-2.0207227238275,-5.9399109234676e-10,-5.0382091815835,-2.2306086001287,-1.0407634634029e-08,-16.349949333465,73.790383808228,527.41917857574,527.41917857574,527.41918868185,527.41918868185,527.41917857574,527.8006241918,527.8006241918,527.8006241918,527.67334451304,527.67334451304,527.67334451304,527.41918868185,252.76812997657,0.28737786825724,0.19842812530856,0.21413054856009,888.15355887227,-0.46067413538497,0.0028570788298223,0.00040716379026461,885.15488702944,-0.00097157623014887,-0.4581307690557,0.011743197695117,4.7746673517991e-25,0,0,3.4434473288978e-31,1.1724383430267e-21,4.4258092161581e-33,0,2.5801715006932e-34,5.055467556269e-32,0,8.3568977878211e-35,4.9550625029137e-33,5.8800242020722e-10,0,0,0.0015410534721765,0.010102765893923,2.6364954552825e-06,0,5.0104609816206e-11,1.2271968803415e-05,0,1.8583716191131e-11,1.2742292029148e-09
0.002420625,321.83181850799,118.01390506954,259.18557316423,0.97741707853608,0.97723458413469,0.99981571212164,1540669273.389,0.00020372755171723,0.00071415583360157,0.00029619241602357,1.2361614738008,2.6905805071221e-05,2.6905805071221e-05,3.7959201359129e-05,3.7959201359129e-05,2.6905805071221e-05,0.38090675494911,0.38090675494911,0.38090675494911,0.25313517135831,0.25313517135831,0.25313517135831,3.7959201359129e-05,65.75710674864,1.2640450234574e-17,8.1380277996108e-11,-5.4508800139781,-14.369806329636,-2.0304394226266,-6.119104002626e-10,-5.0510475755104,-2.240700951854,-1.0691150785009e-08,-16.377982985467,73.702846356815,527.3969174227,527.3969174227,527.3969284761,527.3969284761,527.3969174227,527.77779727184,527.77779727184,527.77779727184,527.65002568825,527.65002568825,527.65002568825,527.3969284761,252.72042768447,0.28789588625576,0.19878008592325,0.21452585725138,888.16402579248,-0.4636149470923,0.0028822291663301,0.00040865003846142,885.16128242859,-0.00097859380236477,-0.46103330101215,0.011743197695117,4.6359931652459e-25,0,0,3.3046698764736e-31,1.1267141499885e-21,4.2568579552574e-33,0,2.4988676652456e-34,4.8628365836061e-32,0,8.1092124942349e-35,4.7935212960099e-33,5.8800242020722e-10,0,0,0.0015410534721765,0.010102765893923,2.6364954552825e-06,0,5.0104609816206e-11,1.2271968803415e-05,0,1.8583716191131e-11,1.2742292029148e-09
0.002425625,320.29760897192,117.66980632685,258.24983482785,0.97741707853608,0.97723458413469,0.99981571212164,1541428378.1762,0.00020412792297051,0.0007156359601723,0.00029665155196789,1.2366602448533,2.7410606610379e-05,2.7410606610379e-05,3.9771331533047e-05,3.9771331533047e-05,2.7410606610379e-05,0.38034102628773,0.38034102628773,0.38034102628773,0.25208018298046,0.25208018298046,0.25208018298046,3.9771331533047e-05,65.689973197994,1.2042923419624e-17,8.0576440319202e-11,-5.4634704095278,-14.397421979987,-2.0401831235472,-6.302809825336e-10,-5.0638772064148,-2.2508184534994,-1.0981230520506e-08,-16.405893691428,73.61541664872,527.37435620887,527.37435620887,527.37436856959,527.37436856959,527.37435620887,527.75466982455,527.75466982455,527.75466982455,527.62640898124,527.62640898124,527.62640898124,527.37436856959,252.67190536368,0.28841359397554,0.19913180561939,0.21492100619289,888.17379163976,-0.4665654123251,0.0029073444897671,0.00041012987593238,885.16696604929,-0.0009856150860532,-0.46394550133113,0.011743197695117,4.5014992940264e-25,0,0,3.1717082358539e-31,1.0828300779971e-21,4.0946841008379e-33,0,2.4202958518197e-34,4.6778264807427e-32,0,7.8693157888216e-35,4.6373983598942e-33,5.8800242020722e-10,0,0,0.0015410534721765,0.010102765893923,2.6364954552825e-06,0,5.0104609816206e-11,1.2271968803415e-05,0,1.8583716191131e-11,1.2742292029148e-09
0.002430625,318.76900572247,117.32715235947,257.31743038353,0.97741707853608,0.97723458413469,0.99981571212164,1542178121.8305,0.00020452797354727,0.0007171160951477,0.0002971100136849,1.2371589997715,2.8905422125324e-05,2.8905422125324e-05,4.1990825983809e-05,4.1990825983809e-05,2.8905422125324e-05,0.37977489366439,0.37977489366439,0.37977489366439,0.2510274383073,0.2510274383073,0.2510274383073,4.1990825983809e-05,65.622910392046,1.1471416531773e-17,7.9769813416283e-11,-5.4760507320656,-14.424939891155,-2.0499538049528,-6.4911149374371e-10,-5.0766980165781,-2.2609610892429,-1.127798988632e-08,-16.433681554809,73.528093122117,527.35149789407,527.35149789407,527.35151097947,527.35151097947,527.35149789407,527.73124388231,527.73124388231,527.73124388231,527.60249642695,527.60249642695,527.60249642695,527.35151097947,252.6234313577,0.2889309918159,0.19948328471821,0.21531599558376,888.18286044767,-0.46952551313843,0.0029324254332723,0.00041160366662385,885.17194190174,-0.00099263942868604,-0.46686735265503,0.011743197695117,4.3710550308149e-25,0,0,3.0443092774364e-31,1.0407097970749e-21,3.9390021183945e-33,0,2.3443592026948e-34,4.5001240184608e-32,0,7.6369502766995e-35,4.4865066846113e-33,5.8800242020722e-10,0,0,0.0015410534721765,0.010102765893923,2.6364954552825e-06,0,5.0104609816206e-11,1.2271968803415e-05,0,1.8583716191131e-11,1.2742292029148e-09
0.002435625,317.24600268634,116.98594016613,256.38835632812,0.97741707853608,0.97723458413469,0.99981571212164,1542918533.7737,0.00020492770240257,0.00071859623846304,0.00029756780293712,1.2376577384823,3.0035373547549e-05,3.0035373547549e-05,4.372823515126e-05,4.372823515126e-05,3.0035373547549e-05,0.37920836331524,0.37920836331524,0.37920836331524,0.24997694593204,0.24997694593204,0.24997694593204,4.372823515126e-05,65.555917607731,1.0924914197794e-17,7.8960692648372e-11,-5.4886210163983,-14.452359299417,-2.0597514681306,-6.6841070728923e-10,-5.0895099945314,-2.2711288549565,-1.1581547183017e-08,-16.461346848984,73.440877006549,527.32834312129,527.32834312129,527.32835681415,527.32835681415,527.32834312129,527.70752144923,527.70752144923,527.70752144923,527.57829003185,527.57829003185,527.57829003185,527.32835681415,252.57461370356,0.28944808017844,0.19983452354305,0.21571082562221,888.1912364621,-0.47249522974378,0.0029574716303598,0.00041307108564417,885.17621424437,-0.00099966617745372,-0.46979883507329,0.011743197695117,4.2445338921279e-25,0,0,2.9222313765061e-31,1.0002802768853e-21,3.789539081232e-33,0,2.2709650974665e-34,4.3294294466172e-32,0,7.4118669414729e-35,4.3406660502392e-33,5.8800242020722e-10,0,0,0.0015410534721765,0.010102765893923,2.6364954552825e-06,0,5.0104609816206e-11,1.2271968803415e-05,0,1.8583716191131e-11,1.2742292029148e-09
0.002440625,315.72859355909,116.64616669933,255.46260902378,0.97741707853608,0.97723458413469,0.99981571212164,1543649560.4784,0.00020532710913822,0.00072007639005804,0.0002980336208922,1.2381564609228,3.0843430215019e-05,3.0843430215019e-05,4.5677645181507e-05,4.5677645181507e-05,3.0843430215019e-05,0.37864144146654,0.37864144146654,0.37864144146654,0.24892871423344,0.24892871423344,0.24892871423344,4.5677645181507e-05,65.488996461857,1.0402434096412e-17,7.8149382428168e-11,-5.5011812690477,-14.479680688024,-2.0695760368485,-6.8818745729317e-10,-5.102312964233,-2.281321615721,-1.1892020802116e-08,-16.488889008942,73.353770482906,527.3048939177,527.3048939177,527.30490875192,527.30490875192,527.3048939177,527.68350451574,527.68350451574,527.68350451574,527.5537917885,527.5537917885,527.5537917885,527.30490875192,252.52453084278,0.28996485946537,0.20018552241821,0.21610549650675,888.19892245999,-0.47547454510163,0.0029824827174294,0.00041453236988002,885.17978580658,-0.0010066950843996,-0.47273993138941,0.011743197695117,4.1218135898911e-25,0,0,2.8052436395207e-31,9.61471508907e-22,3.6460339264919e-33,0,2.2000227679209e-34,4.1654549657486e-32,0,7.1938254879605e-35,4.1997022109778e-33,5.8800242020723e-10,0,0,0.0015410534721765,0.010102765893923,2.6364954552825e-06,0,5.0104609816206e-11,1.2271968803415e-05,0,1.8583716191131e-11,1.2742292029148e-09
0.002445625,314.21677185532,116.30782887709,254.54018472825,0.97741707853608,0.97723458413469,0.99981571212164,1544371279.2587,0.00020572619344852,0.00072155654987128,0.00029849908984333,1.238655167024,3.1508274778442e-05,3.1508274778442e-05,4.7921184774996e-05,4.7921184774996e-05,3.1508274778442e-05,0.37807413434618,0.37807413434618,0.37807413434618,0.24788275141401,0.24788275141401,0.24788275141401,4.7921184774996e-05,65.422147203855,9.903028241328e-18,7.7336181956308e-11,-5.5137312879048,-14.506903831382,-2.0794274700952,-7.0845069748765e-10,-5.1151068472853,-2.2915393305489,-1.2209531136409e-08,-16.516307995976,73.266771749441,527.28115246058,527.28115246058,527.28116887349,527.28116887349,527.28115246058,527.65919508665,527.65919508665,527.65919508665,527.52900370371,527.52900370371,527.52900370371,527.28116887349,252.47463157632,0.2904813300782,0.20053628166744,0.21650000843534,888.20592211007,-0.47846344269203,0.003007458271962,0.00041598677816656,885.18266023941,-0.0010137274564213,-0.47569062348896,0.011743197695117,4.0027757349988e-25,0,0,2.6931256105519e-31,9.2421649933888e-22,3.5082371211923e-33,0,2.1314452539531e-34,4.0079256231325e-32,0,6.9825941102446e-35,4.0634472803586e-33,5.8800242020723e-10,0,0,0.0015410534721765,0.010102765893923,2.6364954552825e-06,0,5.0104609816206e-11,1.2271968803415e-05,0,1.8583716191131e-11,1.2742292029148e-09
0.002450625,312.71053088521,115.97092357779,253.62107958077,0.97741707853608,0.97723458413469,0.99981571212164,1545083742.1124,0.00020612495453875,0.00072303671784144,0.00029896390621065,1.2391538567167,3.2167914089006e-05,3.2167914089006e-05,4.9647933056149e-05,4.9647933056149e-05,3.2167914089006e-05,0.37750644817705,0.37750644817705,0.37750644817705,0.24683906547393,0.24683906547393,0.24683906547393,4.9647933056149e-05,65.355369943826,9.4257812245832e-18,7.6521388814642e-11,-5.5262710158263,-14.534028424013,-2.089305722361,-7.2920948814692e-10,-5.1278915767813,-2.3017819567316,-1.2534199717816e-08,-16.543603800937,73.179881150524,527.25712085405,527.25712085405,527.25713833407,527.25713833407,527.25712085405,527.63459513431,527.63459513431,527.63459513431,527.50392775161,527.50392775161,527.50392775161,527.25713833407,252.42464088617,0.29099749241933,0.20088680161537,0.2168943616054,888.21223916777,-0.48146190233914,0.0030323984335133,0.00041743478523608,885.18484129072,-0.0010207609190896,-0.47865089250921,0.011743197695117,3.8873057800955e-25,0,0,2.585666735026e-31,8.884511214722e-22,3.3759100393893e-33,0,2.0651489661722e-34,3.8565781688801e-32,0,6.7779490179441e-35,3.9317393829293e-33,5.8800242020723e-10,0,0,0.0015410534721765,0.010102765893923,2.6364954552825e-06,0,5.0104609816206e-11,1.2271968803415e-05,0,1.8583716191131e-11,1.2742292029148e-09
0.002455625,311.20986375382,115.63544764022,252.70528960139,0.97741707853608,0.97723458413469,0.99981571212164,1545786972.9781,0.00020652339185451,0.00072451689390879,0.00029942807164994,1.2396525299358,3.2755634450262e-05,3.2755634450262e-05,5.2000941569666e-05,5.2000941569666e-05,3.2755634450262e-05,0.37693838917439,0.37693838917439,0.37693838917439,0.24579766420892,0.24579766420892,0.24579766420892,5.2000941569666e-05,65.28866425864,8.9698090008379e-18,7.570530058484e-11,-5.5388005063288,-14.561054092659,-2.0992107340295,-7.5047297797716e-10,-5.1406670385827,-2.312049397824,-1.286614940298e-08,-16.570776203196,73.093101172964,527.23280098317,527.23280098317,527.23282022847,527.23282022847,527.23280098317,527.60970661671,527.60970661671,527.60970661671,527.47856589174,527.47856589174,527.47856589174,527.23282022847,252.37791996202,0.29151334689285,0.20123708258846,0.21728855621401,888.21787690203,-0.48446990683377,0.0030573036944587,0.00041887639924686,885.18633222386,-0.001027796268031,-0.48162072092906,0.011743197695117,3.7752928151549e-25,0,0,2.4826659249806e-31,8.5411395817476e-22,3.2488244781564e-33,0,2.0010534274306e-34,3.7111602503526e-32,0,6.5796735173955e-35,3.8044223921791e-33,5.8800242020723e-10,0,0,0.0015410534721765,0.010102765893923,2.6364954552825e-06,0,5.0104609816206e-11,1.2271968803415e-05,0,1.8583716191131e-11,1.2742292029148e-09
0.002460625,309.71476337686,115.30139786722,251.79281070064,0.97741707853608,0.97723458413469,0.99981571212164,1546480996.9867,0.00020692150474126,0.00072599707801233,0.00029989158782484,1.240151186611,3.3453247200003e-05,3.3453247200003e-05,5.4165613479791e-05,5.4165613479791e-05,3.3453247200003e-05,0.37636996355044,0.37636996355044,0.37636996355044,0.24475855521637,0.24475855521637,0.24475855521637,5.4165613479791e-05,65.222031152536,8.5342585378063e-18,7.4888208874796e-11,-5.5513195589109,-14.587980790566,-2.1091424827232,-7.7225043537477e-10,-5.1534332052195,-2.3223416351871,-1.3205504019694e-08,-16.597825401178,73.006429290312,527.20819497847,527.20819497847,527.20821569083,527.20821569083,527.20819497847,527.58453148877,527.58453148877,527.58453148877,527.45292008044,527.45292008044,527.45292008044,527.20821569083,252.35223753359,0.29202889390199,0.20158712491238,0.21768259245766,888.22283932432,-0.48748743534607,0.003082173902376,0.00042031148571215,885.18713705078,-0.001034831298681,-0.48460008868661,0.011743197695117,3.6666295261844e-25,0,0,2.3839311127832e-31,8.2114622473373e-22,3.12676224532e-33,0,1.9390812914424e-34,3.5714306454412e-32,0,6.3875587764119e-35,3.6813457468144e-33,5.8800242020723e-10,0,0,0.0015410534721765,0.010102765893923,2.6364954552825e-06,0,5.0104609816206e-11,1.2271968803415e-05,0,1.8583716191131e-11,1.2742292029148e-09
0.002465625,308.22522245935,114.96877102011,250.88363866605,0.97741707853608,0.97723458413469,0.99981571212164,1547165834.7864,0.00020731929262865,0.00072747727009244,0.00030035445637887,1.2406498266775,3.5062029279091e-05,3.5062029279091e-05,5.6488047830743e-05,5.6488047830743e-05,3.5062029279091e-05,0.37580117750678,0.37580117750678,0.37580117750678,0.24372174587255,0.24372174587255,0.24372174587255,5.6488047830743e-05,65.155470302279,8.1183061321838e-18,7.4070405597004e-11,-5.5638282206439,-14.61480812689,-2.1191009051766,-7.9455120556067e-10,-5.1661899743426,-2.3326585827223,-1.3552388246217e-08,-16.624751256717,72.919868250952,527.18330556241,527.18330556241,527.18332698843,527.18332698843,527.18330556241,527.55907167789,527.55907167789,527.55907167789,527.42699224626,527.42699224626,527.42699224626,527.18332698843,252.32739838784,0.29254413385229,0.20193692891508,0.21807647053241,888.22712982545,-0.49051446894138,0.0031070090159075,0.0004217400867364,885.1872591753,-0.0010418658634162,-0.48758897663112,0.011743197695117,3.5612120161227e-25,0,0,2.2892788140953e-31,7.8949162356371e-22,3.009514621073e-33,0,1.8791580002898e-34,3.4371579549306e-32,0,6.201402991845e-35,3.5623641160529e-33,5.8800242020723e-10,0,0,0.0015410534721765,0.010102765893923,2.6364954552825e-06,0,5.0104609816206e-11,1.2271968803415e-05,0,1.8583716191131e-11,1.2742292029148e-09
0.002470625,306.74123351939,114.63756382506,249.97776917708,0.97741707853608,0.97723458413469,0.99981571212164,1547841510.2015,0.00020771675482768,0.0007289574700887,0.00030081667905122,1.2411484500664,3.6725253666767e-05,3.6725253666767e-05,5.8701029355462e-05,5.8701029355462e-05,3.6725253666767e-05,0.37523203724158,0.37523203724158,0.37523203724158,0.24268724334508,0.24268724334508,0.24268724334508,5.8701029355462e-05,65.08898094801,7.7211571794648e-18,7.3252177061532e-11,-5.576326416532,-14.641535393742,-2.1290859736199,-8.173847378972e-10,-5.1789373017346,-2.343000199919,-1.3906927530571e-08,-16.651553976954,72.833418193191,527.15813380037,527.15813380037,527.15815577615,527.15815577615,527.15813380037,527.53332911236,527.53332911236,527.53332911236,527.40078431846,527.40078431846,527.40078431846,527.15815577615,252.30587241115,0.29305906714983,0.20228649492517,0.21847019063374,888.2307523777,-0.4935509886613,0.0031318087891535,0.00042316157025474,885.18670259241,-0.0010489005430294,-0.49058736464613,0.011743197695117,3.4589397486193e-25,0,0,2.1985337673538e-31,7.5909624537542e-22,2.8968819844033e-33,0,1.8212118676485e-34,3.3081206416881e-32,0,6.0210115808259e-35,3.4473373709866e-33,5.8800242020723e-10,0,0,0.0015410534721765,0.010102765893923,2.6364954552825e-06,0,5.0104609816206e-11,1.2271968803415e-05,0,1.8583716191131e-11,1.2742292029148e-09
0.002475625,305.26278887491,114.30777296997,249.07519779691,0.97741707853608,0.97723458413469,0.99981571212164,1548508041.7076,0.00020811389093799,0.00073043767794248,0.00030127825730917,1.2416470567154,3.9385668781007e-05,3.9385668781007e-05,6.0886366384715e-05,6.0886366384715e-05,3.9385668781007e-05,0.37466254894457,0.37466254894457,0.37466254894457,0.24165505457426,0.24165505457426,0.24165505457426,6.0886366384715e-05,65.02256454939,7.3420446297763e-18,7.2433810852318e-11,-5.5888141181457,-14.668163066578,-2.1390976136538,-8.4076057075902e-10,-5.1916750729205,-2.3533663812334,-1.4269248682575e-08,-16.678233375039,72.747079833484,527.13268253263,527.13268253263,527.13270403332,527.13270403332,527.13268253263,527.5073056959,527.5073056959,527.5073056959,527.37429820153,527.37429820153,527.37429820153,527.13270403332,252.28413484705,0.29357369420141,0.20263582327194,0.21886375295682,888.23371016337,-0.49659697557874,0.0031565730057847,0.00042457617745307,885.1854705016,-0.001055935719878,-0.49359523318263,0.011743197695117,3.359715407382e-25,0,0,2.1115284686586e-31,7.29908440178e-22,2.7886733560743e-33,0,1.7651735469745e-34,3.1841064867367e-32,0,5.8461958662667e-35,3.3361302849508e-33,5.8800242020723e-10,0,0,0.0015410534721765,0.010102765893923,2.6364954552825e-06,0,5.0104609816206e-11,1.2271968803415e-05,0,1.8583716191131e-11,1.2742292029148e-09
0.002480625,303.78988066597,113.97939510904,248.17591998546,0.97741707853608,0.97723458413469,0.99981571212164,1549165456.0272,0.00020851070034741,0.00073191789359452,0.00030173919288012,1.2421456465581,4.2895500731005e-05,4.2895500731005e-05,6.3381602742295e-05,6.3381602742295e-05,4.2895500731005e-05,0.37409271880165,0.37409271880165,0.37409271880165,0.24062518628761,0.24062518628761,0.24062518628761,6.3381602742295e-05,64.956219948215,6.9802290472411e-18,7.1615587845885e-11,-5.6012912730196,-14.694690290138,-2.1491357788553,-8.6468834754039e-10,-5.2044032440422,-2.3637570798015,-1.4639479367422e-08,-16.704789593727,72.660853848702,527.10695351383,527.10695351383,527.10697399993,527.10697399993,527.10695351383,527.48100333713,527.48100333713,527.48100333713,527.34753580461,527.34753580461,527.34753580461,527.10697399993,252.26194191608,0.29408801541475,0.20298491428577,0.21925715769623,888.23600695824,-0.49965240813821,0.0031813026251765,0.00042598438239324,885.18356670702,-0.0010629697347665,-0.49661256216838,0.011743197695117,3.2634448555489e-25,0,0,2.0281028861264e-31,7.0187876175e-22,2.684706078619e-33,0,1.7109763732942e-34,3.0649122819022e-32,0,5.6767749007949e-35,3.2286122985686e-33,5.8800242020723e-10,0,0,0.0015410534721765,0.010102765893923,2.6364954552825e-06,0,5.0104609816206e-11,1.2271968803415e-05,0,1.8583716191131e-11,1.2742292029148e-09
0.002485625,302.32250084214,113.65242686039,247.27993109196,0.97741707853608,0.97723458413469,0.99981571212164,1549813777.1143,0.0002089071823663,0.00073339811698573,0.00030219948765331,1.2426442195297,4.5928726616223e-05,4.5928726616223e-05,6.5649727754524e-05,6.5649727754524e-05,4.5928726616223e-05,0.37352255299083,0.37352255299083,0.37352255299083,0.23959764497983,0.23959764497983,0.23959764497983,6.5649727754524e-05,64.889948127057,6.6349973250431e-18,7.0797784821727e-11,-5.6137578102473,-14.721117147026,-2.1592004088601,-8.8917781355016e-10,-5.2171217642648,-2.3741722393725,-1.5017748320301e-08,-16.731222732335,72.574739882283,527.08094729533,527.08094729533,527.08096701633,527.08096701633,527.08094729533,527.45442391959,527.45442391959,527.45442391959,527.32049901158,527.32049901158,527.32049901158,527.08096701633,252.23958177534,0.29460203119797,0.20333376829744,0.21965040504606,888.23764641218,-0.50271726641345,0.0032059974132613,0.00042738669728167,885.18099488341,-0.0010700029061347,-0.49963933055795,0.011743197695117,3.1700370198119e-25,0,0,1.9481040702639e-31,6.7495984868988e-22,2.584805388665e-33,0,1.658555866387e-34,2.9503434765946e-32,0,5.5125737274938e-35,3.124657436679e-33,5.8800242020723e-10,0,0,0.0015410534721765,0.010102765893923,2.6364954552825e-06,0,5.0104609816206e-11,1.2271968803415e-05,0,1.8583716191131e-11,1.2742292029148e-09
0.002490625,300.86064116268,113.32686480526,246.38722635447,0.97741707853608,0.97723458413469,0.99981571212164,1550453021.9848,0.00020930333641847,0.00073487834805981,0.00030265914319174,1.2431427755725,4.8905532078215e-05,4.8905532078215e-05,6.8457496200576e-05,6.8457496200576e-05,4.8905532078215e-05,0.3729520576808,0.3729520576808,0.3729520576808,0.23857243690555,0.23857243690555,0.23857243690555,6.8457496200576e-05,64.823750742738,6.3056614398594e-18,6.9980681459644e-11,-5.6262136717056,-14.747444199861,-2.1692913987798,-9.1423879197881e-10,-5.2298304803703,-2.3846117267145,-1.5404185556414e-08,-16.757532411385,72.488738783657,527.05466616639,527.05466616639,527.05468571835,527.05468571835,527.05466616639,527.42756931854,527.42756931854,527.42756931854,527.29318969776,527.29318969776,527.29318969776,527.05468571835,252.21702642345,0.29511574195927,0.20368238563803,0.22004349520045,888.2386312117,-0.5057915299918,0.003230657565653,0.00042878274089317,885.17775772878,-0.0010770337407243,-0.50267551899762,0.011743197695117,3.0794035499749e-25,0,0,1.8713857746456e-31,6.4910629953006e-22,2.4888040010081e-33,0,1.6078499295968e-34,2.840213406598e-32,0,5.3534207447999e-35,3.0241443009371e-33,5.8800242020723e-10,0,0,0.0015410534721765,0.010102765893923,2.6364954552825e-06,0,5.0104609816206e-11,1.2271968803415e-05,0,1.8583716191131e-11,1.2742292029148e-09
0.002495625,299.40429323484,113.00270549848,245.49780092406,0.97741707853608,0.97723458413469,0.99981571212164,1551083217.9283,0.00020969916194215,0.0007363585867595,0.00030311816119907,1.243641314622,5.1460160313323e-05,5.1460160313323e-05,7.1094673311955e-05,7.1094673311955e-05,5.1460160313323e-05,0.37238123904232,0.37238123904232,0.37238123904232,0.23754956809591,0.23754956809591,0.23754956809591,7.1094673311955e-05,64.757627614047,5.9915586810937e-18,6.9164551035066e-11,-5.6386586827449,-14.773671077293,-2.1794086949768,-9.3988122432865e-10,-5.2425293360848,-2.3950754819959,-1.5798922257338e-08,-16.783718748912,72.402848976627,527.02811163624,527.02811163624,527.02813127075,527.02813127075,527.02811163624,527.40044141512,527.40044141512,527.40044141512,527.26560974418,527.26560974418,527.26560974418,527.02813127075,252.19448145649,0.29562914810615,0.20403076663805,0.22043642835297,888.23896499286,-0.50887517903979,0.0032552828135492,0.00043017184460272,885.1738588946,-0.001084062134646,-0.50572110663006,0.011743197695117,2.9914589932255e-25,0,0,1.7978083090061e-31,6.2427466041094e-22,2.3965419031655e-33,0,1.5587990030976e-34,2.7343434995013e-32,0,5.1991520079447e-35,2.9269557439751e-33,5.8800242020723e-10,0,0,0.0015410534721765,0.010102765893923,2.6364954552825e-06,0,5.0104609816206e-11,1.2271968803415e-05,0,1.8583716191131e-11,1.2742292029148e-09
0.002500625,297.95344848608,112.67994546115,244.61164984716,0.97741707853608,0.97723458413469,0.99981571212164,1551704394.4583,0.00021009465837078,0.00073783883302878,0.00030357654342568,1.2441398366187,5.3538328172783e-05,5.3538328172783e-05,7.3552452862773e-05,7.3552452862773e-05,5.3538328172783e-05,0.37181010323729,0.37181010323729,0.37181010323729,0.23652904432822,0.23652904432822,0.23652904432822,7.3552452862773e-05,64.691579224872,5.6920503247261e-18,6.8349661069007e-11,-5.6510928897642,-14.799797726782,-2.1895522044767,-9.6611514475236e-10,-5.2552182193107,-2.4055633900689,-1.620209071374e-08,-16.809781489542,72.317072223037,527.0012854925,527.0012854925,527.00130550662,527.00130550662,527.0012854925,527.37304205741,527.37304205741,527.37304205741,527.2377609985,527.2377609985,527.2377609985,527.00130550662,252.17143161455,0.29614225004744,0.20437891162955,0.22082920469689,888.23865074581,-0.51196819410886,0.0032798733758935,0.00043155394284215,885.16930139256,-0.0010910880805767,-0.50877607367204,0.011743197695117,2.9061206232806e-25,0,0,1.7272381208118e-31,6.0042328310764e-22,2.3078659642042e-33,0,1.5113455157367e-34,2.6325625157783e-32,0,5.0496086140799e-35,2.8329785883211e-33,5.8800242020723e-10,0,0,0.0015410534721765,0.010102765893923,2.6364954552825e-06,0,5.0104609816206e-11,1.2271968803415e-05,0,1.8583716191131e-11,1.2742292029148e-09
0.002505625,296.50809817821,112.35858118366,243.72876807391,0.97741707853608,0.97723458413469,0.99981571212164,1552316578.939,0.00021048982510957,0.00073931908830301,0.00030403429156483,1.244638341502,5.6317008847498e-05,5.6317008847498e-05,7.5911310565809e-05,7.5911310565809e-05,5.6317008847498e-05,0.3712386564226,0.3712386564226,0.3712386564226,0.23551087112684,0.23551087112684,0.23551087112684,7.5911310565809e-05,64.625605640542,5.4065210840368e-18,6.7536276502814e-11,-5.6635162078366,-14.825823943881,-2.199721838451,-9.9295068715383e-10,-5.2678970388614,-2.4160753535067,-1.6613824392417e-08,-16.835720535292,72.231408651992,526.97419075524,526.97419075524,526.97421034954,526.97421034954,526.97419075524,527.34537309466,527.34537309466,527.34537309466,527.20964530936,527.20964530936,527.20964530936,526.97421034954,252.14835614999,0.29665504819225,0.20472682094492,0.22122182442504,888.23769163805,-0.51507055495431,0.0033044285240021,0.00043292954254404,885.16408841452,-0.0010981108003575,-0.51184039923946,0.011743197695117,2.8233083525757e-25,0,0,1.6595475431577e-31,5.7751227062056e-22,2.2226296294597e-33,0,1.4654339853823e-34,2.53470635159e-32,0,4.9046371229035e-35,2.7421036769732e-33,5.8800242020723e-10,0,0,0.0015410534721765,0.010102765893923,2.6364954552825e-06,0,5.0104609816206e-11,1.2271968803415e-05,0,1.8583716191131e-11,1.2742292029148e-09
0.002510625,295.0682334093,112.03860912693,242.84915045968,0.97741707853608,0.97723458413469,0.99981571212164,1552919801.1798,0.00021088466161147,0.00074079942646261,0.00030449140730814,1.2451368292069,5.8832669901934e-05,5.8832669901934e-05,7.8723848889317e-05,7.8723848889317e-05,5.8832669901934e-05,0.37066690474977,0.37066690474977,0.37066690474977,0.23449505374723,0.23449505374723,0.23449505374723,7.8723848889317e-05,64.55970528258,5.1343785070712e-18,6.6724656198412e-11,-5.6759286395893,-14.851748733206,-2.2099175443431,-1.0203980540901e-09,-5.2805657631834,-2.4266112988843,-1.7034255600293e-08,-16.861536074603,72.145859190033,526.94682828717,526.94682828717,526.94684817835,526.94684817835,526.94682828717,527.31743635925,527.31743635925,527.31743635925,527.18126450825,527.18126450825,527.18126450825,526.94684817835,252.12513471439,0.29716754295033,0.20507449491747,0.22161428772972,888.23609147658,-0.51818224065549,0.0033289490579553,0.00043429845637635,885.15822380669,-0.0011051300636833,-0.51491406268533,0.011743197695117,2.7429446556941e-25,0,0,1.5946146133282e-31,5.555034119291e-22,2.1406926777164e-33,0,1.4210111758724e-34,2.4406177168264e-32,0,4.7640900875971e-35,2.654225632887e-33,5.8800242020723e-10,0,0,0.0015410534721765,0.010102765893923,2.6364954552825e-06,0,5.0104609816206e-11,1.2271968803415e-05,0,1.8583716191131e-11,1.2742292029148e-09
0.002515625,293.6338451007,111.72002571898,241.97279175703,0.97741707853608,0.97723458413469,0.99981571212164,1553514086.6015,0.00021127916723335,0.00074227977194445,0.00030494789240568,1.2456352996724,6.2711895638454e-05,6.2711895638454e-05,8.1607263324595e-05,8.1607263324595e-05,6.2711895638454e-05,0.37009485436104,0.37009485436104,0.37009485436104,0.23348159714682,0.23348159714682,0.23348159714682,8.1607263324595e-05,64.493880499463,4.8750518099492e-18,6.5915055286593e-11,-5.6883299754261,-14.877572784181,-2.2201392278972,-1.0484675658451e-09,-5.2932243289266,-2.4371711490989,-1.7463519313338e-08,-16.887228157767,72.06042261351,526.91920151463,526.91920151463,526.91922041,526.91922041,526.91920151463,527.2892336571,527.2892336571,527.2892336571,527.15262039988,527.15262039988,527.15262039988,526.91922041,252.10168749203,0.29767973473178,0.20542193388062,0.22200659480273,888.23385366682,-0.52130323049465,0.0033534349382162,0.00043566078332649,885.15171101466,-0.0011121456055247,-0.51799704270485,0.011743197695117,2.6649544805419e-25,0,0,1.5323226605182e-31,5.3436009376379e-22,2.061920852515e-33,0,1.3780256424714e-34,2.3501460429253e-32,0,4.6278248124436e-35,2.5692428491831e-33,5.8800242020723e-10,0,0,0.0015410534721765,0.010102765893923,2.6364954552825e-06,0,5.0104609816206e-11,1.2271968803415e-05,0,1.8583716191131e-11,1.2742292029148e-09
0.002520625,292.20492400933,111.40282735837,241.09968662315,0.97741707853608,0.97723458413469,0.99981571212164,1554099461.6663,0.00021167334138249,0.00074376012468764,0.00030540374854711,1.2461337528347,6.6454769737898e-05,6.6454769737898e-05,8.4214685850574e-05,8.4214685850574e-05,6.6454769737898e-05,0.36952251139117,0.36952251139117,0.36952251139117,0.23247050597513,0.23247050597513,0.23247050597513,8.4214685850574e-05,64.428129014388,4.6279917069649e-18,6.5107715378885e-11,-5.7007203776419,-14.903294799907,-2.2303868558779,-1.0771696475199e-09,-5.3058727302596,-2.447754862551,-1.7901750768376e-08,-16.912797043635,71.975101237003,526.89131073692,526.89131073692,526.89132849684,526.89132849684,526.89131073692,527.26076679354,527.26076679354,527.26076679354,527.12371478812,527.12371478812,527.12371478812,526.89132849684,252.07776456107,0.29819162394806,0.20576913816945,0.22239874583527,888.23098201472,-0.52443350243702,0.0033778868036165,0.00043701707009546,885.14455389629,-0.0011191566037877,-0.52108931749051,0.011743197695117,2.5892652082814e-25,0,0,1.4725601966052e-31,5.1404724654572e-22,1.9861856677388e-33,0,1.336427967459e-34,2.2631468477436e-32,0,4.4957043507544e-35,2.4870570984369e-33,5.8800242020723e-10,0,0,0.0015410534721765,0.010102765893923,2.6364954552825e-06,0,5.0104609816206e-11,1.2271968803415e-05,0,1.8583716191131e-11,1.2742292029148e-09
0.002525625,290.78146070807,111.0870104073,240.22982960683,0.97741707853608,0.97723458413469,0.99981571212164,1554675920.0852,0.00021206718335289,0.00074524048463391,0.00030585897771858,1.2466321886386,7.1196521802756e-05,7.1196521802756e-05,8.6745909402354e-05,8.6745909402354e-05,7.1196521802756e-05,0.36894988196092,0.36894988196092,0.36894988196092,0.23146178453218,0.23146178453218,0.23146178453218,8.6745909402354e-05,64.362453102727,4.3926690402572e-18,6.4302881151989e-11,-5.7130997562682,-14.928915622427,-2.2406603047902,-1.1065147922665e-09,-5.3185108178536,-2.4583622785751,-1.8349086342018e-08,-16.938242485315,71.889895531108,526.8631588681,526.8631588681,526.86317441749,526.86317441749,526.8631588681,527.23203755354,527.23203755354,527.23203755354,527.09454945611,527.09454945611,527.09454945611,526.86317441749,252.05382697685,0.29870321101134,0.20611610811961,0.22279074101836,888.22747924861,-0.52757303584142,0.0034023049805092,0.00043836622470144,885.13675522825,-0.0011261630452674,-0.52419086628028,0.011743197695117,2.5158064054494e-25,0,0,1.4152205353228e-31,4.9453122674788e-22,1.9133640443026e-33,0,1.2961702690675e-34,2.1794816895118e-32,0,4.3675941418994e-35,2.4075737954093e-33,5.8800242020723e-10,0,0,0.0015410534721765,0.010102765893923,2.6364954552825e-06,0,5.0104609816206e-11,1.2271968803415e-05,0,1.8583716191131e-11,1.2742292029148e-09
0.002530625,289.36344563045,110.77257120463,239.36321517691,0.97741707853608,0.97723458413469,0.99981571212164,1555243515.3641,0.00021246069267086,0.00074672085172437,0.00030631358157481,1.2471306070233,7.5222352498237e-05,7.5222352498237e-05,8.9613363640709e-05,8.9613363640709e-05,7.5222352498237e-05,0.36837697219113,0.36837697219113,0.36837697219113,0.23045543677047,0.23045543677047,0.23045543677047,8.9613363640709e-05,64.296851378939,4.1685749974113e-18,6.3500791515667e-11,-5.7254680424356,-14.954434460676,-2.2509594967791,-1.1365136018395e-09,-5.3311385403444,-2.4689933386691,-1.8805663782898e-08,-16.963564677634,71.804805737782,526.83474598367,526.83474598367,526.83476037468,526.83476037468,526.83474598367,527.20304773351,527.20304773351,527.20304773351,527.06512619809,527.06512619809,527.06512619809,526.83476037468,252.02972087296,0.29921449633382,0.20646284406711,0.22318258054248,888.22334889276,-0.53072180925847,0.0034266884088696,0.00043970956839709,885.12831857107,-0.0011331649457102,-0.52730166620867,0.011743197695117,2.4445099683438e-25,0,0,1.3602016993022e-31,4.7577983478313e-22,1.8433381989167e-33,0,1.2572066979652e-34,2.0990179966274e-32,0,4.2433665598453e-35,2.3307015003008e-33,5.8800242020723e-10,0,0,0.0015410534721765,0.010102765893923,2.6364954552825e-06,0,5.0104609816206e-11,1.2271968803415e-05,0,1.8583716191131e-11,1.2742292029148e-09
0.002535625,287.95086904919,110.45950605995,238.49983770852,0.97741707853608,0.97723458413469,0.99981571212164,1555802246.8893,0.00021285386879118,0.00074820122590105,0.0003067675617772,1.2476290079327,7.8921213542052e-05,7.8921213542052e-05,9.2504672545528e-05,9.2504672545528e-05,7.8921213542052e-05,0.36780378819299,0.36780378819299,0.36780378819299,0.22945146623988,0.22945146623988,0.22945146623988,9.2504672545528e-05,64.231326724915,3.9552198607237e-18,6.2701680149626e-11,-5.7378250384164,-14.979852280229,-2.2612843142056,-1.1671768284254e-09,-5.3437557894094,-2.4796479032978,-1.9271622363508e-08,-16.988763439362,71.719830376113,526.80607423339,526.80607423339,526.80608781685,526.80608781685,526.80607423339,527.17379910037,527.17379910037,527.17379910037,527.03544677842,527.03544677842,527.03544677842,526.80608781685,252.0053828244,0.29972548032721,0.20680934634737,0.22357426459788,888.21859386725,-0.53387980115381,0.0034510384687797,0.00044104561842246,885.11924689571,-0.0011401610915728,-0.5304216966813,0.011743197695117,2.3753099030377e-25,0,0,1.3074061211095e-31,4.5776215975026e-22,1.7759953049072e-33,0,1.2194926391581e-34,2.0216285366623e-32,0,4.1228953350504e-35,2.2563521408224e-33,5.8800242020723e-10,0,0,0.0015410534721765,0.010102765893923,2.6364954552825e-06,0,5.0104609816206e-11,1.2271968803415e-05,0,1.8583716191131e-11,1.2742292029148e-09
0.002540625,286.54372109248,110.14781125771,237.63969149307,0.97741707853608,0.97723458413469,0.99981571212164,1556352174.5086,0.00021324671120127,0.00074968160710819,0.00030722092003738,1.2481273913099,8.2641829003811e-05,8.2641829003811e-05,9.6280019279871e-05,9.6280019279871e-05,8.2641829003811e-05,0.36723033607327,0.36723033607327,0.36723033607327,0.22844987604887,0.22844987604887,0.22844987604887,9.6280019279871e-05,64.16587851224,3.7521327996355e-18,6.1905776610102e-11,-5.7501707712329,-15.005168643227,-2.2716346347276,-1.1985151176964e-09,-5.3563624557962,-2.4903258368228,-1.9747099678081e-08,-17.013838709444,71.634970524075,526.77714572825,526.77714572825,526.77715936644,526.77715936644,526.77714572825,527.1442934225,527.1442934225,527.1442934225,527.00551296247,527.00551296247,527.00551296247,526.77715936644,251.98078697147,0.3002361634039,0.20715561529674,0.22396579337439,888.21321721986,-0.53704698988061,0.0034753549036702,0.00044237434638269,885.10954329711,-0.0011471506099777,-0.53355093563394,0.011743197695117,2.3081423086371e-25,0,0,1.2567405121691e-31,4.4044861117629e-22,1.7112273381752e-33,0,1.1829852451384e-34,1.9471914395978e-32,0,4.0060598765972e-35,2.1844405802283e-33,5.8800242020723e-10,0,0,0.0015410534721765,0.010102765893923,2.6364954552825e-06,0,5.0104609816206e-11,1.2271968803415e-05,0,1.8583716191131e-11,1.2742292029148e-09
0.002545625,285.14199174515,109.83748305741,236.78277073882,0.97741707853608,0.97723458413469,0.99981571212164,1556893328.9093,0.00021363921933789,0.00075116199528894,0.00030767365807949,1.2486257570939,8.6337922527353e-05,8.6337922527353e-05,9.9505532927245e-05,9.9505532927245e-05,8.6337922527353e-05,0.36665662193375,0.36665662193375,0.36665662193375,0.22745066879875,0.22745066879875,0.22745066879875,9.9505532927245e-05,64.100506858554,3.5588613882434e-18,6.1113298343029e-11,-5.7625051044023,-15.030383235219,-2.2820104084364,-1.2305391973068e-09,-5.3689585468514,-2.5010270690305,-2.0232232693733e-08,-17.038790759921,71.55022480584,526.7479621686,526.7479621686,526.74797533621,526.74797533621,526.7479621686,527.11453245261,527.11453245261,527.11453245261,526.97532649948,526.97532649948,526.97532649948,526.74797533621,251.95594145085,0.30074654597542,0.2075016512509,0.22435716706135,888.20722265148,-0.54022335464201,0.0034996384395972,0.00044369562027166,885.09921151626,-0.0011541341559356,-0.53668936141847,0.011743197695117,2.242945308149e-25,0,0,1.2081156586119e-31,4.2381081542715e-22,1.6489308677022e-33,0,1.1476432960284e-34,1.8755898192447e-32,0,3.8927437609877e-35,2.1148846787669e-33,5.8800242020723e-10,0,0,0.0015410534721765,0.010102765893923,2.6364954552825e-06,0,5.0104609816206e-11,1.2271968803415e-05,0,1.8583716191131e-11,1.2742292029148e-09
0.002550625,283.74567082899,109.52851768846,235.92906955854,0.97741707853608,0.97723458413469,0.99981571212164,1557425735.7354,0.00021403139262314,0.00075264239038758,0.00030812577760988,1.2491241052312,8.9915715045499e-05,8.9915715045499e-05,0.00010348997326593,0.00010348997326593,8.9915715045499e-05,0.3660826518627,0.3660826518627,0.3660826518627,0.2264538464736,0.2264538464736,0.2264538464736,0.00010348997326593,64.035211597283,3.3749705036288e-18,6.0324458933487e-11,-5.7748281926842,-15.055495914652,-2.2924114747312,-1.2632600120246e-09,-5.3815439088925,-2.5117514322577,-2.0727164451403e-08,-17.063619450096,71.465596682851,526.71852518191,526.71852518191,526.71853875617,526.71853875617,526.71852518191,527.08451791806,527.08451791806,527.08451791806,526.94488911267,526.94488911267,526.94488911267,526.71853875617,251.93086490513,0.30125662845674,0.20784745454858,0.22474838584737,888.20061297322,-0.54340887281469,0.0035238877884043,0.0004450102672899,885.08825445383,-0.001161111393928,-0.53983695036742,0.011743197695117,2.1796589462372e-25,0,0,1.1614462363433e-31,4.0782161653941e-22,1.5890068098629e-33,0,1.1134270888865e-34,1.8067116250809e-32,0,3.7828346584125e-35,2.0476050465971e-33,5.8800242020723e-10,0,0,0.0015410534721765,0.010102765893923,2.6364954552825e-06,0,5.0104609816206e-11,1.2271968803415e-05,0,1.8583716191131e-11,1.2742292029148e-09
0.002555625,282.35474803581,109.22091136022,235.07858199108,0.97741707853608,0.97723458413469,0.99981571212164,1557949419.0567,0.00021442323065391,0.00075412279234783,0.00030857727996558,1.2496224356631,9.405000378757e-05,9.405000378757e-05,0.00010763532811276,0.00010763532811276,9.405000378757e-05,0.36550843194982,0.36550843194982,0.36550843194982,0.22545941033665,0.22545941033665,0.22545941033665,0.00010763532811276,63.969993766341,3.2000421664605e-18,5.9539465787688e-11,-5.7871397630307,-15.080506811561,-2.3028377268218,-1.2966886558189e-09,-5.3941185078371,-2.5224988481527,-2.1232039187495e-08,-17.088325053861,71.381083297228,526.68883717496,526.68883717496,526.68885076029,526.68885076029,526.68883717496,527.05425155691,527.05425155691,527.05425155691,526.9142025353,526.9142025353,526.9142025353,526.68885076029,251.90554678985,0.30176641126072,0.20819302552668,0.22513944992078,888.193391721,-0.54660352192389,0.0035481037445754,0.00044631854991603,885.07667570108,-0.0011680818603796,-0.54299368016103,0.011743197695117,2.1182251917576e-25,0,0,1.116650602727e-31,3.9245497852418e-22,1.5313602673729e-33,0,1.0802983558127e-34,1.7404494098024e-32,0,3.6762239949031e-35,1.9825250955778e-33,5.8800242020723e-10,0,0,0.0015410534721765,0.010102765893923,2.6364954552825e-06,0,5.0104609816206e-11,1.2271968803415e-05,0,1.8583716191131e-11,1.2742292029148e-09
0.002560625,280.96921290795,108.91466025584,234.23130198833,0.97741707853608,0.97723458413469,0.99981571212164,1558464404.331,0.00021481473274825,0.00075560320111343,0.00030902816710636,1.2501207483327,9.8080270809404e-05,9.8080270809404e-05,0.00011234018488993,0.00011234018488993,9.8080270809404e-05,0.36493396827487,0.36493396827487,0.36493396827487,0.22446736072777,0.22446736072777,0.22446736072777,0.00011234018488993,63.904852321947,3.0336748283527e-18,5.8758518187786e-11,-5.7994399139922,-15.105415202814,-2.3132890742605,-1.3308362698533e-09,-5.40668231047,-2.5332692224301,-2.1746997320802e-08,-17.112907664969,71.296687036837,526.65889919094,526.65889919094,526.65891345085,526.65891345085,526.65889919094,527.02373507894,527.02373507894,527.02373507894,526.88326847139,526.88326847139,526.88326847139,526.65891345085,251.88000058943,0.30227589480172,0.20853836452383,0.22553035946948,888.18556220431,-0.54980727924302,0.0035722862969192,0.00044762133689803,885.06447863969,-0.0011750447659318,-0.54615952779346,0.011743197695117,2.0585878447192e-25,0,0,1.0736506637748e-31,3.7768591440709e-22,1.4759003428862e-33,0,1.0482201986537e-34,1.6766999788045e-32,0,3.5728068087445e-35,1.9195708171136e-33,5.8800242020723e-10,0,0,0.0015410534721765,0.010102765893923,2.6364954552825e-06,0,5.0104609816206e-11,1.2271968803415e-05,0,1.8583716191131e-11,1.2742292029148e-09
0.002565625,279.58905484003,108.6097605317,233.38722341559,0.97741707853608,0.97723458413469,0.99981571212164,1558970712.72,0.00021520589847813,0.00075708361662923,0.00030947844080186,1.2506190431858,0.0001018707666803,0.0001018707666803,0.00011651716392573,0.00011651716392573,0.0001018707666803,0.36435926690642,0.36435926690642,0.36435926690642,0.22347769678407,0.22347769678407,0.22347769678407,0.00011651716392573,63.839788580807,2.8754827402916e-18,5.7981811030375e-11,-5.8117285005804,-15.130221537436,-2.3237654345787,-1.3657140887174e-09,-5.4192352518432,-2.5440624410623,-2.2272182055631e-08,-17.137367255448,71.212407382403,526.62871279088,526.62871279088,526.62872743728,526.62872743728,526.62871279088,526.99297018702,526.99297018702,526.99297018702,526.8520886169,526.8520886169,526.8520886169,526.62872743728,251.85423267388,0.30278507949359,0.20888347187837,0.2259211146812,888.17712741195,-0.55302012318071,0.0035964366768655,0.00044891742486636,885.05166630991,-0.0011820001425776,-0.54933447145326,0.011743197695117,2.0006924234228e-25,0,0,1.0323716846334e-31,3.634904285211e-22,1.4225399389703e-33,0,1.0171569898449e-34,1.6153644175308e-32,0,3.4724814779736e-35,1.8586708594887e-33,5.8800242020723e-10,0,0,0.0015410534721765,0.010102765893923,2.6364954552825e-06,0,5.0104609816206e-11,1.2271968803415e-05,0,1.8583716191131e-11,1.2742292029148e-09
0.002570625,278.21426308841,108.30620831894,232.54634005693,0.97741707853608,0.97723458413469,0.99981571212164,1559468353.5141,0.00021559672736985,0.0007585640388418,0.00030992810279478,1.2511173201719,0.00010636319556465,0.00010636319556465,0.00012037386560329,0.00012037386560329,0.00010636319556465,0.36378433390369,0.36378433390369,0.36378433390369,0.22249041598716,0.22249041598716,0.22249041598716,0.00012037386560329,63.77480246265,2.7250955063544e-18,5.7209533548419e-11,-5.8240055900643,-15.154925643545,-2.334266634403,-1.4013333518577e-09,-5.431777170506,-2.5548783299713,-2.2807736264034e-08,-17.161703614854,71.128246516628,526.59828060833,526.59828060833,526.598294619,526.598294619,526.59828060833,526.96195857904,526.96195857904,526.96195857904,526.82066466112,526.82066466112,526.82066466112,526.598294619,251.82820803761,0.30329396575238,0.20922834793066,0.22631171574306,888.16808991099,-0.55624203097957,0.0036205546086008,0.00045020734763605,885.03824134935,-0.0011889471716722,-0.5525184882074,0.011743197695117,1.9444861908559e-25,0,0,9.9274213751314e-32,3.4984555948643e-22,1.3711955853772e-33,0,9.8707433537439e-35,1.5563479329743e-32,0,3.3751497338013e-35,1.7997562806951e-33,5.8800242020724e-10,0,0,0.0015410534721765,0.010102765893923,2.6364954552825e-06,0,5.0104609816206e-11,1.2271968803415e-05,0,1.8583716191131e-11,1.2742292029148e-09
0.002575625,276.84482679136,108.00399973065,231.70864562891,0.97741707853608,0.97723458413469,0.99981571212164,1559957360.7831,0.00021598721885377,0.0007600444676976,0.00031037715496405,1.2516155792344,0.00011096615916135,0.00011096615916135,0.00012480157099088,0.00012480157099088,0.00011096615916135,0.36320917532621,0.36320917532621,0.36320917532621,0.22150551338457,0.22150551338457,0.22150551338457,0.00012480157099088,63.709892395724,2.5821577492862e-18,5.6441866940733e-11,-5.8362710890955,-15.179526646421,-2.3447925928885,-1.4377054153615e-09,-5.4443080318894,-2.5657167914277,-2.3353803113705e-08,-17.185916830397,71.044204842436,526.56760374271,526.56760374271,526.56761757812,526.56761757812,526.56760374271,526.93070195187,526.93070195187,526.93070195187,526.78899828993,526.78899828993,526.78899828993,526.56761757812,251.80196659005,0.30380255399288,0.20957299302055,0.22670216284212,888.15845294465,-0.5594729814825,0.0036446408128379,0.00045148977036636,885.02420705681,-0.0011958862123746,-0.55571155612198,0.011743197695117,1.8899180905602e-25,0,0,9.546935864952e-32,3.3672926005256e-22,1.3217873118036e-33,0,9.5793908713082e-35,1.4995594882741e-32,0,3.2807165484013e-35,1.7427605873782e-33,5.8800242020724e-10,0,0,0.0015410534721765,0.010102765893923,2.6364954552825e-06,0,5.0104609816206e-11,1.2271968803415e-05,0,1.8583716191131e-11,1.2742292029148e-09
0.002580625,275.48073494566,107.70313085382,230.87413376449,0.97741707853608,0.97723458413469,0.99981571212164,1560437784.2433,0.00021637737241267,0.00076152490314276,0.00031082559906609,1.2521138203174,0.00011487953541933,0.00011487953541933,0.00012921114662708,0.00012921114662708,0.00011487953541933,0.36263379721958,0.36263379721958,0.36263379721958,0.22052298006132,0.22052298006132,0.22052298006132,0.00012921114662708,63.645060162199,2.446328526938e-18,5.5678985068771e-11,-5.8485248480982,-15.204025091466,-2.3553432020353,-1.4748417440591e-09,-5.4568278003113,-2.5765777108313,-2.3910527419526e-08,-17.210007096283,70.960280438103,526.53668305369,526.53668305369,526.5366973853,526.5366973853,526.53668305369,526.89920197137,526.89920197137,526.89920197137,526.75709115422,526.75709115422,526.75709115422,526.5366973853,251.77549062871,0.30431084462969,0.2099174074875,0.22709245616481,888.14821985449,-0.56271295110467,0.0036686959225103,0.00045276491986507,885.00956684383,-0.0012028156909629,-0.55891365202268,0.011743197695117,1.8369386454781e-25,0,0,9.1816056247103e-32,3.2412042901217e-22,1.2742384973636e-33,0,9.2971935596078e-35,1.4449118582076e-32,0,3.1890902733382e-35,1.687619549182e-33,5.8800242020724e-10,0,0,0.0015410534721765,0.010102765893923,2.6364954552825e-06,0,5.0104609816206e-11,1.2271968803415e-05,0,1.8583716191131e-11,1.2742292029148e-09
0.002585625,274.12197641513,107.40359775377,230.04279801968,0.97741707853608,0.97723458413469,0.99981571212164,1560909652.5598,0.00021676718753316,0.00076300534512426,0.00031127343685389,1.2526120433712,0.00011873756524354,0.00011873756524354,0.0001332456385561,0.0001332456385561,0.00011873756524354,0.36205820562025,0.36205820562025,0.36205820562025,0.21954279984184,0.21954279984184,0.21954279984184,0.0001332456385561,63.580307139919,2.3172807105635e-18,5.4921057031875e-11,-5.860766878833,-15.228421396536,-2.3659182804358,-1.5127538798658e-09,-5.4693363430547,-2.587460932652,-2.4478055782362e-08,-17.233974373203,70.87647421886,526.50552082534,526.50552082534,526.50553533341,526.50553533341,526.50552082534,526.86746029339,526.86746029339,526.86746029339,526.72494488761,526.72494488761,526.72494488761,526.50553533341,251.7487748767,0.30481883807931,0.21026159167242,0.22748259589683,888.13739332169,-0.56596191746702,0.0036927192995036,0.00045403359698665,884.99432346879,-0.0012097361490667,-0.5621247520279,0.011743197695117,1.7854999068161e-25,0,0,8.8308038982981e-32,3.1199885058026e-22,1.2284756915505e-33,0,9.0238439390947e-35,1.3923214721113e-32,0,3.1001824309885e-35,1.6342711167875e-33,5.8800242020724e-10,0,0,0.0015410534721765,0.010102765893923,2.6364954552825e-06,0,5.0104609816206e-11,1.2271968803415e-05,0,1.8583716191131e-11,1.2742292029148e-09
0.002590625,272.76853994503,107.10539647778,229.21463188235,0.97741707853608,0.97723458413469,0.99981571212164,1561372953.0244,0.00021715666361118,0.00076448579359077,0.00031172067025369,1.253110248344,0.00012392521983771,0.00012392521983771,0.00013764231870072,0.00013764231870072,0.00012392521983771,0.36148240656147,0.36148240656147,0.36148240656147,0.21856494038557,0.21856494038557,0.21856494038557,0.00013764231870072,63.515631978484,2.1947005607172e-18,5.4168243015441e-11,-5.8729971736723,-15.252714856876,-2.3765177014534,-1.5514533585036e-09,-5.4818335632821,-2.5983663163178,-2.5056532636284e-08,-17.257818626079,70.792787710828,526.47412009966,526.47412009966,526.47413381676,526.47413381676,526.47412009966,526.83547858101,526.83547858101,526.83547858101,526.69256111483,526.69256111483,526.69256111483,526.47413381676,251.72163893785,0.30532653475787,0.21060554591658,0.22787258222389,888.12597618639,-0.56921985775544,0.0037167122456571,0.00045529521905198,884.97847982732,-0.0012166463142829,-0.56534483402053,0.011743197695117,1.7355554324609e-25,0,0,8.4939307032075e-32,3.0034509662613e-22,1.1844284962615e-33,0,8.759044848315e-35,1.3417080085876e-32,0,3.0139070475223e-35,1.5826554227588e-33,5.8800242020724e-10,0,0,0.0015410534721765,0.010102765893923,2.6364954552825e-06,0,5.0104609816206e-11,1.2271968803415e-05,0,1.8583716191131e-11,1.2742292029148e-09
0.002595625,271.42041416305,106.80852305416,228.38962877225,0.97741707853608,0.97723458413469,0.99981571212164,1561827757.4927,0.00021754580048762,0.00076596624848893,0.00031216730067504,1.2536084351765,0.0001288834110464,0.0001288834110464,0.00014356955566333,0.00014356955566333,0.0001288834110464,0.36090640607099,0.36090640607099,0.36090640607099,0.21758931673816,0.21758931673816,0.21758931673816,0.00014356955566333,63.451033203633,2.0782874735929e-18,5.3420694475554e-11,-5.8852156266641,-15.27690457674,-2.3871413655678,-1.5909517868499e-09,-5.4943194812351,-2.609293776289,-2.5646102100496e-08,-17.281540410747,70.709220432945,526.4424809551,526.4424809551,526.44249564124,526.44249564124,526.4424809551,526.80325847776,526.80325847776,526.80325847776,526.65994138843,526.65994138843,526.65994138843,526.44249564124,251.69444996837,0.30583393508223,0.21094927056174,0.22826241533065,888.11397246302,-0.57248674869498,0.0037406745243277,0.00045654797589956,884.96204004077,-0.001223547482165,-0.56857387283374,0.011743197695117,1.6870602571639e-25,0,0,8.1704124668771e-32,2.8914057065349e-22,1.1420294602934e-33,0,8.5025115011361e-35,1.2929945129734e-32,0,2.9301816089941e-35,1.5327147402362e-33,5.8800242020724e-10,0,0,0.0015410534721765,0.010102765893923,2.6364954552825e-06,0,5.0104609816206e-11,1.2271968803415e-05,0,1.8583716191131e-11,1.2742292029148e-09
0.002600625,270.07758755159,106.51297348583,227.56778202391,0.97741707853608,0.97723458413469,0.99981571212164,1562274091.299,0.00021793459732268,0.00076744670976531,0.00031261333004808,1.2541066038158,0.00013385446353591,0.00013385446353591,0.00014958048959113,0.00014958048959113,0.00013385446353591,0.36033021016164,0.36033021016164,0.36033021016164,0.21661549170717,0.21661549170717,0.21661549170717,0.00014958048959113,63.386514710854,1.9677532831324e-18,5.2678555302684e-11,-5.8974221138446,-15.300991799624,-2.3977891831282,-1.6312610189642e-09,-5.50679409939,-2.6202432436839,-2.6246912084046e-08,-17.305140046713,70.625769438054,526.41060523826,526.41060523826,526.41062096428,526.41062096428,526.41060523826,526.77080159396,526.77080159396,526.77080159396,526.6270868755,526.6270868755,526.6270868755,526.41062096428,251.6668221648,0.3063410394671,0.21129276594771,0.22865209540182,888.10138536145,-0.57576256564359,0.0037646061332962,0.0004577936882118,884.9450073682,-0.0012304371852819,-0.57181184397524,0.011743197695117,1.6399708144489e-25,0,0,7.8596992786805e-32,2.7836743669346e-22,1.1012139028621e-33,0,8.2539673522836e-35,1.2461071047418e-32,0,2.8489258392088e-35,1.4843931314213e-33,5.8800242020724e-10,0,0,0.0015410534721765,0.010102765893923,2.6364954552825e-06,0,5.0104609816206e-11,1.2271968803415e-05,0,1.8583716191131e-11,1.2742292029148e-09
0.002605625,268.7400484639,106.21874375371,226.74908489601,0.97741707853608,0.97723458413469,0.99981571212164,1562711975.5154,0.00021832305374631,0.00076892717736886,0.00031305876019739,1.2546047542156,0.00013908346391144,0.00013908346391144,0.00015484930985941,0.00015484930985941,0.00013908346391144,0.3597538248311,0.3597538248311,0.3597538248311,0.21564501740648,0.21564501740648,0.21564501740648,0.00015484930985941,63.322075429206,1.862821749059e-18,5.1941964726919e-11,-5.9096167000092,-15.324976175402,-2.4084609811648,-1.6723928434078e-09,-5.519257273609,-2.6312146263734,-2.685911110138e-08,-17.328617772577,70.542438571013,526.37849480622,526.37849480622,526.37851057207,526.37851057207,526.37849480622,526.73810954759,526.73810954759,526.73810954759,526.59400074016,526.59400074016,526.59400074016,526.37851057207,251.63923349669,0.30684784833012,0.21163603241714,0.22904162262157,888.08821727605,-0.57904728535938,0.0037885083276939,0.00045903214318566,884.92738428656,-0.0012373153942737,-0.57505872424785,0.011743197695117,1.5942448532254e-25,0,0,7.561265114972e-32,2.680085621139e-22,1.0619198003142e-33,0,8.0131465203599e-35,1.2009748258907e-32,0,2.7700623478547e-35,1.4376366337761e-33,5.8800242020724e-10,0,0,0.0015410534721765,0.010102765893923,2.6364954552825e-06,0,5.0104609816206e-11,1.2271968803415e-05,0,1.8583716191131e-11,1.2742292029148e-09
0.002610625,267.40778515048,105.92582982306,225.93353058797,0.97741707853608,0.97723458413469,0.99981571212164,1563141429.2225,0.0002187111692845,0.00077040765125018,0.00031350359302827,1.2551028863271,0.00014390638777371,0.00014390638777371,0.00015941919324962,0.00015941919324962,0.00014390638777371,0.35917725607607,0.35917725607607,0.35917725607607,0.21467650646571,0.21467650646571,0.21467650646571,0.00015941919324962,63.25771464746,1.7632282999998e-18,5.121105720826e-11,-5.9217994664721,-15.348857277417,-2.4191566044141,-1.714359048811e-09,-5.531708882179,-2.6422074590928,-2.7482845062552e-08,-17.351971996242,70.459229953234,526.34615061533,526.34615061533,526.34616612814,526.34616612814,526.34615061533,526.70518396502,526.70518396502,526.70518396502,526.56068321541,526.56068321541,526.56068321541,526.34616612814,251.61144272816,0.30735436208983,0.21197907031396,0.22943099717374,888.07447084446,-0.58234088556733,0.0038123806665493,0.00046026318273367,884.90917352098,-0.0012441824775099,-0.57831449010797,0.011743197695117,1.5498414895154e-25,0,0,7.2746061671434e-32,2.5804751477085e-22,1.0240876921289e-33,0,7.7797919698439e-35,1.1575294538154e-32,0,2.6935161427143e-35,1.3923931666443e-33,5.8800242020724e-10,0,0,0.0015410534721765,0.010102765893923,2.6364954552825e-06,0,5.0104609816206e-11,1.2271968803415e-05,0,1.8583716191131e-11,1.2742292029148e-09
0.002615625,266.08078575004,105.63422764077,225.12111223368,0.97741707853608,0.97723458413469,0.99981571212164,1563562478.4607,0.00021909894353864,0.00077188813136117,0.00031394783022376,1.2556010001038,0.00014818051119771,0.00014818051119771,0.00016430620063502,0.00016430620063502,0.00014818051119771,0.35860050988518,0.35860050988518,0.35860050988518,0.21371143298091,0.21371143298091,0.21371143298091,0.00016430620063502,63.193433079276,1.6687196702263e-18,5.0485959121744e-11,-5.9339702787104,-15.372635336308,-2.4298758725848,-1.7571715057706e-09,-5.5441487741028,-2.6532218284377,-2.8118259482666e-08,-17.375203813655,70.376142756946,526.31357412113,526.31357412113,526.31359024681,526.31359024681,526.31357412113,526.6720264505,526.6720264505,526.6720264505,526.52713737359,526.52713737359,526.52713737359,526.31359024681,251.58342497485,0.30786058116354,0.21232187998114,0.22982021924209,888.0601484176,-0.58564334402266,0.0038362235742759,0.00046148704846903,884.89037749988,-0.001251038789125,-0.58157911872723,0.011743197695117,1.5067210492883e-25,0,0,6.9992400267629e-32,2.4846853392022e-22,9.8766055944266e-34,0,7.553655658965e-35,1.1157056421402e-32,0,2.6192146503949e-35,1.3486123678704e-33,5.8800242020724e-10,0,0,0.0015410534721765,0.010102765893923,2.6364954552825e-06,0,5.0104609816206e-11,1.2271968803415e-05,0,1.8583716191131e-11,1.2742292029148e-09
0.002620625,264.75903830687,105.3439331407,224.31182291297,0.97741707853608,0.97723458413469,0.99981571212164,1564016866.0945,0.00021948637600659,0.00077336861765223,0.00031439147356243,1.2560990954924,0.00015314841697141,0.00015314841697141,0.00016928998874541,0.00016928998874541,0.00015314841697141,0.35802359224606,0.35802359224606,0.35802359224606,0.21274875766254,0.21274875766254,0.21274875766254,0.00016928998874541,63.129231800826,1.5790535213718e-18,4.9766789513452e-11,-5.9461289900961,-15.396310528013,-2.440618672495,-1.8008422026834e-09,-5.5565769390064,-2.6642573482813,-2.8765497904268e-08,-17.398312169273,70.293174903394,526.28076816033,526.28076816033,526.2807843019,526.2807843019,526.28076816033,526.63863860416,526.63863860416,526.63863860416,526.49336376957,526.49336376957,526.49336376957,526.2807843019,251.55517766419,0.30836650596843,0.21266446176141,0.23020928900955,888.0452533946,-0.58895463648739,0.0038600381778257,0.00046270425892723,884.87099968161,-0.0012578833596806,-0.58485258641604,0.011743197695117,1.4648451558388e-25,0,0,6.734704841924e-32,2.3925652105531e-22,9.5258374487027e-34,0,7.3344990585055e-35,1.0754407550003e-32,0,2.5470879084723e-35,1.3062456486906e-33,5.8800242020724e-10,0,0,0.0015410534721765,0.010102765893923,2.6364954552825e-06,0,5.0104609816206e-11,1.2271968803415e-05,0,1.8583716191131e-11,1.2742292029148e-09
0.002625625,263.44253073591,105.05494223485,223.50565562926,0.97741707853608,0.97723458413469,0.99981571212164,1564499619.4975,0.00021987346617441,0.00077484911007249,0.00031483452494665,1.2565971724398,0.00016002540282238,0.00016002540282238,0.00017449340696216,0.00017449340696216,0.00016002540282238,0.35744650912907,0.35744650912907,0.35744650912907,0.21178847220118,0.21178847220118,0.21178847220118,0.00017449340696216,63.065108851629,1.4939979227431e-18,4.9053656367011e-11,-5.9582755629752,-15.419881859093,-2.4513848897318,-1.8453832842374e-09,-5.5689933695093,-2.6753141017174,-2.942470651556e-08,-17.421298318533,70.210328360199,526.24773550969,526.24773550969,526.24774997769,526.24774997769,526.24773550969,526.60502199342,526.60502199342,526.60502199342,526.45936395649,526.45936395649,526.45936395649,526.24774997769,251.52669869557,0.30887213692259,0.21300681599853,0.23059820665852,888.02978916539,-0.59227473973192,0.0038838237876765,0.00046391456852347,884.85104356463,-0.0012647165017623,-0.58813486795944,0.011743197695117,1.4241765794065e-25,0,0,6.4805586616051e-32,2.3039698025622e-22,9.1880483238873e-34,0,7.1220920987888e-35,1.0366745473929e-32,0,2.4770683269608e-35,1.2652461669547e-33,5.8800242020724e-10,0,0,0.0015410534721765,0.010102765893923,2.6364954552825e-06,0,5.0104609816206e-11,1.2271968803415e-05,0,1.8583716191131e-11,1.2742292029148e-09
0.002630625,262.13125083279,104.76725081616,222.70260331644,0.97741707853608,0.97723458413469,0.99981571212164,1564976126.3153,0.00022026021357253,0.00077632960857285,0.00031527698626065,1.2570952308915,0.00016644428610577,0.00016644428610577,0.00018003744540331,0.00018003744540331,0.00016644428610577,0.35686926649235,0.35686926649235,0.35686926649235,0.21083056490411,0.21083056490411,0.21083056490411,0.00018003744540331,63.001063197346,1.4133309506338e-18,4.8346667108582e-11,-5.9704100621542,-15.443348666229,-2.4621744155007,-1.8908068023499e-09,-5.5813980824809,-2.6863920007524,-3.0096035697494e-08,-17.444162694525,70.127603861714,526.2144753542,526.2144753542,526.21448894736,526.21448894736,526.2144753542,526.5711781764,526.5711781764,526.5711781764,526.42513947481,526.42513947481,526.42513947481,526.21448894736,251.49773871587,0.30937747444353,0.21334894303618,0.23098697237124,888.01375931474,-0.59560362867831,0.003907581818804,0.00046511644107854,884.83051282892,-0.001271536335665,-0.5914259391625,0.011743197695117,1.3846792715035e-25,0,0,6.2363781467403e-32,2.218760113465e-22,8.8627352618397e-34,0,6.9162126177622e-35,9.9934924701184e-33,0,2.409090466688e-35,1.2255686353484e-33,5.8800242020724e-10,0,0,0.0015410534721765,0.010102765893923,2.6364954552825e-06,0,5.0104609816206e-11,1.2271968803415e-05,0,1.8583716191131e-11,1.2742292029148e-09
0.002635625,260.82518627466,104.48085475764,221.90265883871,0.97741707853608,0.97723458413469,0.99981571212164,1565446407.6561,0.00022064661768629,0.0007778101131054,0.00031571885921473,1.2575932708042,0.0001741681298595,0.0001741681298595,0.00018732656064749,0.00018732656064749,0.0001741681298595,0.35629187027955,0.35629187027955,0.35629187027955,0.20987501887065,0.20987501887065,0.20987501887065,0.00018732656064749,62.937099106296,1.3368402696006e-18,4.7645920430082e-11,-5.9825323253063,-15.466712647216,-2.4729870468059,-1.9371248854713e-09,-5.5937909091064,-2.6974908602929,-3.0779637203374e-08,-17.46690517042,70.045000378002,526.18099099273,526.18099099273,526.18100415116,526.18100415116,526.18099099273,526.53710869488,526.53710869488,526.53710869488,526.39069184347,526.39069184347,526.39069184347,526.18100415116,251.46877485257,0.30988251895024,0.21369084321882,0.2313755863293,887.99716615043,-0.59894128050246,0.0039313123663617,0.00046631125813162,884.80940985424,-0.0012783438994503,-0.5947257757181,0.011743197695117,1.3463182510835e-25,0,0,6.0017574787382e-32,2.1368028397779e-22,8.5494155573434e-34,0,6.716646378187e-35,9.6340945809406e-33,0,2.3430909180513e-35,1.1871691782464e-33,5.8800242020724e-10,0,0,0.0015410534721765,0.010102765893923,2.6364954552825e-06,0,5.0104609816206e-11,1.2271968803415e-05,0,1.8583716191131e-11,1.2742292029148e-09
0.002640625,259.52432464345,104.1957499184,221.10581500494,0.97741707853608,0.97723458413469,0.99981571212164,1565910483.5607,0.00022103267789438,0.00077929062361815,0.00031616014553729,1.2580912921231,0.00018158746347852,0.00018158746347852,0.00019478020046823,0.00019478020046823,0.00018158746347852,0.35571432643077,0.35571432643077,0.35571432643077,0.20892180824935,0.20892180824935,0.20892180824935,0.00019478020046823,62.873214706756,1.2643230637846e-18,4.6951503398972e-11,-5.9946422258306,-15.489972715691,-2.4838226927453,-1.9843498958072e-09,-5.6061719210233,-2.7086106439444,-3.1475660727834e-08,-17.489526557808,69.962516143672,526.1472823756,526.1472823756,526.14729556834,526.14729556834,526.1472823756,526.50281511457,526.50281511457,526.50281511457,526.35602259639,526.35602259639,526.35602259639,526.14729556834,251.43961744431,0.31038727086088,0.21403251689028,0.23176404871338,887.98001367842,-0.6022876679116,0.0039550151641209,0.00046749715620147,884.78773874281,-0.0012851385355907,-0.59803434963526,0.011743197695117,1.3090596674367e-25,0,0,5.776308518602e-32,2.0579702856762e-22,8.2476264153109e-34,0,6.5231882373082e-35,9.2880200622655e-33,0,2.2790089013557e-35,1.1500056368385e-33,5.8800242020724e-10,0,0,0.0015410534721765,0.010102765893923,2.6364954552825e-06,0,5.0104609816206e-11,1.2271968803415e-05,0,1.8583716191131e-11,1.2742292029148e-09
0.002645625,258.22865338664,103.91193213459,220.31206454448,0.97741707853608,0.97723458413469,0.99981571212164,1566368374.3337,0.00022141839384221,0.00078077114006576,0.00031660084716054,1.2585892948081,0.00018829349303664,0.00018829349303664,0.00020231443970454,0.00020231443970454,0.00018829349303664,0.35513664086361,0.35513664086361,0.35513664086361,0.20797088847401,0.20797088847401,0.20797088847401,0.00020231443970454,62.809411842106,1.1955852042065e-18,4.6263502608571e-11,-6.0067398068128,-15.513129667291,-2.494681172817,-2.0324940607624e-09,-5.618540967177,-2.7197511025896,-3.2184253730541e-08,-17.512026352104,69.88015444883,526.11335060815,526.11335060815,526.1133646291,526.1133646291,526.11335060815,526.46829895553,526.46829895553,526.46829895553,526.32113320314,526.32113320314,526.32113320314,526.1133646291,251.41021881535,0.31089173059349,0.2143739643949,0.23215235970499,887.96230362057,-0.60564276909945,0.0039786924431581,0.00046867552959393,884.7655013035,-0.0012919189437202,-0.60135163994744,0.011743197695117,1.2728706911467e-25,0,0,5.5596587977822e-32,1.9821392330545e-22,7.9569237296607e-34,0,6.335636071807e-35,8.954756452038e-33,0,2.2167845679895e-35,1.1140370274006e-33,5.8800242020724e-10,0,0,0.0015410534721765,0.010102765893923,2.6364954552825e-06,0,5.0104609816206e-11,1.2271968803415e-05,0,1.8583716191131e-11,1.2742292029148e-09
0.002650625,256.93815988734,103.6293972351,219.52140014975,0.97741707853608,0.97723458413469,0.99981571212164,1566820102.156,0.00022180376510313,0.00078225166240204,0.00031704096575636,1.2590872788163,0.00019491483171743,0.00019491483171743,0.00020908753537195,0.00020908753537195,0.00019491483171743,0.35455881949678,0.35455881949678,0.35455881949678,0.20702215704287,0.20702215704287,0.20702215704287,0.00020908753537195,62.74569085241,1.1304412831899e-18,4.5581999456865e-11,-6.0188250075252,-15.536183733244,-2.5055622723457,-2.0815695890778e-09,-5.6308978827236,-2.7309120358325,-3.2905565698934e-08,-17.534404501922,69.797914481179,526.07919786398,526.07919786398,526.07921203668,526.07921203668,526.07919786398,526.43356176865,526.43356176865,526.43356176865,526.28602510619,526.28602510619,526.28602510619,526.07921203668,251.38058667956,0.31139589856737,0.21471518607769,0.23254051948442,887.94403837761,-0.60900655937715,0.0040023435638235,0.0004698469203741,884.74270002759,-0.0012986851185568,-0.60467762099889,0.011743197695117,1.2377194727275e-25,0,0,5.3514518350595e-32,1.9091918905541e-22,7.6768812211116e-34,0,6.1537968120458e-35,8.6338136784692e-33,0,2.1563604565929e-35,1.0792238490658e-33,5.8800242020724e-10,0,0,0.0015410534721765,0.010102765893923,2.6364954552825e-06,0,5.0104609816206e-11,1.2271968803415e-05,0,1.8583716191131e-11,1.2742292029148e-09
0.002655625,255.65283144139,103.34814103766,218.73381446305,0.97741707853608,0.97723458413469,0.99981571212164,1567265678.7475,0.00022218879120149,0.00078373219058175,0.00031748050324209,1.2595852441043,0.00020226716626276,0.00020226716626276,0.00021655635233323,0.00021655635233323,0.00020226716626276,0.35398086824634,0.35398086824634,0.35398086824634,0.20607521021503,0.20607521021503,0.20607521021503,0.00021655635233323,62.682050291334,1.0687142642719e-18,4.4907063537903e-11,-6.0308978668304,-15.559134115289,-2.5164658055274,-2.1315888108619e-09,-5.6432425601714,-2.742093272301,-3.3639743924996e-08,-17.556660964717,69.715798451665,526.04482648503,526.04482648503,526.04484077422,526.04484077422,526.04482648503,526.39860508611,526.39860508611,526.39860508611,526.25069942808,526.25069942808,526.25069942808,526.04484077422,251.35002805468,0.31189977520161,0.21505618228424,0.23292852823205,887.92522028784,-0.6123790162033,0.0040259686648698,0.00047101233896952,884.71933735547,-0.001305437643459,-0.60801226892516,0.011743197695117,1.2035751950894e-25,0,0,5.1513460697314e-32,1.8390152250919e-22,7.4070899744906e-34,0,5.9774845346356e-35,8.3247203747322e-33,0,2.097681186896e-35,1.0455279373193e-33,5.8800242020724e-10,0,0,0.0015410534721765,0.010102765893923,2.6364954552825e-06,0,5.0104609816206e-11,1.2271968803415e-05,0,1.8583716191131e-11,1.2742292029148e-09
0.002660625,254.37265525846,103.06815934857,217.94930007689,0.97741707853608,0.97723458413469,0.99981571212164,1567705126.9435,0.00022257348522777,0.00078521272455774,0.00031791944311861,1.2600831906191,0.00020976147543334,0.00020976147543334,0.0002256975621842,0.0002256975621842,0.00020976147543334,0.35340279302266,0.35340279302266,0.35340279302266,0.20513153384024,0.20513153384024,0.20513153384024,0.0002256975621842,62.618489609414,1.0102351855905e-18,4.4238756077236e-11,-6.0429582417883,-15.581980352101,-2.5273916771067,-2.1825642131263e-09,-5.6555750352645,-2.7532947784242,-3.4386935691408e-08,-17.57879661006,69.63380350595,526.01023739361,526.01023739361,526.0102533297,526.0102533297,526.01023739361,526.36343042516,526.36343042516,526.36343042516,526.21515916597,526.21515916597,526.21515916597,526.0102533297,251.31972750152,0.31240336091278,0.21539695335796,0.23331638612777,887.9058529804,-0.61576011580674,0.0040495681500235,0.00047217120740356,884.69541700834,-0.0013121765962686,-0.61135555865765,0.011743197695117,1.170407960209e-25,0,0,4.9590145039693e-32,1.7715008020647e-22,7.1471575276848e-34,0,5.8065200614296e-35,8.0270240864588e-33,0,2.0406931289392e-35,1.0129124615609e-33,5.8800242020724e-10,0,0,0.0015410534721765,0.010102765893923,2.6364954552825e-06,0,5.0104609816206e-11,1.2271968803415e-05,0,1.8583716191131e-11,1.2742292029148e-09
0.002665625,253.09761843361,102.78944795533,217.16784951631,0.97741707853608,0.97723458413469,0.99981571212164,1568138473.8468,0.00022295783313008,0.00078669326428226,0.00031835780539046,1.2605811183095,0.00021755042957062,0.00021755042957062,0.00023357988115236,0.00023357988115236,0.00021755042957062,0.35282459971922,0.35282459971922,0.35282459971922,0.20418989074007,0.20418989074007,0.20418989074007,0.00023357988115236,62.555011258982,9.5484264750575e-19,4.3577135927718e-11,-6.055006032493,-15.604723198237,-2.5383398085399,-2.2345083419735e-09,-5.667895365093,-2.76451622819,-3.5147290746846e-08,-17.600810534875,69.551928276569,525.9754322157,525.9754322157,525.97544824516,525.97544824516,525.9754322157,526.32803926499,526.32803926499,526.32803926499,526.17940455601,526.17940455601,526.17940455601,525.97544824516,251.28934513361,0.31290665611839,0.21573749964282,0.23370409335066,887.88594006323,-0.61914983142635,0.0040731427629406,0.00047332341750363,884.67094266942,-0.001318900108227,-0.61470746450799,0.011743197695117,1.1381888045417e-25,0,0,4.7741436126405e-32,1.7065445100094e-22,6.896707261938e-34,0,5.6407303279302e-35,7.7402909441839e-33,0,1.9853443602978e-35,9.8134188995964e-34,5.8800242020724e-10,0,0,0.0015410534721765,0.010102765893923,2.6364954552825e-06,0,5.0104609816206e-11,1.2271968803415e-05,0,1.8583716191131e-11,1.2742292029148e-09
0.002670625,251.827707942,102.51200262463,216.3894552344,0.97741707853608,0.97723458413469,0.99981571212164,1568565741.9934,0.00022334183444772,0.00078817380971191,0.00031879559199381,1.2610790271393,0.00022511789361672,0.00022511789361672,0.00024259946941569,0.00024259946941569,0.00022511789361672,0.35224629420558,0.35224629420558,0.35224629420558,0.20324975761294,0.20324975761294,0.20324975761294,0.00024259946941569,62.491613640802,9.0238253892204e-19,4.2922256133933e-11,-6.0670414732537,-15.627362071445,-2.5493099271731,-2.2874335894432e-09,-5.6802033122,-2.7757575825057,-3.5920955748648e-08,-17.622703474745,69.470179840017,525.94041190235,525.94041190235,525.94042938393,525.94042938393,525.94041190235,526.29243307866,526.29243307866,526.29243307866,526.14343654207,526.14343654207,526.14343654207,525.94042938393,251.25878499819,0.31340966123986,0.21607782148681,0.23409165007973,887.86548306693,-0.6225481405481,0.0040966929263736,0.00047446865016483,884.64591598689,-0.0013256090065037,-0.61806796255088,0.011743197695117,1.1068896474262e-25,0,0,4.5964330264361e-32,1.6440463624664e-22,6.6553775960281e-34,0,5.4799478819825e-35,7.4641025738553e-33,0,1.9315847376997e-35,9.5078181079415e-34,5.8800242020724e-10,0,0,0.0015410534721765,0.010102765893923,2.6364954552825e-06,0,5.0104609816206e-11,1.2271968803415e-05,0,1.8583716191131e-11,1.2742292029148e-09
0.002675625,250.56291070423,102.23581911982,215.61410965415,0.97741707853608,0.97723458413469,0.99981571212164,1568986955.2566,0.00022372548878778,0.00078965436080163,0.00031923280466618,1.2615769170619,0.00023298879413076,0.00023298879413076,0.00025175989503667,0.00025175989503667,0.00023298879413076,0.35166788235674,0.35166788235674,0.35166788235674,0.20231235813755,0.20231235813755,0.20231235813755,0.00025175989503667,62.428298320534,8.5270791424605e-19,4.2274164793229e-11,-6.0790640619365,-15.649897517354,-2.5603018729617,-2.3413525591125e-09,-5.6924988498621,-2.7870187766991,-3.6708080288675e-08,-17.644476178659,69.38855227833,525.90517848047,525.90517848047,525.90519725157,525.90519725157,525.90517848047,526.25661337403,526.25661337403,526.25661337403,526.10725784981,526.10725784981,526.10725784981,525.90519725157,251.22815136813,0.3139123766943,0.21641791923396,0.23447905649365,887.84448497947,-0.62595501764872,0.004120219888906,0.00047560713054043,884.62034004169,-0.0013323016225204,-0.6214370278872,0.011743197695117,1.076483280707e-25,0,0,4.4255950300828e-32,1.5839104704285e-22,6.4228215564502e-34,0,5.3240113569562e-35,7.1980582311758e-33,0,1.8793657878326e-35,9.2119900286789e-34,5.8800242020724e-10,0,0,0.0015410534721765,0.010102765893923,2.6364954552825e-06,0,5.0104609816206e-11,1.2271968803415e-05,0,1.8583716191131e-11,1.2742292029148e-09
0.002680625,249.30321355474,101.96089319338,214.84180514882,0.97741707853608,0.97723458413469,0.99981571212164,1569402135.4583,0.00022410879580761,0.00079113491750672,0.00031966944515197,1.262074788032,0.00024125383783596,0.00024125383783596,0.00026159170873523,0.00026159170873523,0.00024125383783596,0.35108937003797,0.35108937003797,0.35108937003797,0.20137861296753,0.20137861296753,0.20137861296753,0.00026159170873523,62.365064541965,8.0567855660088e-19,4.1632902366155e-11,-6.0910739946365,-15.672329153793,-2.5713154732005,-2.3962777552182e-09,-5.704781911841,-2.7982994540398,-3.7508812331788e-08,-17.666127626897,69.307048528214,525.86973349991,525.86973349991,525.86975383778,525.86975383778,525.86973349991,526.22058161611,526.22058161611,526.22058161611,526.07087085904,526.07087085904,526.07087085904,525.86975383778,251.19702813702,0.31441480290133,0.21675779323071,0.23486631277038,887.82294864564,-0.62937043223141,0.0041437303190959,0.00047674353182975,884.59421779721,-0.0013389704619936,-0.62481462607857,0.011743197695117,1.0469433048479e-25,0,0,4.2613537372531e-32,1.5260448172478e-22,6.1987059576135e-34,0,5.1727648759107e-35,6.941772681853e-33,0,1.8286404512343e-35,8.9256138484684e-34,5.8800242020724e-10,0,0,0.0015410534721765,0.010102765893923,2.6364954552825e-06,0,5.0104609816206e-11,1.2271968803415e-05,0,1.8583716191131e-11,1.2742292029148e-09
0.002685625,248.04860323222,101.68722058283,214.0725340346,0.97741707853608,0.97723458413469,0.99981571212164,1569811301.4782,0.0002244917549086,0.00079261547978209,0.00032010551537837,1.2625726400023,0.00024966599648145,0.00024966599648145,0.00027269419685631,0.00027269419685631,0.00024966599648145,0.35051076310038,0.35051076310038,0.35051076310038,0.20044655255612,0.20044655255612,0.20044655255612,0.00027269419685631,62.30191287456,7.6116076734828e-19,4.0998505873161e-11,-6.1030712073649,-15.694657017831,-2.5823505990155,-2.452221795923e-09,-5.7170524980613,-2.8095992876143,-3.8323298889352e-08,-17.68765745539,69.225667996221,525.83407816579,525.83407816579,525.83410119399,525.83410119399,525.83407816579,526.1843392629,526.1843392629,526.1843392629,526.03427505235,526.03427505235,526.03427505235,525.83410119399,251.16585304683,0.31491694028031,0.21709744382335,0.23525341908749,887.80087724741,-0.63279437349695,0.0041672106902668,0.00047786923971558,884.56755251418,-0.0013456326604635,-0.6282007498019,0.011743197695117,1.0182441663831e-25,0,0,4.1034447751845e-32,1.4703610403505e-22,5.9827108528241e-34,0,5.0260577999613e-35,6.6948755702936e-33,0,1.7793631584518e-35,8.6483797236511e-34,5.8800242020724e-10,0,0,0.0015410534721765,0.010102765893923,2.6364954552825e-06,0,5.0104609816206e-11,1.2271968803415e-05,0,1.8583716191131e-11,1.2742292029148e-09
0.002690625,246.79906637983,101.41479701195,213.30628857142,0.97741707853608,0.97723458413469,0.99981571212164,1570214476.4537,0.00022487436572155,0.00079409604758281,0.00032054101702113,1.2630704729292,0.00026000540119249,0.00026000540119249,0.00028274649542614,0.00028274649542614,0.00026000540119249,0.34993206737829,0.34993206737829,0.34993206737829,0.19951793453992,0.19951793453992,0.19951793453992,0.00028274649542614,62.238844152283,7.1902709566988e-19,4.0371003947967e-11,-6.115055530895,-15.716881344686,-2.5934070611125,-2.5091973105838e-09,-5.7293105307151,-2.8209184577697,-3.915168764656e-08,-17.70906765732,69.144409450937,525.79821569286,525.79821569286,525.79823843396,525.79823843396,525.79821569286,526.14788775484,526.14788775484,526.14788775484,525.997473622,525.997473622,525.997473622,525.79823843396,251.13451989973,0.3154187892503,0.21743687135763,0.23564037562191,887.77827368144,-0.63622680769038,0.0041906691518779,0.00047898797563587,884.54034718452,-0.0013522779695219,-0.63159536404017,0.011743197695117,9.903610320445e-26,0,0,3.9516148441888e-32,1.4167743660188e-22,5.7745290754918e-34,0,4.8837449902492e-35,6.4570117718891e-33,0,1.7314899779972e-35,8.379987988019e-34,5.8800242020724e-10,0,0,0.0015410534721765,0.010102765893923,2.6364954552825e-06,0,5.0104609816206e-11,1.2271968803415e-05,0,1.8583716191131e-11,1.2742292029148e-09
0.002695625,245.55458955925,101.14361819476,212.5430609721,0.97741707853608,0.97723458413469,0.99981571212164,1570611679.6189,0.00022525662779904,0.00079557662086554,0.00032097595211083,1.2635682867702,0.00027079961720602,0.00027079961720602,0.00029466997380018,0.00029466997380018,0.00027079961720602,0.3493532886965,0.3493532886965,0.3493532886965,0.19859215878052,0.19859215878052,0.19859215878052,0.00029466997380018,62.175854852947,6.791560434982e-19,3.9750418808195e-11,-6.1270273929165,-15.739000617724,-2.6044846724589,-2.5672168070561e-09,-5.7415559320017,-2.8322565546466,-3.9994121821434e-08,-17.730356703514,69.063279631861,525.76214604661,525.76214604661,525.76216991697,525.76216991697,525.76214604661,526.11122853569,526.11122853569,526.11122853569,525.96046740577,525.96046740577,525.96046740577,525.76216991697,251.10294954541,0.31592035023365,0.21777607618307,0.23602718255024,887.75514057963,-0.63966771163958,0.0042141047539848,0.00048009942661842,884.51260458456,-0.0013589079297981,-0.63499844290375,0.011743197695117,9.6326987755754e-26,0,0,3.8056210904706e-32,1.3652033413097e-22,5.5738657766046e-34,0,4.7456859660108e-35,6.2278389489982e-33,0,1.6849783798713e-35,8.1201493473697e-34,5.8800242020724e-10,0,0,0.0015410534721765,0.010102765893923,2.6364954552825e-06,0,5.0104609816206e-11,1.2271968803415e-05,0,1.8583716191131e-11,1.2742292029148e-09
0.002700625,244.31515925188,100.87367983453,211.78284340233,0.97741707853608,0.97723458413469,0.99981571212164,1571002933.8808,0.00022563854057498,0.00079705719958583,0.00032141032262206,1.2640660814789,0.0002809391193896,0.0002809391193896,0.00030582297823381,0.00030582297823381,0.0002809391193896,0.34877443286942,0.34877443286942,0.34877443286942,0.19766979898131,0.19766979898131,0.19766979898131,0.00030582297823381,62.112948996519,6.4143188930122e-19,3.9136769392465e-11,-6.1389862403602,-15.761016245304,-2.6155833349109,-2.6262930215295e-09,-5.7537887664934,-2.8436135327883,-4.0850748588038e-08,-17.751525657071,68.982271542138,525.72586954473,525.72586954473,525.72589442859,525.72589442859,525.72586954473,526.07436303848,526.07436303848,526.07436303848,525.92325840459,525.92325840459,525.92325840459,525.72589442859,251.07115694259,0.31642162364797,0.21811505864475,0.23641384004902,887.73148110474,-0.6431170595156,0.0042375191500855,0.00048120444795373,884.48432794882,-0.0013655212827994,-0.63840996130887,0.011743197695117,9.3694744760579e-26,0,0,3.665230753366e-32,1.3155698358247e-22,5.3804376770622e-34,0,4.61174568728e-35,6.0070294750112e-33,0,1.6397874600942e-35,7.8685833770609e-34,5.8800242020724e-10,0,0,0.0015410534721765,0.010102765893923,2.6364954552825e-06,0,5.0104609816206e-11,1.2271968803415e-05,0,1.8583716191131e-11,1.2742292029148e-09
0.002705625,243.08076184122,100.60497761764,211.02562796847,0.97741707853608,0.97723458413469,0.99981571212164,1571388262.0657,0.00022602010386142,0.00079853778370184,0.0003218441299591,1.264563857024,0.00029230014520663,0.00029230014520663,0.00031640495815911,0.00031640495815911,0.00029230014520663,0.34819550568882,0.34819550568882,0.34819550568882,0.19674961652644,0.19674961652644,0.19674961652644,0.00031640495815911,62.050127358561,6.0574435636997e-19,3.8530071834692e-11,-6.1509324112993,-15.78292872654,-2.6267027483848,-2.686438561598e-09,-5.7660087974266,-2.854989062008,-4.1721714142235e-08,-17.772573530695,68.901390398899,525.68938947104,525.68938947104,525.68941357585,525.68941357585,525.68938947104,526.03729267658,526.03729267658,526.03729267658,525.88584678742,525.88584678742,525.88584678742,525.68941357585,251.03914510817,0.31692260991631,0.2184538190924,0.23680034829387,887.70729671125,-0.64657482765664,0.0042609117229128,0.00048230237719519,884.45551882851,-0.0013721198681912,-0.64182989358547,0.011743197695117,9.1137113461176e-26,0,0,3.5302203992444e-32,1.2677987872093e-22,5.1939725740391e-34,0,4.4817926448731e-35,5.7942684719004e-33,0,1.5958771691247e-35,7.6250199270182e-34,5.8800242020724e-10,0,0,0.0015410534721765,0.010102765893923,2.6364954552825e-06,0,5.0104609816206e-11,1.2271968803415e-05,0,1.8583716191131e-11,1.2742292029148e-09
0.002710625,241.85138366715,100.33750723133,210.27140675344,0.97741707853608,0.97723458413469,0.99981571212164,1571767686.0355,0.0002264013172333,0.00080001837317181,0.00032227737603131,1.2650616133627,0.00030445021634916,0.00030445021634916,0.00032704336664853,0.00032704336664853,0.00030445021634916,0.34761651294904,0.34761651294904,0.34761651294904,0.19583119267217,0.19583119267217,0.19583119267217,0.00032704336664853,61.987386331823,5.7198847077796e-19,3.7930332650724e-11,-6.1628657966052,-15.804736503741,-2.6378427211638,-2.7476660007258e-09,-5.7782159451277,-2.8663831867426,-4.2607161470332e-08,-17.793501607889,68.820636454534,525.652706833,525.652706833,525.65272942615,525.65272942615,525.652706833,526.00001889574,526.00001889574,526.00001889574,525.84823357546,525.84823357546,525.84823357546,525.65272942615,251.00691098308,0.31742330945909,0.21879235787415,0.23718670746045,887.68259013073,-0.65004098954877,0.0042842841084942,0.00048339386205766,884.42618007973,-0.0013787011401538,-0.64525821471927,0.011743197695117,8.8651903676327e-26,0,0,3.4003762183164e-32,1.2218181492289e-22,5.0142091228976e-34,0,4.3557006508784e-35,5.589252734759e-33,0,1.5532090685293e-35,7.3891974442111e-34,5.8800242020724e-10,0,0,0.0015410534721765,0.010102765893923,2.6364954552825e-06,0,5.0104609816206e-11,1.2271968803415e-05,0,1.8583716191131e-11,1.2742292029148e-09
0.002715625,240.62701099665,100.07126435387,209.52017179778,0.97741707853608,0.97723458413469,0.99981571212164,1572141227.0453,0.00022678218012299,0.00080149896795459,0.00032271006285864,1.2655593504524,0.00031608037444885,0.00031608037444885,0.00033770089742115,0.00033770089742115,0.00031608037444885,0.34703746043584,0.34703746043584,0.34703746043584,0.19491603462044,0.19491603462044,0.19491603462044,0.00033770089742115,61.924726972744,5.4006430262831e-19,3.7337553682257e-11,-6.1747862590736,-15.826440043655,-2.6490031276336,-2.8099880110935e-09,-5.7904101707512,-2.8777957649122,-4.3507232932252e-08,-17.814310379866,68.740008027614,525.61582171788,525.61582171788,525.61584333841,525.61584333841,525.61582171788,525.96254309794,525.96254309794,525.96254309794,525.81042167213,525.81042167213,525.81042167213,525.61584333841,250.97445269478,0.317923722695,0.21913067533648,0.2375729177241,887.65736415409,-0.65351552047748,0.0043076364200917,0.00048447807168942,884.39631462266,-0.0013852653105915,-0.6486948989002,0.011743197695117,8.623698838227e-26,0,0,3.2754931692832e-32,1.1775586591162e-22,4.8408962841902e-34,0,4.2333478101339e-35,5.3916916830375e-33,0,1.5117457002878e-35,7.1608634767337e-34,5.8800242020724e-10,0,0,0.0015410534721765,0.010102765893923,2.6364954552825e-06,0,5.0104609816206e-11,1.2271968803415e-05,0,1.8583716191131e-11,1.2742292029148e-09
0.002720625,239.40763002395,99.806244653809,208.77191509926,0.97741707853608,0.97723458413469,0.99981571212164,1572508900.4903,0.00022716269224196,0.00080297956800908,0.00032314219209099,1.2660570682555,0.0003278614985815,0.0003278614985815,0.00034899038490904,0.00034899038490904,0.0003278614985815,0.34645835392641,0.34645835392641,0.34645835392641,0.19400251616911,0.19400251616911,0.19400251616911,0.00034899038490904,61.862151994059,5.0987674685347e-19,3.6751736928447e-11,-6.1866937094395,-15.848040393115,-2.6601837503542,-2.8734173200088e-09,-5.8025913726904,-2.8892263415487,-4.4422073774964e-08,-17.834998781692,68.659505004861,525.57873618207,525.57873618207,525.57875731096,525.57875731096,525.57873618207,525.9248666745,525.9248666745,525.9248666745,525.77241083674,525.77241083674,525.77241083674,525.57875731096,250.94172284755,0.31842385004464,0.21946877182736,0.23795897925947,887.63162103652,-0.65699839516371,0.004330969553791,0.00048555606583761,884.36592480122,-0.0013918119922212,-0.65213992085542,0.011743197695117,8.3890307292411e-26,0,0,3.1553743831692e-32,1.1349539318779e-22,4.6737928339428e-34,0,4.1146159220863e-35,5.2013054870349e-33,0,1.4714507250082e-35,6.9397742343251e-34,5.8800242020724e-10,0,0,0.0015410534721765,0.010102765893923,2.6364954552825e-06,0,5.0104609816206e-11,1.2271968803415e-05,0,1.8583716191131e-11,1.2742292029148e-09
0.002725625,238.1932268853,99.542443797133,208.02662862304,0.97741707853608,0.97723458413469,0.99981571212164,1572870729.3256,0.00022754285324576,0.00080446017329474,0.00032357376550599,1.2665547667304,0.00034094954423783,0.00034094954423783,0.00036183288583323,0.00036183288583323,0.00034094954423783,0.34587919918906,0.34587919918906,0.34587919918906,0.19309209810175,0.19309209810175,0.19309209810175,0.00036183288583323,61.799660274784,4.8133532060174e-19,3.6172876063411e-11,-6.1985879030801,-15.869537012563,-2.6713844023104,-2.9379667211726e-09,-5.8147594939051,-2.9006750151142,-4.5351828188892e-08,-17.855568285305,68.579126503507,525.54145277191,525.54145277191,525.54147365526,525.54147365526,525.54145277191,525.88699102156,525.88699102156,525.88699102156,525.73420392047,525.73420392047,525.73420392047,525.54147365526,250.90879895822,0.31892369192625,0.21980664769309,0.23834489224119,887.60536350294,-0.66048958923071,0.0043542835070908,0.00048662779910964,884.33501345472,-0.0013983410774135,-0.65559325473019,0.011743197695117,8.1609862655592e-26,0,0,3.0398313083941e-32,1.0939401814328e-22,4.5126669087033e-34,0,3.9993910113789e-35,5.0178254032412e-33,0,1.4322892371283e-35,6.725693577806e-34,5.8800242020724e-10,0,0,0.0015410534721765,0.010102765893923,2.6364954552825e-06,0,5.0104609816206e-11,1.2271968803415e-05,0,1.8583716191131e-11,1.2742292029148e-09
0.002730625,236.98378764309,99.279857439018,207.28430429004,0.97741707853608,0.97723458413469,0.99981571212164,1573226737.3502,0.00022792266268385,0.00080594078376822,0.00032400478496428,1.2670524458279,0.0003538866685287,0.0003538866685287,0.00037422688333372,0.00037422688333372,0.0003538866685287,0.34530000197939,0.34530000197939,0.34530000197939,0.19218457266639,0.19218457266639,0.19218457266639,0.00037422688333372,61.737251027873,4.543539769423e-19,3.5600960862015e-11,-6.2104688335077,-15.890929332935,-2.6826049889833,-3.0036490466537e-09,-5.8269146691187,-2.912141476294,-4.6296639911706e-08,-17.876018338772,68.498872047112,525.50397139783,525.50397139783,525.50399173804,525.50399173804,525.50397139783,525.84891751314,525.84891751314,525.84891751314,525.69580208383,525.69580208383,525.69580208383,525.50399173804,250.87566682341,0.31942324875801,0.22014430327998,0.23873065684316,887.57859531253,-0.66398907676549,0.0043775782163774,0.00048769253701327,884.30358444164,-0.0014048525694567,-0.65905487336531,0.011743197695117,7.9393722548959e-26,0,0,2.9286831925888e-32,1.0544562019074e-22,4.3572960340433e-34,0,3.88756322883e-35,4.8409927958554e-33,0,1.3942274573604e-35,6.5183936828044e-34,5.8800242020724e-10,0,0,0.0015410534721765,0.010102765893923,2.6364954552825e-06,0,5.0104609816206e-11,1.2271968803415e-05,0,1.8583716191131e-11,1.2742292029148e-09
0.002735625,235.77929826081,99.018481218646,206.54493396146,0.97741707853608,0.97723458413469,0.99981571212164,1573576946.1581,0.00022830212020325,0.00080742139939112,0.00032443525228468,1.2675501055169,0.00036742596715917,0.00036742596715917,0.00038573140542624,0.00038573140542624,0.00036742596715917,0.34472076802417,0.34472076802417,0.34472076802417,0.19128006774948,0.19128006774948,0.19128006774948,0.00038573140542624,61.674926268461,4.2885080703432e-19,3.5035977489641e-11,-6.2223367799622,-15.912218271422,-2.6938452784698,-3.0704765395113e-09,-5.8390566830239,-2.9236255285031,-4.7256653605958e-08,-17.896348762232,68.418745360643,525.46629414902,525.46629414902,525.46631245446,525.46631245446,525.46629414902,525.81064749108,525.81064749108,525.81064749108,525.65720679081,525.65720679081,525.65720679081,525.46631245446,250.84228654738,0.31992252096115,0.22048173893718,0.23911627323906,887.55131800287,-0.66749683300895,0.0044008549976232,0.00048875103671212,884.27163939407,-0.0014113460572698,-0.66252475258934,0.011743197695117,7.724000344407e-26,0,0,2.8217564296759e-32,1.0164430778589e-22,4.2074660294348e-34,0,3.7790255668098e-35,4.6705593063589e-33,0,1.3572324187584e-35,6.3176539066288e-34,5.8800242020724e-10,0,0,0.0015410534721765,0.010102765893923,2.6364954552825e-06,0,5.0104609816206e-11,1.2271968803415e-05,0,1.8583716191131e-11,1.2742292029148e-09
0.002740625,234.57974466557,98.758310776231,205.80850947833,0.97741707853608,0.97723458413469,0.99981571212164,1573921378.4983,0.00022868122530058,0.00080890202012412,0.00032486516951328,1.2680477457602,0.00038125401897326,0.00038125401897326,0.00039724624683278,0.00039724624683278,0.00038125401897326,0.34414150304987,0.34414150304987,0.34414150304987,0.19037766211978,0.19037766211978,0.19037766211978,0.00039724624683278,61.612684252423,4.0474797490571e-19,3.4477907345004e-11,-6.2341916774565,-15.933403084368,-2.7051050395438,-3.1384616986677e-09,-5.8511854219255,-2.9351269647065,-4.823200438e-08,-17.916559460447,68.338747522625,525.42842209071,525.42842209071,525.42843808293,525.42843808293,525.42842209071,525.77218233974,525.77218233974,525.77218233974,525.61841849881,525.61841849881,525.61841849881,525.42843808293,250.80876076615,0.32042150895713,0.22081895501427,0.23950174160197,887.52353384093,-0.67101283346018,0.0044241136132608,0.00048980290530779,884.23918070949,-0.0014178224388358,-0.66600286630671,0.011743197695117,7.5146882792864e-26,0,0,2.7188846708051e-32,9.7984433619587e-23,4.0629712470855e-34,0,3.6736751411194e-35,4.5062857984697e-33,0,1.3212723457839e-35,6.1232610686754e-34,5.8800242020724e-10,0,0,0.0015410534721765,0.010102765893923,2.6364954552825e-06,0,5.0104609816206e-11,1.2271968803415e-05,0,1.8583716191131e-11,1.2742292029148e-09
0.002745625,233.38511272474,98.499341746464,205.07502264692,0.97741707853608,0.97723458413469,0.99981571212164,1574260057.5285,0.0002290599775301,0.00081038264592791,0.00032529453840704,1.2685453665186,0.00039327314540591,0.00039327314540591,0.00040895464907841,0.00040895464907841,0.00039327314540591,0.34356221277437,0.34356221277437,0.34356221277437,0.18947692369028,0.18947692369028,0.18947692369028,0.00040895464907841,61.550525822204,3.8197150252648e-19,3.3926730269864e-11,-6.2460333175662,-15.954484075132,-2.7163840874914,-3.2076174031817e-09,-5.8633008367529,-2.9466456969916,-4.9222834128686e-08,-17.936651457137,68.258876019231,525.39035447617,525.39035447617,525.39037015768,525.39037015768,525.39035447617,525.7335234158,525.7335234158,525.7335234158,525.57943812672,525.57943812672,525.57943812672,525.39037015768,250.77506331199,0.32092021316473,0.22115595185842,0.23988706210483,887.49524545803,-0.67453705213447,0.0044473552021867,0.00049084838625639,884.20621111126,-0.0014242804375179,-0.66948918895263,0.011743197695117,7.3112597772495e-26,0,0,2.6199083327585e-32,9.446057132761e-23,3.9236140062423e-34,0,3.571412694819e-35,4.3479431602148e-33,0,1.2863164972699e-35,5.9350092590248e-34,5.8800242020724e-10,0,0,0.0015410534721765,0.010102765893923,2.6364954552825e-06,0,5.0104609816206e-11,1.2271968803415e-05,0,1.8583716191131e-11,1.2742292029148e-09
0.002750625,232.19538823873,98.241569755092,204.34446523341,0.97741707853608,0.97723458413469,0.99981571212164,1574593003.5691,0.00022943837677966,0.00081186327676495,0.00032572336038861,1.2690429677608,0.00040578034480238,0.00040578034480238,0.00041983476700952,0.00041983476700952,0.00040578034480238,0.34298290290269,0.34298290290269,0.34298290290269,0.18857941267519,0.18857941267519,0.18857941267519,0.00041983476700952,61.488454345988,3.6045108471393e-19,3.3382423602388e-11,-6.2578614280415,-15.975462698656,-2.7276821511407,-3.2779563606556e-09,-5.8754027422562,-2.9581815356738,-5.0229283860144e-08,-17.956624881392,68.179129624365,525.35209493653,525.35209493653,525.35210899095,525.35210899095,525.35209493653,525.69467205908,525.69467205908,525.69467205908,525.54026856886,525.54026856886,525.54026856886,525.35210899095,250.74115642072,0.32141863400345,0.22149272981712,0.24027223492009,887.46645456347,-0.67806946396734,0.0044705803251609,0.00049188761909411,884.17273240175,-0.0014307200842564,-0.67298369493031,0.011743197695117,7.1135434853981e-26,0,0,2.5246743068717e-32,9.1067509464097e-23,3.789204239729e-34,0,3.4721419946468e-35,4.1953110377345e-33,0,1.2523351185177e-35,5.7526992987916e-34,5.8800242020724e-10,0,0,0.0015410534721765,0.010102765893923,2.6364954552825e-06,0,5.0104609816206e-11,1.2271968803415e-05,0,1.8583716191131e-11,1.2742292029148e-09
0.002755625,231.01055697073,97.984990428994,203.61682898328,0.97741707853608,0.97723458413469,0.99981571212164,1574920236.8388,0.00022981642255979,0.00081334391259624,0.00032615163745642,1.2695405494461,0.00041881171598365,0.00041881171598365,0.00043083391285096,0.00043083391285096,0.00041881171598365,0.34240357913584,0.34240357913584,0.34240357913584,0.18768478843138,0.18768478843138,0.18768478843138,0.00043083391285096,61.426465640903,3.4011993694363e-19,3.2844958715974e-11,-6.269676304388,-15.996337161088,-2.7389990637875,-3.3494911374236e-09,-5.8874911520669,-2.9697341015144,-5.1251490283388e-08,-17.976478964187,68.099511735119,525.31364485645,525.31364485645,525.31365687865,525.31365687865,525.31364485645,525.65562962387,525.65562962387,525.65562962387,525.50091083317,525.50091083317,525.50091083317,525.31365687865,250.70699249861,0.32191677189364,0.22182928923923,0.24065726021965,887.43716404137,-0.68161004365759,0.0044937893211523,0.00049292032824653,884.13874756915,-0.0014371411084887,-0.6764863581415,0.011743197695117,6.9213733519983e-26,0,0,2.4330357806997e-32,8.7800242270681e-23,3.6595594936447e-34,0,3.3757701868268e-35,4.0481769179084e-33,0,1.2192994377596e-35,5.5761388081369e-34,5.8800242020724e-10,0,0,0.0015410534721765,0.010102765893923,2.6364954552825e-06,0,5.0104609816206e-11,1.2271968803415e-05,0,1.8583716191131e-11,1.2742292029148e-09
0.002760625,229.83060461583,97.729599388211,202.89210560212,0.97741707853608,0.97723458413469,0.99981571212164,1575241777.1723,0.00023019411443831,0.0008148245533825,0.00032657937150159,1.2700381115327,0.00043160354026572,0.00043160354026572,0.00044193208096063,0.00044193208096063,0.00043160354026572,0.34182424715784,0.34182424715784,0.34182424715784,0.18679215379602,0.18679215379602,0.18679215379602,0.00044193208096063,61.364560618414,3.2091463900216e-19,3.2314300015204e-11,-6.2814778315178,-16.017107639349,-2.7503346917674,-3.4222344266181e-09,-5.8995660890422,-2.9813032902512,-5.2289588086125e-08,-17.996214154657,68.020020773826,525.27500478097,525.27500478097,525.27501510951,525.27501510951,525.27500478097,525.61639742459,525.61639742459,525.61639742459,525.46136533122,525.46136533122,525.46136533122,525.27501510951,250.67260592514,0.32241462725415,0.22216563047246,0.24104213817521,887.40737689389,-0.68515876575645,0.0045169823530645,0.00049394675877118,884.10425972924,-0.0014435433961834,-0.67999715230183,0.011743197695117,6.7345881361896e-26,0,0,2.3448519648446e-32,8.465395916096e-23,3.5345041330868e-34,0,3.2822074883039e-35,3.9063366569776e-33,0,1.1871814842109e-35,5.4051417301512e-34,5.8800242020724e-10,0,0,0.0015410534721765,0.010102765893923,2.6364954552825e-06,0,5.0104609816206e-11,1.2271968803415e-05,0,1.8583716191131e-11,1.2742292029148e-09
0.002765625,228.65551679768,97.475392243319,202.17028675258,0.97741707853608,0.97723458413469,0.99981571212164,1575557647.6491,0.00023057145207678,0.00081630519908584,0.00032700656430223,1.2705356539853,0.00044402081799404,0.00044402081799404,0.00045394265324112,0.00045394265324112,0.00044402081799404,0.34124491263183,0.34124491263183,0.34124491263183,0.18590245654955,0.18590245654955,0.18590245654955,0.00045394265324112,61.302740736661,3.027749476753e-19,3.1790411977338e-11,-6.2932658624395,-16.037774831769,-2.7616888286223,-3.4961987838086e-09,-5.9116274587634,-2.9928890515001,-5.3343715131099e-08,-18.015831327214,67.940656617097,525.2361758715,525.2361758715,525.23618579333,525.23618579333,525.2361758715,525.57697676331,525.57697676331,525.57697676331,525.42163430723,525.42163430723,525.42163430723,525.23618579333,250.63806153926,0.32291220050439,0.22250175386478,0.2414268689579,887.37709541978,-0.68871560359346,0.0045401603429545,0.0004949669343167,884.0692712945,-0.0014499259920171,-0.68351605112603,0.011743197695117,6.5530313559848e-26,0,0,2.2599877273038e-32,8.1624042336839e-23,3.4138692661901e-34,0,3.1913671265843e-35,3.7695941466461e-33,0,1.1559542109946e-35,5.2395280237721e-34,5.8800242020724e-10,0,0,0.0015410534721765,0.010102765893923,2.6364954552825e-06,0,5.0104609816206e-11,1.2271968803415e-05,0,1.8583716191131e-11,1.2742292029148e-09
0.002770625,227.48527908841,97.222364600507,201.45136406683,0.97741707853608,0.97723458413469,0.99981571212164,1575867869.7049,0.00023094843512269,0.00081778584966865,0.00032743321761001,1.2710331767654,0.00045682764570467,0.00045682764570467,0.00046569501256137,0.00046569501256137,0.00045682764570467,0.3406655812106,0.3406655812106,0.3406655812106,0.18501413620324,0.18501413620324,0.18501413620324,0.00046569501256137,61.24100673744,2.8564367840655e-19,3.1273258793172e-11,-6.3050402162994,-16.058338965582,-2.7730612822254,-3.5713968077334e-09,-5.9236752383357,-3.0044910409222,-5.4414008045299e-08,-18.035330160133,67.861418000697,525.19716019994,525.19716019994,525.1971690673,525.1971690673,525.19716019994,525.5373689535,525.5373689535,525.5373689535,525.3817175085,525.3817175085,525.3817175085,525.1971690673,250.6054360134,0.32340949206331,0.22283765976369,0.24181145273835,887.34632242919,-0.69228053198809,0.0045633235075144,0.00049598004327406,884.03378517386,-0.0014562893329806,-0.68704302821143,0.011743197695117,6.3765515840122e-26,0,0,2.1783133930161e-32,7.870605519385e-23,3.2974926626107e-34,0,3.1031650901064e-35,3.6377608565399e-33,0,1.1255914241258e-35,5.0791241164722e-34,5.8800242020724e-10,0,0,0.0015410534721765,0.010102765893923,2.6364954552825e-06,0,5.0104609816206e-11,1.2271968803415e-05,0,1.8583716191131e-11,1.2742292029148e-09
0.002775625,226.31987700219,96.97051206078,200.73532914289,0.97741707853608,0.97723458413469,0.99981571212164,1576172463.5837,0.00023132506318554,0.00081926650509315,0.00032785933321554,1.2715306798391,0.0004704511782945,0.0004704511782945,0.00047721094288057,0.00047721094288057,0.0004704511782945,0.34008625853195,0.34008625853195,0.34008625853195,0.18412987517513,0.18412987517513,0.18412987517513,0.00047721094288057,61.179357192255,2.694665541864e-19,3.076279767342e-11,-6.3168010988157,-16.078799401134,-2.7844518244111,-3.6478409412752e-09,-5.9357093022696,-3.0161092578354,-5.5500597666485e-08,-18.054712039227,67.78230745119,525.15795948057,525.15795948057,525.15796624034,525.15796624034,525.15795948057,525.49757528793,525.49757528793,525.49757528793,525.34161890457,525.34161890457,525.34161890457,525.15796624034,250.57458865097,0.32390650235091,0.22317334851779,0.24219588968666,887.31506023235,-0.69585352444152,0.0045864722666647,0.0004969871788135,883.9978037962,-0.0014626326187132,-0.69057805665119,0.011743197695117,6.2050016336061e-26,0,0,2.0997045539557e-32,7.5895741546169e-23,3.1852181121903e-34,0,3.0175203820253e-35,3.5106554204597e-33,0,1.0960677767101e-35,4.9237615990851e-34,5.8800242020724e-10,0,0,0.0015410534721765,0.010102765893923,2.6364954552825e-06,0,5.0104609816206e-11,1.2271968803415e-05,0,1.8583716191131e-11,1.2742292029148e-09
0.002780625,225.15929600699,96.719830222963,200.0221735523,0.97741707853608,0.97723458413469,0.99981571212164,1576471450.1744,0.00023170133596108,0.00082074716532115,0.00032828491281437,1.2720281631675,0.00048491748103997,0.00048491748103997,0.00048873499525495,0.00048873499525495,0.00048491748103997,0.33950695022696,0.33950695022696,0.33950695022696,0.18324707823001,0.18324707823001,0.18324707823001,0.00048873499525495,61.11779182435,2.5419207694028e-19,3.0258985069733e-11,-6.3285485316153,-16.099155901327,-2.795860263139,-3.7255435260136e-09,-5.9477296685972,-3.027743291853,-5.6603611916507e-08,-18.073975045478,67.703325961035,525.11857503198,525.11857503198,525.1185788495,525.1185788495,525.11857503198,525.45759706473,525.45759706473,525.45759706473,525.30133719273,525.30133719273,525.30133719273,525.1185788495,250.54373774909,0.32440323178803,0.22350882047675,0.24258017997245,887.28331171663,-0.6994345557439,0.0046096069936303,0.00049798793877167,883.96133017852,-0.0014689573152948,-0.69412110979277,0.011743197695117,6.038238955525e-26,0,0,2.0240418754538e-32,7.3189000940689e-23,3.0768956093399e-34,0,2.9343542329688e-35,3.388103100425e-33,0,1.0673586813679e-35,4.7732779633807e-34,5.8800242020724e-10,0,0,0.0015410534721765,0.010102765893923,2.6364954552825e-06,0,5.0104609816206e-11,1.2271968803415e-05,0,1.8583716191131e-11,1.2742292029148e-09
0.002785625,224.00352151015,96.470314679949,199.31188883058,0.97741707853608,0.97723458413469,0.99981571212164,1576764848.027,0.00023207725310655,0.00082222783031551,0.00032870995821508,1.2725256267161,0.00049839134873896,0.00049839134873896,0.00050076052434421,0.00050076052434421,0.00049839134873896,0.33892766190893,0.33892766190893,0.33892766190893,0.18236745377983,0.18236745377983,0.18236745377983,0.00050076052434421,61.05631078982,2.3977138839481e-19,2.9761773264621e-11,-6.3402823450797,-16.119408541585,-2.8072863672766,-3.8045169377498e-09,-5.9597362636702,-3.0393932408228,-5.772317613156e-08,-18.093121466173,67.624472966805,525.07900628543,525.07900628543,525.0790086546,525.0790086546,525.07900628543,525.41743555599,525.41743555599,525.41743555599,525.26087534786,525.26087534786,525.26087534786,525.0790086546,250.51272138783,0.32489968079396,0.22384407598891,0.24296432376518,887.25107926666,-0.70302359943768,0.0046327284217677,0.00049898236540539,883.92436683668,-0.0014752624170077,-0.69767216096443,0.011743197695117,5.8761251898539e-26,0,0,1.9512108262225e-32,7.0581896473437e-23,2.9723807834219e-34,0,2.8535906151138e-35,3.2699362080203e-33,0,1.0394403483071e-35,4.6275159887035e-34,5.8800242020724e-10,0,0,0.0015410534721765,0.010102765893923,2.6364954552825e-06,0,5.0104609816206e-11,1.2271968803415e-05,0,1.8583716191131e-11,1.2742292029148e-09
0.002790625,222.85253887202,96.221961020423,198.60446648481,0.97741707853608,0.97723458413469,0.99981571212164,1577052672.6348,0.00023245281425807,0.0008237085000394,0.00032913447121284,1.2730230704537,0.0005101094002238,0.0005101094002238,0.00051355158114328,0.00051355158114328,0.0005101094002238,0.33834839917798,0.33834839917798,0.33834839917798,0.18149056837483,0.18149056837483,0.18149056837483,0.00051355158114328,60.994917543676,2.2615813174622e-19,2.9271114287071e-11,-6.352002425597,-16.139558831081,-2.8187299481611,-3.8847735291492e-09,-5.9717289813468,-3.0510586078129,-5.8859424609355e-08,-18.112150004652,67.54574672434,525.03925374852,525.03925374852,525.0392571907,525.0392571907,525.03925374852,525.3770920383,525.3770920383,525.3770920383,525.2202342075,525.2202342075,525.2202342075,525.0392571907,250.48145076011,0.3253958497883,0.22417911540257,0.24334832123383,887.21836496327,-0.70662062917184,0.0046558379555174,0.00049997034302231,883.88691595015,-0.001481547440439,-0.70123118461603,0.011743197695117,5.7185259177909e-26,0,0,1.8811014508755e-32,6.8070645595555e-23,2.8715346670762e-34,0,2.7751559752324e-35,3.1559931726526e-33,0,1.0122896231473e-35,4.4863234905793e-34,5.8800242020724e-10,0,0,0.0015410534721765,0.010102765893923,2.6364954552825e-06,0,5.0104609816206e-11,1.2271968803415e-05,0,1.8583716191131e-11,1.2742292029148e-09
0.002795625,221.70633340921,95.974764831405,197.8998979963,0.97741707853608,0.97723458413469,0.99981571212164,1577334946.7866,0.00023282801905595,0.0008251891744563,0.00032955845351634,1.2735204943504,0.00052180657276986,0.00052180657276986,0.00052609496446771,0.00052609496446771,0.00052180657276986,0.33776916762097,0.33776916762097,0.33776916762097,0.18061625669189,0.18061625669189,0.18061625669189,0.00052609496446771,60.933613182096,2.1330837080539e-19,2.8786958660691e-11,-6.3637085430192,-16.159607276767,-2.8301907641801,-3.9663257825185e-09,-5.9837077126481,-3.0627392426858,-6.0012491895105e-08,-18.131061178418,67.4671463187,524.99932042695,524.99932042695,524.99932471534,524.99932471534,524.99932042695,525.336567788,525.336567788,525.336567788,525.17941487707,525.17941487707,525.17941487707,524.99932471534,250.44994573724,0.32589173919008,0.22451393906558,0.24373217254697,887.1851707372,-0.71022561909112,0.0046789350279829,0.00050095133721412,883.84897953637,-0.0014878125284788,-0.70479815331184,0.011743197695117,5.5653108581743e-26,0,0,1.8136081890004e-32,6.5651621496947e-23,2.7742238090632e-34,0,2.6989796282189e-35,3.0461187826522e-33,0,9.8588415225061e-36,4.3495535823437e-34,5.8800242020724e-10,0,0,0.0015410534721765,0.010102765893923,2.6364954552825e-06,0,5.0104609816206e-11,1.2271968803415e-05,0,1.8583716191131e-11,1.2742292029148e-09
0.002800625,220.56489040756,95.728721702029,197.1981748293,0.97741707853608,0.97723458413469,0.99981571212164,1577611694.9061,0.00023320286715387,0.00082666985352986,0.00032998190690414,1.2740178983716,0.0005340881600399,0.0005340881600399,0.00053871652546632,0.00053871652546632,0.0005340881600399,0.337189972817,0.337189972817,0.337189972817,0.1797455061895,0.1797455061895,0.1797455061895,0.00053871652546632,60.872394441878,2.0118045113449e-19,2.8309253901136e-11,-6.3754009278749,-16.179552466631,-2.8416686225552,-4.0491859464544e-09,-5.9956724198223,-3.0744349461439,-6.1182501686735e-08,-18.149855248225,67.388674380809,524.95920819187,524.95920819187,524.95921282024,524.95921282024,524.95920819187,525.29586407653,525.29586407653,525.29586407653,525.1384196099,525.1384196099,525.1384196099,524.95921282024,250.41802883403,0.3263873494183,0.22484854732621,0.24411587787288,887.1514991256,-0.71383854290221,0.0047020206260632,0.00050192531515808,883.81056023805,-0.0014940571231108,-0.70837304070859,0.011743197695117,5.4163537683413e-26,0,0,1.7486297529393e-32,6.3321324699101e-23,2.6803196987268e-34,0,2.6249925474946e-35,2.9401635490766e-33,0,9.6020225396025e-36,4.2170641225778e-34,5.8800242020724e-10,0,0,0.0015410534721765,0.010102765893923,2.6364954552825e-06,0,5.0104609816206e-11,1.2271968803415e-05,0,1.8583716191131e-11,1.2742292029148e-09
0.002805625,219.42819511024,95.483827219663,196.49928842297,0.97741707853608,0.97723458413469,0.99981571212164,1577882936.9911,0.00023357735832148,0.00082815053722362,0.0003304048329788,1.2745152824794,0.00054719570101722,0.00054719570101722,0.00055052004017236,0.00055052004017236,0.00054719570101722,0.33661082033136,0.33661082033136,0.33661082033136,0.17887696058975,0.17887696058975,0.17887696058975,0.00055052004017236,60.811260997145,1.8973487389633e-19,2.783794547767e-11,-6.3870795172545,-16.19939423251,-2.8531633460873,-4.133365945405e-09,-6.0076231098523,-3.0861453709616,-6.2369576042347e-08,-18.16853198828,67.310331217392,524.91891852502,524.91891852502,524.91892184936,524.91892184936,524.91891852502,525.25498214965,525.25498214965,525.25498214965,525.09724828991,525.09724828991,525.09724828991,524.91892184936,250.38611519875,0.3268826808931,0.22518294053374,0.24449943737903,887.11735316954,-0.71745937433612,0.0047250938856818,0.00050289251317947,883.77166120752,-0.0015002821811178,-0.71195581873029,0.011743197695117,5.2715321964458e-26,0,0,1.6860689268197e-32,6.1076403226036e-23,2.589698773456e-34,0,2.553128441654e-35,2.8379838279582e-33,0,9.3522295686609e-36,4.0887178047523e-34,5.8800242020724e-10,0,0,0.0015410534721765,0.010102765893923,2.6364954552825e-06,0,5.0104609816206e-11,1.2271968803415e-05,0,1.8583716191131e-11,1.2742292029148e-09
0.002810625,218.29623270184,95.24007696578,195.80323018133,0.97741707853608,0.97723458413469,0.99981571212164,1578148693.45,0.00023395149220913,0.00082963122550286,0.00033082723363004,1.275012646643,0.00056049487799266,0.00056049487799266,0.00056326847839927,0.00056326847839927,0.00056049487799266,0.33603171570894,0.33603171570894,0.33603171570894,0.17801044107815,0.17801044107815,0.17801044107815,0.00056326847839927,60.750211997512,1.7893421737911e-19,2.7372975513859e-11,-6.3987444205057,-16.219132344527,-2.8646747088125,-4.2188778059486e-09,-6.0195596945248,-3.0978705656651,-6.3573833607003e-08,-18.187092418714,67.232119341718,524.87845201516,524.87845201516,524.87845478876,524.87845478876,524.87845201516,525.21392323599,525.21392323599,525.21392323599,525.05590196136,525.05590196136,525.05590196136,524.87845478876,250.35373498229,0.32737773403449,0.22551711903768,0.24488285123287,887.08273496146,-0.72108808709279,0.0047481563099737,0.00050385298781184,883.73228467105,-0.0015064868192038,-0.71554646167006,0.011743197695117,5.1307271550494e-26,0,0,1.6258324084827e-32,5.8913627193935e-23,2.5022420206426e-34,0,2.4833229367923e-35,2.7394411893543e-33,0,9.1092594264599e-36,3.9643816127963e-34,5.8800242020724e-10,0,0,0.0015410534721765,0.010102765893923,2.6364954552825e-06,0,5.0104609816206e-11,1.2271968803415e-05,0,1.8583716191131e-11,1.2742292029148e-09
0.002815625,217.16898833448,94.997466521677,195.10999148938,0.97741707853608,0.97723458413469,0.99981571212164,1578408984.1478,0.0002343252683932,0.0008311119183326,0.00033124911071096,1.2755099908272,0.00057205578942925,0.00057205578942925,0.00057626101439072,0.00057626101439072,0.00057205578942925,0.33545266448638,0.33545266448638,0.33545266448638,0.17714539325335,0.17714539325335,0.17714539325335,0.00057626101439072,60.689249487022,1.6874303175917e-19,2.6914285327369e-11,-6.4103952627066,-16.238767494917,-2.8762025645612,-4.3057337131532e-09,-6.031482185076,-3.1096103963887,-6.4795397092727e-08,-18.2055369909,67.154034611783,524.83780796641,524.83780796641,524.83781217164,524.83781217164,524.83780796641,525.17268857511,525.17268857511,525.17268857511,525.01438130388,525.01438130388,525.01438130388,524.83781217164,250.32135975698,0.32787250925866,0.22585108318428,0.24526611960198,887.04764706525,-0.72472465641005,0.0047712085060121,0.0005048080222846,883.69243330287,-0.0015126713499413,-0.71914494350569,0.011743197695117,4.9938232544548e-26,0,0,1.5678306211086e-32,5.6829895328226e-23,2.4178349806733e-34,0,2.4155137131778e-35,2.6444025291019e-33,0,8.8729149361964e-36,3.8439269409764e-34,5.8800242020724e-10,0,0,0.0015410534721765,0.010102765893923,2.6364954552825e-06,0,5.0104609816206e-11,1.2271968803415e-05,0,1.8583716191131e-11,1.2742292029148e-09
0.002820625,216.04644712214,94.755991466656,194.41956370919,0.97741707853608,0.97723458413469,0.99981571212164,1578663832.3289,0.0002346986865816,0.00083259261567844,0.00033167046587651,1.2760073150075,0.00058420363426827,0.00058420363426827,0.00058820231603546,0.00058820231603546,0.00058420363426827,0.33487367218473,0.33487367218473,0.33487367218473,0.1762836060016,0.1762836060016,0.1762836060016,0.00058820231603546,60.628376328069,1.5912773208042e-19,2.6461816021125e-11,-6.4220320351851,-16.258301061561,-2.8877465970277,-4.3939456982078e-09,-6.0433903421594,-3.1213646775941,-6.6034390801041e-08,-18.223865939775,67.07607718267,524.79698991577,524.79698991577,524.79699391445,524.79699391445,524.79698991577,525.13127938432,525.13127938432,525.13127938432,524.97268931814,524.97268931814,524.97268931814,524.79699391445,250.28883228016,0.32836700698462,0.22618483332161,0.24564924265278,887.01209101878,-0.72836905523837,0.0047942515330267,0.00050575675280805,883.652108741,-0.0015188349677886,-0.72275123761205,0.011743197695117,4.8607082627692e-26,0,0,1.5119775566262e-32,5.4822230864543e-23,2.3363674020076e-34,0,2.3496402975255e-35,2.5527400036247e-33,0,8.6430045665285e-36,3.7272293581482e-34,5.8800242020724e-10,0,0,0.0015410534721765,0.010102765893923,2.6364954552825e-06,0,5.0104609816206e-11,1.2271968803415e-05,0,1.8583716191131e-11,1.2742292029148e-09
0.002825625,214.92859415695,94.515647384244,193.73193819084,0.97741707853608,0.97723458413469,0.99981571212164,1578913259.1789,0.00023507174636958,0.00083407331750719,0.00033209130107638,1.2765046191511,0.0005965209098251,0.0005965209098251,0.00060151761985258,0.00060151761985258,0.0005965209098251,0.3342947443203,0.3342947443203,0.3342947443203,0.1754238729366,0.1754238729366,0.1754238729366,0.00060151761985258,60.567588190598,1.5005650398952e-19,2.6015507225952e-11,-6.4336549158631,-16.277731241498,-2.8993066126864,-4.4835253781597e-09,-6.0552841315591,-3.1331328666956,-6.7290927604681e-08,-18.242078495746,66.998251196655,524.75599868199,524.75599868199,524.7560036787,524.7560036787,524.75599868199,525.0896969054,525.0896969054,525.0896969054,524.93082603402,524.93082603402,524.93082603402,524.7560036787,250.2561045744,0.32886122763213,0.22651836979923,0.24603222055151,886.97606928829,-0.73202125697527,0.0048172856238814,0.00050669891667584,883.61131355961,-0.0015249773861804,-0.72636531724416,0.011743197695117,4.7312736137147e-26,0,0,1.4581906175144e-32,5.2887770746791e-23,2.2577334012942e-34,0,2.2856447183707e-35,2.4643303850645e-33,0,8.4193434782716e-36,3.6141687604437e-34,5.8800242020724e-10,0,0,0.0015410534721765,0.010102765893923,2.6364954552825e-06,0,5.0104609816206e-11,1.2271968803415e-05,0,1.8583716191131e-11,1.2742292029148e-09
0.002830625,213.81541448966,94.276429855594,193.0471062593,0.97741707853608,0.97723458413469,0.99981571212164,1579157285.4353,0.00023544444765634,0.00083555402378324,0.00033251161776157,1.2770019032198,0.00060938409019846,0.00060938409019846,0.00061521565199257,0.00061521565199257,0.00060938409019846,0.33371588639223,0.33371588639223,0.33371588639223,0.174568434886,0.174568434886,0.174568434886,0.00061521565199257,60.506887090536,1.4149924601841e-19,2.5575297425039e-11,-6.4452634957623,-16.29705873364,-2.9108824288922,-4.574484746582e-09,-6.0671636037211,-3.1449150791111,-6.856512265899e-08,-18.260175813516,66.920551545407,524.71483584071,524.71483584071,524.71484167227,524.71484167227,524.71483584071,525.04794234301,525.04794234301,525.04794234301,524.88879489151,524.88879489151,524.88879489151,524.71484167227,250.2231257654,0.32935517161763,0.22685169296347,0.24641505346392,886.93958511392,-0.73568123631735,0.0048403110473913,0.0005076352503891,883.57005111121,-0.0015311001987926,-0.7299871548103,0.011743197695117,4.6054138867651e-26,0,0,1.4063905752879e-32,5.1023764428168e-23,2.181830965253e-34,0,2.2234704819712e-35,2.3790550341385e-33,0,8.2017521174926e-36,3.5046288481833e-34,5.8800242020724e-10,0,0,0.0015410534721765,0.010102765893923,2.6364954552825e-06,0,5.0104609816206e-11,1.2271968803415e-05,0,1.8583716191131e-11,1.2742292029148e-09
0.002835625,212.70689311684,94.038334456315,192.36505920663,0.97741707853608,0.97723458413469,0.99981571212164,1579395931.2164,0.00023581678999677,0.00083703473447109,0.00033293141784888,1.2774991671804,0.0006221099118815,0.0006221099118815,0.00062887826816311,0.00062887826816311,0.0006221099118815,0.33313710387792,0.33313710387792,0.33313710387792,0.17371515323484,0.17371515323484,0.17371515323484,0.00062887826816311,60.446272937365,1.3342744117334e-19,2.5141124152898e-11,-6.4568580628929,-16.316283474805,-2.9224738581979,-4.6668354842612e-09,-6.0790287782338,-3.1567107479071,-6.9857089471418e-08,-18.27815660161,66.842981639214,524.6735018853,524.6735018853,524.67350865366,524.67350865366,524.6735018853,525.00601687927,525.00601687927,525.00601687927,524.84659492863,524.84659492863,524.84659492863,524.67350865366,250.1899077258,0.3298488393609,0.22718480316373,0.24679774155495,886.90264122357,-0.7393489643602,0.0048633294581116,0.00050856577595918,883.52832423797,-0.0015372009032474,-0.73361672305113,0.011743197695117,4.4830269833453e-26,0,0,1.3565012920243e-32,4.9227567581505e-23,2.1085619824211e-34,0,2.1630628728251e-35,2.2967998548663e-33,0,7.9900566327413e-36,3.3984971734722e-34,5.8800242020724e-10,0,0,0.0015410534721765,0.010102765893923,2.6364954552825e-06,0,5.0104609816206e-11,1.2271968803415e-05,0,1.8583716191131e-11,1.2742292029148e-09
0.002840625,211.6030149868,93.801356758157,191.68578829542,0.97741707853608,0.97723458413469,0.99981571212164,1579629216.9771,0.00023618877312774,0.00083851544953626,0.00033335070300446,1.2779964110081,0.00063467417520309,0.00063467417520309,0.00064169599792017,0.00064169599792017,0.00063467417520309,0.33255840223247,0.33255840223247,0.33255840223247,0.17286370948066,0.17286370948066,0.17286370948066,0.00064169599792017,60.385746469036,1.2581409719933e-19,2.4712922890911e-11,-6.4684385290528,-16.335405996223,-2.9340806350512,-4.7605892200098e-09,-6.0908794743911,-3.1685199734493,-7.1166943782033e-08,-18.296022577009,66.765541966025,524.63199797286,524.63199797286,524.63200499469,524.63200499469,524.63199797286,524.96392170092,524.96392170092,524.96392170092,524.80422700817,524.80422700817,524.80422700817,524.63200499469,250.15648461802,0.33034223128162,0.22751770074911,0.24718028498922,886.86523937229,-0.74302441499386,0.0048863412841683,0.00050948993753434,883.48613481358,-0.0015432803502711,-0.73725399488648,0.011743197695117,4.3640135450757e-26,0,0,1.3084496605033e-32,4.7496637154158e-23,2.0378318687748e-34,0,2.1043688849336e-35,2.2174551277763e-33,0,7.7840881945147e-36,3.2956649926705e-34,5.8800242020724e-10,0,0,0.0015410534721765,0.010102765893923,2.6364954552825e-06,0,5.0104609816206e-11,1.2271968803415e-05,0,1.8583716191131e-11,1.2742292029148e-09
0.002845625,210.50376503278,93.565492338274,191.00928478037,0.97741707853608,0.97723458413469,0.99981571212164,1579857162.7283,0.00023656039672422,0.00083999616894706,0.00033376947507286,1.2784936346785,0.00064775807750863,0.00064775807750863,0.00065424390624684,0.00065424390624684,0.00064775807750863,0.33197978690594,0.33197978690594,0.33197978690594,0.17201434189594,0.17201434189594,0.17201434189594,0.00065424390624684,60.325307230659,1.1863366389881e-19,2.4290628241179e-11,-6.4800049841183,-16.354426005581,-2.94570253991,-4.8557573694717e-09,-6.1027155898509,-3.1803425514575,-7.2494790484284e-08,-18.313773839663,66.68823347227,524.59032598341,524.59032598341,524.59033246923,524.59033246923,524.59032598341,524.92165801223,524.92165801223,524.92165801223,524.76169256722,524.76169256722,524.76169256722,524.59033246923,250.12286923604,0.33083534779777,0.22785038606791,0.24756268393175,886.82738108846,-0.7467075623453,0.0049093466817805,0.00051040821833839,883.44348446139,-0.0015493380560372,-0.74089894336129,0.011743197695117,4.2482773087665e-26,0,0,1.2621654121609e-32,4.5828524298989e-23,1.96954969559e-34,0,2.0473374912287e-35,2.1409150711735e-33,0,7.5836835477173e-36,3.196026934589e-34,5.8800242020724e-10,0,0,0.0015410534721765,0.010102765893923,2.6364954552825e-06,0,5.0104609816206e-11,1.2271968803415e-05,0,1.8583716191131e-11,1.2742292029148e-09
0.002850625,209.40912817897,93.330736779328,190.33553991132,0.97741707853608,0.97723458413469,0.99981571212164,1580079789.5334,0.00023693166043431,0.00084147689267075,0.00033418773587599,1.2789908381597,0.00066137817906984,0.00066137817906984,0.00066824237242572,0.00066824237242572,0.00066137817906984,0.33140126334196,0.33140126334196,0.33140126334196,0.17116868259689,0.17116868259689,0.17116868259689,0.00066824237242572,60.264954029477,1.1186197611459e-19,2.3874174306129e-11,-6.491557271797,-16.373343168386,-2.9573394028404,-4.952351358401e-09,-6.114537111653,-3.1921782854121,-7.3840739366535e-08,-18.331410490453,66.611055407245,524.54848712274,524.54848712274,524.54849398693,524.54849398693,524.54848712274,524.8792270079,524.8792270079,524.8792270079,524.71899442716,524.71899442716,524.71899442716,524.54849398693,250.08906437846,0.33132818932617,0.22818285946751,0.24794493854705,886.78906889088,-0.75039838033007,0.004932345633331,0.00051132044786345,883.40037579827,-0.0015553742481134,-0.74455154139821,0.011743197695117,4.1357248044549e-26,0,0,1.2175811383646e-32,4.4220878829743e-23,1.9036279184446e-34,0,1.9919192807798e-35,2.0670779495899e-33,0,7.3886844189052e-36,3.0994811175373e-34,5.8800242020724e-10,0,0,0.0015410534721765,0.010102765893923,2.6364954552825e-06,0,5.0104609816206e-11,1.2271968803415e-05,0,1.8583716191131e-11,1.2742292029148e-09
0.002855625,208.31908931215,93.097085661793,189.66454491517,0.97741707853608,0.97723458413469,0.99981571212164,1580297118.8761,0.00023730256402752,0.00084295762067196,0.00033460548694926,1.2794880214137,0.00067399064797458,0.00067399064797458,0.0006831644370559,0.0006831644370559,0.00067399064797458,0.33082283696589,0.33082283696589,0.33082283696589,0.17032512443705,0.17032512443705,0.17032512443705,0.0006831644370559,60.204688289185,1.0547617790166e-19,2.3463496139906e-11,-6.5030950724767,-16.392158084101,-2.9689910551075,-5.0503826871652e-09,-6.1263440755239,-3.2040267313913,-7.5204901002474e-08,-18.348932202005,66.534004910467,524.50648100495,524.50648100495,524.50649017874,524.50649017874,524.50648100495,524.83662985127,524.83662985127,524.83662985127,524.67613213874,524.67613213874,524.67613213874,524.50649017874,250.05507197492,0.33182075628336,0.22851512129468,0.24832704899866,886.75030618688,-0.75409684238069,0.0049553388790264,0.00051222683910066,883.3568123423,-0.0015613895135156,-0.74821176185946,0.011743197695117,4.0262651848673e-26,0,0,1.1746320993633e-32,4.2671442388668e-23,1.8399822223635e-34,0,1.9380661363965e-35,1.9958458908133e-33,0,7.1989363541708e-36,3.0059292814475e-34,5.8800242020724e-10,0,0,0.0015410534721765,0.010102765893923,2.6364954552825e-06,0,5.0104609816206e-11,1.2271968803415e-05,0,1.8583716191131e-11,1.2742292029148e-09
0.002860625,207.23363327907,92.864534566332,188.99629099577,0.97741707853608,0.97723458413469,0.99981571212164,1580509171.197,0.00023767310719906,0.0008444383529175,0.00033502273010244,1.2799851844175,0.00068687191561118,0.00068687191561118,0.000697217278353,0.000697217278353,0.00068687191561118,0.33024451318352,0.33024451318352,0.33024451318352,0.16948466342662,0.16948466342662,0.16948466342662,0.000697217278353,60.144512579533,9.9454642476611e-20,2.3058529830246e-11,-6.5146183470677,-16.410871843446,-2.9806572342281,-5.1498626815484e-09,-6.1381363645765,-3.215887873057,-7.6587383003555e-08,-18.366340067499,66.457082880205,524.46431003881,524.46431003881,524.46432038417,524.46432038417,524.46431003881,524.79386768007,524.79386768007,524.79386768007,524.63310783032,524.63310783032,524.63310783032,524.46432038417,250.0208804992,0.33231304908711,0.22884717189704,0.24870901544984,886.71109465696,-0.75780292179619,0.0049783272254936,0.00051312865170494,883.31279585587,-0.0015673835805051,-0.75187957771253,0.011743197695117,3.9198103609387e-26,0,0,1.1332560387021e-32,4.1178042754374e-23,1.7785313770674e-34,0,1.8857315106673e-35,1.9271247529287e-33,0,7.0142900527274e-36,2.9152761474218e-34,5.8800242020724e-10,0,0,0.0015410534721765,0.010102765893923,2.6364954552825e-06,0,5.0104609816206e-11,1.2271968803415e-05,0,1.8583716191131e-11,1.2742292029148e-09
0.002865625,206.15274490713,92.633079076126,188.33076934472,0.97741707853608,0.97723458413469,0.99981571212164,1580715964.8365,0.0002380432896075,0.00084591908937589,0.00033543946716711,1.2804823271459,0.0007011801547861,0.0007011801547861,0.00071202988120277,0.00071202988120277,0.0007011801547861,0.32966629738752,0.32966629738752,0.32966629738752,0.16864644255835,0.16864644255835,0.16864644255835,0.00071202988120277,60.084424114049,9.3776908633882e-20,2.265920906495e-11,-6.5261274145613,-16.429483350456,-2.9923376535722,-5.2508020431397e-09,-6.14991383398,-3.2277613950378,-7.7988283110269e-08,-18.3836334872,66.380293242951,524.42197655114,524.42197655114,524.42198740086,524.42198740086,524.42197655114,524.75094166837,524.75094166837,524.75094166837,524.58992181354,524.58992181354,524.58992181354,524.42198740086,249.98646414681,0.33280506815688,0.22917901162417,0.2490908380633,886.67143624484,-0.76151659205499,0.0050013102923083,0.00051402478240554,883.26832839872,-0.0015733568662163,-0.75555496101827,0.011743197695117,3.8162748031327e-26,0,0,1.0933932057631e-32,3.9738589236214e-23,1.7191971682237e-34,0,1.8348703003624e-35,1.8608236891555e-33,0,6.8346008365661e-36,2.8274295627265e-34,5.8800242020724e-10,0,0,0.0015410534721765,0.010102765893923,2.6364954552825e-06,0,5.0104609816206e-11,1.2271968803415e-05,0,1.8583716191131e-11,1.2742292029148e-09
0.002870625,205.07640900694,92.402714779073,187.66797114429,0.97741707853608,0.97723458413469,0.99981571212164,1580917518.8091,0.00023841311101248,0.00084739983001595,0.00033585569986848,1.2809794495637,0.00071707521308126,0.00071707521308126,0.00072675351969803,0.00072675351969803,0.00071707521308126,0.32908819496115,0.32908819496115,0.32908819496115,0.16781042544901,0.16781042544901,0.16781042544901,0.00072675351969803,60.02442150028,8.8423638783079e-20,2.2265466449629e-11,-6.5376219385015,-16.447992091532,-3.0040321851275,-5.353211742498e-09,-6.1616765709837,-3.2396472659712,-7.9407701111262e-08,-18.400813551172,66.30363369732,524.37948185394,524.37948185394,524.37949153224,524.37949153224,524.37948185394,524.70785297369,524.70785297369,524.70785297369,524.54657520417,524.54657520417,524.54657520417,524.37949153224,249.95184265485,0.33329681390772,0.22951064082223,0.24947251700201,886.63133395392,-0.76523782640154,0.0050242905714527,0.00051491446884995,883.22341310159,-0.0015793085702119,-0.75923788599285,0.011743197695117,3.71557576317e-26,0,0,1.0549862486493e-32,3.8351070981062e-23,1.6619043509936e-34,0,1.7854389357265e-35,1.7968553073458e-33,0,6.6597286075196e-36,2.7423003968912e-34,5.8800242020724e-10,0,0,0.0015410534721765,0.010102765893923,2.6364954552825e-06,0,5.0104609816206e-11,1.2271968803415e-05,0,1.8583716191131e-11,1.2742292029148e-09
0.002875625,204.00461035782,92.173437261774,187.00788755763,0.97741707853608,0.97723458413469,0.99981571212164,1581113854.5332,0.00023878257116131,0.00084888057480424,0.00033627143006054,1.2814765516431,0.00073261574166298,0.00073261574166298,0.00074352276544035,0.00074352276544035,0.00073261574166298,0.32851021126929,0.32851021126929,0.32851021126929,0.16697656534918,0.16697656534918,0.16697656534918,0.00074352276544035,59.964505006523,8.3376557146607e-20,2.1877234218096e-11,-6.5491021652679,-16.466398145671,-3.0157405778945,-5.4571025906478e-09,-6.1734245337213,-3.2515452772763,-8.0845729766084e-08,-18.417880704935,66.227106343341,524.33682512002,524.33682512002,524.33683602705,524.33683602705,524.33682512002,524.66460271555,524.66460271555,524.66460271555,524.50306906963,524.50306906963,524.50306906963,524.33683602705,249.917025147,0.33378828675807,0.22984205984003,0.24985405242771,886.59079022654,-0.76896659768375,0.0050472678223017,0.00051579995571786,883.17805251585,-0.0015852391971019,-0.76292832395211,0.011743197695117,3.6176327268729e-26,0,0,1.0179800054105e-32,3.7013562400393e-23,1.6065804307051e-34,0,1.7373953451248e-35,1.7351356298586e-33,0,6.4895385030018e-36,2.6598023975909e-34,5.8800242020724e-10,0,0,0.0015410534721765,0.010102765893923,2.6364954552825e-06,0,5.0104609816206e-11,1.2271968803415e-05,0,1.8583716191131e-11,1.2742292029148e-09
0.002880625,202.93733371081,91.945242112865,186.35050973148,0.97741707853608,0.97723458413469,0.99981571212164,1581304989.9409,0.0002391516697389,0.00085036132370971,0.00033668665941632,1.2819736333565,0.00074823409232201,0.00074823409232201,0.00075941777083955,0.00075941777083955,0.00074823409232201,0.32793235166359,0.32793235166359,0.32793235166359,0.16614479862468,0.16614479862468,0.16614479862468,0.00075941777083955,59.904678840738,7.8618379548771e-20,2.1494446762625e-11,-6.560567470037,-16.484703127646,-3.0274626893476,-5.5624854019853e-09,-6.1851577230673,-3.2634552430869,-8.2302468717035e-08,-18.434835209222,66.150706038187,524.29400791049,524.29400791049,524.29401909417,524.29401909417,524.29400791049,524.62119202806,524.62119202806,524.62119202806,524.45940447502,524.45940447502,524.45940447502,524.29401909417,249.88197466822,0.33427948712192,0.23017326902251,0.25023544450271,886.5498072648,-0.77270287930904,0.005070242670406,0.00051668011415273,883.1322489122,-0.0015911483542396,-0.7666262479455,0.011743197695117,3.5223675457508e-26,0,0,9.8232145710389e-33,3.5724200019615e-23,1.5531555589893e-34,0,1.6906985665108e-35,1.6755835956194e-33,0,6.3238981027992e-36,2.5798521315777e-34,5.8800242020724e-10,0,0,0.0015410534721765,0.010102765893923,2.6364954552825e-06,0,5.0104609816206e-11,1.2271968803415e-05,0,1.8583716191131e-11,1.2742292029148e-09
0.002885625,201.8745637937,91.718124920666,185.69582879682,0.97741707853608,0.97723458413469,0.99981571212164,1581490945.2818,0.00023952040660141,0.00085184207670153,0.00033710138951772,1.2824706946855,0.00076311693596914,0.00076311693596914,0.00077490424183292,0.00077490424183292,0.00076311693596914,0.32735462147223,0.32735462147223,0.32735462147223,0.16531503028644,0.16531503028644,0.16531503028644,0.00077490424183292,59.844940842979,7.4132771327428e-20,2.1117038052209e-11,-6.5720183000309,-16.502906534608,-3.0391981609179,-5.6693707557745e-09,-6.1968758795977,-3.2753768463075,-8.3778009911873e-08,-18.4516769692,66.07443896557,524.25103053275,524.25103053275,524.25104232005,524.25104232005,524.25103053275,524.57762203728,524.57762203728,524.57762203728,524.4155824461,524.4155824461,524.4155824461,524.25104232005,249.84673385601,0.33477041541801,0.23050426871884,0.25061669338827,886.50838632823,-0.776446644948,0.0050932155765902,0.00051755321697645,883.08600366848,-0.0015970357015325,-0.77033163106644,0.011743197695117,3.4297042375628e-26,0,0,9.4795970921625e-33,3.4481195547814e-23,1.5015624136653e-34,0,1.6453088576987e-35,1.6181211435221e-33,0,6.1626786135085e-36,2.5023688572376e-34,5.8800242020724e-10,0,0,0.0015410534721765,0.010102765893923,2.6364954552825e-06,0,5.0104609816206e-11,1.2271968803415e-05,0,1.8583716191131e-11,1.2742292029148e-09
0.002890625,200.81628534159,91.492081285453,185.04383589081,0.97741707853608,0.97723458413469,0.99981571212164,1581671741.6235,0.00023988878134672,0.0008533228337494,0.00033751562216195,1.2829677356078,0.00077793918393586,0.00077793918393586,0.00078976173526993,0.00078976173526993,0.00077793918393586,0.3267770260235,0.3267770260235,0.3267770260235,0.16448709199239,0.16448709199239,0.16448709199239,0.00078976173526993,59.785292217807,6.990429714902e-20,2.0744940262379e-11,-6.583454651817,-16.521008918576,-3.0509467328255,-5.7777691007234e-09,-6.2085788574658,-3.2873098431014,-8.5272444908874e-08,-18.468406119931,65.998302593263,524.20789479954,524.20789479954,524.20790662209,524.20790662209,524.20789479954,524.53389388638,524.53389388638,524.53389388638,524.37160395235,524.37160395235,524.37160395235,524.20790662209,249.81129962636,0.33526107206264,0.23083505927599,0.25099779924534,886.4665291499,-0.78019786790517,0.0051161872611742,0.00051842045097055,883.03931862379,-0.0016029010067776,-0.77404444641042,0.011743197695117,3.3395691550278e-26,0,0,9.1484583095123e-33,3.32828307931e-23,1.4517361925133e-34,0,1.6011877636596e-35,1.5626732159217e-33,0,6.0057556896742e-36,2.4272745192837e-34,5.8800242020724e-10,0,0,0.0015410534721765,0.010102765893923,2.6364954552825e-06,0,5.0104609816206e-11,1.2271968803415e-05,0,1.8583716191131e-11,1.2742292029148e-09
0.002895625,199.76248308425,91.267106815208,184.39452214871,0.97741707853608,0.97723458413469,0.99981571212164,1581847401.4485,0.00024025679376473,0.0008548035948233,0.00033792935904993,1.2834647560986,0.00079278072677918,0.00079278072677918,0.000805616428816,0.000805616428816,0.00079278072677918,0.32619957064026,0.32619957064026,0.32619957064026,0.16366048334026,0.16366048334026,0.16366048334026,0.000805616428816,59.725731466502,6.5918377099701e-20,2.0378087558837e-11,-6.594876281676,-16.539009725021,-3.0627081707879,-5.8876907681204e-09,-6.2202665890628,-3.2992540448944,-8.6785859410158e-08,-18.485022911365,65.922298237291,524.16460190964,524.16460190964,524.16461474534,524.16461474534,524.16460190964,524.49000869955,524.49000869955,524.49000869955,524.32746961225,524.32746961225,524.32746961225,524.16461474534,249.77569540975,0.33575145747173,0.23116564104104,0.25137876223485,886.42423774947,-0.78395652183937,0.0051391585286638,0.00051928119076861,882.9921958805,-0.0016087441059044,-0.77776466724619,0.011743197695117,3.2518908536659e-26,0,0,8.8293281337664e-33,3.2127451755064e-23,1.4036144944063e-34,0,1.5582981720106e-35,1.5091674658506e-33,0,5.8530090694017e-36,2.3544935353589e-34,5.8800242020724e-10,0,0,0.0015410534721765,0.010102765893923,2.6364954552825e-06,0,5.0104609816206e-11,1.2271968803415e-05,0,1.8583716191131e-11,1.2742292029148e-09
0.002900625,198.71314173572,91.043197121036,183.74787869557,0.97741707853608,0.97723458413469,0.99981571212164,1582017946.969,0.00024062444367742,0.00085628435989352,0.00033834260173943,1.2839617561271,0.00080872358414848,0.00080872358414848,0.0008211581362467,0.0008211581362467,0.00080872358414848,0.32562226062748,0.32562226062748,0.32562226062748,0.16283489043327,0.16283489043327,0.16283489043327,0.0008211581362467,59.666259211332,6.2161241280878e-20,2.0016414505341e-11,-6.6062828849912,-16.556909254034,-3.0744823060123,-5.9991462095085e-09,-6.2319390939976,-3.3112093327512,-8.8318342330462e-08,-18.501528256527,65.846422756525,524.12115404577,524.12115404577,524.12116648032,524.12116648032,524.12115404577,524.44596758281,524.44596758281,524.44596758281,524.28318021262,524.28318021262,524.28318021262,524.12116648032,249.7398965214,0.33624157205845,0.23149601435867,0.25175958251744,886.38151483862,-0.7877225812461,0.0051621293357199,0.00052013562141968,882.94463824047,-0.0016145658661989,-0.78149226631697,0.011743197695117,3.1666000093439e-26,0,0,8.5217550194841e-33,3.1013469941641e-23,1.3571371797413e-34,0,1.5166040588147e-35,1.4575342017432e-33,0,5.7043216825172e-36,2.2839528424901e-34,5.8800242020724e-10,0,0,0.0015410534721765,0.010102765893923,2.6364954552825e-06,0,5.0104609816206e-11,1.2271968803415e-05,0,1.8583716191131e-11,1.2742292029148e-09
0.002905625,197.66824599079,90.820347817054,183.10389664507,0.97741707853608,0.97723458413469,0.99981571212164,1582183399.8839,0.00024099173079751,0.00085776512893076,0.0003387553520241,1.2844587356666,0.00082501808963501,0.00082501808963501,0.00083569828171258,0.00083569828171258,0.00082501808963501,0.32504510127353,0.32504510127353,0.32504510127353,0.16201294382171,0.16201294382171,0.16201294382171,0.00083569828171258,59.60687347733,5.8619872799239e-20,1.9659854959756e-11,-6.6176747476924,-16.574706808951,-3.0862689305728,-6.1121455035326e-09,-6.2435963559507,-3.3231756341586,-8.986998274904e-08,-18.517922634152,65.77067960611,524.07755153531,524.07755153531,524.0775622155,524.0775622155,524.07755153531,524.40177161849,524.40177161849,524.40177161849,524.23873946104,524.23873946104,524.23873946104,524.0775622155,249.70392577747,0.33673141623711,0.23182617957483,0.25214026025339,886.33836267402,-0.7914960191468,0.0051851018680192,0.00052098504677008,882.89664806908,-0.0016203647444752,-0.78522721763768,0.011743197695117,3.0836292470517e-26,0,0,8.2253050905028e-33,2.9939355361355e-23,1.3122463322133e-34,0,1.4760704812357e-35,1.4077063930711e-33,0,5.5595801756261e-36,2.2155816653597e-34,5.8800242020724e-10,0,0,0.0015410534721765,0.010102765893923,2.6364954552825e-06,0,5.0104609816206e-11,1.2271968803415e-05,0,1.8583716191131e-11,1.2742292029148e-09
0.002910625,196.62778053122,90.598554521294,182.46256710305,0.97741707853608,0.97723458413469,0.99981571212164,1582343781.4617,0.00024135865492306,0.00085924590190453,0.00033916761157861,1.2849556946931,0.000842285549883,0.000842285549883,0.00085028501967589,0.00085028501967589,0.000842285549883,0.32446809785328,0.32446809785328,0.32446809785328,0.16119342818759,0.16119342818759,0.16119342818759,0.00085028501967589,59.547575784747,5.5281994414153e-20,1.9308344959494e-11,-6.6290519646095,-16.592403112013,-3.0980677796598,-6.2266984945948e-09,-6.255238264496,-3.3351521620581,-9.1440856025764e-08,-18.534204069022,65.695070295416,524.03379607969,524.03379607969,524.03380407916,524.03380407916,524.03379607969,524.35742189199,524.35742189199,524.35742189199,524.19414722233,524.19414722233,524.19414722233,524.03380407916,249.66777370924,0.33722099042582,0.23215613703843,0.25252079560155,886.29478347133,-0.79527680883967,0.0052080758795152,0.00052183000216395,882.84822768267,-0.0016261411642575,-0.7889694931971,0.011743197695117,3.0029131347606e-26,0,0,7.9395611232444e-33,2.8903637514192e-23,1.2688861314869e-34,0,1.4366635188331e-35,1.35961942959e-33,0,5.4186739758475e-36,2.1493116127912e-34,5.8800242020724e-10,0,0,0.0015410534721765,0.010102765893923,2.6364954552825e-06,0,5.0104609816206e-11,1.2271968803415e-05,0,1.8583716191131e-11,1.2742292029148e-09
0.002915625,195.59173002217,90.377812856885,181.82388116573,0.97741707853608,0.97723458413469,0.99981571212164,1582499111.4176,0.00024172521577761,0.00086072667878491,0.00033957938217094,1.2854526331787,0.00085836147909818,0.00085836147909818,0.000864785358424,0.000864785358424,0.00085836147909818,0.32389125562607,0.32389125562607,0.32389125562607,0.16037494559756,0.16037494559756,0.16037494559756,0.000864785358424,59.488365740522,5.2135999626703e-20,1.8961818926998e-11,-6.6404143398297,-16.609997897917,-3.1098786746803,-6.3428150014077e-09,-6.2668648452064,-3.3471389948812,-9.3031041083764e-08,-18.550374049612,65.619593027017,523.98988659303,523.98988659303,523.9898930169,523.9898930169,523.98988659303,524.31291948717,524.31291948717,524.31291948717,524.14940317714,524.14940317714,524.14940317714,523.9898930169,249.63143004937,0.33771029503909,0.23248588709558,0.25290118872107,886.25077974898,-0.79906492345147,0.0052310525327986,0.00052266878890512,882.79937970209,-0.0016318951354903,-0.79271906594911,0.011743197695117,2.9243882766049e-26,0,0,7.6641222772293e-33,2.7904901972474e-23,1.2270028172244e-34,0,1.3983504680657e-35,1.3132110616984e-33,0,5.2814964683326e-36,2.085076456728e-34,5.8800242020724e-10,0,0,0.0015410534721765,0.010102765893923,2.6364954552825e-06,0,5.0104609816206e-11,1.2271968803415e-05,0,1.8583716191131e-11,1.2742292029148e-09
0.002920625,194.56007910803,90.158118447976,181.18782991591,0.97741707853608,0.97723458413469,0.99981571212164,1582649410.0113,0.00024209141316097,0.0008622074595437,0.0003399906654287,1.2859495511078,0.000874769008843,0.000874769008843,0.00087984120264615,0.00087984120264615,0.000874769008843,0.32331457983158,0.32331457983158,0.32331457983158,0.15956056082378,0.15956056082378,0.15956056082378,0.00087984120264615,59.429246590003,4.9170923168405e-20,1.8620214197872e-11,-6.651761656662,-16.627492720623,-3.1217013229282,-6.4605045741514e-09,-6.2784759119044,-3.3591361334739,-9.4640618838265e-08,-18.56643359172,65.54424681788,523.94582565898,523.94582565898,523.94583073118,523.94583073118,523.94582565898,524.26826546981,524.26826546981,524.26826546981,524.1045114508,524.1045114508,524.1045114508,523.94583073118,249.59491377271,0.33819933049173,0.23281543009233,0.25328143977089,886.20635265939,-0.80286033754382,0.0052540322126415,0.00052350230255022,882.75010536138,-0.0016376271838911,-0.79647590935202,0.011743197695117,2.8479929268138e-26,0,0,7.3986030334631e-33,2.6941785335807e-23,1.1865445563609e-34,0,1.3610994136767e-35,1.2684213316302e-33,0,5.1479438818755e-36,2.0228120441859e-34,5.8800242020724e-10,0,0,0.0015410534721765,0.010102765893923,2.6364954552825e-06,0,5.0104609816206e-11,1.2271968803415e-05,0,1.8583716191131e-11,1.2742292029148e-09
0.002925625,193.53281244003,89.939466927431,180.55440444022,0.97741707853608,0.97723458413469,0.99981571212164,1582794696.8965,0.00024245724686438,0.00086368824415049,0.00034040146301375,1.2864464484492,0.00089078912646217,0.00089078912646217,0.00089432434654475,0.00089432434654475,0.00089078912646217,0.32273807570229,0.32273807570229,0.32273807570229,0.15875057471881,0.15875057471881,0.15875057471881,0.00089432434654475,59.370216424304,4.6376429553054e-20,1.8283467926692e-11,-6.6630937997504,-16.644886785085,-3.1335355577712,-6.5797769389218e-09,-6.2900715249012,-3.3711428113703,-9.6269665891836e-08,-18.582380794768,65.469031647628,523.90161364677,523.90161364677,523.90161718199,523.90161718199,523.90161364677,524.22346093335,524.22346093335,524.22346093335,524.05947343236,524.05947343236,524.05947343236,523.90161718199,249.5582238613,0.338688097198,0.23314476637457,0.25366154890926,886.16150522001,-0.80666302384601,0.0052770158832929,0.00052433124091358,882.70040776652,-0.0016433362923224,-0.80023999599489,0.011743197695117,2.7736673361385e-26,0,0,7.1426329479614e-33,2.6012977699384e-23,1.1474614350166e-34,0,1.3248795105688e-35,1.2251924461271e-33,0,5.0179156727294e-36,1.9624563973741e-34,5.8800242020724e-10,0,0,0.0015410534721765,0.010102765893923,2.6364954552825e-06,0,5.0104609816206e-11,1.2271968803415e-05,0,1.8583716191131e-11,1.2742292029148e-09
0.002930625,192.50991464913,89.721853931985,179.9235958132,0.97741707853608,0.97723458413469,0.99981571212164,1582934991.3386,0.00024282271657912,0.00086516903257616,0.00034081177676337,1.2869433251821,0.00090663802464634,0.00090663802464634,0.00090973648727848,0.00090973648727848,0.00090663802464634,0.32216174844693,0.32216174844693,0.32216174844693,0.15794191208537,0.15794191208537,0.15794191208537,0.00090973648727848,59.311276543032,4.3742762446865e-20,1.7951517415355e-11,-6.6744109848849,-16.662180746404,-3.1453811165221,-6.7006415187017e-09,-6.3016515855351,-3.3831586164508,-9.7918254488257e-08,-18.59821536463,65.393949809426,523.85725180556,523.85725180556,523.85725490402,523.85725490402,523.85725180556,524.17850691598,524.17850691598,524.17850691598,524.01428707962,524.01428707962,524.01428707962,523.85725490402,249.52133606205,0.33917659557467,0.23347389629018,0.25404151629355,886.11623934811,-0.81047295591717,0.0053000039123173,0.00052515516766619,882.65028892385,-0.001649023046894,-0.80401129893892,0.011743197695117,2.7013534468419e-26,0,0,6.8958557198773e-33,2.5117219307487e-23,1.1097053114808e-34,0,1.2896609159357e-35,1.1834687846614e-33,0,4.8913141004883e-36,1.9039495305378e-34,5.8800242020724e-10,0,0,0.0015410534721765,0.010102765893923,2.6364954552825e-06,0,5.0104609816206e-11,1.2271968803415e-05,0,1.8583716191131e-11,1.2742292029148e-09
0.002935625,191.49137035806,89.50527510369,179.29539510411,0.97741707853608,0.97723458413469,0.99981571212164,1583070313.9058,0.00024318782216358,0.00086664982479202,0.00034122160817728,1.2874401812826,0.0009220796843895,0.0009220796843895,0.00092511065975074,0.00092511065975074,0.0009220796843895,0.32158560325847,0.32158560325847,0.32158560325847,0.15713631552931,0.15713631552931,0.15713631552931,0.00092511065975074,59.252426722425,4.1260703144329e-20,1.7624300181707e-11,-6.6857128819465,-16.67937460616,-3.15723782094,-6.8231075098822e-09,-6.3132160675974,-3.3951839944897,-9.9586458791692e-08,-18.613940321681,65.318997826561,523.81274095389,523.81274095389,523.81274398487,523.81274398487,523.81274095389,524.13340447747,524.13340447747,524.13340447747,523.96895518974,523.96895518974,523.96895518974,523.81274398487,249.48425635073,0.3396648260338,0.23380282018302,0.2544213420815,886.0705572868,-0.81429010741603,0.0053229963881169,0.00052597411579225,882.59975114904,-0.0016546878279036,-0.80778979045787,0.011743197695117,2.6309948609654e-26,0,0,6.6579289064981e-33,2.4253297203826e-23,1.0732297849112e-34,0,1.2554147076047e-35,1.1431967976347e-33,0,4.7680445041117e-36,1.8472333601628e-34,5.8800242020724e-10,0,0,0.0015410534721765,0.010102765893923,2.6364954552825e-06,0,5.0104609816206e-11,1.2271968803415e-05,0,1.8583716191131e-11,1.2742292029148e-09
0.002940625,190.47716418036,89.289726088367,178.66979337607,0.97741707853608,0.97723458413469,0.99981571212164,1583200684.5867,0.0002435525632844,0.00086813062076907,0.000341630959025,1.2879370167298,0.00093688575059656,0.00093688575059656,0.00094132785737299,0.00094132785737299,0.00093688575059656,0.32100964531472,0.32100964531472,0.32100964531472,0.15633267261553,0.15633267261553,0.15633267261553,0.00094132785737299,59.193667533996,3.8921557385982e-20,1.7301755924784e-11,-6.6969996646913,-16.696468629224,-3.1691054351301,-6.9471839250926e-09,-6.324764888156,-3.4072183803215,-1.0127434638093e-07,-18.629554471614,65.244177564802,523.76808190408,523.76808190408,523.76808634619,523.76808634619,523.76808190408,524.08815466365,524.08815466365,524.08815466365,523.92347769095,523.92347769095,523.92347769095,523.76808634619,249.44673709474,0.34015278899028,0.23413153839924,0.25480102642978,886.02446111323,-0.81811445074549,0.005345993870691,0.00052678814662239,882.54879659978,-0.0016603300730694,-0.81157544284837,0.011743197695117,2.5625368030385e-26,0,0,6.4285234050074e-33,2.3420045170897e-23,1.0379901328516e-34,0,1.2221128264412e-35,1.104324886052e-33,0,4.6480146391219e-36,1.7922516858101e-34,5.8800242020724e-10,0,0,0.0015410534721765,0.010102765893923,2.6364954552825e-06,0,5.0104609816206e-11,1.2271968803415e-05,0,1.8583716191131e-11,1.2742292029148e-09
0.002945625,189.46728071815,89.075202536242,178.04678168467,0.97741707853608,0.97723458413469,0.99981571212164,1583326123.1828,0.00024391693999017,0.00086961142047874,0.00034203983046807,1.2884338315021,0.00095157083554011,0.00095157083554011,0.00095720969282048,0.00095720969282048,0.00095157083554011,0.32043387977614,0.32043387977614,0.32043387977614,0.15552980306461,0.15552980306461,0.15552980306461,0.00095720969282048,59.134999561434,3.6717118844138e-20,1.6983824466765e-11,-6.7082710900198,-16.713463155318,-3.1809837022194,-7.0728798399871e-09,-6.3362979800843,-3.4192617653919,-1.0298198144566e-07,-18.645059068922,65.169487196954,523.7232762109,523.7232762109,523.72328184976,523.72328184976,523.7232762109,524.04275851984,524.04275851984,524.04275851984,523.87785444313,523.87785444313,523.87785444313,523.72328184976,249.40927018525,0.34064048485692,0.23446005128322,0.25518056949485,885.97795299169,-0.8219459593921,0.0053689967209645,0.0005275967458184,882.49742752877,-0.0016659507317393,-0.81536822827418,0.011743197695117,2.4959260622748e-26,0,0,6.2073227450132e-33,2.2616341290735e-23,1.003943261941e-34,0,1.1897279963778e-35,1.0668033302471e-33,0,4.5311350758152e-36,1.7389501027576e-34,5.8800242020724e-10,0,0,0.0015410534721765,0.010102765893923,2.6364954552825e-06,0,5.0104609816206e-11,1.2271968803415e-05,0,1.8583716191131e-11,1.2742292029148e-09
0.002950625,188.46170456072,88.86170010051,177.42635107656,0.97741707853608,0.97723458413469,0.99981571212164,1583446648.6036,0.00024428095195792,0.00087109222389335,0.00034244822437508,1.2889306255823,0.00096778997006113,0.00096778997006113,0.00097292941293881,0.00097292941293881,0.00096778997006113,0.31985831178353,0.31985831178353,0.31985831178353,0.15472908855349,0.15472908855349,0.15472908855349,0.00097292941293881,59.076421373131,3.4639642470296e-20,1.6670445847105e-11,-6.7195271603977,-16.730357720885,-3.1928723448808,-7.2002038022478e-09,-6.347815219798,-3.4313141217984,-1.0470942294087e-07,-18.660455106114,65.094929571378,523.67832656035,523.67832656035,523.67833169979,523.67833169979,523.67832656035,523.99721708216,523.99721708216,523.99721708216,523.83208785893,523.83208785893,523.83208785893,523.67833169979,249.37163440184,0.34112791404681,0.23478835918008,0.2555599714334,885.93103437827,-0.82578460671403,0.0053920065019026,0.00052840088547929,882.44564548826,-0.0016715480368854,-0.81916812063451,0.011743197695117,2.4311108981001e-26,0,0,5.9940224146489e-33,2.1841104209878e-23,9.7104758953529e-35,0,1.1582338189681e-35,1.0305841735752e-33,0,4.4173192382431e-36,1.6872759326446e-34,5.8800242020724e-10,0,0,0.0015410534721765,0.010102765893923,2.6364954552825e-06,0,5.0104609816206e-11,1.2271968803415e-05,0,1.8583716191131e-11,1.2742292029148e-09
0.002955625,187.46042031157,88.649214445871,176.80849260753,0.97741707853608,0.97723458413469,0.99981571212164,1583562280.8378,0.00024464459893024,0.00087257303098588,0.000342856142445,1.2894273989426,0.00098315199818378,0.00098315199818378,0.00098996403873631,0.00098996403873631,0.00098315199818378,0.31928294647003,0.31928294647003,0.31928294647003,0.1539318589548,0.1539318589548,0.1539318589548,0.00098996403873631,59.017930489317,3.2681825906329e-20,1.6361560133621e-11,-6.7307680120903,-16.74715143882,-3.2047712298879,-7.3291642116146e-09,-6.3593166661468,-3.4433750407392,-1.0645673117321e-07,-18.675741901871,65.020504986075,523.63323159791,523.63323159791,523.63323840995,523.63323840995,523.63323159791,523.95153139238,523.95153139238,523.95153139238,523.78618030486,523.78618030486,523.78618030486,523.63323840995,249.33381672071,0.34161507697129,0.23511646243368,0.2559392324016,885.88370808155,-0.82963036675829,0.0054150238073777,0.00052919973028104,882.39345339323,-0.0016771226099087,-0.82297509279685,0.011743197695117,2.3680411759072e-26,0,0,5.7883300966119e-33,2.1093293996975e-23,9.3926309183422e-35,0,1.1276047082734e-35,9.95621185538e-34,0,4.3064831043207e-36,1.6371781960375e-34,5.8800242020724e-10,0,0,0.0015410534721765,0.010102765893923,2.6364954552825e-06,0,5.0104609816206e-11,1.2271968803415e-05,0,1.8583716191131e-11,1.2742292029148e-09
0.002960625,186.46341257092,88.437741243755,176.19319733206,0.97741707853608,0.97723458413469,0.99981571212164,1583673040.0817,0.00024500788060624,0.00087405384172896,0.00034326358656244,1.2899241515606,0.00099892714768274,0.00099892714768274,0.0010059016531841,0.0010059016531841,0.00099892714768274,0.3187077889555,0.3187077889555,0.3187077889555,0.15313679094415,0.15313679094415,0.15313679094415,0.0010059016531841,58.959532221125,3.0836782116919e-20,1.6057110659731e-11,-6.7419932497678,-16.763846460496,-3.2166801411062,-7.4597695378325e-09,-6.3708022582589,-3.4554440345144,-1.0822396728409e-07,-18.690918669667,64.946210081389,523.58799358842,523.58799358842,523.58800056293,523.58800056293,523.58799358842,523.90570245023,523.90570245023,523.90570245023,523.74013145222,523.74013145222,523.74013145222,523.58800056293,249.29569363553,0.34210197404285,0.23544436138835,0.25631835255476,885.83597642543,-0.83348321220873,0.0054380486875155,0.00052999323610926,882.34085360197,-0.0016826744782717,-0.82678911714205,0.011743197695117,2.3066682074573e-26,0,0,5.5899643240654e-33,2.0371910491069e-23,9.0855114043272e-35,0,1.0978159269e-35,9.6186984816722e-34,0,4.1985447376772e-36,1.588607566325e-34,5.8800242020724e-10,0,0,0.0015410534721765,0.010102765893923,2.6364954552825e-06,0,5.0104609816206e-11,1.2271968803415e-05,0,1.8583716191131e-11,1.2742292029148e-09
0.002965625,185.4706659215,88.227276166751,175.5804562922,0.97741707853608,0.97723458413469,0.99981571212164,1583778946.4601,0.00024537079712202,0.00087553465609461,0.00034367055798101,1.2904208834213,0.0010153757838456,0.0010153757838456,0.001022258588637,0.001022258588637,0.0010153757838456,0.31813284433531,0.31813284433531,0.31813284433531,0.15234388973616,0.15234388973616,0.15234388973616,0.001022258588637,58.901223279873,2.9098014112126e-20,1.5757041241018e-11,-6.7532032060097,-16.780441738871,-3.2285987559046,-7.5920279726335e-09,-6.3822718206568,-3.4675210873748,-1.1001118077627e-07,-18.705986607674,64.872050503834,523.54261379821,523.54261379821,523.54262068102,523.54262068102,523.54261379821,523.85973126677,523.85973126677,523.85973126677,523.69394231217,523.69394231217,523.69394231217,523.54262068102,249.25733072248,0.34258860567645,0.23577205639081,0.25669733204767,885.78784088843,-0.83734311789677,0.0054610810512821,0.00053078124865314,882.28784769186,-0.0016882055278313,-0.83061016618998,0.011743197695117,2.246944625634e-26,0,0,5.3986544378705e-33,1.9675991624457e-23,8.7887447666879e-35,0,1.0688433707704e-35,9.2928726275139e-34,0,4.0934245463488e-36,1.5415163151708e-34,5.8800242020724e-10,0,0,0.0015410534721765,0.010102765893923,2.6364954552825e-06,0,5.0104609816206e-11,1.2271968803415e-05,0,1.8583716191131e-11,1.2742292029148e-09
0.002970625,184.48216496443,88.017814901633,174.97026054241,0.97741707853608,0.97723458413469,0.99981571212164,1583880019.1007,0.00024573334813918,0.00087701547405602,0.00034407705852114,1.290917594501,0.0010304688088305,0.0010304688088305,0.0010383887185646,0.0010383887185646,0.0010304688088305,0.31755811769952,0.31755811769952,0.31755811769952,0.15155367704271,0.15155367704271,0.15155367704271,0.0010383887185646,58.843003679566,2.7459395538337e-20,1.5461295655159e-11,-6.7643975692075,-16.796937284242,-3.2405268888831,-7.7259478754196e-09,-6.3937253700888,-3.4796059808516,-1.1181842760863e-07,-18.720946142366,64.798023303075,523.49709121685,523.49709121685,523.49709913676,523.49709913676,523.49709121685,523.81361886575,523.81361886575,523.81361886575,523.64761442509,523.64761442509,523.64761442509,523.49709913676,249.21896011297,0.34307497228266,0.23609954778435,0.2570761710355,885.73930385366,-0.84121005620545,0.005484122250491,0.00053156358015302,882.23443810876,-0.001693713323121,-0.83443821351968,0.011743197695117,2.1888245286299e-26,0,0,5.2141402479374e-33,1.9004609856419e-23,8.5019721345381e-35,0,1.0406636916716e-35,8.9783207823655e-34,0,3.9910455577777e-36,1.4958582199705e-34,5.8800242020724e-10,0,0,0.0015410534721765,0.010102765893923,2.6364954552825e-06,0,5.0104609816206e-11,1.2271968803415e-05,0,1.8583716191131e-11,1.2742292029148e-09
0.002975625,183.49789430569,87.809353143459,174.36260113997,0.97741707853608,0.97723458413469,0.99981571212164,1583976278.5194,0.00024609553345474,0.00087849629558652,0.00034448308977616,1.2914142847863,0.0010457351106588,0.0010457351106588,0.0010549164235223,0.0010549164235223,0.0010457351106588,0.31698361412066,0.31698361412066,0.31698361412066,0.15076715840955,0.15076715840955,0.15076715840955,0.0010549164235223,58.784876734579,2.5915145391496e-20,1.5169819669854e-11,-6.7755763896204,-16.813334689187,-3.2524642669946,-7.8615370315572e-09,-6.4051627392067,-3.4916984394589,-1.1364576560328e-07,-18.735796740734,64.724128415025,523.45142835762,523.45142835762,523.45143753894,523.45143753894,523.45142835762,523.76736623663,523.76736623663,523.76736623663,523.60114978092,523.60114978092,523.60114978092,523.45143753894,249.18045517224,0.3435610742744,0.23642683591382,0.25745486967242,885.69036665688,-0.84508400073007,0.0055071727590116,0.00053234103220589,882.18062626297,-0.0016991980353382,-0.83827323219054,0.011743197695117,2.1322632873667e-26,0,0,5.0361713128948e-33,1.8356873386198e-23,8.2248472388505e-35,0,1.0132542403115e-35,8.674644897875e-34,0,3.8913328555331e-36,1.4515885297985e-34,5.8800242020724e-10,0,0,0.0015410534721765,0.010102765893923,2.6364954552825e-06,0,5.0104609816206e-11,1.2271968803415e-05,0,1.8583716191131e-11,1.2742292029148e-09
0.002980625,182.51783855364,87.60188659363,173.75746914233,0.97741707853608,0.97723458413469,0.99981571212164,1584067745.8479,0.00024645735290629,0.00087997712065927,0.00034488865342833,1.2919109542528,0.0010610703681251,0.0010610703681251,0.0010693986709006,0.0010693986709006,0.0010610703681251,0.31640933865709,0.31640933865709,0.31640933865709,0.14998179280077,0.14998179280077,0.14998179280077,0.0010693986709006,58.726840245488,2.4459813717649e-20,1.4882559526204e-11,-6.7867395274983,-16.829633127365,-3.264410687607,-7.9988031172739e-09,-6.4165839368776,-3.503798079677,-1.1549324681399e-07,-18.750538374929,64.650365681519,523.40562612463,523.40562612463,523.40563445293,523.40563445293,523.40562612463,523.72097439292,523.72097439292,523.72097439292,523.55454684706,523.55454684706,523.55454684706,523.40563445293,249.1417700525,0.34404691206372,0.23675392112355,0.25783342811208,885.64103202554,-0.84896492440605,0.005530232923743,0.0005331123170936,882.12641493869,-0.0017046603188212,-0.84211519433937,0.011743197695117,2.0772175702739e-26,0,0,4.8645071245194e-33,1.7731924226496e-23,7.9570363989538e-35,0,9.8659303729924e-36,8.3814607852406e-34,0,3.794213637078e-36,1.4086638981018e-34,5.8800242020724e-10,0,0,0.0015410534721765,0.010102765893923,2.6364954552825e-06,0,5.0104609816206e-11,1.2271968803415e-05,0,1.8583716191131e-11,1.2742292029148e-09
0.002985625,181.54198230516,87.395410957399,173.15485559938,0.97741707853608,0.97723458413469,0.99981571212164,1584154441.752,0.00024681880642701,0.00088145794924839,0.00034529375096185,1.2924076028907,0.0010773534037014,0.0010773534037014,0.0010845942715049,0.0010845942715049,0.0010773534037014,0.31583529634595,0.31583529634595,0.31583529634595,0.14919949044544,0.14919949044544,0.14919949044544,0.0010845942715049,58.668893312027,2.3088264107491e-20,1.4599462161254e-11,-6.7978872768488,-16.845832382387,-3.2763658419525,-8.1377537235877e-09,-6.4279887562649,-3.515904884786,-1.1736090467011e-07,-18.765172782474,64.576739636552,523.35968636473,523.35968636473,523.3596936056,523.3596936056,523.35968636473,523.67444430767,523.67444430767,523.67444430767,523.50780850177,523.50780850177,523.50780850177,523.3596936056,249.10289895369,0.34453248606431,0.23708080375944,0.25821184650794,885.5913009038,-0.85285280127266,0.0055533028539269,0.00053387863795297,882.07180516954,-0.0017100999192252,-0.84596407285977,0.011743197695117,2.0236453175978e-26,0,0,4.6989160150288e-33,1.7128935509777e-23,7.6982176601965e-35,0,9.6065883166018e-36,8.0983984405774e-34,0,3.6996173266984e-36,1.3670424088836e-34,5.8800242020724e-10,0,0,0.0015410534721765,0.010102765893923,2.6364954552825e-06,0,5.0104609816206e-11,1.2271968803415e-05,0,1.8583716191131e-11,1.2742292029148e-09
0.002990625,180.57031018457,87.189921954665,172.55475157819,0.97741707853608,0.97723458413469,0.99981571212164,1584236386.2772,0.00024717989385547,0.00088293878132689,0.0003456983840054,1.2929042306708,0.0010925687726735,0.0010925687726735,0.0010991709667244,0.0010991709667244,0.0010925687726735,0.31526149222036,0.31526149222036,0.31526149222036,0.14841851677078,0.14841851677078,0.14841851677078,0.0010991709667244,58.611035714046,2.1795654354522e-20,1.4320475272537e-11,-6.8090191690413,-16.861932394904,-3.2883296126249,-8.2783960876754e-09,-6.4393773301845,-3.5280185013264,-1.1924878607072e-07,-18.779699147717,64.503245379837,523.31360806546,523.31360806546,523.31361466765,523.31361466765,523.31360806546,523.62777698891,523.62777698891,523.62777698891,523.46093401346,523.46093401346,523.46093401346,523.31361466765,249.06381362191,0.34501779668552,0.2374074841638,0.25859012501327,885.54117656224,-0.85674760393484,0.0055763838895255,0.00053463997483114,882.0168002945,-0.0017155161425856,-0.84981984064414,0.011743197695117,1.9715056863516e-26,0,0,4.5391751680323e-33,1.6547111795881e-23,7.4480805172135e-35,0,9.3543094198628e-36,7.8251011315815e-34,0,3.607475353267e-36,1.3266835142262e-34,5.8800242020724e-10,0,0,0.0015410534721765,0.010102765893923,2.6364954552825e-06,0,5.0104609816206e-11,1.2271968803415e-05,0,1.8583716191131e-11,1.2742292029148e-09
0.002995625,179.60280679288,86.985415304819,171.95714812992,0.97741707853608,0.97723458413469,0.99981571212164,1584313598.8039,0.00024754061494012,0.00088441961686901,0.00034610255424796,1.293400837584,0.0011068261623727,0.0011068261623727,0.0011132734857449,0.0011132734857449,0.0011068261623727,0.31468793128298,0.31468793128298,0.31468793128298,0.14763953066124,0.14763953066124,0.14763953066124,0.0011132734857449,58.553270303674,2.0577416485105e-20,1.40455494328e-11,-6.8201352987676,-16.877934512931,-3.3003016529725,-8.4207373586736e-09,-6.4507494438896,-3.5401390177452,-1.2115693564164e-07,-18.794118815029,64.429884814834,523.26739227475,523.26739227475,523.26739872207,523.26739872207,523.26739227475,523.58097337987,523.58097337987,523.58097337987,523.41392497924,523.41392497924,523.41392497924,523.26739872207,249.02454575402,0.34550284433964,0.23773396268109,0.25896826378068,885.4906599917,-0.86064930606999,0.0055994767859438,0.00053539718584969,881.96140137862,-0.0017209086403145,-0.85368247115927,0.011743197695117,1.9207589492903e-26,0,0,4.3850701948018e-33,1.5985686847386e-23,7.2063253740328e-35,0,9.1088926721621e-36,7.5612253669834e-34,0,3.5177208905299e-36,1.2875479251581e-34,5.8800242020724e-10,0,0,0.0015410534721765,0.010102765893923,2.6364954552825e-06,0,5.0104609816206e-11,1.2271968803415e-05,0,1.8583716191131e-11,1.2742292029148e-09
0.003000625,178.63945675158,86.781886739082,171.36203631769,0.97741707853608,0.97723458413469,0.99981571212164,1584386098.2545,0.00024790096950504,0.00088590045584972,0.00034650626331619,1.2938974236143,0.0011211188225449,0.0011211188225449,0.0011273354210386,0.0011273354210386,0.0011211188225449,0.31411461853014,0.31411461853014,0.31411461853014,0.14686342089322,0.14686342089322,0.14686342089322,0.0011273354210386,58.495596730137,1.9429247869363e-20,1.377463499266e-11,-6.8312355453215,-16.893838762375,-3.3122817435378,-8.5647847114137e-09,-6.4621050125653,-3.5522659831113,-1.2308538556688e-07,-18.808431165784,64.356657131181,523.2210409775,523.2210409775,523.2210471941,523.2210471941,523.2210409775,523.5340344772,523.5340344772,523.5340344772,523.36678327957,523.36678327957,523.36678327957,523.2210471941,248.98510196261,0.34598762943689,0.23806023965423,0.25934626296272,885.43975295687,-0.86455788213811,0.0056225819063171,0.00053615006504135,881.90561023334,-0.0017262779230121,-0.85755193764043,0.011743197695117,1.8713665338667e-26,0,0,4.2363948443144e-33,1.5443922596423e-23,6.9726634408973e-35,0,8.8701440089967e-36,7.3064394672802e-34,0,3.4302892572775e-36,1.2495976241203e-34,5.8800242020724e-10,0,0,0.0015410534721765,0.010102765893923,2.6364954552825e-06,0,5.0104609816206e-11,1.2271968803415e-05,0,1.8583716191131e-11,1.2742292029148e-09
0.003005625,177.68024469016,86.579331997481,170.76940720861,0.97741707853608,0.97723458413469,0.99981571212164,1584453904.0293,0.00024826095739915,0.0008873812982434,0.0003469095127811,1.2943939887397,0.0011360968546542,0.0011360968546542,0.0011415329861367,0.0011415329861367,0.0011360968546542,0.31354155893953,0.31354155893953,0.31354155893953,0.14609105355267,0.14609105355267,0.14609105355267,0.0011415329861367,58.43801376703,1.8347087656426e-20,1.350768364837e-11,-6.8423198160652,-16.909644659902,-3.3242696802541,-8.7105452421543e-09,-6.4734440729827,-3.5643993027308,-1.2503418843808e-07,-18.822636308073,64.283562135835,523.17455578622,523.17455578622,523.17456122235,523.17456122235,523.17455578622,523.4869612483,523.4869612483,523.4869612483,523.31951074292,523.31951074292,523.31951074292,523.17456122235,248.94548461657,0.34647215238688,0.23838631542581,0.25972412271146,885.38845799625,-0.86847330551458,0.0056456995687771,0.00053689853123312,881.84942947187,-0.001731624116236,-0.86142821286101,0.011743197695117,1.8232909856099e-26,0,0,4.0929508787325e-33,1.4921109537618e-23,6.7468163991091e-35,0,8.6378744727019e-36,7.0604238080369e-34,0,3.3451175301343e-36,1.2127957671596e-34,5.8800242020724e-10,0,0,0.0015410534721765,0.010102765893923,2.6364954552825e-06,0,5.0104609816206e-11,1.2271968803415e-05,0,1.8583716191131e-11,1.2742292029148e-09
0.003010625,176.72515523273,86.377746824233,170.17925186558,0.97741707853608,0.97723458413469,0.99981571212164,1584517036.0335,0.00024862057848014,0.000888862144024,0.00034731230421451,1.294890532937,0.0011502998560537,0.0011502998560537,0.0011553244847636,0.0011553244847636,0.0011502998560537,0.31296875746728,0.31296875746728,0.31296875746728,0.14532290327536,0.14532290327536,0.14532290327536,0.0011553244847636,58.380521021056,1.7327115108485e-20,1.324464708208e-11,-6.8533881718932,-16.925352234257,-3.33626529737,-8.858024777103e-09,-6.4847666767763,-3.5765384237044,-1.2700334801039e-07,-18.836733780577,64.210600697851,523.12793617795,523.12793617795,523.12794120257,523.12794120257,523.12793617795,523.43975463556,523.43975463556,523.43975463556,523.27210878137,523.27210878137,523.27210878137,523.12794120257,248.90569768059,0.34695641359916,0.23871219033851,0.26010184317852,885.33677779027,-0.87239554937649,0.0056688306939116,0.00053764209130108,881.7928618333,-0.0017369462926427,-0.86531126986259,0.011743197695117,1.7764959934577e-26,0,0,3.9545474628481e-33,1.4416564272545e-23,6.528515758926e-35,0,8.4119011907515e-36,6.8228702884281e-34,0,3.262144661798e-36,1.1771067640781e-34,5.8800242020724e-10,0,0,0.0015410534721765,0.010102765893923,2.6364954552825e-06,0,5.0104609816206e-11,1.2271968803415e-05,0,1.8583716191131e-11,1.2742292029148e-09
0.003015625,175.77417301515,86.177126975247,169.59156135939,0.97741707853608,0.97723458413469,0.99981571212164,1584575513.8586,0.00024897983971589,0.00089034299316447,0.00034771462970029,1.2953870561935,0.0011650298060177,0.0011650298060177,0.0011686839625502,0.0011686839625502,0.0011650298060177,0.31239621905332,0.31239621905332,0.31239621905332,0.14455652531554,0.14455652531554,0.14455652531554,0.0011686839625502,58.323121050828,1.6365729690789e-20,1.2985477703449e-11,-6.8644406099059,-16.940962685836,-3.348268332386,-9.0072294458451e-09,-6.4960727085922,-3.5886828611343,-1.2899283176568e-07,-18.850723661792,64.137773494243,523.08118438075,523.08118438075,523.0811880349,523.0811880349,523.08118438075,523.39241557,523.39241557,523.39241557,523.22457587626,523.22457587626,523.22457587626,523.0811880349,248.8657434625,0.34744041348633,0.23903786473712,0.26047942451432,885.28471398862,-0.87632458750568,0.0056919761305707,0.00053838163004811,881.73590904093,-0.0017422454652582,-0.86920108161405,0.011743197695117,1.7309461452884e-26,0,0,3.8210009589309e-33,1.3929629030765e-23,6.317502250857e-35,0,8.1920465563174e-36,6.5934817939006e-34,0,3.1813112124245e-36,1.1424960883546e-34,5.8800242020724e-10,0,0,0.0015410534721765,0.010102765893923,2.6364954552825e-06,0,5.0104609816206e-11,1.2271968803415e-05,0,1.8583716191131e-11,1.2742292029148e-09
0.003020625,174.82728266773,85.977468210338,169.00632675519,0.97741707853608,0.97723458413469,0.99981571212164,1584629356.1422,0.00024933873389341,0.00089182384564187,0.00034811650036808,1.2958835584929,0.0011798392987877,0.0011798392987877,0.0011831484982122,0.0011831484982122,0.0011798392987877,0.31182394861216,0.31182394861216,0.31182394861216,0.14379137678531,0.14379137678531,0.14379137678531,0.0011831484982122,58.265811489964,1.5459534130884e-20,1.2730129647721e-11,-6.8754771387365,-16.956475090756,-3.3602785734583,-9.1581656633982e-09,-6.5073620939245,-3.6008329014992,-1.3100278642563e-07,-18.864608141212,64.065080246839,523.03430089779,523.03430089779,523.03430420699,523.03430420699,523.03430089779,523.34494500711,523.34494500711,523.34494500711,523.17691243528,523.17691243528,523.17691243528,523.03430420699,248.82560233287,0.3479241524561,0.23936333896278,0.26085686687015,885.23226847495,-0.88026039359947,0.0057151357849415,0.00053911723917867,881.67857301861,-0.0017475208711759,-0.87309762125794,0.011743197695117,1.68660714536e-26,0,0,3.6921346577573e-33,1.3459669699771e-23,6.1135260118215e-35,0,7.9781383949418e-36,6.3719717618182e-34,0,3.1025596779102e-36,1.1089303145773e-34,5.8800242020724e-10,0,0,0.0015410534721765,0.010102765893923,2.6364954552825e-06,0,5.0104609816206e-11,1.2271968803415e-05,0,1.8583716191131e-11,1.2742292029148e-09
0.003025625,173.88446883812,85.778766298118,168.42353912752,0.97741707853608,0.97723458413469,0.99981571212164,1584678582.6822,0.00024969726088921,0.00089330470143076,0.0003485179178496,1.2963800398163,0.0011952735751803,0.0011952735751803,0.0011987476347757,0.0011987476347757,0.0011952735751803,0.31125195104593,0.31125195104593,0.31125195104593,0.14302848952029,0.14302848952029,0.14302848952029,0.0011987476347757,58.208593675887,1.460532838523e-20,1.2478558211837e-11,-6.8864973119263,-16.971890200091,-3.3722957999058,-9.3108397705719e-09,-6.5186348194193,-3.6129885110139,-1.3303322178337e-07,-18.878388091761,63.992518028791,522.98728720661,522.98728720661,522.98729068067,522.98729068067,522.98728720661,523.29734388408,523.29734388408,523.29734388408,523.12912042256,523.12912042256,523.12912042256,522.98729068067,248.78528786359,0.34840763091573,0.23968861335588,0.26123417039639,885.17944363694,-0.88420294580178,0.0057382988172586,0.00053985060198799,881.62085621587,-0.0017527558097449,-0.87700086614839,0.011743197695117,1.6434456006497e-26,0,0,3.5677785851824e-33,1.3006077091584e-23,5.9163456874248e-35,0,7.7700092021934e-36,6.1580649016694e-34,0,3.0258338391241e-36,1.0763770660439e-34,5.8800242020724e-10,0,0,0.0015410534721765,0.010102765893923,2.6364954552825e-06,0,5.0104609816206e-11,1.2271968803415e-05,0,1.8583716191131e-11,1.2742292029148e-09
0.003030625,172.94571616472,85.581017009237,167.84318954314,0.97741707853608,0.97723458413469,0.99981571212164,1584723213.0552,0.00025005542051797,0.00089478556050706,0.00034891888370002,1.2968765001431,0.0012106458854164,0.0012106458854164,0.0012147288198495,0.0012147288198495,0.0012106458854164,0.31068023123292,0.31068023123292,0.31068023123292,0.14226918798342,0.14226918798342,0.14226918798342,0.0012147288198495,58.151467146425,1.3800096665271e-20,1.2230719714422e-11,-6.8975012484019,-16.987207896188,-3.3843198579333,-9.4652571522122e-09,-6.5298909143734,-3.6251494927066,-1.3508416253656e-07,-18.892063013904,63.920087429957,522.94014354046,522.94014354046,522.94014762339,522.94014762339,522.94014354046,523.24961312581,523.24961312581,523.24961312581,523.08120208256,523.08120208256,523.08120208256,522.94014762339,248.74479541234,0.34889084927157,0.24001368825621,0.26161133524338,885.12624201159,-0.88815220781867,0.0057614884440645,0.00054057813184232,881.56276121943,-0.0017579842946501,-0.88091078003434,0.011743197695117,1.6014291534459e-26,0,0,3.4477690583112e-33,1.2568262717279e-23,5.7257286072297e-35,0,7.5674966105779e-36,5.9514956197525e-34,0,2.9510794003915e-36,1.0448050268689e-34,5.8800242020724e-10,0,0,0.0015410534721765,0.010102765893923,2.6364954552825e-06,0,5.0104609816206e-11,1.2271968803415e-05,0,1.8583716191131e-11,1.2742292029148e-09
0.003035625,172.01100929313,85.384216121418,167.26526907219,0.97741707853608,0.97723458413469,0.99981571212164,1584763266.0528,0.00025041321267804,0.00089626642284537,0.00034931939944372,1.2973729394606,0.0012252855789037,0.0012252855789037,0.0012309625869922,0.0012309625869922,0.0012252855789037,0.31010879403392,0.31010879403392,0.31010879403392,0.14151058792394,0.14151058792394,0.14151058792394,0.0012309625869922,58.094433185302,1.3041001327398e-20,1.198657074403e-11,-6.9084889568727,-17.002428942608,-3.3963504982493,-9.6214239575338e-09,-6.5411302628641,-3.637315224108,-1.3715563507626e-07,-18.905632191779,63.847790520818,522.89287013637,522.89287013637,522.89287581338,522.89287581338,522.89287013637,523.20175364482,523.20175364482,523.20175364482,523.03315543871,523.03315543871,523.03315543871,522.89287581338,248.70407171436,0.34937380793272,0.24033856400586,0.26198836156062,885.07266531862,-0.89210815702707,0.0057846944020592,0.00054130026004853,881.50428979096,-0.0017631881350888,-0.88482734027978,0.011743197695117,1.5605262887305e-26,0,0,3.3319485717253e-33,1.2145660537814e-23,5.5414502992104e-35,0,7.370443157328e-36,5.7520067316267e-34,0,2.8782435016492e-36,1.0141838647979e-34,5.8800242020724e-10,0,0,0.0015410534721765,0.010102765893923,2.6364954552825e-06,0,5.0104609816206e-11,1.2271968803415e-05,0,1.8583716191131e-11,1.2742292029148e-09
0.003040625,171.08033289845,85.18835942963,166.68976880425,0.97741707853608,0.97723458413469,0.99981571212164,1584798760.6928,0.00025077063725389,0.00089774728842155,0.00034971946657621,1.2978693577609,0.0012391863607845,0.0012391863607845,0.0012465274407275,0.0012465274407275,0.0012391863607845,0.30953764429949,0.30953764429949,0.30953764429949,0.14075559256109,0.14075559256109,0.14075559256109,0.0012465274407275,58.03749231872,1.2325364625073e-20,1.1746069532075e-11,-6.9194602916977,-17.017553635922,-3.408387413361,-9.7793456648259e-09,-6.552352719414,-3.6494859699232,-1.3924765648514e-07,-18.919097883888,63.775626432715,522.84546790994,522.84546790994,522.84547525102,522.84547525102,522.84546790994,523.15376636788,523.15376636788,523.15376636788,522.98498431614,522.98498431614,522.98498431614,522.84547525102,248.66318845151,0.34985650730671,0.24066324094546,0.26236524949751,885.01871469931,-0.89607076777696,0.0058079163197904,0.000542018220583,881.44544313548,-0.0017683678628911,-0.88875051965742,0.011743197695117,1.5207064096526e-26,0,0,3.2201655349949e-33,1.1737725673128e-23,5.3632941049922e-35,0,7.1786957655449e-36,5.5593503012072e-34,0,2.8072747026302e-36,9.8448417620627e-35,5.8800242020724e-10,0,0,0.0015410534721765,0.010102765893923,2.6364954552825e-06,0,5.0104609816206e-11,1.2271968803415e-05,0,1.8583716191131e-11,1.2742292029148e-09
0.003045625,170.15367167552,84.993442739339,166.11667983982,0.97741707853608,0.97723458413469,0.99981571212164,1584829715.97,0.00025112769414927,0.00089922815721132,0.00035011908662883,1.2983657550322,0.0012539199200096,0.0012539199200096,0.0012613835921202,0.0012613835921202,0.0012539199200096,0.30896678686767,0.30896678686767,0.30896678686767,0.1400032478063,0.1400032478063,0.1400032478063,0.0012613835921202,57.980644263634,1.1650666366353e-20,1.1509175226476e-11,-6.9304154084167,-17.032582087602,-3.4204303323596,-9.9390274051264e-09,-6.5635581650211,-3.6616610170891,-1.4136023944124e-07,-18.932457826857,63.703596893823,522.79793936425,522.79793936425,522.79794682792,522.79794682792,522.79793936425,523.1056522312,523.1056522312,523.1056522312,522.93668869214,522.93668869214,522.93668869214,522.79794682792,248.62218672552,0.35033894780314,0.24098771941761,0.26274199920246,884.96439186803,-0.90004001277667,0.0058311559563257,0.00054273199550052,881.38622301437,-0.001773522493528,-0.89268029201352,0.011743197695117,1.4819398092319e-26,0,0,3.1122739394633e-33,1.1343933322432e-23,5.1910508346086e-35,0,6.9921057470066e-36,5.3732891225491e-34,0,2.7381229950079e-36,9.5567754090245e-35,5.8800242020724e-10,0,0,0.0015410534721765,0.010102765893923,2.6364954552825e-06,0,5.0104609816206e-11,1.2271968803415e-05,0,1.8583716191131e-11,1.2742292029148e-09
0.003050625,169.23101032342,84.79946186255,165.54599328011,0.97741707853608,0.97723458413469,0.99981571212164,1584856150.8023,0.00025148438324293,0.00090070902918989,0.00035051826126322,1.2988621312579,0.0012684474422378,0.0012684474422378,0.0012765902297341,0.0012765902297341,0.0012684474422378,0.30839622655458,0.30839622655458,0.30839622655458,0.13925386520449,0.13925386520449,0.13925386520449,0.0012765902297341,57.923886451279,1.1014531222118e-20,1.127584695683e-11,-6.9413542762969,-17.047513470262,-3.4324790217769,-1.0100474146651e-08,-6.574746567527,-3.6738401618731,-1.4349340044109e-07,-18.945713551905,63.631702571086,522.75028437131,522.75028437131,522.7502925141,522.7502925141,522.75028437131,523.05741215042,523.05741215042,523.05741215042,522.88826978907,522.88826978907,522.88826978907,522.7502925141,248.5810090815,0.35082112983026,0.24131199976381,0.26311861082349,884.90969914686,-0.90401586489569,0.0058544126495713,0.00054344197682582,881.32663182328,-0.0017786522524662,-0.8966166290869,0.011743197695117,1.4441976207296e-26,0,0,3.0081334490967e-33,1.0963778838872e-23,5.0245187716355e-35,0,6.8105288598947e-36,5.1935924963988e-34,0,2.6707397124028e-36,9.2773640335907e-35,5.8800242020724e-10,0,0,0.0015410534721765,0.010102765893923,2.6364954552825e-06,0,5.0104609816206e-11,1.2271968803415e-05,0,1.8583716191131e-11,1.2742292029148e-09
0.003055625,168.31233355602,84.606412621791,164.97770023522,0.97741707853608,0.97723458413469,0.99981571212164,1584878082.8176,0.00025184070440441,0.0009021899043333,0.00035091699199554,1.2993584864232,0.001282234855183,0.001282234855183,0.0012918745270105,0.0012918745270105,0.001282234855183,0.30782596816234,0.30782596816234,0.30782596816234,0.13850361298257,0.13850361298257,0.13850361298257,0.0012918745270105,57.867221141385,1.0414723411342e-20,1.1046045200935e-11,-6.9522766208087,-17.062348775988,-3.4445332810442,-1.0263691470269e-08,-6.5859179017399,-3.6860231392152,-1.456471436354e-07,-18.95886508792,63.559941352842,522.70250328709,522.70250328709,522.70251292676,522.70251292676,522.70250328709,523.0090470204,523.0090470204,523.0090470204,522.83972466522,522.83972466522,522.83972466522,522.70251292676,248.53964440467,0.35130305379447,0.24163608232401,0.26349508450881,884.85463859258,-0.9079982983852,0.0058776870373865,0.00054414903744156,881.266671653,-0.0017837571151095,-0.90055950438189,0.011743197695117,1.4074518039969e-26,0,0,2.9076088206648e-33,1.0596774662852e-23,4.8635033990496e-35,0,6.6338254569679e-36,5.0200381146099e-34,0,2.6050777721144e-36,9.00634100747e-35,5.8800242020724e-10,0,0,0.0015410534721765,0.010102765893923,2.6364954552825e-06,0,5.0104609816206e-11,1.2271968803415e-05,0,1.8583716191131e-11,1.2742292029148e-09
0.003060625,167.3976260958,84.414290847243,164.41179181869,0.97741707853608,0.97723458413469,0.99981571212164,1584895529.962,0.0002521966577794,0.00090367078261784,0.00035131527996179,1.2998548205209,0.0012950743637918,0.0012950743637918,0.0013066510254381,0.0013066510254381,0.0012950743637918,0.30725601646844,0.30725601646844,0.30725601646844,0.13775491862249,0.13775491862249,0.13775491862249,0.0013066510254381,57.810648681563,9.8491331169215e-21,1.0819731060498e-11,-6.9631824072183,-17.077088306566,-3.4565928070113,-1.0428683728298e-08,-6.5970719956409,-3.6982104686866,-1.4782148564844e-07,-18.971915504707,63.488312553434,522.65459679104,522.65459679104,522.6546083677,522.6546083677,522.65459679104,522.96055773315,522.96055773315,522.96055773315,522.7910566353,522.7910566353,522.7910566353,522.6546083677,248.49808746638,0.35178472010061,0.24195996743664,0.26387142040646,884.79921140316,-0.91198728793678,0.0059009792656066,0.00054485176514504,881.20634375488,-0.0017888382795014,-0.90450889110398,0.011743197695117,1.3716750497382e-26,0,0,2.810569884557e-33,1.0242451665227e-23,4.7078167921829e-35,0,6.4618597000301e-36,4.8524116951234e-34,0,2.5410912881891e-36,8.743447811227e-35,5.8800242020724e-10,0,0,0.0015410534721765,0.010102765893923,2.6364954552825e-06,0,5.0104609816206e-11,1.2271968803415e-05,0,1.8583716191131e-11,1.2742292029148e-09
0.003065625,166.48687269082,84.223092380084,163.84825915862,0.97741707853608,0.97723458413469,0.99981571212164,1584908511.4123,0.00025255224316771,0.00090515166402082,0.00035171312680118,1.3003511335407,0.0013077860520784,0.0013077860520784,0.0013213971949198,0.0013213971949198,0.0013077860520784,0.30668637624304,0.30668637624304,0.30668637624304,0.13700961655631,0.13700961655631,0.13700961655631,0.0013213971949198,57.754169155039,9.3157769714389e-21,1.0596866384502e-11,-6.9740716429409,-17.091732319918,-3.4686573788995,-1.0595455791978e-08,-6.6082087699916,-3.7104013753398,-1.5001643095218e-07,-18.984862652063,63.416817390462,522.6065666101,522.6065666101,522.60658022124,522.60658022124,522.6065666101,522.91194520029,522.91194520029,522.91194520029,522.7422684406,522.7422684406,522.7422684406,522.60658022124,248.456357523,0.35226612915441,0.2422836554411,0.26424761866386,884.74341920372,-0.91598280627906,0.0059242914437306,0.00054555019762498,881.14564978755,-0.001793893188302,-0.90846476348094,0.011743197695117,1.3368408789705e-26,0,0,2.7168913490581e-33,9.9003577357333e-24,4.5572778319394e-35,0,6.2944998894436e-36,4.6905064336682e-34,0,2.4787357092023e-36,8.4884343446598e-35,5.8800242020724e-10,0,0,0.0015410534721765,0.010102765893923,2.6364954552825e-06,0,5.0104609816206e-11,1.2271968803415e-05,0,1.8583716191131e-11,1.2742292029148e-09
0.003070625,165.58005810929,84.032813073332,163.28709339462,0.97741707853608,0.97723458413469,0.99981571212164,1584955099.6215,0.00025290746046415,0.00090663254851928,0.00035211053407186,1.3008474254647,0.00132173039043,0.00132173039043,0.0013370156564781,0.0013370156564781,0.00132173039043,0.3061170522372,0.3061170522372,0.3061170522372,0.13626667712096,0.13626667712096,0.13626667712096,0.0013370156564781,57.697781697812,8.8127866546677e-21,1.0377414104567e-11,-6.9849442245976,-17.106280646483,-3.4807268199859,-1.0764011800226e-08,-6.6193282629114,-3.7225954139689,-1.5223198908303e-07,-18.997705813171,63.345455778936,522.55841499115,522.55841499115,522.55843027642,522.55843027642,522.55841499115,522.863210313,522.863210313,522.863210313,522.69335993788,522.69335993788,522.69335993788,522.55843027642,248.4143534284,0.35274728136134,0.24260714667672,0.2646236794279,884.68726447096,-0.91998482804596,0.0059476225641723,0.00054624482477301,881.08459227713,-0.001798923579744,-0.912427093994,0.011743197695117,1.3029235644613e-26,0,0,2.6264526785064e-33,9.5700580934874e-24,4.4117115697936e-35,0,6.1316180317e-36,4.5341236011859e-34,0,2.4179676915e-36,8.2410583228687e-35,5.8800242020724e-10,0,0,0.0015410534721765,0.010102765893923,2.6364954552825e-06,0,5.0104609816206e-11,1.2271968803415e-05,0,1.8583716191131e-11,1.2742292029148e-09
0.003075625,164.67716712606,83.843448787507,162.72828566908,0.97741707853608,0.97723458413469,0.99981571212164,1585006062.8879,0.00025326230959167,0.00090811343608861,0.00035250750328134,1.3013436962714,0.0013358799964975,0.0013358799964975,0.0013517406597727,0.0013517406597727,0.0013358799964975,0.30554804917741,0.30554804917741,0.30554804917741,0.13552706731149,0.13552706731149,0.13552706731149,0.0013517406597727,57.641485236484,8.3384010882325e-21,1.0161337375413e-11,-6.9958000648003,-17.120732865483,-3.4928009778526,-1.0934355818573e-08,-6.6304305843556,-3.7347926327442,-1.5446816834636e-07,-19.010446417096,63.274226567446,522.51014176564,522.51014176564,522.51015762631,522.51015762631,522.51014176564,522.81435393482,522.81435393482,522.81435393482,522.64433295296,522.64433295296,522.64433295296,522.51015762631,248.37224734101,0.35322817712515,0.24293044148132,0.26499960284499,884.63075029127,-0.92399332639435,0.0059709733125095,0.00054693676927576,881.02317436983,-0.0018039294605468,-0.91639585549117,0.011743197695117,1.2698981216573e-26,0,0,2.5391377490351e-33,9.2511339785531e-24,4.2709491230517e-35,0,5.9730895539474e-36,4.3830714409332e-34,0,2.3587450142552e-36,8.001085252511e-35,5.8800242020724e-10,0,0,0.0015410534721765,0.010102765893923,2.6364954552825e-06,0,5.0104609816206e-11,1.2271968803415e-05,0,1.8583716191131e-11,1.2742292029148e-09
0.003080625,163.7781845138,83.65499538806,162.17182712181,0.97741707853608,0.97723458413469,0.99981571212164,1585052613.2988,0.00025361679047771,0.00090959432670725,0.00035290403596381,1.3018399459543,0.001350201770749,0.001350201770749,0.0013670300854244,0.0013670300854244,0.001350201770749,0.30497937176465,0.30497937176465,0.30497937176465,0.13479286564374,0.13479286564374,0.13479286564374,0.0013670300854244,57.585281051404,7.8909618719029e-21,9.9486003474971e-12,-7.0066394199806,-17.135089728915,-3.5048795851082,-1.1106491370983e-08,-6.6415155873622,-3.7469926744546,-1.5672497169297e-07,-19.023083775453,63.203134099769,522.46174774227,522.46174774227,522.46176457058,522.46176457058,522.46174774227,522.76537691226,522.76537691226,522.76537691226,522.59519040614,522.59519040614,522.59519040614,522.46176457058,248.33001165538,0.35370881685334,0.24325354019604,0.26537538906107,884.57387791271,-0.92800827431802,0.0059943439898791,0.0005476241707789,880.96139735385,-0.0018089094917413,-0.92037102118805,0.011743197695117,1.2377402344716e-26,0,0,2.4548346603933e-33,8.9431811860751e-24,4.1348274025154e-35,0,5.8187937495108e-36,4.2371648831556e-34,0,2.3010267505423e-36,7.7682878504985e-35,5.8800242020724e-10,0,0,0.0015410534721765,0.010102765893923,2.6364954552825e-06,0,5.0104609816206e-11,1.2271968803415e-05,0,1.8583716191131e-11,1.2742292029148e-09
0.003085625,162.88309508071,83.467448756011,161.61770891415,0.97741707853608,0.97723458413469,0.99981571212164,1585094765.8726,0.00025397090306125,0.00091107522035169,0.00035330013359108,1.302336174498,0.0013649071208966,0.0013649071208966,0.0013807947108346,0.0013807947108346,0.0013649071208966,0.30441102469086,0.30441102469086,0.30441102469086,0.1340609851709,0.1340609851709,0.1340609851709,0.0013807947108346,57.52917006658,7.4689084546795e-21,9.7391679477546e-12,-7.017462003191,-17.149351745587,-3.5169624857766,-1.128042213409e-08,-6.6525832932589,-3.7591948798419,-1.5900240648861e-07,-19.035617226008,63.132175263432,522.41323401222,522.41323401222,522.41324989981,522.41324989981,522.41323401222,522.71628012979,522.71628012979,522.71628012979,522.54593009027,522.54593009027,522.54593009027,522.41324989981,248.28758794899,0.35418920095137,0.24357644316011,0.26575103822159,884.51664975409,-0.93202964577331,0.006017734466982,0.00054830747485446,880.89926367568,-0.0018138647727064,-0.92435256424581,0.011743197695117,1.2064263021767e-26,0,0,2.373435751123e-33,8.6458104330563e-24,4.0031892428292e-35,0,5.6686135003376e-36,4.0962247248615e-34,0,2.2447730959907e-36,7.5424460534714e-35,5.8800242020724e-10,0,0,0.0015410534721765,0.010102765893923,2.6364954552825e-06,0,5.0104609816206e-11,1.2271968803415e-05,0,1.8583716191131e-11,1.2742292029148e-09
0.003090625,161.99188364069,83.280804778586,161.06592220893,0.97741707853608,0.97723458413469,0.99981571212164,1585132537.438,0.00025432464735064,0.00091255611699911,0.00035369579759148,1.3028323818992,0.0013799627189454,0.0013799627189454,0.0013944864206448,0.0013944864206448,0.0013799627189454,0.30384301262128,0.30384301262128,0.30384301262128,0.13333015890486,0.13333015890486,0.13333015890486,0.0013944864206448,57.47315060478,7.0707699968424e-21,9.5330050354438e-12,-7.0282680849089,-17.163518670919,-3.5290493457464,-1.1456151383338e-08,-6.663633477276,-3.7713993875541,-1.6130047256498e-07,-19.048049116581,63.061354111183,522.36460138677,522.36460138677,522.36461591047,522.36461591047,522.36460138677,522.66706443667,522.66706443667,522.66706443667,522.49655158295,522.49655158295,522.49655158295,522.36461591047,248.24498046005,0.35466932982625,0.24389915071403,0.26612655047149,884.45906683386,-0.93605741454907,0.0060411452341655,0.00054898600544353,880.83677441491,-0.0018187949052718,-0.92834045826696,0.011743197695117,1.1759333326498e-26,0,0,2.2948373267632e-33,8.3586468848265e-24,3.8758827651908e-35,0,5.5224348468808e-36,3.9600784716605e-34,0,2.1899452059483e-36,7.323346652051e-35,5.8800242020724e-10,0,0,0.0015410534721765,0.010102765893923,2.6364954552825e-06,0,5.0104609816206e-11,1.2271968803415e-05,0,1.8583716191131e-11,1.2742292029148e-09
0.003095625,161.1045350447,83.095059358885,160.51645819124,0.97741707853608,0.97723458413469,0.99981571212164,1585165946.0309,0.00025467802322658,0.00091403701662695,0.00035409102950886,1.3033285681479,0.0013945060697523,0.0013945060697523,0.0014081832586729,0.0014081832586729,0.0013945060697523,0.30327534021314,0.30327534021314,0.30327534021314,0.13260332051093,0.13260332051093,0.13260332051093,0.0014081832586729,57.417223094425,6.695159055826e-21,9.330077587726e-12,-7.0390572926548,-17.177590590284,-3.5411399571424,-1.1633682189917e-08,-6.6746661392157,-3.7836066037289,-1.6361917225311e-07,-19.060380550972,62.990667015603,522.31584987882,522.31584987882,522.31586355601,522.31586355601,522.31584987882,522.61773071296,522.61773071296,522.61773071296,522.44705869326,522.44705869326,522.44705869326,522.31586355601,248.20222321426,0.35514920388057,0.24422166319502,0.26650192595639,884.40113083737,-0.9400915549789,0.0060645777298608,0.00054966105439594,880.77393127559,-0.0018236994084157,-0.93233467783183,0.011743197695117,1.146239071433e-26,0,0,2.218939392425e-33,8.0813291467157e-24,3.7527615391994e-35,0,5.3801474004033e-36,3.8285598870122e-34,0,2.1365055435968e-36,7.1107831305434e-35,5.8800242020724e-10,0,0,0.0015410534721765,0.010102765893923,2.6364954552825e-06,0,5.0104609816206e-11,1.2271968803415e-05,0,1.8583716191131e-11,1.2742292029148e-09
0.003100625,160.22103416151,82.910208408252,159.96930805515,0.97741707853608,0.97723458413469,0.99981571212164,1585195007.1649,0.00025503103061643,0.00091551791921315,0.00035448583082363,1.3038247332326,0.0014084409360255,0.0014084409360255,0.0014229343605278,0.0014229343605278,0.0014084409360255,0.3027080121046,0.3027080121046,0.3027080121046,0.13187841542133,0.13187841542133,0.13187841542133,0.0014229343605278,57.361389155455,6.3407723417523e-21,9.1303526970048e-12,-7.0498295676002,-17.191568414994,-3.5532340982469,-1.1813018556823e-08,-6.6856812444679,-3.7958156250259,-1.6595849303412e-07,-19.072609299074,62.92011388328,522.26698024289,522.26698024289,522.26699473632,522.26699473632,522.26698024289,522.56827981406,522.56827981406,522.56827981406,522.39745021738,522.39745021738,522.39745021738,522.26699473632,248.15928753475,0.3556288235177,0.24454398094082,0.26687716482105,884.34284372478,-0.94413204120189,0.0060880325358563,0.00055033216096303,880.71073622896,-0.0018285780482409,-0.93633519668294,0.011743197695117,1.117321828614e-26,0,0,2.1456458002244e-33,7.8135090501442e-24,3.6336842055779e-35,0,5.2416439168977e-36,3.7015084986572e-34,0,2.0844175467423e-36,6.9045555654572e-35,5.8800242020724e-10,0,0,0.0015410534721765,0.010102765893923,2.6364954552825e-06,0,5.0104609816206e-11,1.2271968803415e-05,0,1.8583716191131e-11,1.2742292029148e-09
0.003105625,159.34136587507,82.726247847291,159.42446300213,0.97741707853608,0.97723458413469,0.99981571212164,1585219738.2412,0.00025538366944221,0.0009169988247363,0.00035488020300091,1.3043208771416,0.0014229540889937,0.0014229540889937,0.0014366363609687,0.0014366363609687,0.0014229540889937,0.30214103290837,0.30214103290837,0.30214103290837,0.1311583838753,0.1311583838753,0.1311583838753,0.0014366363609687,57.305649318682,6.0063820839288e-21,8.933797910225e-12,-7.0605845797297,-17.205452471438,-3.5653315621396,-1.1994163359317e-08,-6.696678757018,-3.8080264264522,-1.6831842820038e-07,-19.084737666199,62.849692344448,522.21799450196,522.21799450196,522.21800818424,522.21800818424,522.21799450196,522.51871258078,522.51871258078,522.51871258078,522.34772993175,522.34772993175,522.34772993175,522.21800818424,248.11618494446,0.3561081891389,0.24486610428704,0.26725226721001,884.28420747477,-0.94817884754242,0.0061115096919096,0.0005510004098975,880.64719129946,-0.0018334310595371,-0.94034198872497,0.011743197695117,1.0891605332845e-26,0,0,2.0748639352306e-33,7.5548514059677e-24,3.5185140641639e-35,0,5.1068200357045e-36,3.5787695989306e-34,0,2.0336455673452e-36,6.7044701138085e-35,5.8800242020724e-10,0,0,0.0015410534721765,0.010102765893923,2.6364954552825e-06,0,5.0104609816206e-11,1.2271968803415e-05,0,1.8583716191131e-11,1.2742292029148e-09
0.003110625,158.46551508587,82.543173604947,158.88191424182,0.97741707853608,0.97723458413469,0.99981571212164,1585240155.951,0.00025573593966902,0.0009184797331746,0.00035527414751732,1.3048169998633,0.0014373221897658,0.0014373221897658,0.0014512492626589,0.0014512492626589,0.0014373221897658,0.30157440721725,0.30157440721725,0.30157440721725,0.13043906535314,0.13043906535314,0.13043906535314,0.0014512492626589,57.250001452486,5.6908328788316e-21,8.7403800800648e-12,-7.0713228964433,-17.219242150082,-3.5774321559379,-1.2177119426782e-08,-6.7076586599305,-3.8202382610998,-1.7069895708321e-07,-19.096763259267,62.779407624063,522.16889276472,522.16889276472,522.16890669179,522.16890669179,522.16889276472,522.46902984975,522.46902984975,522.46902984975,522.29789450788,522.29789450788,522.29789450788,522.16890669179,248.07292530526,0.3565873011491,0.24518803357277,0.26762723326659,884.22522419923,-0.95223194804795,0.0061350087060389,0.0005516635179696,880.58329864212,-0.0018382589687317,-0.94435502704231,0.011743197695117,1.0617347013978e-26,0,0,2.0065046127823e-33,7.3050330293975e-24,3.4071194188971e-35,0,4.9755744718545e-36,3.4601937001614e-34,0,1.9841549943506e-36,6.5103392420577e-35,5.8800242020724e-10,0,0,0.0015410534721765,0.010102765893923,2.6364954552825e-06,0,5.0104609816206e-11,1.2271968803415e-05,0,1.8583716191131e-11,1.2742292029148e-09
0.003115625,157.59346671375,82.360981622191,158.34165299534,0.97741707853608,0.97723458413469,0.99981571212164,1585256275.6522,0.00025608784126084,0.00091996064450649,0.00035566766582536,1.3053131013888,0.0014517002267181,0.0014517002267181,0.0014652772498788,0.0014652772498788,0.0014517002267181,0.30100813960404,0.30100813960404,0.30100813960404,0.12972272026853,0.12972272026853,0.12972272026853,0.0014652772498788,57.194447240265,5.39303413349e-21,8.5500677442357e-12,-7.0820440403638,-17.232938204223,-3.5895356668783,-1.2361888784577e-08,-6.7186208918698,-3.8324517186987,-1.7310011613068e-07,-19.108690136445,62.709254555623,522.11967600981,522.11967600981,522.11968958683,522.11968958683,522.11967600981,522.41923244918,522.41923244918,522.41923244918,522.24794702985,522.24794702985,522.24794702985,522.11968958683,248.02940529452,0.35706615994816,0.2455097691324,0.26800206313456,884.16589575713,-0.95629131634572,0.0061585297559321,0.00055232295593541,880.51906012628,-0.0018430616196838,-0.94837428507997,0.011743197695117,1.0350244420065e-26,0,0,1.940481881202e-33,7.0637423518233e-24,3.2993729469891e-35,0,4.8478088986826e-36,3.3456370639019e-34,0,1.9359121689369e-36,6.3219810058747e-35,5.8800242020724e-10,0,0,0.0015410534721765,0.010102765893923,2.6364954552825e-06,0,5.0104609816206e-11,1.2271968803415e-05,0,1.8583716191131e-11,1.2742292029148e-09
0.003120625,156.72520569099,82.179667845544,157.80367048863,0.97741707853608,0.97723458413469,0.99981571212164,1585268113.6068,0.00025643937415257,0.00092144155870883,0.00035606075941486,1.3058091817116,0.0014653454498083,0.0014653454498083,0.0014785924976443,0.0014785924976443,0.0014653454498083,0.30044223462137,0.30044223462137,0.30044223462137,0.12900846001549,0.12900846001549,0.12900846001549,0.0014785924976443,57.138985756523,5.1119611109834e-21,8.3628296658865e-12,-7.092748165712,-17.246540734136,-3.6016418071389,-1.2548474345642e-08,-6.7295653227231,-3.8446661898226,-1.755218955267e-07,-19.120516492884,62.639237373568,522.07034432227,522.07034432227,522.07035756931,522.07035756931,522.07034432227,522.36932121144,522.36932121144,522.36932121144,522.19788743683,522.19788743683,522.19788743683,522.07035756931,247.98569365997,0.3575447659397,0.24583131130368,0.26837675695658,884.10622372654,-0.96035692607432,0.0061820732104106,0.00055297641951038,880.4544773776,-0.0018478385204928,-0.95239973644611,0.011743197695117,1.0090103634327e-26,0,0,1.8767130115118e-33,6.8306794724414e-24,3.1951517501853e-35,0,4.7234275794357e-36,3.2349606928145e-34,0,1.88888428779e-36,6.1392193543596e-35,5.8800242020724e-10,0,0,0.0015410534721765,0.010102765893923,2.6364954552825e-06,0,5.0104609816206e-11,1.2271968803415e-05,0,1.8583716191131e-11,1.2742292029148e-09
0.003125625,155.86071697954,81.999228235952,157.26795796547,0.97741707853608,0.97723458413469,0.99981571212164,1585275685.4934,0.00025679053837764,0.00092292247576087,0.00035645342962309,1.3063052408288,0.0014792156152295,0.0014792156152295,0.0014925299852243,0.0014925299852243,0.0014792156152295,0.29987669680769,0.29987669680769,0.29987669680769,0.1282946634386,0.1282946634386,0.1282946634386,0.0014925299852243,57.083618267576,4.846647729151e-21,8.1786350984678e-12,-7.1034351579196,-17.260050250362,-3.6137503020779,-1.2736878064789e-08,-6.7404917989031,-3.8568815420041,-1.7796428403333e-07,-19.132243297383,62.569355115715,522.02089948806,522.02089948806,522.02091280243,522.02091280243,522.02089948806,522.31929696925,522.31929696925,522.31929696925,522.14771493589,522.14771493589,522.14771493589,522.02091280243,247.94190957488,0.35802311952622,0.24615266042342,0.26875131487535,884.04620927824,-0.96442875166385,0.0062056389864357,0.00055362664478272,880.38955158182,-0.0018525901705108,-0.95643135504794,0.011743197695117,9.8367366065507e-27,0,0,1.8151181821112e-33,6.605555058708e-24,3.0943371200646e-35,0,4.6023377157318e-36,3.1280306128101e-34,0,1.8430394934044e-36,5.9618835615671e-35,5.8800242020724e-10,0,0,0.0015410534721765,0.010102765893923,2.6364954552825e-06,0,5.0104609816206e-11,1.2271968803415e-05,0,1.8583716191131e-11,1.2742292029148e-09
0.003130625,154.99998557688,81.819658768831,156.73450669016,0.97741707853608,0.97723458413469,0.99981571212164,1585279008.2727,0.0002571413338627,0.00092440339564213,0.00035684567784629,1.3068012787287,0.0014924780839434,0.0014924780839434,0.0015058114003007,0.0015058114003007,0.0014924780839434,0.29931153068796,0.29931153068796,0.29931153068796,0.12758382177909,0.12758382177909,0.12758382177909,0.0015058114003007,57.02834327656,4.5961839600816e-21,7.9974535595223e-12,-7.1141046763502,-17.27346631415,-3.6258609478572,-1.2927101646252e-08,-6.7514003595756,-3.8690979026525,-1.8042727759238e-07,-19.143872410005,62.499605148412,521.97134150636,521.97134150636,521.97135483968,521.97135483968,521.97134150636,522.26916055897,522.26916055897,522.26916055897,522.09743285006,522.09743285006,522.09743285006,521.97135483968,247.89796474549,0.35850122110603,0.24647381682487,0.26912573703358,883.98585464712,-0.96850676683192,0.0062292273486667,0.00055427379633882,880.32428501799,-0.0018573166693206,-0.96046911457097,0.011743197695117,9.5899608471447e-27,0,0,1.755620577958e-33,6.3880903521342e-24,2.996814491264e-35,0,4.4844490261797e-36,3.0247174879148e-34,0,1.7983468488495e-36,5.7898083049647e-35,5.8800242020724e-10,0,0,0.0015410534721765,0.010102765893923,2.6364954552825e-06,0,5.0104609816206e-11,1.2271968803415e-05,0,1.8583716191131e-11,1.2742292029148e-09
0.003135625,154.14299649737,81.640955427514,156.20330793544,0.97741707853608,0.97723458413469,0.99981571212164,1585278096.9071,0.00025749176061387,0.0009258843183333,0.00035723750551316,1.3072972954056,0.0015054509592213,0.0015054509592213,0.0015182972230936,0.0015182972230936,0.0015054509592213,0.29874674076652,0.29874674076652,0.29874674076652,0.12687342665394,0.12687342665394,0.12687342665394,0.0015182972230936,56.973161981543,4.3597140995526e-21,7.8192546957007e-12,-7.1247569873334,-17.28678969048,-3.6379735576199,-1.3119147058798e-08,-6.7622909177063,-3.8813145179262,-1.8291084488402e-07,-19.15540165098,62.429990321249,521.92167149507,521.92167149507,521.92168434134,521.92168434134,521.92167149507,522.21891278488,522.21891278488,522.21891278488,522.04703947077,522.04703947077,522.04703947077,521.92168434134,247.8538214249,0.35897907107984,0.24679478084363,0.26950002357352,883.92516125332,-0.9725909461869,0.0062528394574315,0.00055491720538752,880.25867911924,-0.001862017266227,-0.96451299019639,0.011743197695117,9.3495986157931e-27,0,0,1.6981461763549e-33,6.1780162759675e-24,2.9024733212226e-35,0,4.3696742239539e-36,2.9248964911958e-34,0,1.7547763042409e-36,5.62283358492e-35,5.8800242020724e-10,0,0,0.0015410534721765,0.010102765893923,2.6364954552825e-06,0,5.0104609816206e-11,1.2271968803415e-05,0,1.8583716191131e-11,1.2742292029148e-09
0.003140625,153.28973478251,81.463114206906,155.67435298873,0.97741707853608,0.97723458413469,0.99981571212164,1585272967.7703,0.00025784181853349,0.00092736524381461,0.00035762891413446,1.3077932908547,0.0015174926123153,0.0015174926123153,0.0015318669716795,0.0015318669716795,0.0015174926123153,0.29818233152672,0.29818233152672,0.29818233152672,0.12616596792894,0.12616596792894,0.12616596792894,0.0015318669716795,56.918073414576,4.1364314564825e-21,7.6440087919727e-12,-7.1353920407386,-17.300020199557,-3.6500878745267,-1.331301611314e-08,-6.7731633598679,-3.8935316394065,-1.8541497024452e-07,-19.166833250603,62.360510106902,521.87188962263,521.87188962263,521.87190399698,521.87190399698,521.87188962263,522.16855446154,522.16855446154,522.16855446154,521.99653809794,521.99653809794,521.99653809794,521.87190399698,247.80950305005,0.3594566698466,0.24711555281371,0.26987417463719,883.86413050333,-0.9766812643066,0.0062764757792689,0.00055555758050937,880.19273532706,-0.0018666913613425,-0.96856295647352,0.011743197695117,9.1154771110196e-27,0,0,1.6426236952006e-33,5.975073930993e-24,2.8112068357613e-35,0,4.2579282169399e-36,2.8284473002931e-34,0,1.7122985530015e-36,5.4608042049222e-35,5.8800242020724e-10,0,0,0.0015410534721765,0.010102765893923,2.6364954552825e-06,0,5.0104609816206e-11,1.2271968803415e-05,0,1.8583716191131e-11,1.2742292029148e-09
0.003145625,152.44018550398,81.286131114369,155.14763315464,0.97741707853608,0.97723458413469,0.99981571212164,1585263637.5941,0.00025819150767241,0.00092884617206385,0.00035801990501989,1.3082892650625,0.0015295854649241,0.0015295854649241,0.0015449222849944,0.0015449222849944,0.0015295854649241,0.29761830743852,0.29761830743852,0.29761830743852,0.12546233024432,0.12546233024432,0.12546233024432,0.0015449222849944,56.86307971575,3.9255772569549e-21,7.4716864634728e-12,-7.1460094178394,-17.31315882612,-3.6622037223393,-1.3508711764821e-08,-6.7840177090465,-3.9057485664171,-1.8793965960655e-07,-19.178165687731,62.291160964933,521.82199767913,521.82199767913,521.82201301595,521.82201301595,521.82199767913,522.1180864011,522.1180864011,522.1180864011,521.94593042391,521.94593042391,521.94593042391,521.82201301595,247.76502094397,0.35993401780372,0.24743613306771,0.270248190366,883.80276489671,-0.98077769598803,0.0063001368904955,0.00055619364867832,880.12645615505,-0.0018713393803847,-0.97261898768578,0.011743197695117,8.8874284810029e-27,0,0,1.5889844607731e-33,5.7790137733892e-24,2.722911989644e-35,0,4.1491283221972e-36,2.7352538092575e-34,0,1.6708850912226e-36,5.3035699851279e-35,5.8800242020724e-10,0,0,0.0015410534721765,0.010102765893923,2.6364954552825e-06,0,5.0104609816206e-11,1.2271968803415e-05,0,1.8583716191131e-11,1.2742292029148e-09
0.003155625,150.74847351673,80.933871452533,154.09864107931,0.97741707853608,0.97723458413469,0.99981571212164,1585236607.8887,0.0002588878401473,0.00093180809306969,0.00035880113697829,1.3092805578797,0.0015537185914229,0.0015537185914229,0.0015711459467481,0.0015711459467481,0.0015537185914229,0.29648949546673,0.29648949546673,0.29648949546673,0.12404653400084,0.12404653400084,0.12404653400084,0.0015711459467481,56.720159967927,3.5487723287606e-21,7.1318160098397e-12,-7.1633758648099,-17.328515014647,-3.6853033588525,-1.3867506608051e-08,-6.8022930522969,-3.9287683123344,-1.9245197266028e-07,-19.188042361056,62.115264010281,521.72198073426,521.72198073426,521.72199816162,521.72199816162,521.72198073426,522.01691651114,522.01691651114,522.01691651114,521.84447354967,521.84447354967,521.84447354967,521.72199816162,247.72037298274,0.36088759827591,0.24807643840999,0.27099586875665,883.73533810229,-0.98902463409321,0.0063500940069786,0.00055729681352255,880.04855914618,-0.0018836014863587,-0.98078228985203,0.011743197695117,1.7416477488691e-26,0,0,3.0683173014789e-33,1.1143817594705e-23,5.2733599358362e-35,0,8.1287017625827e-36,5.2799668070997e-34,0,3.2826494487303e-36,1.0325106071659e-34,5.8800242020724e-10,0,0,0.0015410534721765,0.010102765893923,2.6364954552825e-06,0,5.0104609816206e-11,1.2271968803415e-05,0,1.8583716191131e-11,1.2742292029148e-09
0.003165625,149.07331362334,80.58546733325,153.05968511013,0.97741707853608,0.97723458413469,0.99981571212164,1585235794.2951,0.00025958307619017,0.0009347700225495,0.00035958068841782,1.3102721274206,0.001578151244284,0.001578151244284,0.0015958552295607,0.0015958552295607,0.001578151244284,0.29536317724931,0.29536317724931,0.29536317724931,0.12264553859924,0.12264553859924,0.12264553859924,0.0015958552295607,56.631794579122,3.2093422047789e-21,6.8163148529204e-12,-7.1868785062294,-17.360309016778,-3.7108208134617,-1.4282085709872e-08,-6.8261935371705,-3.9545480891357,-1.9777267134581e-07,-19.217019719526,62.000787855814,521.61976941026,521.61976941026,521.61978711424,521.61978711424,521.61976941026,521.91355443626,521.91355443626,521.91355443626,521.74083679761,521.74083679761,521.74083679761,521.61978711424,247.89617392627,0.36184026077038,0.2487160418805,0.27174299679276,883.62715266186,-0.99729097562523,0.0063994210968895,0.0005585640130928,879.93016649051,-0.0018932453876223,-0.9889659295333,0.011743197695117,1.7048556337327e-26,0,0,2.9601577440182e-33,1.0735465798636e-23,5.1018057811527e-35,0,7.9563532273371e-36,5.0913116387584e-34,0,3.2220258725279e-36,1.0040486556616e-34,5.8800242020724e-10,0,0,0.0015410534721765,0.010102765893923,2.6364954552825e-06,0,5.0104609816206e-11,1.2271968803415e-05,0,1.8583716191131e-11,1.2742292029148e-09
0.003175625,147.41218952097,80.240333060614,152.02918405171,0.97741707853608,0.97723458413469,0.99981571212164,1585224325.54,0.00026027714166261,0.00093773195393199,0.00036035838354791,1.3112637405533,0.0016026061181765,0.0016026061181765,0.0016197259810822,0.0016197259810822,0.0016026061181765,0.29423809593045,0.29423809593045,0.29423809593045,0.12125813585097,0.12125813585097,0.12125813585097,0.0016197259810822,56.530578179609,2.9015501186279e-21,6.5073927292221e-12,-7.208644560268,-17.387746574268,-3.7353542360598,-1.4704821639062e-08,-6.8483677589231,-3.9793017782383,-2.031876435476e-07,-19.241134272284,61.872346978253,521.5182540544,521.5182540544,521.51827117426,521.51827117426,521.5182540544,521.81088954421,521.81088954421,521.81088954421,521.63790958413,521.63790958413,521.63790958413,521.51827117426,247.8366523257,0.36279196541272,0.24935491290158,0.27248957933348,883.50447244707,-1.0055752911398,0.0064479804006165,0.00055991752059802,879.79745608437,-0.0019025373695597,-0.99716704059649,0.011743197695117,1.6682620878557e-26,0,0,2.8552566293873e-33,1.0339828084124e-23,4.9342620104015e-35,0,7.7856386664517e-36,4.9077932331669e-34,0,3.1616999060431e-36,9.7600772340534e-35,5.8800242020724e-10,0,0,0.0015410534721765,0.010102765893923,2.6364954552825e-06,0,5.0104609816206e-11,1.2271968803415e-05,0,1.8583716191131e-11,1.2742292029148e-09
0.003185625,145.76529554342,79.898488942829,151.00725662936,0.97741707853608,0.97723458413469,0.99981571212164,1585187037.8759,0.00026096992889046,0.0009406938876082,0.00036113425575209,1.3122552994905,0.0016262739062045,0.0016262739062045,0.0016427383088867,0.0016427383088867,0.0016262739062045,0.29311453099366,0.29311453099366,0.29311453099366,0.11987602924816,0.11987602924816,0.11987602924816,0.0016427383088867,56.424136521878,2.6247998717094e-21,6.2066044744348e-12,-7.2296835798233,-17.413122773671,-3.759510925821,-1.5132786557089e-08,-6.869825617846,-4.0036549541234,-2.0865581920256e-07,-19.262931503011,61.738224496123,521.41671957498,521.41671957498,521.41673603938,521.41673603938,521.41671957498,521.70820783207,521.70820783207,521.70820783207,521.53496933032,521.53496933032,521.53496933032,521.41673603938,247.69108461052,0.36374269397274,0.24999303796314,0.27323562041595,883.377952083,-1.0138781963265,0.0064961414683677,0.00056127483331139,879.66100500424,-0.0019115491302074,-1.0053865566949,0.011743197695117,1.6323115487017e-26,0,0,2.7541090721796e-33,9.9588027437986e-24,4.7718516808491e-35,0,7.6180422040759e-36,4.730463131923e-34,0,3.1022850908506e-36,9.4864677628943e-35,5.8800242020724e-10,0,0,0.0015410534721765,0.010102765893923,2.6364954552825e-06,0,5.0104609816206e-11,1.2271968803415e-05,0,1.8583716191131e-11,1.2742292029148e-09
0.003195625,144.13267471384,79.559931742636,149.99393130931,0.97741707853608,0.97723458413469,0.99981571212164,1585123152.7835,0.00026166138136229,0.00094365582489347,0.00036190836393077,1.3132467828431,0.0016483358646545,0.0016483358646545,0.0016656552215637,0.0016656552215637,0.0016483358646545,0.29199262694441,0.29199262694441,0.29199262694441,0.11850532927648,0.11850532927648,0.11850532927648,0.0016656552215637,56.316808176451,2.376805937666e-21,5.9151414663191e-12,-7.2505359948256,-17.437767661006,-3.7835942211066,-1.5566379876634e-08,-6.8910948206851,-4.0279271677164,-2.1418314873706e-07,-19.283912236525,61.603199995548,521.31486823491,521.31486823491,521.31488555427,521.31488555427,521.31486823491,521.60521252599,521.60521252599,521.60521252599,521.43172522832,521.43172522832,521.43172522832,521.31488555427,247.54104148592,0.36469244336888,0.25063041510348,0.27398112237092,883.24978049187,-1.022200586554,0.0065440924091807,0.00056260469040953,879.52296035065,-0.0019203388119901,-1.013625517889,0.011743197695117,1.5970853537427e-26,0,0,2.6566565645385e-33,9.5921445341604e-24,4.6147041899936e-35,0,7.4537191768644e-36,4.5593505856195e-34,0,3.0438555753059e-36,9.2200808608489e-35,5.8800242020724e-10,0,0,0.0015410534721765,0.010102765893923,2.6364954552825e-06,0,5.0104609816206e-11,1.2271968803415e-05,0,1.8583716191131e-11,1.2742292029148e-09
0.003205625,142.51425539856,79.224637763522,148.98916694713,0.97741707853608,0.97723458413469,0.99981571212164,1585035047.5772,0.00026235146769796,0.00094661776689694,0.00036268075439974,1.3142381867008,0.001669419239583,0.001669419239583,0.0016864963612455,0.0016864963612455,0.001669419239583,0.29087244425469,0.29087244425469,0.29087244425469,0.11714480042305,0.11714480042305,0.11714480042305,0.0016864963612455,56.209595323727,2.1547938896437e-21,5.6334440768189e-12,-7.2713158989312,-17.461989891962,-3.8076731584484,-1.6005901819751e-08,-6.912289797405,-4.0521886402371,-2.1977374942063e-07,-19.304425039736,61.468386240116,521.21263943043,521.21263943043,521.21265650755,521.21265650755,521.21263943043,521.50184245544,521.50184245544,521.50184245544,521.32811481161,521.32811481161,521.32811481161,521.21265650755,247.40342473652,0.36564121449538,0.25126704535252,0.27472608693573,883.12026067743,-1.0305431188767,0.0065919346429267,0.00056390121728308,879.38360198766,-0.0019289500997936,-1.0218846319529,0.011743197695117,1.5625829592714e-26,0,0,2.5627507233652e-33,9.2392624218277e-24,4.4627279372346e-35,0,7.2925933847662e-36,4.3942850681697e-34,0,2.9863899458947e-36,8.9608456458402e-35,5.8800242020724e-10,0,0,0.0015410534721765,0.010102765893923,2.6364954552825e-06,0,5.0104609816206e-11,1.2271968803415e-05,0,1.8583716191131e-11,1.2742292029148e-09
0.003215625,140.90993820463,78.892579059063,147.99290583708,0.97741707853608,0.97723458413469,0.99981571212164,1584924879.0332,0.0002630401635357,0.00094957971442327,0.00036345146735754,1.3152295098817,0.0016890143933437,0.0016890143933437,0.0017079568171888,0.0017079568171888,0.0016890143933437,0.2897540233327,0.2897540233327,0.2897540233327,0.11579997389033,0.11579997389033,0.11579997389033,0.0017079568171888,56.102657108507,1.9560501417683e-21,5.3616244250986e-12,-7.2920340364619,-17.485837708106,-3.8317566546279,-1.6451538958084e-08,-6.9334226499703,-4.0764487184252,-2.2543013655482e-07,-19.32453251065,61.33397538685,521.11002558204,521.11002558204,521.11004452446,521.11004452446,521.11002558204,521.39809059098,521.39809059098,521.39809059098,521.22413654153,521.22413654153,521.22413654153,521.11004452446,247.27667519877,0.36658900920045,0.25190293043688,0.2754705156238,882.98943283559,-1.0389062183862,0.0066397303414095,0.00056516608140485,879.24295665157,-0.0019374152568436,-1.0301643296051,0.011743197695117,1.5287910230213e-26,0,0,2.4722479700765e-33,8.8995867933112e-24,4.3157915661429e-35,0,7.134587119588e-36,4.2350771628042e-34,0,2.9298653320814e-36,8.7086068267656e-35,5.8800242020724e-10,0,0,0.0015410534721765,0.010102765893923,2.6364954552825e-06,0,5.0104609816206e-11,1.2271968803415e-05,0,1.8583716191131e-11,1.2742292029148e-09
0.003225625,139.31961793724,78.563727144309,147.00508693675,0.97741707853608,0.97723458413469,0.99981571212164,1584794193.4202,0.00026372745380963,0.00095254166804656,0.00036422053106089,1.3162207515801,0.0017089238081511,0.0017089238081511,0.0017283978797334,0.0017283978797334,0.0017089238081511,0.28863740078251,0.28863740078251,0.28863740078251,0.11446520600187,0.11446520600187,0.11446520600187,0.0017283978797334,55.996026012871,1.7780740509516e-21,5.0996467424403e-12,-7.3126865660213,-17.509320640236,-3.8558437862843,-1.6903434540925e-08,-6.9544911383387,-4.1007052147047,-2.3115422938177e-07,-19.344244142415,61.20000253959,521.00703006807,521.00703006807,521.00704954215,521.00704954215,521.00703006807,521.29395854505,521.29395854505,521.29395854505,521.11978635027,521.11978635027,521.11978635027,521.00704954215,247.15727087705,0.3675358296929,0.2525380723372,0.27621440982626,882.85732256696,-1.0472901460603,0.0066875190234873,0.00056640283076127,879.10104181722,-0.0019457570521364,-1.0384648548036,0.011743197695117,1.4956948063934e-26,0,0,2.3850169566795e-33,8.5725963930686e-24,4.1737537805732e-35,0,6.9796382903609e-36,4.0815408090954e-34,0,2.8742646345578e-36,8.4631956073932e-35,5.8800242020724e-10,0,0,0.0015410534721765,0.010102765893923,2.6364954552825e-06,0,5.0104609816206e-11,1.2271968803415e-05,0,1.8583716191131e-11,1.2742292029148e-09
0.003235625,137.74318707894,78.238053334976,146.02564783793,0.97741707853608,0.97723458413469,0.99981571212164,1584644096.1905,0.00026441332677731,0.00095550362819124,0.00036498796974048,1.3172119111743,0.0017290616669094,0.0017290616669094,0.0017486540526175,0.0017486540526175,0.0017290616669094,0.28752261190752,0.28752261190752,0.28752261190752,0.1131435482765,0.1131435482765,0.1131435482765,0.0017486540526175,55.889712351655,1.6186056028105e-21,4.8473978843225e-12,-7.3332708028153,-17.532441686165,-3.8799322970429,-1.7361699477321e-08,-6.9754923320794,-4.1249566520297,-2.3694764463125e-07,-19.363571433804,61.066491393632,520.90365567356,520.90365567356,520.90367526595,520.90367526595,520.90365567356,521.18944922381,521.18944922381,521.18944922381,521.01507016017,521.01507016017,521.01507016017,520.90367526595,247.04269365264,0.3684816783956,0.25317247318304,0.27695777085539,882.72395302475,-1.0556950526841,0.0067353286484527,0.00056761361035602,878.95787568087,-0.0019539887240233,-1.0467863358283,0.011743197695117,1.4632794923475e-26,0,0,2.3009348322946e-33,8.2578029072992e-24,4.0364693031751e-35,0,6.8276938891294e-36,3.9334923969476e-34,0,2.8195739796262e-36,8.2244408477538e-35,5.8800242020724e-10,0,0,0.0015410534721765,0.010102765893923,2.6364954552825e-06,0,5.0104609816206e-11,1.2271968803415e-05,0,1.8583716191131e-11,1.2742292029148e-09
0.003245625,136.18053659078,77.915528750568,145.0545251836,0.97741707853608,0.97723458413469,0.99981571212164,1584475414.1586,0.0002650977735126,0.00095846559517431,0.00036575380402737,1.3182029881691,0.0017477923056745,0.0017477923056745,0.0017694577919469,0.0017694577919469,0.0017477923056745,0.28640969114212,0.28640969114212,0.28640969114212,0.11183056645386,0.11183056645386,0.11183056645386,0.0017694577919469,55.783728855707,1.4756240679692e-21,4.6047184577372e-12,-7.3537848086821,-17.555205107943,-3.9040198054603,-1.7826426776094e-08,-6.9964241678277,-4.149200045221,-2.4281168519811e-07,-19.382518759074,60.933455873772,520.79990426008,520.79990426008,520.79992592557,520.79992592557,520.79990426008,521.08456615892,521.08456615892,521.08456615892,520.90998703423,520.90998703423,520.90998703423,520.79992592557,246.93136389489,0.36942655787915,0.25380613520644,0.27770059996652,882.58934601984,-1.0641210135953,0.0067831786017499,0.00056880504906334,878.81347691198,-0.0019621191712909,-1.0551288253698,0.011743197695117,1.4315307071107e-26,0,0,2.2198850824193e-33,7.9547439704365e-24,3.9037917957895e-35,0,6.6787047713089e-36,3.7907515959524e-34,0,2.7657810441378e-36,7.9921721765192e-35,5.8800242020724e-10,0,0,0.0015410534721765,0.010102765893923,2.6364954552825e-06,0,5.0104609816206e-11,1.2271968803415e-05,0,1.8583716191131e-11,1.2742292029148e-09
0.003255625,134.63155625999,77.596124313065,144.09165484317,0.97741707853608,0.97723458413469,0.99981571212164,1584288800.4659,0.00026578078730015,0.00096142756923251,0.00036651805181328,1.3191939821895,0.0017658307028855,0.0017658307028855,0.0017907416188618,0.0017907416188618,0.0017658307028855,0.28529867211871,0.28529867211871,0.28529867211871,0.11052526087955,0.11052526087955,0.11052526087955,0.0017907416188618,55.678086312124,1.3473284319047e-21,4.3714261139665e-12,-7.3742269619885,-17.577615183145,-3.9281037192604,-1.8297692491027e-08,-7.0172849419063,-4.1734336990483,-2.4874751815647e-07,-19.401094245459,60.800904433859,520.69578043217,520.69578043217,520.69580534309,520.69580534309,520.69578043217,520.97931327359,520.97931327359,520.97931327359,520.80453986235,520.80453986235,520.80453986235,520.69580534309,246.82230450844,0.37037047081691,0.25443906070868,0.27844289837307,882.45351941821,-1.07256804996,0.0068310818951398,0.00056998253134781,878.66786134435,-0.0019701551219453,-1.0634923221726,0.011743197695117,1.4004345438591e-26,0,0,2.1417559802917e-33,7.6629774001957e-24,3.7755747743747e-35,0,6.5326233600949e-36,3.6531406576404e-34,0,2.7128739096505e-36,7.7662218457395e-35,5.8800242020724e-10,0,0,0.0015410534721765,0.010102765893923,2.6364954552825e-06,0,5.0104609816206e-11,1.2271968803415e-05,0,1.8583716191131e-11,1.2742292029148e-09
0.003265625,133.09613511427,77.279810823224,143.13697216215,0.97741707853608,0.97723458413469,0.99981571212164,1584084779.3459,0.00026646236303852,0.00096438955054343,0.00036728072909853,1.3201848929329,0.001783970382978,0.001783970382978,0.0018120987363842,0.0018120987363842,0.001783970382978,0.28418958779186,0.28418958779186,0.28418958779186,0.10923806444336,0.10923806444336,0.10923806444336,0.0018120987363842,55.572789507957,1.232117998492e-21,4.1473244228607e-12,-7.3945964068943,-17.599674338762,-3.9521816018887,-1.8775555782332e-08,-7.0380733189222,-4.1976552348828,-2.5475589777071e-07,-19.419302822703,60.66884609094,520.59128922733,520.59128922733,520.59131735569,520.59131735569,520.59128922733,520.87369484474,520.87369484474,520.87369484474,520.69874332139,520.69874332139,520.69874332139,520.59131735569,246.71481105109,0.3713134199533,0.25507125203938,0.27918466725687,882.31648998029,-1.0810361417796,0.0068790518235341,0.00057114445266715,878.52104432716,-0.001978096446569,-1.0718767911313,0.011743197695117,1.3699776618764e-26,0,0,2.0664402704623e-33,7.3820785904232e-24,3.6516740475451e-35,0,6.3894036425492e-36,3.5204865177848e-34,0,2.6608412904875e-36,7.5464265827851e-35,5.8800242020724e-10,0,0,0.0015410534721765,0.010102765893923,2.6364954552825e-06,0,5.0104609816206e-11,1.2271968803415e-05,0,1.8583716191131e-11,1.2742292029148e-09
0.003275625,131.5741617075,76.966559014714,142.1904121351,0.97741707853608,0.97723458413469,0.99981571212164,1583863795.4394,0.00026714249749534,0.0009673515392274,0.00036804184984095,1.3211757201347,0.0018020283849175,0.0018020283849175,0.0018317324582219,0.0018317324582219,0.0018020283849175,0.28308247051413,0.28308247051413,0.28308247051413,0.10796828676759,0.10796828676759,0.10796828676759,0.0018317324582219,55.46784495111,1.1285717931583e-21,3.9322095236218e-12,-7.4148930051874,-17.621385781693,-3.976251177156,-1.9260070720021e-08,-7.0587886116984,-4.2218608457648,-2.6083772850095e-07,-19.437139433286,60.537290271513,520.48643488806,520.48643488806,520.48646459213,520.48646459213,520.48643488806,520.76771533019,520.76771533019,520.76771533019,520.59260114644,520.59260114644,520.59260114644,520.48646459213,246.60843856137,0.37225540809794,0.25570271159529,0.27992590777091,882.17827598915,-1.0895252419835,0.0069270943798001,0.00057228898647063,878.37304320208,-0.0019859471745577,-1.080282167075,0.011743197695117,1.3401471163521e-26,0,0,1.9938349943238e-33,7.1116402996671e-24,3.5319478725488e-35,0,6.2490001206264e-36,3.3926196254538e-34,0,2.609672068925e-36,7.3326268683883e-35,5.8800242020724e-10,0,0,0.0015410534721765,0.010102765893923,2.6364954552825e-06,0,5.0104609816206e-11,1.2271968803415e-05,0,1.8583716191131e-11,1.2742292029148e-09
0.003285625,130.06552426623,76.656339604915,141.25190950246,0.97741707853608,0.97723458413469,0.99981571212164,1583626223.1514,0.00026782118730116,0.00097031353537244,0.00036880142830612,1.3221664636064,0.0018196179695018,0.0018196179695018,0.001850323860435,0.001850323860435,0.0018196179695018,0.28197735201757,0.28197735201757,0.28197735201757,0.10670762932124,0.10670762932124,0.10670762932124,0.001850323860435,55.363256101906,1.0354280188317e-21,3.7258718720261e-12,-7.4351164428807,-17.642752005806,-4.0003101630232,-1.9751276240694e-08,-7.0794299114768,-4.2460481828013,-2.6699385632486e-07,-19.454609254675,60.406245433479,520.3812215134,520.3812215134,520.38125221929,520.38125221929,520.3812215134,520.66137924744,520.66137924744,520.66137924744,520.48610952475,520.48610952475,520.48610952475,520.38125221929,246.5027860317,0.37319643810519,0.25633344180295,0.28066662104696,882.03889166162,-1.0980352791698,0.0069752150033811,0.00057341960044919,878.22387150206,-0.0019937092636428,-1.0887083668115,0.011743197695117,1.3109304094629e-26,0,0,1.9238405943462e-33,6.851269248456e-24,3.4162579134846e-35,0,6.1113672512272e-36,3.2693750151659e-34,0,2.5593550558807e-36,7.1246676347501e-35,5.8800242020724e-10,0,0,0.0015410534721765,0.010102765893923,2.6364954552825e-06,0,5.0104609816206e-11,1.2271968803415e-05,0,1.8583716191131e-11,1.2742292029148e-09
0.003295625,128.57011096247,76.349123353816,140.32139892124,0.97741707853608,0.97723458413469,0.99981571212164,1583372388.7968,0.00026849842796595,0.00097327553903417,0.00036955948035423,1.3231571232043,0.0018369304498384,0.0018369304498384,0.00186857191999,0.00186857191999,0.0018369304498384,0.28087426351865,0.28087426351865,0.28087426351865,0.10544654424469,0.10544654424469,0.10544654424469,0.00186857191999,55.259025326625,9.5156557647051e-22,3.5280954388143e-12,-7.4552660594125,-17.66377519614,-4.0243561678915,-2.0249198746419e-08,-7.0999963440653,-4.2702165854769,-2.7322484005638e-07,-19.471721376563,60.275711521357,520.27565395116,520.27565395116,520.27568559263,520.27568559263,520.27565395116,520.55469128423,520.55469128423,520.55469128423,520.37926356496,520.37926356496,520.37926356496,520.27568559263,246.39761199845,0.37413651285018,0.25696344509936,0.28140680819928,881.89834998775,-1.1065661589778,0.007023415160058,0.00057453475501668,878.07354179645,-0.0020013823557289,-1.0971552870273,0.011743197695117,1.2823154781121e-26,0,0,1.8563614499577e-33,6.600588199111e-24,3.3044697477774e-35,0,5.9764599390598e-36,3.1505930407577e-34,0,2.5098792651185e-36,6.9223969721184e-35,5.8800242020724e-10,0,0,0.0015410534721765,0.010102765893923,2.6364954552825e-06,0,5.0104609816206e-11,1.2271968803415e-05,0,1.8583716191131e-11,1.2742292029148e-09
0.003305625,127.08781003814,76.044881087795,139.39881504317,0.97741707853608,0.97723458413469,0.99981571212164,1583102575.4214,0.00026917421865562,0.00097623755024217,0.00037031601676107,1.3241476988156,0.0018533876532809,0.0018533876532809,0.0018861201247834,0.0018861201247834,0.0018533876532809,0.27977323578139,0.27977323578139,0.27977323578139,0.10419428201938,0.10419428201938,0.10419428201938,0.0018861201247834,55.155152995488,8.7598876242152e-22,3.338661612799e-12,-7.4753410763577,-17.684456960836,-4.0483867709325,-2.07538548701e-08,-7.1204871123235,-4.2943653907989,-2.7953121369858e-07,-19.488485007098,60.145688201327,520.16973636754,520.16973636754,520.16976910001,520.16976910001,520.16973636754,520.44765621567,520.44765621567,520.44765621567,520.27207726191,520.27207726191,520.27207726191,520.16976910001,246.29270615907,0.37507563521827,0.25759272392425,0.28214647032828,881.75666353434,-1.1151177732001,0.0070716966612555,0.00057563680380786,877.92206638003,-0.002008966496799,-1.1056228143501,0.011743197695117,1.2542905532561e-26,0,0,1.7913053072714e-33,6.3592332278933e-24,3.1964527033323e-35,0,5.8442333954614e-36,3.0361186423624e-34,0,2.4612335090802e-36,6.7256674157923e-35,5.8800242020724e-10,0,0,0.0015410534721765,0.010102765893923,2.6364954552825e-06,0,5.0104609816206e-11,1.2271968803415e-05,0,1.8583716191131e-11,1.2742292029148e-09
0.003315625,125.61850996484,75.743583745304,138.48409261955,0.97741707853608,0.97723458413469,0.99981571212164,1582817033.3057,0.00026984855716808,0.0009791995690036,0.00037107105044117,1.325138190336,0.001869328514984,0.001869328514984,0.001904592367952,0.001904592367952,0.001869328514984,0.27867429916983,0.27867429916983,0.27867429916983,0.10295441119473,0.10295441119473,0.10295441119473,0.001904592367952,55.051643497141,8.0781298032245e-22,3.1573501867864e-12,-7.4953414831297,-17.704800347244,-4.0724000134467,-2.1265264027475e-08,-7.1409017790878,-4.3184909419034,-2.859134514609e-07,-19.504896145173,60.016178884504,520.06347388478,520.06347388478,520.06350914864,520.06350914864,520.06347388478,520.34027885544,520.34027885544,520.34027885544,520.16455896746,520.16455896746,520.16455896746,520.06350914864,246.18788517596,0.37601380811681,0.25822128073292,0.28288560851911,881.61384638441,-1.1236899998871,0.0071200628872625,0.0005767310113584,877.76945917686,-0.002016458944517,-1.1141108259129,0.011743197695117,1.226844242352e-26,0,0,1.7285835973391e-33,6.1268539795676e-24,3.0920796092266e-35,0,5.7146440041091e-36,2.9258008808368e-34,0,2.4134071851479e-36,6.5343353436851e-35,5.8800242020724e-10,0,0,0.0015410534721765,0.010102765893923,2.6364954552825e-06,0,5.0104609816206e-11,1.2271968803415e-05,0,1.8583716191131e-11,1.2742292029148e-09
0.003325625,124.16209940617,75.445202368897,137.57716647281,0.97741707853608,0.97723458413469,0.99981571212164,1582515992.6346,0.00027052144258794,0.00098216159530201,0.0003718245926463,1.3261285976784,0.0018868437397675,0.0018868437397675,0.0019231502946561,0.0019231502946561,0.0018868437397675,0.27757748355837,0.27757748355837,0.27757748355837,0.10171683222782,0.10171683222782,0.10171683222782,0.0019231502946561,54.948499709071,7.4625200632408e-22,2.9839409955e-12,-7.5152667831355,-17.724807915976,-4.0963937409212,-2.1783431803524e-08,-7.1612401239935,-4.3425917632487,-2.9237203484904e-07,-19.520956563582,59.887184223909,519.95687332339,519.95687332339,519.95690962995,519.95690962995,519.95687332339,520.23256396321,520.23256396321,520.23256396321,520.05670331188,520.05670331188,520.05670331188,519.95690962995,246.08303870954,0.37695103447152,0.25884911799211,0.28362422384258,881.46991347434,-1.1322827096787,0.0071685097885405,0.00057781473867759,877.61573493001,-0.0020238661894642,-1.1226191874079,0.011743197695117,1.1999653308674e-26,0,0,1.6681107614829e-33,5.9031144144249e-24,2.9912270939614e-35,0,5.5876472026387e-36,2.8194930503784e-34,0,2.3663892039798e-36,6.348261134544e-35,5.8800242020724e-10,0,0,0.0015410534721765,0.010102765893923,2.6364954552825e-06,0,5.0104609816206e-11,1.2271968803415e-05,0,1.8583716191131e-11,1.2742292029148e-09
0.003335625,122.71846725807,75.149708122204,136.67797152726,0.97741707853608,0.97723458413469,0.99981571212164,1582199666.5014,0.00027119290046575,0.00098512362910997,0.00037257661908799,1.327118920793,0.0019038042088086,0.0019038042088086,0.0019411023181352,0.0019411023181352,0.0019038042088086,0.27648281834175,0.27648281834175,0.27648281834175,0.10049104241298,0.10049104241298,0.10049104241298,0.0019411023181352,54.845718377074,6.9060683792188e-22,2.8182122601044e-12,-7.5351171055036,-17.744480289334,-4.1203660213814,-2.2308354366006e-08,-7.1815017363498,-4.3666669812477,-2.9890746338229e-07,-19.536676089166,59.75870703404,519.84993727773,519.84993727773,519.84997457584,519.84997457584,519.84993727773,520.12451629186,520.12451629186,520.12451629186,519.94852451594,519.94852451594,519.94852451594,519.84997457584,245.97810560534,0.37788731720731,0.25947623816409,0.28436231735946,881.32487749174,-1.1408957607212,0.0072170356086196,0.00057888748153116,877.46090629432,-0.0020311893113862,-1.1311477579988,0.011743197695117,1.1736428267307e-26,0,0,1.6098045024096e-33,5.6876901911241e-24,2.8937756375367e-35,0,5.463199549477e-36,2.7170539329531e-34,0,2.3201687766667e-36,6.1673079275553e-35,5.8800242020724e-10,0,0,0.0015410534721765,0.010102765893923,2.6364954552825e-06,0,5.0104609816206e-11,1.2271968803415e-05,0,1.8583716191131e-11,1.2742292029148e-09
0.003345625,121.287502814,74.857072322341,135.78644291414,0.97741707853608,0.97723458413469,0.99981571212164,1581868250.4662,0.00027186290447077,0.00098808567038405,0.00037332717549512,1.3281091596425,0.0019200313176751,0.0019200313176751,0.0019596778763956,0.0019596778763956,0.0019200313176751,0.27539033253099,0.27539033253099,0.27539033253099,0.099272918623506,0.099272918623506,0.099272918623506,0.0019596778763956,54.743305486387,6.402560672853e-22,2.6599423797796e-12,-7.5548922948243,-17.763821465497,-4.1443149410366,-2.2840038192193e-08,-7.2016862532056,-4.390713131643,-3.055201489491e-07,-19.552049229504,59.630750048791,519.74267034416,519.74267034416,519.74270999072,519.74270999072,519.74267034416,520.01614064538,520.01614064538,520.01614064538,519.84002323147,519.84002323147,519.84002323147,519.74270999072,245.87299611717,0.37882265926604,0.26010264372443,0.28509989011874,881.1787512282,-1.1495290059816,0.0072656381893728,0.00057994906351346,877.30498602303,-0.0020384277114329,-1.1396963929047,0.011743197695117,1.1478660051168e-26,0,0,1.5535855563449e-33,5.4802682405315e-24,2.7996098329703e-35,0,5.3412583462997e-36,2.6183466052456e-34,0,2.2747353902665e-36,5.9913426311597e-35,5.8800242020724e-10,0,0,0.0015410534721765,0.010102765893923,2.6364954552825e-06,0,5.0104609816206e-11,1.2271968803415e-05,0,1.8583716191131e-11,1.2742292029148e-09
0.003355625,119.86909576574,74.567266460674,134.902515974,0.97741707853608,0.97723458413469,0.99981571212164,1581521911.1465,0.00027253145670989,0.00099104771906725,0.00037407626930492,1.3290993142056,0.0019363034559607,0.0019363034559607,0.0019786348719808,0.0019786348719808,0.0019363034559607,0.27430005465564,0.27430005465564,0.27430005465564,0.098062455793858,0.098062455793858,0.098062455793858,0.0019786348719808,54.641262281011,5.9464645096236e-22,2.5089089784507e-12,-7.5745919062594,-17.782833766589,-4.1682386180378,-2.3378477906805e-08,-7.2217933245865,-4.4147295137682,-3.122103243966e-07,-19.567081468269,59.503310588142,519.63507803184,519.63507803184,519.63512036326,519.63512036326,519.63507803184,519.90744178304,519.90744178304,519.90744178304,519.73120418418,519.73120418418,519.73120418418,519.63512036326,245.76754454752,0.37975706358459,0.26072833714202,0.28583694316121,881.03154719516,-1.1581822930024,0.0073143172016141,0.00058100072013248,877.14798656451,-0.002045578823994,-1.1482649445676,0.011743197695117,1.1226243264193e-26,0,0,1.4993775143596e-33,5.2805474541581e-24,2.7086178482132e-35,0,5.2217809556092e-36,2.523238368462e-34,0,2.2300783771484e-36,5.8202357641694e-35,5.8800242020724e-10,0,0,0.0015410534721765,0.010102765893923,2.6364954552825e-06,0,5.0104609816206e-11,1.2271968803415e-05,0,1.8583716191131e-11,1.2742292029148e-09
0.003365625,118.46313624381,74.280262197719,134.02612627844,0.97741707853608,0.97723458413469,0.99981571212164,1581160809.4681,0.00027319855275117,0.00099400977509465,0.00037482391683372,1.3300893844741,0.0019523852388249,0.0019523852388249,0.0019961740809108,0.0019961740809108,0.0019523852388249,0.27321201281699,0.27321201281699,0.27321201281699,0.096861990512536,0.096861990512536,0.096861990512536,0.0019961740809108,54.539588047221,5.5328482932e-22,2.3648886864147e-12,-7.5942158370142,-17.801519034401,-4.1921353307764,-2.392365925467e-08,-7.2418227320835,-4.4387142999131,-3.1897830471549e-07,-19.581776418995,59.376390215432,519.52716482079,519.52716482079,519.52720860964,519.52720860964,519.52716482079,519.79842444837,519.79842444837,519.79842444837,519.62207442607,519.62207442607,519.62207442607,519.52720860964,245.66174900218,0.38069053310244,0.26135332088546,0.28657347751758,880.88327791082,-1.1668554640366,0.0073630676196188,0.00058204229673722,876.98992043601,-0.0020526450822342,-1.1568532584423,0.011743197695117,1.0979074432432e-26,0,0,1.4471069266188e-33,5.0882389068516e-24,2.6206912564889e-35,0,5.1047256288696e-36,2.4316012194932e-34,0,2.1861873108877e-36,5.6538600995303e-35,5.8800242020724e-10,0,0,0.0015410534721765,0.010102765893923,2.6364954552825e-06,0,5.0104609816206e-11,1.2271968803415e-05,0,1.8583716191131e-11,1.2742292029148e-09
0.003375625,117.06951490027,73.99603138651,133.15720968752,0.97741707853608,0.97723458413469,0.99981571212164,1580785093.2587,0.00027386419602509,0.00099697183839991,0.00037557012392872,1.3310793704597,0.0019670285483413,0.0019670285483413,0.0020128088372322,0.0020128088372322,0.0019670285483413,0.27212623473516,0.27212623473516,0.27212623473516,0.095664608887426,0.095664608887426,0.095664608887426,0.0020128088372322,54.43828298429,5.1573314631138e-22,2.2276591708234e-12,-7.613764299102,-17.819879499622,-4.2160033249537,-2.4475569398048e-08,-7.2617740769334,-4.4626645541827,-3.2582456939534e-07,-19.596135193214,59.249993041814,519.41893415371,519.41893415371,519.418979934,519.418979934,519.41893415371,519.68909335989,519.68909335989,519.68909335989,519.51263173405,519.51263173405,519.51263173405,519.418979934,245.55553540032,0.38162307076504,0.26197759742641,0.2873094942089,880.73395495889,-1.1755483555396,0.0074118876929582,0.00058307382687704,876.830799252,-0.0020596255796661,-1.1654611781355,0.011743197695117,1.0737052340837e-26,0,0,1.3967028956844e-33,4.9030632120724e-24,2.5357252548841e-35,0,4.9900509099487e-36,2.3433096910298e-34,0,2.1430517231113e-36,5.4920920366306e-35,5.8800242020724e-10,0,0,0.0015410534721765,0.010102765893923,2.6364954552825e-06,0,5.0104609816206e-11,1.2271968803415e-05,0,1.8583716191131e-11,1.2742292029148e-09
0.003385625,115.68812291855,73.714546076543,132.29570235368,0.97741707853608,0.97723458413469,0.99981571212164,1580394903.9019,0.00027452838544222,0.00099993390890375,0.00037631490229948,1.3320692721933,0.0019806542768235,0.0019806542768235,0.0020281214746221,0.0020281214746221,0.0019806542768235,0.27104274769967,0.27104274769967,0.27104274769967,0.094479140002856,0.094479140002856,0.094479140002856,0.0020281214746221,54.337348667055,4.8160034609789e-22,2.0969995122557e-12,-7.6332367057446,-17.837917688406,-4.2398407683783,-2.5034192073143e-08,-7.2816468350779,-4.4865796909521,-3.3274955375454e-07,-19.610164398725,59.124115567416,519.3103911238,519.3103911238,519.31043859099,519.31043859099,519.3103911238,519.57945321722,519.57945321722,519.57945321722,519.40288960952,519.40288960952,519.40288960952,519.31043859099,245.4488628473,0.38255467950927,0.26260116922709,0.28804499424899,880.58358892613,-1.1842608027761,0.0074607745642233,0.00058410008397797,876.67063369691,-0.002066521274821,-1.1740885449342,0.011743197695117,1.0500077488375e-26,0,0,1.3480972540961e-33,4.7247522325583e-24,2.4536185453644e-35,0,4.8777156609463e-36,2.2582439340573e-34,0,2.1006610939473e-36,5.3348106032178e-35,5.8800242020724e-10,0,0,0.0015410534721765,0.010102765893923,2.6364954552825e-06,0,5.0104609816206e-11,1.2271968803415e-05,0,1.8583716191131e-11,1.2742292029148e-09
0.003395625,114.31885205703,73.43577851898,131.44154074883,0.97741707853608,0.97723458413469,0.99981571212164,1579990374.9635,0.00027519112363392,0.0010028959865241,0.00037705825900396,1.3330590896943,0.0019944517348721,0.0019944517348721,0.0020445738067358,0.0020445738067358,0.0019944517348721,0.2699615786364,0.2699615786364,0.2699615786364,0.093303708069532,0.093303708069532,0.093303708069532,0.0020445738067358,54.23678565869,4.505381032623e-22,1.9726912623471e-12,-7.6526330442251,-17.855635906699,-4.2636460032777,-2.5599503316769e-08,-7.3014408622974,-4.5104574760664,-3.3975385681011e-07,-19.623860441924,58.9987600553,519.20154158982,519.20154158982,519.20159171189,519.20159171189,519.20154158982,519.46950871672,519.46950871672,519.46950871672,519.29285084616,519.29285084616,519.29285084616,519.20159171189,245.34169982513,0.3834853622758,0.26322403875315,0.28877997864289,880.43219263012,-1.1929926420343,0.0075097208886582,0.00058511374610701,876.50943656384,-0.002073338953906,-1.1827351983677,0.011743197695117,1.0268051249792e-26,0,0,1.3012244717003e-33,4.5530483478287e-24,2.3742730638126e-35,0,4.7676793720533e-36,2.1762885089615e-34,0,2.0590052832924e-36,5.1818979996351e-35,5.8800242020724e-10,0,0,0.0015410534721765,0.010102765893923,2.6364954552825e-06,0,5.0104609816206e-11,1.2271968803415e-05,0,1.8583716191131e-11,1.2742292029148e-09
0.003405625,112.96159457901,73.159701151176,130.594661618,0.97741707853608,0.97723458413469,0.99981571212164,1579571631.8034,0.00027585240693287,0.0010058580711702,0.00037780020963342,1.3340488229878,0.002007265167251,0.002007265167251,0.0020601544398919,0.0020601544398919,0.002007265167251,0.26888275402472,0.26888275402472,0.26888275402472,0.092139197018613,0.092139197018613,0.092139197018613,0.0020601544398919,54.13659405318,4.22235505334e-22,1.8545173409823e-12,-7.6719527605781,-17.873036280338,-4.2874175104345,-2.6171470449927e-08,-7.3211561731412,-4.5342962156221,-3.4683802988538e-07,-19.637229708417,58.873922935664,519.09238895753,519.09238895753,519.0924418468,519.0924418468,519.09238895753,519.35926444638,519.35926444638,519.35926444638,519.18252088938,519.18252088938,519.18252088938,519.0924418468,245.23402479167,0.38441512199905,0.26384620846115,0.28951444838619,880.27977975562,-1.2017436951897,0.007558722454072,0.00058611811912839,876.34722167642,-0.0020800762024283,-1.1914009728993,0.011743197695117,1.0040877926488e-26,0,0,1.2560213685831e-33,4.3877033447465e-24,2.2975937210622e-35,0,4.6599012963207e-36,2.0973312950211e-34,0,2.0180738275518e-36,5.0332393429997e-35,5.8800242020724e-10,0,0,0.0015410534721765,0.010102765893923,2.6364954552825e-06,0,5.0104609816206e-11,1.2271968803415e-05,0,1.8583716191131e-11,1.2742292029148e-09
0.003415625,111.61624329376,72.886286600443,129.7550020057,0.97741707853608,0.97723458413469,0.99981571212164,1579138793.483,0.00027651223911534,0.0010088201627529,0.00037854075970713,1.3350384721306,0.0020201159158173,0.0020201159158173,0.0020741505868743,0.0020741505868743,0.0020201159158173,0.2678062999201,0.2678062999201,0.2678062999201,0.090986794959554,0.090986794959554,0.090986794959554,0.0020741505868743,54.036775491721,3.9641434973794e-22,1.7422601175366e-12,-7.691196232995,-17.890121285945,-4.3111536711269,-2.6750067196422e-08,-7.340792527153,-4.5580945184829,-3.5400239802339e-07,-19.650272591376,58.749607609902,518.98293876775,518.98293876775,518.98299280242,518.98299280242,518.98293876775,519.24872495176,519.24872495176,519.24872495176,519.0719054468,519.0719054468,519.0719054468,518.98299280242,245.1258106223,0.38534396161334,0.26446768080838,0.29024840446904,880.12636089877,-1.2105137902617,0.0076077723028239,0.0005871163676701,876.18399966321,-0.0020867356045001,-1.2000857042379,0.011743197695117,9.8184634922552e-27,0,0,1.2124270400097e-33,4.2284785392787e-24,2.2234889122743e-35,0,4.5543421707105e-36,2.0212646931624e-34,0,1.9778568227837e-36,4.8887218973726e-35,5.8800242020724e-10,0,0,0.0015410534721765,0.010102765893923,2.6364954552825e-06,0,5.0104609816206e-11,1.2271968803415e-05,0,1.8583716191131e-11,1.2742292029148e-09
0.003425625,110.28269160601,72.615507700521,128.92249928741,0.97741707853608,0.97723458413469,0.99981571212164,1578691970.7838,0.00027717062116576,0.0010117822611735,0.00037927991848837,1.3360280371785,0.0020322479460314,0.0020322479460314,0.0020876498157087,0.0020876498157087,0.0020322479460314,0.26673224196109,0.26673224196109,0.26673224196109,0.089839298804973,0.089839298804973,0.089839298804973,0.0020876498157087,53.937327868391,3.7282721267952e-22,1.635705534154e-12,-7.7103633953008,-17.906892618378,-4.3348530430869,-2.7335262904684e-08,-7.3603497009568,-4.5818503166815,-3.612474821302e-07,-19.662991320467,58.625815651685,518.87319480625,518.87319480625,518.87325020812,518.87325020812,518.87319480625,519.13789480026,519.13789480026,519.13789480026,518.96100185711,518.96100185711,518.96100185711,518.87325020812,245.01702484075,0.38627188404927,0.26508845824762,0.29098184787332,879.97194762877,-1.2193027527477,0.0076568642072056,0.00058810827323415,876.01978219971,-0.0020933207794474,-1.2087892267673,0.011743197695117,9.6007156502548e-27,0,0,1.1703828426657e-33,4.0751435555564e-24,2.1518701460087e-35,0,4.4509629821884e-36,1.9479837522154e-34,0,1.9383442005746e-36,4.7482364456551e-35,5.8800242020724e-10,0,0,0.0015410534721765,0.010102765893923,2.6364954552825e-06,0,5.0104609816206e-11,1.2271968803415e-05,0,1.8583716191131e-11,1.2742292029148e-09
0.003435625,108.96083355035,72.347337499326,128.09709119365,0.97741707853608,0.97723458413469,0.99981571212164,1578231270.3964,0.00027782755424662,0.0010147443663309,0.00038001769492439,1.3370175182047,0.002043197116938,0.002043197116938,0.0021007293890037,0.0021007293890037,0.002043197116938,0.26566060540572,0.26566060540572,0.26566060540572,0.088702557665261,0.088702557665261,0.088702557665261,0.0021007293890037,53.838251217306,3.5125205715135e-22,1.5346418846592e-12,-7.7294535152486,-17.923352440896,-4.3585138380582,-2.7927027796763e-08,-7.3798272584337,-4.605564672284,-3.6857383416601e-07,-19.675393425353,58.502542877214,518.7631610802,518.7631610802,518.76321861247,518.76321861247,518.7631610802,519.02677848849,519.02677848849,519.02677848849,518.84982044075,518.84982044075,518.84982044075,518.76321861247,244.90762190416,0.38719889222251,0.26570854321835,0.291714779577,879.81655015574,-1.2281104057681,0.0077059925509201,0.00058909365899476,875.85457956317,-0.0020998312600373,-1.217511374124,0.011743197695117,9.3875429856253e-27,0,0,1.1298323759354e-33,3.9274775171302e-24,2.0826517840757e-35,0,4.349724952627e-36,1.8773872464886e-34,0,1.8995260494082e-36,4.6116761607319e-35,5.8800242020724e-10,0,0,0.0015410534721765,0.010102765893923,2.6364954552825e-06,0,5.0104609816206e-11,1.2271968803415e-05,0,1.8583716191131e-11,1.2742292029148e-09
0.003445625,107.65056373428,72.081749226762,127.27871576421,0.97741707853608,0.97723458413469,0.99981571212164,1577756800.3388,0.00027848304043176,0.0010177064781278,0.00038075409682619,1.3380069152712,0.0020533093680493,0.0020533093680493,0.0021139462110955,0.0021139462110955,0.0020533093680493,0.26459141510267,0.26459141510267,0.26459141510267,0.087584106076271,0.087584106076271,0.087584106076271,0.0021139462110955,53.739547536329,3.3149122219892e-22,1.4388610219528e-12,-7.7484667245766,-17.939503724662,-4.3821346917989,-2.8525326776924e-08,-7.3992251442028,-4.6292339845075,-3.7598197816789e-07,-19.687476280794,58.379789020802,518.65284240623,518.65284240623,518.65290304307,518.65290304307,518.65284240623,518.91538051196,518.91538051196,518.91538051196,518.73837320293,518.73837320293,518.73837320293,518.65290304307,244.7976489096,0.3881249890444,0.26632793815587,0.29244720055019,879.66018054125,-1.2369365723296,0.0077551539059936,0.00059007409556959,875.68840391734,-0.0021062656922622,-1.2262519812917,0.011743197695117,9.1788561787861e-27,0,0,1.0907213836743e-33,3.785267353743e-24,2.015751131753e-35,0,4.2505900593614e-36,1.8093781736509e-34,0,1.8613925238246e-36,4.4789366296277e-35,5.8800242020724e-10,0,0,0.0015410534721765,0.010102765893923,2.6364954552825e-06,0,5.0104609816206e-11,1.2271968803415e-05,0,1.8583716191131e-11,1.2742292029148e-09
0.003455625,106.35177738209,71.818716324841,126.46731138412,0.97741707853608,0.97723458413469,0.99981571212164,1577268664.984,0.00027914326116109,0.0010206685964636,0.00038148913132509,1.3389962284393,0.0020639269268068,0.0020639269268068,0.0021257501109238,0.0021257501109238,0.0020639269268068,0.26352469546546,0.26352469546546,0.26352469546546,0.086471223600129,0.086471223600129,0.086471223600129,0.0021257501109238,53.641218273319,3.1336776847972e-22,1.3481565988921e-12,-7.7674029472511,-17.955349255158,-4.4057143832283,-2.9130120336371e-08,-7.4185434707281,-4.6528551993988,-3.8347245411986e-07,-19.699238880551,58.257554342285,518.54224448696,518.54224448696,518.54230631015,518.54230631015,518.54224448696,518.8037052555,518.8037052555,518.8037052555,518.62665178364,518.62665178364,518.62665178364,518.54230631015,244.68708035162,0.38905017742505,0.26694664549352,0.29317911175475,879.50285169708,-1.2457810782317,0.0078043404547418,0.0005910457661833,875.52126827326,-0.0021126299088915,-1.2350108820896,0.011743197695117,8.9745676510981e-27,0,0,1.0529976008393e-33,3.6483082540023e-24,1.9510884234597e-35,0,4.1535206695254e-36,1.743861868696e-34,0,1.8239338225218e-36,4.3499162521051e-35,5.8800242020724e-10,0,0,0.0015410534721765,0.010102765893923,2.6364954552825e-06,0,5.0104609816206e-11,1.2271968803415e-05,0,1.8583716191131e-11,1.2742292029148e-09
0.003465625,105.06437033068,71.558212446065,125.66281678128,0.97741707853608,0.97723458413469,0.99981571212164,1576766960.6381,0.00027980669948804,0.0010236307212379,0.00038222280920133,1.33998545781,0.0020742875818174,0.0020742875818174,0.0021364576914402,0.0021364576914402,0.0020742875818174,0.26246047046082,0.26246047046082,0.26246047046082,0.085371032058037,0.085371032058037,0.085371032058037,0.0021364576914402,53.543258535896,2.967230453949e-22,1.2623258341451e-12,-7.7862622114847,-17.970889423463,-4.4292512988918,-2.9741364457759e-08,-7.4377819202628,-4.6764291327097,-3.9104602511053e-07,-19.710693578674,58.135839709114,518.43137084681,518.43137084681,518.43143301692,518.43143301692,518.43137084681,518.69175702969,518.69175702969,518.69175702969,518.51466759129,518.51466759129,518.51466759129,518.43143301692,244.5758762903,0.38997446026108,0.26756466765163,0.29391051414829,879.34457285888,-1.254643746671,0.0078535436654826,0.00059201097483102,875.35318198885,-0.0021189280577887,-1.2437879093342,0.011743197695117,8.7745921109458e-27,0,0,1.0166105343076e-33,3.516403200147e-24,1.8885863393343e-35,0,4.0584796819612e-36,1.6807477959005e-34,0,1.7871402708922e-36,4.2245156931457e-35,5.8800242020724e-10,0,0,0.0015410534721765,0.010102765893923,2.6364954552825e-06,0,5.0104609816206e-11,1.2271968803415e-05,0,1.8583716191131e-11,1.2742292029148e-09
0.003475625,103.78823914703,71.300211475364,124.86517110193,0.97741707853608,0.97723458413469,0.99981571212164,1576251777.8298,0.00028046875611224,0.0010265928523397,0.00038295514066043,1.3409746034685,0.0020848722452651,0.0020848722452651,0.0021475984680679,0.0021475984680679,0.0020848722452651,0.26139876371471,0.26139876371471,0.26139876371471,0.084286056839863,0.084286056839863,0.084286056839863,0.0021475984680679,53.445670370974,2.8141556319559e-22,1.1811701971759e-12,-7.8050442903681,-17.98612743408,-4.4527439768679,-3.0359014602744e-08,-7.4569402734558,-4.6999540976623,-3.987034910529e-07,-19.721836189329,58.014644648326,518.3202263229,518.3202263229,518.32028904912,518.32028904912,518.3202263229,518.57954021437,518.57954021437,518.57954021437,518.40242750749,518.40242750749,518.40242750749,518.32028904912,244.465877419,0.39089784044764,0.26818200704976,0.29464140868099,879.18535552706,-1.2635243980594,0.007902757538886,0.00059297138542796,875.18415672081,-0.0021251600810815,-1.2525828958066,0.011743197695117,8.5788438234681e-27,0,0,9.8151169600748e-34,3.3893628406164e-24,1.8281702893918e-35,0,3.9654302956681e-36,1.6199488092056e-34,0,1.7510021675588e-36,4.1026381939642e-35,5.8800242020724e-10,0,0,0.0015410534721765,0.010102765893923,2.6364954552825e-06,0,5.0104609816206e-11,1.2271968803415e-05,0,1.8583716191131e-11,1.2742292029148e-09
