time,H_1,H_2,H_3,Hs_1,Hs_2,Hs_3,cry_1,cry_2,cry_3,disloc_density,disp_x,disp_y,disp_z,fp_yy,gd_0,gd_1,gd_10,gd_11,gd_2,gd_3,gd_4,gd_5,gd_6,gd_7,gd_8,gd_9,slip_increment_0,slip_increment_1,slip_increment_10,slip_increment_11,slip_increment_2,slip_increment_3,slip_increment_4,slip_increment_5,slip_increment_6,slip_increment_7,slip_increment_8,slip_increment_9,slip_resistance_0,slip_resistance_1,slip_resistance_10,slip_resistance_11,slip_resistance_2,slip_resistance_3,slip_resistance_4,slip_resistance_5,slip_resistance_6,slip_resistance_7,slip_resistance_8,slip_resistance_9,sliprate,strain_eff,strain_shear,strain_yy,stress_vm,stress_xx,stress_xy,stress_xz,stress_yy,stress_yz,stress_zz,surface_react_y,total_twin_volume,twin_slip_increment_0,twin_slip_increment_1,twin_slip_increment_10,twin_slip_increment_11,twin_slip_increment_2,twin_slip_increment_3,twin_slip_increment_4,twin_slip_increment_5,twin_slip_increment_6,twin_slip_increment_7,twin_slip_increment_8,twin_slip_increment_9,twin_twin_system_volume_fraction_0,twin_twin_system_volume_fraction_1,twin_twin_system_volume_fraction_10,twin_twin_system_volume_fraction_11,twin_twin_system_volume_fraction_2,twin_twin_system_volume_fraction_3,twin_twin_system_volume_fraction_4,twin_twin_system_volume_fraction_5,twin_twin_system_volume_fraction_6,twin_twin_system_volume_fraction_7,twin_twin_system_volume_fraction_8,twin_twin_system_volume_fraction_9
0.05,1733333333.3334,1733333333.3334,1733333333.3334,1155555555.5556,1155555555.5556,1155555555.5556,1,1,1,20000000,2.8583822503325e-07,1.4683096878929e-06,2.4635468197406e-07,1,397.07316827997,397.07316827997,396.97507172609,396.97507172609,397.07316827997,397.18341302189,397.18341302189,397.18341302189,397.17999053034,397.17999053034,397.17999053034,396.97507172609,1.9336113929515e-52,7.1340818642281e-224,2.2645375180197e-218,-1.9538320012491e-52,-1.9304844159643e-52,-1.9158327507745e-52,-6.2145082870479e-219,-1.9207604533772e-52,-1.8936570387066e-52,-9.1516428213716e-219,-1.9011651752312e-52,1.9596662685335e-52,435.79569724801,435.79569724801,435.69760069413,435.69760069413,435.79569724801,435.90594198993,435.90594198993,435.90594198993,435.90251949837,435.90251949837,435.90251949837,435.69760069413,0,0.00056170530283319,0.00034052835009503,0.00049987487523273,69.547671077546,-0.00069195103765582,0.0039596116940812,-9.2353156634723e-05,69.547327278047,-0.00099468141966436,7.2600129938821e-06,0,1.8507667542446e-34,1.5092609987636e-35,0,0,1.5138513134788e-35,1.5147957657216e-35,1.5126161059285e-35,0,1.5078379904234e-35,1.5144234419634e-35,0,1.5070579072947e-35,1.5109041694447e-35,2.2890205981649e-35,0,0,2.2959826030774e-35,2.2974150243329e-35,2.2941091876513e-35,0,2.2868623802468e-35,2.2968503187191e-35,0,2.2856792506262e-35,2.2915127466286e-35
0.1,1733333333.3334,1733333333.3334,1733333333.3334,1155555555.5556,1155555555.5556,1155555555.5556,1,1,1,20000000,5.7158212699523e-07,2.9366107850416e-06,4.9282922505914e-07,1,397.07316827997,397.07316827997,396.97507172609,396.97507172609,397.07316827997,397.18341302189,397.18341302189,397.18341302189,397.17999053034,397.17999053034,397.17999053034,396.97507172609,2.2010642698143e-37,6.0604349271873e-225,1.8220608985775e-218,-2.2278315896849e-37,-2.199494520988e-37,-2.1879279013579e-37,-2.832558280793e-219,-2.1905314896585e-37,-2.1618755836323e-37,-5.1140552684274e-219,-2.1660901283456e-37,2.2310883542699e-37,435.79569724801,435.79569724801,435.69760069413,435.69760069413,435.79569724801,435.90594198993,435.90594198993,435.90594198993,435.90251949837,435.90251949837,435.90251949837,435.69760069413,1.615669725496e-51,0.0011232886177087,0.00068099845777489,0.00099950000049756,139.25003309293,-0.00071298116445043,0.0037888627826547,-9.0006302711999e-05,139.24967157879,-0.0010834364576667,-8.6551070752661e-06,0,1.4480603320905e-27,1.2732523312535e-28,0,0,1.2751046018343e-28,1.2755334809279e-28,1.2746029445261e-28,0,1.2727317941644e-28,1.2754274130511e-28,0,1.2723697677445e-28,1.2740100001743e-28,1.8006509440839e-28,0,0,1.8032704509566e-28,1.8038769777306e-28,1.8025610002004e-28,0,1.799914793257e-28,1.8037269750443e-28,0,1.7994028104656e-28,1.8017224499967e-28
0.15,1733333333.3334,1733333333.3334,1733333333.3334,1155555555.5556,1155555555.5556,1155555555.5556,1,1,1,20000000,8.5738967328647e-07,4.4049100326049e-06,7.3947340659152e-07,1,397.07316827997,397.07316827997,396.97507172609,396.97507172609,397.07316827997,397.18341302189,397.18341302189,397.18341302189,397.17999053034,397.17999053034,397.17999053034,396.97507172609,1.4194093984553e-28,-3.6671931590067e-231,-7.7250005584818e-224,-1.4381563658784e-28,-1.4202101617583e-28,-1.414468298855e-28,1.6927419577019e-224,-1.4142334672774e-28,-1.3972991745949e-28,3.3582861535163e-219,-1.3985883348076e-28,1.4389694663589e-28,435.79569724801,435.79569724801,435.69760069413,435.69760069413,435.79569724801,435.90594198993,435.90594198993,435.90594198993,435.90251949837,435.90251949837,435.90251949837,435.69760069413,1.8417516244925e-36,0.0016847518620835,0.0010214200549771,0.0014988756252321,209.10757750026,-0.0013015999366747,0.00086347880154632,-6.4890388320894e-05,209.10668268984,-0.0023173082266659,-0.00048752728532064,0,4.8284715674329e-24,4.256351282397e-25,0,0,4.2572912558898e-25,4.2592270602406e-25,4.2569991305682e-25,0,4.2577715915113e-25,4.2608170908739e-25,0,4.2559429639573e-25,4.2600628340739e-25,6.021190360734e-25,0,0,6.0225223035027e-25,6.0252605507965e-25,6.0221084664603e-25,0,6.0231982449954e-25,6.02750904368e-25,0,6.0206116631252e-25,6.0264403589588e-25
0.2,1733333333.3334,1733333333.3334,1733333333.3334,1155555555.5556,1155555555.5556,1155555555.5556,1,1,1,20000000,1.1433595647179e-06,5.8732172604633e-06,9.8639708304896e-07,1,397.07316827997,397.07316827997,396.97507172609,396.97507172609,397.07316827997,397.18341302189,397.18341302189,397.18341302189,397.17999053034,397.17999053034,397.17999053034,396.97507172609,2.5375290995806e-22,-1.2650988244324e-214,-3.8950370162682e-220,-2.5711537369443e-22,-2.5397347723206e-22,-2.5286009712738e-22,9.9184154249336e-215,-2.5285916694453e-22,-2.4972839299965e-22,-1.6751815565139e-212,-2.5010187774545e-22,2.5728532594337e-22,435.79569724801,435.79569724801,435.69760069413,435.69760069413,435.79569724801,435.90594198993,435.90594198993,435.90594198993,435.90251949837,435.90251949837,435.90251949837,435.69760069413,1.1901627110275e-27,0.0022460919852399,0.0013618058402261,0.0019980019984987,279.12001699062,-0.0011674136127243,0.0017992612285743,9.9136099453657e-05,279.12007095316,-0.0041474421293175,0.0012765627231715,0,1.5340018306648e-21,1.3487877868878e-22,0,0,1.3490149031736e-22,1.3497948457549e-22,1.3491539775036e-22,0,1.3491200330182e-22,1.3507344218158e-22,0,1.3483017439217e-22,1.350406497933e-22,1.9134951713407e-22,0,0,1.913817694215e-22,1.9149234378386e-22,1.9140139611817e-22,0,1.9139670462086e-22,1.9162544475398e-22,0,1.9128072240885e-22,1.9157896244526e-22
0.25,1733333333.3334,1733333333.3334,1733333333.3334,1155555555.5556,1155555555.5556,1155555555.5556,1,1,1,20000000,1.4295363473595e-06,7.3415078413887e-06,1.2332326946908e-06,1,397.07316827997,397.07316827997,396.97507172609,396.97507172609,397.07316827997,397.18341302189,397.18341302189,397.18341302189,397.17999053034,397.17999053034,397.17999053034,396.97507172609,1.800214405826e-17,8.1327958772e-265,1.3022503462764e-259,-1.8249091651224e-17,-1.8002509345362e-17,-1.7947032215732e-17,-3.67140454333e-261,-1.7946921598281e-17,-1.7727226052191e-17,-3.0194659847688e-265,-1.7729186321283e-17,1.8251016465414e-17,435.79569724801,435.79569724801,435.69760069413,435.69760069413,435.79569724801,435.90594198993,435.90594198993,435.90594198993,435.90251949837,435.90251949837,435.90251949837,435.69760069413,2.1268299076306e-21,0.002807313948094,0.0017021215172767,0.0024968793689901,349.2883162322,-0.00011455692101831,0.00031232987134363,4.6963727489545e-05,349.28822010911,-0.00042610817778469,-7.7677028779244e-05,0,1.346452304111e-19,1.1762147632697e-20,0,0,1.1763050639256e-20,1.1763558591198e-20,1.1762630326728e-20,0,1.1762784241694e-20,1.1763709890481e-20,0,1.1762148935089e-20,1.1763354579869e-20,1.6825538221928e-20,0,0,1.6826847518339e-20,1.6827676445226e-20,1.6826272733358e-20,0,1.6826485710493e-20,1.6828023515695e-20,0,1.6825471269063e-20,1.68274745483e-20
0.3,1733333333.3334,1733333333.3334,1733333333.3334,1155555555.5556,1155555555.5556,1155555555.5556,1,1,1,20000000,1.7159241449287e-06,8.8098089380815e-06,1.4803766962085e-06,1,397.07316827997,397.07316827997,396.97507172609,396.97507172609,397.07316827997,397.18341302189,397.18341302189,397.18341302189,397.17999053034,397.17999053034,397.17999053034,396.97507172609,1.6588419989123e-13,2.8311942680512e-262,1.3247690326919e-258,-1.6816061432766e-13,-1.6589030677465e-13,-1.6537654852962e-13,7.3088300965137e-257,-1.6537680825924e-13,-1.6335121632067e-13,-1.9779773589989e-258,-1.6337073210124e-13,1.6817548201106e-13,435.79569724801,435.79569724801,435.69760069413,435.69760069413,435.79569724801,435.90594198993,435.90594198993,435.90594198993,435.90251949837,435.90251949837,435.90251949837,435.69760069413,1.5083856004616e-16,0.003368415944008,0.0020424069054145,0.0029955079850257,419.61238444462,-0.00013241137887287,0.00034935465062363,6.8387436353029e-05,419.61232643986,-0.00050386609417662,1.6414445139515e-05,0,5.2631921255297e-18,4.5319343042657e-19,0,0,4.5322006017488e-19,4.5323875070989e-19,4.5321143479624e-19,0,4.5321167850845e-19,4.5325179546792e-19,0,4.5318703051472e-19,4.532397488638e-19,6.5773783390958e-19,0,0,6.5777680335721e-19,6.5780406469219e-19,6.5776403044476e-19,0,6.5776458808302e-19,6.5782285983639e-19,0,6.5772871611457e-19,6.5780527439807e-19
0.35,1733333333.3326,1733333333.3326,1733333333.3326,1155555555.5548,1155555555.5548,1155555555.5548,1,1,1,20000000.000241,2.0025390341059e-06,1.0278114055386e-05,1.7276855640872e-06,1.000000000061,397.07316827988,397.07316827988,396.975071726,396.975071726,397.07316827988,397.1834130218,397.1834130218,397.1834130218,397.17999053024,397.17999053024,397.17999053024,396.975071726,3.7376253487009e-10,4.2606230109324e-243,3.3732305071736e-244,-3.7890156085789e-10,-3.7372653149508e-10,-3.7253331759825e-10,-2.455860406064e-245,-3.7261501019567e-10,-3.6797942558884e-10,-6.8991170191715e-242,-3.6806405385856e-10,3.7894756983707e-10,435.79569724811,435.79569724811,435.69760069423,435.69760069423,435.79569724811,435.90594199003,435.90594199003,435.90594199003,435.90251949847,435.90251949847,435.90251949847,435.69760069423,1.389823286793e-12,0.0039293986926197,0.0023826488301403,0.0034938880945541,490.09252483854,-0.00026078396300471,0.0016418931244795,-5.0085248509769e-05,490.09253596926,-6.4822846441187e-05,0.00028310144933224,0,1.1776625190763e-16,9.9402194927224e-18,0,0,9.9415229444665e-18,9.9416163215382e-18,9.9415029081573e-18,0,9.9389267888749e-18,9.941648618623e-18,0,9.9389153861188e-18,9.9402833425432e-18,1.4715331053483e-17,0,0,1.4717213382065e-17,1.4717372698521e-17,1.4717172273532e-17,0,1.4713529648343e-17,1.4717437168641e-17,0,1.4713477650442e-17,1.4715488791254e-17
0.4,1733333331.5187,1733333331.5187,1733333331.5187,1155555553.741,1155555553.741,1155555553.741,1,1,1,20000000.543804,2.2895891009445e-06,1.1746455073015e-05,1.975406072082e-06,1.0000000490181,397.0731680717,397.0731680717,396.97507151615,396.97507151615,397.0731680717,397.18341281406,397.18341281406,397.18341281406,397.17999032455,397.17999032455,397.17999032455,396.97507151615,3.005414242343e-07,3.4373938628224e-200,2.2063378658564e-206,-3.0441707737928e-07,-2.9985360080023e-07,-2.9886561025698e-07,-1.1204645982622e-202,-2.993412184608e-07,-2.9520660465906e-07,-1.5389022776776e-207,-2.9537197381508e-07,3.0480064248489e-07,435.79569747704,435.79569747704,435.6976009215,435.6976009215,435.79569747704,435.90594221941,435.90594221941,435.90594221941,435.90251972989,435.90251972989,435.90251972989,435.6976009215,3.1310007802223e-09,0.0044902674082577,0.0027228699438797,0.0039920199451521,560.72211986287,0.0017250670567527,0.015827081529808,-0.00014586645198097,560.7219357618,0.0056080222024914,-0.0020899913045741,0,1.7559068849208e-15,1.4426267264044e-16,0,0,1.4453487793907e-16,1.4447905723531e-16,1.4442296152599e-16,0,1.4415393598643e-16,1.4430991590196e-16,0,1.442126757546e-16,1.4414670906374e-16,2.1873355924578e-16,0,0,2.1912039799944e-16,2.1904161491957e-16,2.1896208318168e-16,0,2.1857798098981e-16,2.1880247742211e-16,0,2.1866099956871e-16,2.1856971972064e-16
0.45,1733331874.889,1733331874.889,1733331874.889,1155554097.1112,1155554097.1112,1155554097.1112,1,1,1,20000437.337092,2.5795215866497e-06,1.3214761186664e-05,2.2262509598324e-06,1.0000151551591,397.07300086767,397.07300086767,396.97490288364,396.97490288364,397.07300086767,397.18324602163,397.18324602163,397.18324602163,397.17982523408,397.17982523408,397.17982523408,396.97490288364,9.2613343227239e-05,1.1374517339386e-168,2.8941325405499e-170,-9.3870487556169e-05,-9.2660265315173e-05,-9.2298764463782e-05,3.1571824166536e-174,-9.2281283538302e-05,-9.1243642975383e-05,1.3181730311571e-166,-9.1232765644419e-05,9.3835106441682e-05,435.79588130435,435.79588130435,435.69778332032,435.69778332032,435.79588130435,435.90612645831,435.90612645831,435.90612645831,435.90270567076,435.90270567076,435.90270567076,435.69778332032,2.5159926702954e-06,0.0050523175630326,0.0030642386881716,0.004489903783932,629.36426852072,0.00055859231328303,-0.0029742284187893,-0.00023916181745826,629.36497171442,-0.0015602685738019,0.00088622494630784,0,1.7992350577725e-14,1.4293674600845e-15,0,0,1.4289659620542e-15,1.429138809418e-15,1.4290739916208e-15,0,1.4296585886777e-15,1.4293887950136e-15,0,1.4295317792787e-15,1.4296395432513e-15,2.2401644069121e-15,0,0,2.239983441706e-15,2.2401491017123e-15,2.2399779037665e-15,0,2.2404205466609e-15,2.2402634972345e-15,0,2.240324229668e-15,2.2403853510916e-15
0.5,1732882414.0551,1732882414.0551,1732882414.0551,1155104636.2773,1155104636.2773,1155104636.2773,1,1,1,20135057.008866,2.9196889089266e-06,1.4683760184712e-05,2.527215163303e-06,1.0002581819855,397.02140204929,397.02140204929,396.92291596164,396.92291596164,397.02140204929,397.13177685269,397.13177685269,397.13177685269,397.1288352689,397.1288352689,397.1288352689,396.92291596164,0.0014930331648367,3.4800230274499e-121,9.8960697151898e-124,-0.0015096524301614,-0.0014937890612594,-0.0014796798706174,2.01136895024e-127,-0.0014816125045967,-0.0014684729742059,3.5276933099752e-119,-0.0014684364459804,0.0015081155251394,435.85242147634,435.85242147634,435.75393538869,435.75393538869,435.85242147634,435.96279627974,435.96279627974,435.96279627974,435.95985469595,435.95985469595,435.95985469595,435.75393538869,0.00077542926454192,0.0056340675915817,0.0034241799345138,0.0049875398308376,665.64383462682,0.00072016423610114,0.0048312978913611,-0.00026962625143405,665.6430060142,0.0011940556975412,-0.00025307620055533,0,6.826944396178e-14,4.3471709912684e-15,0,0,4.3493092835583e-15,4.3500964062135e-15,4.348261666586e-15,0,4.3473976469925e-15,4.3484935883386e-15,0,4.3471253675898e-15,4.3473697251015e-15,8.3879925807187e-15,0,0,8.3908356174694e-15,8.3921144370098e-15,8.3893485253995e-15,0,8.3885692600667e-15,8.3899621057554e-15,0,8.3880878818496e-15,8.3884945769802e-15
0.55,1725654900.8844,1725654900.8844,1725654900.8844,1147877123.1066,1147877123.1066,1147877123.1066,1,1,1,22295949.824016,3.3020393551351e-06,1.6153113417088e-05,2.8684206551995e-06,1.0006987903883,396.18954652293,396.18954652293,396.08627082714,396.08627082714,396.18954652293,396.30460246935,396.30460246935,396.30460246935,396.30767033929,396.30767033929,396.30767033929,396.08627082714,0.0027085283366459,1.0001988195607e-111,3.6935462843056e-114,-0.0027361202482483,-0.0027103233701179,-0.0026772646724524,6.4612347027694e-118,-0.0026830831013883,-0.0026613377767991,1.268410336201e-109,-0.0026616022886527,0.0027321233178664,436.71844799141,436.71844799141,436.61517229561,436.61517229561,436.71844799141,436.83350393782,436.83350393782,436.83350393782,436.83657180777,436.83657180777,436.83657180777,436.61517229561,0.012453897026189,0.0062334632343371,0.0037998323283967,0.0054849282134168,673.77142526338,3.5116633625462e-05,0.009283295226819,0.00036092495696355,673.76910664033,0.005172599578222,8.9555261196739e-05,0,1.3247864368962e-13,5.5338240642674e-15,0,0,5.5377355930609e-15,5.5389762562638e-15,5.5364697068884e-15,0,5.5330883967323e-15,5.535503749179e-15,0,5.532647557009e-15,5.5333220101892e-15,1.6214001624192e-14,0,0,1.6222376398012e-14,1.6225409780281e-14,1.6219099072549e-14,0,1.6213537912535e-14,1.6218346582412e-14,0,1.6212433092802e-14,1.6213793608767e-14
0.6,1712639071.5316,1712639071.5316,1712639071.5316,1134861293.7538,1134861293.7538,1134861293.7538,1,1,1,26405429.681752,3.6936880870667e-06,1.7622600413024e-05,3.2175373914132e-06,1.0011788335695,394.68598464989,394.68598464989,394.57526701892,394.57526701892,394.68598464989,394.81170197307,394.81170197307,394.81170197307,394.82436032994,394.82436032994,394.82436032994,394.57526701892,0.0029503741239631,1.1636244849525e-108,6.5074039323033e-111,-0.0029818500670784,-0.0029540276258823,-0.0029151459984783,1.5352743976759e-114,-0.0029209413118518,-0.0028954634355099,1.8856212727357e-106,-0.002895307750944,0.002976687898901,438.1979823092,438.1979823092,438.08726467823,438.08726467823,438.1979823092,438.32369963238,438.32369963238,438.32369963238,438.33635798925,438.33635798925,438.33635798925,438.08726467823,0.02278569981039,0.0068369244170938,0.0041787269755074,0.0059820691120717,676.27491731278,0.00015429316780672,0.0077261173585212,-0.00028765149956915,676.27132466153,0.0049718526532828,-0.0010122800654484,0,2.0166179011576e-13,5.9579507289565e-15,0,0,5.9613855196403e-15,5.9644531029939e-15,5.9594351211274e-15,0,5.9600346970568e-15,5.9602922980222e-15,0,5.9586334590778e-15,5.9588792800049e-15,2.4639816349033e-14,0,0,2.4653048650422e-14,2.4660420250673e-14,2.464701304493e-14,0,2.4642299813327e-14,2.4647472785982e-14,0,2.463921334384e-14,2.4640921503094e-14
0.65,1698628449.7835,1698628449.7835,1698628449.7835,1120850672.0058,1120850672.0058,1120850672.0058,1,1,1,31129718.386078,4.0857893596842e-06,1.9092089462418e-05,3.567153768138e-06,1.0016601410819,393.06044105262,393.06044105262,392.94163911509,392.94163911509,393.06044105262,393.19849731647,393.19849731647,393.19849731647,393.22228244196,393.22228244196,393.22228244196,392.94163911509,0.0029589333138168,4.6358619398045e-107,6.3427197286233e-109,-0.0029924633910929,-0.0029643326181368,-0.002921041126317,-3.7044487665619e-112,-0.0029269132103879,-0.0028952956784958,9.6496787095921e-105,-0.0028952356355036,0.0029862882391135,439.7395308416,439.7395308416,439.62072890408,439.62072890408,439.7395308416,439.87758710546,439.87758710546,439.87758710546,439.90137223094,439.90137223094,439.90137223094,439.62072890408,0.024745061802945,0.00744092913016,0.0045580921535546,0.0064789627183171,678.59567396587,0.00016875949858129,0.0077420593339655,-0.00030797872000971,678.59152997057,0.0049167594216789,-0.00099365716509715,0,2.7592800439523e-13,6.3782831796966e-15,0,0,6.3811673034598e-15,6.3858832142424e-15,6.3790275054202e-15,0,6.3827736765162e-15,6.3816263629197e-15,0,6.3801877527597e-15,6.3808990497533e-15,3.3660070926416e-14,0,0,3.3677381994747e-14,3.3691422899985e-14,3.3668320257846e-14,0,3.3668904912214e-14,3.3672455338421e-14,0,3.3662161394279e-14,3.3664875479389e-14
0.7,1684765134.4968,1684765134.4968,1684765134.4968,1106987356.7191,1106987356.7191,1106987356.7191,1,1,1,36103014.56918,4.4782761035581e-06,2.0561612819556e-05,3.917207763815e-06,1.0021411073631,391.44415965523,391.44415965523,391.31713772265,391.31713772265,391.44415965523,391.59571747148,391.59571747148,391.59571747148,391.63262532259,391.63262532259,391.63262532259,391.31713772265,0.0029579768281478,6.6691986309482e-106,4.1566412569336e-107,-0.0029935807136932,-0.0029652683762747,-0.0029173947967548,-4.398179993947e-110,-0.002923311288872,-0.0028844103415993,1.844084874363e-103,-0.0028844102700219,0.0029863630658429,441.21947130238,441.21947130238,441.0924493698,441.0924493698,441.21947130238,441.37102911863,441.37102911863,441.37102911863,441.40793696974,441.40793696974,441.40793696974,441.0924493698,0.024724668725225,0.0080452038391813,0.0049378873028995,0.0069756092113226,680.9627127984,0.00015853643766502,0.0077452819289978,-0.0003226997456094,680.95806325472,0.0048408463370021,-0.0009836584462377,0,3.5580215143949e-13,6.8358722549862e-15,0,0,6.8377626718499e-15,6.8444070248387e-15,6.8355356463374e-15,0,6.8432735701449e-15,6.8402412335644e-15,0,6.839322294262e-15,6.8404643582235e-15,4.3327454180068e-14,0,0,4.3347438701565e-14,4.3370876140914e-14,4.3335227474981e-14,0,4.3346755206142e-14,4.3346017260832e-14,0,4.3334423740265e-14,4.3338752947718e-14
0.75,1671094545.2994,1671094545.2994,1671094545.2994,1093316767.5216,1093316767.5216,1093316767.5216,1,1,1,41289013.738303,4.8714532612482e-06,2.2031195595004e-05,4.2680757740031e-06,1.0026225914342,389.84244250069,389.84244250069,389.70708495912,389.70708495912,389.84244250069,390.00869074261,390.00869074261,390.00869074261,390.06106159036,390.06106159036,390.06106159036,389.70708495912,0.0029627107928286,6.8436327458384e-105,2.9657620728251e-105,-0.0030003338053067,-0.0029720736778959,-0.0029191841711974,-2.156558986144e-108,-0.0029251708356138,-0.0028777048563433,2.5563361597866e-102,-0.0028777247444888,0.0029920566454725,442.63266775885,442.63266775885,442.49731021728,442.49731021728,442.63266775885,442.79891600077,442.79891600077,442.79891600077,442.85128684852,442.85128684852,442.85128684852,442.49731021728,0.024711057199228,0.0086497425431519,0.005318246305398,0.0074720087542214,683.25376622069,0.00014499312788444,0.0077685908800152,-0.00033782312543429,683.24860891946,0.0047828661405682,-0.00097851255249885,0,4.4151478617607e-13,7.3085467906274e-15,0,0,7.3089451271898e-15,7.3178922090727e-15,7.3067422569866e-15,0,7.31946322603e-15,7.3139857300878e-15,0,7.3139116851661e-15,7.315446920841e-15,5.3663300172611e-14,0,0,5.3683848027078e-14,5.3719938550969e-14,5.3668521471576e-14,0,5.3698039369685e-14,5.3689555075325e-14,0,5.3677856839426e-14,5.3684357197992e-14
0.8,1657590610.5591,1657590610.5591,1657590610.5591,1079812832.7813,1079812832.7813,1079812832.7813,1,1,1,46675868.622309,5.2654568345107e-06,2.3500858313052e-05,4.6199991649433e-06,1.0031047879889,388.25224514054,388.25224514054,388.1084926489,388.1084926489,388.25224514054,388.43447379834,388.43447379834,388.43447379834,388.50503098398,388.50503098398,388.50503098398,388.1084926489,0.002969131662435,6.2304952590047e-104,2.2042619130169e-103,-0.0030086096355049,-0.0029807735754617,-0.0029223811611412,-7.6020665903163e-107,-0.0029284702085474,-0.0028710329319497,3.2007083476556e-101,-0.0028710443780868,0.0029992884121707,443.98170320867,443.98170320867,443.83795071703,443.83795071703,443.98170320867,444.16393186648,444.16393186648,444.16393186648,444.23448905211,444.23448905211,444.23448905211,443.83795071703,0.024802722993997,0.0092545089088416,0.0056992534447631,0.0079681614943332,685.44121564969,0.00012224639029939,0.0078066820681154,-0.00035091142959731,685.43551588373,0.0047310201695609,-0.00097922784920544,0,5.3320689420534e-13,7.7890323729707e-15,0,0,7.7873565830037e-15,7.7990855930721e-15,7.7853215862342e-15,0,7.8041887672526e-15,7.7956219397516e-15,0,7.7967343643131e-15,7.7986448177335e-15,6.467865539223e-14,0,0,6.4696833321797e-14,6.47495111708e-14,6.4678628846265e-14,0,6.4734828967653e-14,6.4714229349655e-14,0,6.4704104319658e-14,6.4713306467362e-14
0.85,1644247054.5362,1644247054.5362,1644247054.5362,1066469276.7584,1066469276.7584,1066469276.7584,1,1,1,52244596.332071,5.6603698872538e-06,2.4970618859332e-05,4.9731934876091e-06,1.0035877114207,386.6727828922,386.6727828922,386.52066541312,386.52066541312,386.6727828922,386.87239378818,386.87239378818,386.87239378818,386.96426227033,386.96426227033,386.96426227033,386.52066541312,0.0029762155931569,5.410143117787e-103,1.672817962285e-101,-0.0030173086493482,-0.0029903693171367,-0.0029259156836547,-2.2778331126166e-105,-0.0029321428356157,-0.00286315093807,3.9237251242939e-100,-0.0028631313575897,0.0030069912425229,445.26745405567,445.26745405567,445.1153365766,445.1153365766,445.26745405567,445.46706495165,445.46706495165,445.46706495165,445.5589334338,445.5589334338,445.5589334338,445.1153365766,0.02493252572091,0.0098594713361486,0.0060809832129148,0.0084640675607024,687.5231036244,9.1552229555068e-05,0.0078342078171949,-0.00035576368107631,687.5168070463,0.0046760256876495,-0.00099070684803036,0,6.3098966160983e-13,8.2745371210915e-15,0,0,8.2700964598638e-15,8.2851974017904e-15,8.2684171174997e-15,0,8.2947998403416e-15,8.282381108262e-15,0,8.2850700092588e-15,8.2873406413946e-15,7.6380618011237e-14,0,0,7.639251589747e-14,7.646654970335e-14,7.637193647319e-14,0,7.6465447399034e-14,7.6427285041702e-14,0,7.6420962691963e-14,7.6433375998428e-14
0.9,1631062954.04,1631062954.04,1631062954.04,1053285176.2622,1053285176.2622,1053285176.2622,1,1,1,57975545.578809,6.0562678547208e-06,2.6440493544343e-05,5.3278735188736e-06,1.0040713618992,385.1038651055,385.1038651055,384.9435227935,384.9435227935,385.1038651055,385.32238995948,385.32238995948,385.32238995948,385.43913588217,385.43913588217,385.43913588217,384.9435227935,0.0029839808425549,4.6175917922084e-102,1.2925384768937e-99,-0.0030263938233749,-0.0030008418554321,-0.0029297073393928,-6.2413077484926e-104,-0.0029361684647189,-0.0028537853652694,4.8580631434438e-99,-0.0028537157142505,0.0030151610674928,446.49053727841,446.49053727841,446.33019496641,446.33019496641,446.49053727841,446.70906213238,446.70906213238,446.70906213238,446.82580805507,446.82580805507,446.82580805507,446.33019496641,0.025053341208795,0.010464613384506,0.0064635154994001,0.0089597270618379,689.4994898122,4.798391221882e-05,0.0079408247310549,-0.00034632949423217,689.49251968842,0.0047669259382306,-0.0010245630183091,0,7.3494750404659e-13,8.7625563603615e-15,0,0,8.7545755014485e-15,8.7736829854457e-15,8.7535060376801e-15,0,8.7888046711162e-15,8.7716793005084e-15,0,8.7764284028795e-15,8.7789531967933e-15,8.8772744057119e-14,0,0,8.8773355304438e-14,8.887441117333e-14,8.8751263429992e-14,0,8.8894694161975e-14,8.8832312873268e-14,0,8.8832706768511e-14,8.8848690672771e-14
0.95,1618037943.9443,1618037943.9443,1618037943.9443,1040260166.1665,1040260166.1665,1040260166.1665,1,1,1,63872684.681396,6.4531705433789e-06,2.7910495280995e-05,5.684292357876e-06,1.0045557399456,383.5453410877,383.5453410877,383.37702676351,383.37702676351,383.5453410877,383.78445658692,383.78445658692,383.78445658692,383.93014202561,383.93014202561,383.93014202561,383.37702676351,0.0029924846855055,3.8341918603541e-101,1.0314389879903e-97,-0.003035812471406,-0.0030123961759114,-0.0029337915706724,-1.5971205957065e-102,-0.0029404944653495,-0.0028428027131145,6.102680003732e-98,-0.0028427209075952,0.0030238426347574,447.65172935262,447.65172935262,447.48341502843,447.48341502843,447.65172935262,447.89084485185,447.89084485185,447.89084485185,448.03653029054,448.03653029054,448.03653029054,447.48341502843,0.025167385652563,0.011069931776522,0.006846935728285,0.0094551400809049,691.37035885006,2.9721999253215e-05,0.0080042400977071,-0.00038422304845526,691.36268486155,0.0045951434199504,-0.00099841993483672,0,8.4513683957654e-13,9.2502613351738e-15,0,0,9.2377503440662e-15,9.2618692568832e-15,9.2375984530636e-15,0,9.2837670128486e-15,9.2610390155887e-15,0,9.2681424781722e-15,9.2710799036208e-15,1.0185458909282e-13,0,0,1.0183750712683e-13,1.0197267228934e-13,1.0181520044607e-13,0,1.0202392338146e-13,1.0192939985078e-13,0,1.0193983955915e-13,1.0195997761032e-13
1,1605171817.5756,1605171817.5756,1605171817.5756,1027394039.7978,1027394039.7978,1027394039.7978,1,1,1,69895123.157801,6.8511518123754e-06,2.9380641007164e-05,6.0426968066966e-06,1.0050408455004,381.9970401328,381.9970401328,381.82116089876,381.82116089876,381.9970401328,382.2586134986,382.2586134986,382.2586134986,382.43780444201,382.43780444201,382.43780444201,381.82116089876,0.0030018515712763,3.1514870734825e-100,8.3370677170316e-96,-0.0030456707423618,-0.0030250246969111,-0.0029381898919896,-3.9165182550388e-101,-0.0029452495925397,-0.0028299772963235,7.8415077575805e-97,-0.0028298635727026,0.0030331543425226,448.7519414456,448.7519414456,448.57606221156,448.57606221156,448.7519414456,449.0135148114,449.0135148114,449.0135148114,449.19270575482,449.19270575482,449.19270575482,448.57606221156,0.025279128231548,0.01167543471994,0.0072313340382156,0.009950306675599,693.13580491297,2.5016999878103e-05,0.0081202959569764,-0.00042598856408924,693.12732528969,0.0045958883357026,-0.0010123748508743,0,9.6158293395097e-13,9.7350327706933e-15,0,0,9.7168875100993e-15,9.7469344541165e-15,9.7180637981879e-15,0,9.7769597048367e-15,9.7474630522709e-15,0,9.7576100487749e-15,9.760742402115e-15,1.1562200446728e-13,0,0,1.1557926122767e-13,1.1575691918591e-13,1.1555861806948e-13,0,1.1585063239481e-13,1.1571439429803e-13,0,1.1573918402647e-13,1.1576375189422e-13
1.05,1592464566.9235,1592464566.9235,1592464566.9235,1014686789.1457,1014686789.1457,1014686789.1457,1,1,1,76023966.415493,7.2502388381721e-06,3.0850943380227e-05,6.4033380545741e-06,1.0055266779336,380.45880100552,380.45880100552,380.27589363847,380.27589363847,380.45880100552,380.7448803577,380.7448803577,380.7448803577,380.96273258072,380.96273258072,380.96273258072,380.27589363847,0.0030121825509768,2.5653539068819e-99,6.8038910377811e-94,-0.003055898088133,-0.0030389892965699,-0.0029429559661288,-9.2209466424675e-100,-0.0029504065993343,-0.0028151345758898,1.0148076936156e-95,-0.0028150055910361,0.0030430740883009,449.79220410131,449.79220410131,449.60929673426,449.60929673426,449.79220410131,450.07828345349,450.07828345349,450.07828345349,450.29613567651,450.29613567651,450.29613567651,449.60929673426,0.02538643543318,0.01228114056532,0.0076168072964221,0.010445226870081,694.79602951344,-0.00019528003645046,0.0080620926547258,-0.00037155233791003,694.78645589952,0.0044836728904723,-0.00117376432489,0,1.0842801527982e-12,1.0214033207953e-14,0,0,1.0188779015646e-14,1.0225932792626e-14,1.01919064184e-14,0,1.0265912522473e-14,1.0228262412066e-14,0,1.0242088432228e-14,1.0245497075076e-14,1.3006682875649e-13,0,0,1.2998837069562e-13,1.3021857202916e-13,1.2997215035282e-13,0,1.3036882511423e-13,1.3017934172069e-13,0,1.3022368439436e-13,1.3025307281104e-13
1.1,1579916395.2154,1579916395.2154,1579916395.2154,1002138617.4377,1002138617.4377,1002138617.4377,1,1,1,82241259.87913,7.6504686277642e-06,3.2321418867808e-05,6.766498989695e-06,1.006013235034,378.93043337258,378.93043337258,378.74123479079,378.74123479079,378.93043337258,379.24330063022,379.24330063022,379.24330063022,379.50558623853,379.50558623853,379.50558623853,378.74123479079,0.0030235564802697,2.1634282717106e-98,5.5675385640792e-92,-0.0030666200831843,-0.0030542075170184,-0.0029480115410789,-2.1094674546094e-98,-0.0029560049840834,-0.0027980277666389,1.3361478241872e-94,-0.0027979356020014,0.0030539127999532,450.77359829986,450.77359829986,450.58439971806,450.58439971806,450.77359829986,451.0864655575,451.0864655575,451.0864655575,451.34875116581,451.34875116581,451.34875116581,450.58439971806,0.025490468901774,0.012887075439951,0.0080034605161389,0.010939900657247,696.35126897104,-1.5867593314663e-05,0.0082047046021385,-0.00047642967852991,696.34081703348,0.004430092709574,-0.0010469201801805,0,1.2131926488892e-12,1.0684438670548e-14,0,0,1.0650636613993e-14,1.0696339833066e-14,1.065626604197e-14,0,1.0747736853475e-14,1.0700647487095e-14,0,1.0718868956313e-14,1.0722228284772e-14,1.4517690683073e-13,0,0,1.4505064544303e-13,1.4534548088883e-13,1.4504238631363e-13,0,1.4556842033723e-13,1.4531234252311e-13,0,1.4538245424567e-13,1.4541659347023e-13
1.15,1567527754.6403,1567527754.6403,1567527754.6403,989749976.86254,989749976.86254,989749976.86254,1,1,1,88575849.677101,8.0518050491918e-06,3.3792074493251e-05,7.1324202944786e-06,1.0065005163845,377.41178410642,377.41178410642,377.21714970857,377.21714970857,377.41178410642,377.75395592573,377.75395592573,377.75395592573,378.06710003539,378.06710003539,378.06710003539,377.21714970857,0.0030362173568948,2.1556573010481e-97,4.5102978884466e-90,-0.0030777530837396,-0.0030710711069905,-0.0029533803695775,-4.6840060542649e-97,-0.0029620555302687,-0.0027784441681099,1.7233654206572e-93,-0.0027784802841441,0.0030655708337032,451.6972948231,451.6972948231,451.50266042526,451.50266042526,451.6972948231,452.03946664241,452.03946664241,452.03946664241,452.35261075208,452.35261075208,452.35261075208,451.50266042526,0.025593178051759,0.013493276711598,0.0083914039659445,0.011434327982127,697.80180011077,-0.00015320955294779,0.0083767600176851,-0.00041583917394738,697.79008571154,0.0043306564824474,-0.0010620158456942,0,1.3482510446389e-12,1.1143572953511e-14,0,0,1.109929206938e-14,1.1155064589706e-14,1.1108433788447e-14,0,1.1219900033031e-14,1.1161863745076e-14,0,1.1185129365795e-14,1.118854653683e-14,1.6093629883488e-13,0,0,1.6074741482029e-13,1.6112112452074e-13,1.6075208403397e-13,0,1.6143575513241e-13,1.6109760161276e-13,0,1.6120061589168e-13,1.6123958772586e-13
1.2,1555299274.3074,1555299274.3074,1555299274.3074,977521496.52959,977521496.52959,977521496.52959,1,1,1,94977080.153087,8.4542803698821e-06,3.5262927949271e-05,7.5013967281293e-06,1.0069885204433,375.90263142694,375.90263142694,375.70366233316,375.70366233316,375.90263142694,376.27695126473,376.27695126473,376.27695126473,376.6480666503,376.6480666503,376.6480666503,375.70366233316,0.0030501338384082,3.3315316422324e-96,3.5568673992242e-88,-0.0030894145077024,-0.0030894817550141,-0.0029591274678936,-9.9950487908036e-96,-0.0029685512138167,-0.0027562551809974,2.0453104359377e-92,-0.0027564026944309,0.0030783277929914,452.56444566712,452.56444566712,452.36547657334,452.36547657334,452.56444566712,452.93876550491,452.93876550491,452.93876550491,453.30988089048,453.30988089048,453.30988089048,452.36547657334,0.025694459335529,0.014099788799377,0.008780751781062,0.011928508753398,699.14790217398,-0.00038209232617649,0.0083436568412553,-0.00049960137145989,699.13452466963,0.0042694483839365,-0.0014107872828642,0,1.4893575320789e-12,1.1588774896707e-14,0,0,1.1531764806986e-14,1.1599490153631e-14,1.154527758266e-14,0,1.1680123478889e-14,1.1608968056135e-14,0,1.1638791159612e-14,1.1641510339784e-14,1.7732530146509e-13,0,0,1.7705579300843e-13,1.7752528081262e-13,1.7707957217273e-13,0,1.7795394416645e-13,1.775151616829e-13,0,1.7766035219923e-13,1.7770316953489e-13
1.25,1543231838.9618,1543231838.9618,1543231838.9618,965454061.18406,965454061.18406,965454061.18406,1,1,1,101420545.67639,8.8577508015043e-06,3.6733978972295e-05,7.8736346508737e-06,1.0074772463501,374.40281875327,374.40281875327,374.20076383332,374.20076383332,374.40281875327,374.81241638976,374.81241638976,374.81241638976,375.24933369715,375.24933369715,375.24933369715,374.20076383332,0.0030656897279264,8.5221776507579e-95,2.7160655159898e-86,-0.0031015021654714,-0.0031098862539212,-0.0029650634197155,-2.068170646818e-94,-0.0029754356772526,-0.0027311326568423,1.4344448235222e-91,-0.0027315978125468,0.0030921824027382,453.37629079484,453.37629079484,453.17423587489,453.17423587489,453.37629079484,453.78588843133,453.78588843133,453.78588843133,454.22280573872,454.22280573872,454.22280573872,453.17423587489,0.025791500696396,0.014706664487239,0.0091716245911484,0.012422442815202,700.38967385744,-0.00060267953099875,0.0085301172743593,-0.00041741746830632,700.37452236743,0.0040706951353962,-0.0015408611124359,0,1.6369884761786e-12,1.2017388775221e-14,0,0,1.1945153085902e-14,1.2026902935153e-14,1.1964420071562e-14,0,1.212550072461e-14,1.203958013121e-14,0,1.2076676476969e-14,1.2078724296203e-14,1.9432045565532e-13,0,0,1.9394879050713e-13,1.9453389005686e-13,1.9399981730386e-13,0,1.9510199174176e-13,1.9454169918974e-13,0,1.9473935186135e-13,1.9478506525074e-13
1.3,1531326564.9592,1531326564.9592,1531326564.9592,953548787.18145,953548787.18145,953548787.18145,1,1,1,107892369.43994,9.2624030417698e-06,3.8205260817263e-05,8.2494349857869e-06,1.0079666931186,372.91210092739,372.91210092739,372.70849588803,372.70849588803,372.91210092739,373.36055461841,373.36055461841,373.36055461841,373.87181333452,373.87181333452,373.87181333452,372.70849588803,0.0030825157972188,2.7211413495911e-93,1.9699989459458e-84,-0.0031137314513781,-0.0031327612086469,-0.002971937800356,-4.0326134822173e-93,-0.0029826848074528,-0.0027030680474808,-5.2317403797947e-90,-0.0027038773430291,0.0031067935990868,454.13399950881,454.13399950881,453.93039446946,453.93039446946,454.13399950881,454.58245319983,454.58245319983,454.58245319983,455.09371191594,455.09371191594,455.09371191594,453.93039446946,0.025895651987592,0.015313965094281,0.0095641504499231,0.012916129970897,701.52732924837,-0.00080769185668182,0.0063871985236997,0.00023137245855664,701.51022933014,0.0026059133961207,-0.0014932334793301,0,1.7903814025685e-12,1.2426972288467e-14,0,0,1.2334774997284e-14,1.243336372757e-14,1.2361800274199e-14,0,1.2555963637035e-14,1.2450879771979e-14,0,1.249763500353e-14,1.2499427603631e-14,2.118948484049e-13,0,0,2.1139279659711e-13,2.1211732166631e-13,2.1148204290698e-13,0,2.1285880580592e-13,2.1214990222675e-13,0,2.1241367678093e-13,2.124619252897e-13
1.35,1519584817.6537,1519584817.6537,1519584817.6537,941807039.87596,941807039.87596,941807039.87596,1,1,1,114376841.80325,9.6677179709285e-06,3.9676742908935e-05,8.6288073300191e-06,1.0084568629965,371.43026847271,371.43026847271,371.22703705729,371.22703705729,371.43026847271,371.92148731323,371.92148731323,371.92148731323,372.51643933327,372.51643933327,372.51643933327,371.22703705729,0.0031019070220976,9.632672648664e-92,1.3451335047402e-82,-0.0031274865996825,-0.0031565541618297,-0.0029775394353653,-7.8113526106462e-92,-0.0029904405020205,-0.0026714757219197,-5.6561058111464e-88,-0.0026729566293066,0.0031241466730142,454.83878370389,454.83878370389,454.63555228847,454.63555228847,454.83878370389,455.33000254441,455.33000254441,455.33000254441,455.92495456445,455.92495456445,455.92495456445,454.63555228847,0.026149916143279,0.015921763583048,0.0099584714370768,0.013409569935497,702.56075078838,-0.0010686167695997,0.0086933271406164,-0.0004358810688088,702.54105745019,0.0041217529112157,-0.0020287433895519,0,1.9493314683059e-12,1.281595724063e-14,0,0,1.2703554919855e-14,1.2820515623875e-14,1.2738935518827e-14,0,1.2962788782468e-14,1.2840249339481e-14,0,1.2897514736129e-14,1.2894895075921e-14,2.3001934894939e-13,0,0,2.2935833625512e-13,2.3024826873821e-13,2.294976182879e-13,0,2.3119095750826e-13,2.3030875698689e-13,0,2.3065351704167e-13,2.3069806079144e-13
1.4,1508008143.8618,1508008143.8618,1508008143.8618,930230366.08401,930230366.08401,930230366.08401,1,1,1,120864910.91309,1.0073142434072e-05,4.114839550584e-05,9.0118396069999e-06,1.0089477558239,369.95720569009,369.95720569009,369.75605823204,369.75605823204,369.95720569009,370.49569998,370.49569998,370.49569998,371.18427669253,371.18427669253,371.18427669253,369.75605823204,0.0031242632559931,3.2002488960664e-90,8.5566377870991e-81,-0.0031405459959994,-0.0031846523020446,-0.002983194322178,-1.4114450942669e-90,-0.0029978565074648,-0.0026363101701139,-4.8174414006962e-86,-0.0026391891194161,0.0031417870868222,455.49196424401,455.49196424401,455.29081678596,455.29081678596,455.49196424401,456.03045853392,456.03045853392,456.03045853392,456.71903524646,456.71903524646,456.71903524646,455.29081678596,0.026371684332431,0.016530135889018,0.010354719236573,0.013902762308821,703.48949451312,-0.00012830330264742,0.010421287377998,0.00079745661025145,703.46856619675,0.003148639672335,-0.00027939689772416,0,2.1136240970462e-12,1.3180267041917e-14,0,0,1.3043736010334e-14,1.3182361335797e-14,1.3090096692665e-14,0,1.3349218211259e-14,1.3206614923562e-14,0,1.3273521168534e-14,1.3270183746213e-14,2.4865906135577e-13,0,0,2.4780496462495e-13,2.488909429234e-13,2.4800981056344e-13,0,2.500696029497e-13,2.4898573092483e-13,0,2.4942511069866e-13,2.4946493462052e-13
1.45,1496598448.3787,1496598448.3787,1496598448.3787,918820670.6009,918820670.6009,918820670.6009,1,1,1,127348973.84597,1.0480073319667e-05,4.2620341575073e-05,9.3988782343685e-06,1.0094393718915,368.49227441622,368.49227441622,368.29602137168,368.29602137168,368.49227441622,369.08362850697,369.08362850697,369.08362850697,369.87633476142,369.87633476142,369.87633476142,368.29602137168,0.0031464836416705,1.0406657943467e-88,4.8958468223957e-79,-0.0031554262336846,-0.0032130002128406,-0.0029901171228917,-2.419833192186e-89,-0.0030063542509489,-0.0025980041983922,-4.4745338511839e-84,-0.0026016753385462,0.0031622295391363,456.09431185591,456.09431185591,455.89805881137,455.89805881137,456.09431185591,456.68566594666,456.68566594666,456.68566594666,457.47837220111,457.47837220111,457.47837220111,455.89805881137,0.026613768558601,0.01713917542091,0.010753026533404,0.014395706790246,704.3149138271,-0.0014886468431575,0.0086557672123127,-0.00026531768924473,704.28927310033,0.0037402103517656,-0.0022423237244606,0,2.2828850781937e-12,1.352196459615e-14,0,0,1.3352769584923e-14,1.3517035168648e-14,1.341217256938e-14,0,1.3714876125301e-14,1.3545474025002e-14,0,1.3631317835706e-14,1.3619194724856e-14,2.6778200707758e-13,0,0,2.6668863246719e-13,2.6800691738197e-13,2.6697748691195e-13,0,2.6946536677237e-13,2.6814192399976e-13,0,2.6870270525494e-13,2.6872538450901e-13
1.5,1485357762.0763,1485357762.0763,1485357762.0763,907579984.29853,907579984.29853,907579984.29853,1,1,1,133807535.63028,1.0887284721358e-05,4.4092503543924e-05,9.7897402701982e-06,1.0099317161016,367.0360038251,367.0360038251,366.84663379151,366.84663379151,367.0360038251,367.68533447367,367.68533447367,367.68533447367,368.59366271596,368.59366271596,368.59366271596,366.84663379151,0.003172689253767,3.0645253318625e-87,2.5264488059752e-77,-0.003170207906159,-0.003245361157793,-0.0029958769992542,-3.8672619493159e-88,-0.0030142850358577,-0.002555667930942,-6.1028593758211e-82,-0.0025610652649442,0.0031840641168798,456.64777824038,456.64777824038,456.45840820678,456.45840820678,456.64777824038,457.29710888895,457.29710888895,457.29710888895,458.20543713123,458.20543713123,458.20543713123,456.45840820678,0.026916437195336,0.017748972566185,0.011153528108713,0.014888402785158,705.03534616827,-0.0020752844304261,0.0087269131442008,-0.00029709554285667,705.00550723408,0.0038470591360769,-0.0028431760591172,0,2.4568708114037e-12,1.3836272322059e-14,0,0,1.3631302533831e-14,1.3824247641587e-14,1.3705967314249e-14,0,1.4053924471166e-14,1.385711772308e-14,0,1.3961842929895e-14,1.3941111333552e-14,2.8734945104812e-13,0,0,2.8596620538335e-13,2.8755735588631e-13,2.863606517732e-13,0,2.8934061736406e-13,2.8773884781914e-13,0,2.8844773288212e-13,2.8844109323148e-13
1.55,1474288373.3454,1474288373.3454,1474288373.3454,896510595.56765,896510595.56765,896510595.56765,1,1,1,140237011.97826,1.129478044689e-05,4.5564895292366e-05,1.0184452726212e-05,1.0104247869541,365.58777718961,365.58777718961,365.40816352215,365.40816352215,365.58777718961,366.30153843275,366.30153843275,366.30153843275,367.33734726544,367.33734726544,367.33734726544,365.40816352215,0.0032015354681905,5.3361539024998e-86,1.0678184105101e-75,-0.0031848614931189,-0.0032815419171532,-0.0030017495880136,-5.6810638767917e-87,-0.003021916016487,-0.0025094181707655,-1.8033527416655e-79,-0.0025171594266487,0.0032071068717717,457.15315174975,457.15315174975,456.9735380823,456.9735380823,457.15315174975,457.86691299289,457.86691299289,457.86691299289,458.90272182559,458.90272182559,458.90272182559,456.9735380823,0.027211243874353,0.018359628516935,0.011556351706877,0.015380849681022,705.65102222307,-0.0012765001653894,0.0068683582949982,0.00072348481970759,705.61789465065,0.0023182826477346,-0.0017019258347026,0,2.6352437957559e-12,1.4122436573656e-14,0,0,1.3874588074945e-14,1.4100510722361e-14,1.3967579796866e-14,0,1.4368577843194e-14,1.4139637894557e-14,0,1.4266641443261e-14,1.4236673413239e-14,3.0732159238434e-13,0,0,3.0558783601128e-13,3.0749848938626e-13,3.0611379255546e-13,0,3.0966085502192e-13,3.0773531549667e-13,0,3.0862381070069e-13,3.0857478985555e-13
1.6,1463392928.5274,1463392928.5274,1463392928.5274,885615150.74958,885615150.74958,885615150.74958,1,1,1,146628344.01858,1.170187670541e-05,4.7037479023404e-05,1.0582829536005e-05,1.0109185943817,364.14730742314,364.14730742314,363.98095387964,363.98095387964,364.14730742314,364.93275057222,364.93275057222,364.93275057222,366.10846811079,366.10846811079,366.10846811079,363.98095387964,0.0032343731239976,-1.5118521098222e-82,-3.1362966801997e-74,-0.0031997734383327,-0.0033212597403943,-0.0030059831355377,-7.7852076912251e-86,-0.003028818784627,-0.0024591854787028,-7.3423084559383e-77,-0.0024702865765903,0.0032323956598457,457.61151014898,457.61151014898,457.44515660547,457.44515660547,457.61151014898,458.39695329806,458.39695329806,458.39695329806,459.57267083663,459.57267083663,459.57267083663,457.44515660547,0.027539976815627,0.018971262555999,0.011961652708721,0.01587304671947,706.16132416307,-0.001222778665994,0.0070697259823151,0.0015200566218317,706.12348050871,0.00074521508877924,-0.0011394419551468,0,2.8177113858794e-12,1.4379641800762e-14,0,0,1.4084309850272e-14,1.4347419026416e-14,1.4197701726565e-14,0,1.4653327609716e-14,1.4392343345562e-14,0,1.4543159267592e-14,1.4501016295768e-14,3.2765747684104e-13,0,0,3.255060580182e-13,3.2778880395846e-13,3.261923748917e-13,0,3.3038378966147e-13,3.2808916265029e-13,0,3.2919094377667e-13,3.2908232376922e-13
1.65,1452674084.7927,1452674084.7927,1452674084.7927,874896307.01489,874896307.01489,874896307.01489,1,1,1,152979361.95343,1.210889221966e-05,4.851029623135e-05,1.0984812113528e-05,1.011413129409,362.71423115408,362.71423115408,362.56515602121,362.56515602121,362.71423115408,363.57982178114,363.57982178114,363.57982178114,364.90804337497,364.90804337497,364.90804337497,362.56515602121,0.0032691472028707,-6.0289152676657e-79,-3.7207229891643e-71,-0.0032161833385825,-0.003362745188083,-0.0030098344007073,-1.0138860512068e-84,-0.0030355535444011,-0.0024056059965026,-2.4031572083502e-74,-0.0024198677149683,0.0032597411293616,458.02387724042,458.02387724042,457.87480210755,457.87480210755,458.02387724042,458.88946786749,458.88946786749,458.88946786749,460.21768946131,460.21768946131,460.21768946131,457.87480210755,0.027902264909072,0.019583982466591,0.012369526482743,0.016364993105719,706.56793576649,-0.0020463298120575,0.0039006638917016,0.00021439448890861,706.52315088796,0.001866516578031,-0.0023052657288662,0,3.0038390228347e-12,1.4612377637986e-14,0,0,1.4257305194222e-14,1.4561377721141e-14,1.4394420034433e-14,0,1.4911201172272e-14,1.4611827050692e-14,0,1.4799346893935e-14,1.4732228283218e-14,3.483224994752e-13,0,0,3.4566893238676e-13,3.4838170181854e-13,3.4654915892689e-13,0,3.5147141259057e-13,3.4875340663643e-13,0,3.5012038086834e-13,3.4991684081133e-13
1.7,1442134915.5733,1442134915.5733,1442134915.5733,864357137.79556,864357137.79556,864357137.79556,1,1,1,159393973.87543,1.2516852716405e-05,4.9983265373426e-05,1.1390070636326e-05,1.0119084077191,361.28884148579,361.28884148579,361.16081356343,361.16081356343,361.28884148579,362.24334215319,362.24334215319,362.24334215319,363.73705112685,363.73705112685,363.73705112685,361.16081356343,0.0033096086420552,-1.4986076462315e-75,-1.284216020004e-68,-0.0032317358857117,-0.0034096258015263,-0.0030112960463115,-1.1877475541921e-83,-0.0030407048190538,-0.0023477096531328,-5.5940731301686e-72,-0.0023668594074472,0.0032887672500785,458.39184975124,458.39184975124,458.26382182887,458.26382182887,458.39184975124,459.34635041864,459.34635041864,459.34635041864,460.84005939229,460.84005939229,460.84005939229,458.26382182887,0.028273976887474,0.020197914664652,0.012780109345479,0.016856687786047,706.86837301348,-0.0024481033876473,0.0039288827751098,0.00035551514419275,706.81618902979,0.0016152987926246,-0.0027074794429777,0,3.1933504264092e-12,1.481373287914e-14,0,0,1.4395991999865e-14,1.4745496780616e-14,1.4558366947901e-14,0,1.513742520378e-14,1.4801098882456e-14,0,1.5024696439351e-14,1.4931510497354e-14,3.6927228142225e-13,0,0,3.6602793951678e-13,3.6923498334962e-13,3.6713779891061e-13,0,3.7287896461317e-13,3.6968532141403e-13,0,3.7136851034341e-13,3.710331854634e-13
1.75,1431778350.413,1431778350.413,1431778350.413,854000572.63517,854000572.63517,854000572.63517,1,1,1,166044282.75691,1.2981371075077e-05,5.1456397207568e-05,1.1798598902517e-05,1.012404420658,359.87043636949,359.87043636949,359.76839703434,359.76839703434,359.87043636949,360.92440153529,360.92440153529,360.92440153529,362.59645809777,362.59645809777,362.59645809777,359.76839703434,0.0033534086825661,-2.2469623583458e-72,-3.2011988957556e-66,-0.0032472295965403,-0.0034603604062253,-0.0030115390442144,-1.253962785487e-82,-0.0030445105287941,-0.0022864855408053,-8.9130173484497e-70,-0.0023111905253952,0.0033190766085692,458.71607987224,458.71607987224,458.6140405371,458.6140405371,458.71607987224,459.77004503805,459.77004503805,459.77004503805,461.44210160052,461.44210160052,461.44210160052,458.6140405371,0.028726861207448,0.020813176892231,0.013193497419385,0.017348129659415,707.06413280969,-0.0021320154911152,0.0013981754448246,-0.00044883353222095,707.0040272288,0.0011605494595979,-0.002414185800611,0,3.3868467391093e-12,1.4988728794941e-14,0,0,1.4496412003059e-14,1.4896968404419e-14,1.4687033659987e-14,0,1.5335949152187e-14,1.4958783471265e-14,0,1.5227211183217e-14,1.5099259492734e-14,3.9046954496679e-13,0,0,3.8652896197725e-13,3.9030247810539e-13,3.879084011036e-13,0,3.9456727189606e-13,3.9084023587569e-13,0,3.9290303891583e-13,3.9238676301982e-13
1.8,1421607817.6528,1421607817.6528,1421607817.6528,843830039.87501,843830039.87501,843830039.87501,1,1,1,172679339.39274,1.3451106321632e-05,5.2929620728751e-05,1.2209744566961e-05,1.0129011806569,358.45900261809,358.45900261809,358.38835548742,358.38835548742,358.45900261809,359.62388332,359.62388332,359.62388332,361.48706899962,361.48706899962,361.48706899962,358.38835548742,0.003403776682076,-1.9948773420701e-69,-6.2510827675782e-64,-0.0032615918649554,-0.0035164822915493,-0.0030084577834305,-3.6508584970563e-81,-0.0030464486953753,-0.0022210774315821,-9.833164896329e-68,-0.002253331109625,0.0033510267570194,458.99780174004,458.99780174004,458.92715460937,458.92715460937,458.99780174004,460.16268244195,460.16268244195,460.16268244195,462.02586812158,462.02586812158,462.02586812158,458.92715460937,0.029370987500426,0.021429904084335,0.013609815819891,0.017839317420958,707.1536040154,-0.00044370537314841,0.0038702662195906,0.0013226679779655,707.08568675868,0.0007657421579115,-0.00046304488674717,0,3.6072025993706e-12,1.513333882953e-14,0,0,1.4565272487126e-14,1.5019945328512e-14,1.478539496119e-14,0,1.5501122664568e-14,1.5086440571938e-14,0,1.5399166803987e-14,1.5233413868137e-14,4.118713179835e-13,0,0,4.0712736786821e-13,4.1154388849507e-13,4.0881810718275e-13,0,4.164891698003e-13,4.1217568474046e-13,0,4.1468074945927e-13,4.1393006351338e-13
1.85,1411618169.1601,1411618169.1601,1411618169.1601,833840391.3823,833840391.3823,833840391.3823,1,1,1,179275772.27492,1.3929752268615e-05,5.4402926123206e-05,1.2623562055111e-05,1.0133986901065,357.05327938634,357.05327938634,357.02041812726,357.02041812726,357.05327938634,358.34058888589,358.34058888589,358.34058888589,360.40921786526,360.40921786526,360.40921786526,357.02041812726,0.0034584286759772,-1.1027149366295e-66,-9.3662795929256e-62,-0.0032757490736504,-0.00357673689484,-0.0030036794986192,-2.1989177163321e-78,-0.0030466052508711,-0.0021534332863434,-7.5839803168957e-66,-0.002193443260601,0.0033829391541324,459.23853428134,459.23853428134,459.20567302226,459.20567302226,459.23853428134,460.52584378089,460.52584378089,460.52584378089,462.59447276026,462.59447276026,462.59447276026,459.20567302226,0.030062679751196,0.022048230289745,0.014029133817396,0.018330249592204,707.13856449919,-0.0031919812672206,0.0025423390068106,0.00063885947548774,707.05654556027,0.0017699169789642,-0.0032285731919845,0,3.8394926460919e-12,1.5257060033201e-14,0,0,1.4597245564515e-14,1.5112782760119e-14,1.4849956411105e-14,0,1.5639596873565e-14,1.5183614011636e-14,0,1.5554704749047e-14,1.533465402569e-14,4.3344805920439e-13,0,0,4.2777099051884e-13,4.3291659083963e-13,4.2981911693999e-13,0,4.3860689980894e-13,4.3364855760156e-13,0,4.3667842387409e-13,4.3561653921081e-13
1.9,1401812419.7257,1401812419.7257,1401812419.7257,824034641.94794,824034641.94794,824034641.94794,1,1,1,187689714.52503,1.4495549017919e-05,5.5876266992983e-05,1.3039904391899e-05,1.0138969392219,355.65338384388,355.65338384388,355.66531046919,355.66531046919,355.65338384388,357.07490648842,357.07490648842,357.07490648842,359.36341166422,359.36341166422,359.36341166422,355.66531046919,0.0035189336810724,-3.8013855083529e-64,-9.8854289438517e-60,-0.0032876742100873,-0.0036428326294597,-0.0029961731584841,-1.5834877929326e-75,-0.0030441972823664,-0.0020828285505151,-4.0288170433681e-64,-0.0021323099395919,0.0034147367922631,459.43972527451,459.43972527451,459.45165189983,459.45165189983,459.43972527451,460.86124791906,460.86124791906,460.86124791906,463.14975309486,463.14975309486,463.14975309486,459.45165189983,0.030858957674116,0.022668260777042,0.014451518421923,0.01882092460515,707.01841955193,-0.0011840662266713,0.0032456658202207,0.0015819920675515,706.925101866,0.00072885743327035,-0.0010989445327843,0,4.0852235714438e-12,1.5354936005203e-14,0,0,1.4596912622307e-14,1.5188476102688e-14,1.4883613164049e-14,0,1.5749999701123e-14,1.5257289454129e-14,0,1.5686421854142e-14,1.5406424076529e-14,4.5516321795232e-13,0,0,4.4841414231808e-13,4.5439633973583e-13,4.508677245337e-13,0,4.6088076299364e-13,4.5522562327264e-13,0,4.5886237440532e-13,4.5740451308751e-13
1.95,1392189985.5056,1392189985.5056,1392189985.5056,814412207.72781,814412207.72781,814412207.72781,1,1,1,197649940.09013,1.5080664695473e-05,5.7349605341374e-05,1.3458257695313e-05,1.014395923538,354.25866850074,354.25866850074,354.32357667305,354.32357667305,354.25866850074,355.82714038173,355.82714038173,355.82714038173,358.3495840158,358.3495840158,358.3495840158,354.32357667305,0.0035824841228185,-8.615869814601e-62,-4.9264182553762e-58,-0.0032999207900282,-0.0037116086385769,-0.0029860146692444,-9.298749523084e-73,-0.0030400385961189,-0.0020112847529164,-1.2847346508403e-62,-0.0020702176571394,0.0034468992429152,459.6025041388,459.6025041388,459.66741231111,459.66741231111,459.6025041388,461.17097601979,461.17097601979,461.17097601979,463.69341965385,463.69341965385,463.69341965385,459.66741231111,0.031719151662726,0.023290123058096,0.01487699708756,0.019311340697061,706.79703782247,-0.0046498484530622,0.0029821667991304,-0.0015882364465929,706.6846972256,0.0033232360870667,-0.0043792906230358,0,4.3491112159775e-12,1.5438414368814e-14,0,0,1.45668220333e-14,1.5245635088967e-14,1.4889928599876e-14,0,1.5833601695973e-14,1.5307075148029e-14,0,1.5806661340926e-14,1.5445186986875e-14,4.7699643293423e-13,0,0,4.6901473959824e-13,4.7595692364564e-13,4.7192526350241e-13,0,4.832728572533e-13,4.7687309654725e-13,0,4.812163692495e-13,4.7924730599773e-13
2,1382749869.1345,1382749869.1345,1382749869.1345,804972091.35674,804972091.35674,804972091.35674,1,1,1,206133748.79352,1.5687728776079e-05,5.8822951260602e-05,1.3879519761464e-05,1.0148956691356,352.86961298693,352.86961298693,352.99491720762,352.99491720762,352.86961298693,354.59730963376,354.59730963376,354.59730963376,357.36748288686,357.36748288686,357.36748288686,352.99491720762,0.0036558448548229,-1.2968908514505e-59,-2.0963491109635e-56,-0.0033066853010592,-0.0037893879957224,-0.0029741435730871,-6.0024168039785e-70,-0.0030329600861771,-0.0019369893585587,3.3293109580906e-61,-0.0020073528871466,0.0034754923838582,459.72913539219,459.72913539219,459.85443961289,459.85443961289,459.72913539219,461.45683203902,461.45683203902,461.45683203902,464.22700529212,464.22700529212,464.22700529212,459.85443961289,0.03255594670291,0.023913939432436,0.015305644826527,0.019801495888527,706.46921941872,-0.0052565629886333,0.0029488231831436,0.0030451192102261,706.33805113709,0.0021073401049767,-0.0047153848435557,0,4.6341863053383e-12,1.5497165635136e-14,0,0,1.4509000043584e-14,1.5286165221039e-14,1.4869546866133e-14,0,1.5896383729906e-14,1.5338593629947e-14,0,1.5905044866178e-14,1.5461327246952e-14,4.9891273475378e-13,0,0,4.8953356423635e-13,4.9757482581791e-13,4.9295397834684e-13,0,5.0575373871682e-13,4.9856514368645e-13,0,5.037094994094e-13,5.0111292468266e-13
2.05,1373465061.4945,1373465061.4945,1373465061.4945,795687283.71673,795687283.71673,795687283.71673,1,1,1,214341730.71033,1.6315455372633e-05,6.0296217543515e-05,1.4303671462281e-05,1.0153961301155,351.48301482969,351.48301482969,351.67716437819,351.67716437819,351.48301482969,353.37894818336,353.37894818336,353.37894818336,356.41471447682,356.41471447682,356.41471447682,351.67716437819,0.0037294646054752,-1.3616505048984e-57,-7.9366628243343e-55,-0.0033129482444094,-0.003865916534989,-0.0029616231978253,-3.4952198003762e-67,-0.0030245860183775,-0.0018626088357377,1.7349898180719e-58,-0.0019450605233598,0.0035051591317003,459.82256402336,459.82256402336,460.01671357186,460.01671357186,459.82256402336,461.71849737704,461.71849737704,461.71849737704,464.75426367049,464.75426367049,464.75426367049,460.01671357186,0.033630274491111,0.024539792417656,0.015737423624724,0.02029138814291,706.04272958576,-0.0049785215832359,0.0024338269572533,-0.00069736037336726,705.89004259524,0.0010259603872463,-0.0052579076423596,0,4.9441440677821e-12,1.5546441760964e-14,0,0,1.4424564202617e-14,1.532101965647e-14,1.4823238337495e-14,0,1.593818133553e-14,1.5360703418998e-14,0,1.5999639869732e-14,1.5449536492196e-14,5.2089872353878e-13,0,0,5.0993297856302e-13,5.1924201960547e-13,5.1391720304201e-13,0,5.2829373092109e-13,5.2028845878918e-13,0,5.2633640710626e-13,5.229618687223e-13
2.1,1364329038.2876,1364329038.2876,1364329038.2876,786551260.50986,786551260.50986,786551260.50986,1,1,1,222959771.51321,1.6966099205269e-05,6.1769381769628e-05,1.4731230541525e-05,1.0158973494498,350.09681681154,350.09681681154,350.37044289261,350.37044289261,350.09681681154,352.17303568879,352.17303568879,352.17303568879,355.48891449194,355.48891449194,355.48891449194,350.37044289261,0.0038129918179795,-1.0617037071645e-55,-2.8479406581886e-53,-0.0033138210248521,-0.0039536974385822,-0.0029454126971166,-1.9541288620752e-64,-0.0030119373887607,-0.0017880959141296,2.8669251745276e-56,-0.001883128469196,0.0035292037788884,459.88319157544,459.88319157544,460.15681765652,460.15681765652,459.88319157544,461.9594104527,461.9594104527,461.9594104527,465.27528925584,465.27528925584,465.27528925584,460.15681765652,0.034729043167569,0.025167794691436,0.01617235758862,0.020781014941071,705.51251823262,-0.0047812181517194,0.0035492533745311,0.0041244676226675,705.33515281558,-0.00080632020929527,-0.0046575856399644,0,5.2829856844512e-12,1.5581507894046e-14,0,0,1.4322999972806e-14,1.5349138635025e-14,1.4762119895553e-14,0,1.596476364801e-14,1.5372776872797e-14,0,1.6080488131813e-14,1.5419018973839e-14,5.4293430332476e-13,0,0,5.3018875937843e-13,5.4094897963387e-13,5.3479399320768e-13,0,5.5087131619219e-13,5.4202884833403e-13,0,5.4907765151185e-13,5.4476765447359e-13
2.15,1355296717.8702,1355296717.8702,1355296717.8702,777518940.09245,777518940.09245,777518940.09245,1,1,1,231945324.67564,1.7636441880645e-05,6.3242456605503e-05,1.5162070931968e-05,1.0163993028294,348.70201026111,348.70201026111,349.07098507268,349.07098507268,348.70201026111,350.97397303337,350.97397303337,350.97397303337,354.58426931793,354.58426931793,354.58426931793,349.07098507268,0.0038948424096237,-6.0693084863902e-54,-4.2471771539979e-52,-0.003314309576845,-0.0040372566690361,-0.0029307097429189,-5.7647395667923e-62,-0.0030002982135187,-0.0017148119739778,3.1254709948645e-54,-0.0018223820709205,0.003553775929285,459.91039104097,459.91039104097,460.27936585254,460.27936585254,459.91039104097,462.18235381323,462.18235381323,462.18235381323,465.79265009779,465.79265009779,465.79265009779,460.27936585254,0.035779370512784,0.025798020089504,0.016610417737196,0.021270374107956,704.88347906472,-0.0062875562167478,0.0011051302801072,-0.0003135656716749,704.67518407912,0.001331516081744,-0.0066078417028221,0,5.6548644872255e-12,1.5617957615971e-14,0,0,1.420048779015e-14,1.5380820758216e-14,1.4684141894608e-14,0,1.5978839978229e-14,1.5384735462891e-14,0,1.6170675862904e-14,1.5365466340487e-14,5.6502143080184e-13,0,0,5.5027128180357e-13,5.6270074495057e-13,5.5556050582685e-13,0,5.7346880840039e-13,5.6378614987917e-13,0,5.719464406299e-13,5.664977053645e-13
2.2,1346319014.0754,1346319014.0754,1346319014.0754,768541236.29764,768541236.29764,768541236.29764,1,1,1,241225722.95397,1.8329011958624e-05,6.4715352095784e-05,1.559649228928e-05,1.0169020351347,347.28631966897,347.28631966897,347.76966692483,347.76966692483,347.28631966897,349.78237568409,349.78237568409,349.78237568409,353.695218842,353.695218842,353.695218842,347.76966692483,0.0039879981206159,-2.7820758786176e-52,-5.2090646084384e-51,-0.0033092706463354,-0.0041337654980501,-0.0029099656052792,-1.5195405175193e-59,-0.0029822006859389,-0.0016415855787773,2.3446842158591e-52,-0.0017630540916842,0.0035731460167817,459.89980241259,459.89980241259,460.38314966845,460.38314966845,459.89980241259,462.39585842771,462.39585842771,462.39585842771,466.30870158562,466.30870158562,466.30870158562,460.38314966845,0.036879334498505,0.026430547598529,0.017051597472626,0.021759462522212,704.14948002557,-0.0066500305161461,0.000524890066191,0.00059678008628855,703.90725628544,0.001450974339598,-0.0059195903678309,0,6.0642499715792e-12,1.5648182436436e-14,0,0,1.4066553203836e-14,1.5418068584741e-14,1.459665535196e-14,0,1.5985392985717e-14,1.5400144952359e-14,0,1.6258154588169e-14,1.5301002425268e-14,5.8715130262994e-13,0,0,5.7016439212028e-13,5.8450518664871e-13,5.7620329379088e-13,0,5.9607556796065e-13,5.8556524373331e-13,0,5.9493894334765e-13,5.8813659051222e-13
2.25,1337315816.7173,1337315816.7173,1337315816.7173,759538038.93951,759538038.93951,759538038.93951,1,1,1,250103691.99741,1.9043403961982e-05,6.6188053600493e-05,1.6034546296951e-05,1.017405629202,345.83445911534,345.83445911534,346.45103667841,346.45103667841,345.83445911534,348.59015324992,348.59015324992,348.59015324992,352.81563987881,352.81563987881,352.81563987881,346.45103667841,0.0040868169348618,-1.008632691082e-50,-4.971383289849e-50,-0.0033019389553105,-0.0042354004798907,-0.0028869746873979,-3.7155952573899e-57,-0.0029611425017679,-0.001568493727954,1.2299813423669e-50,-0.0017046527542843,0.0035925446342144,459.84965884669,459.84965884669,460.46623640976,460.46623640976,459.84965884669,462.60535298126,462.60535298126,462.60535298126,466.83083961015,466.83083961015,466.83083961015,460.46623640976,0.037968936742087,0.027065486646332,0.017495932486062,0.022248276752852,703.30169556044,-0.0077212080249011,-0.00080767213478737,0.00044907816021201,703.0176511801,-0.00022046451576382,-0.0078503474860324,0,6.5155214467245e-12,1.5676942237183e-14,0,0,1.3924867385406e-14,1.5466568403499e-14,1.4498349028816e-14,0,1.5999547853621e-14,1.5423927849879e-14,0,1.6357115706093e-14,1.5237096424703e-14,6.093218469583e-13,0,0,5.8985712843097e-13,6.0637821744831e-13,5.9670705561945e-13,0,6.1870234552708e-13,6.0737797168367e-13,0,6.1807139822051e-13,6.0968509892722e-13
2.3,1328235839.0671,1328235839.0671,1328235839.0671,750458061.28928,750458061.28928,750458061.28928,1,1,1,260068387.0568,1.9783146996303e-05,6.7660448667237e-05,1.6551197620484e-05,1.0179102243529,344.32821182918,344.32821182918,345.11238137548,345.11238137548,344.32821182918,347.39320368966,347.39320368966,347.39320368966,351.94041678691,351.94041678691,351.94041678691,345.11238137548,0.0041993052852367,-2.8927251390996e-49,-6.3820413251723e-49,-0.0032900284675299,-0.0043521633612688,-0.0028572845885148,2.4914697142836e-53,-0.0029334065489633,-0.0014953001824457,3.3342295668374e-49,-0.001647473349038,0.0036070872835349,459.75080942348,459.75080942348,460.53497896978,460.53497896978,459.75080942348,462.81580128396,462.81580128396,462.81580128396,467.36301438121,467.36301438121,467.36301438121,460.53497896978,0.039084479494541,0.027702972139866,0.017943497938227,0.022736812307131,702.32220887808,-0.0096211211598888,0.0011624839885275,0.001447348798086,701.98846964557,-0.00030251361966153,-0.0095455468816222,0,7.0129445889471e-12,1.5707064053217e-14,0,0,1.3779874589037e-14,1.5525509641392e-14,1.4397372642461e-14,0,1.6009557305901e-14,1.5460552720466e-14,0,1.6463392632175e-14,1.5170583830686e-14,6.3153498996742e-13,0,0,6.0934481396258e-13,6.2833460374592e-13,6.1706801527295e-13,0,6.4134327859668e-13,6.2924249502274e-13,0,6.4135415136361e-13,6.3113954432969e-13
2.35,1319035506.8905,1319035506.8905,1319035506.8905,741257729.11273,741257729.11273,741257729.11273,1,1,1,279895450.65803,2.054812261208e-05,6.9132493490272e-05,1.7083854532082e-05,1.0184158855279,342.75413189644,342.75413189644,343.75066150918,343.75066150918,342.75413189644,346.18505680373,346.18505680373,346.18505680373,351.06673600047,351.06673600047,351.06673600047,343.75066150918,0.0043195377449563,-7.4687605770625e-48,-7.6755105287278e-48,-0.0032724543045552,-0.0044804487297236,-0.0028252110016705,1.2729781774148e-50,-0.0029017224935259,-0.0014224253046955,7.7587078799909e-48,-0.001590804312231,0.003617033432787,459.59678944483,459.59678944483,460.59331905758,460.59331905758,459.59678944483,463.02771435212,463.02771435212,463.02771435212,467.90939354886,467.90939354886,467.90939354886,460.59331905758,0.040277470568273,0.02834309939277,0.018394297637091,0.023225064630017,701.20356248548,-0.0099334148762108,0.00017423196196311,0.0010924578639359,700.81257878377,-0.00038853970046768,-0.0099966130648908,0,7.5597730544996e-12,1.5746299661437e-14,0,0,1.3629569727691e-14,1.5593846501049e-14,1.4292175318523e-14,0,1.6035772189419e-14,1.5516627414326e-14,0,1.6589578381254e-14,1.5094898834067e-14,6.5380362050582e-13,0,0,6.2861993632079e-13,6.5038763295727e-13,6.3728020344422e-13,0,6.6402128511008e-13,6.5118631995437e-13,0,6.6481535810443e-13,6.5248695498348e-13
2.4,1309681051.9414,1309681051.9414,1309681051.9414,731903274.16366,731903274.16366,731903274.16366,1,1,1,292303432.09859,2.1339996741754e-05,7.0604064281955e-05,1.7626346440738e-05,1.0189226712742,341.10235516221,341.10235516221,342.36432529153,342.36432529153,341.10235516221,344.96050998582,344.96050998582,344.96050998582,350.19137801947,350.19137801947,350.19137801947,342.36432529153,0.0044517155795805,-1.6858191724927e-46,-7.8483799670439e-47,-0.0032475094564137,-0.0046240781471089,-0.0027875767128282,4.4927578619616e-49,-0.0028622498636458,-0.0013516065012047,1.4922798040947e-46,-0.001536208697239,0.0036194062376945,459.38197951586,459.38197951586,460.64394964518,460.64394964518,459.38197951586,463.24013433946,463.24013433946,463.24013433946,468.47100237312,468.47100237312,468.47100237312,460.64394964518,0.041484941868299,0.028985948974991,0.018848312994528,0.023713028888882,699.93982372502,-0.010732332715588,-0.00032601848115616,0.0034186777435143,699.48168996269,0.0022705312525978,-0.0094769665941692,0,8.159242986775e-12,1.5804583991074e-14,0,0,1.3480669720259e-14,1.5674277647138e-14,1.4190853245087e-14,0,1.6065140313509e-14,1.5600314057614e-14,0,1.6736192817462e-14,1.503087431128e-14,6.7615467753366e-13,0,0,6.4768448226906e-13,6.7255440898625e-13,6.5734910056507e-13,0,6.8674082442287e-13,6.7324849567193e-13,0,6.8848390896937e-13,6.7374382128882e-13
2.45,1300162482.2831,1300162482.2831,1300162482.2831,722384704.50533,722384704.50533,722384704.50533,1,1,1,300303390.67388,2.2161578000504e-05,7.2074953654555e-05,1.8178941094579e-05,1.019430624761,339.370077843,339.370077843,340.95072153363,340.95072153363,339.370077843,343.72003642663,343.72003642663,343.72003642663,349.31117397723,349.31117397723,349.31117397723,340.95072153363,0.0045945804505518,-3.1585127677261e-45,-7.7482346255072e-46,-0.0032156546862743,-0.0047768673145652,-0.0027456027669676,1.9572110846609e-47,-0.0028142642480453,-0.0012843180178269,2.4192405940372e-45,-0.0014849619478535,0.003617159869599,459.10519152296,459.10519152296,460.68583521358,460.68583521358,459.10519152296,463.45515010659,463.45515010659,463.45515010659,469.04628765719,469.04628765719,469.04628765719,460.68583521358,0.042764770661942,0.029631583185951,0.019305489508583,0.02420069988524,698.5277393881,-0.012328956840291,0.00099994614471039,-0.00032821579770608,697.98889175992,0.00080070383779452,-0.012376021341208,0,8.8136778576008e-12,1.5885998839615e-14,0,0,1.3331345264887e-14,1.5772877696295e-14,1.4088917073635e-14,0,1.6119483338071e-14,1.5720290477218e-14,0,1.6916013170186e-14,1.4970853694531e-14,6.9862087254449e-13,0,0,6.6653785154734e-13,6.9486062654201e-13,6.7727383816976e-13,0,7.0953721637801e-13,6.9548034366925e-13,0,7.1240676421593e-13,6.9491580562393e-13
2.5,1290377169.8272,1290377169.8272,1290377169.8272,712599392.04944,712599392.04944,712599392.04944,1,1,1,307590531.26683,2.3016971801422e-05,7.354496520268e-05,1.8740933451633e-05,1.0199399242739,337.53811650352,337.53811650352,339.49243540798,339.49243540798,337.53811650352,342.45355778823,342.45355778823,342.45355778823,348.41331365004,348.41331365004,348.41331365004,339.49243540798,0.0047499449005245,-4.7962893170313e-44,-5.9650380174503e-45,-0.0031788589412086,-0.0049471579019968,-0.002697011350058,1.3718860943163e-46,-0.0027567092394438,-0.0012214998424533,3.276079378715e-44,-0.0014361188221293,0.0036080129800768,458.76160094223,458.76160094223,460.71591984669,460.71591984669,458.76160094223,463.67704222694,463.67704222694,463.67704222694,469.63679808876,469.63679808876,469.63679808876,460.71591984669,0.044096867428631,0.030280089678735,0.01976586586406,0.024688071947602,696.94417442106,-0.013892724953235,-0.0017784695628516,0.00048775749088366,696.31214388268,0.0010310394069587,-0.014006903873873,0,9.5264915746123e-12,1.5994407832671e-14,0,0,1.3180629139167e-14,1.5871869177312e-14,1.3998565143199e-14,0,1.618821910858e-14,1.5865749255781e-14,0,1.7132006244831e-14,1.4911500036791e-14,7.2124038102357e-13,0,0,6.8517807603656e-13,7.1730683919277e-13,6.9707079884903e-13,0,7.3243081539204e-13,7.1791790144399e-13,0,7.3663507979803e-13,7.1600385121128e-13
2.525,1285531400.1767,1285531400.1767,1285531400.1767,707753622.39887,707753622.39887,707753622.39887,1,1,1,311016594.74333,2.3465149355604e-05,7.4279547944481e-05,1.9030644904797e-05,1.0201988726449,336.60867788295,336.60867788295,338.76776071502,338.76776071502,336.60867788295,341.83245468083,341.83245468083,341.83245468083,347.9715746369,347.9715746369,347.9715746369,338.76776071502,0.0049814623599924,-1.8178057371312e-43,-1.6231008221581e-44,-0.0031882547817871,-0.0051928852695852,-0.0026821645659582,-1.6743418597708e-46,-0.0027377066112363,-0.0011769754734292,1.1515256145085e-43,-0.0014021071302098,0.0036491327535027,458.58732978989,458.58732978989,460.74641262196,460.74641262196,458.58732978989,463.81110658777,463.81110658777,463.81110658777,469.95022654384,469.95022654384,469.95022654384,460.74641262196,0.045417274715325,0.030606641081151,0.019998777132092,0.024931635342022,695.5675696657,-0.014930320213778,-0.0072480287509642,0.00034656828405108,694.87457271235,0.0045410390782941,-0.014453939967761,0,9.8964304434113e-12,7.9476245200886e-15,0,0,6.4901833765061e-15,7.8865470109196e-15,6.913374873482e-15,0,8.0380100683153e-15,7.9023243592054e-15,0,8.5406204459012e-15,7.3657192425268e-15,7.3248001940853e-13,0,0,6.943565813899e-13,7.2846010093591e-13,7.0684778735688e-13,0,7.4379827824514e-13,7.2909347572705e-13,0,7.4871334106371e-13,7.264205512607e-13
2.575,1275472353.1311,1275472353.1311,1275472353.1311,697694575.35335,697694575.35335,697694575.35335,1,1,1,317716426.27774,2.4358561278215e-05,7.5747457852448e-05,1.9607875671812e-05,1.0207067504748,334.62823865914,334.62823865914,337.25809953218,337.25809953218,334.62823865914,340.54876256111,340.54876256111,340.54876256111,347.06549895809,347.06549895809,347.06549895809,337.25809953218,0.004958818803526,-1.9229348941552e-42,-1.0049601395469e-43,-0.0030951812426146,-0.0051748614358504,-0.0025919372792683,-3.445424687513e-44,-0.002638136332731,-0.0011346728961178,1.1590838995845e-42,-0.0013654476110124,0.0035630294082551,458.13209557612,458.13209557612,460.76195644916,460.76195644916,458.13209557612,464.05261947809,464.05261947809,464.05261947809,470.56935587507,470.56935587507,470.56935587507,460.76195644916,0.048594810858494,0.031258610538079,0.020462779118319,0.02541855210064,694.20888888918,-0.017633877394454,0.0088075656408882,0.0013081325915255,693.40378507821,0.0021049724413894,-0.017283386533653,0,1.0702684985809e-11,1.6211395872482e-14,0,0,1.2983731913254e-14,1.6065446457677e-14,1.3922055489425e-14,0,1.6328274496839e-14,1.6176140673942e-14,0,1.7542518120343e-14,1.4844863906545e-14,7.554063953164e-13,0,0,7.1271835115184e-13,7.5118007320193e-13,7.2653654704614e-13,0,7.6688994548872e-13,7.5196999325499e-13,0,7.7352220810767e-13,7.4741435912892e-13
2.625,1265569117.8006,1265569117.8006,1265569117.8006,687791340.02282,687791340.02282,687791340.02282,1,1,1,323725786.60119,2.528559272687e-05,7.7220565258061e-05,2.0196311868988e-05,1.0212187719987,332.67243986438,332.67243986438,335.75651913866,335.75651913866,332.67243986438,339.27838014798,339.27838014798,339.27838014798,346.16405035017,346.16405035017,346.16405035017,335.75651913866,0.00515014534331,-1.6392080031623e-41,-5.6634636372618e-43,-0.003069325004666,-0.0053887608659311,-0.0025479637169856,-1.1754881788484e-42,-0.0025808914385429,-0.0010907279434838,9.5704820764184e-42,-0.0013286474412482,0.0035630767703917,457.66404766903,457.66404766903,460.74812694331,460.74812694331,457.66404766903,464.26998795263,464.26998795263,464.26998795263,471.15565815482,471.15565815482,471.15565815482,460.74812694331,0.046653940292238,0.031914174414188,0.02093067875978,0.02590514997387,692.29634838369,-0.01704265487966,0.00053477913532293,-0.00052342666722142,691.36117588838,0.0034516240524519,-0.018314289630356,0,1.1569421407953e-11,1.6437277156346e-14,0,0,1.287255657328e-14,1.6216594597504e-14,1.3929019889189e-14,0,1.6489318883663e-14,1.6449077352897e-14,0,1.7922201776269e-14,1.4853136786449e-14,7.7865221559939e-13,0,0,7.3092289524019e-13,7.7411380121723e-13,7.4623515588399e-13,0,7.9020936388829e-13,7.7523250153598e-13,0,7.9886802892726e-13,7.684198666161e-13
2.675,1255704397.8546,1255704397.8546,1255704397.8546,677926620.07685,677926620.07685,677926620.07685,1,1,1,329350319.4948,2.6235729525542e-05,7.8695987561939e-05,2.0794106031963e-05,1.0217317902795,330.69566811862,330.69566811862,334.24105272788,334.24105272788,330.69566811862,338.01371603194,338.01371603194,338.01371603194,345.26874226483,345.26874226483,345.26874226483,334.24105272788,0.005286927442411,-1.1401570814797e-40,-2.9278404392267e-42,-0.0030317782466026,-0.0055480525910557,-0.0024923976655789,-3.0776746493745e-41,-0.0025148874243428,-0.001051220641242,6.477649323264e-41,-0.0012920177586553,0.0035474646114762,457.16434272914,457.16434272914,460.7097273384,460.7097273384,457.16434272914,464.48239064246,464.48239064246,464.48239064246,471.73741687535,471.73741687535,471.73741687535,460.7097273384,0.048738991092684,0.032572403206552,0.021401363633764,0.026391429568163,690.26893046588,-0.020059931157025,-0.0042859792605831,0.00060965691318116,689.18410316665,0.0025252019786095,-0.020887800905461,0,1.2499298595306e-11,1.6710107692936e-14,0,0,1.279296446783e-14,1.6413917338392e-14,1.3997515601477e-14,0,1.6688816827869e-14,1.6797323584939e-14,0,1.8367450330383e-14,1.4907481132206e-14,8.0228387652745e-13,0,0,7.4901487909355e-13,7.9732658572885e-13,7.6603063228713e-13,0,8.1381091498622e-13,7.9898750436137e-13,0,8.248435262907e-13,7.8950222861408e-13
2.725,1246033462.8464,1246033462.8464,1246033462.8464,668255685.06865,668255685.06865,668255685.06865,1,1,1,334554375.29835,2.7206943127943e-05,8.0174333231736e-05,2.1399756332886e-05,1.0222455123346,328.72857772104,328.72857772104,332.73685672631,332.73685672631,328.72857772104,336.77469042009,336.77469042009,336.77469042009,344.39365324317,344.39365324317,344.39365324317,332.73685672631,0.0054095438192089,-6.51111861078e-40,-1.3269771989629e-41,-0.0029960417100619,-0.0056916176347534,-0.0024368473753572,-6.5655609780535e-40,-0.0024519204377872,-0.0010167020253543,3.3300083191191e-40,-0.0012584608327762,0.0035345998976847,456.64031693499,456.64031693499,460.64859594026,460.64859594026,456.64031693499,464.68642963404,464.68642963404,464.68642963404,472.30539245713,472.30539245713,472.30539245713,460.64859594026,0.049613660448316,0.033233124454469,0.021874522514176,0.026877386552782,688.16797061414,-0.022897611817801,0.00031818142328074,0.00050464981600605,686.91614032527,0.00071457924812753,-0.023376279361777,0,1.3492992118476e-11,1.7053337558007e-14,0,0,1.2766221659567e-14,1.6690879420407e-14,1.4145979184503e-14,0,1.6935424070477e-14,1.7240946891668e-14,0,1.8893159538757e-14,1.5020179588513e-14,8.2640093778571e-13,0,0,7.6706904290477e-13,8.2093105377313e-13,7.860360679029e-13,0,8.3776122139123e-13,8.2336988528373e-13,0,8.5156248874649e-13,8.1074397029744e-13
2.775,1236617435.7118,1236617435.7118,1236617435.7118,658839657.934,658839657.934,658839657.934,1,1,1,340096962.66442,2.8193646355708e-05,8.165743072451e-05,2.2012091039745e-05,1.022759576978,326.7982811455,326.7982811455,331.24446040485,331.24446040485,326.7982811455,335.56727504309,335.56727504309,335.56727504309,343.54368719963,343.54368719963,343.54368719963,331.24446040485,0.0055095340705497,-3.150504974584e-39,-4.6710207303613e-41,-0.0029655055196447,-0.0058153663186047,-0.0023836100363411,-1.1198566892752e-38,-0.0023953091316512,-0.00098703658544445,-2.4608280115253e-39,-0.0012269128916724,0.0035258988368455,456.11010613992,456.11010613992,460.55628539928,460.55628539928,456.11010613992,464.87910003752,464.87910003752,464.87910003752,472.85551219405,472.85551219405,472.85551219405,460.55628539928,0.050369606045905,0.033896110211619,0.022349782578357,0.027363018274585,686.04400015616,-0.025445995570877,0.0014688191366102,0.0011858711888454,684.60797927247,0.00028711619682131,-0.026000109270107,0,1.4552299332756e-11,1.7491627099104e-14,0,0,1.2801845278836e-14,1.7068686087797e-14,1.4385704646573e-14,0,1.7255390327244e-14,1.7798123958396e-14,0,1.9534579797832e-14,1.5209775876776e-14,8.5113783405724e-13,0,0,7.851735861215e-13,8.4506982113038e-13,8.0638052651838e-13,0,8.6216402841606e-13,8.4854023357049e-13,0,8.7918855643185e-13,8.3225384162303e-13
2.825,1227512679.8574,1227512679.8574,1227512679.8574,649734902.0796,649734902.0796,649734902.0796,1,1,1,346538992.80389,2.9191238487842e-05,8.3140037447172e-05,2.2630371553176e-05,1.0232736696347,324.92319253988,324.92319253988,329.77769137287,329.77769137287,324.92319253988,334.39356723578,334.39356723578,334.39356723578,342.72116415628,342.72116415628,342.72116415628,329.77769137287,0.005584576551486,-1.3046914836617e-38,-9.8831115985075e-42,-0.002940237765793,-0.0059165362876313,-0.0023357040686277,-1.5901268264214e-37,-0.0023486898148069,-0.00096177369867353,-2.4976015333055e-37,-0.0011979488960798,0.0035218017830175,455.58375468488,455.58375468488,460.43825351787,460.43825351787,455.58375468488,465.05412938079,465.05412938079,465.05412938079,473.38172630129,473.38172630129,473.38172630129,460.43825351787,0.050576905257808,0.034561114118247,0.02282684077999,0.02784832402082,683.93930749419,-0.027147188211835,0.0052564835606422,0.001184373459313,682.30371621567,0.00047508608247359,-0.028622451625977,0,1.5679421852907e-11,1.8029917007458e-14,0,0,1.2916576319892e-14,1.7576765578745e-14,1.472858556793e-14,0,1.7653376856533e-14,1.8475289900912e-14,0,2.0303762718307e-14,1.5480442063723e-14,8.7663598721764e-13,0,0,8.0344038353252e-13,8.6992712139449e-13,8.2720989198312e-13,0,8.8712967338825e-13,8.7466823911713e-13,0,9.0790241303528e-13,8.5414649274108e-13
2.875,1218746063.0338,1218746063.0338,1218746063.0338,640968285.25603,640968285.25603,640968285.25603,1,1,1,352297118.44811,3.0196137849414e-05,8.4621923487199e-05,2.325379176632e-05,1.0237875928772,323.11049441384,323.11049441384,328.34296473387,328.34296473387,323.11049441384,333.25559542095,333.25559542095,333.25559542095,341.93018538679,341.93018538679,341.93018538679,328.34296473387,0.005635642115725,-4.7975181586536e-38,2.7544289702992e-39,-0.0029206496365198,-0.0060018398818721,-0.0022952040265072,-1.8511447272046e-36,-0.0023126026087323,-0.00093960160501853,-8.7455442950199e-36,-0.0011705539536938,0.0035196318333349,455.06485752446,455.06485752446,460.29732784449,460.29732784449,455.06485752446,465.20995853157,465.20995853157,465.20995853157,473.88454849741,473.88454849741,473.88454849741,460.29732784449,0.050281144474776,0.03522792212021,0.023305490271739,0.028333303493621,681.88036677133,-0.030898404842459,0.00068831224092224,0.001250574401908,680.02960043563,0.00077637425720813,-0.031307575651556,0,1.6877035071811e-11,1.8689126949876e-14,0,0,1.3112699933055e-14,1.8233064272139e-14,1.5180871549331e-14,0,1.8147638522578e-14,1.9288017028297e-14,0,2.1219732198577e-14,1.5840323012007e-14,9.0306640401907e-13,0,0,8.2198454161718e-13,8.9571256817177e-13,8.4867888641682e-13,0,9.1279430991193e-13,9.0194561438983e-13,0,9.3791164610043e-13,8.7654809237703e-13
2.9,1214804134.5958,1214804134.5958,1214804134.5958,637026356.81801,637026356.81801,637026356.81801,1,1,1,354895262.68301,3.0708520023336e-05,8.5362873563211e-05,2.3570724831269e-05,1.0240479042205,322.29637478404,322.29637478404,327.68985848766,327.68985848766,322.29637478404,332.74118755822,332.74118755822,332.74118755822,341.57225215476,341.57225215476,341.57225215476,327.68985848766,0.0057736187414483,-8.6949971267034e-38,1.253360304074e-38,-0.0029391139300991,-0.0061711905065518,-0.002280581935589,-6.0962165425657e-36,-0.0023033233019213,-0.00093024820323216,-4.2823349736587e-35,-0.0011586319081774,0.0035612566504007,454.84632846828,454.84632846828,460.23981217189,460.23981217189,454.84632846828,465.29114124245,465.29114124245,465.29114124245,474.122205839,474.122205839,474.122205839,460.23981217189,0.049601629184675,0.035563100662178,0.02354667205377,0.028575657470489,680.40365358312,-0.032590043480714,-0.0034691907798976,0.0021194528401909,678.42931483467,0.004810652898147,-0.033190244588043,0,1.7490921321173e-11,9.4498251945557e-15,0,0,6.5739082917698e-15,9.2380864550564e-15,7.671072517238e-15,0,9.1438905957123e-15,9.796090671001e-15,0,1.0774531852725e-14,7.966384120624e-15,9.1643047497127e-13,0,0,8.3128145188119e-13,9.0877719532689e-13,8.5952742120865e-13,0,9.2572572400524e-13,9.15799378675e-13,0,9.5314913517478e-13,8.8781426084349e-13
2.95,1206516702.9702,1206516702.9702,1206516702.9702,628738925.1924,628738925.1924,628738925.1924,1,1,1,359809997.58728,3.1713808708024e-05,8.6843533439685e-05,2.4197611927258e-05,1.0245577108449,320.56575589877,320.56575589877,326.30025643628,326.30025643628,320.56575589877,331.65752056991,331.65752056991,331.65752056991,340.82951461357,340.82951461357,340.82951461357,326.30025643628,0.0056351096378483,-2.5721875467927e-37,1.8217640878983e-37,-0.0028841671299562,-0.0060333599867894,-0.0022314250416485,-5.7306929475812e-35,-0.0022676642526958,-0.0009080349792368,-7.2003783696536e-34,-0.0011280888938207,0.0035037473289955,454.33394776968,454.33394776968,460.06844830719,460.06844830719,454.33394776968,465.42571244081,465.42571244081,465.42571244081,474.59770648447,474.59770648447,474.59770648447,460.06844830719,0.050084282863568,0.036231163233552,0.024026126117611,0.029060159534195,678.93940540296,-0.034407543433839,0.014531143468678,0.0002648647674911,676.73888148934,0.0078453457403377,-0.037531740292673,0,1.8810096057933e-11,1.9914120911806e-14,0,0,1.3623109050233e-14,1.9631326602756e-14,1.6124725000219e-14,0,1.9092095410786e-14,2.0794727243053e-14,0,2.2919026732708e-14,1.6550688298586e-14,9.4459329484748e-13,0,0,8.5054743746172e-13,9.3654008365588e-13,8.823312259935e-13,0,9.527260242693e-13,9.4520756396797e-13,0,9.8556153361657e-13,9.1122046870196e-13
2.975,1202884914.2501,1202884914.2501,1202884914.2501,625107136.47234,625107136.47234,625107136.47234,1,1,1,361960751.38074,3.2225680318352e-05,8.758379263905e-05,2.4516600326631e-05,1.0248170917898,319.81709232785,319.81709232785,325.68411749667,325.68411749667,319.81709232785,331.17627601631,331.17627601631,331.17627601631,340.49942934103,340.49942934103,340.49942934103,325.68411749667,0.0057830437240951,-4.2093427556191e-37,6.4247097994791e-37,-0.0029184831883163,-0.0062254810080633,-0.002232884501278,-1.691994835063e-34,-0.0022746735374504,-0.000903437693225,-2.5972419951327e-33,-0.001122392433486,0.003562130200382,454.12944782371,454.12944782371,459.99647299253,459.99647299253,454.12944782371,465.48863151216,465.48863151216,465.48863151216,474.81178483688,474.81178483688,474.81178483688,459.99647299253,0.047587139005803,0.036567221960946,0.024267995318502,0.029302271143222,677.60420303244,-0.036158179675091,0.0040219614967293,0.003313541957988,675.27406572942,0.000375168629555,-0.037645108243869,0,1.9485250988214e-11,1.0112301360883e-14,0,0,6.8678764587713e-15,1.0024920904038e-14,8.1917513318098e-15,0,9.6741622506408e-15,1.0614546295025e-14,0,1.1698779593365e-14,8.3666019120393e-15,9.5889424857884e-13,0,0,8.6026008149442e-13,9.5071746276009e-13,8.9391611182653e-13,0,9.6640735572875e-13,9.6021879929683e-13,0,1.0021061063807e-12,9.2305263059694e-13
3.025,1195193743.6824,1195193743.6824,1195193743.6824,617415965.90462,617415965.90462,617415965.90462,1,1,1,366027186.06554,3.3228709107457e-05,8.9062805254086e-05,2.5144982812868e-05,1.0253259934578,318.21508529304,318.21508529304,324.36820098592,324.36820098592,318.21508529304,330.15111778597,330.15111778597,330.15111778597,339.80975306153,339.80975306153,339.80975306153,324.36820098592,0.0056348451106543,-1.0512305897991e-36,9.4507474229097e-36,-0.0028752586329954,-0.0060907333061681,-0.002199757565692,-1.2230782019781e-33,-0.0022570237140434,-0.00088244690462036,-2.9034769192727e-32,-0.0010918375197563,0.0035105894137962,453.64843677056,453.64843677056,459.80155246344,459.80155246344,453.64843677056,465.58446926349,465.58446926349,465.58446926349,475.24310453905,475.24310453905,475.24310453905,459.80155246344,0.048198960101531,0.037237130444798,0.024748993962872,0.029786291111919,676.28732068926,-0.0401470877894,0.0020953259592337,0.00060393704504151,673.7180980265,0.00085376208061946,-0.040284755237646,0,2.0926288134377e-11,2.1425598334421e-14,0,0,1.433888623769e-14,2.1491814185331e-14,1.7326662566166e-14,0,2.0344414656263e-14,2.2637741721822e-14,0,2.5055790682511e-14,1.7487876529152e-14,9.8919462032534e-13,0,0,8.8053832888108e-13,9.8111147786099e-13,9.1841971301826e-13,0,9.9517870285418e-13,9.9223340066133e-13,0,1.0375403453799e-12,9.4778422276157e-13
3.075,1187988431.0987,1187988431.0987,1187988431.0987,610210653.32093,610210653.32093,610210653.32093,1,1,1,369564082.38268,3.4234040427236e-05,9.054082444997e-05,2.5779991462931e-05,1.0258372908435,316.736025207,316.736025207,323.12011695236,323.12011695236,316.736025207,329.16834104251,329.16834104251,329.16834104251,339.15907468522,339.15907468522,339.15907468522,323.12011695236,0.005663992016177,-2.2694092485375e-36,2.01533852489e-34,-0.0028926437904869,-0.0061483461495941,-0.0021936349754594,-7.885586738822e-33,-0.0022710883347225,-0.00087011416272975,-4.3507414724033e-31,-0.0010746025128628,0.0035399434587342,453.20969826931,453.20969826931,459.59379001467,459.59379001467,453.20969826931,465.64201410482,465.64201410482,465.64201410482,475.63274774752,475.63274774752,475.63274774752,459.59379001467,0.046372280302679,0.037909013259579,0.025231778326019,0.030269982210806,674.65414837451,-0.042625826161124,0.0053198233508732,0.003555775234012,671.83436590102,0.0030865067241713,-0.044231036722265,0,2.2448504906696e-11,2.252295786354e-14,0,0,1.4938587103167e-14,2.2961752144451e-14,1.826427907139e-14,0,2.1287000277481e-14,2.4044005013497e-14,0,2.6681673766882e-14,1.8191147829116e-14,1.0210468928007e-12,0,0,9.0166468136507e-13,1.0135842991595e-12,9.4424930418799e-13,0,1.0252830673488e-12,1.0262367586452e-12,0,1.0752739302878e-12,9.7351039073664e-13
3.125,1181110720.3704,1181110720.3704,1181110720.3704,603332942.59258,603332942.59258,603332942.59258,1,1,1,372706634.03959,3.5233762847229e-05,9.2017492760446e-05,2.6414720809827e-05,1.0263480783419,315.33308167217,315.33308167217,321.91380578263,321.91380578263,315.33308167217,328.21421105797,328.21421105797,328.21421105797,338.53798525384,338.53798525384,338.53798525384,321.91380578263,0.0056368001686469,-4.5118140359536e-36,4.1795010619174e-33,-0.0029017518411306,-0.0061515209606874,-0.0021902605163931,-4.4293596154622e-32,-0.0022871422019702,-0.00085476081956692,-1.1528476123855e-29,-0.0010523201847592,0.0035514695469742,452.79394149145,452.79394149145,459.37466560192,459.37466560192,452.79394149145,465.67507087726,465.67507087726,465.67507087726,475.99884507312,475.99884507312,475.99884507312,459.37466560192,0.045862703494241,0.038581851168923,0.025715190739635,0.0307533593112,673.10144131886,-0.045660474897226,-0.010999032925956,0.0041321927705277,670.02595261285,0.0046002281053655,-0.047708835325581,0,2.4046110440008e-11,2.3713096282061e-14,0,0,1.561698434135e-14,2.4560143099391e-14,1.928013920625e-14,0,2.2362526908052e-14,2.5637580174992e-14,0,2.8535383659735e-14,1.8974561759843e-14,1.0545822751687e-12,0,0,9.2375043242398e-13,1.0483175866245e-12,9.7151553853791e-13,0,1.0569084561911e-12,1.0624937722351e-12,0,1.115629056867e-12,1.0003444733175e-12
3.175,1174562329.2045,1174562329.2045,1174562329.2045,596784551.42675,596784551.42675,596784551.42675,1,1,1,375487924.77939,3.6225948664855e-05,9.3493071208621e-05,2.7049616142074e-05,1.0268582740389,314.01056846796,314.01056846796,320.75166874431,320.75166874431,314.01056846796,327.2873601844,327.2873601844,327.2873601844,337.94674825932,337.94674825932,337.94674825932,320.75166874431,0.0056035913390469,-8.084872920381e-36,6.1852823640413e-32,-0.0029149035589418,-0.0061373868217763,-0.0021857569975035,-2.2977416668286e-31,-0.002308265056341,-0.00084032396156657,-2.8227911253487e-28,-0.0010345629833962,0.0035688579617891,452.40454701268,452.40454701268,459.14564728903,459.14564728903,452.40454701268,465.68133872913,465.68133872913,465.68133872913,476.34072680404,476.34072680404,476.34072680404,459.14564728903,0.045161459513515,0.039255536467672,0.026199125999992,0.031236424458265,671.63782799823,-0.049445309641888,0.0017273703187314,0.0033392128779823,668.30417400112,0.0026459250426357,-0.050660551559062,0,2.5718204966624e-11,2.4953721114369e-14,0,0,1.6412416741478e-14,2.628383878566e-14,2.0407383359295e-14,0,2.3511604795231e-14,2.7458703891306e-14,0,3.0558032975659e-14,1.9832434369738e-14,1.0898721660003e-12,0,0,9.469610947711e-13,1.0854885479064e-12,1.0003759368572e-12,0,1.0901588865657e-12,1.1013262436834e-12,0,1.1588446415406e-12,1.0283917709781e-12
3.225,1168320114.1492,1168320114.1492,1168320114.1492,590542336.3714,590542336.3714,590542336.3714,1,1,1,377941110.6899,3.7204455042592e-05,9.4967100879478e-05,2.7683416718884e-05,1.0273676434629,312.76246578638,312.76246578638,319.63149515723,319.63149515723,312.76246578638,326.38717810917,326.38717810917,326.38717810917,337.38320986001,337.38320986001,337.38320986001,319.63149515723,0.0055573860890411,-1.3700111358518e-35,6.210586241418e-31,-0.0029312678875478,-0.0061038697832756,-0.0021941500291801,-1.0329623282983e-30,-0.0023422282201838,-0.00082461411169276,-5.0587553001796e-27,-0.0010119572222994,0.0035845792086386,452.0388404449,452.0388404449,458.90786981575,458.90786981575,452.0388404449,465.66355276768,465.66355276768,465.66355276768,476.65958451852,476.65958451852,476.65958451852,458.90786981575,0.04415561565877,0.039929819091221,0.026683341671932,0.031719188154125,670.29075467258,-0.047755983873557,-0.015203398431618,0.0035077331637533,666.70171841002,0.0092188368464327,-0.054970964907411,0,2.8063071629957e-11,2.6267199685085e-14,0,0,1.72943929676e-14,2.797494946907e-14,2.1592357463036e-14,0,2.4818358331651e-14,2.9425833675377e-14,0,3.2888752980874e-14,2.0771890112895e-14,1.1270195960405e-12,0,0,9.7141905985889e-13,1.1250511008523e-12,1.030912141625e-12,0,1.1252573455142e-12,1.1429406567512e-12,0,1.2053563620557e-12,1.0577676596918e-12
3.275,1162357333.0227,1162357333.0227,1162357333.0227,584579555.24488,584579555.24488,584579555.24488,1,1,1,380114092.22288,3.8177613651634e-05,9.6440255615352e-05,2.8315715230404e-05,1.0278765506503,311.58507765402,311.58507765402,318.54932638439,318.54932638439,311.58507765402,325.50954065606,325.50954065606,325.50954065606,336.84542123495,336.84542123495,336.84542123495,318.54932638439,0.0055114588621391,-1.582470511652e-35,4.6062409187441e-30,-0.0029494405165247,-0.0060813366139245,-0.0021942569088426,-4.4272706940016e-30,-0.0023716562172641,-0.00081197929938461,-6.0185011161068e-26,-0.00099790513079694,0.0036058060795076,451.69740774766,451.69740774766,458.66165647803,458.66165647803,451.69740774766,465.6218707497,465.6218707497,465.6218707497,476.95775132859,476.95775132859,476.95775132859,458.66165647803,0.04347903231842,0.040604798552132,0.027167930128832,0.032201644971685,669.01181828103,-0.056402391176845,0.0039376193833587,0.0036036833615521,665.16350865905,0.0037418331984555,-0.057964483203599,0,3.3648297558416e-11,2.7638379159315e-14,0,0,1.8297385350812e-14,2.9671490915928e-14,2.2896327134479e-14,0,2.6173927609966e-14,3.159559956337e-14,0,3.5368017247682e-14,2.1767141836009e-14,1.1661061666896e-12,0,0,9.9729547037797e-13,1.1670129257214e-12,1.0632924379871e-12,0,1.1622728689207e-12,1.187623582165e-12,0,1.2553742917216e-12,1.0885510468904e-12
3.325,1156654662.8271,1156654662.8271,1156654662.8271,578876885.04931,578876885.04931,578876885.04931,1,1,1,382034395.25472,3.9144471687021e-05,9.7912078651509e-05,2.8945015806167e-05,1.0283846877892,310.47267750326,310.47267750326,317.50344020342,317.50344020342,310.47267750326,324.65515901597,324.65515901597,324.65515901597,336.330574395,336.330574395,336.330574395,317.50344020342,0.0054517057870901,7.8726871785573e-35,2.2437421483356e-29,-0.0029718074931922,-0.0060337151101867,-0.0022071321316924,-1.6807942042622e-29,-0.0024145540510759,-0.00079801657251368,-5.3603352501409e-25,-0.00098046260183973,0.0036255228653974,451.37736940463,451.37736940463,458.4081321048,458.4081321048,451.37736940463,465.55985091734,465.55985091734,465.55985091734,477.23526629638,477.23526629638,477.23526629638,458.4081321048,0.042579165905163,0.041280220141885,0.027652642525582,0.032683808301884,667.83680965623,-0.060159079584544,0.0023538128981551,0.0032017315309496,663.73627708335,0.0018032897508808,-0.060582743302063,0,4.0333198991578e-11,2.9040203399034e-14,0,0,1.9393540600868e-14,3.1140142946057e-14,2.4221738245617e-14,0,2.7665185741371e-14,3.3922341221995e-14,0,3.8159759535327e-14,2.2818378221466e-14,1.2071752161906e-12,0,0,1.0247220785182e-12,1.21105173821e-12,1.0975471487183e-12,0,1.2013973498018e-12,1.2355970171886e-12,0,1.3093403411933e-12,1.1208211068426e-12
3.375,1151200108.6872,1151200108.6872,1151200108.6872,573422330.90943,573422330.90943,573422330.90943,1,1,1,383735243.01846,4.0111671550536e-05,9.9382721707446e-05,2.9571639685123e-05,1.0288922373396,309.42613356606,309.42613356606,316.49177200932,316.49177200932,309.42613356606,323.82088895702,323.82088895702,323.82088895702,335.83818481381,335.83818481381,335.83818481381,316.49177200932,0.0053938147407299,1.5915966365713e-33,7.4565083051444e-29,-0.0029958842557784,-0.0059844126905126,-0.002220681783922,-5.8744729641829e-29,-0.0024595043921636,-0.00078503336483018,-3.6386647780896e-24,-0.00096410867128942,0.0036473505041524,451.08148588294,451.08148588294,458.14712432621,458.14712432621,451.08148588294,465.4762412739,465.4762412739,465.4762412739,477.49353713069,477.49353713069,477.49353713069,458.14712432621,0.041945074752098,0.041956089212463,0.028137472330903,0.033165679054274,666.74078833316,-0.063742973008501,0.003087373866149,0.0043086420728801,662.39171257567,0.00076160094465424,-0.065086812518052,0,4.7121144940406e-11,3.0467768620063e-14,0,0,2.0595325257691e-14,3.2350294205756e-14,2.559712095673e-14,0,2.9244376831848e-14,3.6414483826449e-14,0,4.1217568896898e-14,2.3902563819284e-14,1.2502631477883e-12,0,0,1.0538482668191e-12,1.2568019630225e-12,1.133746944333e-12,0,1.2427551441405e-12,1.2870948740828e-12,0,1.3676307861354e-12,1.1546244367713e-12
3.425,1145971315.539,1145971315.539,1145971315.539,568193537.76122,568193537.76122,568193537.76122,1,1,1,385245920.2438,4.1064541906766e-05,0.00010085212304377,3.019989706586e-05,1.0293991892454,308.43893858946,308.43893858946,315.51212182158,315.51212182158,308.43893858946,323.00573046013,323.00573046013,323.00573046013,335.36578193951,335.36578193951,335.36578193951,315.51212182158,0.00532853090355,2.0257685284773e-32,1.5931729663557e-28,-0.0030241283387929,-0.005924474099041,-0.0022392737638651,-1.8785584974275e-28,-0.0025106554672953,-0.00077260350924217,-1.9348942712065e-23,-0.00094829390256429,0.0036702547977768,450.80668083819,450.80668083819,457.87986407031,457.87986407031,450.80668083819,465.37347270885,465.37347270885,465.37347270885,477.73352418824,477.73352418824,477.73352418824,457.87986407031,0.041324653724378,0.042632316261795,0.028622325707875,0.033647264298431,665.7219633881,-0.067061718370026,-0.00018253303462831,0.003535793198414,661.13171387524,0.0016432937517819,-0.068000923983515,0,5.353792223022e-11,3.1912630125292e-14,0,0,2.1899423511905e-14,3.322017018227e-14,2.6996909029304e-14,0,3.0904697911858e-14,3.9063188407937e-14,0,4.4565679287261e-14,2.4999760562215e-14,1.2953944221225e-12,0,0,1.0848187285578e-12,1.3037823782386e-12,1.1719263392244e-12,0,1.2864609870685e-12,1.3423385649189e-12,0,1.4306561741998e-12,1.1899794372145e-12
3.475,1140948447.9008,1140948447.9008,1140948447.9008,563170670.12306,563170670.12306,563170670.12306,1,1,1,386588668.06,4.2004314839699e-05,0.0001023204187436,3.0832230479234e-05,1.0299056791099,307.5069564913,307.5069564913,314.56194058387,314.56194058387,307.5069564913,322.20720310485,322.20720310485,322.20720310485,334.91189583154,334.91189583154,334.91189583154,314.56194058387,0.0052669081571201,2.1585601257323e-31,2.1622044713813e-28,-0.0030515758394638,-0.0058642119394399,-0.002256728801697,-5.5708082317865e-28,-0.0025629635520565,-0.00076097488186629,-8.3135976795221e-23,-0.00093408657195914,0.0036947221962043,450.5518181657,450.5518181657,457.60680225828,457.60680225828,450.5518181657,465.25206477926,465.25206477926,465.25206477926,477.95675750595,477.95675750595,477.95675750595,457.60680225828,0.040645549574385,0.043308908495379,0.029107192640977,0.034128565169005,664.76185086725,-0.071709635876573,0.0048165059281156,0.005356241548377,659.93566468883,0.00044702919881857,-0.072489534262032,0,5.9190068013455e-11,3.3343677069886e-14,0,0,2.3312772299018e-14,3.3822759186075e-14,2.8434881670022e-14,0,3.2627104123732e-14,4.1894305027669e-14,0,4.8160773921557e-14,2.6108456233754e-14,1.3425495024541e-12,0,0,1.1177879673195e-12,1.3516149829964e-12,1.2121393345266e-12,0,1.3326026802212e-12,1.4015860592752e-12,0,1.498765793854e-12,1.2269023701129e-12
3.525,1136116103.1899,1136116103.1899,1136116103.1899,558338325.41213,558338325.41213,558338325.41213,1,1,1,387785264.40263,4.2926521171513e-05,0.00010378757861263,3.1452847848558e-05,1.0304115874752,306.62624333493,306.62624333493,313.63887366643,313.63887366643,306.62624333493,321.42518787725,321.42518787725,321.42518787725,334.47442470086,334.47442470086,334.47442470086,313.63887366643,0.0051913862024456,2.0129745631085e-30,1.9205567294791e-28,-0.0030844505309127,-0.005789058117372,-0.0022825734095043,-1.5030359673589e-27,-0.0026243366199905,-0.00074939940802149,-2.8909571880166e-22,-0.00091909300963919,0.0037201613588007,450.31571161596,450.31571161596,457.32834194747,457.32834194747,450.31571161596,465.11465615828,465.11465615828,465.11465615828,478.16389298189,478.16389298189,478.16389298189,457.32834194747,0.039974672820199,0.043985721764564,0.0295919251002,0.034609593052475,663.87292712159,-0.074184659903041,-0.0011962134105901,0.0029179488368493,658.82196650313,0.0018787058126444,-0.074253791196769,0,6.3875999429742e-11,3.4773606050666e-14,0,0,2.4833899940757e-14,3.427355535249e-14,2.9857487042604e-14,0,3.4413034410449e-14,4.4871810101495e-14,0,5.205488151442e-14,2.7210744022095e-14,1.3917268077436e-12,0,0,1.1529084054224e-12,1.4000851098067e-12,1.2543641976407e-12,0,1.3812700602069e-12,1.4650443816889e-12,0,1.5723825132795e-12,1.2653841733512e-12
3.575,1131463878.8614,1131463878.8614,1131463878.8614,553686101.08361,553686101.08361,553686101.08361,1,1,1,388850025.86414,4.3836565892894e-05,0.00010525400502556,3.2058038458165e-05,1.0309170986115,305.79375634371,305.79375634371,312.74292650134,312.74292650134,305.79375634371,320.65786667905,320.65786667905,320.65786667905,334.05313667467,334.05313667467,334.05313667467,312.74292650134,0.0051203862298931,1.6269512738778e-29,1.3819815562645e-28,-0.003114161082514,-0.0057157630513699,-0.0023070249413693,-3.7914013508395e-27,-0.0026859366796252,-0.0007388464763227,-8.4458823479105e-22,-0.00090738037795392,0.0037481637269374,450.09716745801,450.09716745801,457.04633761564,457.04633761564,450.09716745801,464.96127779335,464.96127779335,464.96127779335,478.35654778897,478.35654778897,478.35654778897,457.04633761564,0.039228728521281,0.044662832228074,0.03007660277126,0.035090347444918,663.03147941402,-0.077178208692929,0.0058075993175115,0.0032773298800539,657.762998919,-0.003915171893516,-0.077245315447737,0,6.7695254251576e-11,3.6152104928499e-14,0,0,2.6473335235225e-14,3.4817255462084e-14,3.1293685888558e-14,0,3.6222621879828e-14,4.8046903166933e-14,0,5.6109481728096e-14,2.8319353305968e-14,1.4428536048418e-12,0,0,1.1903473551533e-12,1.4493241446858e-12,1.2986201526409e-12,0,1.4324965833341e-12,1.5329929637776e-12,0,1.6517333033171e-12,1.3054337868741e-12
3.625,1126987389.0013,1126987389.0013,1126987389.0013,549209611.22351,549209611.22351,549209611.22351,1,1,1,389800613.41596,4.4727066848897e-05,0.0001067191133733,3.2656427022358e-05,1.0314221738429,305.00815296498,305.00815296498,311.87355128592,311.87355128592,305.00815296498,319.90659265512,319.90659265512,319.90659265512,333.64665420097,333.64665420097,333.64665420097,311.87355128592,0.0050468849351909,1.202039657232e-28,1.7564794138294e-28,-0.0031468271339078,-0.0056399338188355,-0.0023326209554855,-8.7261510860756e-27,-0.0027499417983526,-0.00072872995393799,-2.051402028712e-21,-0.00089391936735034,0.0037741450135001,449.89565034057,449.89565034057,456.7610486615,456.7610486615,449.89565034057,464.7940900307,464.7940900307,464.7940900307,478.53415157656,478.53415157656,478.53415157656,456.7610486615,0.038578491610161,0.045340131086986,0.030561130158226,0.035570833705395,662.24142049642,-0.080492438264968,-0.00084491454724785,0.0029910773853976,656.76362232806,0.0030646253794399,-0.080309788787131,0,7.8670066250663e-11,3.7558017126223e-14,0,0,2.8226293619141e-14,3.5546292601834e-14,3.2724540790355e-14,0,3.8080832973902e-14,5.132002456809e-14,0,6.0473577819278e-14,2.9393697561242e-14,1.4959686620376e-12,0,0,1.230265362405e-12,1.4995941937754e-12,1.3448996420491e-12,0,1.4863510137922e-12,1.6055704385432e-12,0,1.7372558572343e-12,1.3470027526135e-12
3.675,1122662178.5167,1122662178.5167,1122662178.5167,544884400.7389,544884400.7389,544884400.7389,1,1,1,390650284.84887,4.5602499252597e-05,0.00010818349649751,3.3244587580592e-05,1.0319269119915,304.26286086845,304.26286086845,311.02804350753,311.02804350753,304.26286086845,319.16804813209,319.16804813209,319.16804813209,333.2529081347,333.2529081347,333.2529081347,311.02804350753,0.004973507440853,7.9301507072992e-28,4.3895308046055e-28,-0.003177081112064,-0.0055638096018783,-0.002358299217459,-1.8737140205002e-26,-0.0028145550169222,-0.00071975780570847,-4.2724726004469e-21,-0.00088361321091323,0.0038025104875978,449.70808868545,449.70808868545,456.47327132453,456.47327132453,449.70808868545,464.61327594909,464.61327594909,464.61327594909,478.6981359517,478.6981359517,478.6981359517,456.47327132453,0.038060035920278,0.046017666557608,0.031045571601649,0.036051052794499,661.48914774549,-0.083634656343315,0.0043447122686262,0.004459156227094,655.81036401423,-0.0009329199864995,-0.084346802438582,0,9.1368558385135e-11,3.8874436499052e-14,0,0,3.010111144429e-14,3.6537539341402e-14,3.4138770369829e-14,0,3.9953041740039e-14,5.4745607476963e-14,0,6.4941460891784e-14,3.0466985408204e-14,1.5509454173641e-12,0,0,1.272834762452e-12,1.5512660774477e-12,1.3931791541088e-12,0,1.5428531472791e-12,1.6829924191174e-12,0,1.8290969519878e-12,1.3900895765824e-12
3.725,1118483892.9906,1118483892.9906,1118483892.9906,540706115.21278,540706115.21278,540706115.21278,1,1,1,391411140.06763,4.6463679720401e-05,0.00010964697562908,3.3832002851063e-05,1.0324313743056,303.55652551652,303.55652551652,310.20587755102,310.20587755102,303.55652551652,318.44285381765,318.44285381765,318.44285381765,332.87101869409,332.87101869409,332.87101869409,310.20587755102,0.0049020182777024,4.73970527748e-27,1.0473632903019e-27,-0.0032084467570424,-0.0054917775459283,-0.0023817393845303,-3.750481695906e-26,-0.0028770359529449,-0.00071178626617562,-7.6134309104929e-21,-0.0008745543597118,0.0038288200817531,449.53402349029,449.53402349029,456.18337552479,456.18337552479,449.53402349029,464.42035179143,464.42035179143,464.42035179143,478.84851666786,478.84851666786,478.84851666786,456.18337552479,0.037366863437616,0.046695437269769,0.03152991892395,0.036531004413038,660.7677652637,-0.091586079640551,0.014217374413305,0.0058375128849957,654.89316944373,-0.0027772844875602,-0.08868185449152,0,1.0593498405564e-10,4.0165009188849e-14,0,0,3.210581088253e-14,3.7670485074931e-14,3.5564979837301e-14,0,4.1830816312526e-14,5.8263889154427e-14,0,6.9574990684325e-14,3.1513571839081e-14,1.6077473180919e-12,0,0,1.3182392356331e-12,1.6045401883418e-12,1.4434756309403e-12,0,1.6020108550334e-12,1.7653900013562e-12,0,1.9274908474155e-12,1.4346564972761e-12
3.775,1114442902.8389,1114442902.8389,1114442902.8389,536665125.06115,536665125.06115,536665125.06115,1,1,1,392093917.3569,4.7303377520132e-05,0.00011110957342031,3.441970530004e-05,1.0329353532712,302.88583162359,302.88583162359,309.40560586088,309.40560586088,302.88583162359,317.73122778411,317.73122778411,317.73122778411,332.49987426572,332.49987426572,332.49987426572,309.40560586088,0.0048157150380606,2.6427216464043e-26,1.9646727968301e-27,-0.0032444113848568,-0.0053961596292875,-0.0024176726531279,-6.7807120334429e-26,-0.0029538794465549,-0.00070270053190674,-1.2123091611644e-20,-0.00086253730550224,0.0038563276464823,449.37169883801,449.37169883801,455.89147307529,455.89147307529,449.37169883801,464.21709499853,464.21709499853,464.21709499853,478.98574148014,478.98574148014,478.98574148014,455.89147307529,0.036663888448536,0.047373241350148,0.032013991590387,0.03701070673279,660.09938899055,-0.090205559919375,-0.0006671101200217,0.0032093997927293,654.04574467378,0.0013350764392077,-0.090504097009883,0,1.2257917134578e-10,4.1401274801416e-14,0,0,3.4224060079422e-14,3.8842901850468e-14,3.6877746450796e-14,0,4.3786608173474e-14,6.1781634525044e-14,0,7.4528859820064e-14,3.2547626189791e-14,1.6662975624156e-12,0,0,1.3666393655569e-12,1.6594723469407e-12,1.4956286401207e-12,0,1.6639344701626e-12,1.8527624268071e-12,0,2.0328905717613e-12,1.4806857916567e-12
3.825,1110527092.2817,1110527092.2817,1110527092.2817,532749314.5039,532749314.5039,532749314.5039,1,1,1,392706369.62596,4.8127796875229e-05,0.00011257151942378,3.5001966817474e-05,1.0334391108273,302.24870001096,302.24870001096,308.6256149245,308.6256149245,302.24870001096,317.03058207276,317.03058207276,317.03058207276,332.13907627094,332.13907627094,332.13907627094,308.6256149245,0.0047390693330049,1.3635530567142e-25,3.0613088073725e-27,-0.0032772249144962,-0.0053154251163936,-0.002446585900566,-1.1478271570095e-25,-0.0030230824136569,-0.00069528577438491,-1.6883525237729e-20,-0.00085448363618023,0.0038839896165963,449.2209926771,449.2209926771,455.59790759064,455.59790759064,449.2209926771,464.0028747389,464.0028747389,464.0028747389,479.11136893708,479.11136893708,479.11136893708,455.59790759064,0.036065674506671,0.048051227338462,0.032497937115151,0.037490149711264,659.45341265359,-0.093735726532178,-0.00079453149382363,0.0030426605055292,653.225680616,0.0011986331126725,-0.093797483050993,0,1.4149213317818e-10,4.2566553424264e-14,0,0,3.6474400872326e-14,4.0084671041288e-14,3.8187214465595e-14,0,4.5744631809968e-14,6.5380072888276e-14,0,7.9584201430512e-14,3.3541896121082e-14,1.7264957595716e-12,0,0,1.4182219579499e-12,1.7161606323706e-12,1.5496335167272e-12,0,1.728627148874e-12,1.9452238125947e-12,0,2.1454396287749e-12,1.5281211960589e-12
3.875,1106732169.9642,1106732169.9642,1106732169.9642,528954392.18645,528954392.18645,528954392.18645,1,1,1,393257302.75092,4.8936157013197e-05,0.00011403303982263,3.5578540305281e-05,1.0339426238731,301.6409985604,301.6409985604,307.86616098394,307.86616098394,301.6409985604,316.34289177209,316.34289177209,316.34289177209,331.78784111921,331.78784111921,331.78784111921,307.86616098394,0.0046626804741349,6.5389639889769e-25,3.9711438052124e-27,-0.0033088021740997,-0.0052339240276313,-0.0024752655928654,-1.8042761521613e-25,-0.0030930631209366,-0.00068793254116557,-2.1155780565655e-20,-0.00084655969731896,0.0039115813935885,449.07854907406,449.07854907406,455.3037114976,455.3037114976,449.07854907406,463.78044228575,463.78044228575,463.78044228575,479.22539163287,479.22539163287,479.22539163287,455.3037114976,0.035309150871963,0.048729356507288,0.032981750103967,0.037969336956261,658.83182309614,-0.096233020880406,-0.00018361335149397,0.0028529602763472,652.43938465511,0.00088059983178598,-0.096134270261464,0,1.6288068206137e-10,4.3660554884893e-14,0,0,3.8845437777334e-14,4.1373415886889e-14,3.9448723591658e-14,0,4.774474663846e-14,6.9031920401463e-14,0,8.4820640398323e-14,3.4511861819916e-14,1.7882411084306e-12,0,0,1.473157702891e-12,1.7746714782395e-12,1.6054224366489e-12,0,1.7961484171022e-12,2.0428496906631e-12,0,2.2653941287954e-12,1.5769283391073e-12
3.925,1103065312.5696,1103065312.5696,1103065312.5696,525287534.79181,525287534.79181,525287534.79181,1,1,1,393754018.269,4.9728530445012e-05,0.00011549421484339,3.6149401620312e-05,1.034445853002,301.0649048682,301.0649048682,307.12891191531,307.12891191531,301.0649048682,315.66964981306,315.66964981306,315.66964981306,331.44594143048,331.44594143048,331.44594143048,307.12891191531,0.0045862484729625,2.9441889144183e-24,4.4669608893434e-27,-0.0033408192986481,-0.0051507389324414,-0.002504663979522,-2.6380901295161e-25,-0.0031621641397307,-0.00068134353873016,-2.402902030125e-20,-0.0008394709696765,0.0039371097825361,448.94602927123,448.94602927123,455.01003631834,455.01003631834,448.94602927123,463.55077421609,463.55077421609,463.55077421609,479.32706583351,479.32706583351,479.32706583351,455.01003631834,0.034773078950844,0.049407583864181,0.033465401153035,0.038448269670828,658.24062070984,-0.097972714883248,-0.0013917955623203,0.0020564133660945,651.69168486322,0.0016811285905202,-0.098655516536322,0,1.8696920160812e-10,4.4705640257987e-14,0,0,4.1337637148244e-14,4.2711245261792e-14,4.0658348252508e-14,0,4.980245061162e-14,7.2713107864293e-14,0,9.0302143295536e-14,3.544803827902e-14,1.851464431198e-12,0,0,1.5316179499825e-12,1.8350743005546e-12,1.6629220241712e-12,0,1.8665797181966e-12,2.1456815539671e-12,0,2.3931006445553e-12,1.627059435601e-12
3.975,1099511210.459,1099511210.459,1099511210.459,521733432.68125,521733432.68125,521733432.68125,1,1,1,394202634.58909,5.0511644817667e-05,0.0001169615533926,3.6716329153526e-05,1.0349489289203,300.5156772424,300.5156772424,306.41142833287,306.41142833287,300.5156772424,315.00985090468,315.00985090468,315.00985090468,331.11217618533,331.11217618533,331.11217618533,306.41142833287,0.0045270452880657,1.2251083477415e-23,4.7050496771438e-27,-0.0033655776256737,-0.0050930547189473,-0.0025241121513231,-3.6235908122347e-25,-0.0032149024855932,-0.00067656940694559,-2.5419558934034e-20,-0.00083584726028317,0.0039543751276764,448.8207301242,448.8207301242,454.71648121466,454.71648121466,448.8207301242,463.31490378648,463.31490378648,463.31490378648,479.41722906712,479.41722906712,479.41722906712,454.71648121466,0.034829227493927,0.050086006082348,0.033948976661575,0.038926933227028,657.66561761556,-0.10285241872556,0.0049983543886118,0.0081480776362598,650.96444550451,-0.0079441765281854,-0.10038675299428,0,2.1397068385555e-10,4.5728760248482e-14,0,0,4.3906985803816e-14,4.40890958131e-14,4.1856546101006e-14,0,5.1928792733729e-14,7.6479097291635e-14,0,9.5944577423765e-14,3.6366888417935e-14,1.9161346641319e-12,0,0,1.5937118047891e-12,1.8974256978062e-12,1.7221161193414e-12,0,1.9400181211583e-12,2.2538393305949e-12,0,2.5287867671842e-12,1.678489982423e-12
4.025,1096079759.2126,1096079759.2126,1096079759.2126,518301981.4348,518301981.4348,518301981.4348,1,1,1,394611711.4421,5.127291582218e-05,0.00011843417141963,3.7276336254269e-05,1.0354516281032,299.99307823823,299.99307823823,305.71687333007,305.71687333007,299.99307823823,314.3670096054,314.3670096054,314.3670096054,330.78680466715,330.78680466715,330.78680466715,305.71687333007,0.0044401973144276,4.9179050614452e-23,4.2687393474295e-27,-0.0034008901983843,-0.0049900753676616,-0.0025610889594884,-4.639871015845e-25,-0.0032967227157209,-0.00066950344328965,-2.3729436183078e-20,-0.00082700968491295,0.0039843159219904,448.70120162225,448.70120162225,454.42499671408,454.42499671408,448.70120162225,463.07513298941,463.07513298941,463.07513298941,479.49492805116,479.49492805116,479.49492805116,454.42499671408,0.034719760041845,0.050764390352186,0.034432299013897,0.039405358725785,657.13135174809,-0.10320750836312,0.00073351192172275,0.0050386830890626,650.28920008836,0.0005902197301778,-0.1036869159907,0,2.4418965292591e-10,4.666565381e-14,0,0,4.6640707263619e-14,4.5536159718696e-14,4.2913120484245e-14,0,5.4161972334361e-14,8.0207850007645e-14,0,1.0209022839253e-13,3.7274554014591e-14,1.982129864647e-12,0,0,1.65967172556e-12,1.9618235524588e-12,1.7828044363339e-12,0,2.0166147169984e-12,2.3672703598845e-12,0,2.6731641527627e-12,1.7312041622418e-12
4.075,1092750113.9822,1092750113.9822,1092750113.9822,514972336.20438,514972336.20438,514972336.20438,1,1,1,394979867.49925,5.2030467503221e-05,0.00011990684986225,3.7833648003044e-05,1.0359541820184,299.49416651583,299.49416651583,305.04112710165,305.04112710165,299.49416651583,313.73645451363,313.73645451363,313.73645451363,330.46879812737,330.46879812737,330.46879812737,305.04112710165,0.0043893986046442,1.8327134969534e-22,3.9677278636711e-27,-0.0034220338644307,-0.0049492972433382,-0.002573923750482,-5.6907007817362e-25,-0.0033330806012633,-0.00066753446164483,-1.9981983465739e-20,-0.00082688375218333,0.0039967293625632,448.58735034564,448.58735034564,454.13431093146,454.13431093146,448.58735034564,462.82963834344,462.82963834344,462.82963834344,479.56198195718,479.56198195718,479.56198195718,454.13431093146,0.03485111856133,0.051442928012515,0.034915498313472,0.039883506355851,656.61512487431,-0.11160841712597,0.0083473143131581,0.0038323956278562,649.63153671378,-0.0099813258419175,-0.10775015029467,0,2.7781062731589e-10,4.7733952942176e-14,0,0,4.9365857161595e-14,4.7024484228882e-14,4.4059498705444e-14,0,5.6476970401692e-14,8.4076345408731e-14,0,1.0837026544881e-13,3.8137095749091e-14,2.0496358682835e-12,0,0,1.7294855902761e-12,2.0283262158189e-12,1.8451139769545e-12,0,2.0964852145022e-12,2.4861722678363e-12,0,2.8264228519183e-12,1.7851381602797e-12
4.125,1089534281.4629,1089534281.4629,1089534281.4629,511756503.68507,511756503.68507,511756503.68507,1,1,1,395317826.03578,5.2762000398749e-05,0.0001213801215654,3.8382893640828e-05,1.0364564255678,299.01714287898,299.01714287898,304.38816366589,304.38816366589,299.01714287898,313.12390210128,313.12390210128,313.12390210128,330.15810425885,330.15810425885,330.15810425885,304.38816366589,0.004298720504682,6.6239930737484e-22,3.1557947345558e-27,-0.0034583365414385,-0.0048382661615767,-0.0026169027044644,-6.3878402024657e-25,-0.0034244501242077,-0.00065941608718827,-1.1740205325176e-20,-0.00081656809209774,0.0040277793734107,448.47558429071,448.47558429071,453.84660507761,453.84660507761,448.47558429071,462.58234351301,462.58234351301,462.58234351301,479.61654567057,479.61654567057,479.61654567057,453.84660507761,0.034857868427381,0.052121394298368,0.035398425965616,0.040361424802828,656.1272332173,-0.10856568987435,-0.001507714965209,0.0027443815413179,649.02049839036,0.0012010837632613,-0.1084650982714,0,3.152353297193e-10,4.8559879864156e-14,0,0,5.2242398736357e-14,4.8566132316088e-14,4.4944757125035e-14,0,5.8971671604966e-14,8.7827657213622e-14,0,1.1533332297305e-13,3.9036361794683e-14,2.1183099089746e-12,0,0,1.8033674991e-12,2.0970090988123e-12,1.9086754620383e-12,0,2.1798837522818e-12,2.6103793318193e-12,0,2.9895288014604e-12,1.8403439125555e-12
4.175,1086405939.5682,1086405939.5682,1086405939.5682,508628161.7904,508628161.7904,508628161.7904,1,1,1,395621471.90464,5.3482798769001e-05,0.00012285364794474,3.892775277744e-05,1.0369584897675,298.56030488473,298.56030488473,303.75231146102,303.75231146102,298.56030488473,312.52181876959,312.52181876959,312.52181876959,329.85345490182,329.85345490182,329.85345490182,303.75231146102,0.0042351392954477,2.2626124271647e-21,2.4896539151389e-27,-0.0034833398128744,-0.0047707356219567,-0.0026422022027194,-6.8688851267782e-25,-0.0034815601000231,-0.00065508231387165,3.3899662990232e-21,-0.00081310888734473,0.0040468070033513,448.36803484579,448.36803484579,453.56004142209,453.56004142209,448.36803484579,462.32954873065,462.32954873065,462.32954873065,479.66118486288,479.66118486288,479.66118486288,453.56004142209,0.034890499538769,0.052799892072896,0.035881129577844,0.040839082420441,655.65835123259,-0.11074377736086,-0.0010900906395189,0.0017996793779286,648.43113601269,0.0013156453310241,-0.11110806137522,0,3.567195687486e-10,4.9463248865078e-14,0,0,5.5074457571521e-14,5.013343277647e-14,4.5840963635715e-14,0,6.1554375033025e-14,9.1635331180116e-14,0,1.2257994199166e-13,3.989507419429e-14,2.1882615063586e-12,0,0,1.881254543938e-12,2.1679084793731e-12,1.9735043745242e-12,0,2.2669347842769e-12,2.7399712599668e-12,0,3.1628830178999e-12,1.8967640675529e-12
4.225,1083374538.5757,1083374538.5757,1083374538.5757,505596760.7979,505596760.7979,505596760.7979,1,1,1,395898998.19393,5.4192356477089e-05,0.00012432743789953,3.9468191183003e-05,1.0374603480244,298.12237643871,298.12237643871,303.1358765453,303.1358765453,298.12237643871,311.93511969122,311.93511969122,311.93511969122,329.55513656532,329.55513656532,329.55513656532,303.1358765453,0.0041750603885754,7.3177599597037e-21,1.9387294099493e-27,-0.0035074002098128,-0.0047079447715584,-0.0026664189622638,-6.9669227564974e-25,-0.0035340801059176,-0.00065148095087094,3.3045749768655e-20,-0.00080981818963376,0.0040619697504482,448.26216846724,448.26216846724,453.27566857383,453.27566857383,448.26216846724,462.07491171976,462.07491171976,462.07491171976,479.69492859385,479.69492859385,479.69492859385,453.27566857383,0.03496484659929,0.053478391859237,0.036363571333293,0.041316479376841,655.21155017985,-0.11223912311136,-0.0018803764075037,0.0017859289277673,647.87096480844,0.0013572473820614,-0.11278715201644,0,4.0257797375787e-10,5.0377687743082e-14,0,0,5.7875305751754e-14,5.1717953199057e-14,4.6691010825769e-14,0,6.4247055624856e-14,9.5423997850432e-14,0,1.3030494116578e-13,4.0756520994668e-14,2.2595063156059e-12,0,0,1.9631025862586e-12,2.2410487102054e-12,2.0395354352749e-12,0,2.3577938416841e-12,2.8749211719027e-12,0,3.3471620329408e-12,1.9544024922987e-12
4.25,1082052007.8146,1082052007.8146,1082052007.8146,504274230.03686,504274230.03686,504274230.03686,1,1,1,396027194.17191,5.4542830140844e-05,0.00012506443353523,3.9737230636592e-05,1.0377122462646,297.93369059279,297.93369059279,302.86667421736,302.86667421736,297.93369059279,311.67881889212,311.67881889212,311.67881889212,329.42368303616,329.42368303616,329.42368303616,302.86667421736,0.0041432808961488,1.3229442794215e-20,1.6541961462043e-27,-0.0035443353336063,-0.0046723647830516,-0.0026985588319383,-6.9099147856948e-25,-0.0035931646158952,-0.00065000590328379,5.8874757832585e-20,-0.00080946050159747,0.0040939522323697,448.221255446,448.221255446,453.15423907057,453.15423907057,448.221255446,461.96638374533,461.96638374533,461.96638374533,479.71124788937,479.71124788937,479.71124788937,453.15423907057,0.03494569916398,0.053818017105602,0.036605066633843,0.04155507667363,654.8560752481,-0.11380799361167,3.7476928600777e-05,0.0028152093462347,647.45783633798,-0.001285773202701,-0.11279204887423,0,4.2658641005217e-10,2.5322217036447e-14,0,0,2.9582145164227e-14,2.6212495588594e-14,2.348929533022e-14,0,3.276099564274e-14,4.8547862247019e-14,0,6.7016279827923e-14,2.0542011295493e-14,2.2953173383682e-12,0,0,2.0049380571539e-12,2.2781187769704e-12,2.0727543153015e-12,0,2.4041248860389e-12,2.9435782171167e-12,0,3.4419373647732e-12,1.9834532832712e-12
4.3,1079133266.6642,1079133266.6642,1079133266.6642,501355488.88646,501355488.88646,501355488.88646,1,1,1,396268768.52101,5.5236475798648e-05,0.00012653865046315,4.0270880291062e-05,1.0382126181014,297.51886057079,297.51886057079,302.27340009173,302.27340009173,297.51886057079,311.10816548972,311.10816548972,311.10816548972,329.13288022101,329.13288022101,329.13288022101,302.27340009173,0.0040849221372665,3.8829033327518e-20,1.3383745003932e-27,-0.0035288376918626,-0.0046145284867773,-0.0026912605815999,-6.2652937187075e-25,-0.0035964453790231,-0.00064565287548118,1.4765807331866e-19,-0.0008035029114463,0.0040718160562447,448.11687018666,448.11687018666,452.8714097076,452.8714097076,448.11687018666,461.70617510559,461.70617510559,461.70617510559,479.73088983688,479.73088983688,479.73088983688,452.8714097076,0.035008206770184,0.054496147197206,0.037086731705283,0.042032083304123,654.60384012108,-0.11423463956128,-0.0020301596390818,0.0013232980277739,647.10311794352,0.0026087198046722,-0.11522821995986,0,4.7953326383691e-10,5.1810542401764e-14,0,0,6.2016106544384e-14,5.4130672700256e-14,4.7893624688847e-14,0,6.8497254414852e-14,1.0110766908858e-13,0,1.4280810825423e-13,4.20847060568e-14,2.3685885101067e-12,0,0,2.0926420761146e-12,2.3546711084435e-12,2.1404861288877e-12,0,2.5009946322177e-12,3.0865660540017e-12,0,3.6438985282832e-12,2.0429700453452e-12
4.35,1076331165.6927,1076331165.6927,1076331165.6927,498553387.9149,498553387.9149,498553387.9149,1,1,1,396493214.87823,5.5920024299501e-05,0.00012801312974966,4.0801167308878e-05,1.0387138365587,297.12273555087,297.12273555087,301.70460416429,301.70460416429,297.12273555087,310.56072842399,310.56072842399,310.56072842399,328.8494949766,328.8494949766,328.8494949766,301.70460416429,0.0040367517167609,1.1125751978844e-19,1.0330793865217e-27,-0.0035574681314771,-0.0045686440786404,-0.0027201491288684,-4.8555298374161e-25,-0.0036503200295917,-0.00064439410266924,3.3578854749538e-19,-0.00080272206460007,0.0040930185849842,448.01211470151,448.01211470151,452.59398331493,452.59398331493,448.01211470151,461.45010757462,461.45010757462,461.45010757462,479.73887412724,479.73887412724,479.73887412724,452.59398331493,0.034903117044714,0.055174566386919,0.037568398837574,0.042508822335779,654.23135534925,-0.11725946307252,-0.0018248681980787,0.0021869718178935,646.63188150818,0.0013918889568091,-0.11699055674799,0,5.3765199778871e-10,5.2785994415119e-14,0,0,6.4686412267649e-14,5.5709161122757e-14,4.8650274275415e-14,0,7.1384441559686e-14,1.0493502484224e-13,0,1.5166530552849e-13,4.2981891312296e-14,2.4432391793119e-12,0,0,2.1841224776447e-12,2.4334557596517e-12,2.2092880065812e-12,0,2.6019474776138e-12,3.2349665893015e-12,0,3.858385660303e-12,2.1037556189755e-12
4.4,1073609670.7212,1073609670.7212,1073609670.7212,495831892.94345,495831892.94345,495831892.94345,1,1,1,396699767.92391,5.6595226524485e-05,0.00012948785981634,4.1344367526905e-05,1.0392149729904,296.74097192234,296.74097192234,301.15272782518,301.15272782518,296.74097192234,310.02782063007,310.02782063007,310.02782063007,328.5708806117,328.5708806117,328.5708806117,301.15272782518,0.0039890273316192,3.0365669174826e-19,7.7330433881762e-28,-0.0035766731102073,-0.0045226193582502,-0.0027404848468161,-1.4051287634965e-25,-0.0036898359869507,-0.00064295337788703,7.2095879887837e-19,-0.00080114711576754,0.0041026412121966,447.90721961327,447.90721961327,452.31897551611,452.31897551611,447.90721961327,461.194068321,461.194068321,461.194068321,479.73712830263,479.73712830263,479.73712830263,452.31897551611,0.034968675987614,0.055852964476553,0.038049751160371,0.042985292753924,653.86555083625,-0.11882921527904,-0.0012484581509054,0.002275227671351,646.1736212948,-6.6711306520035e-05,-0.11842654781988,0,6.0121543941222e-10,5.3764602553162e-14,0,0,6.7227854216648e-14,5.725734440408e-14,4.9353015546159e-14,0,7.4315911710043e-14,1.0868734265865e-13,0,1.6078627909107e-13,4.3884018250814e-14,2.5192738094182e-12,0,0,2.2791970208472e-12,2.5144298726534e-12,2.2790837105105e-12,0,2.7070460478543e-12,3.3886737033477e-12,0,4.0857717968371e-12,2.1658169927573e-12
4.45,1070972359.5363,1070972359.5363,1070972359.5363,493194581.75855,493194581.75855,493194581.75855,1,1,1,396890725.61315,5.7261212058801e-05,0.00013096285987466,4.1896630335815e-05,1.0397159362457,296.37291695431,296.37291695431,300.61916479541,300.61916479541,296.37291695431,309.51089086774,309.51089086774,309.51089086774,328.29759631065,328.29759631065,328.29759631065,300.61916479541,0.0039409146815096,7.9788227551394e-19,5.5712725974593e-28,-0.0035950453027838,-0.0044770274865128,-0.0027606540437434,8.3234830232103e-25,-0.0037264406373428,-0.0006417950747648,1.4923340150326e-18,-0.00079926207926413,0.0041116929632031,447.80116506618,447.80116506618,452.04741290728,452.04741290728,447.80116506618,460.93913897961,460.93913897961,460.93913897961,479.72584442252,479.72584442252,479.72584442252,452.04741290728,0.034952142399794,0.056531280179949,0.038530729186716,0.04346149623579,653.519243153,-0.12009525361261,-0.0026523442105595,0.00046647596139674,645.74005475787,0.00046911453675386,-0.12030342637087,0,6.7053210522131e-10,5.4770420064691e-14,0,0,6.966477499406e-14,5.8779131335291e-14,5.0011786004745e-14,0,7.7352176166126e-14,1.1241883970115e-13,0,1.7015553887578e-13,4.4803273033606e-14,2.5967308802905e-12,0,0,2.3777178904634e-12,2.5975561173723e-12,2.349811056557e-12,0,2.8164385444675e-12,3.5476579511193e-12,0,4.3264080676282e-12,2.2291783891201e-12
4.5,1068413212.9688,1068413212.9688,1068413212.9688,490635435.19103,490635435.19103,490635435.19103,1,1,1,397067095.84435,5.792065018237e-05,0.00013243807378524,4.244686231936e-05,1.0402167475155,296.01785657785,296.01785657785,300.10277567161,300.10277567161,296.01785657785,309.00899297401,309.00899297401,309.00899297401,328.02892368867,328.02892368867,328.02892368867,300.10277567161,0.003900667810185,1.9997078073884e-18,3.8455564533598e-28,-0.0036070343235395,-0.0044428756828685,-0.0027774330086851,3.7217715132218e-24,-0.0037579345802465,-0.00064084881678728,2.9753143491144e-18,-0.00079727065312088,0.0041172591919973,447.69391089289,447.69391089289,451.77882998665,451.77882998665,447.69391089289,460.68504728905,460.68504728905,460.68504728905,479.70497800371,479.70497800371,479.70497800371,451.77882998665,0.035027666126412,0.057209560778702,0.039011376074911,0.043937425698666,653.19022566695,-0.12263069783374,-0.0017582389752502,0.0056401058676027,645.32837053427,-0.0017740847659338,-0.12240468796481,0,7.4584986753486e-10,5.5761156636818e-14,0,0,7.1940622731527e-14,6.0210575354194e-14,5.0630163960862e-14,0,8.0462778641286e-14,1.1605200414928e-13,0,1.794983688689e-13,4.5756185866592e-14,2.6755890642599e-12,0,0,2.4794572948159e-12,2.6827067296365e-12,2.4214129210956e-12,0,2.9302300972882e-12,3.7117802693278e-12,0,4.5802570953064e-12,2.2938874077351e-12
4.55,1065931104.3994,1065931104.3994,1065931104.3994,488153326.62163,488153326.62163,488153326.62163,1,1,1,397231355.79489,5.8571918508727e-05,0.00013391355375388,4.2995044105521e-05,1.0407173485999,295.67491208784,295.67491208784,299.60349898173,299.60349898173,295.67491208784,308.52264963104,308.52264963104,308.52264963104,327.76469811622,327.76469811622,327.76469811622,299.60349898173,0.0038568379282706,4.8309680253853e-18,2.589740838527e-28,-0.003623306278825,-0.0044036005633417,-0.0027947170719118,1.2389684575496e-23,-0.0037869624001136,-0.00064096519712112,5.7564630813736e-18,-0.00079689507304256,0.0041235150625889,447.58504689109,447.58504689109,451.51363378498,451.51363378498,447.58504689109,460.43278443429,460.43278443429,460.43278443429,479.67483291947,479.67483291947,479.67483291947,451.51363378498,0.034992290845011,0.057887688689034,0.039491589528438,0.044413085352823,652.88587536618,-0.12432229526944,-0.002493085331303,0.0017382694094635,644.94722730882,0.00017075038591841,-0.12378292605912,0,8.273936542063e-10,5.6798877629805e-14,0,0,7.4049800564682e-14,6.1617618464272e-14,5.1190968380617e-14,0,8.369040164113e-14,1.1965666666816e-13,0,1.887955751153e-13,4.6745847633168e-14,2.7559148073316e-12,0,0,2.5841795270655e-12,2.7698472013498e-12,2.4938078828505e-12,0,3.0485861983296e-12,3.8810003501582e-12,0,4.8472543581505e-12,2.3599960194425e-12
4.6,1063521467.5159,1063521467.5159,1063521467.5159,485743689.73809,485743689.73809,485743689.73809,1,1,1,397383541.45476,5.9217462115445e-05,0.00013538924945506,4.3541471096596e-05,1.0412177678885,295.34357825433,295.34357825433,299.12018877112,299.12018877112,295.34357825433,308.05150011901,308.05150011901,308.05150011901,327.50434013075,327.50434013075,327.50434013075,299.12018877112,0.0038204257572033,1.1180234297849e-17,1.7188171956226e-28,-0.0036344519930749,-0.0043747231521826,-0.0028091447061205,3.7480345738453e-23,-0.0038103691397255,-0.00064149795425686,1.076615460178e-17,-0.00079653454873783,0.0041264940358794,447.47468070894,447.47468070894,451.25129122572,451.25129122572,447.47468070894,460.18260257362,460.18260257362,460.18260257362,479.63544258536,479.63544258536,479.63544258536,451.25129122572,0.035077865196643,0.058565699813594,0.039971416033239,0.044888469131888,652.6028432239,-0.12606702903946,-0.0018172637723753,0.0018018511154505,644.59257815738,-0.00018211303789627,-0.12551470807824,0,9.1536478537095e-10,5.7848098337188e-14,0,0,7.5986425809443e-14,6.2958129336668e-14,5.1690103425494e-14,0,8.7007153503679e-14,1.2312821115773e-13,0,1.9787321672379e-13,4.7785656692537e-14,2.8377243725575e-12,0,0,2.6916405610015e-12,2.8588834417194e-12,2.5669087281553e-12,0,3.171632894838e-12,4.0551299362882e-12,0,5.1270893448717e-12,2.427575143224e-12
4.65,1061182005.7684,1061182005.7684,1061182005.7684,483404227.9906,483404227.9906,483404227.9906,1,1,1,397525555.09232,5.9857502028218e-05,0.00013686516477544,4.4086202351668e-05,1.0417180201837,295.02261402124,295.02261402124,298.65288279128,298.65288279128,295.02261402124,307.59540686349,307.59540686349,307.59540686349,327.24795398198,327.24795398198,327.24795398198,298.65288279128,0.0037864963465186,2.4873330230706e-17,1.1467484474268e-28,-0.0036436246947934,-0.0043499857019086,-0.00282236733632,1.0723532144886e-22,-0.0038306358024555,-0.00064239059188701,1.9522803699611e-17,-0.00079616301598432,0.0041294631420591,447.36216023164,447.36216023164,450.99242900168,450.99242900168,447.36216023164,459.93495307389,459.93495307389,459.93495307389,479.58750019238,479.58750019238,479.58750019238,450.99242900168,0.035083335710915,0.059243579451988,0.040450834461107,0.045363576067611,652.33937744055,-0.12800171500986,-0.0017823040564341,0.0018646557645932,644.26272478593,-0.00090257470710569,-0.12680089708629,0,1.0099496638605e-09,5.8921354086848e-14,0,0,7.7724732908679e-14,6.4227170776424e-14,5.2107786675897e-14,0,9.0394645786432e-14,1.2650415432717e-13,0,2.0674013671747e-13,4.8880592943575e-14,2.9210517506205e-12,0,0,2.8015599324128e-12,2.9497143777042e-12,2.6406002667776e-12,0,3.2994702288751e-12,4.2340338270343e-12,0,5.4194640501044e-12,2.4967027407017e-12
4.7,1058907273.0555,1058907273.0555,1058907273.0555,481129495.27772,481129495.27772,481129495.27772,1,1,1,397658252.72762,6.0492773069819e-05,0.0001383421233914,4.4629331558988e-05,1.0422181086461,294.71077506533,294.71077506533,298.20071188346,298.20071188346,294.71077506533,307.15376155448,307.15376155448,307.15376155448,326.99490156704,326.99490156704,326.99490156704,298.20071188346,0.0037549679250581,5.3242233838413e-17,7.9966154871809e-29,-0.0036509489832361,-0.0043302517053632,-0.0028339452281814,2.9542377347714e-22,-0.0038465558476942,-0.00064381154757507,3.4356008990862e-17,-0.00079659937986085,0.0041315944264623,447.24695605005,447.24695605005,450.73689286819,450.73689286819,447.24695605005,459.68994253921,459.68994253921,459.68994253921,479.53108255176,479.53108255176,479.53108255176,450.73689286819,0.035098866131489,0.059921310678253,0.0409298196367,0.045838404343033,652.09541976659,-0.13076499234138,-0.00030615557343018,0.0010656093558066,643.95695673006,-0.0026088571285192,-0.12807126972188,0,1.1112989961239e-09,6.0020990870013e-14,0,0,7.9270109245807e-14,6.5450458532578e-14,5.2447428975579e-14,0,9.3830391516571e-14,1.2979167162719e-13,0,2.1538228529454e-13,5.0039277056044e-14,3.005934249936e-12,0,0,2.913664795999e-12,3.0422753038245e-12,2.7147721321464e-12,0,3.4321664411206e-12,4.4175869693325e-12,0,5.7240605990628e-12,2.5674689649657e-12
4.75,1056698472.4233,1056698472.4233,1056698472.4233,478920694.64552,478920694.64552,478920694.64552,1,1,1,397782455.48079,6.1123908352745e-05,0.00013981940329233,4.5171103512707e-05,1.04271800687,294.40835120761,294.40835120761,297.76416101427,297.76416101427,294.40835120761,306.72646961473,306.72646961473,306.72646961473,326.74548182449,326.74548182449,326.74548182449,297.76416101427,0.0037275929075095,1.0845703291747e-16,5.8822591523411e-29,-0.0036574096408732,-0.0043109003284722,-0.0028449042445822,7.7430188741875e-22,-0.0038621618742989,-0.00064562343000519,5.8230248650029e-17,-0.00079685566913742,0.0041294917522147,447.12966430442,447.12966430442,450.48547411108,450.48547411108,447.12966430442,459.44778271154,459.44778271154,459.44778271154,479.4667949213,479.4667949213,479.4667949213,450.48547411108,0.035156826073377,0.060598859652049,0.041408343987766,0.04631295230667,651.87359776885,-0.1301518088808,-0.0011092418428957,0.0016997658146537,643.68058086134,-0.00025957785300382,-0.12906232499186,0,1.2193496184327e-09,6.1156023935879e-14,0,0,8.057920669567e-14,6.6596584362616e-14,5.2692739830337e-14,0,9.7275656490202e-14,1.3281648302836e-13,0,2.2368439387335e-13,5.1263188754985e-14,3.0924219284069e-12,0,0,3.0276210029533e-12,3.1364570966379e-12,2.7892909194531e-12,0,3.5697349938178e-12,4.6054178409379e-12,0,6.0403981025697e-12,2.6399660617535e-12
4.8,1054551024.294,1054551024.294,1054551024.294,476773246.51625,476773246.51625,476773246.51625,1,1,1,397899330.29798,6.1756116499443e-05,0.00014129670054646,4.5713011546541e-05,1.043217724099,294.11513019883,294.11513019883,297.34147636486,297.34147636486,294.11513019883,306.3129959173,306.3129959173,306.3129959173,326.49941078207,326.49941078207,326.49941078207,297.34147636486,0.0037139062912792,2.1183609483537e-16,4.9461070040564e-29,-0.0036562471904521,-0.0043185690537944,-0.0028450620517329,2.0191421001947e-21,-0.0038539979882236,-0.00064931500560835,9.5263831518509e-17,-0.00080018769541773,0.0041241676894414,447.01081977357,447.01081977357,450.2371659396,450.2371659396,447.01081977357,459.20868549204,459.20868549204,459.20868549204,479.39510035681,479.39510035681,479.39510035681,450.2371659396,0.035109005776648,0.061276257954654,0.041886437137341,0.046787207464797,651.676017514,-0.13348717658949,0.0032971328937847,0.0023374950124728,643.42988197688,-0.011641442107734,-0.13148508941963,0,1.3340055710673e-09,6.2386764123662e-14,0,0,8.157964540684e-14,6.7653203505055e-14,5.2902022632373e-14,0,1.007690713247e-13,1.3588060592882e-13,0,2.3160311887933e-13,5.2544951475978e-14,3.1806501363432e-12,0,0,3.1429920439012e-12,3.2321331745727e-12,2.8641056773367e-12,0,3.7122439811529e-12,4.7975820367059e-12,0,6.3679343743768e-12,2.714275844765e-12
4.85,1052463720.0792,1052463720.0792,1052463720.0792,474685942.30137,474685942.30137,474685942.30137,1,1,1,398009935.3971,6.237919469124e-05,0.00014277433310315,4.6252445378502e-05,1.0437173507184,293.82992698779,293.82992698779,296.9325626233,296.9325626233,293.82992698779,305.91430956255,305.91430956255,305.91430956255,326.25630943146,326.25630943146,326.25630943146,296.9325626233,0.0036785319876101,4.0248514651536e-16,5.0851513850867e-29,-0.0036685926191807,-0.0042857519736952,-0.0028631898056921,5.0092534878303e-21,-0.0038791974042554,-0.00065079720021143,1.52210400776e-16,-0.00079869010091781,0.0041276149928951,446.88938866378,446.88938866378,449.99202429929,449.99202429929,446.88938866378,458.97377123853,458.97377123853,458.97377123853,479.31577110745,479.31577110745,479.31577110745,449.99202429929,0.035121878587741,0.061953421744955,0.042364046750805,0.047261193552179,651.4869853506,-0.13345149089178,-0.0016942233105128,0.0012737761774004,643.1946997602,-0.0012851955166734,-0.13249347423064,0,1.4553069838649e-09,6.3601393151156e-14,0,0,8.2563441791075e-14,6.8729286696859e-14,5.2976396872602e-14,0,1.0423650320375e-13,1.3877626332204e-13,0,2.395553761936e-13,5.3944268792208e-14,3.2705960891234e-12,0,0,3.2597543830384e-12,3.3293310639516e-12,2.9390256162796e-12,0,3.859656657678e-12,4.9938413104314e-12,0,6.7067168363292e-12,2.7905645613033e-12
4.9,1050430138.8215,1050430138.8215,1050430138.8215,472652361.04373,472652361.04373,472652361.04373,1,1,1,398113080.05481,6.3000762858634e-05,0.00014425210854992,4.679118228113e-05,1.0442167871798,293.55255743302,293.55255743302,296.5367215506,296.5367215506,293.55255743302,305.52721936125,305.52721936125,305.52721936125,326.0162000252,326.0162000252,326.0162000252,296.5367215506,0.0036589268405741,7.3370921358832e-16,7.138457408305e-29,-0.0036709340579017,-0.0042798264188986,-0.002869040797806,1.2109191074295e-20,-0.0038812012658581,-0.00065392696720543,2.3522957879754e-16,-0.00080018935644371,0.0041243291477242,446.76623988956,446.76623988956,449.75040400713,449.75040400713,446.76623988956,458.74090181778,458.74090181778,458.74090181778,479.22988248174,479.22988248174,479.22988248174,449.75040400713,0.035218277540453,0.062630350322839,0.042841176275743,0.047734893787067,651.32127377346,-0.13449930127242,-0.0021935128938438,0.00057875677884925,642.98708950038,-0.001369737448177,-0.13404356156861,0,1.5830479160063e-09,6.4904823611125e-14,0,0,8.3225676222385e-14,6.9689756900336e-14,5.2993614105354e-14,0,1.0772555923009e-13,1.4164468935155e-13,0,2.4706627448824e-13,5.5403019185455e-14,3.3623853709376e-12,0,0,3.3774532630897e-12,3.4278872633186e-12,3.0139699040666e-12,0,4.0120036045554e-12,5.1941571511505e-12,0,7.0561213125154e-12,2.8689162624318e-12
4.95,1048447189.6019,1048447189.6019,1048447189.6019,470669411.82413,470669411.82413,470669411.82413,1,1,1,398210526.09791,6.3620873994478e-05,0.00014573002802622,4.7329212306942e-05,1.0447161046401,293.28221596136,293.28221596136,296.15277557098,296.15277557098,293.28221596136,305.15251412113,305.15251412113,305.15251412113,325.77848367911,325.77848367911,325.77848367911,296.15277557098,0.0036419235253986,1.2877977882283e-15,1.2734112177765e-28,-0.0036717561258782,-0.004279701073956,-0.0028737177863334,2.8427189310057e-20,-0.0038807886491141,-0.00065732141181874,3.5225067022113e-16,-0.00080148181924657,0.004121067882009,446.64090659862,446.64090659862,449.51146620825,449.51146620825,446.64090659862,458.51120475839,458.51120475839,458.51120475839,479.13717431638,479.13717431638,479.13717431638,449.51146620825,0.035244217011998,0.063307072798773,0.043317866649301,0.048208307466758,651.17011012987,-0.13786578568811,-0.0027748917139776,0.0016367411038247,642.79716600156,-0.0029465549251255,-0.13582556617294,0,1.716981941257e-09,6.6274761668768e-14,0,0,8.3656692753667e-14,7.0537637128464e-14,5.293760857209e-14,0,1.1120074700933e-13,1.4448059484536e-13,0,2.54184828696e-13,5.6923690024739e-14,3.4561120377327e-12,0,0,3.4957616925652e-12,3.5276425464034e-12,3.0888349880688e-12,0,4.169265209122e-12,5.3984835678806e-12,0,7.4155929446068e-12,2.9494185168851e-12
5,1046512628.6652,1046512628.6652,1046512628.6652,468734850.88744,468734850.88744,468734850.88744,1,1,1,398302701.30943,6.4238602894969e-05,0.00014720809972211,4.7866509744369e-05,1.0452153022075,293.0184717882,293.0184717882,295.78056975072,295.78056975072,293.0184717882,304.78934421052,304.78934421052,304.78934421052,325.54307366222,325.54307366222,325.54307366222,295.78056975072,0.003622531147735,2.1819735518323e-15,2.4865679092602e-28,-0.0036741781866929,-0.0042736305436843,-0.0028801352532812,6.4913617810669e-20,-0.0038829635005464,-0.00066091361635948,5.1246347404397e-16,-0.00080321298164715,0.0041194449865856,446.51344586446,446.51344586446,449.27554382698,449.27554382698,446.51344586446,458.28431828678,458.28431828678,458.28431828678,479.03804773847,479.03804773847,479.03804773847,449.27554382698,0.035275252487147,0.063983539928341,0.043794077942582,0.048681437554046,651.03279847279,-0.13884682279562,-0.00094070934683401,0.0010920980049245,642.62709248599,-0.0022487304786637,-0.13698378491321,0,1.8568119784895e-09,6.7660217708116e-14,0,0,8.3920838891486e-14,7.1334001711861e-14,5.2809770656868e-14,0,1.146610966909e-13,1.4732907173792e-13,0,2.6089399784006e-13,5.8516339745566e-14,3.5517980352486e-12,0,0,3.6144436810913e-12,3.6285240590827e-12,3.1635192819576e-12,0,4.3314204871388e-12,5.6068383392642e-12,0,7.784552774694e-12,3.0321731181737e-12
5.05,1044622452.2336,1044622452.2336,1044622452.2336,466844674.45581,466844674.45581,466844674.45581,1,1,1,398389682.64136,6.4855603637611e-05,0.00014868630943519,4.8403352458953e-05,1.0457143391715,292.76106285719,292.76106285719,295.41865168962,295.41865168962,292.76106285719,304.43711823853,304.43711823853,304.43711823853,325.30983619458,325.30983619458,325.30983619458,295.41865168962,0.0036087450090851,3.5576538304549e-15,4.9477426178029e-28,-0.0036749846359498,-0.0042751975471838,-0.0028840958902998,1.4573776493252e-19,-0.0038765793195222,-0.00066524149574805,7.2189677184312e-16,-0.00080520891435598,0.0041141693272723,446.38429470506,446.38429470506,449.04188353749,449.04188353749,446.38429470506,458.06035008641,458.06035008641,458.06035008641,478.93306804245,478.93306804245,478.93306804245,449.04188353749,0.035296780207877,0.064659703523007,0.044269780939353,0.049154281046143,650.91528159339,-0.13947020597193,-0.0033743889017732,-0.00027219396250957,642.48127398308,-0.0027438303402512,-0.13824302601476,0,2.0021086161964e-09,6.9141195091624e-14,0,0,8.3969179517212e-14,7.2030111179782e-14,5.2632314643337e-14,0,1.1814655387544e-13,1.5016946920453e-13,0,2.6720980575637e-13,6.0139803643722e-14,3.6495784510658e-12,0,0,3.7331940335859e-12,3.7303900192124e-12,3.2379526151453e-12,0,4.4985049459771e-12,5.8192100392676e-12,0,8.1624445059937e-12,3.1172236441251e-12
5.1,1042774546.683,1042774546.683,1042774546.683,464996768.90521,464996768.90521,464996768.90521,1,1,1,398472133.34467,6.547095584145e-05,0.00015016466341709,4.8939639694815e-05,1.046213307504,292.50960456945,292.50960456945,295.06719914686,295.06719914686,292.50960456945,304.0951171623,304.0951171623,304.0951171623,325.07840702672,325.07840702672,325.07840702672,295.06719914686,0.0035929828286058,5.594733323559e-15,9.5495683543493e-28,-0.0036769421187733,-0.0042733043047815,-0.00289059019587,3.17179170264e-19,-0.0038752105479814,-0.0006691998393536,9.8868543262428e-16,-0.00080682318745441,0.0041107745866244,446.25350131962,446.25350131962,448.81109589702,448.81109589702,446.25350131962,457.83901391246,457.83901391246,457.83901391246,478.82230377689,478.82230377689,478.82230377689,448.81109589702,0.03531830416338,0.065335610877476,0.044745026109449,0.049626839009708,650.80507246991,-0.14005321085024,-0.0022654550074069,-0.00074839719263733,642.34710640737,-0.0011000625234305,-0.13964217285382,0,2.1524844421365e-09,7.061882192348e-14,0,0,8.388365461434e-14,7.2660756458263e-14,5.2405918812964e-14,0,1.2161385742491e-13,1.5300027075421e-13,0,2.7308913111648e-13,6.1761702676197e-14,3.7494485467888e-12,0,0,3.8518234356029e-12,3.8331478464479e-12,3.3120657762792e-12,0,4.67049291252e-12,6.0355850972149e-12,0,8.5486508589553e-12,3.204567881685e-12
5.15,1040966331.2506,1040966331.2506,1040966331.2506,463188553.47283,463188553.47283,463188553.47283,1,1,1,398550203.71968,6.6085559229263e-05,0.00015164314394705,4.9475625082255e-05,1.0467121679764,292.2635089923,292.2635089923,294.72574468274,294.72574468274,292.2635089923,303.76283854627,303.76283854627,303.76283854627,324.84861895154,324.84861895154,324.84861895154,294.72574468274,0.0035794628064966,8.5080560801519e-15,1.78668936197e-27,-0.0036769837929323,-0.0042751582869899,-0.0028956666084849,6.7567154477357e-19,-0.0038693348727642,-0.00067377884795342,1.314060115827e-15,-0.00080882940481577,0.0041062558347255,446.12092294991,446.12092294991,448.58315864035,448.58315864035,446.12092294991,457.62025250388,457.62025250388,457.62025250388,478.70603290915,478.70603290915,478.70603290915,448.58315864035,0.035323771112429,0.066011214290178,0.045219777463439,0.050099111117455,650.70812713787,-0.14169725433425,-0.0018493011527645,-0.0014901629990893,642.2297058917,-0.0011028893959654,-0.14087321416717,0,2.307407278606e-09,7.216912613206e-14,0,0,8.3639683718047e-14,7.3169423039699e-14,5.2168691453207e-14,0,1.2509494966214e-13,1.5595941440169e-13,0,2.7859562815205e-13,6.3377394012455e-14,3.8515111037494e-12,0,0,3.9701078106696e-12,3.9366250368617e-12,3.3858434472636e-12,0,4.8474038869165e-12,6.2561450162416e-12,0,8.9426445747058e-12,3.2941970518453e-12
5.2,1039193290.3058,1039193290.3058,1039193290.3058,461415512.52801,461415512.52801,461415512.52801,1,1,1,398624170.69351,6.6699736404623e-05,0.00015312175641855,5.0011251569938e-05,1.047210942546,292.0216766833,292.0216766833,294.39282551031,294.39282551031,292.0216766833,303.43998503771,303.43998503771,303.43998503771,324.62035405723,324.62035405723,324.62035405723,294.39282551031,0.00356735469547,1.251267730617e-14,3.2543959556394e-27,-0.0036762551162531,-0.0042787713103329,-0.0029011848882211,1.4067625824484e-18,-0.003862287887317,-0.00067840519354655,1.6961922405618e-15,-0.00081080889058185,0.0041010264241107,445.98598369216,445.98598369216,448.35713251917,448.35713251917,445.98598369216,457.40429204657,457.40429204657,457.40429204657,478.58466106609,478.58466106609,478.58466106609,448.35713251917,0.035322905987963,0.066686505234916,0.045694029241395,0.050571096716999,650.62147628419,-0.14374510328224,-0.0018855387173917,-0.00041867930886711,642.12608039466,-0.00083422009026033,-0.14263249358005,0,2.4662600679767e-09,7.3772998482634e-14,0,0,8.3279769597764e-14,7.3590471325731e-14,5.1935025736071e-14,0,1.2854854023632e-13,1.5897659282846e-13,0,2.836067292976e-13,6.4949074836974e-14,3.9558418787405e-12,0,0,4.087883190306e-12,4.040697679472e-12,3.4592906650217e-12,0,5.029198975942e-12,6.4809718699194e-12,0,9.3437250576587e-12,3.3860489143433e-12
5.25,1037453366.2004,1037453366.2004,1037453366.2004,459675588.42258,459675588.42258,459675588.42258,1,1,1,398694333.47812,6.731394804857e-05,0.0001546004654535,5.0546907387209e-05,1.0477096218924,291.78440836693,291.78440836693,294.0682681223,294.0682681223,291.78440836693,303.12560049656,303.12560049656,303.12560049656,324.39321014411,324.39321014411,324.39321014411,294.0682681223,0.0035558575277929,1.7845308091536e-14,5.7700353006375e-27,-0.0036753885387214,-0.0042857403063682,-0.0029050605585676,2.8653404413755e-18,-0.0038515509121422,-0.00068358804515191,2.1287385532449e-15,-0.0008134135366333,0.0040955894672036,445.84934892452,445.84934892452,448.1332086799,448.1332086799,445.84934892452,457.19054105416,457.19054105416,457.19054105416,478.45815070171,478.45815070171,478.45815070171,448.1332086799,0.035313498338473,0.067361460076432,0.046167776005067,0.051042795654884,650.54606311201,-0.14566767593496,-0.0015139291009128,-0.00074040447110924,642.03884863533,-0.0036481590108393,-0.14228554154967,0,2.6284194315705e-09,7.544386356383e-14,0,0,8.2797211800529e-14,7.3911009500468e-14,5.1721740743364e-14,0,1.31950856048e-13,1.6212451504353e-13,0,2.8817715434422e-13,6.6465462304336e-14,4.0625356137903e-12,0,0,4.204976130161e-12,4.1452236315162e-12,3.5324362522506e-12,0,5.2158056661318e-12,6.7102505578872e-12,0,9.7512690976984e-12,3.4800452725635e-12
5.3,1035746025.2249,1035746025.2249,1035746025.2249,457968247.44711,457968247.44711,457968247.44711,1,1,1,398760895.54778,6.7928623395287e-05,0.00015607928034865,5.1082512238292e-05,1.0482082334516,291.55144612027,291.55144612027,293.75194787275,293.75194787275,291.55144612027,302.81941039087,302.81941039087,302.81941039087,324.16738059741,324.16738059741,324.16738059741,293.75194787275,0.0035479900277292,2.4535040172001e-14,9.9346755050384e-27,-0.0036752473492689,-0.0042921075020788,-0.0029094716813242,5.6784307457918e-18,-0.0038397993943994,-0.00068882807426587,2.5982246818799e-15,-0.00081578888795859,0.0040883174872661,445.71102736697,445.71102736697,447.91152911944,447.91152911944,445.71102736697,456.97899163757,456.97899163757,456.97899163757,478.32696184411,478.32696184411,478.32696184411,447.91152911944,0.035316794528186,0.068036078087938,0.046641022164864,0.051514207008625,650.47842512211,-0.14739214837664,-0.0010506334935268,0.00018966696235841,641.96148378683,-0.0020241363909583,-0.1456146412969,0,2.7932297866766e-09,7.7144342297822e-14,0,0,8.2216973221061e-14,7.411114696729e-14,5.1534002141022e-14,0,1.3525550936735e-13,1.652071377304e-13,0,2.9229935937308e-13,6.7892578868443e-14,4.1716341889282e-12,0,0,4.3212484887475e-12,4.2500326206804e-12,3.6053163370018e-12,0,5.4070858418648e-12,6.9438887326663e-12,0,1.0164642815997e-11,3.5760598783837e-12
5.35,1034066327.2689,1034066327.2689,1034066327.2689,456288549.49112,456288549.49112,456288549.49112,1,1,1,398824238.40246,6.854311874741e-05,0.00015755820500799,5.1646246596553e-05,1.0487067767378,291.32224111694,291.32224111694,293.44275325946,293.44275325946,291.32224111694,302.52020573157,302.52020573157,302.52020573157,323.94255509792,323.94255509792,323.94255509792,293.44275325946,0.0035373992373114,3.2798573837469e-14,1.6659381009963e-26,-0.0036748860198446,-0.0042964523262277,-0.0029163460019142,1.1004377426769e-17,-0.0038297299385125,-0.00069424255458283,3.0950577525326e-15,-0.00081819296387868,0.0040815617809851,445.57095238434,445.57095238434,447.69146452686,447.69146452686,445.57095238434,456.76891699897,456.76891699897,456.76891699897,478.19126636533,478.19126636533,478.19126636533,447.69146452686,0.035315810487245,0.068710325010123,0.047113745823532,0.051985333297114,650.41838843575,-0.14814382337263,-0.0014640524903118,0.00039284715368421,641.89703803528,-0.0018484276822903,-0.14696383576678,0,2.9601236433162e-09,7.8880029605329e-14,0,0,8.1583439533688e-14,7.4258981672205e-14,5.1361814367761e-14,0,1.3844864740491e-13,1.6830485386141e-13,0,2.9600272532785e-13,6.9255065371335e-14,4.2831873965965e-12,0,0,4.4366248954011e-12,4.3550506796892e-12,3.6779529114687e-12,0,5.602881796717e-12,7.1819077396104e-12,0,1.0583253884655e-11,3.6740013310949e-12
5.4,1032414233.006,1032414233.006,1032414233.006,454636455.22824,454636455.22824,454636455.22824,1,1,1,398884361.54747,6.9157900485204e-05,0.00015903722863113,5.2218316442845e-05,1.0492052565912,291.0970678765,291.0970678765,293.14053917686,293.14053917686,291.0970678765,302.22783537319,302.22783537319,302.22783537319,323.71873386786,323.71873386786,323.71873386786,293.14053917686,0.0035278262822379,4.264933301321e-14,2.7449776417408e-26,-0.0036743575357416,-0.0043022337664236,-0.0029229988864989,2.0804694092119e-17,-0.0038178055303094,-0.00069984409008207,3.5963740405309e-15,-0.00082064570989825,0.0040745080544405,445.42960800988,445.42960800988,447.47307931024,447.47307931024,445.42960800988,456.56037550656,456.56037550656,456.56037550656,478.05127400123,478.05127400123,478.05127400123,447.47307931024,0.035294359019857,0.069384185506784,0.047585939715051,0.052456174177692,650.36583513222,-0.14974175103427,-0.001089010767606,0.00043817202034849,641.84312176669,-0.0016617231827431,-0.14847628575226,0,3.1284419612196e-09,8.066710900239e-14,0,0,8.0903745402132e-14,7.4351619337647e-14,5.1221865188228e-14,0,1.4148017768925e-13,1.7133381590445e-13,0,2.9922410468406e-13,7.0542115734972e-14,4.3972679161851e-12,0,0,4.5510400693956e-12,4.4601997481409e-12,3.750391567908e-12,0,5.8029649828121e-12,7.4242103457556e-12,0,1.1006420671688e-11,3.7737629478858e-12
5.45,1030790230.5568,1030790230.5568,1030790230.5568,453012452.77903,453012452.77903,453012452.77903,1,1,1,398941458.98864,6.9772969861223e-05,0.00016051636458846,5.2790670157711e-05,1.0497036747006,290.87580231352,290.87580231352,292.84536887727,292.84536887727,290.87580231352,301.94220452929,301.94220452929,301.94220452929,323.49631975642,323.49631975642,323.49631975642,292.84536887727,0.0035187795051887,5.3987087741889e-14,4.4068010919963e-26,-0.0036733059846749,-0.0043090310691106,-0.0029299640117965,3.8317315304462e-17,-0.0038051400596841,-0.00070555420697362,4.0832023127861e-15,-0.00082294594420026,0.0040669436785759,445.28719942404,445.28719942404,447.25676598779,447.25676598779,445.28719942404,456.35360163981,456.35360163981,456.35360163981,477.90771686694,477.90771686694,477.90771686694,447.25676598779,0.035237948277955,0.070057648910794,0.048057606837491,0.052926729862661,650.32025112376,-0.15127569256246,-0.0011951834395185,0.00017773989380354,641.79991471459,-0.0022919153343782,-0.14977446358997,0,3.2975503909864e-09,8.2490529939233e-14,0,0,8.0185517408835e-14,7.4396817645983e-14,5.1104901203377e-14,0,1.443404096128e-13,1.7415194928725e-13,0,3.0199858554304e-13,7.1759778687759e-14,4.5139271423925e-12,0,0,4.664439515621e-12,4.5654127366533e-12,3.8226648122935e-12,0,6.007093147685e-12,7.6704983943513e-12,0,1.143351116718e-11,3.8752466001389e-12
5.5,1029191331.9326,1029191331.9326,1029191331.9326,451413554.15479,451413554.15479,451413554.15479,1,1,1,398995719.36137,7.0388628556916e-05,0.0001619955905349,5.3363314225018e-05,1.0502020421947,290.65822632758,290.65822632758,292.55639280212,292.55639280212,290.65822632758,301.66245853752,301.66245853752,301.66245853752,323.27529880436,323.27529880436,323.27529880436,292.55639280212,0.0035105382925467,6.6540819117387e-14,6.9631301088818e-26,-0.0036722438537145,-0.0043160995682134,-0.0029373051479329,6.8890682132806e-17,-0.0037916921442994,-0.00071146397877838,4.5296591629249e-15,-0.00082535984769835,0.0040588659897864,445.14386638461,445.14386638461,447.04203285915,447.04203285915,445.14386638461,456.14809859455,456.14809859455,456.14809859455,477.76093886139,477.76093886139,477.76093886139,447.04203285915,0.03518795836775,0.070730703279752,0.048528749283296,0.05339700047147,650.28056752767,-0.15275426598733,-0.00089027044811093,3.0245361775204e-05,641.7658565092,-0.0032005544367164,-0.15113484323577,0,3.4668051232099e-09,8.4338929176538e-14,0,0,7.9439020980104e-14,7.4416341080239e-14,5.101335721533e-14,0,1.470521409493e-13,1.7663568552961e-13,0,3.0432812888001e-13,7.2930211343595e-14,4.63320039987e-12,0,0,4.7767832564728e-12,4.6706533354711e-12,3.8948085939296e-12,0,6.2150562797915e-12,7.9202989764263e-12,0,1.1863896134454e-11,3.9783854941278e-12
5.55,1027614519.5502,1027614519.5502,1027614519.5502,449836741.77246,449836741.77246,449836741.77246,1,1,1,399047290.96871,7.1004328825507e-05,0.00016347492532096,5.3936152991037e-05,1.0507003645233,290.44394403581,290.44394403581,292.27306089715,292.27306089715,290.44394403581,301.38817899503,301.38817899503,301.38817899503,323.05507583687,323.05507583687,323.05507583687,292.27306089715,0.003501552133954,8.0203191202423e-14,1.0745828825997e-25,-0.0036718436125268,-0.0043213159554926,-0.0029458543411728,1.2054677775823e-16,-0.0037792840411189,-0.00071736879301537,4.9233356531714e-15,-0.00082750793102657,0.0040509149315623,444.99945495819,444.99945495819,446.82857181953,446.82857181953,444.99945495819,455.94368991741,455.94368991741,455.94368991741,477.61058675926,477.61058675926,477.61058675926,446.82857181953,0.035098431056959,0.071403321840597,0.04899935155389,0.053866987720098,650.24596126637,-0.15447800636439,-0.00095034742477933,-2.9413696794498e-06,641.74005708967,-0.0031927053592971,-0.15227103098301,0,3.6356184836541e-09,8.6200595512472e-14,0,0,7.8686474211681e-14,7.4432607435181e-14,5.092911842302e-14,0,1.4960225708159e-13,1.7869999688774e-13,0,3.0628519440561e-13,7.4072855751409e-14,4.7551064511283e-12,0,0,4.8880627354782e-12,4.7759169383888e-12,3.9668332439232e-12,0,6.426625820718e-12,8.173018935621e-12,0,1.2297048810337e-11,4.0831403313351e-12
5.6,1026061164.5468,1026061164.5468,1026061164.5468,448283386.76905,448283386.76905,448283386.76905,1,1,1,399096274.25446,7.1620486760491e-05,0.00016495433797466,5.4509224886551e-05,1.05119863804,290.23344458884,290.23344458884,291.99553698931,291.99553698931,290.23344458884,301.11936528297,301.11936528297,301.11936528297,322.83574676228,322.83574676228,322.83574676228,291.99553698931,0.0034939800539104,9.4409557765946e-14,1.6257129172586e-25,-0.0036715762094189,-0.0043265232848892,-0.0029546891500855,2.0593792222169e-16,-0.0037655482116364,-0.0007236131378293,5.2478062725816e-15,-0.00082962316585207,0.0040419070817011,444.85472751599,444.85472751599,446.61681991645,446.61681991645,444.85472751599,455.74064821011,455.74064821011,455.74064821011,477.45702968942,477.45702968942,477.45702968942,446.61681991645,0.035013093504722,0.072075484294733,0.049469400012255,0.054336691755004,650.21693992607,-0.15553207465883,-0.00088927943449821,6.7681854468501e-05,641.72303007273,-0.0022680041096924,-0.15388634573669,0,3.803476232256e-09,8.806520092724e-14,0,0,7.7920489785437e-14,7.4452130424336e-14,5.0851434866076e-14,0,1.5198259259374e-13,1.8022717825793e-13,0,3.0791985308279e-13,7.5185912482484e-14,4.8796494526528e-12,0,0,4.9982589489196e-12,4.8812081509824e-12,4.0387480327769e-12,0,6.6415616644086e-12,8.4278986554216e-12,0,1.273251324269e-11,4.1894692684673e-12
5.65,1024527848.7006,1024527848.7006,1024527848.7006,446750070.92277,446750070.92277,446750070.92277,1,1,1,399142842.04756,7.2236332508541e-05,0.00016643385885734,5.5082451982688e-05,1.0516968872682,290.0260805128,290.0260805128,291.7232311695,291.7232311695,290.0260805128,300.85536984168,300.85536984168,300.85536984168,322.6170354705,322.6170354705,322.6170354705,291.7232311695,0.0034847531898394,1.0884979323428e-13,2.4110127883644e-25,-0.0036714238483881,-0.0043302656681356,-0.0029647226273904,3.4305803628597e-16,-0.0037532265582787,-0.00072976306080873,5.4884628917234e-15,-0.00083157467756762,0.0040346504210893,444.70933800381,444.70933800381,446.40648866051,446.40648866051,444.70933800381,455.53862733269,455.53862733269,455.53862733269,477.30029296151,477.30029296151,477.30029296151,446.40648866051,0.034879237549878,0.072747188981462,0.049938901324097,0.05480611436972,650.1905868739,-0.15760014527647,-0.00054522357522933,-0.00044190048512709,641.71085069024,-0.0020357696082418,-0.15561504406645,0,3.9698684984453e-09,8.992096824401e-14,0,0,7.7156149697703e-14,7.448709962009e-14,5.0753364425919e-14,0,1.5419616540294e-13,1.8128848420858e-13,0,3.0920608619071e-13,7.6285867301703e-14,5.0068169054852e-12,0,0,5.1073742222425e-12,4.986548817487e-12,4.1105241290841e-12,0,6.8596279727874e-12,8.6842792884914e-12,0,1.3169796683349e-11,4.2973537766227e-12
5.7,1023013303.8085,1023013303.8085,1023013303.8085,445235526.03072,445235526.03072,445235526.03072,1,1,1,399187024.52944,7.28525712033e-05,0.00016791346988179,5.565575109709e-05,1.0521950924555,289.82180706991,289.82180706991,291.45572007189,291.45572007189,289.82180706991,300.5959127539,300.5959127539,300.5959127539,322.39874534828,322.39874534828,322.39874534828,291.45572007189,0.003477325097708,1.2245033350053e-13,3.5119733621039e-25,-0.0036711576539383,-0.0043350095561464,-0.0029744219075526,5.5894669878873e-16,-0.0037387965611741,-0.00073634108521734,5.6348748775747e-15,-0.00083370793955594,0.0040255211731599,444.56358451362,444.56358451362,446.1974975156,446.1974975156,444.56358451362,455.33769019761,455.33769019761,455.33769019761,477.14052279199,477.14052279199,477.14052279199,446.1974975156,0.034818325726858,0.073418400758468,0.050407829395028,0.055275255273162,650.16893061268,-0.15866558209708,-0.00029815370678073,-0.0010695308220273,641.70711090212,-0.0020568197045755,-0.15673199883861,0,4.1343330352661e-09,9.1765194866633e-14,0,0,7.6380245150174e-14,7.4537818367929e-14,5.0642547914805e-14,0,1.5625599800692e-13,1.818186150432e-13,0,3.1021405608506e-13,7.7370674833631e-14,5.1365924886194e-12,0,0,5.2153922008313e-12,5.0919612111326e-12,4.1821435071783e-12,0,7.0806073243709e-12,8.9414096397774e-12,0,1.3608505608704e-11,4.4067724343024e-12
5.75,1021515568.7726,1021515568.7726,1021515568.7726,443737790.99482,443737790.99482,443737790.99482,1,1,1,399238567.24114,7.3469967508637e-05,0.00016939314977607,5.6229391791853e-05,1.0526932507815,289.62032294012,289.62032294012,291.19256504714,291.19256504714,289.62032294012,300.34024457903,300.34024457903,300.34024457903,322.18114068811,322.18114068811,322.18114068811,291.19256504714,0.0034714700251301,1.3480667196728e-13,5.0340298369132e-25,-0.0036704684563915,-0.0043426889141365,-0.002983495692953,8.9274663986915e-16,-0.0037209296194876,-0.0007432947219394,5.6526509060116e-15,-0.00083623982594952,0.0040153560054553,444.41734015285,444.41734015285,445.98958225987,445.98958225987,444.41734015285,455.13726179176,455.13726179176,455.13726179176,476.97815790084,476.97815790084,476.97815790084,445.98958225987,0.034696552014928,0.074089094604684,0.050876167184445,0.055744114802605,650.15261437665,-0.15982825000368,-0.00094918331620307,-0.0016055499676087,641.71147201422,-0.0042969904614812,-0.15811544476781,0,4.2961917029831e-09,9.3622262506496e-14,0,0,7.5593110809827e-14,7.4574580102592e-14,5.0534332432655e-14,0,1.5820410878239e-13,1.8191495812324e-13,0,3.1075909072749e-13,7.8434811150754e-14,5.2689943619961e-12,0,0,5.3222970033605e-12,5.197425593722e-12,4.2536098454701e-12,0,7.3043417206341e-12,9.1986762407538e-12,0,1.4047985329441e-11,4.517696007994e-12
5.8,1020036521.6828,1020036521.6828,1020036521.6828,442258743.90501,442258743.90501,442258743.90501,1,1,1,399281138.34298,7.4087494621093e-05,0.00017087292614255,5.6803066890779e-05,1.0531914017593,289.4220770722,289.4220770722,290.93407538552,290.93407538552,289.4220770722,300.0886767999,300.0886767999,300.0886767999,321.96432997471,321.96432997471,321.96432997471,290.93407538552,0.0034648433399668,1.4558902239346e-13,6.9913563542238e-25,-0.0036709337967677,-0.0043459104904381,-0.0029942127973533,1.3875483403e-15,-0.0037081316430769,-0.00074997172341046,5.5904110095749e-15,-0.00083800918557585,0.0040054678348788,444.27111025158,444.27111025158,445.78310856489,445.78310856489,444.27111025158,454.93770997928,454.93770997928,454.93770997928,476.81336315409,476.81336315409,476.81336315409,445.78310856489,0.03456526452315,0.074759296812856,0.051343947787953,0.056212693782528,650.13666424266,-0.16161225677971,-0.00068461885231792,-0.00012469460165841,641.7182697977,-0.0026664055531999,-0.15985906460072,0,4.4551496096288e-09,9.5449651346809e-14,0,0,7.481569619878e-14,7.4565885818721e-14,5.0409452373076e-14,0,1.599757765013e-13,1.8159117919976e-13,0,3.1106163304392e-13,7.9460147394134e-14,5.4039805534545e-12,0,0,5.4281023756032e-12,5.3028776807372e-12,4.3248995766879e-12,0,7.5305816334134e-12,9.4554849491855e-12,0,1.4487892909626e-11,4.6300696261069e-12
5.85,1018571812.8623,1018571812.8623,1018571812.8623,440794035.08455,440794035.08455,440794035.08455,1,1,1,399329337.34955,7.4705419645073e-05,0.0001723527919231,5.737688917853e-05,1.0536895257415,289.2261859394,289.2261859394,290.67943882036,290.67943882036,289.2261859394,299.84045677734,299.84045677734,299.84045677734,321.74781346037,321.74781346037,321.74781346037,290.67943882036,0.0034582229443351,1.5431879499914e-13,9.5472922683434e-25,-0.0036712615587627,-0.0043497142665914,-0.0030043949965726,2.1138818125408e-15,-0.0036929327275996,-0.00075706738844559,5.4291252019853e-15,-0.0008399715421787,0.0039964010772443,444.1243343952,444.1243343952,445.57758727616,445.57758727616,444.1243343952,454.73860523313,454.73860523313,454.73860523313,476.64596191616,476.64596191616,476.64596191616,445.57758727616,0.034421123277054,0.075428962577031,0.051811136531349,0.056680993872634,650.123330031,-0.16259150441341,-0.00030281961960697,-0.00077391204788753,641.73104985927,-0.0029423995535255,-0.16073174817844,0,4.6107613453517e-09,9.7279287620048e-14,0,0,7.4044159611947e-14,7.453884786531e-14,5.0273902838686e-14,0,1.6167041178428e-13,1.8105560645417e-13,0,3.1108920635115e-13,8.0468827122699e-14,5.5415542413448e-12,0,0,5.532816630341e-12,5.408291530312e-12,4.3959976119158e-12,0,7.7592181223932e-12,9.7115362433766e-12,0,1.4927839484356e-11,4.7438697327721e-12
5.9,1017120918.4282,1017120918.4282,1017120918.4282,439343140.65037,439343140.65037,439343140.65037,1,1,1,399366331.14178,7.5324239747938e-05,0.00017383273324428,5.7950666311052e-05,1.0541876509458,289.03243857707,289.03243857707,290.42854589187,290.42854589187,289.03243857707,299.59517472918,299.59517472918,299.59517472918,321.53195636786,321.53195636786,321.53195636786,290.42854589187,0.0034503342676563,1.6090987674578e-13,1.2679416051431e-24,-0.0036726603173361,-0.0043475601571535,-0.0030157524689661,3.1417325992447e-15,-0.0036817139518552,-0.00076385733034953,5.1863418793054e-15,-0.00084184145797141,0.0039899616915397,443.97692700308,443.97692700308,445.37303431788,445.37303431788,443.97692700308,454.5396631552,454.5396631552,454.5396631552,476.47644479387,476.47644479387,476.47644479387,445.37303431788,0.034298983094112,0.076098098162785,0.052277739217733,0.057149016667653,650.10956788334,-0.1635511010535,0.005284930409639,-0.0013288352630042,641.74493945309,-0.0019160386852285,-0.16315365807974,0,4.7626375612709e-09,9.9035192833696e-14,0,0,7.332108935054e-14,7.4495591814761e-14,5.0123201829127e-14,0,1.6330310968483e-13,1.8041149632893e-13,0,3.1077556666475e-13,8.1449380003107e-14,5.6816111542024e-12,0,0,5.6365083093085e-12,5.5136442065934e-12,4.4668825237321e-12,0,7.9901635948872e-12,9.966676628293e-12,0,1.5367342505587e-11,4.8590565506194e-12
5.95,1015683770.1926,1015683770.1926,1015683770.1926,437905992.41477,437905992.41477,437905992.41477,1,1,1,399408383.40395,7.594222309879e-05,0.00017531279432217,5.8524665767255e-05,1.0546857373533,288.84094846869,288.84094846869,290.18155951723,290.18155951723,288.84094846869,299.35308064894,299.35308064894,299.35308064894,321.31629396326,321.31629396326,321.31629396326,290.18155951723,0.0034437641398909,1.6543523030028e-13,1.6407778760394e-24,-0.0036723369137312,-0.0043540904430385,-0.0030273699007774,4.5790012477866e-15,-0.0036648406776039,-0.00077159856458841,4.8934230884076e-15,-0.0008430685846821,0.0039783755745,443.82916182847,443.82916182847,445.16977287701,445.16977287701,443.82916182847,454.34129400873,454.34129400873,454.34129400873,476.30450732304,476.30450732304,476.30450732304,445.16977287701,0.034145107653777,0.076766655022891,0.052743722440081,0.057616762289438,650.09959459391,-0.1655294226901,7.4221877141106e-05,-0.0006626919267131,641.76563547815,-0.0028681963936057,-0.16357103196779,0,4.9105929509259e-09,1.0087061155434e-13,0,0,7.2586322739911e-14,7.43467453152e-14,4.992985641196e-14,0,1.6492890616564e-13,1.7954091238753e-13,0,3.1041801470172e-13,8.2392626020326e-14,5.8242637411075e-12,0,0,5.73916087137e-12,5.6187863821365e-12,4.5374940038372e-12,0,8.223408290814e-12,1.0220585821592e-11,0,1.5806339871983e-11,4.9755773197768e-12
6,1014260343.026,1014260343.026,1014260343.026,436482565.24826,436482565.24826,436482565.24826,1,1,1,399440597.22455,7.6561213426617e-05,0.00017679291962968,5.9098852832813e-05,1.0551838086473,288.65210267275,288.65210267275,289.93801017093,289.93801017093,288.65210267275,299.1138491894,299.1138491894,299.1138491894,321.10115360951,321.10115360951,321.10115360951,289.93801017093,0.0034374210068339,1.6694113634658e-13,2.0870233367927e-24,-0.0036716528563046,-0.0043604507356583,-0.0030379705911263,6.5519034037588e-15,-0.0036483879015191,-0.00077926043818105,4.5506803368454e-15,-0.00084510198329613,0.0039680045229266,443.68159026024,443.68159026024,444.96749775841,444.96749775841,443.68159026024,454.14333677688,454.14333677688,454.14333677688,476.13064119699,476.13064119699,476.13064119699,444.96749775841,0.034113426362948,0.077434649689635,0.053209097287476,0.058084230039575,650.0908559648,-0.16756649329371,0.00016074974913835,0.001532797095992,641.79011497255,-0.0069340732631145,-0.16349296426443,0,5.0544149648783e-09,1.0261684775994e-13,0,0,7.1885569632858e-14,7.4179249297052e-14,4.9696382224731e-14,0,1.6653219613034e-13,1.7865655431445e-13,0,3.0982165485358e-13,8.331172069296e-14,5.9693858789375e-12,0,0,5.8408224188837e-12,5.723691682539e-12,4.6077753015803e-12,0,8.4589203811533e-12,1.0473244343711e-11,0,1.6244493858194e-11,5.0933978850855e-12
6.05,1012849041.3591,1012849041.3591,1012849041.3591,435071263.58127,435071263.58127,435071263.58127,1,1,1,399477359.6702,7.7179798617707e-05,0.00017827312969732,5.9672844187909e-05,1.055681854586,288.46522051682,288.46522051682,289.6976876466,289.6976876466,288.46522051682,298.87763511155,298.87763511155,298.87763511155,320.8861504988,320.8861504988,320.8861504988,289.6976876466,0.0034299292441765,1.6541275549068e-13,2.5644907919438e-24,-0.0036750262981632,-0.0043567831425952,-0.0030504027086344,9.1338039931876e-15,-0.0036359100522,-0.0007876590140135,4.1711491704689e-15,-0.00084655408313378,0.0039581985710729,443.53372935108,443.53372935108,444.76619648086,444.76619648086,443.53372935108,453.9461439458,453.9461439458,453.9461439458,475.95465933306,475.95465933306,475.95465933306,444.76619648086,0.034172654850862,0.078102028835807,0.053673819703296,0.058551423928096,650.08446851278,-0.16734825832517,-0.00098399530340556,-0.00014268789515628,641.81985767526,-0.0026718998581381,-0.16428989519604,0,5.1938416819977e-09,1.0431719606191e-13,0,0,7.1206590029028e-14,7.3990295988606e-14,4.9405577039442e-14,0,1.6811462510257e-13,1.7770765159659e-13,0,3.0906643476167e-13,8.4193239913728e-14,6.116912672397e-12,0,0,5.9415237442331e-12,5.8283297626101e-12,4.6776453386864e-12,0,8.6966703640066e-12,1.0724560914736e-11,0,1.6681579801908e-11,5.2124651068316e-12
6.1,1011450195.75,1011450195.75,1011450195.75,433672417.97226,433672417.97226,433672417.97226,1,1,1,399505395.81846,7.779847209459e-05,0.00017975340974591,6.0247063678249e-05,1.0561799010625,288.28068792303,288.28068792303,289.46084885025,289.46084885025,288.28068792303,298.64392688385,298.64392688385,298.64392688385,320.6713488039,320.6713488039,320.6713488039,289.46084885025,0.0034235307692426,1.6156842666361e-13,3.084488192857e-24,-0.0036754466569825,-0.0043586351985438,-0.0030621527475056,1.2584456644207e-14,-0.0036197766087774,-0.00079629843892513,3.7679706602061e-15,-0.0008484162624208,0.0039495570622075,443.38604755197,443.38604755197,444.56620847919,444.56620847919,443.38604755197,453.7492865128,453.7492865128,453.7492865128,475.77670843284,475.77670843284,475.77670843284,444.56620847919,0.034177910287983,0.078768809736279,0.05413791084153,0.059018344141618,650.0778724741,-0.16975570559939,0.00011803487862369,-0.00011957349937197,641.84883865887,-0.0051914219721804,-0.16710133030287,0,5.3287432497436e-09,1.0598181423883e-13,0,0,7.0554532991212e-14,7.3791170490777e-14,4.9082201462314e-14,0,1.6976416489513e-13,1.7686610408102e-13,0,3.0816858016249e-13,8.5041538183525e-14,6.2667935914585e-12,0,0,6.0413029216762e-12,5.9326862367015e-12,4.7470580536655e-12,0,8.9367531484063e-12,1.0974687357852e-11,0,1.7117395987471e-11,5.3327320034958e-12
6.15,1010061034.941,1010061034.941,1010061034.941,432283257.16324,432283257.16324,432283257.16324,1,1,1,399531722.64647,7.8416940845633e-05,0.00018123378423166,6.0821336999893e-05,1.0566779406873,288.09810528176,288.09810528176,289.22697896687,289.22697896687,288.09810528176,298.41207100637,298.41207100637,298.41207100637,320.45636727235,320.45636727235,320.45636727235,289.22697896687,0.0034162570526812,1.5619726833655e-13,3.6591162168863e-24,-0.003675794582108,-0.0043598836775988,-0.0030738186488711,1.7014350950564e-14,-0.0036045377117181,-0.00080535841572027,3.375333500095e-15,-0.00085027793189523,0.0039408236608411,443.2383506857,443.2383506857,444.36722437081,444.36722437081,443.2383506857,453.55231641031,453.55231641031,453.55231641031,475.59661267629,475.59661267629,475.59661267629,444.36722437081,0.034219582051323,0.079434972399437,0.054601359886243,0.059484991512025,650.07135336935,-0.17198898638788,0.0018726138764252,-0.00087822592375185,641.88014357057,-0.0080814092282311,-0.16890094456572,0,5.4590791976364e-09,1.076329328457e-13,0,0,6.9950520114554e-14,7.3582636601172e-14,4.8731812244333e-14,0,1.7153667840926e-13,1.7606182203504e-13,0,3.0714160568875e-13,8.590054342765e-14,6.4190095448469e-12,0,0,6.1402278959172e-12,6.0367477993381e-12,4.8159752434605e-12,0,9.1793426454571e-12,1.122367637439e-11,0,1.7551759811805e-11,5.4542137170264e-12
6.2,1008681058.49,1008681058.49,1008681058.49,430903280.71226,430903280.71226,430903280.71226,1,1,1,399562095.71476,7.9035526531095e-05,0.00018271421071601,6.139542441626e-05,1.0571759554283,287.91752113141,287.91752113141,288.99585331988,288.99585331988,287.91752113141,298.181974293,298.181974293,298.181974293,320.24127450155,320.24127450155,320.24127450155,288.99585331988,0.0034109141609979,1.4858024126358e-13,4.2226020479561e-24,-0.0036790380578142,-0.0043562077784226,-0.0030868103030018,2.2543858010554e-14,-0.0035905086227405,-0.00081531191946117,2.9928653511123e-15,-0.00085175348010342,0.0039281751098731,443.09074059463,443.09074059463,444.1690727831,444.1690727831,443.09074059463,453.35519375622,453.35519375622,453.35519375622,475.41449396477,475.41449396477,475.41449396477,444.1690727831,0.034246444276643,0.080100468332038,0.05506412255128,0.059951367470825,650.06658943891,-0.17230279968568,0.00046166936571521,-0.0011829276289947,641.91608181839,-0.0026479463365958,-0.17071182155937,0,5.5848222896088e-09,1.0926242292879e-13,0,0,6.9356871096747e-14,7.3344074530668e-14,4.8373526533259e-14,0,1.7337571990963e-13,1.7516525382178e-13,0,3.0612577410774e-13,8.6782440596929e-14,6.5735299452105e-12,0,0,6.238313323666e-12,6.1404719842591e-12,4.8843857407436e-12,0,9.4245329399395e-12,1.1471397452001e-11,0,1.798468703334e-11,5.5769426214944e-12
6.25,1007308486.8396,1007308486.8396,1007308486.8396,429530709.06181,429530709.06181,429530709.06181,1,1,1,399585086.54664,7.9653322527088e-05,0.00018419472468316,6.1969534208617e-05,1.0576739694664,287.73867591369,287.73867591369,288.76732404931,288.76732404931,287.73867591369,297.95311417984,297.95311417984,297.95311417984,320.02580575567,320.02580575567,320.02580575567,288.76732404931,0.0034032061550151,1.3987890166498e-13,4.784481164255e-24,-0.0036807856890636,-0.0043534729069082,-0.0031005456627429,2.9470968174262e-14,-0.003576844980075,-0.00082524988042683,2.6279575166993e-15,-0.00085362853670113,0.0039179978905151,442.94308195446,442.94308195446,443.97173009007,443.97173009007,442.94308195446,453.1575202206,453.1575202206,453.1575202206,475.23021179643,475.23021179643,475.23021179643,443.97173009007,0.034223710568437,0.080765302453044,0.055526204910861,0.060417474209678,650.0613272595,-0.17411877263328,0.00033397787011329,-0.0016127531976893,641.95219837157,-0.0025723871954252,-0.17229193552659,0,5.705979095746e-09,1.1087028367612e-13,0,0,6.8821795315857e-14,7.3125718904615e-14,4.7994716020147e-14,0,1.7539281502075e-13,1.743774761888e-13,0,3.0496468774739e-13,8.7781488329181e-14,6.7303242040494e-12,0,0,6.3356420399886e-12,6.2438873676923e-12,4.9522605190615e-12,0,9.6725758376846e-12,1.1718004443799e-11,0,1.8415972230798e-11,5.7010843928148e-12
6.3,1005945108.5119,1005945108.5119,1005945108.5119,428167330.73408,428167330.73408,428167330.73408,1,1,1,399606695.19037,8.0271304506344e-05,0.00018567531140678,6.254358733123e-05,1.0581719889771,287.56185726985,287.56185726985,288.5411302157,288.5411302157,287.56185726985,297.72620870165,297.72620870165,297.72620870165,319.81034455972,319.81034455972,319.81034455972,288.5411302157,0.0033954941990997,1.2957122034504e-13,5.348067803666e-24,-0.0036804756225881,-0.0043542498794693,-0.0031125001170253,3.7983900983074e-14,-0.0035620953615786,-0.00083487840656364,2.2746398254862e-15,-0.0008563341953434,0.0039089748747976,442.79569359603,442.79569359603,443.77496654188,443.77496654188,442.79569359603,452.96004502783,452.96004502783,452.96004502783,475.0441808859,475.0441808859,475.0441808859,443.77496654188,0.034209202828003,0.081429498820934,0.05598763078265,0.060883310120838,650.05432262259,-0.17599830605092,0.0051197445723273,-0.0014610705559048,641.9888764487,-0.0090336524282723,-0.17237938627188,0,5.822444390168e-09,1.1240134365345e-13,0,0,6.8352114639877e-14,7.2907939001605e-14,4.760798369073e-14,0,1.7755565590101e-13,1.73684181509e-13,0,3.0350891390317e-13,8.8936952359896e-14,6.8892837086731e-12,0,0,6.4323065275292e-12,6.346994763833e-12,5.0195883752742e-12,0,9.9236774543359e-12,1.1963630968859e-11,0,1.8845198653141e-11,5.8268602370383e-12
6.35,1004589924.0518,1004589924.0518,1004589924.0518,426812146.27399,426812146.27399,426812146.27399,1,1,1,399627256.30606,8.0888485570488e-05,0.00018715596118045,6.3117581382383e-05,1.0586699739893,287.38673301378,287.38673301378,288.31751190801,288.31751190801,287.38673301378,297.50095749378,297.50095749378,297.50095749378,319.59463079247,319.59463079247,319.59463079247,288.31751190801,0.003389462933481,1.1917746741146e-13,5.8472089701331e-24,-0.0036835879362756,-0.004348675499967,-0.0031279146461762,4.7991865112989e-14,-0.003547798778613,-0.0008460545194304,1.9599361603223e-15,-0.00085741720698678,0.0038953260583486,442.64840518815,442.64840518815,443.57918408238,443.57918408238,442.64840518815,452.76262966814,452.76262966814,452.76262966814,474.85630296684,474.85630296684,474.85630296684,443.57918408238,0.034196262045339,0.082092966230418,0.056448325848201,0.061348880220446,650.05060359818,-0.17647142902024,0.00075027806576091,-0.00099752494011791,642.02975070804,-0.0033440422540331,-0.17478097884425,0,5.9343264229904e-09,1.1398168864798e-13,0,0,6.7928849823117e-14,7.2643601097188e-14,4.7239215737579e-14,0,1.7976949978928e-13,1.7270216490541e-13,0,3.022008742513e-13,9.0254451514403e-14,7.0504781586212e-12,0,0,6.5283724282254e-12,6.4497283297243e-12,5.0863947148462e-12,0,1.0177909919039e-11,1.220786871272e-11,0,1.9272575228068e-11,5.9544993064346e-12
6.4,1003242877.4606,1003242877.4606,1003242877.4606,425465099.68283,425465099.68283,425465099.68283,1,1,1,399650945.52516,8.1504704896437e-05,0.00018863669944509,6.3691447222901e-05,1.0591679610806,287.21333118755,287.21333118755,288.09622860319,288.09622860319,287.21333118755,297.27761240882,297.27761240882,297.27761240882,319.37858653263,319.37858653263,319.37858653263,288.09622860319,0.0033812017652227,1.083321755386e-13,6.2053815543557e-24,-0.0036850152221972,-0.0043442464828894,-0.0031427036442568,5.9597574109894e-14,-0.0035344599059987,-0.00085674884830809,1.6687979754063e-15,-0.0008593804506829,0.0038853947094274,442.50129118317,442.50129118317,443.38418859881,443.38418859881,442.50129118317,452.56557240444,452.56557240444,452.56557240444,474.66654652825,474.66654652825,474.66654652825,443.38418859881,0.03416556336694,0.082755751073672,0.056908331399067,0.061814183969712,650.04543558019,-0.17770654613177,0.00058371190518261,-0.00087099693550155,642.07079176397,-0.0034646828107012,-0.17531000830528,0,6.0416055250342e-09,1.1549967378764e-13,0,0,6.7567415424973e-14,7.2404894318152e-14,4.6874183585904e-14,0,1.8196963515606e-13,1.7181669504953e-13,0,3.0063082237863e-13,9.1791531309892e-14,7.2138193637414e-12,0,0,6.6239271834939e-12,6.5521243132512e-12,5.1526848209985e-12,0,1.0435253845017e-11,1.2450854213101e-11,0,1.9697731414343e-11,6.084312134924e-12
6.45,1001901341.0058,1001901341.0058,1001901341.0058,424123563.228,424123563.228,424123563.228,1,1,1,399673142.74764,8.2120177242545e-05,0.00019011750658762,6.4265316575376e-05,1.0596659352804,287.0412179359,287.0412179359,287.87668337136,287.87668337136,287.0412179359,297.05560704688,297.05560704688,297.05560704688,319.16206690645,319.16206690645,319.16206690645,287.87668337136,0.0033734812063452,9.7274298902275e-14,6.4755085091569e-24,-0.0036871762382308,-0.0043381592384218,-0.0031573165850158,7.278275935925e-14,-0.0035205349175072,-0.00086791094740522,1.4065192776904e-15,-0.00086178922679516,0.0038748530495465,442.3540993082,442.3540993082,443.18956474366,443.18956474366,442.3540993082,452.36848841918,452.36848841918,452.36848841918,474.47494827876,474.47494827876,474.47494827876,443.18956474366,0.034127219902614,0.083417818961405,0.057367618974906,0.062279223227035,650.04081289159,-0.17890668160928,0.0014002140536806,-0.0012314978830816,642.11299600894,-0.0029218744563908,-0.17694160839363,0,6.1442960280518e-09,1.1697957372107e-13,0,0,6.7259823952599e-14,7.2169505758452e-14,4.6523366809151e-14,0,1.8406923047669e-13,1.7086771544793e-13,0,2.9894313104588e-13,9.3573869484453e-14,7.3792534634184e-12,0,0,6.7190469387305e-12,6.6541874070845e-12,5.2184787973073e-12,0,1.0695567047172e-11,1.2692497653659e-11,0,2.0120500844647e-11,6.2166455702326e-12
6.5,1000564676.2611,1000564676.2611,1000564676.2611,422786898.48327,422786898.48327,422786898.48327,1,1,1,399693951.41944,8.2735934659777e-05,0.00019159835586277,6.4839333954268e-05,1.0601639011936,286.87044339352,286.87044339352,287.65894619462,287.65894619462,286.87044339352,296.83455761869,296.83455761869,296.83455761869,318.94490802511,318.94490802511,318.94490802511,287.65894619462,0.003367900632562,8.6046086734452e-14,6.6700491907139e-24,-0.0036879900290477,-0.004337196320662,-0.0031698846341864,8.781402648662e-14,-0.0035027691682517,-0.00087963297611445,1.1700385899662e-15,-0.00086468448941527,0.0038633755526646,442.20695293355,442.20695293355,442.99545573466,442.99545573466,442.20695293355,452.17106715873,452.17106715873,452.17106715873,474.28141756515,474.28141756515,474.28141756515,442.99545573466,0.034082863410185,0.08407917363949,0.057826195130964,0.062743997397523,650.03606626172,-0.18143548500016,0.0037166638124713,-0.00080388504466467,642.15545900188,-0.0059769395005341,-0.17868246561756,0,6.2423983271137e-09,1.1846675879375e-13,0,0,6.7006172413995e-14,7.1935854097568e-14,4.6196392510183e-14,0,1.85949034835e-13,1.699059283784e-13,0,2.9706960889334e-13,9.5603524855366e-14,7.5467907603949e-12,0,0,6.8138079765211e-12,6.7559200675702e-12,5.2838103621279e-12,0,1.0958538694146e-11,1.2932780921899e-11,0,2.0540620714512e-11,6.3518493716938e-12
6.55,999230366.92198,999230366.92198,999230366.92198,421452589.1442,421452589.1442,421452589.1442,1,1,1,399713474.89422,8.3350164179721e-05,0.00019307928020673,6.5413373020776e-05,1.0606618549732,286.70011839031,286.70011839031,287.44278441027,287.44278441027,286.70011839031,296.61444261912,296.61444261912,296.61444261912,318.72670264349,318.72670264349,318.72670264349,287.44278441027,0.0033605826072884,7.5215338423248e-14,6.7054748032139e-24,-0.0036911664868128,-0.0043290175109659,-0.0031858600443711,1.0423360769385e-13,-0.0034882680842889,-0.00089212531404836,9.6221029062516e-16,-0.00086664109592846,0.0038516281118647,442.05902066182,442.05902066182,442.80168668178,442.80168668178,442.05902066182,451.97334489063,451.97334489063,451.97334489063,474.085604915,474.085604915,474.085604915,442.80168668178,0.034025310917755,0.084739762972939,0.058284019941232,0.063208511401767,650.03074141818,-0.18153307609323,0.0013974904343906,-0.0016829461836694,642.19976218823,-0.0031066705694201,-0.18008823215729,0,6.3359302080817e-09,1.199285230324e-13,0,0,6.6806422362514e-14,7.1701882918274e-14,4.5882867679754e-14,0,1.8744549429247e-13,1.6890579084901e-13,0,2.9512420208102e-13,9.7820051494413e-14,7.7163953041827e-12,0,0,6.9082865250798e-12,6.8573218428409e-12,5.3486985358812e-12,0,1.122362665438e-11,1.3171649782081e-11,0,2.095798936368e-11,6.4901878151892e-12
6.6,997898065.10156,997898065.10156,997898065.10156,420120287.32378,420120287.32378,420120287.32378,1,1,1,399731796.07859,8.3963106528335e-05,0.00019456027276131,6.5987337333236e-05,1.0611598065965,286.53072800878,286.53072800878,287.22804154936,287.22804154936,286.53072800878,296.3947632879,296.3947632879,296.3947632879,318.50735604126,318.50735604126,318.50735604126,287.22804154936,0.0033526635940937,6.4262875481338e-14,6.603125757882e-24,-0.003693036932931,-0.0043209476482891,-0.003202530772287,1.216298735338e-13,-0.0034738693624125,-0.00090450397071189,7.75179196944e-16,-0.00086905466870375,0.0038409057428765,441.91088541991,441.91088541991,442.60819896048,442.60819896048,441.91088541991,451.77492069903,451.77492069903,451.77492069903,473.88751345239,473.88751345239,473.88751345239,442.60819896048,0.034003999715827,0.085399589907452,0.058741097632431,0.063672765615281,650.02380712277,-0.18191569243962,0.0013388345557537,-0.0022188124226832,642.24319507439,-0.0028450435573228,-0.18157206428542,0,6.4248069057123e-09,1.2133797411408e-13,0,0,6.666269244128e-14,7.1480977166934e-14,4.5585103176971e-14,0,1.8840564101253e-13,1.6797260939121e-13,0,2.929196270845e-13,1.0021161699268e-13,7.8879931128057e-12,0,0,7.0025618088346e-12,6.9584112102021e-12,5.4131656070362e-12,0,1.1490072467128e-11,1.340919892439e-11,0,2.1372240272988e-11,6.6319084430476e-12
6.65,996566518.05375,996566518.05375,996566518.05375,418788740.27597,418788740.27597,418788740.27597,1,1,1,399748954.66474,8.4574803171229e-05,0.00019604133248399,6.6561231956398e-05,1.0616577656805,286.36189412611,286.36189412611,287.01421485028,287.01421485028,286.36189412611,296.17551414415,296.17551414415,296.17551414415,318.28701636352,318.28701636352,318.28701636352,287.01421485028,0.0033442432938456,5.3313065374688e-14,6.4061651297681e-24,-0.0036946701235834,-0.0043142036896353,-0.0032190040000565,1.4023853593584e-13,-0.0034594136134596,-0.00091695002060566,6.0802584292096e-16,-0.00087135528610315,0.0038302463544864,441.76219479989,441.76219479989,442.41451552406,442.41451552406,441.76219479989,451.57581481793,451.57581481793,451.57581481793,473.68731703731,473.68731703731,473.68731703731,442.41451552406,0.034013906655467,0.086058658472502,0.059197438115519,0.064136760854568,650.01392322728,-0.1837817192493,0.0018104655717773,-0.0016300735249458,642.28448207597,-0.0030416907727445,-0.1818411197467,0,6.5088947778594e-09,1.2270175232598e-13,0,0,6.6563375951939e-14,7.1252625195436e-14,4.5312566486919e-14,0,1.8872706056819e-13,1.671014620625e-13,0,2.9041476838768e-13,1.0265194801832e-13,8.061519595072e-12,0,0,7.0966966378631e-12,7.0591776391082e-12,5.477247253108e-12,0,1.175697283577e-11,1.3645516078331e-11,0,2.1782948777155e-11,6.7770802201391e-12
6.7,995237253.42344,995237253.42344,995237253.42344,417459475.64565,417459475.64565,417459475.64565,1,1,1,399765028.11394,8.5185034798168e-05,0.00019752245636018,6.7135132527067e-05,1.0621557161286,286.19411108795,286.19411108795,286.80182999067,286.80182999067,286.19411108795,295.95659235176,295.95659235176,295.95659235176,318.06562351926,318.06562351926,318.06562351926,286.80182999067,0.0033359002986509,4.2666624261641e-14,6.1314839738379e-24,-0.0036960318515365,-0.0043059598924944,-0.0032364843965445,1.5977308875118e-13,-0.0034442707695021,-0.00092997468534718,4.6218696714796e-16,-0.00087401009139156,0.0038190931429181,441.61350189302,441.61350189302,442.22122079575,442.22122079575,441.61350189302,451.37598315683,451.37598315683,451.37598315683,473.48501432433,473.48501432433,473.48501432433,442.22122079575,0.034031310873431,0.086716925076695,0.059653002922133,0.064600499614175,650.00279130166,-0.18496932571618,0.0021853957091298,-0.0017573620141024,642.32544534041,-0.0035941503463502,-0.18304963467672,0,6.5880464855153e-09,1.2400361480031e-13,0,0,6.6495394559798e-14,7.102536726564e-14,4.5058700455406e-14,0,1.8842650534175e-13,1.662625638394e-13,0,2.8763630156582e-13,1.0508056833982e-13,8.2368871889059e-12,0,0,7.1907353266849e-12,7.1596226767678e-12,5.5409698783949e-12,0,1.2023448155135e-11,1.3880646851027e-11,0,2.2189727935861e-11,6.9256865850272e-12
6.75,993911292.48803,993911292.48803,993911292.48803,416133514.71025,416133514.71025,416133514.71025,1,1,1,399780082.17122,8.5795223324244e-05,0.00019900361713119,6.7708998209831e-05,1.0626536437447,286.02736836683,286.02736836683,286.5908855163,286.5908855163,286.02736836683,295.73811250687,295.73811250687,295.73811250687,317.84378435402,317.84378435402,317.84378435402,286.5908855163,0.003330460579287,3.2524642891277e-14,5.8016871237638e-24,-0.0036961316153595,-0.004301250793622,-0.0032522573983504,1.7948199351567e-13,-0.0034268674450684,-0.00094310351506318,3.3765288195172e-16,-0.00087678750424735,0.0038058097495725,441.46485261833,441.46485261833,442.0283697678,442.0283697678,441.46485261833,451.17559675837,451.17559675837,451.17559675837,473.28126860552,473.28126860552,473.28126860552,442.0283697678,0.034040890715912,0.087374391664612,0.060107801219729,0.065063980649379,649.99139088119,-0.18443251830797,0.0032241699946268,0.00028258796533016,642.36929265433,-0.0052437466689293,-0.18270818043281,0,6.6620776720638e-09,1.2524413162868e-13,0,0,6.6414683476415e-14,7.0767333341234e-14,4.4826761129124e-14,0,1.8745347925597e-13,1.6540916122431e-13,0,2.8444101557033e-13,1.0737195921552e-13,8.4140091384628e-12,0,0,7.284659872798e-12,7.2597027993519e-12,5.604364491941e-12,0,1.2288547407813e-11,1.4114570730171e-11,0,2.2591988277775e-11,7.0775334659683e-12
6.8,992586486.00468,992586486.00468,992586486.00468,414808708.2269,414808708.2269,414808708.2269,1,1,1,399794202.01429,8.6402628307482e-05,0.00020048486869294,6.8282758231383e-05,1.0631515848544,285.86140389369,285.86140389369,286.3811413558,286.3811413558,285.86140389369,295.51965531857,295.51965531857,295.51965531857,317.62100823286,317.62100823286,317.62100823286,286.3811413558,0.0033205393439537,2.4078301359011e-14,5.3962491296167e-24,-0.0036983520005677,-0.0042910108199958,-0.0032707053030387,2.0037168645634e-13,-0.0034112644591309,-0.00095685967223611,2.4003212523685e-16,-0.00087980626304762,0.0037964644315102,441.31605737339,441.31605737339,441.83579483551,441.83579483551,441.31605737339,450.97430879828,450.97430879828,450.97430879828,473.07566171257,473.07566171257,473.07566171257,441.83579483551,0.033991533909077,0.088031028979496,0.060561802934343,0.065527211043851,649.97655467417,-0.18809972046293,0.0038017603101425,-0.0012571275667582,642.40665830647,-0.0062111124227333,-0.1851243181618,0,6.731022944427e-09,1.2643897008554e-13,0,0,6.6335471113043e-14,7.0513285970471e-14,4.461344362107e-14,0,1.8591011603717e-13,1.6469133564655e-13,0,2.8113021749883e-13,1.0943644519714e-13,8.5928208447703e-12,0,0,7.3784723957125e-12,7.3594236446988e-12,5.667457428974e-12,0,1.2551464015295e-11,1.4347479450648e-11,0,2.2989566444155e-11,7.232299970984e-12
6.85,991260948.22138,991260948.22138,991260948.22138,413483170.4436,413483170.4436,413483170.4436,1,1,1,399807414.01647,8.7008193623569e-05,0.00020196617101119,6.8856161929937e-05,1.0636495008076,285.69562390037,285.69562390037,286.17209085613,286.17209085613,285.69562390037,295.30137001641,295.30137001641,295.30137001641,317.39703674582,317.39703674582,317.39703674582,286.17209085613,0.0033127160625734,1.7145447925625e-14,4.9015108982019e-24,-0.0037008498644402,-0.0042802911186778,-0.0032901768909247,2.193380822568e-13,-0.003394970093892,-0.00097169743093073,1.6537435581063e-16,-0.00088213121817311,0.003782598311435,441.16659315441,441.16659315441,441.64306011017,441.64306011017,441.16659315441,450.77233927045,450.77233927045,450.77233927045,472.86800599986,472.86800599986,472.86800599986,441.64306011017,0.034005807958183,0.088686784568565,0.061014970471927,0.065990190732508,649.96076513491,-0.18859414509945,-0.00011045745291889,-0.00068946760879395,642.44644145972,-0.0019131534205539,-0.18642650721358,0,6.7949079826965e-09,1.275895209984e-13,0,0,6.6202929575723e-14,7.0224555039859e-14,4.441878603609e-14,0,1.8380359288345e-13,1.6380732028817e-13,0,2.7766694704388e-13,1.111909174102e-13,8.7732596757829e-12,0,0,7.4720974765873e-12,7.4587361628478e-12,5.7302750786104e-12,0,1.2811401549164e-11,1.4579137984616e-11,0,2.3382246806487e-11,7.3895476743982e-12
6.9,989935525.10527,989935525.10527,989935525.10527,412157747.32749,412157747.32749,412157747.32749,1,1,1,399819802.23267,8.7612410408833e-05,0.00020344753212823,6.9429538324687e-05,1.0641474165549,285.53032566302,285.53032566302,285.96423093388,285.96423093388,285.53032566302,295.08306707544,295.08306707544,295.08306707544,317.17184448852,317.17184448852,317.17184448852,285.96423093388,0.003304710689195,1.1854447822238e-14,4.4039680072619e-24,-0.0037010691725258,-0.0042727943486008,-0.0033066662328872,2.3789253219163e-13,-0.0033768712055055,-0.00098612773175913,1.1073477525213e-16,-0.00088543509282577,0.0037732611948327,441.01676562755,441.01676562755,441.45067089841,441.45067089841,441.01676562755,450.56950703998,450.56950703998,450.56950703998,472.65828445305,472.65828445305,472.65828445305,441.45067089841,0.034004406509436,0.089341698585402,0.061467340922911,0.066452920657819,649.94181885407,-0.19087724388815,0.0020414464240887,-0.0018727840983576,642.48294023417,-0.0045115000429248,-0.18820322089216,0,6.8538479344353e-09,1.2865833355271e-13,0,0,6.6035384308121e-14,6.9936022625633e-14,4.4255618739047e-14,0,1.8136167519526e-13,1.6311382974615e-13,0,2.7403422450919e-13,1.1263691284436e-13,8.9552100360055e-12,0,0,7.5654856126724e-12,7.5576406345434e-12,5.7928619748424e-12,0,1.306788568992e-11,1.4809815774853e-11,0,2.3769789723342e-11,7.5488403241666e-12
6.95,988608704.27663,988608704.27663,988608704.27663,410830926.49884,410830926.49884,410830926.49884,1,1,1,399831407.08592,8.8214741309748e-05,0.00020492894764616,7.0002704457501e-05,1.0646453115254,285.36523837437,285.36523837437,285.75715140318,285.75715140318,285.36523837437,294.86447259718,294.86447259718,294.86447259718,316.94539315977,316.94539315977,316.94539315977,285.75715140318,0.0032980241048693,7.9793910116044e-15,3.8675512368061e-24,-0.0037028115006669,-0.0042612578502539,-0.0033248282224066,2.5410647967381e-13,-0.0033594231353028,-0.0010013862091548,7.2551056241666e-17,-0.00088872276905428,0.0037608346607097,440.86638155423,440.86638155423,441.25829458303,441.25829458303,440.86638155423,450.36561577703,450.36561577703,450.36561577703,472.44653633962,472.44653633962,472.44653633962,441.25829458303,0.033950513310534,0.089995710583311,0.061918863395129,0.066915403735851,649.92128431607,-0.19072129695711,0.0021028954971352,-0.0024576906271342,642.5203467727,-0.0028422994095199,-0.18930749836866,0,6.9080315255013e-09,1.2963536016358e-13,0,0,6.5789566225039e-14,6.9619190912891e-14,4.4133531240823e-14,0,1.7882429193529e-13,1.6237984149017e-13,0,2.703985198645e-13,1.1376240991269e-13,9.1385421205119e-12,0,0,7.6585261094905e-12,7.6560970385339e-12,5.8552762132786e-12,0,1.3320781428856e-11,1.5039455548945e-11,0,2.415219097738e-11,7.7097246671533e-12
7,987279848.56662,987279848.56662,987279848.56662,409502070.78884,409502070.78884,409502070.78884,1,1,1,399842278.61483,8.8815119506896e-05,0.00020641043375997,7.0575616719039e-05,1.0651432101022,285.20050590447,285.20050590447,285.55029891606,285.55029891606,285.20050590447,294.64550122444,294.64550122444,294.64550122444,316.71776893511,316.71776893511,316.71776893511,285.55029891606,0.0032899936615099,5.2540627484061e-15,3.3259075238176e-24,-0.0037032241254494,-0.004250990161932,-0.0033440824349073,2.6753845912394e-13,-0.0033428158131263,-0.0010161564503284,4.6604917116661e-17,-0.00089195012387211,0.0037495722601533,440.7156472173,440.7156472173,441.06544022888,441.06544022888,440.7156472173,450.16064253726,450.16064253726,450.16064253726,472.23291024794,472.23291024794,472.23291024794,441.06544022888,0.033915457911264,0.090648862936161,0.062369577955318,0.067377639865711,649.89634243772,-0.19187041587202,0.00290262801193,-0.0015219780399274,642.55374963773,-0.0031304510494737,-0.19009748982002,0,6.9576953089478e-09,1.3048948912822e-13,0,0,6.5485380868792e-14,6.9285000151055e-14,4.403870136999e-14,0,1.7630136086582e-13,1.6170114923462e-13,0,2.6672500057988e-13,1.1459574264214e-13,9.3230821257842e-12,0,0,7.7511364232523e-12,7.7540808254165e-12,5.9175563420253e-12,0,1.3570109204457e-11,1.5268135507244e-11,0,2.4529397090625e-11,7.8717875205881e-12
7.05,985948756.09269,985948756.09269,985948756.09269,408170978.3149,408170978.3149,408170978.3149,1,1,1,399852452.97884,8.9413510544997e-05,0.00020789197093018,7.1148568904567e-05,1.0656410942951,285.03611202004,285.03611202004,285.34402232983,285.34402232983,285.03611202004,294.42565809078,294.42565809078,294.42565809078,316.48887829205,316.48887829205,316.48887829205,285.34402232983,0.0032822841988248,3.373762461094e-15,2.7995427253945e-24,-0.0037034901609045,-0.0042411491657919,-0.0033624630216856,2.7763062150186e-13,-0.0033240592733782,-0.0010318030526164,2.9259447791134e-17,-0.00089569817535924,0.0037382638144028,440.56458632545,440.56458632545,440.87249663524,440.87249663524,440.56458632545,449.95413239619,449.95413239619,449.95413239619,472.01735259746,472.01735259746,472.01735259746,440.87249663524,0.033873709979235,0.091301107308244,0.062819443368177,0.067839632232419,649.86959081882,-0.19353792849785,0.0041804273334697,-0.0012823373146145,642.58533008598,-0.0046759509368357,-0.19146752715229,0,7.0030499499457e-09,1.3129823524314e-13,0,0,6.5117492367681e-14,6.8946437674323e-14,4.399111058435e-14,0,1.739410795694e-13,1.6109939767585e-13,0,2.6308806054801e-13,1.1516818543106e-13,9.5087658707807e-12,0,0,7.8432264641064e-12,7.8515858126529e-12,5.9797691672376e-12,0,1.3816099038238e-11,1.5495964460327e-11,0,2.490145979395e-11,8.0346599303786e-12
7.1,984614057.14061,984614057.14061,984614057.14061,406836279.36282,406836279.36282,406836279.36282,1,1,1,399861974.63825,9.0009177496073e-05,0.00020937357436559,7.1721413211617e-05,1.0661389626007,284.87156095571,284.87156095571,285.13785177251,285.13785177251,284.87156095571,294.20514185131,294.20514185131,294.20514185131,316.2586382133,316.2586382133,316.2586382133,285.13785177251,0.0032739220080227,2.1049233455269e-15,2.3002783223909e-24,-0.0037049122307223,-0.0042279402297478,-0.0033823400914935,2.8326561578203e-13,-0.0033065396485213,-0.00104796677935,1.8257322905891e-17,-0.00089914420259377,0.0037266591208555,440.41271536243,440.41271536243,440.67900617923,440.67900617923,440.41271536243,449.74629625803,449.74629625803,449.74629625803,471.79979262002,471.79979262002,471.79979262002,440.67900617923,0.0338203075189,0.091952421924785,0.063268445911288,0.068301383635436,649.83998035299,-0.19382827482749,0.0037552465288192,-0.0013002647065192,642.61574434452,-0.0030672886302454,-0.19217941997026,0,7.0445285289156e-09,1.3202942125938e-13,0,0,6.468919485171e-14,6.8587730219231e-14,4.3999559234177e-14,0,1.7166266523935e-13,1.6051954878518e-13,0,2.5970333832206e-13,1.1552203979923e-13,9.695483668958e-12,0,0,7.9347108008047e-12,7.9485835109413e-12,6.041993940645e-12,0,1.4058866707573e-11,1.5722973383245e-11,0,2.5268735777199e-11,8.1980327658156e-12
7.15,983275803.31514,983275803.31514,983275803.31514,405498025.53736,405498025.53736,405498025.53736,1,1,1,399870889.85371,9.0602152677416e-05,0.00021085524461472,7.2294225779962e-05,1.0666368196415,284.70718063352,284.70718063352,284.93213294022,284.93213294022,284.70718063352,293.98365484253,293.98365484253,293.98365484253,316.02672014371,316.02672014371,316.02672014371,284.93213294022,0.0032637218723579,1.2809319726229e-15,1.8511045688637e-24,-0.0037049337736181,-0.0042147277063328,-0.003403442908944,2.8461056906245e-13,-0.0032901533480934,-0.0010641059763208,1.1233691978863e-17,-0.00090305632678971,0.0037156144802329,440.2603845108,440.2603845108,440.48533681751,440.48533681751,440.2603845108,449.53685871981,449.53685871981,449.53685871981,471.57992402099,471.57992402099,471.57992402099,440.48533681751,0.033791169928095,0.092602814181011,0.06371659284016,0.068762895267962,649.80724445126,-0.19432870520827,0.0035768835630254,-0.00033680285014162,642.64368769915,-0.0036778015006652,-0.19289466176769,0,7.082412377404e-09,1.3267522039729e-13,0,0,6.4219615870252e-14,6.8230412207813e-14,4.4048801097934e-14,0,1.6945003124087e-13,1.5989841958226e-13,0,2.5638848105731e-13,1.1571271617739e-13,9.8831147650347e-12,0,0,8.0255310525388e-12,8.0450758852519e-12,6.104288352564e-12,0,1.4298505239898e-11,1.594910389682e-11,0,2.5631323844346e-11,8.3616752583727e-12
7.2,981933827.35839,981933827.35839,981933827.35839,404156049.5806,404156049.5806,404156049.5806,1,1,1,399879218.37664,9.1192194713731e-05,0.00021233697681354,7.2866990131454e-05,1.0671346563926,284.5428036982,284.5428036982,284.72694697991,284.72694697991,284.5428036982,293.76095427788,293.76095427788,293.76095427788,315.79335167693,315.79335167693,315.79335167693,284.72694697991,0.0032570954270564,7.6366811588121e-16,1.4387223231505e-24,-0.0037061614061951,-0.0042026397792473,-0.0034216301715527,2.8231060988602e-13,-0.0032694557507692,-0.0010813205524928,6.8046279579935e-18,-0.00090703340253244,0.003704107825579,440.10747273069,440.10747273069,440.2916160124,440.2916160124,440.10747273069,449.32562331037,449.32562331037,449.32562331037,471.35802070942,471.35802070942,471.35802070942,440.2916160124,0.03373824787938,0.093252244632884,0.064163859836578,0.069224170253651,649.7723813333,-0.19592552587611,0.0040234923047962,-0.0012610022762088,642.6685636878,-0.0028325253868203,-0.19462493720704,0,7.1169025857278e-09,1.3333301269546e-13,0,0,6.3663774965152e-14,6.7829606939272e-14,4.4175677763349e-14,0,1.67303081011e-13,1.5918872245886e-13,0,2.532956562116e-13,1.1571795263543e-13,1.0071676119901e-11,0,0,8.1155652265263e-12,8.1410014353158e-12,6.1667621951839e-12,0,1.4535107526091e-11,1.6174230747098e-11,0,2.5989537996651e-11,8.5253251563998e-12
7.25,980588665.29137,980588665.29137,980588665.29137,402810887.51359,402810887.51359,402810887.51359,1,1,1,399887025.37648,9.1779972798364e-05,0.00021381877197537,7.3439747717645e-05,1.0676324708868,284.37851929066,284.37851929066,284.522139211,284.522139211,284.37851929066,293.53742381054,293.53742381054,293.53742381054,315.55847705807,315.55847705807,315.55847705807,284.522139211,0.0032482822678501,4.4164496518801e-16,1.1101541766386e-24,-0.0037059565264547,-0.0041924687186481,-0.0034396712478387,2.7728552535033e-13,-0.0032492119959299,-0.0010982867171112,4.0387376217305e-18,-0.00091160585946486,0.0036934832359587,439.95407507208,439.95407507208,440.09769499242,440.09769499242,439.95407507208,449.11297959196,449.11297959196,449.11297959196,471.13403283949,471.13403283949,471.13403283949,440.09769499242,0.033710493876315,0.093900725938277,0.064610257763081,0.069685209416361,649.73515511624,-0.19737922209165,0.0063169813024425,-0.0015822536575337,642.69267604465,-0.0063009347819651,-0.19436961215135,0,7.148194401782e-09,1.3392858255613e-13,0,0,6.3096168719633e-14,6.7426695269711e-14,4.4365675098432e-14,0,1.6512689210715e-13,1.5832138262385e-13,0,2.5020061059558e-13,1.1558383978788e-13,1.0261079737741e-11,0,0,8.2047966840634e-12,8.2363571822323e-12,6.229504734612e-12,0,1.4768632216421e-11,1.6398130993619e-11,0,2.6343375093469e-11,8.688785390219e-12
7.3,979237865.59236,979237865.59236,979237865.59236,401460087.81458,401460087.81458,401460087.81458,1,1,1,399894321.93851,9.2363460712831e-05,0.00021530063994142,7.4012195286332e-05,1.0681302803316,284.21410714727,284.21410714727,284.3171889394,284.3171889394,284.21410714727,293.31275899495,293.31275899495,293.31275899495,315.3217083142,315.3217083142,315.3217083142,284.3171889394,0.0032383067095248,2.5104899844339e-16,8.3261109881608e-25,-0.0037068984376771,-0.0041749028980577,-0.0034629117126817,2.6794685086852e-13,-0.0032329808222145,-0.0011162735050734,2.3811872289109e-18,-0.00091527082961712,0.0036815926657046,439.80001725262,439.80001725262,439.90309904474,439.90309904474,439.80001725262,448.8986691003,448.8986691003,448.8986691003,470.90761841954,470.90761841954,470.90761841954,439.90309904474,0.033621005207063,0.094548232497504,0.065055761089,0.070146016482968,649.69299638133,-0.19805087122038,0.0036138111668922,-0.0012584105418083,642.71098494936,-0.0022281768398911,-0.19722747100423,0,7.1765255068482e-09,1.3446910952753e-13,0,0,6.2486833999246e-14,6.6970528782531e-14,4.4614888170817e-14,0,1.6295608398993e-13,1.5720016065731e-13,0,2.4735426109015e-13,1.1533562469912e-13,1.0451247776155e-11,0,0,8.2931664121749e-12,8.3310678123158e-12,6.2925997145469e-12,0,1.4999086920471e-11,1.6620445592827e-11,0,2.6693186844213e-11,8.8518945948932e-12
7.35,977883154.51911,977883154.51911,977883154.51911,400105376.74132,400105376.74132,400105376.74132,1,1,1,399901151.89076,9.2943469310069e-05,0.00021678258978297,7.4584424010161e-05,1.0686280608978,284.04947267916,284.04947267916,284.11272209063,284.11272209063,284.04947267916,293.08698535607,293.08698535607,293.08698535607,315.08352273722,315.08352273722,315.08352273722,284.11272209063,0.0032272498859064,1.3782308670527e-16,6.1053473082851e-25,-0.0037070738869642,-0.0041598863754326,-0.003484319250438,2.5630823435316e-13,-0.0032159194288541,-0.0011335446704423,1.3814618497604e-18,-0.0009194539011624,0.0036706494555437,439.64523068104,439.64523068104,439.70848009252,439.70848009252,439.64523068104,448.68274335796,448.68274335796,448.68274335796,470.67928073911,470.67928073911,470.67928073911,439.70848009252,0.033620559893426,0.095194758453324,0.065500369670205,0.070606592435802,649.64891295657,-0.20007022974753,0.0032728668923465,-0.00069082482707549,642.72805528893,-0.0013115823818506,-0.19793245537059,0,7.202059637454e-09,1.3495189412852e-13,0,0,6.1867382567677e-14,6.6506978357717e-14,4.4927449450587e-14,0,1.6086723137932e-13,1.5603619926752e-13,0,2.445616870038e-13,1.149973857778e-13,1.0642098575099e-11,0,0,8.3806601036707e-12,8.4251228831018e-12,6.3561367228827e-12,0,1.5226587540829e-11,1.6841114102053e-11,0,2.7039049298811e-11,9.0145254574977e-12
7.4,976523577.29237,976523577.29237,976523577.29237,398745799.51458,398745799.51458,398745799.51458,1,1,1,399907532.81087,9.35202558009e-05,0.00021826460691267,7.5156596510679e-05,1.0691258192384,283.88459789413,283.88459789413,283.90868837242,283.90868837242,283.88459789413,292.85994964653,292.85994964653,292.85994964653,314.84350364206,314.84350364206,314.84350364206,283.90868837242,0.0032187722848171,7.3406073220265e-17,4.4055093300133e-25,-0.0037073443031298,-0.00414694232946,-0.0035031747251219,2.4284519749494e-13,-0.0031950643159551,-0.0011520500757133,7.961421424115e-19,-0.00092443004820788,0.003659374293512,439.4897197319,439.4897197319,439.51381021019,439.51381021019,439.4897197319,448.4650714843,448.4650714843,448.4650714843,470.44862547984,470.44862547984,470.44862547984,439.51381021019,0.033555025808947,0.09584028974804,0.065944074869873,0.071066939738176,649.60173408084,-0.20033546126688,0.0049957838381608,-0.0019896911299469,642.74261095573,-0.0036225794732413,-0.19907687294646,0,7.224969916479e-09,1.3537161692973e-13,0,0,6.1229408399984e-14,6.6032117495145e-14,4.5323710103222e-14,0,1.5893725395137e-13,1.5493985478545e-13,0,2.4186103794834e-13,1.1456167406711e-13,1.0833542951722e-11,0,0,8.467251563446e-12,8.5185063992156e-12,6.4202341284078e-12,0,1.5451358760934e-11,1.7060232146042e-11,0,2.7381092458887e-11,9.1765401306915e-12
7.45,975161928.27957,975161928.27957,975161928.27957,397384150.50178,397384150.50178,397384150.50178,1,1,1,399913500.43615,9.4093196839186e-05,0.00021974668664948,7.5728670376658e-05,1.0696235537307,283.71959954265,283.71959954265,283.70529788165,283.70529788165,283.71959954265,292.63207667168,292.63207667168,292.63207667168,314.60256815315,314.60256815315,314.60256815315,283.70529788165,0.003208247956831,3.7998174231588e-17,3.0829455564687e-25,-0.00370711770165,-0.0041321841168958,-0.0035237684177438,2.2734590789133e-13,-0.0031766372399483,-0.0011701380001213,4.5965182287319e-19,-0.00092918079211483,0.0036488005838036,439.33363575534,439.33363575534,439.31933409434,439.31933409434,439.33363575534,448.24611288437,448.24611288437,448.24611288437,470.21660436584,470.21660436584,470.21660436584,439.31933409434,0.033474656344778,0.096484828355302,0.066386878893446,0.071527060116726,649.55197981069,-0.20143971017919,0.007161222291125,-0.0020369595818372,642.75420938445,-0.0051033723147831,-0.19985557996108,0,7.2454460273327e-09,1.3575821117406e-13,0,0,6.0608957278555e-14,6.556507939785e-14,4.577952839744e-14,0,1.5712353771936e-13,1.5386546101641e-13,0,2.3927031457558e-13,1.1407811844584e-13,1.1025534055168e-11,0,0,8.5529655728306e-12,8.6112294237181e-12,6.4849761583465e-12,0,1.5673564998944e-11,1.7277830767793e-11,0,2.7719471782833e-11,9.3378709529676e-12
7.5,973794783.42892,973794783.42892,973794783.42892,396017005.65114,396017005.65114,396017005.65114,1,1,1,399919073.76471,9.466277432811e-05,0.00022122883237257,7.6300521219201e-05,1.0701212513301,283.55432311419,283.55432311419,283.50205426537,283.50205426537,283.55432311419,292.40265818367,292.40265818367,292.40265818367,314.35992950826,314.35992950826,314.35992950826,283.50205426537,0.0031999740518769,1.9336125273552e-17,2.1032882195669e-25,-0.0037075150776611,-0.0041180938633519,-0.0035444456762917,2.1029791805056e-13,-0.0031563201162412,-0.0011899071309257,2.6736037990839e-19,-0.00093357983966372,0.0036344048208157,439.17685131217,439.17685131217,439.12458246335,439.12458246335,439.17685131217,448.02518638165,448.02518638165,448.02518638165,469.98245770624,469.98245770624,469.98245770624,439.12458246335,0.033382327318346,0.097128338827557,0.066828758854533,0.071986956220508,649.50012507461,-0.20218787436259,0.0053054623386297,-0.0014736279467724,642.76359249671,-0.0029901487516453,-0.201254648639,0,7.2636594319095e-09,1.3615298998327e-13,0,0,5.9984099869893e-14,6.5047285718547e-14,4.6316238977406e-14,0,1.5549371379486e-13,1.5276055792257e-13,0,2.3688894984778e-13,1.1354312957774e-13,1.121808346016e-11,0,0,8.6377959003934e-12,8.7032201773768e-12,6.5504772116664e-12,0,1.5893466317857e-11,1.7493866820602e-11,0,2.8054483348484e-11,9.4984451867308e-12
7.55,972425361.06436,972425361.06436,972425361.06436,394647583.28658,394647583.28658,394647583.28658,1,1,1,399924298.78628,9.5228446500576e-05,0.00022271104764123,7.6872093736958e-05,1.0706189249505,283.38945126676,283.38945126676,283.29918056513,283.29918056513,283.38945126676,292.17228157758,292.17228157758,292.17228157758,314.11604483689,314.11604483689,314.11604483689,283.29918056513,0.0031887541528588,1.03566981989e-17,1.4037419944364e-25,-0.0037070863176904,-0.0041037989131354,-0.003564698502735,1.9259716819176e-13,-0.0031374021360632,-0.0012085037749473,1.5622024494111e-19,-0.00093872918716801,0.0036239404751444,439.02006706403,439.02006706403,438.9297963624,438.9297963624,439.02006706403,447.80289737485,447.80289737485,447.80289737485,469.74666063415,469.74666063415,469.74666063415,438.9297963624,0.033291309541104,0.097770850111252,0.067269737834286,0.072446629047607,649.44572857066,-0.20400317624265,0.0076108857103452,-0.0020635727379353,642.76975949178,-0.005646180785546,-0.20197292427292,0,7.2797851276402e-09,1.3648345882333e-13,0,0,5.9390373850186e-14,6.4581222388415e-14,4.6918644565091e-14,0,1.5404566188992e-13,1.5180307986113e-13,0,2.3451249620356e-13,1.1299553183045e-13,1.1411100218667e-11,0,0,8.7217865725667e-12,8.7945518179532e-12,6.6168301951386e-12,0,1.6111319782126e-11,1.7708548794952e-11,0,2.8386134101161e-11,9.658245000333e-12
7.6,971051919.44264,971051919.44264,971051919.44264,393274141.66486,393274141.66486,393274141.66486,1,1,1,399929173.96567,9.5800588102148e-05,0.00022419334123519,7.7443476160771e-05,1.0711165674873,283.22440239759,283.22440239759,283.09652899576,283.09652899576,283.22440239759,291.94036670116,291.94036670116,291.94036670116,313.87102855461,313.87102855461,313.87102855461,283.09652899576,0.0031773415395268,6.7681669097883e-18,9.9325353063043e-26,-0.0037068488245589,-0.0040877030619787,-0.0035869159113179,1.7419641678391e-13,-0.0031191076724944,-0.0012282570708343,8.8477775984789e-20,-0.0009435258127799,0.0036113933146539,438.86276059589,438.86276059589,438.73488719407,438.73488719407,438.86276059589,447.57872489947,447.57872489947,447.57872489947,469.50938675291,469.50938675291,469.50938675291,438.73488719407,0.033174376681328,0.098412326246301,0.067709787722673,0.072906082096587,649.38860325682,-0.2050737903477,0.0062422487998142,-0.0023531273658794,642.77283930702,-0.0059167791340331,-0.20327896472062,0,7.2939985999164e-09,1.3677986546492e-13,0,0,5.8809102992495e-14,6.411421255168e-14,4.759329242045e-14,0,1.5279731422968e-13,1.5085317045194e-13,0,2.3233671618071e-13,1.124355885446e-13,1.1604536159467e-11,0,0,8.8049552036097e-12,8.8852230068846e-12,6.6841372747575e-12,0,1.6327407816204e-11,1.7921887394532e-11,0,2.8714707836221e-11,9.8172529345461e-12
7.65,969672464.85532,969672464.85532,969672464.85532,391894687.07753,391894687.07753,391894687.07753,1,1,1,399933731.72852,9.6387200026438e-05,0.00022567571315531,7.8014521297393e-05,1.0716141742578,283.059235382,283.059235382,282.89399467639,282.89399467639,283.059235382,291.70680577475,291.70680577475,291.70680577475,313.62397534346,313.62397534346,313.62397534346,282.89399467639,0.003167437157082,6.3878166126033e-18,9.13513372285e-26,-0.0037076137087839,-0.0040712833327322,-0.0036082608113818,1.5557622042069e-13,-0.0030996419026303,-0.0012491908772075,4.0782368820463e-20,-0.00094782029187905,0.0035976574492144,438.70496855567,438.70496855567,438.53972785006,438.53972785006,438.70496855567,447.35253894843,447.35253894843,447.35253894843,469.26970851714,469.26970851714,469.26970851714,438.53972785006,0.033091370576615,0.099052749615839,0.06814889585879,0.073365317298742,649.32854634691,-0.20563215225762,0.0044546435372094,-0.0023918493722283,642.77269722624,-0.0021053374018084,-0.20481537071956,0,7.3064775109895e-09,1.3706573937462e-13,0,0,5.8238823416533e-14,6.3648123718167e-14,4.8360966140021e-14,0,1.5170887785959e-13,1.4989465238825e-13,0,2.3029649967425e-13,1.118379775545e-13,1.1798376387028e-11,0,0,8.887317337542e-12,8.9752350466665e-12,6.7525300089622e-12,0,1.6541956568805e-11,1.8133870444867e-11,0,2.9040396269428e-11,9.9754157191921e-12
7.7,968288432.81178,968288432.81178,968288432.81178,390510655.03399,390510655.03399,390510655.03399,1,1,1,399937766.17042,9.6971009035557e-05,0.00022715815917898,7.8585429285905e-05,1.0721117510001,282.89373812876,282.89373812876,282.69192558462,282.69192558462,282.89373812876,291.47151457528,291.47151457528,291.47151457528,313.3756183752,313.3756183752,313.3756183752,282.69192558462,0.0031562986887739,8.3281926134018e-18,1.3799054707159e-25,-0.003706852192932,-0.004055729295191,-0.0036298594277342,1.3772482334967e-13,-0.0030809703062163,-0.0012691201110919,-3.8840000922629e-21,-0.00095293998569416,0.0035850836723654,438.5465184294,438.5465184294,438.34470588526,438.34470588526,438.5465184294,447.12429487591,447.12429487591,447.12429487591,469.02839867583,469.02839867583,469.02839867583,438.34470588526,0.032990265103651,0.099692138042783,0.068587079410379,0.07382433574893,649.26548563246,-0.20694259256103,0.00495077242434,-0.0019172576463504,642.768783271,-0.0026616345525954,-0.20594235443681,0,7.3173762395027e-09,1.3727096225382e-13,0,0,5.7715964722763e-14,6.32479987648e-14,4.9213714722293e-14,0,1.5079153034861e-13,1.4902411544543e-13,0,2.2825414333468e-13,1.1125282837307e-13,1.1992506843567e-11,0,0,8.9689400376184e-12,9.0646812243126e-12,6.8221287117773e-12,0,1.6755207996115e-11,1.834462237005e-11,0,2.93631963746e-11,1.013275097793e-11
7.75,966901131.47554,966901131.47554,966901131.47554,389123353.69776,389123353.69776,389123353.69776,1,1,1,399941541.03864,9.7551565703575e-05,0.00022864067879736,7.9156328978087e-05,1.0726092874404,282.72808032,282.72808032,282.49040193612,282.49040193612,282.72808032,291.23435561394,291.23435561394,291.23435561394,313.12664669783,313.12664669783,313.12664669783,282.49040193612,0.0031447375072122,1.2480699703882e-17,2.9175956457768e-25,-0.0037078690468049,-0.0040379771515626,-0.0036517665747509,1.2009601533841e-13,-0.0030620251864545,-0.001290541733087,-6.264557498843e-20,-0.00095747487961754,0.0035717191463205,438.38757195695,438.38757195695,438.14989357307,438.14989357307,438.38757195695,446.8938472509,446.8938472509,446.8938472509,468.78613833478,468.78613833478,468.78613833478,438.14989357307,0.032868398706389,0.10033044750337,0.069024301671133,0.074283141892436,649.20016175183,-0.20812413162747,0.0033057127536342,-0.0026612954428865,642.76183208588,0.0011251879386166,-0.20707353218974,0,7.3268607232323e-09,1.3747410142937e-13,0,0,5.7220017168803e-14,6.2899212688771e-14,5.0156098817576e-14,0,1.5003506547772e-13,1.4816673909188e-13,0,2.263604478437e-13,1.1064448842644e-13,1.2186924582283e-11,0,0,9.0498613619377e-12,9.1536341439596e-12,6.8930601469608e-12,0,1.6967389620546e-11,1.8554161781967e-11,0,2.9683318389925e-11,1.0289225914064e-11
7.8,965508447.40546,965508447.40546,965508447.40546,387730669.62767,387730669.62767,387730669.62767,1,1,1,399944925.164,9.8129280759515e-05,0.00023012328217445,7.9726804817931e-05,1.0731067853269,282.56202672761,282.56202672761,282.28906847008,282.28906847008,282.56202672761,290.99563127921,290.99563127921,290.99563127921,312.87603049886,312.87603049886,312.87603049886,282.28906847008,0.0031338742096069,1.9326902288097e-17,6.9625517798097e-25,-0.0037058177661256,-0.0040237559060251,-0.0036738848080519,1.0370765180256e-13,-0.0030427789129819,-0.0013106131958206,-1.6873935433803e-19,-0.00096279258453594,0.0035578461771576,438.22793551658,438.22793551658,437.95497725905,437.95497725905,438.22793551658,446.66154006818,446.66154006818,446.66154006818,468.54193928783,468.54193928783,468.54193928783,437.95497725905,0.032848146602744,0.10096770145716,0.069460590104793,0.074741735070444,649.13206994548,-0.20875713595975,0.0024590072126819,-0.0011412331483158,642.7517796311,-0.0010911960359133,-0.20803073918791,0,7.335063301517e-09,1.3761217294088e-13,0,0,5.6753044218295e-14,6.2624233088668e-14,5.1197655639705e-14,0,1.4945158359533e-13,1.4735788123794e-13,0,2.2445592377922e-13,1.1006897947201e-13,1.2381537583604e-11,0,0,9.1301222867772e-12,9.2421981837268e-12,6.9654645659282e-12,0,1.7178746076984e-11,1.8762557296136e-11,0,3.0000747001488e-11,1.044488695763e-11
7.85,964111452.90822,964111452.90822,964111452.90822,386333675.13044,386333675.13044,386333675.13044,1,1,1,399948100.62813,9.8704597181872e-05,0.00023160593513954,8.0297086415613e-05,1.0736042485634,282.39612343711,282.39612343711,282.08811626408,282.08811626408,282.39612343711,290.75490782359,290.75490782359,290.75490782359,312.62411641573,312.62411641573,312.62411641573,282.08811626408,0.0031229060069066,2.9790535738442e-17,1.7306307669532e-24,-0.0037059252142555,-0.0040085006307454,-0.00369258071891,8.9044620718171e-14,-0.0030227144526367,-0.0013310557617278,-3.9685221885798e-19,-0.00096894459601276,0.0035459609777034,438.06815269709,438.06815269709,437.76014552406,437.76014552406,438.06815269709,446.42693708357,446.42693708357,446.42693708357,468.29614567571,468.29614567571,468.29614567571,437.76014552406,0.032889935667543,0.10160388595444,0.069895927698128,0.075200118166371,649.06133298412,-0.21036934042574,0.0065752154949498,-0.0027757579394724,642.73755060946,-0.0047811581546315,-0.20894826427507,0,7.3421229666603e-09,1.3769362365994e-13,0,0,5.631757075033e-14,6.2435505974156e-14,5.234819754859e-14,0,1.4901198321328e-13,1.4665624640602e-13,0,2.2259994830314e-13,1.0949330553755e-13,1.2576265773636e-11,0,0,9.2097673591322e-12,9.3304953230491e-12,7.0394960968672e-12,0,1.7389480844601e-11,1.896996054881e-11,0,3.0315550867362e-11,1.059973387531e-11
7.9,962712209.72072,962712209.72072,962712209.72072,384934431.94294,384934431.94294,384934431.94294,1,1,1,399951079.27796,9.9276225066123e-05,0.00023308867790844,8.0866745209951e-05,1.0741016769208,282.23015288839,282.23015288839,281.88756134595,281.88756134595,282.23015288839,290.51298407431,290.51298407431,290.51298407431,312.37152868727,312.37152868727,312.37152868727,281.88756134595,0.0031101731752119,4.5294977699155e-17,4.337940516576e-24,-0.0037053311604743,-0.0039896617273223,-0.0037157627184294,7.4992569757619e-14,-0.0030059669228532,-0.0013517547612963,-9.2607569343698e-19,-0.00097403084870974,0.0035330033537237,437.90802105052,437.90802105052,437.56542950807,437.56542950807,437.90802105052,446.19085223643,446.19085223643,446.19085223643,468.0493968494,468.0493968494,468.0493968494,437.56542950807,0.032897809365762,0.10223899081965,0.070330313133156,0.075658294071705,648.98702602732,-0.21132631676698,0.0069336955092823,-0.001519460809739,642.71902431447,-0.0027001798169418,-0.21015122877248,0,7.3481679987457e-09,1.3776194690335e-13,0,0,5.5897273316041e-14,6.2293272792166e-14,5.357159411398e-14,0,1.4867079186729e-13,1.4591487625457e-13,0,2.2084687408242e-13,1.0894293480309e-13,1.2771090587326e-11,0,0,9.2888180411554e-12,9.4185913142764e-12,7.1152577718211e-12,0,1.7599733094788e-11,1.9176315345761e-11,0,3.0627875511897e-11,1.0753802451234e-11
7.95,961310072.48493,961310072.48493,961310072.48493,383532294.70715,383532294.70715,383532294.70715,1,1,1,399953875.08029,9.984377398366e-05,0.00023457152557892,8.1435706033249e-05,1.0745990542206,282.06429521787,282.06429521787,281.68762977327,281.68762977327,282.06429521787,290.26954548794,290.26954548794,290.26954548794,312.11780163019,312.11780163019,312.11780163019,281.68762977327,0.0030966306375158,6.7656491859403e-17,1.1096194058688e-23,-0.0037049461233847,-0.0039701363912335,-0.0037382361110443,6.240429603558e-14,-0.0029881369355532,-0.0013734683078625,-2.1735453307764e-18,-0.00097948571703829,0.003520722058306,437.74772445178,437.74772445178,437.37105900717,437.37105900717,437.74772445178,445.95297472185,445.95297472185,445.95297472185,467.8012308641,467.8012308641,467.8012308641,437.37105900717,0.032903599540633,0.10287297585704,0.070763712444615,0.076116266940366,648.91119670245,-0.21199585329428,0.0051418580562899,-0.0028176798094459,642.69783418735,-0.0012935009709943,-0.21184500304171,0,7.353319401912e-09,1.378251391905e-13,0,0,5.5452269452363e-14,6.2231647078347e-14,5.4888887278372e-14,0,1.4851321969208e-13,1.4520156927722e-13,0,2.1922308848133e-13,1.0840690262337e-13,1.2966004768405e-11,0,0,9.3672393926793e-12,9.5066001535834e-12,7.1928823806337e-12,0,1.7809762504268e-11,1.9381661374311e-11,0,3.0937903776813e-11,1.0907112963178e-11
8,959905010.31199,959905010.31199,959905010.31199,382127232.53421,382127232.53421,382127232.53421,1,1,1,399956500.52972,0.0001004089641382,0.00023605442649588,8.2003895239968e-05,1.0750963928642,281.89810498517,281.89810498517,281.4882287659,281.4882287659,281.89810498517,290.02458804115,290.02458804115,290.02458804115,311.86336582825,311.86336582825,311.86336582825,281.4882287659,0.0030854842501959,9.9380062792357e-17,2.904714905136e-23,-0.0037038848171225,-0.0039538738542569,-0.0037582613204874,5.1242124933919e-14,-0.0029691611717821,-0.0013950162433718,-5.119155650832e-18,-0.00098567042798141,0.0035069005997383,437.5868294311,437.5868294311,437.17695321183,437.17695321183,437.5868294311,445.71331248708,445.71331248708,445.71331248708,467.55209027418,467.55209027418,467.55209027418,437.17695321183,0.032921443971593,0.10350586705073,0.071196149676876,0.076574036188661,648.83167225697,-0.21353697498496,0.0068584941809464,-0.0019674230430292,642.67202604936,-0.001805362721506,-0.21278911916619,0,7.3576744482714e-09,1.37824909059e-13,0,0,5.499997678052e-14,6.2246052115795e-14,5.6321308086542e-14,0,1.48444778289e-13,1.4455162993625e-13,0,2.1758667212609e-13,1.0788053635927e-13,1.3160918624029e-11,0,0,9.4450211057726e-12,9.5946293646898e-12,7.2725327383803e-12,0,1.8019695122988e-11,1.958608824983e-11,0,3.1245617799525e-11,1.1059679080814e-11
8.05,958495230.9132,958495230.9132,958495230.9132,380717453.13542,380717453.13542,380717453.13542,1,1,1,399958968.42592,0.00010097033416705,0.00023753742292098,8.2571203432401e-05,1.0755936851727,281.73156609257,281.73156609257,281.28899303184,281.28899303184,281.73156609257,289.7779078225,289.7779078225,289.7779078225,311.60776495119,311.60776495119,311.60776495119,281.28899303184,0.0030722368162012,1.4334974117554e-16,7.6540584303525e-23,-0.003702218562097,-0.0039358093193591,-0.0037797051406505,4.1429541872927e-14,-0.0029512159385071,-0.0014170103756804,-1.1939087383772e-17,-0.00099185545655188,0.0034941096370262,437.42534636122,437.42534636122,436.9827733005,436.9827733005,437.42534636122,445.47168809116,445.47168809116,445.47168809116,467.30154521984,467.30154521984,467.30154521984,436.9827733005,0.032899736315265,0.10413763329685,0.071627597754505,0.077031605995143,648.74917329852,-0.21425318263502,0.0069090076070709,-0.0020601595663624,642.64294503617,-0.0025523076098597,-0.21353657477483,0,7.3613297791322e-09,1.3780760216639e-13,0,0,5.4522946325859e-14,6.2384504823625e-14,5.7823176251632e-14,0,1.4852251014687e-13,1.4386785277512e-13,0,2.1603000153524e-13,1.0741975042582e-13,1.3355808004011e-11,0,0,9.5221281959271e-12,9.6828543774933e-12,7.3543070584549e-12,0,1.8229737671155e-11,1.9789548118414e-11,0,3.1551130357576e-11,1.1211593548733e-11
8.1,957078613.7247,957078613.7247,957078613.7247,379300835.94692,379300835.94692,379300835.94692,1,1,1,399961285.65111,0.00010152793486918,0.00023902051863352,8.3137630410943e-05,1.0760909458979,281.56458337371,281.56458337371,281.08984702582,281.08984702582,281.56458337371,289.52872607281,289.52872607281,289.52872607281,311.35055093779,311.35055093779,311.35055093779,281.08984702582,0.0030582380916834,2.0292264126993e-16,2.0223227964459e-22,-0.0037006354949155,-0.0039162368852381,-0.003801858757459,3.3349790290731e-14,-0.0029339534812719,-0.001438748013408,-2.7282709665544e-17,-0.00099844182266813,0.0034823815335712,437.26318540826,437.26318540826,436.78844906036,436.78844906036,437.26318540826,445.22732810736,445.22732810736,445.22732810736,467.04915297234,467.04915297234,467.04915297234,436.78844906036,0.032907670705836,0.10476827103228,0.072058052532797,0.077488979403653,648.66160913479,-0.21586284288795,0.0085039631765605,-0.0024055064005973,642.60685916819,-0.0035228641527891,-0.21529946153441,0,7.3643757142557e-09,1.3772487827477e-13,0,0,5.4018815272027e-14,6.2665147535469e-14,5.9416395328042e-14,0,1.4875348283605e-13,1.4319899513485e-13,0,2.1452015103605e-13,1.069962967388e-13,1.3550580394743e-11,0,0,9.5985223371082e-12,9.771476279026e-12,7.4383345305551e-12,0,1.8440106864032e-11,1.9992062079452e-11,0,3.1854507664573e-11,1.1362909162704e-11
8.15,955654298.01603,955654298.01603,955654298.01603,377876520.23825,377876520.23825,377876520.23825,1,1,1,399963462.63526,0.00010208217904311,0.0002405036961024,8.3703298686408e-05,1.0765881629501,281.39693680849,281.39693680849,280.89087076848,280.89087076848,281.39693680849,289.27680616457,289.27680616457,289.27680616457,311.09157707467,311.09157707467,311.09157707467,280.89087076848,0.0030456451762471,2.8104409908042e-16,5.2126991651092e-22,-0.0036989278043863,-0.003898399897774,-0.0038234357862066,2.6564059580547e-14,-0.0029148676748313,-0.0014624502311541,-6.1048670629548e-17,-0.0010050535267886,0.0034671932408181,437.10014487481,437.10014487481,436.59407883479,436.59407883479,437.10014487481,444.98001423088,444.98001423088,444.98001423088,466.79478514099,466.79478514099,466.79478514099,436.59407883479,0.032927685679306,0.10539774336903,0.07248748662991,0.077946159815757,648.56892176254,-0.21637251383222,0.0065433861995987,-0.0014694422260401,642.56581372645,-0.0027514653375272,-0.21634690206598,0,7.3668933292984e-09,1.3766244502536e-13,0,0,5.3462464863369e-14,6.3067258668493e-14,6.1100392916475e-14,0,1.4913396937448e-13,1.424615233085e-13,0,2.1309772453524e-13,1.0658539816344e-13,1.3745264491528e-11,0,0,9.6741296799958e-12,9.8606668515767e-12,7.5247435348839e-12,0,1.8651014146132e-11,2.0193533097831e-11,0,3.2155873356722e-11,1.1513643678338e-11
8.2,954226319.6269,954226319.6269,954226319.6269,376448541.84911,376448541.84911,376448541.84911,1,1,1,399965513.79384,0.00010263234931689,0.00024198698329693,8.426786271549e-05,1.0770853310359,281.22908711546,281.22908711546,280.69206884339,280.69206884339,281.22908711546,289.02315281602,289.02315281602,289.02315281602,310.83172744432,310.83172744432,310.83172744432,280.69206884339,0.0030302011972809,3.8049333393196e-16,1.2601000076508e-21,-0.0036976070971536,-0.0038771541561133,-0.00384510366252,2.1283729748329e-14,-0.0028982969445844,-0.0014844628272455,-1.3291249868781e-16,-0.0010118933816704,0.0034563341295463,436.93669115463,436.93669115463,436.39967288256,436.39967288256,436.93669115463,444.73075685519,444.73075685519,444.73075685519,466.53933148348,466.53933148348,466.53933148348,436.39967288256,0.032922682518477,0.1060260508808,0.072915894885937,0.0784031493842,648.47300361616,-0.21760476256653,0.0094983471717668,-0.0027240820915483,642.52025491079,-0.0033123310382014,-0.21730937980894,0,7.3689603096499e-09,1.3750237055034e-13,0,0,5.2900449586344e-14,6.3682188216903e-14,6.2866394795071e-14,0,1.4964601118434e-13,1.4176578254938e-13,0,2.117403898165e-13,1.0620482481171e-13,1.3939722208818e-11,0,0,9.7489422132565e-12,9.9507270658347e-12,7.6136500430206e-12,0,1.8862645564704e-11,2.0394020190193e-11,0,3.2455319487703e-11,1.1663839981976e-11
8.25,952791097.25488,952791097.25488,952791097.25488,375013319.4771,375013319.4771,375013319.4771,1,1,1,399967439.22178,0.00010317877508532,0.00024347037372061,8.4831458617197e-05,1.0775824524382,281.06049434432,281.06049434432,280.49276181258,280.49276181258,281.06049434432,288.76732166573,288.76732166573,288.76732166573,310.57050968399,310.57050968399,310.57050968399,280.49276181258,0.0030161434063449,5.0275348560233e-16,2.7182657301709e-21,-0.0036960863397927,-0.0038583575215938,-0.0038664070469292,1.7427394489207e-14,-0.0028795879784409,-0.0015088147442171,-2.8186220825111e-16,-0.0010185821865323,0.0034419604748916,436.77230360679,436.77230360679,436.20457107505,436.20457107505,436.77230360679,444.4791309282,444.4791309282,444.4791309282,466.28231894646,466.28231894646,466.28231894646,436.20457107505,0.032948992187379,0.10665316086002,0.073343253338843,0.078859952460413,648.37216431044,-0.21902829330704,0.0071992304338725,-0.0027418884257863,642.46848737869,-0.0027806428623086,-0.2189411943587,0,7.3706453717289e-09,1.3738234150561e-13,0,0,5.2277726326598e-14,6.437895771702e-14,6.4721464384794e-14,0,1.5028748791153e-13,1.4097977246394e-13,0,2.1048357835658e-13,1.0581213721481e-13,1.4134010179406e-11,0,0,9.8228740828376e-12,1.004177266097e-11,7.7051800157302e-12,0,1.9075184168364e-11,2.0593395696432e-11,0,3.2752988218871e-11,1.1813480941489e-11
8.3,951353578.83443,951353578.83443,951353578.83443,373575801.05665,373575801.05665,373575801.05665,1,1,1,399969164.31847,0.00010372183240221,0.0002449538472825,8.5394130568591e-05,1.0780795244379,280.89170955172,280.89170955172,280.29411167066,280.29411167066,280.89170955172,288.50955864119,288.50955864119,288.50955864119,310.30899682897,310.30899682897,310.30899682897,280.29411167066,0.0030021693547123,6.4941716366382e-16,5.0014681567321e-21,-0.0036948506255858,-0.0038388684336226,-0.0038862175475741,1.4849460782544e-14,-0.0028620521853997,-0.0015306397652236,-5.81967126829e-16,-0.001025809348222,0.0034300366545959,436.60753723581,436.60753723581,436.00993935475,436.00993935475,436.60753723581,444.22538632527,444.22538632527,444.22538632527,466.02482451306,466.02482451306,466.02482451306,436.00993935475,0.03296394739302,0.10727911224465,0.073769596061686,0.079316567789894,648.26734756279,-0.22084680039981,0.010356007488839,-0.0024553708878457,642.41203705313,-0.003667401945138,-0.21992644283076,0,7.3720105897968e-09,1.3713117578222e-13,0,0,5.1648218263585e-14,6.514225228892e-14,6.6665591904838e-14,0,1.5098277337404e-13,1.4023683078838e-13,0,2.0919851371741e-13,1.0541270274671e-13,1.4327942948022e-11,0,0,9.8959156935783e-12,1.013389771764e-11,7.7994593999457e-12,0,1.9288706054154e-11,2.0791720524477e-11,0,3.3048839594199e-11,1.196255701536e-11
8.35,949910737.7551,949910737.7551,949910737.7551,372132959.97732,372132959.97732,372132959.97732,1,1,1,399970788.67295,0.00010426023459277,0.00024643743807618,8.5955762443724e-05,1.078576541709,280.72253216241,280.72253216241,280.09515910582,280.09515910582,280.72253216241,288.24967818776,288.24967818776,288.24967818776,310.04663464246,310.04663464246,310.04663464246,280.09515910582,0.0029868631097688,8.1616725715215e-16,7.7725432157725e-21,-0.0036935464311626,-0.0038181549814268,-0.0039083932009455,1.3169108450805e-14,-0.002843936688937,-0.0015554441158607,-1.1693757027747e-15,-0.0010323974344403,0.0034160403968054,436.44220005982,436.44220005982,435.81482700323,435.81482700323,436.44220005982,443.96934608516,443.96934608516,443.96934608516,465.76630253986,465.76630253986,465.76630253986,435.81482700323,0.032963472831297,0.10790383659107,0.07419486284949,0.079773003044398,648.15809412816,-0.22142429450175,0.0057881317957419,-0.0029342963614317,642.3503508921,-0.001497283210588,-0.22151665069756,0,7.3731127508938e-09,1.3693288394622e-13,0,0,5.0960284639642e-14,6.5797654247026e-14,6.8680948869452e-14,0,1.5182036082962e-13,1.3944201152663e-13,0,2.0800906793814e-13,1.0498715178884e-13,1.4521595289633e-11,0,0,9.9679844192581e-12,1.0226949652649e-11,7.8965889293135e-12,0,1.9503412467484e-11,2.0988921308342e-11,0,3.3343008839174e-11,1.2111031269295e-11
8.4,948461169.8053,948461169.8053,948461169.8053,370683392.02751,370683392.02751,370683392.02751,1,1,1,399972323.28424,0.00010479639152276,0.00024792109193256,8.6516127638516e-05,1.0790735188378,280.55279918377,280.55279918377,279.89591570828,279.89591570828,280.55279918377,287.98738965223,287.98738965223,287.98738965223,309.78294060026,309.78294060026,309.78294060026,279.89591570828,0.0029725442888552,9.9861726014117e-16,1.0496274441006e-20,-0.0036916329765128,-0.0038011186750184,-0.0039266853981797,1.2062460498673e-14,-0.0028254747086393,-0.0015769991318877,-2.2918438168561e-15,-0.0010403617476915,0.0034047072360771,436.27613595021,436.27613595021,435.61925247472,435.61925247472,436.27613595021,443.71072641867,443.71072641867,443.71072641867,465.5062773667,465.5062773667,465.5062773667,435.61925247472,0.032985021240056,0.10852740774893,0.074619121506742,0.080229253891523,648.04427347725,-0.2250030955664,0.011060449812455,-0.0011915939009096,642.28207897596,-0.0057437001063745,-0.22222640438925,0,7.3739994492611e-09,1.3662436864251e-13,0,0,5.0274142350303e-14,6.6376957755349e-14,7.0784682146009e-14,0,1.5270471201201e-13,1.3877478883696e-13,0,2.0670779398033e-13,1.0456782140274e-13,1.4714811324718e-11,0,0,1.0039082793207e-11,1.0320820846535e-11,7.9966935868127e-12,0,1.9719369542249e-11,2.1185178496831e-11,0,3.3635337804869e-11,1.225891250051e-11
8.45,947006937.52508,947006937.52508,947006937.52508,369229159.7473,369229159.7473,369229159.7473,1,1,1,399973845.82215,0.00010532692625249,0.00024940488634748,8.7075273827653e-05,1.079570433271,280.38254435853,280.38254435853,279.69664046914,279.69664046914,280.38254435853,287.72317410487,287.72317410487,287.72317410487,309.51841906598,309.51841906598,309.51841906598,279.69664046914,0.0029572670726792,1.1897756807995e-15,1.2824445848236e-20,-0.0036902460729247,-0.0037774542713623,-0.0039476626010056,1.1235445662714e-14,-0.0028099029138492,-0.0015997816281179,-4.3472681687262e-15,-0.0010475862934332,0.0033930812583994,436.1093838483,436.1093838483,435.4234799589,435.4234799589,436.1093838483,443.45001359464,443.45001359464,443.45001359464,465.24525855574,465.24525855574,465.24525855574,435.4234799589,0.032969839909165,0.10914975592778,0.075042316616788,0.080685327516482,647.92621496403,-0.22471004144031,0.011593035763395,-0.0022314942814785,642.21025126688,-0.0037363711665207,-0.2235707510317,0,7.3747122398702e-09,1.3624569092854e-13,0,0,4.9526148562474e-14,6.6813764223272e-14,7.2909372513083e-14,0,1.5366836392795e-13,1.3812228950211e-13,0,2.0557810087277e-13,1.0417280889919e-13,1.4907491828644e-11,0,0,1.0109123344196e-11,1.0415309778053e-11,8.0998030102448e-12,0,1.9936689426624e-11,2.1380512911911e-11,0,3.392606914325e-11,1.2406235099686e-11
8.5,945548127.7024,945548127.7024,945548127.7024,367770349.92461,367770349.92461,367770349.92461,1,1,1,399975207.8535,0.00010585340543565,0.00025088879393929,8.7633153560104e-05,1.080067291673,280.21180930476,280.21180930476,279.49735249164,279.49735249164,280.21180930476,287.4572058181,287.4572058181,287.4572058181,309.25293092431,309.25293092431,309.25293092431,279.49735249164,0.0029418181630386,1.3735454846057e-15,1.4678378743098e-20,-0.0036890340348387,-0.0037570866985967,-0.0039674782979808,1.0531744344948e-14,-0.0027916147978052,-0.0016249835791065,-7.9925333577232e-15,-0.001055064528505,0.003379372537904,435.94199801511,435.94199801511,435.22754120198,435.22754120198,435.94199801511,443.18739452844,443.18739452844,443.18739452844,464.98311963465,464.98311963465,464.98311963465,435.22754120198,0.03301665531652,0.10977086489922,0.075464427347013,0.081141227301363,647.80402454857,-0.22485720591007,0.008293839025046,-0.0030573582789407,642.13295856312,-0.0027255270294522,-0.22420940710653,0,7.3752865103807e-09,1.3599752275215e-13,0,0,4.8705656037646e-14,6.7130067975647e-14,7.5113941984274e-14,0,1.5482039868451e-13,1.375393359815e-13,0,2.0461148448738e-13,1.0377431108589e-13,1.5099821369769e-11,0,0,1.0178003543528e-11,1.0510246030627e-11,8.2060301657223e-12,0,2.0155638534176e-11,2.1575022906216e-11,0,3.4215433479629e-11,1.2552994137849e-11
8.55,944083368.99654,944083368.99654,944083368.99654,366305591.21876,366305591.21876,366305591.21876,1,1,1,399976410.87693,0.00010642862810284,0.00025237280631785,8.8189439042453e-05,1.080564093426,280.04015425372,280.04015425372,279.2981823618,279.2981823618,280.04015425372,287.18880880668,287.18880880668,287.18880880668,308.98650932503,308.98650932503,308.98650932503,279.2981823618,0.0029255045973688,1.5328620999244e-15,1.5835302043453e-20,-0.0036868045934014,-0.0037357101464106,-0.003989772474852,9.764953679731e-15,-0.0027756867466074,-0.0016470587688258,-1.4276497410021e-14,-0.0010626756379441,0.003366660344417,435.77355162021,435.77355162021,435.0315797283,435.0315797283,435.77355162021,442.92220617318,442.92220617318,442.92220617318,464.71990669153,464.71990669153,464.71990669153,435.0315797283,0.033008326068655,0.11039077229624,0.075885485675986,0.081596952163531,647.67731995973,-0.22602378758853,0.0064876933492884,-0.0023258361598469,642.04925252712,-0.00050777202531992,-0.22583897144493,0,7.3757522128769e-09,1.3564377144405e-13,0,0,4.7841213983579e-14,6.7380984978993e-14,7.7346059648806e-14,0,1.5613567508381e-13,1.3708703934906e-13,0,2.0369106904866e-13,1.0339986188006e-13,1.5291650630997e-11,0,0,1.0245661237184e-11,1.060553713343e-11,8.3154140122737e-12,0,2.0376447723449e-11,2.1768893256489e-11,0,3.4503496152012e-11,1.2699223624868e-11
8.6,942612849.21398,942612849.21398,942612849.21398,364835071.43619,364835071.43619,364835071.43619,1,1,1,399977549.2653,0.00010702694762286,0.00025385685779428,8.8744435858304e-05,1.0810608571286,279.86737452849,279.86737452849,279.09909952066,279.09909952066,279.86737452849,286.91834947855,286.91834947855,286.91834947855,308.71919995327,308.71919995327,308.71919995327,279.09909952066,0.0029110515238924,1.6519815301565e-15,1.6686204104759e-20,-0.0036852213847864,-0.0037178945773343,-0.0040030389326077,9.031836414176e-15,-0.002758172498962,-0.0016676274765987,-2.4771635623021e-14,-0.001072446910757,0.0033584610835651,435.60383931948,435.60383931948,434.83556431166,434.83556431166,435.60383931948,442.65481426955,442.65481426955,442.65481426955,464.45566474427,464.45566474427,464.45566474427,434.83556431166,0.033029094834293,0.11100951004143,0.076305520309124,0.082052501486925,647.54603729713,-0.2302042812388,0.019857391536602,-0.0031433755062338,641.95835100444,-0.0076190187908713,-0.22716571943396,0,7.3761333086984e-09,1.3525309448538e-13,0,0,4.6973826429643e-14,6.7672591110888e-14,7.9707098474226e-14,0,1.5759480390209e-13,1.3693338838821e-13,0,2.0271726467766e-13,1.0304555472253e-13,1.5482927391571e-11,0,0,1.0312092259598e-11,1.070124062958e-11,8.4281368719534e-12,0,2.0599320432487e-11,2.1962546311489e-11,0,3.4790181657047e-11,1.2844952045899e-11
8.65,941138429.70576,941138429.70576,941138429.70576,363360651.92797,363360651.92797,363360651.92797,1,1,1,399978623.1091,0.00010762028827352,0.0002553410987301,8.9297758489237e-05,1.0815575583338,279.69392717792,279.69392717792,278.89978137473,278.89978137473,279.69392717792,286.64657946425,286.64657946425,286.64657946425,308.45115015362,308.45115015362,308.45115015362,278.89978137473,0.0028917448204899,1.7162370896426e-15,1.68728691778e-20,-0.0036821303342026,-0.0036933301128972,-0.0040294429712768,8.1595784736583e-15,-0.0027433318035882,-0.0016910670118977,-4.1405037464985e-14,-0.0010804892538654,0.0033449593370233,435.43332660914,435.43332660914,434.63918080595,434.63918080595,435.43332660914,442.38597889547,442.38597889547,442.38597889547,464.19054958484,464.19054958484,464.19054958484,434.63918080595,0.033020670669586,0.11162695747259,0.076724431054761,0.082507887112665,647.40877935134,-0.22827082048185,0.012415418342519,-0.0022230073791873,641.86353089994,-0.0032156425211075,-0.22773880953022,0,7.3764497699207e-09,1.3496709866146e-13,0,0,4.6004136161721e-14,6.7836257749602e-14,8.2006469073061e-14,0,1.5934163304102e-13,1.3665718904901e-13,0,2.0210604833585e-13,1.0270046678209e-13,1.5673799692972e-11,0,0,1.0377151932883e-11,1.0797175585311e-11,8.5441115327188e-12,0,2.0824663530984e-11,2.2155808761638e-11,0,3.5076002771641e-11,1.2990192438884e-11
8.7,939659861.81821,939659861.81821,939659861.81821,361882084.04043,361882084.04043,361882084.04043,1,1,1,399979640.87508,0.00010821156990764,0.00025682546246117,8.9849402366377e-05,1.0820541977538,279.51940265424,279.51940265424,278.7005728185,278.7005728185,279.51940265424,286.3731119652,286.3731119652,286.3731119652,308.18270352939,308.18270352939,308.18270352939,278.7005728185,0.002874190453315,1.7148806828856e-15,1.6671996094858e-20,-0.0036802025272865,-0.0036720329767761,-0.0040507022663043,7.2506663992458e-15,-0.0027260588678807,-0.0017147844250139,-6.6910251900993e-14,-0.0010892844703465,0.0033316295180788,435.26160846735,435.26160846735,434.44277863161,434.44277863161,435.26160846735,442.11531777831,442.11531777831,442.11531777831,463.9249093425,463.9249093425,463.9249093425,434.44277863161,0.033085192242144,0.11224314198517,0.077142237072402,0.082963107906428,647.26740596241,-0.22966976004639,0.0080397697253771,-0.0028971481482574,641.76080588957,-0.0015112134094456,-0.23026886651891,0,7.3767176930706e-09,1.3473913917692e-13,0,0,4.498531936321e-14,6.7987183584389e-14,8.4368441251575e-14,0,1.6125513858288e-13,1.3649603178373e-13,0,2.015321580533e-13,1.0239254320408e-13,1.5864349610979e-11,0,0,1.0440770781634e-11,1.0893323982403e-11,8.6634265265731e-12,0,2.1052712734971e-11,2.2348843300997e-11,0,3.5361012282814e-11,1.3134997362169e-11
8.75,938175619.15276,938175619.15276,938175619.15276,360397841.37498,360397841.37498,360397841.37498,1,1,1,399980606.88661,0.00010880034733383,0.00025830993307743,9.0399226819817e-05,1.0825507797549,279.34425766543,279.34425766543,278.50130842145,278.50130842145,279.34425766543,286.0974897923,286.0974897923,286.0974897923,307.91309964874,307.91309964874,307.91309964874,278.50130842145,0.0028552842002861,1.6479499373271e-15,1.6055003540568e-20,-0.0036770633746359,-0.003650598910235,-0.0040723889435595,6.2847562450945e-15,-0.0027104364924513,-0.0017359570584508,-1.0452906635751e-13,-0.0010991547199239,0.0033203963927551,435.08914760556,435.08914760556,434.24619836158,434.24619836158,435.08914760556,441.84237973242,441.84237973242,441.84237973242,463.65798958886,463.65798958886,463.65798958886,434.24619836158,0.033101098515671,0.11285807756638,0.077558954429607,0.083418164849228,647.12082672627,-0.23072039863523,0.0070950858927906,-0.0018448337333781,641.65282969158,-0.0015312668046928,-0.23119425566634,0,7.3769495912604e-09,1.3445727995431e-13,0,0,4.3948472920636e-14,6.815891836595e-14,8.6703730207644e-14,0,1.6327788980695e-13,1.3644892504113e-13,0,2.0093491845878e-13,1.0207904437669e-13,1.605450091985e-11,0,0,1.0502923308084e-11,1.0989715249153e-11,8.7860441177411e-12,0,2.1283622541171e-11,2.2541811221361e-11,0,3.5645177169653e-11,1.3279358931161e-11
8.8,936688868.00259,936688868.00259,936688868.00259,358911090.22481,358911090.22481,358911090.22481,1,1,1,399981582.36717,0.00010938750063061,0.00025979449902537,9.0947228940235e-05,1.0830473109311,279.16835302434,279.16835302434,278.30234849355,278.30234849355,279.16835302434,285.82055764989,285.82055764989,285.82055764989,307.64322155322,307.64322155322,307.64322155322,278.30234849355,0.0028371547047216,1.5194327017176e-15,1.5127856477967e-20,-0.0036752460581081,-0.0036297077863831,-0.004090694343659,5.3132335877338e-15,-0.0026940029395217,-0.0017570794977831,-1.5760509908699e-13,-0.0011098238956582,0.0033101037651991,434.91580904663,434.91580904663,434.04980451584,434.04980451584,434.91580904663,441.56801367218,441.56801367218,441.56801367218,463.39067757551,463.39067757551,463.39067757551,434.04980451584,0.033119116738908,0.1134717714206,0.0779745885867,0.083873059250413,646.96868097649,-0.23265850471597,0.010168079553696,-0.0021094643239183,641.53762525015,-0.0018002784107576,-0.23248550302089,0,7.3771552017816e-09,1.3416251813327e-13,0,0,4.2885788232329e-14,6.8328018298775e-14,8.9039648046369e-14,0,1.6535733794372e-13,1.3648925181799e-13,0,2.0036709826999e-13,1.0173559618528e-13,1.6244235372556e-11,0,0,1.0563572971435e-11,1.1086345659321e-11,8.9119651955972e-12,0,2.1517473131129e-11,2.27348361724e-11,0,3.5928539037479e-11,1.3423234791062e-11
8.85,935196915.33606,935196915.33606,935196915.33606,357419137.55828,357419137.55828,357419137.55828,1,1,1,399982412.73794,0.00010997207381665,0.00026127914499118,9.1493475857733e-05,1.0835437863653,278.99120198604,278.99120198604,278.10315436272,278.10315436272,278.99120198604,285.5418137012,285.5418137012,285.5418137012,307.37286524446,307.37286524446,307.37286524446,278.10315436272,0.002817825898121,1.3458538315182e-15,1.3911393976099e-20,-0.0036715077491308,-0.0036084877072472,-0.004109753711167,4.3072943565951e-15,-0.0026790620439176,-0.0017747428464744,-2.2948008911794e-13,-0.0011218846288541,0.0033027304054217,434.74111504035,434.74111504035,433.85306741703,433.85306741703,434.74111504035,441.29172675551,441.29172675551,441.29172675551,463.12277829876,463.12277829876,463.12277829876,433.85306741703,0.033132820821864,0.11408423503523,0.078389150750885,0.084327792196032,646.81177043421,-0.23351144858483,0.018802463547921,-0.0017038465229448,641.41789219358,-0.0060841194187934,-0.23238876978374,0,7.3773419858235e-09,1.3374675245862e-13,0,0,4.1806377120337e-14,6.8509004888883e-14,9.1289036189361e-14,0,1.6750554562535e-13,1.3664256650405e-13,0,1.9977567832696e-13,1.0139964973875e-13,1.6433381843807e-11,0,0,1.0622696116953e-11,1.118323202318e-11,9.0410673886721e-12,0,2.1754361745525e-11,2.2928077943148e-11,0,3.6211064511202e-11,1.3566635550942e-11
8.9,933698218.34367,933698218.34367,933698218.34367,355920440.56589,355920440.56589,355920440.56589,1,1,1,399983152.69208,0.00011055283891228,0.00026276402160511,9.2037733515349e-05,1.0840402010806,278.81282833266,278.81282833266,277.90369638916,277.90369638916,278.81282833266,285.26100086788,285.26100086788,285.26100086788,307.10132539067,307.10132539067,307.10132539067,277.90369638916,0.0027969915353556,1.1435575663446e-15,1.243661319263e-20,-0.0036694651449729,-0.003588201360606,-0.0041329506227701,3.2741389737376e-15,-0.0026605295056083,-0.0018018954565307,-3.2020462672041e-13,-0.0011318134025787,0.0032855401231678,434.56509748147,434.56509748147,433.65596553798,433.65596553798,434.56509748147,441.01327001669,441.01327001669,441.01327001669,462.85359453949,462.85359453949,462.85359453949,433.65596553798,0.033162263852587,0.11469534077714,0.078802524728269,0.084782376562796,646.64818827829,-0.23554137676085,0.0038031297205123,-0.0024150804066398,641.28790620858,-0.00044106765933369,-0.23554739905335,0,7.377515241845e-09,1.3362286104677e-13,0,0,4.0601276811112e-14,6.8504751584367e-14,9.3402846180524e-14,0,1.6988415075099e-13,1.365308760679e-13,0,1.9956290047114e-13,1.0094598074062e-13,1.6622353106142e-11,0,0,1.0680114993268e-11,1.1280112371957e-11,9.1731589605049e-12,0,2.199461421555e-11,2.3121161759766e-11,0,3.6493289071595e-11,1.3709394725973e-11
8.95,932192856.52348,932192856.52348,932192856.52348,354415078.74569,354415078.74569,354415078.74569,1,1,1,399983915.2942,0.00011114651193925,0.00026424965134528,9.2581072057137e-05,1.0845366233116,278.63353859793,278.63353859793,277.70394986658,277.70394986658,278.63353859793,284.97831411691,284.97831411691,284.97831411691,306.82823035343,306.82823035343,306.82823035343,277.70394986658,0.0027932213577941,9.1649212554674e-16,1.1457424453881e-20,-0.0036813660346912,-0.0035959556141566,-0.0041092068418776,2.2941347476999e-15,-0.0026233516377661,-0.0018353189038109,-4.4796323095783e-13,-0.0011440455167248,0.0032697133776896,434.38806004702,434.38806004702,433.45847131567,433.45847131567,434.38806004702,440.732835566,440.732835566,440.732835566,462.58275180252,462.58275180252,462.58275180252,433.45847131567,0.033172388666935,0.11530530633706,0.07921488009532,0.085236792554317,646.47146875574,-0.2448263501805,0.033401386512265,-0.013207326868755,641.14476462864,-0.018630494975864,-0.22874987305908,0,7.3776786412631e-09,1.3367658392443e-13,0,0,3.9401046662783e-14,6.8616848712102e-14,9.5995804317845e-14,0,1.721914251609e-13,1.3670111383266e-13,0,1.9880768320491e-13,1.0017377876223e-13,1.68114003441e-11,0,0,1.0735836487831e-11,1.1377151250013e-11,9.3089175289021e-12,0,2.2238129664337e-11,2.3314486328939e-11,0,3.6774445593487e-11,1.3851061842493e-11
9,930687595.76582,930687595.76582,930687595.76582,352909817.98803,352909817.98803,352909817.98803,1,1,1,399984595.01512,0.000111718353775,0.00026573586519281,9.3120690040838e-05,1.0850328584877,278.45420490709,278.45420490709,277.50426982308,277.50426982308,278.45420490709,284.69474303238,284.69474303238,284.69474303238,306.55550839669,306.55550839669,306.55550839669,277.50426982308,0.0027548356403373,7.2648678963749e-16,9.5060495112142e-21,-0.0036608030932505,-0.0035439386243735,-0.0041769007807754,1.2362759697597e-15,-0.0026306624208968,-0.0018399818977389,-5.6576132887366e-13,-0.0011563059847991,0.0032639953070873,434.21088203425,434.21088203425,433.26094695024,433.26094695024,434.21088203425,440.45142015954,440.45142015954,440.45142015954,462.31218552385,462.31218552385,462.31218552385,433.26094695024,0.032754946243216,0.11591387494255,0.079626060712741,0.085691072003392,646.30604331677,-0.2377465709615,0.0047339229286009,-0.00084269543259818,641.01354337057,-0.00028930173121103,-0.23658876365803,0,7.3778358258819e-09,1.3302840706515e-13,0,0,3.8282119169094e-14,6.8595950574722e-14,9.7350829243151e-14,0,1.7471846273897e-13,1.3672428354241e-13,0,1.9872339213179e-13,9.9858809913601e-14,1.6999530921552e-11,0,0,1.0789975579956e-11,1.147416057364e-11,9.446592391926e-12,0,2.2485218883939e-11,2.3507843665031e-11,0,3.70554829098e-11,1.3992283525795e-11
9.05,929179042.79884,929179042.79884,929179042.79884,351401265.02106,351401265.02106,351401265.02106,1,1,1,399985234.86826,0.0001122900919936,0.00026722216734191,9.3658629773272e-05,1.0855290771924,278.27291984229,278.27291984229,277.30565793046,277.30565793046,278.27291984229,284.4099536654,284.4099536654,284.4099536654,306.28234930425,306.28234930425,306.28234930425,277.30565793046,0.0027342878659255,5.4479311099438e-16,7.9445616200401e-21,-0.0036575043205293,-0.0035237368569349,-0.0041948994449109,2.0716382678074e-16,-0.002614755803888,-0.0018610916624523,-7.0372112645461e-13,-0.0011687207867779,0.0032556116513783,434.03166594382,434.03166594382,433.06440403198,433.06440403198,434.03166594382,440.16869976692,440.16869976692,440.16869976692,462.04109540578,462.04109540578,462.04109540578,433.06440403198,0.033237924080036,0.11652122015977,0.080036169906582,0.086145195968809,646.12920020408,-0.23908254959994,0.0047370679863984,-0.0021121095435041,640.86788071113,-0.00026391971294119,-0.23949340041878,0,7.3779881375975e-09,1.3274045903725e-13,0,0,3.7073327552345e-14,6.8622190347012e-14,9.9037647774432e-14,0,1.773977619614e-13,1.367754184556e-13,0,1.9834284946242e-13,9.917736949944e-14,1.7187254278998e-11,0,0,1.0842405182583e-11,1.1571207005908e-11,9.5866527765942e-12,0,2.2736097204839e-11,2.370127331681e-11,0,3.733598205751e-11,1.4132541506821e-11
9.1,927666082.60926,927666082.60926,927666082.60926,349888304.83148,349888304.83148,349888304.83148,1,1,1,399985846.07688,0.00011285927888349,0.00026870862217668,9.4195710065826e-05,1.0860252393755,278.09081934003,278.09081934003,277.10718032165,277.10718032165,278.09081934003,284.12330353388,284.12330353388,284.12330353388,306.00851209156,306.00851209156,306.00851209156,277.10718032165,0.002714136238266,3.9076037952342e-16,6.5429011321442e-21,-0.0036534110551896,-0.0035034164422024,-0.0042130625589367,-7.9194116242925e-16,-0.0025995517794218,-0.0018794613017517,-8.4447127816095e-13,-0.0011820746229274,0.0032466765933086,433.85154336812,433.85154336812,432.86790434974,432.86790434974,433.85154336812,439.88402756197,439.88402756197,439.88402756197,461.76923611965,461.76923611965,461.76923611965,432.86790434974,0.033242523364954,0.11712733861461,0.08044521496111,0.086599168015638,645.9469549259,-0.24009912394688,0.0076148725407997,-0.0022968473129679,640.71650204507,-0.00013116076727479,-0.24097396702229,0,7.3781370216881e-09,1.3246184007363e-13,0,0,3.5878662951171e-14,6.8655333716356e-14,1.005784727896e-13,0,1.8011139394052e-13,1.3684658989222e-13,0,1.9788516991658e-13,9.8440628127149e-14,1.7374583609727e-11,0,0,1.0893145274328e-11,1.1668300309979e-11,9.728892216896e-12,0,2.2990813180888e-11,2.38948036202e-11,0,3.7615833948598e-11,1.4271757578207e-11
9.15,926150095.13149,926150095.13149,926150095.13149,348372317.3537,348372317.3537,348372317.3537,1,1,1,399986427.74423,0.00011342502436732,0.00027019523530471,9.4732020606867e-05,1.0865213467145,277.90790197169,277.90790197169,276.90911622483,276.90911622483,277.90790197169,283.83548252029,283.83548252029,283.83548252029,305.73374938134,305.73374938134,305.73374938134,276.90911622483,0.002692941143804,2.6767451925774e-16,5.295428101003e-21,-0.0036485795057247,-0.0034837765902167,-0.004230762984505,-1.7306761423783e-15,-0.0025844197381096,-0.0018988812273911,-9.7455299454147e-13,-0.001195682570576,0.0032378360810455,433.6705210709,433.6705210709,432.67173532404,432.67173532404,433.6705210709,439.5981016195,439.5981016195,439.5981016195,461.49636848055,461.49636848055,461.49636848055,432.67173532404,0.033229975770606,0.11773222099345,0.080853181422239,0.087052992211186,645.7593050168,-0.24276415157342,0.0089979187953969,-0.0036443621514634,640.55748368571,-0.00063452888785689,-0.24273828825481,0,7.3782840042746e-09,1.3226631112448e-13,0,0,3.4687181624616e-14,6.8687126372441e-14,1.0186539892537e-13,0,1.8295525812713e-13,1.3691114367039e-13,0,1.9736599734706e-13,9.7691702454014e-14,1.7561636420764e-11,0,0,1.0942200357022e-11,1.1765438575656e-11,9.8729516455928e-12,0,2.3249550988239e-11,2.4088425216419e-11,0,3.7894951618798e-11,1.4409914508749e-11
9.2,924632707.61372,924632707.61372,924632707.61372,346854929.83594,346854929.83594,346854929.83594,1,1,1,399987026.19681,0.00011398749475803,0.00027168204531373,9.5265154217029e-05,1.0870173736059,277.72450234408,277.72450234408,276.71134653046,276.71134653046,277.72450234408,283.54765442813,283.54765442813,283.54765442813,305.45768241507,305.45768241507,305.45768241507,276.71134653046,0.0026711098002128,1.7614012690635e-16,4.1904388348938e-21,-0.0036420344002446,-0.0034644440276375,-0.0042517851498746,-2.6009672232843e-15,-0.0025694197616766,-0.0019182122730614,-1.0881461116344e-12,-0.0012094458206292,0.0032261836873519,433.48893805841,433.48893805841,432.47578224478,432.47578224478,433.48893805841,439.31209014246,439.31209014246,439.31209014246,461.22211812939,461.22211812939,461.22211812939,432.47578224478,0.033287325439666,0.11833585270332,0.081260068477672,0.087506670080506,645.5685861662,-0.24248523234641,0.0049252773989677,-0.0023432552528839,640.39624310353,-0.00088673096062182,-0.24265972028077,0,7.3784307547222e-09,1.3205786046667e-13,0,0,3.3518138451601e-14,6.869216871957e-14,1.0300056954462e-13,0,1.8583898595402e-13,1.3691694289269e-13,0,1.9687066447501e-13,9.6902317356747e-14,1.7748394438054e-11,0,0,1.0989602163006e-11,1.1862583972288e-11,1.0018616447975e-11,0,2.3512367002593e-11,2.4282055013976e-11,0,3.8173368782532e-11,1.454695508018e-11
9.25,923113719.17158,923113719.17158,923113719.17158,345335941.3938,345335941.3938,345335941.3938,1,1,1,399987554.49803,0.00011454889221475,0.00027316886595967,9.579615725976e-05,1.087513365082,277.54023509659,277.54023509659,276.514164497,276.514164497,277.54023509659,283.25871017902,283.25871017902,283.25871017902,305.18151016695,305.18151016695,305.18151016695,276.514164497,0.0026521338547964,1.103527688938e-16,3.2923129613373e-21,-0.0036370536566297,-0.0034409638715886,-0.0042611497039605,-3.3744559097805e-15,-0.0025603254713674,-0.0019227525584348,-1.1822111703082e-12,-0.0012274571615964,0.0032332174829403,433.30641192068,433.30641192068,432.28034132108,432.28034132108,433.30641192068,439.02488700311,439.02488700311,439.02488700311,460.94768699103,460.94768699103,460.94768699103,432.28034132108,0.03325595458128,0.11893846743764,0.081666077781743,0.087960183641381,645.37567436472,-0.24698812035764,0.044493600883306,-0.004292331283789,640.22814550143,-0.0068775010265183,-0.24606081188371,0,7.3785784407089e-09,1.3133492391981e-13,0,0,3.2512761574266e-14,6.8970948024543e-14,1.0407764235842e-13,0,1.8834500256524e-13,1.3739923984472e-13,0,1.9574274321303e-13,9.6205723751056e-14,1.7934130068675e-11,0,0,1.1035582151374e-11,1.1960123622394e-11,1.0165804461338e-11,0,2.3778727059626e-11,2.4476366882424e-11,0,3.845019082472e-11,1.4683010519487e-11
9.3,921591595.91252,921591595.91252,921591595.91252,343813818.13474,343813818.13474,343813818.13474,1,1,1,399988050.86796,0.000115104777117,0.00027465600214109,9.6325101291472e-05,1.0880092822614,277.35474680287,277.35474680287,276.31690202819,276.31690202819,277.35474680287,282.96867411373,282.96867411373,282.96867411373,304.90511994142,304.90511994142,304.90511994142,276.31690202819,0.0026292076483002,6.6490879999473e-17,2.4963020578787e-21,-0.0036310869627815,-0.0034241000764529,-0.004287512634395,-3.9793522354601e-15,-0.0025410425799888,-0.0019564066368113,-1.2340609890188e-12,-0.0012382097766546,0.0032066157032609,433.12260242594,433.12260242594,432.08475765126,432.08475765126,433.12260242594,438.73652973681,438.73652973681,438.73652973681,460.67297556449,460.67297556449,460.67297556449,432.08475765126,0.033228399088873,0.11953965136046,0.082070853391528,0.088413573777961,645.17385183579,-0.24578295318334,0.010399965661342,-0.0025296174499136,640.0537563795,0.0040588831659462,-0.24539155371397,0,7.3787274425285e-09,1.3154157678941e-13,0,0,3.1334898366316e-14,6.8832814489182e-14,1.0475619002827e-13,0,1.9153884590189e-13,1.3711886085547e-13,0,1.9542542898734e-13,9.5405986800538e-14,1.8120157950587e-11,0,0,1.107989638962e-11,1.2057467922181e-11,1.0313952086019e-11,0,2.4049603893221e-11,2.4670282235103e-11,0,3.8726564116826e-11,1.4817934959952e-11
9.35,920067651.75091,920067651.75091,920067651.75091,342289873.97312,342289873.97312,342289873.97312,1,1,1,399988570.53789,0.00011565690095998,0.00027614333156903,9.6852190947308e-05,1.0885051170278,277.1690598858,277.1690598858,276.12055939928,276.12055939928,277.1690598858,282.67758203601,282.67758203601,282.67758203601,304.62733360148,304.62733360148,304.62733360148,276.12055939928,0.0026066348960707,3.8427638136251e-17,1.9127078775992e-21,-0.0036223799240549,-0.0034055242335256,-0.0043064894665166,-4.4147957841344e-15,-0.0025273001951485,-0.0019710322833103,-1.2632896127338e-12,-0.00125451806309,0.00319968661888,432.93851905401,432.93851905401,431.89001856749,431.89001856749,432.93851905401,438.44704120422,438.44704120422,438.44704120422,460.39679276969,460.39679276969,460.39679276969,431.89001856749,0.033206649176344,0.12013966647512,0.082474616037027,0.088866816463056,644.9713974164,-0.24838387811699,0.0098893501113585,-0.004022370758778,639.87348020292,-0.0014527771029096,-0.24836844493583,0,7.3788781021226e-09,1.312381749133e-13,0,0,3.0312102413516e-14,6.895805305349e-14,1.053733350491e-13,0,1.9475545464516e-13,1.3729514172755e-13,0,1.9466428044711e-13,9.4733079000714e-14,1.830575675745e-11,0,0,1.1122764175957e-11,1.2154989336044e-11,1.0462972485557e-11,0,2.4325029698527e-11,2.4864446886582e-11,0,3.9001860982344e-11,1.495190776508e-11
9.4,918539143.99974,918539143.99974,918539143.99974,340761366.22196,340761366.22196,340761366.22196,1,1,1,399989336.69375,0.00011620569357698,0.00027763081189157,9.7376904165314e-05,1.0890008846143,276.98204123132,276.98204123132,275.92475834091,275.92475834091,276.98204123132,282.3846230298,282.3846230298,282.3846230298,304.34881674491,304.34881674491,304.34881674491,275.92475834091,0.0025853514807708,2.1219375557696e-17,1.4294103781565e-21,-0.0036130225304558,-0.0033862458334422,-0.0043269046829945,-4.703843712271e-15,-0.0025155527305586,-0.001985213010767,-1.2808653588821e-12,-0.0012700517701733,0.0031910597898156,432.75303873156,432.75303873156,431.69575584116,431.69575584116,432.75303873156,438.15562053004,438.15562053004,438.15562053004,460.11981424516,460.11981424516,460.11981424516,431.69575584116,0.033332431745785,0.12073850910222,0.082877389623304,0.089319914120138,644.76429416149,-0.24787789213575,0.0091288080182822,-0.00079855389182577,639.69055274904,-0.00057234597858812,-0.24889186376017,0,7.3790303739894e-09,1.3095250007322e-13,0,0,2.9366593426305e-14,6.9093979222557e-14,1.0581854157852e-13,0,1.9805159296786e-13,1.3745588709112e-13,0,1.93783985578e-13,9.4052625589597e-14,1.849095155908e-11,0,0,1.1164294810661e-11,1.2252702978539e-11,1.0612622502208e-11,0,2.4605116947352e-11,2.5058838866335e-11,0,3.9275912922919e-11,1.5084918263766e-11
9.45,917006478.91879,917006478.91879,917006478.91879,339228701.14101,339228701.14101,339228701.14101,1,1,1,399990031.44098,0.00011675094032863,0.00027911841773885,9.7899440526289e-05,1.089496611543,276.79387487967,276.79387487967,275.72899925199,275.72899925199,276.79387487967,282.08980222592,282.08980222592,282.08980222592,304.07016728524,304.07016728524,304.07016728524,275.72899925199,0.0025629204961006,1.1149487843787e-17,1.0569400494804e-21,-0.0036063778863918,-0.0033637361454067,-0.0043433119369012,-4.921055513639e-15,-0.0025047287199788,-0.0019979614301568,-1.3273450241606e-12,-0.0012870959145066,0.0031882663528252,432.56634672778,432.56634672778,431.5014711001,431.5014711001,432.56634672778,437.86227407403,437.86227407403,437.86227407403,459.84263913335,459.84263913335,459.84263913335,431.5014711001,0.033312938833412,0.1213362017485,0.083279181698774,0.089772867234265,644.55149706528,-0.24938419617148,0.020462416871304,-0.0029059283644172,639.49937056265,-0.00021160110400352,-0.2507427176708,0,7.3791839566478e-09,1.3050837087426e-13,0,0,2.8518790380761e-14,6.9345550042821e-14,1.0606825621357e-13,0,2.0137376282839e-13,1.3775143036162e-13,0,1.9267749683517e-13,9.3433811618032e-14,1.8675518267174e-11,0,0,1.12046264708e-11,1.2350772395899e-11,1.0762625668683e-11,0,2.488990245385e-11,2.5253648807388e-11,0,3.9548400052108e-11,1.521705362734e-11
9.5,915470830.81347,915470830.81347,915470830.81347,337693053.03569,337693053.03569,337693053.03569,1,1,1,399990678.21883,0.00011729230868244,0.00028060624286424,9.841992902697e-05,1.0899922801982,276.60450197463,276.60450197463,275.5339894705,275.5339894705,276.60450197463,281.79374140723,281.79374140723,281.79374140723,303.79070797708,303.79070797708,303.79070797708,275.5339894705,0.002540088732169,5.592935131345e-18,7.6679490326687e-22,-0.0035972529767211,-0.0033464827576577,-0.0043634107493296,-5.1904718249513e-15,-0.002491268147956,-0.0020184797398951,-1.4529302593288e-12,-0.0013025889667071,0.0031743163388683,432.37838893586,432.37838893586,431.30787643174,431.30787643174,432.37838893586,437.56762836846,437.56762836846,437.56762836846,459.56459493831,459.56459493831,459.56459493831,431.30787643174,0.033334826160255,0.12193264540828,0.083679915294708,0.090225688361314,644.33167895843,-0.25089711978386,0.0094499416894731,-0.001471735560933,639.30044155669,0.0001989922084052,-0.25116927134269,0,7.3793388673676e-09,1.3038163718383e-13,0,0,2.7678903891934e-14,6.946855774025e-14,1.0611437703846e-13,0,2.0520988559401e-13,1.3782342935849e-13,0,1.9176703051705e-13,9.2815863409284e-14,1.8859905746764e-11,0,0,1.1243770352076e-11,1.2449015772414e-11,1.0912694059853e-11,0,2.518011305719e-11,2.54485605704e-11,0,3.9819599587481e-11,1.5348315080177e-11
9.55,913932344.43295,913932344.43295,913932344.43295,336154566.65516,336154566.65516,336154566.65516,1,1,1,399991369.7212,0.00011784065302582,0.00028209370594021,9.894046267295e-05,1.0904880380497,276.41420097304,276.41420097304,275.33923228655,275.33923228655,276.41420097304,281.49636436633,281.49636436633,281.49636436633,303.51088142462,303.51088142462,303.51088142462,275.33923228655,0.0025276082743048,2.6445090865324e-18,5.7981595843174e-22,-0.0036183961241704,-0.0033325897506104,-0.0043315391774903,-5.8980454530613e-15,-0.002465306856609,-0.0020476552552874,-1.789670095667e-12,-0.0013177938589943,0.0031799394406971,432.18944703092,432.18944703092,431.11447834443,431.11447834443,432.18944703092,437.27161042421,437.27161042421,437.27161042421,459.2861274825,459.2861274825,459.2861274825,431.11447834443,0.033378981305682,0.12252807085532,0.08407970502765,0.090678364288694,644.09439797063,-0.26874445797964,0.072493850682823,-0.030680260554591,639.06975716051,-0.01264533416902,-0.2611974281079,0,7.379493547434e-09,1.300293561733e-13,0,0,2.7049655523344e-14,6.9972678549543e-14,1.0629238690574e-13,0,2.0891039379859e-13,1.3830857482811e-13,0,1.9038225787727e-13,9.2084219419729e-14,1.9043795025771e-11,0,0,1.1282024341774e-11,1.2547972083414e-11,1.1063014194992e-11,0,2.547555696942e-11,2.5644158432714e-11,0,4.0088840758606e-11,1.5478541832161e-11
9.6,912390123.24897,912390123.24897,912390123.24897,334612345.47119,334612345.47119,334612345.47119,1,1,1,399992019.97023,0.00011837340816136,0.00028358200396203,9.9455314386276e-05,1.0909834842417,276.22321387648,276.22321387648,275.14433432248,275.14433432248,276.22321387648,281.19797217941,281.19797217941,281.19797217941,303.22990663681,303.22990663681,303.22990663681,275.14433432248,0.002494260236609,1.2229117580955e-18,3.9234064729413e-22,-0.0035815060083165,-0.003305173567534,-0.0043975177595401,-7.1677021553146e-15,-0.0024688141702921,-0.0020491777321543,-2.3195244822647e-12,-0.0013357963023372,0.0031554290016692,431.9997676378,431.9997676378,430.92088808379,430.92088808379,431.9997676378,436.97452594072,436.97452594072,436.97452594072,459.00646039812,459.00646039812,459.00646039812,430.92088808379,0.032923825548097,0.12312204105728,0.084478374109677,0.091130919081885,643.87521688659,-0.2534653143508,0.016877327348885,-0.003804063559592,638.88168790015,-3.0519095593767e-05,-0.25399234246668,0,7.3796503885581e-09,1.29804380695e-13,0,0,2.6333251930627e-14,6.996107951106e-14,1.057413596221e-13,0,2.1299496873188e-13,1.3810144559581e-13,0,1.8945783960351e-13,9.171181328683e-14,1.9227366141405e-11,0,0,1.1319265183796e-11,1.2646911990897e-11,1.1212555059874e-11,0,2.5776777342918e-11,2.5839463370059e-11,0,4.0356774604871e-11,1.5608241922341e-11
9.65,910842873.21634,910842873.21634,910842873.21634,333065095.43856,333065095.43856,333065095.43856,1,1,1,399992611.48812,0.00011890384215073,0.00028507034725494,9.996839558861e-05,1.0914789501975,276.03090736376,276.03090736376,274.95057569465,274.95057569465,276.03090736376,280.89648815039,280.89648815039,280.89648815039,302.94861716618,302.94861716618,302.94861716618,274.95057569465,0.0024685466603607,5.3233016104393e-19,2.6597773322934e-22,-0.0035722910301274,-0.0032846920872919,-0.0044203135861611,-9.6375552819468e-15,-0.0024594051683831,-0.0020636214214355,-3.2386042740782e-12,-0.0013531831854963,0.0031485221184273,431.80871254175,431.80871254175,430.72838087264,430.72838087264,431.80871254175,436.67429332838,436.67429332838,436.67429332838,458.72642234417,458.72642234417,458.72642234417,430.72838087264,0.033417752595949,0.12371489031938,0.084876071157182,0.091583337481095,643.64275507466,-0.25634550661721,0.010554174436914,-0.0029106109727778,638.66680488249,-0.00057938635124927,-0.25474113468039,0,7.3798082354275e-09,1.2945245917276e-13,0,0,2.5735275357582e-14,7.0129875329896e-14,1.0510245152324e-13,0,2.1698680785124e-13,1.3806515989267e-13,0,1.8817555863995e-13,9.1238962882482e-14,1.9410439564849e-11,0,0,1.1355660359238e-11,1.2746090611716e-11,1.1361192372257e-11,0,2.6083643029437e-11,2.6034716991671e-11,0,4.0622895032007e-11,1.5737273301066e-11
9.7,909294479.05425,909294479.05425,909294479.05425,331516701.27647,331516701.27647,331516701.27647,1,1,1,399993159.1345,0.00011943083064543,0.00028655881113341,0.00010047945816461,1.0919743839287,275.83777684719,275.83777684719,274.75726158805,274.75726158805,275.83777684719,280.59412215996,280.59412215996,280.59412215996,302.6671917002,302.6671917002,302.6671917002,274.75726158805,0.0024469737184002,2.2098530943514e-19,1.7762546495551e-22,-0.0035656894148741,-0.0032641438580606,-0.0044368751982142,-1.3816599403739e-14,-0.002448839114737,-0.0020783948271802,-4.5503332483652e-12,-0.0013691283804367,0.0031409345480147,431.61678562432,431.61678562432,430.53627036519,430.53627036519,431.61678562432,436.37313093709,436.37313093709,436.37313093709,458.44620047733,458.44620047733,458.44620047733,430.53627036519,0.033509070079916,0.12430661513292,0.085272830242788,0.092035621822196,643.40109266461,-0.25672521215031,0.012755140128318,-0.00071401016434859,638.44207754099,0.002258528644183,-0.25779410744805,0,7.3799666312663e-09,1.2898213190875e-13,0,0,2.5216353184279e-14,7.0305187639957e-14,1.0437705784e-13,0,2.2094996414631e-13,1.3793090582341e-13,0,1.8681752730825e-13,9.0713494534743e-14,1.9592847845099e-11,0,0,1.1391321667905e-11,1.2845517161582e-11,1.1508803823055e-11,0,2.6396113465339e-11,2.6229780749357e-11,0,4.0887094912816e-11,1.5865561555327e-11
9.75,907745794.78754,907745794.78754,907745794.78754,329968017.00975,329968017.00975,329968017.00975,1,1,1,399993680.69629,0.00011996119901432,0.00028804717304875,0.00010098886054986,1.0924698093348,275.64449816299,275.64449816299,274.56419301313,274.56419301313,275.64449816299,280.29094926599,280.29094926599,280.29094926599,302.3856913723,302.3856913723,302.3856913723,274.56419301313,0.0024308497869555,8.6476628547051e-20,1.1913215137055e-22,-0.003570942811056,-0.0032460221943647,-0.0044297568760165,-2.061273915293e-14,-0.0024358829551348,-0.0020947303424625,-6.396764038739e-12,-0.0013846697093374,0.0031399151398395,431.42466290586,431.42466290586,430.344357756,430.344357756,431.42466290586,436.07111400886,436.07111400886,436.07111400886,458.16585611517,458.16585611517,458.16585611517,430.344357756,0.033477481177343,0.12489731650081,0.085668728491264,0.092487762158392,643.14906829117,-0.25321991994294,0.051077673528667,-0.0057996751229394,638.21310231449,0.0011057787606019,-0.25141461988658,0,7.3801248882282e-09,1.2842813350492e-13,0,0,2.4831722799491e-14,7.0620576474723e-14,1.0364230046766e-13,0,2.2442990237245e-13,1.3798853259258e-13,0,1.8520229587773e-13,9.0210899230248e-14,1.9774472653292e-11,0,0,1.1426439027065e-11,1.2945389738615e-11,1.1655376170012e-11,0,2.6713505277076e-11,2.6424926003601e-11,0,4.1149010511428e-11,1.5993139032493e-11
9.8,906195328.59488,906195328.59488,906195328.59488,328417550.8171,328417550.8171,328417550.8171,1,1,1,399994127.11552,0.00012047980819421,0.00028953602175004,0.00010149463728078,1.0929650983476,275.4503968617,275.4503968617,274.3711475359,274.3711475359,275.4503968617,279.9871009873,279.9871009873,279.9871009873,302.10384494376,302.10384494376,302.10384494376,274.3711475359,0.0023987689786983,3.2539637126414e-20,7.542185123902e-23,-0.0035488052691988,-0.0032237207547883,-0.0044731403187438,-2.9033306672154e-14,-0.0024305363767209,-0.0021043314634131,-8.4526590153166e-12,-0.001403846652016,0.0031242156322444,431.23167553865,431.23167553865,430.15242621284,430.15242621284,431.23167553865,435.76837966425,435.76837966425,435.76837966425,457.88512362071,457.88512362071,457.88512362071,430.15242621284,0.033173669644025,0.12548666789627,0.086063503923657,0.092939792138423,642.90332660323,-0.26113506871043,0.016047979389167,0.0016253376835032,637.97681595293,0.0012677480164573,-0.25794569103054,0,7.3802835523795e-09,1.2807588018015e-13,0,0,2.4412970377941e-14,7.0681121394427e-14,1.0228622832955e-13,0,2.2950699440405e-13,1.3769126561395e-13,0,1.8414707679073e-13,9.0123040004749e-14,1.9955599300055e-11,0,0,1.1460964180871e-11,1.3045347939095e-11,1.1800030741359e-11,0,2.7038077181222e-11,2.6619650858852e-11,0,4.1409433804897e-11,1.612059225795e-11
9.85,904644001.62098,904644001.62098,904644001.62098,326866223.84319,326866223.84319,326866223.84319,1,1,1,399994544.79407,0.00012099582084922,0.00029102495867599,0.00010199907699651,1.0934603686332,275.25604485869,275.25604485869,274.17830973513,274.17830973513,275.25604485869,279.68243479985,279.68243479985,279.68243479985,301.821653402,301.821653402,301.821653402,274.17830973513,0.0023751776348129,1.1569162504687e-20,4.9317270607565e-23,-0.0035443971590258,-0.0032026995159676,-0.0044857906624344,-3.9793969214023e-14,-0.002419205552189,-0.0021233133599741,-1.0632888059542e-11,-0.0014201424034586,0.0031172802146936,431.03839044921,431.03839044921,429.96065532565,429.96065532565,431.03839044921,435.46478039037,435.46478039037,435.46478039037,457.60399899252,457.60399899252,457.60399899252,429.96065532565,0.033555850010484,0.12607488997747,0.086457326153231,0.093391693604117,642.64408741324,-0.26151444747602,0.015168070406089,-0.0030095733796344,637.73133521478,0.00093595092534856,-0.26073539786125,0,7.380441895398e-09,1.2762843745361e-13,0,0,2.40682741173e-14,7.0808406690208e-14,1.0096328422296e-13,0,2.3446463916046e-13,1.3747695829761e-13,0,1.8311300604548e-13,8.9977970716715e-14,2.0136093167247e-11,0,0,1.1495001860551e-11,1.3145486148166e-11,1.1942814387209e-11,0,2.7369660253819e-11,2.6814072637791e-11,0,4.1668394701494e-11,1.6247840324452e-11
9.9,903093415.16259,903093415.16259,903093415.16259,325315637.38481,325315637.38481,325315637.38481,1,1,1,399994945.09592,0.00012150671241427,0.0002925141297929,0.00010250109122436,1.0939555388503,275.0614928306,275.0614928306,273.98623888955,273.98623888955,275.0614928306,279.37683954663,279.37683954663,279.37683954663,301.53964419934,301.53964419934,301.53964419934,273.98623888955,0.0023514711522077,3.9224517409074e-21,3.24588877903e-23,-0.0035342672147571,-0.0031837671784135,-0.0045060601380333,-5.1030859090593e-14,-0.0024104207332478,-0.0021389661779977,-1.2423025849679e-11,-0.0014361256915565,0.0031034670262573,430.8448623604,430.8448623604,429.76960841935,429.76960841935,430.8448623604,435.16020907643,435.16020907643,435.16020907643,457.32301372914,457.32301372914,457.32301372914,429.76960841935,0.033569208987928,0.1266619093294,0.086850158122532,0.093843473266186,642.38309737237,-0.26125105907412,-0.00050481115393243,-0.00042718268233814,637.48520287799,0.00046755506694239,-0.2602110842634,0,7.3805996217315e-09,1.2733173225837e-13,0,0,2.3739951384393e-14,7.0806463223663e-14,9.9420890484893e-14,0,2.3983675280558e-13,1.3711393158427e-13,0,1.8232310954013e-13,9.0009642825777e-14,2.0316167429927e-11,0,0,1.1528575221769e-11,1.3245621608761e-11,1.2083416758916e-11,0,2.7708840642393e-11,2.7007981019428e-11,0,4.1926238515739e-11,1.6375133182081e-11
9.95,901540007.5433,901540007.5433,901540007.5433,323762229.76552,323762229.76552,323762229.76552,1,1,1,399995303.47259,0.00012201498927929,0.00029400338418251,0.00010300034136187,1.0944506766846,274.86600584232,274.86600584232,273.79410786249,273.79410786249,274.86600584232,279.06997981318,279.06997981318,279.06997981318,301.2572965703,301.2572965703,301.2572965703,273.79410786249,0.0023273191118313,1.2500869930974e-21,2.3455581422523e-23,-0.0035270177337406,-0.0031614515138294,-0.0045223539294585,-6.1822786683801e-14,-0.0024027639116397,-0.0021461107796207,-1.3689445631316e-11,-0.0014555860002189,0.0031018460253553,430.65036154374,430.65036154374,429.57846356391,429.57846356391,430.65036154374,434.85433551461,434.85433551461,434.85433551461,457.04165227172,457.04165227172,457.04165227172,429.57846356391,0.033615101708464,0.12724787102296,0.087242112018632,0.094295120202345,642.11638164832,-0.26341572220994,0.0079369308775034,-0.00067243649821957,637.22960438368,9.0904431229299e-05,-0.26395618941795,0,7.3807566014858e-09,1.2668976184764e-13,0,0,2.3493798514677e-14,7.0926911538945e-14,9.7744260047989e-14,0,2.4535493034457e-13,1.36942230799e-13,0,1.814115504636e-13,9.0210708711117e-14,2.0495333809346e-11,0,0,1.156180047026e-11,1.3345927408996e-11,1.222164801712e-11,0,2.8055824912481e-11,2.7201646579485e-11,0,4.2182793190776e-11,1.6502710389811e-11
10,899988278.75616,899988278.75616,899988278.75616,322210500.97837,322210500.97837,322210500.97837,1,1,1,399995635.38307,0.00012251955638833,0.00029549281577325,0.00010349722587705,1.0949457632343,274.66997369145,274.66997369145,273.6029995251,273.6029995251,274.66997369145,278.76252574382,278.76252574382,278.76252574382,300.97550937433,300.97550937433,300.97550937433,273.6029995251,0.00230361432578,3.7484997434299e-22,1.9902661883276e-23,-0.0035191996743387,-0.0031414702830701,-0.0045382569050763,-6.8989815532681e-14,-0.0023944688206076,-0.002159137575907,-1.3932704813933e-11,-0.0014735661706438,0.0030933698215242,430.45527769768,430.45527769768,429.38830353133,429.38830353133,430.45527769768,434.54782975005,434.54782975005,434.54782975005,456.76081338055,456.76081338055,456.76081338055,429.38830353133,0.033646759612582,0.12783268819169,0.087633116089246,0.09474664446383,641.8428907806,-0.26513027683585,0.0054595891825516,-0.0009278818208435,636.96787268821,-8.0374378708036e-05,-0.26537942076784,0,7.380912642936e-09,1.262585241958e-13,0,0,2.3245230028644e-14,7.0910417488343e-14,9.5840402492674e-14,0,2.5087883947798e-13,1.3649204640521e-13,0,1.8080257375738e-13,9.0512610338398e-14,2.0673890326628e-11,0,0,1.1594674189827e-11,1.3446209883122e-11,1.2357186814148e-11,0,2.8410621169783e-11,2.7394675482667e-11,0,4.2438486642696e-11,1.6630714550918e-11
