time,H_1,H_2,H_3,Hs_1,Hs_2,Hs_3,cry_1,cry_2,cry_3,disloc_density,disp_x,disp_y,disp_z,fp_yy,gd_0,gd_1,gd_10,gd_11,gd_2,gd_3,gd_4,gd_5,gd_6,gd_7,gd_8,gd_9,slip_increment_0,slip_increment_1,slip_increment_10,slip_increment_11,slip_increment_2,slip_increment_3,slip_increment_4,slip_increment_5,slip_increment_6,slip_increment_7,slip_increment_8,slip_increment_9,slip_resistance_0,slip_resistance_1,slip_resistance_10,slip_resistance_11,slip_resistance_2,slip_resistance_3,slip_resistance_4,slip_resistance_5,slip_resistance_6,slip_resistance_7,slip_resistance_8,slip_resistance_9,sliprate,strain_eff,strain_shear,strain_yy,stress_vm,stress_xx,stress_xy,stress_xz,stress_yy,stress_yz,stress_zz,surface_react_y,total_twin_volume,twin_slip_increment_0,twin_slip_increment_1,twin_slip_increment_10,twin_slip_increment_11,twin_slip_increment_2,twin_slip_increment_3,twin_slip_increment_4,twin_slip_increment_5,twin_slip_increment_6,twin_slip_increment_7,twin_slip_increment_8,twin_slip_increment_9,twin_twin_system_volume_fraction_0,twin_twin_system_volume_fraction_1,twin_twin_system_volume_fraction_10,twin_twin_system_volume_fraction_11,twin_twin_system_volume_fraction_2,twin_twin_system_volume_fraction_3,twin_twin_system_volume_fraction_4,twin_twin_system_volume_fraction_5,twin_twin_system_volume_fraction_6,twin_twin_system_volume_fraction_7,twin_twin_system_volume_fraction_8,twin_twin_system_volume_fraction_9
0.05,1733333333.3334,1733333333.3334,1733333333.3334,1155555555.5556,1155555555.5556,1155555555.5556,1,1,1,20000000,2.7478808779724e-07,1.4683332190492e-06,2.7196323231112e-07,1,396.65707769584,396.65707769584,397.17019775393,397.17019775393,396.65707769584,397.51235071273,397.51235071273,397.51235071273,397.06193333998,397.06193333998,397.06193333998,397.17019775393,2.0826183573074e-52,5.6850041601719e-206,1.9345686951565e-205,-1.9431212056636e-52,-2.0644713538038e-52,-1.8345104601984e-52,-1.9896080197921e-207,-1.8480867910148e-52,-1.9406614375772e-52,-1.6710187871991e-205,-1.9561612033228e-52,1.9619619229448e-52,435.37960666387,435.37960666387,435.89272672197,435.89272672197,435.37960666387,436.23487968076,436.23487968076,436.23487968076,435.78446230801,435.78446230801,435.78446230801,435.89272672197,0,0.00056170609530831,0.00034053619386665,0.00049987487523467,69.547800462299,-0.00033693920381386,0.011499652983788,-0.0010305311914539,69.5470027252,-0.00035838134070663,-0.0012431703442304,0,1.8675773802116e-34,1.5060214816329e-35,0,0,1.5214534978307e-35,1.5226628901378e-35,1.5150988291525e-35,0,1.501794106732e-35,1.5166171412489e-35,0,1.502373133763e-35,1.5057511506289e-35,2.2841072433958e-35,0,0,2.3075125460616e-35,2.3093468020127e-35,2.2978746111686e-35,0,2.2776957311439e-35,2.3001774170738e-35,0,2.2785738897895e-35,2.2836972953278e-35
0.1,1733333333.3334,1733333333.3334,1733333333.3334,1155555555.5556,1155555555.5556,1155555555.5556,1,1,1,20000000,5.4930069544531e-07,2.9366346400089e-06,5.440795466798e-07,1,396.65707769584,396.65707769584,397.17019775393,397.17019775393,396.65707769584,397.51235071273,397.51235071273,397.51235071273,397.06193333998,397.06193333998,397.06193333998,397.17019775393,2.3643371240399e-37,5.6694810623311e-206,1.7814677866361e-205,-2.2159499307103e-37,-2.3539917453512e-37,-2.0994071403482e-37,-1.6768275434469e-207,-2.107150654673e-37,-2.219261231126e-37,-1.2588571746129e-205,-2.228079011294e-37,2.2266656991838e-37,435.37960666387,435.37960666387,435.89272672197,435.89272672197,435.37960666387,436.23487968076,436.23487968076,436.23487968076,435.78446230801,435.78446230801,435.78446230801,435.89272672197,1.6936267883949e-51,0.0011232893120848,0.0006810064343696,0.00099950000049951,139.25014441722,-0.00029402118574771,0.011505487778115,-0.0010242622096244,139.24938563191,-0.00035219749891716,-0.0012158611285164,0,1.4547911515971e-27,1.2718694392649e-28,0,0,1.2783710832654e-28,1.2788749715441e-28,1.2756937368239e-28,0,1.2700938287599e-28,1.2763248906317e-28,0,1.2703405519252e-28,1.2717499227511e-28,1.798695238987e-28,0,0,1.8078899544507e-28,1.8086025602718e-28,1.8041036138383e-28,0,1.7961841458882e-28,1.8049962003435e-28,0,1.7965330652225e-28,1.7985262170713e-28
0.15,1733333333.3334,1733333333.3334,1733333333.3334,1155555555.5556,1155555555.5556,1155555555.5556,1,1,1,20000000,8.2353509662914e-07,4.4049053875294e-06,8.1633208861806e-07,1,396.65707769584,396.65707769584,397.17019775393,397.17019775393,396.65707769584,397.51235071273,397.51235071273,397.51235071273,397.06193333998,397.06193333998,397.06193333998,397.17019775393,1.5205547136142e-28,5.6783597311637e-255,5.1887075194848e-257,-1.4310721772154e-28,-1.5204237841286e-28,-1.3606312555154e-28,-9.0621876329859e-254,-1.3607175107664e-28,-1.4371381180885e-28,-1.0974327852882e-257,-1.43749582991e-28,1.4314443681055e-28,435.37960666387,435.37960666387,435.89272672197,435.89272672197,435.37960666387,436.23487968076,436.23487968076,436.23487968076,435.78446230801,435.78446230801,435.78446230801,435.89272672197,1.892158753086e-36,0.0016847503810119,0.0010214129609115,0.0014988756252322,209.1073455666,-2.1773598954541e-05,0.00071218459500943,0.00015093347127544,209.10729710384,-0.00037225216730471,-7.5116078541792e-05,0,4.822065142617e-24,4.2572739758136e-25,0,0,4.2584812721188e-25,4.2586604006781e-25,4.257975472191e-25,0,4.2576275473221e-25,4.2584571087088e-25,0,4.2572016485211e-25,4.2580023942282e-25,6.0224932905726e-25,0,0,6.0242098600967e-25,6.0244638987405e-25,6.0234907646383e-25,0,6.0229908051021e-25,6.0241727941204e-25,0,6.0223888421609e-25,6.0235232607518e-25
0.2,1733333333.3334,1733333333.3334,1733333333.3334,1155555555.5556,1155555555.5556,1155555555.5556,1,1,1,20000000,1.0985103290414e-06,5.8732333147792e-06,1.0888303829173e-06,1,396.65707769584,396.65707769584,397.17019775393,397.17019775393,396.65707769584,397.51235071273,397.51235071273,397.51235071273,397.06193333998,397.06193333998,397.06193333998,397.17019775393,2.7231737580019e-22,1.3168743721979e-211,1.9740132290535e-209,-2.5571055343283e-22,-2.7201342300963e-22,-2.4305315833547e-22,2.3924858538646e-213,-2.4330868875565e-22,-2.5658148330938e-22,-1.760709017637e-214,-2.5703516276305e-22,2.5619213962046e-22,435.37960666387,435.37960666387,435.89272672197,435.89272672197,435.37960666387,436.23487968076,436.23487968076,436.23487968076,435.78446230801,435.78446230801,435.78446230801,435.89272672197,1.2030567899444e-27,0.0022460935003446,0.0013618039472488,0.0019980019984957,279.12025361665,-0.00075014265929645,0.0080853875445315,0.0015455296703973,279.11944269471,-0.002060112536087,-0.00086963976965839,0,1.5384521050066e-21,1.3480954809586e-22,0,0,1.3509663397718e-22,1.3510631623876e-22,1.3499534606954e-22,0,1.3482477901951e-22,1.3504473872578e-22,0,1.3475506894749e-22,1.3491900159785e-22,1.9125174058361e-22,0,0,1.9165791298749e-22,1.91671631177e-22,1.9151459834526e-22,0,1.9127333011385e-22,1.9158451831255e-22,0,1.9117468498828e-22,1.914066342076e-22
0.25,1733333333.3334,1733333333.3334,1733333333.3334,1155555555.5556,1155555555.5556,1155555555.5556,1,1,1,20000000,1.3734536401442e-06,7.3415258618367e-06,1.361467109624e-06,1,396.65707769584,396.65707769584,397.17019775393,397.17019775393,396.65707769584,397.51235071273,397.51235071273,397.51235071273,397.06193333998,397.06193333998,397.06193333998,397.17019775393,1.930387313486e-17,4.0096721113284e-221,9.9308466900645e-214,-1.8144427589632e-17,-1.9296731385623e-17,-1.7253510830638e-17,2.1517946011085e-215,-1.726106931375e-17,-1.8215179835656e-17,-4.2800151733127e-218,-1.823526641598e-17,1.8163769613179e-17,435.37960666387,435.37960666387,435.89272672197,435.89272672197,435.37960666387,436.23487968076,436.23487968076,436.23487968076,435.78446230801,435.78446230801,435.78446230801,435.89272672197,2.1629553083545e-21,0.0028073150299598,0.0017021338387468,0.0024968793689881,349.28848465089,-0.0008566863721186,0.0052021876340925,0.0017604188355511,349.2877720655,-0.0024009662488639,-0.00056750097029511,0,1.3496370691532e-19,1.1755438213442e-20,0,0,1.1769311802842e-20,1.1770147376431e-20,1.1764799368696e-20,0,1.175858427021e-20,1.1768857381546e-20,0,1.1752977016475e-20,1.176426977603e-20,1.6815951893673e-20,0,0,1.6835978284364e-20,1.6837173682056e-20,1.6829453424154e-20,0,1.6820422679352e-20,1.6835262240929e-20,0,1.6812394179946e-20,1.6828596502885e-20
0.3,1733333333.3334,1733333333.3334,1733333333.3334,1155555555.5556,1155555555.5556,1155555555.5556,1,1,1,20000000,1.6486480278082e-06,8.8098269571681e-06,1.6342530233472e-06,1,396.65707769584,396.65707769584,397.17019775393,397.17019775393,396.65707769584,397.51235071273,397.51235071273,397.51235071273,397.06193333998,397.06193333998,397.06193333998,397.17019775393,1.7780257026552e-13,1.9706708269008e-218,4.8739824848642e-218,-1.6728621167287e-13,-1.7769508220925e-13,-1.5893796110292e-13,1.3969107538012e-221,-1.590213987143e-13,-1.6792367653691e-13,-1.7525669144581e-221,-1.6804004094169e-13,1.6742668499567e-13,435.37960666387,435.37960666387,435.89272672197,435.89272672197,435.37960666387,436.23487968076,436.23487968076,436.23487968076,435.78446230801,435.78446230801,435.78446230801,435.89272672197,1.5316731055099e-16,0.0033684150491341,0.00204241538621,0.0029955079850241,419.61224617052,0.00066906331049004,0.0055306454152551,-0.00078003092518963,419.61269751926,-0.00079485366046055,0.00023439650363983,0,5.2719828832964e-18,4.5306650255326e-19,0,0,4.5343435222999e-19,4.5350228643079e-19,4.5327012768207e-19,0,4.5299297239809e-19,4.5337196347422e-19,0,4.5299305611504e-19,4.5310033033344e-19,6.5754874446144e-19,0,0,6.5808898885388e-19,6.5818625771969e-19,6.5785021541072e-19,0,6.5744922790443e-19,6.5800004178589e-19,0,6.5744131779867e-19,6.5760922877616e-19
0.35,1733333333.333,1733333333.333,1733333333.333,1155555555.5552,1155555555.5552,1155555555.5552,1,1,1,20000000.000368,1.9241962985645e-06,1.0278141765016e-05,1.9072795690264e-06,1.0000000000618,396.65707769579,396.65707769579,397.17019775388,397.17019775388,396.65707769579,397.51235071268,397.51235071268,397.51235071268,397.06193333993,397.06193333993,397.06193333993,397.17019775388,4.0080216617047e-10,1.0909995464989e-207,2.8808762860904e-205,-3.7681870321047e-10,-4.0043839335816e-10,-3.5798390119684e-10,-6.2042201010753e-208,-3.5829109002841e-10,-3.7814596925823e-10,-1.9989198754789e-211,-3.7863433240566e-10,3.7733429300553e-10,435.37960666412,435.37960666412,435.89272672222,435.89272672222,435.37960666412,436.23487968101,436.23487968101,436.23487968101,435.78446230826,435.78446230826,435.78446230826,435.89272672222,1.4120731598557e-12,0.0039293994177366,0.0023826630675023,0.0034938880945516,490.09263730966,-0.00037933774601082,0.010707499917219,-6.4968048032145e-05,490.09223649678,-0.0021279818761257,-0.00042041810376559,0,1.180628362047e-16,9.934607618492e-18,0,0,9.9484132199544e-18,9.9501814066332e-18,9.9431868264078e-18,0,9.9328587480875e-18,9.9466675519937e-18,0,9.931199535843e-18,9.9379801979947e-18,1.4707205575388e-17,0,0,1.4727269888605e-17,1.4729867751053e-17,1.4719639878526e-17,0,1.4704632782586e-17,1.4724712194232e-17,0,1.4702278392021e-17,1.4712035607375e-17
0.4,1733333332.4142,1733333332.4142,1733333332.4142,1155555554.6364,1155555554.6364,1155555554.6364,1,1,1,20000000.829505,2.1997302898197e-06,1.1746443030853e-05,2.1805086156426e-06,1.000000049704,396.65707758643,396.65707758643,397.1701976487,397.1701976487,396.65707758643,397.51235061119,397.51235061119,397.51235061119,397.06193323466,397.06193323466,397.06193323466,397.1701976487,3.2183980784154e-07,5.3057649077996e-211,2.2878431959381e-213,-3.0258950751822e-07,-3.215491162161e-07,-2.8757252904945e-07,-6.4606623276861e-211,-2.877709411396e-07,-3.0371624328022e-07,-3.8175260902506e-214,-3.0399223748507e-07,3.0293040855466e-07,435.37960721963,435.37960721963,435.8927272819,435.8927272819,435.37960721963,436.23488024439,436.23488024439,436.23488024439,435.78446286787,435.78446286787,435.78446286787,435.8927272819,3.1839679234522e-09,0.004490267647469,0.0027228569493269,0.0039920199451507,560.72204941473,0.00026177927594,0.010004193720185,0.00072371225502049,560.72176312799,-0.001208389291839,-0.00083302766361729,0,1.7549543158923e-15,1.4423921086629e-16,0,0,1.4442324918459e-16,1.4442797959947e-16,1.443489124535e-16,0,1.4423112795512e-16,1.4436590683424e-16,0,1.4421134171271e-16,1.4427126242305e-16,2.1869225380849e-16,0,0,2.1897258760744e-16,2.1898187528677e-16,2.1885982958407e-16,0,2.1867825005309e-16,2.1888893558351e-16,0,2.1864791369016e-16,2.1874241158675e-16
0.45,1733332594.6283,1733332594.6283,1733332594.6283,1155554816.8505,1155554816.8505,1155554816.8505,1,1,1,20000665.488837,2.4798710996216e-06,1.3214841370321e-05,2.4575315227744e-06,1.0000153282153,396.65698976699,396.65698976699,397.17011318635,397.17011318635,396.65698976699,397.51226909189,397.51226909189,397.51226909189,397.06184870046,397.06184870046,397.06184870046,397.17011318635,9.8854368407575e-05,-7.1760504751697e-165,-1.5629520682764e-165,-9.3241965998324e-05,-9.8834474061248e-05,-8.8621057486313e-05,7.9526029392919e-165,-8.8675593814965e-05,-9.36658990101e-05,3.3162903361257e-163,-9.351739740438e-05,9.3069096891966e-05,435.38005331413,435.38005331413,435.89317673349,435.89317673349,435.38005331413,436.23533263903,436.23533263903,436.23533263903,435.7849122476,435.7849122476,435.7849122476,435.89317673349,2.552355207813e-06,0.0050523326601341,0.0030644234962031,0.0044899037838753,629.33965172213,0.00012941406600662,-0.0085865160222359,-0.0017795483746003,629.34035170269,0.011486366034725,0.0013554059962041,0,1.802240508175e-14,1.429874760957e-15,0,0,1.4278118841576e-15,1.4269244934605e-15,1.4289068839219e-15,0,1.4283574560143e-15,1.4269663028715e-15,0,1.4295804826023e-15,1.427601188064e-15,2.2408405332489e-15,0,0,2.2382035187006e-15,2.236957846421e-15,2.2396393241947e-15,0,2.2386807362652e-15,2.2369240341537e-15,0,2.2403800206902e-15,2.2376753734069e-15
0.5,1733105515.899,1733105515.899,1733105515.899,1155327738.1212,1155327738.1212,1155327738.1212,1,1,1,20206865.223003,2.8259830288002e-06,1.4685057449798e-05,2.7919836608641e-06,1.0002589510536,396.62999000957,396.62999000957,397.14412088921,397.14412088921,396.62999000957,397.48715765838,397.48715765838,397.48715765838,397.03581636228,397.03581636228,397.03581636228,397.14412088921,0.0015735692363111,-1.1065113003467e-116,-3.8921039958064e-118,-0.0014824124905986,-0.0015736019771098,-0.0014145600788128,3.4672411665407e-119,-0.0014166311221811,-0.0014965519745638,-1.6099490046083e-117,-0.0014950870683051,0.00147957541889,435.51697722864,435.51697722864,436.03110810828,436.03110810828,435.51697722864,436.37414487745,436.37414487745,436.37414487745,435.92280358135,435.92280358135,435.92280358135,436.03110810828,0.00079183013868612,0.0056341705650295,0.0034268303303574,0.0049875398230227,665.535278304,0.00058290336446679,0.0034230692567313,-4.8632902823841e-05,665.53360103356,-0.0015428259209028,0.00045419343382471,0,6.836289805515e-14,4.3376317409974e-15,0,0,4.3355643862959e-15,4.3355461969797e-15,4.336151681932e-15,0,4.3370169796784e-15,4.3355669843521e-15,0,4.3383000033442e-15,4.3360909460738e-15,8.3751781699474e-15,0,0,8.3696174743421e-15,8.3683460784848e-15,8.3718838412899e-15,0,8.3721489691689e-15,8.3683416640014e-15,0,8.3756627230628e-15,8.3698339970276e-15
0.55,1729485117.4927,1729485117.4927,1729485117.4927,1151707339.7149,1151707339.7149,1151707339.7149,1,1,1,23549272.755903,3.2236170445915e-06,1.6156596751956e-05,3.1755543020553e-06,1.0006989510973,396.19969648068,396.19969648068,396.73026374907,396.73026374907,396.19969648068,397.08618670457,397.08618670457,397.08618670457,396.61990020628,396.61990020628,396.61990020628,396.73026374907,0.0028365073666927,-9.3098121303438e-107,-1.4043512351688e-108,-0.0026765103229521,-0.0028361846108874,-0.0025567846561818,7.6018387468377e-110,-0.0025618030994281,-0.0027065848370517,-3.5589159548321e-108,-0.0026999442688635,0.0026663457340977,437.60869809737,437.60869809737,438.13926536576,438.13926536576,437.60869809737,438.49518832126,438.49518832126,438.49518832126,438.02890182298,438.02890182298,438.02890182298,438.13926536576,0.012800609125018,0.0062336972010076,0.003806452901094,0.0054849281720863,673.75127252238,-0.00058297653500459,0.0080568910841856,0.00057720943087151,673.745614734,-0.00071083103368098,-0.00089943745809242,0,1.3324626765831e-13,5.544059572601e-15,0,0,5.5364099777571e-15,5.5343342915532e-15,5.5390597960057e-15,0,5.5406102047285e-15,5.5338597094497e-15,0,5.5456032215978e-15,5.5364843246941e-15,1.6215662408124e-14,0,0,1.6199283551744e-14,1.6195076692306e-14,1.6205297327597e-14,0,1.6207755064519e-14,1.6194401117375e-14,0,1.6218330010586e-14,1.6199605216876e-14
0.6,1722969101.4788,1722969101.4788,1722969101.4788,1145191323.701,1145191323.701,1145191323.701,1,1,1,29926621.757479,3.6250558160248e-06,1.7628041831571e-05,3.56855981602e-06,1.0011675334878,395.42496366284,395.42496366284,395.98472599039,395.98472599039,395.42496366284,396.36278457119,396.36278457119,396.36278457119,395.86975411187,395.86975411187,395.86975411187,395.98472599039,0.0030200250727616,-9.5278436235509e-104,-6.351193595981e-106,-0.0028507839139167,-0.0030202654329634,-0.0027203885332609,6.1369013722556e-107,-0.0027252780433307,-0.0028848022873831,-9.0700057760535e-106,-0.0028733476103406,0.0028344649858723,441.1934158632,441.1934158632,441.75317819075,441.75317819075,441.1934158632,442.13123677154,442.13123677154,442.13123677154,441.63820631223,441.63820631223,441.63820631223,441.75317819075,0.023235997984852,0.006836414712089,0.0041883428170059,0.005982069020366,677.88782231468,0.00018276218227438,0.0061695261625453,0.00038444266863765,677.8814936125,-0.00039914557712581,-9.2216599569498e-05,0,2.068327018777e-13,6.270192200096e-15,0,0,6.2523083576336e-15,6.2471605047417e-15,6.258605500477e-15,0,6.2631582437182e-15,6.2471591207231e-15,0,6.2727989477244e-15,6.2547236208752e-15,2.5083053256186e-14,0,0,2.5041382827248e-14,2.5029895804433e-14,2.5056302107914e-14,0,2.5065198396074e-14,2.5029218272205e-14,0,2.5089407356498e-14,2.5045120190413e-14
0.65,1716072954.1763,1716072954.1763,1716072954.1763,1138295176.3985,1138295176.3985,1138295176.3985,1,1,1,37249516.145671,4.0222629411394e-06,1.909911218087e-05,3.9613732799275e-06,1.0016274965837,394.60330114894,394.60330114894,395.19431585542,395.19431585542,394.60330114894,395.59589483135,395.59589483135,395.59589483135,395.07401457396,395.07401457396,395.07401457396,395.19431585542,0.0029682501186118,-1.8533681248432e-102,-3.4740758122461e-105,-0.0027982193321471,-0.0029689185360029,-0.0026641353574092,1.4995439335955e-105,-0.0026684355869893,-0.0028331743777821,-5.7966360519933e-105,-0.0028186390397379,0.0027776385640617,444.85599645217,444.85599645217,445.44701115865,445.44701115865,444.85599645217,445.84859013458,445.84859013458,445.84859013458,445.32670987719,445.32670987719,445.32670987719,445.44701115865,0.024650415180448,0.0074387848037617,0.0045694247253677,0.0064789626000116,683.24812617077,0.0003838262130903,0.0052962888536624,0.00089432256387801,683.24093033706,-0.0011435460043845,-0.00023630760532366,0,2.9354765500603e-13,7.3397120077739e-15,0,0,7.3101127498945e-15,7.3005816023948e-15,7.3203670659473e-15,0,7.3280200622404e-15,7.3007199649197e-15,0,7.3432942444943e-15,7.3146542333444e-15,3.5462973521492e-14,0,0,3.5379443420625e-14,3.5354477319751e-14,3.5408864494126e-14,0,3.5428583753436e-14,3.5353995461682e-14,0,3.5474393669558e-14,3.5389603411279e-14
0.7,1709348661.1737,1709348661.1737,1709348661.1737,1131570883.3959,1131570883.3959,1131570883.3959,1,1,1,44867746.692836,4.4180608507252e-06,2.0570013139798e-05,4.3551009127917e-06,1.0020852611176,393.79957210475,393.79957210475,394.42223534239,394.42223534239,393.79957210475,394.84750873188,394.84750873188,394.84750873188,394.29634439419,394.29634439419,394.29634439419,394.42223534239,0.0029585411357233,-1.0520592049693e-101,6.8824243418026e-104,-0.0027847523380099,-0.0029593125637329,-0.0026443538480059,1.0834311151396e-104,-0.0026486776920936,-0.0028207640338161,-1.2426953291746e-104,-0.0028035078143047,0.002759915646071,448.30500598382,448.30500598382,448.92766922145,448.92766922145,448.30500598382,449.35294261095,449.35294261095,449.35294261095,448.80177827326,448.80177827326,448.80177827326,448.92766922145,0.023952379546346,0.008041226394584,0.0049503337327558,0.0069756091228148,688.91713950062,0.00018536312574995,0.0057215557124746,0.0010010231599857,688.9091649378,-0.0013636083686151,-0.00022337074024427,0,3.964970294293e-13,8.6572454449246e-15,0,0,8.6124928990324e-15,8.5968719284877e-15,8.6282278954414e-15,0,8.6376756499726e-15,8.5970136709637e-15,0,8.6609443296956e-15,8.6185151219678e-15,4.7706167442497e-14,0,0,4.7559347684279e-14,4.7512290195003e-14,4.7611021403105e-14,0,4.7644101805007e-14,4.7512008791066e-14,0,4.7722818603572e-14,4.7578024384283e-14
0.75,1702700365.3321,1702700365.3321,1702700365.3321,1124922587.5543,1124922587.5543,1124922587.5543,1,1,1,52785191.263818,4.8135029957477e-06,2.2040851344818e-05,4.7506454389257e-06,1.0025445477999,393.00232413387,393.00232413387,393.65752193004,393.65752193004,393.00232413387,394.10710624828,394.10710624828,394.10710624828,393.52574473433,393.52574473433,393.52574473433,393.65752193004,0.0029727343795138,-3.5373167259177e-101,8.745356739063e-103,-0.0027940233624861,-0.0029735434918717,-0.0026461467085839,4.4278263717236e-104,-0.0026506216699285,-0.0028314740313387,-1.6580828219001e-104,-0.0028109996105409,0.0027646045091183,451.59024834635,451.59024834635,452.24544614251,452.24544614251,451.59024834635,452.69503046075,452.69503046075,452.69503046075,452.1136689468,452.1136689468,452.1136689468,452.24544614251,0.023722770147728,0.0086439853274541,0.0053314243032847,0.0074720088005604,694.36498402049,0.00018424641716027,0.0056828986577874,0.00081705432208969,694.35634546202,-0.00077533491441822,-0.00037831168879388,0,5.1761262345178e-13,1.0133597871778e-14,0,0,1.0069040864575e-14,1.0045150466993e-14,1.0091970852071e-14,0,1.0103356767303e-14,1.004476534538e-14,0,1.0137401096307e-14,1.0076033871415e-14,6.2037238988401e-14,0,0,6.179912183505e-14,6.1718278221503e-14,6.1883223453179e-14,0,6.1932405970821e-14,6.1717452173357e-14,0,6.2059268721185e-14,6.1827688140168e-14
0.8,1696073579.2453,1696073579.2453,1696073579.2453,1118295801.4675,1118295801.4675,1118295801.4675,1,1,1,61036683.778697,5.2092545547513e-06,2.3511672678026e-05,5.147893911357e-06,1.003005553664,392.20509021563,392.20509021563,392.8939201752,392.8939201752,392.20509021563,393.36860644862,393.36860644862,393.36860644862,392.75591910554,392.75591910554,392.75591910554,392.8939201752,0.0029883703261348,-9.2699703641799e-101,5.4775880672872e-102,-0.0028042795744548,-0.0029894400439888,-0.0026489172488199,1.3604919521865e-103,-0.002653527513082,-0.0028433984033763,-5.1274058492027e-105,-0.0028197787904754,0.0027703038162397,454.7389455055,454.7389455055,455.42777546507,455.42777546507,454.7389455055,455.90246173849,455.90246173849,455.90246173849,455.28977439541,455.28977439541,455.28977439541,455.42777546507,0.023799554282994,0.0092470114933964,0.0057127404251981,0.0079681618482262,699.56379712388,0.00020789121300975,0.0058435632572468,0.00083503788931808,699.55460722879,-0.00092311526125367,-0.00043161406019864,0,6.5878732636826e-13,1.1763368286681e-14,0,0,1.1674449094501e-14,1.1640295122166e-14,1.1706352383023e-14,0,1.1720307258139e-14,1.1639391115294e-14,0,1.1767240678673e-14,1.168293763668e-14,7.8673153958615e-14,0,0,7.8309286077727e-14,7.8180141453296e-14,7.8438505759168e-14,0,7.8507423450461e-14,7.8178036946371e-14,0,7.8700660080673e-14,7.8349856994321e-14
0.85,1689465717.062,1689465717.062,1689465717.062,1111687939.2842,1111687939.2842,1111687939.2842,1,1,1,69574471.306799,5.6052878904978e-06,2.4982492008587e-05,5.5468168686666e-06,1.0034680680193,391.40751987039,391.40751987039,392.13116510248,392.13116510248,391.40751987039,392.63173989859,392.63173989859,392.63173989859,391.98656084284,391.98656084284,391.98656084284,392.13116510248,0.0030026986055908,-2.1507425359447e-100,2.5378846765372e-101,-0.0028132885483822,-0.0030042333913515,-0.0026503454567543,3.7688185848688e-103,-0.0026550862180311,-0.0028542262587241,7.893732452441e-104,-0.0028271849769893,0.0027744520128037,457.75314822718,457.75314822718,458.47679345926,458.47679345926,457.75314822718,458.97736825538,458.97736825538,458.97736825538,458.33218919963,458.33218919963,458.33218919963,458.47679345926,0.023911432566215,0.0098502340391842,0.0060942855948925,0.0084640684806667,704.54375737182,0.00026586757019364,0.0053651383367827,0.00098224780073845,704.53409219757,-0.00089513149682107,-0.00041008275402673,0,8.2203276139362e-13,1.3557182971318e-14,0,0,1.3437395170414e-14,1.3390126128099e-14,1.3480914078537e-14,0,1.349828478427e-14,1.3388714777862e-14,0,1.3561139166758e-14,1.3448064718943e-14,9.7845905984227e-14,0,0,9.7312632570692e-14,9.7116639425539e-14,9.7503397282222e-14,0,9.7596880861149e-14,9.7112538967968e-14,0,9.7879007011531e-14,9.7368292507521e-14
0.9,1682880068.6784,1682880068.6784,1682880068.6784,1105102290.9006,1105102290.9006,1105102290.9006,1,1,1,78334395.2963,6.0024956060731e-06,2.6453369196646e-05,5.9467881553833e-06,1.0039320392314,390.60999371828,390.60999371828,391.36965666619,391.36965666619,390.60999371828,391.89688586792,391.89688586792,391.89688586792,391.21804425606,391.21804425606,391.21804425606,391.36965666619,0.0030172267946034,-4.6480386910633e-100,9.7934847797604e-101,-0.002821960393533,-0.0030188122597705,-0.0026506507233566,9.8201208606258e-103,-0.002656150477068,-0.0028644831049831,4.5149539500177e-103,-0.0028345495707216,0.0027785927095659,460.63312168296,460.63312168296,461.39278463087,461.39278463087,460.63312168296,461.9200138326,461.9200138326,461.9200138326,461.24117222074,461.24117222074,461.24117222074,461.39278463087,0.024020805880123,0.010453613544201,0.0064760813089039,0.0089597289096402,709.31263256057,-0.00077772575683438,0.0077178275411818,0.00048679555138105,709.30160614766,-0.00094854900098501,-0.0010730162714819,0,1.0094454401169e-12,1.5517031954566e-14,0,0,1.5361922487185e-14,1.5299060503126e-14,1.5419219452755e-14,0,1.5436569737501e-14,1.529645314886e-14,0,1.5519384674087e-14,1.5372066316164e-14,1.1979030302215e-13,0,0,1.1903767169619e-13,1.1875277828063e-13,1.1930946655351e-13,0,1.1942748714044e-13,1.1874499046729e-13,0,1.1982673129731e-13,1.1910767717354e-13
0.95,1676317602.9498,1676317602.9498,1676317602.9498,1098539825.172,1098539825.172,1098539825.172,1,1,1,87274262.478353,6.3992011773831e-06,2.792423715951e-05,6.3491500458916e-06,1.0043974514326,389.81258340322,389.81258340322,390.6094800964,390.6094800964,389.81258340322,391.16423497195,391.16423497195,391.16423497195,390.45048469899,390.45048469899,390.45048469899,390.6094800964,0.0030311812453343,-1.0033869712208e-99,3.4958869008311e-100,-0.0028306653764307,-0.0030338018243291,-0.0026515511279406,2.6734491559141e-102,-0.0026568365617022,-0.0028754127104391,1.811418525892e-102,-0.0028412856375922,0.0027817615778559,463.38085683186,463.38085683186,464.17775352503,464.17775352503,463.38085683186,464.73250840058,464.73250840058,464.73250840058,464.01875812762,464.01875812762,464.01875812762,464.17775352503,0.024158892668863,0.01105711493656,0.0068581400524014,0.0094551433498256,713.87217206515,0.00018294945783497,0.0053070237632632,0.00095669023777234,713.86139451706,-0.00092372840787888,-0.00052393507201024,0,1.2229076287163e-12,1.7643454273907e-14,0,0,1.7441146561741e-14,1.7358369210527e-14,1.7516219459019e-14,0,1.754104634591e-14,1.7355051387629e-14,0,1.7646893866995e-14,1.745588844776e-14,1.4474191534342e-13,0,0,1.4370317770714e-13,1.4330121943883e-13,1.4408114167396e-13,0,1.4423427278104e-13,1.4328873951536e-13,0,1.4478320793777e-13,1.4379403135963e-13
1,1669778756.3483,1669778756.3483,1669778756.3483,1092000978.5705,1092000978.5705,1092000978.5705,1,1,1,96330177.989748,6.7966259089798e-06,2.939515679422e-05,6.7530685522604e-06,1.0048642911264,389.01535586632,389.01535586632,389.85075346481,389.85075346481,389.01535586632,390.43378902981,390.43378902981,390.43378902981,389.68391480882,389.68391480882,389.68391480882,389.85075346481,0.0030456765805079,-2.1133489568976e-99,1.1290394711405e-99,-0.0028392748622846,-0.0030488604530759,-0.0026515692203236,7.073333976816e-102,-0.0026573214542148,-0.0028859476202809,6.7366876979386e-102,-0.0028481202293513,0.0027850747384421,465.99908008616,465.99908008616,466.83447768465,466.83447768465,465.99908008616,467.41751324965,467.41751324965,467.41751324965,466.66763902866,466.66763902866,466.66763902866,466.83447768465,0.024254378990839,0.01166072296964,0.0072404904909461,0.0099503120103018,718.22504198888,0.00022214038652025,0.0056641257846975,0.0011097303149353,718.21378899955,-0.00073237057956422,-0.00049157835488785,0,1.4644537556997e-12,1.9931006514598e-14,0,0,1.9675809015759e-14,1.9569269554628e-14,1.9771551714428e-14,0,1.9799723102147e-14,1.9564181712473e-14,0,1.9933516649667e-14,1.9691595975975e-14,1.7292861506811e-13,0,0,1.7152897366789e-13,1.7097634584872e-13,1.7204233825767e-13,0,1.7223530972333e-13,1.7095667062987e-13,0,1.7297345752952e-13,1.7164215345363e-13
1.05,1663263944.0183,1663263944.0183,1663263944.0183,1085486166.2405,1085486166.2405,1085486166.2405,1,1,1,105471954.47187,7.1944711025149e-06,3.086613161132e-05,7.1587555557946e-06,1.0053325316908,388.21830625215,388.21830625215,389.09350483363,389.09350483363,388.21830625215,389.70566743237,389.70566743237,389.70566743237,388.91840046483,388.91840046483,388.91840046483,389.09350483363,0.0030600845665269,-4.4345600787152e-99,3.5581769147227e-99,-0.0028476341273072,-0.0030640397994498,-0.0026512666753369,1.9161779314597e-101,-0.002657328438837,-0.0028966007806142,2.3122632208291e-101,-0.0028548965237651,0.0027879853546012,468.49077260611,468.49077260611,469.36597118759,469.36597118759,468.49077260611,469.97813378633,469.97813378633,469.97813378633,469.19086681878,469.19086681878,469.19086681878,469.36597118759,0.024386915737994,0.012264419650807,0.0076231519394672,0.010445235099725,722.375053384,0.00017132532124538,0.0054965664442895,0.0011727706558728,722.36315165808,-0.00095474320372532,-0.00070258230091639,0,1.7359218010878e-12,2.2374660763214e-14,0,0,2.205658915178e-14,2.1922568837045e-14,2.2176679960901e-14,0,2.2210533591968e-14,2.1915558944533e-14,0,2.2376801573744e-14,2.2074710348121e-14,2.0457116377295e-13,0,0,2.0272170118603e-13,2.0197954002013e-13,2.0340489982678e-13,0,2.0364574755663e-13,2.0194995131621e-13,0,2.0461903379764e-13,2.028605082134e-13
1.1,1656773757.2943,1656773757.2943,1656773757.2943,1078995979.5165,1078995979.5165,1078995979.5165,1,1,1,114660281.25304,7.5930129302595e-06,3.2337180356577e-05,7.5660980176494e-06,1.0058021429632,387.42149027405,387.42149027405,388.33783208813,388.33783208813,387.42149027405,388.97996972434,388.97996972434,388.97996972434,388.15398162532,388.15398162532,388.15398162532,388.33783208813,0.0030745870606506,-9.2370782798424e-99,1.071819794606e-98,-0.0028558736360449,-0.0030792298335097,-0.0026503630087884,5.2696072973103e-101,-0.0026570296507313,-0.0029071049697,7.6086981004075e-101,-0.00286149807561,0.0027906150495862,470.85910320625,470.85910320625,471.77544502034,471.77544502034,470.85910320625,472.41758265654,472.41758265654,472.41758265654,471.59159455752,471.59159455752,471.59159455752,471.77544502034,0.024520794745098,0.012868192208632,0.0080061446357159,0.010939912825115,726.32659140765,6.1721650870773e-05,0.0059673095968472,0.0011321794785418,726.31407375966,-0.00078579568454779,-0.0007681319564629,0,2.0401114737093e-12,2.4967549030584e-14,0,0,2.4576563378612e-14,2.4410021364111e-14,2.4725530423279e-14,0,2.4763388294312e-14,2.4400456026953e-14,0,2.4968088870501e-14,2.459544020375e-14,2.3988061023121e-13,0,0,2.3747821043259e-13,2.3650052329107e-13,2.3837208028825e-13,0,2.3866646713276e-13,2.3645740715762e-13,0,2.3992924370484e-13,2.3764371332208e-13
1.15,1650308833.6178,1650308833.6178,1650308833.6178,1072531055.84,1072531055.84,1072531055.84,1,1,1,123863134.09334,7.9919836423673e-06,3.3808295541212e-05,7.9752481711378e-06,1.0062730923374,386.62495966251,386.62495966251,387.58381214734,387.58381214734,386.62495966251,388.25680634544,388.25680634544,388.25680634544,387.39073528137,387.39073528137,387.39073528137,387.58381214734,0.0030888407948155,-1.9410191832251e-98,3.1705450809382e-98,-0.0028639132496911,-0.0030945691540981,-0.0026491712173983,1.4531356464463e-100,-0.0026562062355009,-0.002917764166459,2.4475555679886e-100,-0.0028679695695824,0.0027926910831182,473.10737052415,473.10737052415,474.06622300898,474.06622300898,473.10737052415,474.73921720707,474.73921720707,474.73921720707,473.873146143,473.873146143,473.873146143,474.06622300898,0.024665568102841,0.013472030990405,0.0083894880360242,0.01143434539221,730.08439989201,0.00015245637862374,0.0053695864076584,0.0010734821945999,730.07144186343,-0.00096281926684456,-0.00065659984783584,0,2.3800861349531e-12,2.7700284296203e-14,0,0,2.7223067828377e-14,2.7019405423029e-14,2.74060149723e-14,0,2.7451346455488e-14,2.7007678714409e-14,0,2.7699884613318e-14,2.7245420875593e-14,2.7905472796449e-13,0,0,2.7597744216488e-13,2.7471173288758e-13,2.7713003835268e-13,0,2.7748853359551e-13,2.7465203268375e-13,0,2.7910279620117e-13,2.7617455703691e-13
1.2,1643869836.5188,1643869836.5188,1643869836.5188,1066092058.741,1066092058.741,1066092058.741,1,1,1,133047460.46855,8.3922827968984e-06,3.5279529773953e-05,8.3855788841903e-06,1.0067453488086,385.82878601246,385.82878601246,386.83155448072,386.83155448072,385.82878601246,387.53627947328,387.53627947328,387.53627947328,386.62870865284,386.62870865284,386.62870865284,386.83155448072,0.0031035791867077,-4.0035367627914e-98,9.1404876568215e-98,-0.0028717387115127,-0.0031098198985197,-0.0026469141955864,4.0396684187991e-100,-0.0026551076536316,-0.0029279192050237,7.7934936650104e-100,-0.0028745010706232,0.0027948126577382,475.23898400846,475.23898400846,476.24175247673,476.24175247673,475.23898400846,476.94647746929,476.94647746929,476.94647746929,476.03890664884,476.03890664884,476.03890664884,476.24175247673,0.024809312087379,0.014075932971977,0.0087732055352969,0.011928532999029,733.65329984144,-0.00084403399654261,0.0078580180637959,0.00057809303830729,733.63908933256,-0.00076519153762744,-0.0010490632715043,0,2.7560096601943e-12,3.0560635227517e-14,0,0,2.9989340536619e-14,2.974326756424e-14,3.0210934587354e-14,0,3.0254939339383e-14,2.9727946365756e-14,0,3.0555014436969e-14,3.0008443540162e-14,3.2227399277798e-13,0,0,3.1838877427839e-13,3.1677506526622e-13,3.1985475177808e-13,0,3.2027547913805e-13,3.166936976157e-13,0,3.2231411201643e-13,3.1861290487711e-13
1.25,1637457410.4117,1637457410.4117,1637457410.4117,1059679632.6339,1059679632.6339,1059679632.6339,1,1,1,142196168.95764,8.7923647554935e-06,3.6750804072331e-05,8.7983789845905e-06,1.0072188722321,385.03299706847,385.03299706847,386.08111539147,386.08111539147,385.03299706847,386.81853758259,386.81853758259,386.81853758259,385.86799122045,385.86799122045,385.86799122045,386.08111539147,0.0031175526327267,-8.4845850354762e-98,2.6497706673946e-97,-0.0028793428232454,-0.0031254013951609,-0.0026451148957132,1.1644851132423e-99,-0.0026532840663239,-0.0029387328553323,2.3798475764484e-99,-0.0028804083486445,0.0027958235173657,477.25738452221,477.25738452221,478.30550284521,478.30550284521,477.25738452221,479.04292503633,479.04292503633,479.04292503633,478.09237867419,478.09237867419,478.09237867419,478.30550284521,0.024986716843232,0.014679887582456,0.0091573099863511,0.012422475857976,737.0386044453,-0.00010471075615993,0.005388016951108,0.00098452923623116,737.02428316095,-0.0010357207700863,-0.00086413240142348,0,3.1690850760294e-12,3.3537924720292e-14,0,0,3.2852153194285e-14,3.2557286237412e-14,3.3118310128849e-14,0,3.3177875208549e-14,3.2538877786717e-14,0,3.3533661641403e-14,3.2878398711735e-14,3.6970378077127e-13,0,0,3.6484873487891e-13,3.6281802101723e-13,3.6669111512518e-13,0,3.671960802287e-13,3.6271061988608e-13,0,3.6973787110574e-13,3.6510998224436e-13
1.3,1631072299.4709,1631072299.4709,1631072299.4709,1053294521.6932,1053294521.6932,1053294521.6932,1,1,1,151266588.25265,9.193156335703e-06,3.8222173704891e-05,9.2128905142034e-06,1.0076936307365,384.23769967011,384.23769967011,385.33265839635,385.33265839635,384.23769967011,386.10363530276,386.10363530276,386.10363530276,385.10863170713,385.10863170713,385.10863170713,385.33265839635,0.0031319188468299,-1.7637271039258e-97,7.455053712934e-97,-0.002886751020971,-0.0031409358907755,-0.0026423693773135,3.3013567260408e-99,-0.0026511843996334,-0.0029491394745424,7.4932605098432e-99,-0.0028863149405553,0.0027967253241191,479.1660738042,479.1660738042,480.26103253043,480.26103253043,479.1660738042,481.03200943684,481.03200943684,481.03200943684,480.03700584122,480.03700584122,480.03700584122,480.26103253043,0.02512040576342,0.015283897371084,0.0095418267329245,0.012916174161179,740.24539052748,2.3393970610403e-05,0.0052006151141431,0.0011307284409191,740.23058016703,-0.00086807860133454,-0.00078009812145847,0,3.6206207770094e-12,3.6616380944644e-14,0,0,3.5805876968556e-14,3.5455685403403e-14,3.6122230103e-14,0,3.618983226233e-14,3.543270698981e-14,0,3.6609609812811e-14,3.5833189528961e-14,4.214871633082e-13,0,0,4.154858917005e-13,4.1295993217795e-13,4.1777566284e-13,0,4.1837623183409e-13,4.1282003466266e-13,0,4.215116778162e-13,4.157857648593e-13
1.35,1624715147.5291,1624715147.5291,1624715147.5291,1046937369.7513,1046937369.7513,1046937369.7513,1,1,1,160246693.32442,9.5946712219179e-06,3.9693642214478e-05,9.629238176901e-06,1.008169588213,383.4429276165,383.4429276165,384.58625158639,384.58625158639,383.4429276165,385.39170907567,385.39170907567,385.39170907567,384.35071737597,384.35071737597,384.35071737597,384.58625158639,0.0031462562459178,-3.6062432867374e-97,2.0997452217002e-96,-0.0028938232102875,-0.003156558574335,-0.002639086891602,9.4848627638421e-99,-0.0026485603611095,-0.0029595324980592,2.3132432045071e-98,-0.0028921909853985,0.0027972186625161,480.96853877024,480.96853877024,482.11186274013,482.11186274013,480.96853877024,482.91732022941,482.91732022941,482.91732022941,481.87632852971,481.87632852971,481.87632852971,482.11186274013,0.025286094657863,0.015887961536553,0.009926776141423,0.013409628106111,743.27887224748,-1.9361453116677e-05,0.0050503223190394,0.0011655525235683,743.26337099367,-0.0010079705862302,-0.00088504047829668,0,4.1116145984926e-12,3.9780514546255e-14,0,0,3.883072584146e-14,3.8419661772852e-14,3.9203039775825e-14,0,3.9280395245381e-14,3.839168835938e-14,0,3.9771193106586e-14,3.8859515498095e-14,4.777453064977e-13,0,0,4.7040083082229e-13,4.6729353891891e-13,4.7321713337723e-13,0,4.7392709952549e-13,4.671140810229e-13,0,4.7775663849929e-13,4.7074141870395e-13
1.4,1618386645.636,1618386645.636,1618386645.636,1040608867.8582,1040608867.8582,1040608867.8582,1,1,1,169117815.97221,9.9968683715152e-06,4.1165218728848e-05,1.0047349157094e-05,1.0086467078904,382.6487433849,382.6487433849,383.84200343329,383.84200343329,382.6487433849,384.68288178015,384.68288178015,384.68288178015,383.59430487802,383.59430487802,383.59430487802,383.84200343329,0.0031606184569177,-7.055790380632e-97,5.8960525104438e-96,-0.0029006432538654,-0.0031722185855435,-0.0026352374312369,2.6990759017777e-98,-0.0026454880571338,-0.0029698659056567,7.1022014121372e-98,-0.002897936481441,0.0027972903235164,482.66826091653,482.66826091653,483.86152096492,483.86152096492,482.66826091653,484.70239931178,484.70239931178,484.70239931178,483.61382240965,483.61382240965,483.61382240965,483.86152096492,0.025459343835678,0.016492080635984,0.010312178551268,0.013902837885923,746.1443491631,-6.7601955748315e-05,0.005143808583433,0.0011669316426345,746.12814223241,-0.0010030843331455,-0.00096330908615029,0,4.6428443309212e-12,4.3014821877926e-14,0,0,4.1910768837621e-14,4.1432067336986e-14,4.2345493311897e-14,0,4.2432057153498e-14,4.1398065172818e-14,0,4.3001911862412e-14,4.1939461099465e-14,5.3857745098052e-13,0,0,5.2967160852193e-13,5.2588733046403e-13,5.3310270432429e-13,0,5.3393509023135e-13,5.256597862463e-13,0,5.3857052546309e-13,5.3005277338943e-13
1.45,1612087488.7044,1612087488.7044,1612087488.7044,1034309710.9266,1034309710.9266,1034309710.9266,1,1,1,177864015.32383,1.0399850718232e-05,4.2636908397112e-05,1.0467231021516e-05,1.0091249536951,381.85521020214,381.85521020214,383.10001606642,383.10001606642,381.85521020214,383.97727162735,383.97727162735,383.97727162735,382.83946480959,382.83946480959,382.83946480959,383.10001606642,0.0031750079692522,-1.2533078324769e-96,1.6390856309717e-95,-0.00290719780508,-0.0031879741234876,-0.0026308498118877,7.4059420119888e-98,-0.002641981190177,-0.0029801241586717,2.1790719245718e-97,-0.0029035356899777,0.0027969211631298,484.26869374245,484.26869374245,485.51349960673,485.51349960673,484.26869374245,486.39075516767,486.39075516767,486.39075516767,485.2529483499,485.2529483499,485.2529483499,485.51349960673,0.025641692121794,0.01709625742937,0.010698056711674,0.014395803692112,748.84707062498,-0.00014609356718091,0.0053606772920755,0.0012958506151854,748.83012292612,-0.00087590553160316,-0.0010262040891916,0,5.2148499452917e-12,4.630238532788e-14,0,0,4.5028528688988e-14,4.4474862083475e-14,4.5532515367683e-14,0,4.5628095377661e-14,4.4433976943625e-14,0,4.6284922328441e-14,4.5055825454911e-14,6.0405891228144e-13,0,0,5.9335156448761e-13,5.8878428360715e-13,5.9749540508623e-13,0,5.984629615397e-13,5.8849891907015e-13,0,6.0402729035336e-13,5.9377133281168e-13
1.5,1605817540.2518,1605817540.2518,1605817540.2518,1028039762.474,1028039762.474,1028039762.474,1,1,1,186471151.67035,1.0823738327927e-05,4.4108712948589e-05,1.0889026553791e-05,1.0096042875058,381.06230108697,381.06230108697,382.36027095496,382.36027095496,381.06230108697,383.27491549017,383.27491549017,383.27491549017,382.08616371784,382.08616371784,382.08616371784,382.36027095496,0.0031892611819249,-1.8603392130343e-96,4.6066554938296e-95,-0.0029134942885929,-0.003203776913577,-0.0026259237224286,1.8101637049456e-97,-0.0026378384714156,-0.0029904839129115,6.6647244972229e-97,-0.0029091216392092,0.0027961136268471,485.77344556519,485.77344556519,487.07141543318,487.07141543318,485.77344556519,487.98605996839,487.98605996839,487.98605996839,486.79730819606,486.79730819606,486.79730819606,487.07141543318,0.025832667510236,0.017700495026768,0.01108443015034,0.014888525712902,751.39256765377,-0.00021388132821963,0.0051486528578646,0.0011282390297491,751.37482838305,-0.0010223604060411,-0.0011401715016334,0,5.8279052021195e-12,4.9626370756874e-14,0,0,4.8164562009135e-14,4.7530540676973e-14,4.8744630172794e-14,0,4.8852919237345e-14,4.7482713826168e-14,0,4.9604819549185e-14,4.8192530942799e-14,6.7424119885716e-13,0,0,6.6146654130669e-13,6.5600261885945e-13,6.6643072216946e-13,0,6.6755142248667e-13,6.556496169414e-13,0,6.7417909891888e-13,6.6192586367608e-13
1.55,1599561559.2102,1599561559.2102,1599561559.2102,1021783781.4324,1021783781.4324,1021783781.4324,1,1,1,194923773.09915,1.1253324886711e-05,4.5580637614443e-05,1.1312192109028e-05,1.0100846413778,380.26820549878,380.26820549878,381.62079167991,381.62079167991,380.26820549878,382.5743673554,382.5743673554,382.5743673554,381.33234668023,381.33234668023,381.33234668023,381.62079167991,0.0032034583945011,5.1680849861864e-96,1.1433314884156e-94,-0.0029192621649087,-0.0032193958937989,-0.0026202063991693,1.2124313136411e-96,-0.0026330579369109,-0.0030006022199118,1.4480061207612e-96,-0.0029145005152188,0.0027946409778533,487.18927768113,487.18927768113,488.54186386226,488.54186386226,487.18927768113,489.49543953774,489.49543953774,489.49543953774,488.25341886257,488.25341886257,488.25341886257,488.54186386226,0.02602272625894,0.018304794295005,0.011471318958661,0.015381004124993,753.79057877464,-0.00022899717793553,0.0052492335980132,0.0011318473024003,753.77204564899,-0.0010219157997664,-0.0012177036270362,0,6.4821093181148e-12,5.2976576363748e-14,0,0,5.1311120717414e-14,5.0588192292218e-14,5.1974469850288e-14,0,5.2093961768039e-14,5.0532825280058e-14,0,5.2949394216348e-14,5.1338396521594e-14,7.4916139163887e-13,0,0,7.3403142412581e-13,7.2754512649505e-13,7.3993372232888e-13,0,7.4122340973677e-13,7.2711382379749e-13,0,7.4906085033908e-13,7.345293203074e-13
1.6,1592990941.7523,1592990941.7523,1592990941.7523,1015213163.9745,1015213163.9745,1015213163.9745,1,1,1,209389520.20293,1.1686409104439e-05,4.7052441686676e-05,1.173527425049e-05,1.0105653487603,379.43008684669,379.43008684669,380.84365737482,380.84365737482,379.43008684669,381.84045857917,381.84045857917,381.84045857917,380.53619495681,380.53619495681,380.53619495681,380.84365737482,0.0032135458965221,1.1471808980278e-94,8.7904180865979e-94,-0.0029210496294975,-0.0032308308559055,-0.0026096285857534,9.4287698754496e-96,-0.0026233134771818,-0.0030070794728832,8.2065961964362e-96,-0.0029174111292363,0.0027890659794644,488.58298465868,488.58298465868,489.9965551868,489.9965551868,488.58298465868,490.99335639115,490.99335639115,490.99335639115,489.6890927688,489.6890927688,489.6890927688,489.9965551868,0.0262348681396,0.018909097848863,0.011858718773172,0.015873239157189,756.13581358584,-0.00026865815164544,0.0052387223056067,0.0013801206761677,756.11621164345,-0.00098985822643542,-0.0013378258472067,0,7.1760796705233e-12,5.6496387962428e-14,0,0,5.4596544858948e-14,5.3764983776985e-14,5.5354777498872e-14,0,5.5473035894194e-14,5.3690977653243e-14,0,5.6449649480195e-14,5.4611082560949e-14,8.2905934972043e-13,0,0,8.1124259832405e-13,8.0358029573323e-13,8.1821719940993e-13,0,8.1967412944435e-13,8.0304433257177e-13,0,8.2889271022518e-13,8.1176105392097e-13
1.65,1584800139.2112,1584800139.2112,1584800139.2112,1007022361.4334,1007022361.4334,1007022361.4334,1,1,1,223178872.96432,1.2119691787375e-05,4.8523509540219e-05,1.216216168402e-05,1.0110440705671,378.37710892372,378.37710892372,379.87838470167,379.87838470167,378.37710892372,380.92285946975,380.92285946975,380.92285946975,379.54027521861,379.54027521861,379.54027521861,379.87838470167,0.0032120351076721,2.9601163250544e-93,7.4424301208445e-93,-0.0029102865924259,-0.0032286974183988,-0.0025807470946072,-4.1627458920027e-95,-0.0025949332069987,-0.0029992570108113,2.4921531764033e-95,-0.0029081430108147,0.0027713968826606,490.18348815119,490.18348815119,491.68476392914,491.68476392914,490.18348815119,492.72923869722,492.72923869722,492.72923869722,491.34665444608,491.34665444608,491.34665444608,491.68476392914,0.026361151146345,0.019513215236231,0.012246645756356,0.016365231136179,758.75983228915,-0.00076117574187659,0.008067005838153,0.001724132311509,758.73789069341,-0.00043355645173434,-0.0023813667492228,0,7.9234145924471e-12,6.0728739554594e-14,0,0,5.8564918967857e-14,5.7608113203813e-14,5.9425619545583e-14,0,5.9496780709846e-14,5.7483600195634e-14,0,6.0634642363653e-14,5.851808193987e-14,9.1494275682436e-13,0,0,8.9406590100767e-13,8.8505047072878e-13,9.0225771652372e-13,0,9.0381528364175e-13,8.8433841958247e-13,0,9.146430438055e-13,8.945181190444e-13
1.7,1574042411.2811,1574042411.2811,1574042411.2811,996264633.50328,996264633.50328,996264633.50328,1,1,1,236083388.80464,1.2553138538769e-05,4.9994778005026e-05,1.2598761029206e-05,1.0115194058857,376.98726877454,376.98726877454,378.60534953032,378.60534953032,376.98726877454,379.71451292654,379.71451292654,379.71451292654,378.23108854132,378.23108854132,378.23108854132,378.60534953032,0.0032096478243792,3.1547787964628e-92,9.8226265530212e-92,-0.0028884200302824,-0.0032279831345436,-0.0025375312073703,-1.8646908599228e-93,-0.0025532001416287,-0.0029837890012192,5.29395729253e-95,-0.0028890056944452,0.0027420296779847,492.09045454873,492.09045454873,493.70853530452,493.70853530452,492.09045454873,494.81769870073,494.81769870073,494.81769870073,493.33427431552,493.33427431552,493.33427431552,493.70853530452,0.025372624529565,0.020117107454316,0.01263534215947,0.016856979474207,761.8594447992,-0.00083191698303385,0.0071599513994035,0.0012293696394503,761.8359879767,-0.00024907499389745,-0.0017118346110243,0,8.7387074076007e-12,6.607682538443e-14,0,0,6.3579079383074e-14,6.2476772359303e-14,6.4565610719509e-14,0,6.4608842435494e-14,6.2306891668932e-14,0,6.5943543661286e-14,6.3483299828834e-14,1.0083894994416e-12,0,0,9.8398029735441e-13,9.7340596953261e-13,9.9356727886615e-13,0,9.9518598486326e-13,9.7245367080999e-13,0,1.0079012976022e-12,9.8429706264653e-13
1.75,1562205402.5468,1562205402.5468,1562205402.5468,984427624.76904,984427624.76904,984427624.76904,1,1,1,248464107.3125,1.2994707498175e-05,5.1466599788906e-05,1.3040541445719e-05,1.0119944952573,375.45006728914,375.45006728914,377.19332687188,377.19332687188,375.45006728914,378.39090411432,378.39090411432,378.39090411432,376.78292755032,376.78292755032,376.78292755032,377.19332687188,0.0032316566379777,1.8980350729911e-91,1.1996293007033e-90,-0.0028819254927375,-0.0032540215785327,-0.0025084998242852,-8.2640861975395e-92,-0.0025264732115423,-0.0029899122541197,6.566431599838e-94,-0.0028902800325044,0.0027274638195021,493.95411123092,493.95411123092,495.69737081366,495.69737081366,493.95411123092,496.8949480561,496.8949480561,496.8949480561,495.2869714921,495.2869714921,495.2869714921,495.69737081366,0.025187561330236,0.020721241443654,0.013025435996513,0.017348484022054,764.98967106694,-0.001426375274358,0.0018396397616238,-0.00058911376547048,764.96473137179,-0.0015666613848136,-0.00087564024714856,0,9.6254887871115e-12,7.1908353684879e-14,0,0,6.8977391749902e-14,6.7719767045995e-14,7.0134472125671e-14,0,7.0201304830464e-14,6.7536613863503e-14,0,7.175052243574e-14,6.888405923094e-14,1.1100832684707e-12,0,0,1.0815290602642e-12,1.0691761825298e-12,1.0927524005362e-12,0,1.0944656222508e-12,1.0679648660925e-12,0,1.1093718595382e-12,1.0817138334422e-12
1.8,1550504711.5936,1550504711.5936,1550504711.5936,972726933.81582,972726933.81582,972726933.81582,1,1,1,260319092.37178,1.3447883018382e-05,5.293922743158e-05,1.3485658125894e-05,1.0124722151852,373.91594636971,373.91594636971,375.79368327558,375.79368327558,373.91594636971,377.08496191906,377.08496191906,377.08496191906,375.34342973392,375.34342973392,375.34342973392,375.79368327558,0.0032768358179218,1.5188945054319e-90,1.270188067053e-89,-0.002890201603179,-0.0033005380927489,-0.0024922683524147,-3.7233567581597e-90,-0.0025144456468001,-0.0030140784977981,9.9170025577233e-93,-0.0029103412052284,0.0027295469877719,495.54624290764,495.54624290764,497.42397981352,497.42397981352,495.54624290764,498.715258457,498.715258457,498.715258457,496.97372627186,496.97372627186,496.97372627186,497.42397981352,0.02608554845789,0.021325996254234,0.013417345013711,0.017839744694877,767.74385663452,0.00022318209925932,0.00876103826976,0.00082103873693579,767.71785442963,-0.0014423967405559,-0.0011032398768305,0,1.0594346662102e-11,7.7451742133988e-14,0,0,7.4139814428861e-14,7.269977770353e-14,7.5450155602004e-14,0,7.5495724809159e-14,7.2471611420365e-14,0,7.726753552074e-14,7.3964035814736e-14,1.219616572626e-12,0,0,1.1863785913414e-12,1.1719891941396e-12,1.1994550338717e-12,0,1.2012327001771e-12,1.1704552018502e-12,0,1.2186446562028e-12,1.1863147760193e-12
1.85,1538912894.9736,1538912894.9736,1538912894.9736,961135117.19577,961135117.19577,961135117.19577,1,1,1,271518243.27355,1.3912023065623e-05,5.4412605066284e-05,1.3934860526655e-05,1.0129528662438,372.38076464034,372.38076464034,374.40384691004,374.40384691004,372.38076464034,375.79382864439,375.79382864439,375.79382864439,373.90895593592,373.90895593592,373.90895593592,374.40384691004,0.0033234321484415,1.6026523324381e-89,1.3556998263703e-88,-0.0029014352138128,-0.0033509091350682,-0.0024760487398305,-1.5660126248373e-88,-0.0025016810807559,-0.0030425003813883,1.9379802456772e-91,-0.0029329526924496,0.0027318831838528,496.89076857064,496.89076857064,498.91385084034,498.91385084034,496.89076857064,500.30383257469,500.30383257469,500.30383257469,498.41895986622,498.41895986622,498.41895986622,498.91385084034,0.027259569313935,0.021931475579207,0.013811230789614,0.018330761417893,770.08045153625,-0.0004211082373554,0.0093469716132452,0.0010551849641955,770.05178420181,0.0020383268294151,-0.001519407676595,0,1.1640831737285e-11,8.2579932830882e-14,0,0,7.8795580370472e-14,7.7162979706329e-14,8.0300214889248e-14,0,8.0342820205435e-14,7.6910739479695e-14,0,8.236636547053e-14,7.8574928442164e-14,1.3364022336153e-12,0,0,1.2978123697563e-12,1.2811141265535e-12,1.3130166868295e-12,0,1.3148546061509e-12,1.2792234127145e-12,0,1.3351282873346e-12,1.2974365054847e-12
1.9,1527426983.6232,1527426983.6232,1527426983.6232,949649205.84538,949649205.84538,949649205.84538,1,1,1,283043220.3539,1.4387015729608e-05,5.5886550577304e-05,1.4391704992412e-05,1.0134362956714,370.84420407585,370.84420407585,373.02343386594,373.02343386594,370.84420407585,374.51754951034,374.51754951034,374.51754951034,372.47874630148,372.47874630148,372.47874630148,373.02343386594,0.003369198358816,2.2426825773007e-88,1.5876544222085e-87,-0.0029101779283315,-0.0034033329432698,-0.0024572847007346,-5.2951597709279e-87,-0.0024846659025796,-0.0030718667848596,4.3922785469049e-90,-0.0029574078740846,0.0027321358048856,498.00685474442,498.00685474442,500.18608453452,500.18608453452,498.00685474442,501.68020017891,501.68020017891,501.68020017891,499.64139697006,499.64139697006,499.64139697006,500.18608453452,0.028399281856895,0.022537743587007,0.014207225213213,0.018821534067222,772.0212127858,-0.0016686746741805,0.007646008937358,0.00092604183719649,771.98897613372,-0.0011928537505755,-0.0022775932088095,0,1.2734351207083e-11,8.7160281240393e-14,0,0,8.2876785668863e-14,8.1078998632829e-14,8.4571492435381e-14,0,8.4673063183754e-14,8.0820938932035e-14,0,8.6933626956346e-14,8.2668522615796e-14,1.4596654854457e-12,0,0,1.4150178440551e-12,1.3957771460436e-12,1.4326188384218e-12,0,1.4346004004731e-12,1.393521480676e-12,0,1.4580710016025e-12,1.4143474513493e-12
1.95,1516054950.0246,1516054950.0246,1516054950.0246,938277172.24679,938277172.24679,938277172.24679,1,1,1,294556864.16682,1.4873319735788e-05,5.7361082847303e-05,1.4856024171425e-05,1.0139223253757,369.30704225057,369.30704225057,371.65375439257,371.65375439257,369.30704225057,373.25759703303,373.25759703303,373.25759703303,371.05312718052,371.05312718052,371.05312718052,371.65375439257,0.0034146517185859,3.9937912975108e-87,1.9646883932627e-86,-0.0029180410918776,-0.0034560866207049,-0.0024357282877815,-1.9140915593041e-85,-0.0024647327204669,-0.0031019022625861,1.2178118842284e-88,-0.0029812571174137,0.0027303486863045,498.91083270265,498.91083270265,501.25754484465,501.25754484465,498.91083270265,502.86138748511,502.86138748511,502.86138748511,500.6569176326,500.6569176326,500.6569176326,501.25754484465,0.029443854725145,0.023144858764846,0.014605434000473,0.019312062473022,773.59120531517,-0.0019759692657131,0.0028148129858828,0.00017230397540819,773.55595345902,-4.7027535324456e-05,-0.0018795257197786,0,1.3868950477375e-11,9.1191883259072e-14,0,0,8.6347340988973e-14,8.4375499270906e-14,8.8254711123007e-14,0,8.842170198592e-14,8.4112311060677e-14,0,9.0949743538038e-14,8.6155831559765e-14,1.588630283529e-12,0,0,1.5371314247566e-12,1.5151021214445e-12,1.5574298478352e-12,0,1.5596475706297e-12,1.5124742517405e-12,0,1.5866933624084e-12,1.5361901968187e-12
2,1504805427.6917,1504805427.6917,1504805427.6917,927027649.91387,927027649.91387,927027649.91387,1,1,1,305410996.70778,1.5375640284094e-05,5.8836277051206e-05,1.5325953237986e-05,1.0144108156959,367.77034080368,367.77034080368,370.29587665662,370.29587665662,367.77034080368,372.01527176212,372.01527176212,372.01527176212,369.63291680332,369.63291680332,369.63291680332,370.29587665662,0.0034623554330909,8.7008844249534e-86,2.3291420171308e-85,-0.0029216423750298,-0.0035098824917105,-0.0024107146860281,-7.8160799962251e-84,-0.0024422895733422,-0.0031315932213409,3.8771637617373e-87,-0.0030072577906974,0.0027270472961031,499.61836990651,499.61836990651,502.14390575945,502.14390575945,499.61836990651,503.86330086495,503.86330086495,503.86330086495,501.48094590615,501.48094590615,501.48094590615,502.14390575945,0.030514756983405,0.023752912243512,0.015006014350364,0.019802346329219,774.81091992778,-0.0021211343701951,0.0075810428596527,0.00086891247667984,774.77155449377,-0.0015553920185865,-0.0026922576159923,0,1.5035673811672e-11,9.4562206394528e-14,0,0,8.9225542631608e-14,8.7090648873476e-14,9.131272004314e-14,0,9.1511454440739e-14,8.679574082821e-14,0,9.4295038098279e-14,8.8993115874149e-14,1.7223614383001e-12,0,0,1.6633153972563e-12,1.6382668982373e-12,1.6865655349374e-12,0,1.6890643106122e-12,1.635221965576e-12,0,1.7200466841515e-12,1.6620454682457e-12
2.05,1493686530.3841,1493686530.3841,1493686530.3841,915908752.60628,915908752.60628,915908752.60628,1,1,1,315621814.99041,1.5891043891938e-05,6.0312134416313e-05,1.580391417964e-05,1.0149016013573,366.23465128767,366.23465128767,368.95129676856,368.95129676856,366.23465128767,370.79191042344,370.79191042344,370.79191042344,368.21872924098,368.21872924098,368.21872924098,368.95129676856,0.0035093788773498,2.3518347655817e-84,2.6193244771545e-84,-0.0029273949590035,-0.0035623015800794,-0.0023833164716299,-3.7851198457775e-82,-0.0024176103086555,-0.0031631826645201,1.5524353054428e-85,-0.0030296749602659,0.0027220942983896,500.14404135811,500.14404135811,502.86068683899,502.86068683899,500.14404135811,504.70130049388,504.70130049388,504.70130049388,502.12811931141,502.12811931141,502.12811931141,502.86068683899,0.031755861107625,0.024361969186027,0.01540906521442,0.020292385320614,775.70359643565,-0.00018906690310876,0.0018109485600838,-0.0017107836539751,775.66031795203,0.012978709065081,-0.0037325191544118,0,1.6229613102803e-11,9.74007538101e-14,0,0,9.1438765555679e-14,8.9097606271081e-14,9.3751830209504e-14,0,9.3990828029158e-14,8.8753039681178e-14,0,9.7123175155645e-14,9.1136335543319e-14,1.8601069053237e-12,0,0,1.7926293396318e-12,1.7642699414008e-12,1.819150644717e-12,0,1.8219874143497e-12,1.7607377179949e-12,0,1.8573995956773e-12,1.7909317099961e-12
2.1,1482706720.2541,1482706720.2541,1482706720.2541,904928942.47636,904928942.47636,904928942.47636,1,1,1,325159892.04272,1.6422009056002e-05,6.1788547903567e-05,1.6289387931332e-05,1.0153945607634,364.70148197046,364.70148197046,367.62055542101,367.62055542101,364.70148197046,369.58858921608,369.58858921608,369.58858921608,366.81169265065,366.81169265065,366.81169265065,367.62055542101,0.0035554420607477,9.369570298507e-83,2.2698484002249e-83,-0.0029244050309529,-0.0036209128312582,-0.0023541195942158,-2.0897096916955e-80,-0.0023879360854934,-0.003193538145291,6.0183659111396e-84,-0.0030603054882376,0.0027147485934445,500.50250276534,500.50250276534,503.4215762159,503.4215762159,500.50250276534,505.38961001096,505.38961001096,505.38961001096,502.61271344553,502.61271344553,502.61271344553,503.4215762159,0.03303290261037,0.024972130708623,0.015814720583098,0.020782179047784,776.28733456781,-0.0022407954705788,0.0040158593007207,0.0011460407862896,776.2383138179,-0.0013391327412223,-0.0028599220565398,0,1.7442272375304e-11,9.9451220814324e-14,0,0,9.2976049054144e-14,9.0553976622345e-14,9.5459804504934e-14,0,9.5842996475605e-14,9.0228825088456e-14,0,9.915782653472e-14,9.2773305368361e-14,2.0007521705938e-12,0,0,1.9241173291801e-12,1.892332603267e-12,1.9541511949094e-12,0,1.957529879824e-12,1.888340546152e-12,0,1.9976299387782e-12,1.9221329766742e-12
2.15,1471873552.2633,1471873552.2633,1471873552.2633,894095774.48549,894095774.48549,894095774.48549,1,1,1,333962216.50489,1.6969669523104e-05,6.3265629431713e-05,1.6781940343845e-05,1.0158895602282,363.17109146277,363.17109146277,366.30595937508,366.30595937508,363.17109146277,368.40673059543,368.40673059543,368.40673059543,365.41167444087,365.41167444087,365.41167444087,366.30595937508,0.0036001423952801,3.4302054258831e-80,-2.3039024946345e-82,-0.0029230482069896,-0.0036774827334573,-0.0023228109293132,-1.5647687975555e-78,-0.0023567649883404,-0.0032267151824727,2.6132532547631e-82,-0.0030887365948622,0.0027058869769195,500.70669685846,500.70669685846,503.84156477077,503.84156477077,500.70669685846,505.94233599113,505.94233599113,505.94233599113,502.94727983656,502.94727983656,502.94727983656,503.84156477077,0.034169645696847,0.025583485121715,0.016223077047293,0.021271726912216,776.58090526816,-0.0026065473999042,-0.0031149367924366,-0.00028248149161546,776.52557739983,-0.00069904184206076,-0.0027849330146412,0,1.8667436718369e-11,1.0097601538466e-13,0,0,9.3867197839329e-14,9.1336112323523e-14,9.6560014674916e-14,0,9.7090907681636e-14,9.1008607801271e-14,0,1.0068059446399e-13,9.3729485288717e-14,2.1435538210252e-12,0,0,2.0568655934264e-12,2.0215013720493e-12,2.0907076772456e-12,0,2.0948371582505e-12,2.0170461535973e-12,0,2.1400138009369e-12,2.0546864859637e-12
2.2,1461195164.4027,1461195164.4027,1461195164.4027,883417386.62493,883417386.62493,883417386.62493,1,1,1,342073330.66168,1.7536277549744e-05,6.4743495527738e-05,1.7279963719244e-05,1.0163864802985,361.64525534457,361.64525534457,365.00810723175,365.00810723175,361.64525534457,367.2472294251,367.2472294251,367.2472294251,364.019565551,364.019565551,364.019565551,365.00810723175,0.0036491567954814,2.5162220389501e-77,-2.2650148363439e-80,-0.0029160564396294,-0.0037351524274083,-0.0022885179972552,-1.4405186458827e-76,-0.0023241357878147,-0.0032576606929839,1.1518605178767e-80,-0.0031195832503689,0.0026959604321624,500.77008638191,500.77008638191,504.13293826909,504.13293826909,500.77008638191,506.37206046243,506.37206046243,506.37206046243,503.14439658834,503.14439658834,503.14439658834,504.13293826909,0.035511777239415,0.026196129670125,0.016634202912841,0.021761028352884,776.60191319998,-0.0032095739335968,0.0059841743734118,0.0019758555502322,776.53823695038,-0.0024666400118445,-0.0041217360540778,0,1.9898640067475e-11,1.0183959654405e-13,0,0,9.4246640927733e-14,9.1622319338856e-14,9.7092373562554e-14,0,9.7689116241801e-14,9.1246602351084e-14,0,1.0151460389491e-13,9.4065480285451e-14,2.2875767596444e-12,0,0,2.1901504712345e-12,2.1510748986744e-12,2.2280170287407e-12,0,2.2329904313359e-12,2.1460883361627e-12,0,2.283577130544e-12,2.1877151639346e-12
2.25,1450679191.3536,1450679191.3536,1450679191.3536,872901413.57585,872901413.57585,872901413.57585,1,1,1,349514538.19182,1.8121815237836e-05,6.6222117897404e-05,1.7784610274972e-05,1.01688518812,360.12436786734,360.12436786734,363.72857090723,363.72857090723,360.12436786734,366.1111081154,366.1111081154,366.1111081154,362.63636978918,362.63636978918,362.63636978918,363.72857090723,0.0036952966054113,1.5088506887244e-74,-8.7836728678692e-79,-0.0029096235560437,-0.003792530162286,-0.0022531221255101,-1.4278000226951e-74,-0.0022892423468697,-0.0032900801072899,5.074978961794e-79,-0.0031496685344615,0.002685097105425,500.70414028093,500.70414028093,504.30834332082,504.30834332082,500.70414028093,506.69088052899,506.69088052899,506.69088052899,503.21614220277,503.21614220277,503.21614220277,504.30834332082,0.036994836062405,0.026810146219914,0.017048160782173,0.022250082607811,776.36893871761,-0.0033906259227187,0.0054209436557134,0.00085548962074975,776.29653692434,0.0019099758311269,-0.0037631625410931,0,2.1131801362639e-11,1.0221835460949e-13,0,0,9.4023283390525e-14,9.1326367955769e-14,9.7064407220799e-14,0,9.7777844202484e-14,9.0924424745322e-14,0,1.0187201223064e-13,9.3860001316309e-14,2.4321353430566e-12,0,0,2.3231194737842e-12,2.2802298868397e-12,2.3652868298561e-12,0,2.3712691847067e-12,2.2746748907885e-12,0,2.4276459118668e-12,2.3204532507604e-12
2.3,1440333304.3928,1440333304.3928,1440333304.3928,862555526.61499,862555526.61499,862555526.61499,1,1,1,356263713.43117,1.87286845966e-05,6.7701489914402e-05,1.8296194364745e-05,1.0173855916041,358.61018376239,358.61018376239,362.46801689362,362.46801689362,358.61018376239,364.99917709018,364.99917709018,364.99917709018,361.2629579799,361.2629579799,361.2629579799,362.46801689362,0.0037390653005421,5.9161126342424e-72,-2.7982421932629e-77,-0.0028991978984376,-0.003851053714656,-0.0022173446686197,-1.3155125561687e-72,-0.0022524585128984,-0.0033238234666402,2.1253406519676e-77,-0.0031832533429857,0.0026726894596904,500.52091518763,500.52091518763,504.37874831886,504.37874831886,500.52091518763,506.90990851542,506.90990851542,506.90990851542,503.17368940514,503.17368940514,503.17368940514,504.37874831886,0.038370616151731,0.027425647733822,0.017465031272801,0.022738888628511,775.89590870391,-0.0042943936443733,0.0030503255577784,5.7019170802277e-05,775.81222998513,2.6887345288275e-05,-0.0044181568484642,0,2.2361220058734e-11,1.0205110233929e-13,0,0,9.3275964456973e-14,9.0566092328606e-14,9.6488213165375e-14,0,9.7398030379789e-14,9.0148754086092e-14,0,1.0170936061564e-13,9.319229052777e-14,2.57645739604e-12,0,0,2.4550316077627e-12,2.408309682902e-12,2.5017417695237e-12,0,2.5090108002182e-12,2.402164481448e-12,0,2.5714846690698e-12,2.4522470519334e-12
2.35,1430164470.8142,1430164470.8142,1430164470.8142,852386693.03645,852386693.03645,852386693.03645,1,1,1,362338114.0371,1.9358339864433e-05,6.918166005202e-05,1.8811968350908e-05,1.0178875656224,357.10410477486,357.10410477486,361.22784826614,361.22784826614,357.10410477486,363.91207618244,363.91207618244,363.91207618244,359.89967524764,359.89967524764,359.89967524764,361.22784826614,0.0037827088504487,1.5689086961322e-69,-7.7262105938104e-76,-0.0028866679803402,-0.0039096041156208,-0.0021805476181051,-1.2108175272241e-70,-0.0022144923527868,-0.003356416059677,8.4195645186191e-76,-0.0032169991376351,0.0026598813958841,500.23150864555,500.23150864555,504.35525213683,504.35525213683,500.23150864555,507.03948005313,507.03948005313,507.03948005313,503.02707911833,503.02707911833,503.02707911833,504.35525213683,0.039752766775923,0.02804271003803,0.017884808088239,0.023227445488745,775.20053242139,-0.0047750712021747,0.0020253578030445,-0.00058641595928419,775.10418747772,-0.00036310354314544,-0.0042734359119414,0,2.3813820076184e-11,1.0143762781801e-13,0,0,9.2092956212457e-14,8.9398076533359e-14,9.5476418688655e-14,0,9.6583992530744e-14,8.8958658029957e-14,0,1.0109591638972e-13,9.2085466564639e-14,2.7199118650352e-12,0,0,2.5852707154374e-12,2.5347376551855e-12,2.63676581572e-12,0,2.6456011923633e-12,2.5279710221245e-12,0,2.7144558851287e-12,2.5824755676466e-12
2.4,1420179726.7111,1420179726.7111,1420179726.7111,842401948.93333,842401948.93333,842401948.93333,1,1,1,367762762.29647,2.0013063506691e-05,7.0662703075861e-05,1.9331252104451e-05,1.0183910045233,355.60740183378,355.60740183378,360.00899329014,360.00899329014,355.60740183378,362.85040386312,362.85040386312,362.85040386312,358.54767736698,358.54767736698,358.54767736698,360.00899329014,0.0038255265126299,2.9025812164268e-67,-2.1620980433515e-74,-0.0028698032012989,-0.00396743956539,-0.0021432910625881,-1.0239943560408e-68,-0.0021761883215201,-0.0033886253111257,3.1087182886034e-74,-0.0032537530937429,0.0026462641094492,499.8461572737,499.8461572737,504.24774873006,504.24774873006,499.8461572737,507.08915930303,507.08915930303,507.08915930303,502.7864328069,502.7864328069,502.7864328069,504.24774873006,0.041134681726194,0.028661412323533,0.018307488117846,0.02371575195421,774.29796997745,-0.0039897727117828,0.0060656627668938,-0.001087864950386,774.18816330133,-0.0023890126988619,-0.002369454830286,0,2.5311377379926e-11,1.0041212204331e-13,0,0,9.0548246622409e-14,8.7909367910029e-14,9.4092476209636e-14,0,9.5384542332052e-14,8.7435204560105e-14,0,1.0005761502945e-13,9.0600139760809e-14,2.8619160498555e-12,0,0,2.7133252738599e-12,2.6590602755435e-12,2.769832671693e-12,0,2.78049530577e-12,2.6516230742423e-12,0,2.855958721322e-12,2.7106035140492e-12
2.45,1410385484.6402,1410385484.6402,1410385484.6402,832607706.86244,832607706.86244,832607706.86244,1,1,1,372568082.16428,2.0693726149587e-05,7.2144512238527e-05,1.985471922745e-05,1.0188958353725,354.12149308099,354.12149308099,358.8127054958,358.8127054958,354.12149308099,361.81453538267,361.81453538267,361.81453538267,357.20763219805,357.20763219805,357.20763219805,358.8127054958,0.0038669273562566,3.3275607063808e-65,-7.1813793561544e-73,-0.0028530676069868,-0.004025480424866,-0.0021070572598165,-6.8962694159227e-67,-0.0021376051637732,-0.003420896718935,9.6782020447767e-73,-0.0032878050539364,0.0026323419088974,499.37462597468,499.37462597468,504.06583838949,504.06583838949,499.37462597468,507.06766827636,507.06766827636,507.06766827636,502.46076509174,502.46076509174,502.46076509174,504.06583838949,0.042494837866718,0.029281862100657,0.018733112670623,0.024203806519801,773.20066043919,-0.0061503972726254,0.0029028219120419,-0.00042991833756511,773.07012834544,-0.0003692498209059,-0.0065283214618951,0,2.6848562977722e-11,9.9074536145796e-14,0,0,8.866984323099e-14,8.6097423149684e-14,9.2379003491309e-14,0,9.392682280363e-14,8.5575579657694e-14,0,9.8749072404601e-14,8.8800493917648e-14,3.0020286025587e-12,0,0,2.8387233687307e-12,2.7808204190472e-12,2.9004763113089e-12,0,2.9133278924496e-12,2.7726452196021e-12,0,2.9956109987884e-12,2.836186376893e-12
2.5,1400787464.5703,1400787464.5703,1400787464.5703,823009686.79256,823009686.79256,823009686.79256,1,1,1,376800502.20404,2.1402945719296e-05,7.3627148423703e-05,2.0380450670208e-05,1.0194019298105,352.64780212507,352.64780212507,357.63955617073,357.63955617073,352.64780212507,360.80456736674,360.80456736674,360.80456736674,355.8808740727,355.8808740727,355.8808740727,357.63955617073,0.0039067444687683,2.7098348144386e-63,-2.7621529386286e-71,-0.0028307393385669,-0.0040831533328043,-0.0020710399803583,-4.0424209705946e-65,-0.0020991717950618,-0.0034515913712058,-5.810464100344e-71,-0.0033256462853594,0.0026174063328722,498.82610746165,498.82610746165,503.81786150732,503.81786150732,498.82610746165,506.98287270333,506.98287270333,506.98287270333,502.05917940929,502.05917940929,502.05917940929,503.81786150732,0.043928213351603,0.029904097042291,0.019161599642659,0.024691607658546,771.92542816362,-0.0066648521147717,0.0062122057613062,0.0029605385278826,771.77358254693,-0.0058644985046476,-0.0073216299281771,0,2.8428159224396e-11,9.7416828743256e-14,0,0,8.6555971613179e-14,8.4104004663056e-14,9.0418770895052e-14,0,9.2221205543515e-14,8.3534448428196e-14,0,9.7105014994258e-14,8.6778834157587e-14,3.1397968029708e-12,0,0,2.9611319976904e-12,2.8997614430916e-12,3.0283477634018e-12,0,3.0437483720676e-12,2.8907807694946e-12,0,3.1329382279677e-12,2.9589101810856e-12
2.55,1391391433.1929,1391391433.1929,1391391433.1929,813613655.41515,813613655.41515,813613655.41515,1,1,1,380492917.52019,2.2141207110347e-05,7.5110678310631e-05,2.0907748308908e-05,1.0199091808247,351.18771026985,351.18771026985,356.49093430729,356.49093430729,351.18771026985,359.82066592643,359.82066592643,359.82066592643,354.56807795156,354.56807795156,354.56807795156,356.49093430729,0.0039425175989334,1.5152036225105e-61,-1.3164144091845e-69,-0.0028098576922859,-0.0041371926527272,-0.0020357988239097,-1.9100032977705e-63,-0.0020614798951274,-0.0034822840179159,-4.469505100573e-68,-0.0033614019108205,0.0026043017523506,498.20912660217,498.20912660217,503.51235063962,503.51235063962,498.20912660217,506.84208225876,506.84208225876,506.84208225876,501.58949428389,501.58949428389,501.58949428389,503.51235063962,0.045269832328745,0.030528169036971,0.01959288414884,0.025179153584769,770.48873855073,-0.0080768559012148,0.0035539743881467,-0.00026087211953229,770.31166694277,-0.00092041989831868,-0.0080287853400706,0,3.0050074181349e-11,9.56479367316e-14,0,0,8.4223399872588e-14,8.1909062775424e-14,8.8308609413297e-14,0,9.0345182574015e-14,8.1293344231405e-14,0,9.533764593416e-14,8.4535543248022e-14,3.2750634123096e-12,0,0,3.0802418720594e-12,3.0155983505499e-12,3.1532349965084e-12,0,3.1715157545588e-12,3.0057469194374e-12,0,3.2677660198525e-12,3.0784614928495e-12
2.6,1382202178.8276,1382202178.8276,1382202178.8276,804424401.04984,804424401.04984,804424401.04984,1,1,1,383685201.12264,2.2910268173974e-05,7.6595037029785e-05,2.1435969901191e-05,1.0204174997248,349.7433681537,349.7433681537,355.36684168317,355.36684168317,349.7433681537,358.86276578763,358.86276578763,358.86276578763,353.27037081063,353.27037081063,353.27037081063,355.36684168317,0.003976742698532,5.9694295172949e-60,-6.7724249499587e-68,-0.0027849342343392,-0.004191534529438,-0.0020018029548297,-7.5106854773679e-62,-0.0020246162160644,-0.003511656264906,-1.2701882107118e-65,-0.0033984381646616,0.0025903480221518,497.53246947504,497.53246947504,503.1559430045,503.1559430045,497.53246947504,506.65186710897,506.65186710897,506.65186710897,501.05947213196,501.05947213196,501.05947213196,503.1559430045,0.046510041626079,0.031154119940208,0.020026881052334,0.025666442306086,768.90379640189,-0.0097136832459099,0.0025935199390418,-0.00039361359081898,768.69714528738,-0.0012980782751408,-0.0092536174085526,0,3.1717211009653e-11,9.3702346439529e-14,0,0,8.1768914282655e-14,7.9627829806483e-14,8.6080271514408e-14,0,8.837290515634e-14,7.8959361700732e-14,0,9.3398685856072e-14,8.2186106169932e-14,3.4075785414706e-12,0,0,3.1958805796185e-12,3.1282091074045e-12,3.2749708839368e-12,0,3.2964939155772e-12,3.1174123196309e-12,0,3.399851708098e-12,3.1946901988337e-12
2.65,1373223579.3943,1373223579.3943,1373223579.3943,795445801.61647,795445801.61647,795445801.61647,1,1,1,386427041.26774,2.3711004169949e-05,7.8080225305616e-05,2.1963547537137e-05,1.0209267877713,348.31592832818,348.31592832818,354.26831833159,354.26831833159,348.31592832818,357.93068928562,357.93068928562,357.93068928562,351.98857958191,351.98857958191,351.98857958191,354.26831833159,0.0040089757040014,1.7840919332538e-58,-3.4780576471407e-66,-0.002757458032687,-0.0042431839865094,-0.0019691705016231,-2.4927941739254e-60,-0.0019892390723563,-0.0035395753967759,-2.1414526354372e-63,-0.0034361050673657,0.002576984139045,496.80347265198,496.80347265198,502.75586265539,502.75586265539,496.80347265198,506.41823360942,506.41823360942,506.41823360942,500.47612390571,500.47612390571,500.47612390571,502.75586265539,0.04774016722715,0.031781970362309,0.020463490003793,0.026153471680192,767.18529801107,-0.011555893538989,0.0043601358907584,6.6093534235232e-05,766.94425054398,-0.0023825013947839,-0.01095836303575,0,3.3433247039989e-11,9.1674980599788e-14,0,0,7.9254079171576e-14,7.7305747180937e-14,8.3824414780497e-14,0,8.6341489851428e-14,7.6570564327308e-14,0,9.1361740284544e-14,7.9755635289051e-14,3.5372265423651e-12,0,0,3.3079627732563e-12,3.2375359435172e-12,3.3935165081774e-12,0,3.4185992215206e-12,3.2256994501811e-12,0,3.5290567202904e-12,3.3074816999351e-12
2.7,1364459004.0569,1364459004.0569,1364459004.0569,786681226.27909,786681226.27909,786681226.27909,1,1,1,388768093.46241,2.4543961097906e-05,7.956619529656e-05,2.2490125339519e-05,1.0214369360582,346.90690744106,346.90690744106,353.19595945135,353.19595945135,346.90690744106,357.02413295962,357.02413295962,357.02413295962,350.72358060359,350.72358060359,350.72358060359,353.19595945135,0.004037242032872,4.1264148360463e-57,-1.5882448752936e-64,-0.0027288627005891,-0.0042924439360269,-0.0019383872513748,-7.0796852121976e-59,-0.0019551778222846,-0.0035669308504479,-2.1346928418311e-61,-0.0034731271167359,0.002563990503751,496.02934458521,496.02934458521,502.3183965955,502.3183965955,496.02934458521,506.14657010377,506.14657010377,506.14657010377,499.84601774774,499.84601774774,499.84601774774,502.3183965955,0.048986264378179,0.032411719009978,0.020902578603092,0.026640239421211,765.34909897081,-0.012741997110912,0.0029366798004744,-0.00024852167727882,765.06926536193,-0.0028596162882405,-0.012251014863448,0,3.5200321135466e-11,8.9646006916323e-14,0,0,7.6704748832684e-14,7.4967485511905e-14,8.1587617458862e-14,0,8.4325054425482e-14,7.416252627935e-14,0,8.9317223919495e-14,7.7302043115441e-14,3.6640051411587e-12,0,0,3.4164396693539e-12,3.3435559782651e-12,3.5088988233094e-12,0,3.537852857137e-12,3.3305811006652e-12,0,3.6553703497109e-12,3.4168032977081e-12
2.75,1355911016.0927,1355911016.0927,1355911016.0927,778133238.31492,778133238.31492,778133238.31492,1,1,1,390749480.61879,2.5409653406772e-05,8.1052959027207e-05,2.3014149015126e-05,1.0219478486988,345.5179293288,345.5179293288,352.15013863787,352.15013863787,345.5179293288,356.14270246925,356.14270246925,356.14270246925,349.47616233392,349.47616233392,349.47616233392,352.15013863787,0.0040639002485169,7.7644496857839e-56,-5.8523909918704e-63,-0.0026982662674919,-0.0043383073378666,-0.0019090632673269,-1.7184060020325e-57,-0.0019230225319117,-0.0035927305830664,-1.3569821234766e-59,-0.0035098604733863,0.0025519379791984,495.21699077152,495.21699077152,501.84920008058,501.84920008058,495.21699077152,505.84176391197,505.84176391197,505.84176391197,499.17522377664,499.17522377664,499.17522377664,501.84920008058,0.050096373271832,0.033043354863586,0.021344004008153,0.027126742997532,763.40959375281,-0.012342545547794,0.0045413754796547,-0.00032334550167521,763.08609113997,-0.0021454411710488,-0.013892475360761,0,3.7022069342273e-11,8.7652931809452e-14,0,0,7.4203318565752e-14,7.267960277947e-14,7.9445045514376e-14,0,8.234940012313e-14,7.1777179332286e-14,0,8.7290990508087e-14,7.4844837768968e-14,3.7879651061054e-12,0,0,3.5213790088427e-12,3.4463404582237e-12,3.6212510841392e-12,0,3.6543124956444e-12,3.4320893611458e-12,0,3.7788184523604e-12,3.5226498823546e-12
2.8,1347581294.9286,1347581294.9286,1347581294.9286,769803517.15087,769803517.15087,769803517.15087,1,1,1,392419062.57755,2.6307133449605e-05,8.2540438138007e-05,2.3536136083604e-05,1.0224594169057,344.15031549862,344.15031549862,351.13118506964,351.13118506964,344.15031549862,355.28594081127,355.28594081127,355.28594081127,348.24714533225,348.24714533225,348.24714533225,351.13118506964,0.0040861464640855,1.2613801190856e-54,-1.0328988180041e-62,-0.0026673103975653,-0.0043831362032123,-0.0018814462794339,-3.6340942908061e-56,-0.0018924026234212,-0.003617068557684,-5.7871040290699e-58,-0.003545481674041,0.0025398211223203,494.37262983124,494.37262983124,501.35349940227,501.35349940227,494.37262983124,505.5082551439,505.5082551439,505.5082551439,498.46945966488,498.46945966488,498.46945966488,501.35349940227,0.051263177683075,0.033676843853503,0.021787621739757,0.027612980112972,761.38326784025,-0.015134040049411,0.00192421558845,0.00038681025190638,761.00918110162,-0.0025453658819896,-0.014271972995488,0,3.8898704578374e-11,8.5774106570877e-14,0,0,7.1735641937212e-14,7.0436689460983e-14,7.7439286848741e-14,0,8.0481093966441e-14,6.9471259886891e-14,0,8.5339739625034e-14,7.2473971946864e-14,3.9092680109184e-12,0,0,3.6228285265758e-12,3.5459529797481e-12,3.7307667738612e-12,0,3.7681299502464e-12,3.530336559073e-12,0,3.8995070695475e-12,3.6251435564009e-12
2.85,1339470548.1824,1339470548.1824,1339470548.1824,761692770.40464,761692770.40464,761692770.40464,1,1,1,393813395.11544,2.7236564512108e-05,8.4028641549e-05,2.4054323573293e-05,1.0229715558552,342.80530021803,342.80530021803,350.13927978199,350.13927978199,342.80530021803,354.45334710188,354.45334710188,354.45334710188,347.03724323889,347.03724323889,347.03724323889,350.13927978199,0.0041055730032912,1.7269551470464e-53,6.8369836056923e-59,-0.002635323269379,-0.0044225113401496,-0.0018559311117973,-7.2574977791038e-55,-0.0018637216992482,-0.0036410075025389,-1.7864956099383e-56,-0.003581493992038,0.0025288924087925,493.50206961279,493.50206961279,500.83604917676,500.83604917676,493.50206961279,505.15011649664,505.15011649664,505.15011649664,497.73401263365,497.73401263365,497.73401263365,500.83604917676,0.052250580901191,0.034312143664501,0.02223327578237,0.028098947933654,759.2827040843,-0.016532082740896,0.0011699820440043,-0.00042098623053757,758.85150283165,-0.00095001101301156,-0.016228769973208,0,4.0832860668801e-11,8.4033281177756e-14,0,0,6.9383041371627e-14,6.8308900428966e-14,7.5618248533086e-14,0,7.8727769334932e-14,6.7247245794533e-14,0,8.3500769593462e-14,7.0159631065902e-14,4.0281090168507e-12,0,0,3.7209509646823e-12,3.6425563531656e-12,3.8377071264996e-12,0,3.8794678293752e-12,3.6254385261079e-12,0,4.0175949903752e-12,3.7243642581854e-12
2.9,1331578607.7169,1331578607.7169,1331578607.7169,753800829.93907,753800829.93907,753800829.93907,1,1,1,394972549.47756,2.8196788895431e-05,8.5517496762799e-05,2.4568364130799e-05,1.0234841568255,341.48428693255,341.48428693255,349.17444849314,349.17444849314,341.48428693255,353.64430343688,353.64430343688,353.64430343688,345.84685006846,345.84685006846,345.84685006846,349.17444849314,0.0041213126306465,1.9827880268373e-52,1.7954264122971e-56,-0.0026015144683868,-0.0044588888793045,-0.0018319535228026,-2.376368261996e-53,-0.0018368292093867,-0.00366361195068,-8.6537511306503e-55,-0.003619287798949,0.0025174486566799,492.61093078427,492.61093078427,500.30109234486,500.30109234486,492.61093078427,504.7709472886,504.7709472886,504.7709472886,496.97349392018,496.97349392018,496.97349392018,500.30109234486,0.053247622421985,0.034949189219615,0.022680835820935,0.028584643801321,757.12422341583,-0.019993383471847,0.0029578600729246,-0.0003863766084314,756.62815628081,-0.0027633951140955,-0.01787418284309,0,4.2824497400068e-11,8.246369087145e-14,0,0,6.7156778352359e-14,6.6313070591274e-14,7.4020408502473e-14,0,7.7117674642723e-14,6.5165610830016e-14,0,8.1771269634099e-14,6.7969257962721e-14,4.1447302868844e-12,0,0,3.8159249914335e-12,3.7363371969584e-12,3.9423877920961e-12,0,3.9885286907536e-12,3.717596616744e-12,0,4.1332370289042e-12,3.8204873046207e-12
2.95,1323904473.9888,1323904473.9888,1323904473.9888,746126696.21097,746126696.21097,746126696.21097,1,1,1,395930461.92035,2.9186268935639e-05,8.7006956200997e-05,2.5077292463697e-05,1.0239971216555,340.18829105156,340.18829105156,348.23689770627,348.23689770627,340.18829105156,352.85822727794,352.85822727794,352.85822727794,344.67619790862,344.67619790862,344.67619790862,348.23689770627,0.0041340750247367,1.9279623813962e-51,2.9079829649753e-54,-0.0025692741517987,-0.0044902926501076,-0.0018106570225569,-1.9855052045845e-51,-0.0018115104739212,-0.0036853631853237,-1.1156111848382e-52,-0.0036534473092268,0.0025078242259066,491.70418205422,491.70418205422,499.75278870893,499.75278870893,491.70418205422,504.3741182806,504.3741182806,504.3741182806,496.19208891128,496.19208891128,496.19208891128,499.75278870893,0.054174230288703,0.035587900369602,0.02313011685314,0.029070065282549,754.92212056193,-0.021285604595771,0.00078638971807699,-0.00047473091452033,754.35405193263,-0.00046980778223469,-0.021280836138238,0,4.4873000872545e-11,8.1124746282872e-14,0,0,6.5087386635403e-14,6.4454205471243e-14,7.2671927974911e-14,0,7.5713665415745e-14,6.3204470355332e-14,0,8.0258941933735e-14,6.5899839211535e-14,4.2594580033217e-12,0,0,3.9079724563527e-12,3.8274892084878e-12,4.0451614182421e-12,0,4.0956039832416e-12,3.8069812359231e-12,0,4.2467403130886e-12,3.9136837509919e-12
3,1316446258.9052,1316446258.9052,1316446258.9052,738668481.12738,738668481.12738,738668481.12738,1,1,1,396717615.33315,3.020333432332e-05,8.8496957572842e-05,2.5580969188187e-05,1.0245103560363,338.918363396,338.918363396,347.32611694648,347.32611694648,338.918363396,352.09438756698,352.09438756698,352.09438756698,343.52591445436,343.52591445436,343.52591445436,347.32611694648,0.0041432274573719,1.5537198710612e-50,3.3024052495779e-52,-0.0025359827970435,-0.0045183183776511,-0.0017907473857735,-1.7971519625024e-49,-0.0017877800418537,-0.0037060962340954,-1.3520778179866e-50,-0.0036901753344174,0.0024971188860689,490.78651205181,490.78651205181,499.19426560229,499.19426560229,490.78651205181,503.96253622279,503.96253622279,503.96253622279,495.39406311017,495.39406311017,495.39406311017,499.19426560229,0.055026030389438,0.036228191068421,0.023580924300913,0.029555209749185,752.69038574821,-0.02410676843809,0.0018562098671228,0.00017641912799511,752.04224998532,-0.0017337167071695,-0.024186459265362,0,4.6977056454659e-11,8.0009231169001e-14,0,0,6.3186261329962e-14,6.2767095452324e-14,7.1602771374445e-14,0,7.449294174111e-14,6.1426802049103e-14,0,7.8897441146797e-14,6.3987873053329e-14,4.372608143156e-12,0,0,3.9973313240811e-12,3.9162552861472e-12,4.1464230286233e-12,0,4.2009529117529e-12,3.8938518524742e-12,0,4.3583181443949e-12,4.0041762688913e-12
3.05,1309201858.4549,1309201858.4549,1309201858.4549,731424080.67707,731424080.67707,731424080.67707,1,1,1,397361076.09251,3.1246324013684e-05,8.9987451537265e-05,2.6079098666659e-05,1.0250237688023,337.67521981074,337.67521981074,346.44231164885,346.44231164885,337.67521981074,351.35218623064,351.35218623064,351.35218623064,342.39610393273,342.39610393273,342.39610393273,346.44231164885,0.0041494082018543,1.0446237940584e-49,2.8314377636741e-50,-0.0025030980341331,-0.0045422943487637,-0.0017725421518598,-1.2160718413912e-47,-0.0017654007746615,-0.0037251698568306,-1.142594283565e-48,-0.003726966211386,0.0024870970730844,489.86202886422,489.86202886422,498.62912070233,498.62912070233,489.86202886422,503.53899528412,503.53899528412,503.53899528412,494.58291298621,494.58291298621,494.58291298621,498.62912070233,0.055802341001493,0.03686995916698,0.024033067766846,0.030040074782568,750.44230036557,-0.027177484160574,0.0038895802282501,0.00077774589920351,749.70597820158,-0.0031176364699336,-0.027503096123443,0,4.9131865426701e-11,7.9159236448228e-14,0,0,6.1462703516663e-14,6.1252652284159e-14,7.0828690848377e-14,0,7.3482330139471e-14,5.9831934944881e-14,0,7.7744709133133e-14,6.2230711196241e-14,4.4845562089282e-12,0,0,4.0842527129745e-12,4.0028796177388e-12,4.2465899238262e-12,0,4.3048726196309e-12,3.9784669863362e-12,0,4.4682657664537e-12,4.0921837846611e-12
3.1,1302168198.9839,1302168198.9839,1302168198.9839,724390421.20615,724390421.20615,724390421.20615,1,1,1,397884636.62735,3.2312859068789e-05,9.1478387009177e-05,2.6571532536337e-05,1.0255372768023,336.4595566776,336.4595566776,345.58521882323,345.58521882323,336.4595566776,350.63097151585,350.63097151585,350.63097151585,341.28689264912,341.28689264912,341.28689264912,345.58521882323,0.0041500784236066,5.643703975517e-49,1.9609265542731e-48,-0.002473407838275,-0.0045629229473332,-0.0017562456226003,-5.9865153538419e-46,-0.0017445046819164,-0.0037442905116539,-6.9010290281095e-47,-0.003762861908256,0.0024760745137625,488.93455488685,488.93455488685,498.06021703248,498.06021703248,488.93455488685,503.10596972511,503.10596972511,503.10596972511,493.76189085837,493.76189085837,493.76189085837,498.06021703248,0.056801644459003,0.037513105027258,0.024486372381339,0.030524657790107,748.18980413491,-0.031155750221197,0.00059630972448854,0.00026166727600892,747.35746043726,-0.0028643156248252,-0.029767547747644,0,5.1333253563971e-11,7.8594852111302e-14,0,0,5.9898757888263e-14,5.9891384445762e-14,7.0353457822536e-14,0,7.2716650266675e-14,5.8431179384219e-14,0,7.6828408143796e-14,6.0652330056043e-14,4.5957061147167e-12,0,0,4.1689623487494e-12,4.0875788258913e-12,4.3460847380387e-12,0,4.4077094926484e-12,4.0611011526869e-12,0,4.5769175432262e-12,4.1779591324159e-12
3.15,1295341090.8212,1295341090.8212,1295341090.8212,717563313.04342,717563313.04342,717563313.04342,1,1,1,398308407.67975,3.3400506359142e-05,9.2969702904796e-05,2.7057928382968e-05,1.0260507845594,335.27186891852,335.27186891852,344.75416847994,344.75416847994,335.27186891852,349.93001240462,349.93001240462,349.93001240462,340.19843476379,340.19843476379,340.19843476379,344.75416847994,0.0041502077223281,5.3361092259424e-49,1.0968317494882e-46,-0.0024427766599899,-0.0045785306293369,-0.0017410596875706,-2.1739767918569e-44,-0.0017246228474049,-0.0037616899130505,-2.9450420945909e-45,-0.0038005439368324,0.0024646957878647,488.00747419666,488.00747419666,497.48977375808,497.48977375808,488.00747419666,502.66561768276,502.66561768276,502.66561768276,492.93404004193,492.93404004193,492.93404004193,497.48977375808,0.057848753467407,0.038157509411214,0.024940666459373,0.031008957102429,745.9466006757,-0.034340552019253,0.0033288645900378,0.00067934136096734,745.00984680194,-0.0034084823451433,-0.033909481560643,0,5.357628429738e-11,7.8287429940032e-14,0,0,5.8548409095291e-14,5.8737520417727e-14,7.0203942428892e-14,0,7.2157902076596e-14,5.7236056211568e-14,0,7.6104541953886e-14,5.9225460171114e-14,4.7064212599012e-12,0,0,4.2517623029473e-12,4.1706462238862e-12,4.4453681055537e-12,0,4.5097561763975e-12,4.142045159638e-12,0,4.6845456186156e-12,4.2617165814277e-12
3.2,1288715194.7319,1288715194.7319,1288715194.7319,710937416.95414,710937416.95414,710937416.95414,1,1,1,398650326.47564,3.4507650941522e-05,9.4461361107549e-05,2.7538126699102e-05,1.0265642427914,334.11251206424,334.11251206424,343.94831437119,343.94831437119,334.11251206424,349.24864099111,349.24864099111,349.24864099111,339.13053850856,339.13053850856,339.13053850856,343.94831437119,0.0041464380829297,-1.0773159881089e-46,4.8783978712687e-45,-0.0024149540504214,-0.004590942147929,-0.0017274382580573,-5.8493007244721e-43,-0.0017061808547734,-0.0037786487112982,-9.3448616759379e-44,-0.0038366987488527,0.0024540681403577,487.08387067895,487.08387067895,496.9196729859,496.9196729859,487.08387067895,502.21999960582,502.21999960582,502.21999960582,492.10189712327,492.10189712327,492.10189712327,496.9196729859,0.058631174760664,0.038803072217331,0.025395805521689,0.031492970471773,743.71972537099,-0.038320216248601,0.0029750948577376,0.00070263870864127,742.67030741754,-0.0020399397321632,-0.038081405134938,0,5.5853423861092e-11,7.8278105589483e-14,0,0,5.7371236398236e-14,5.7749573285155e-14,7.0370480169557e-14,0,7.1845229153305e-14,5.6258211617682e-14,0,7.5627826599019e-14,5.797202860972e-14,4.8171232184627e-12,0,0,4.3328974835518e-12,4.2523164536473e-12,4.5448869930002e-12,0,4.6113606738579e-12,4.2216062855026e-12,0,4.7914995166847e-12,4.3437014105259e-12
3.25,1282286466.1981,1282286466.1981,1282286466.1981,704508688.42029,704508688.42029,704508688.42029,1,1,1,398925050.85127,3.5631147374076e-05,9.5953273674359e-05,2.8012920571569e-05,1.0270775565485,332.98153884108,332.98153884108,343.16752677065,343.16752677065,332.98153884108,348.58631797231,348.58631797231,348.58631797231,338.08319413783,338.08319413783,338.08319413783,343.16752677065,0.0041393178948418,-4.1840096219464e-45,1.6775612366911e-43,-0.00238820665405,-0.0046005921438104,-0.0017148603288125,-1.2161395055085e-41,-0.0016881939706216,-0.0037943815723608,-2.2635575633487e-42,-0.0038746609808719,0.0024417364955299,486.16623178666,486.16623178666,496.35221971623,496.35221971623,486.16623178666,501.77101091789,501.77101091789,501.77101091789,491.2678870834,491.2678870834,491.2678870834,496.35221971623,0.059232293857439,0.039449669102916,0.025851624970257,0.031976696236625,741.52197652325,-0.042373629675651,0.003445277079019,0.00085938297233507,740.35270342249,-0.0034575245365453,-0.041717169749602,0,5.8157412242017e-11,7.8524044858189e-14,0,0,5.6374535022017e-14,5.6951450895734e-14,7.085034924222e-14,0,7.1762198051309e-14,5.5520421566911e-14,0,7.5342819924413e-14,5.6893120869924e-14,4.9281729876736e-12,0,0,4.4126231155524e-12,4.3328579679009e-12,4.6450845177974e-12,0,4.7128477476078e-12,4.3001240186712e-12,0,4.8980503544493e-12,4.4241604336658e-12
3.3,1276045320.9908,1276045320.9908,1276045320.9908,698267543.21301,698267543.21301,698267543.21301,1,1,1,399144964.06215,3.6769891816694e-05,9.7445429338588e-05,2.8481196824309e-05,1.0275907016935,331.87845011447,331.87845011447,342.41022826693,342.41022826693,331.87845011447,347.94209285421,347.94209285421,347.94209285421,337.05545966016,337.05545966016,337.05545966016,342.41022826693,0.0041296762238566,-1.0949526812752e-43,4.5091999024057e-42,-0.0023638361543276,-0.0046063294838155,-0.0017034205373724,-1.9983769604329e-40,-0.001671611698599,-0.0038103242135319,-4.2863783528358e-41,-0.0039108914465338,0.0024311609418746,485.25645812315,485.25645812315,495.78823627561,495.78823627561,485.25645812315,501.32010086289,501.32010086289,501.32010086289,490.43346766884,490.43346766884,490.43346766884,495.78823627561,0.059656815882943,0.040097204723695,0.026307995738394,0.032460132742048,739.35684036426,-0.046672098801186,0.0021537168402814,-0.00039900798368324,738.05991148557,-0.00098266621725382,-0.046267530198371,0,6.0479532120487e-11,7.9058658723518e-14,0,0,5.5548843108457e-14,5.6322597041926e-14,7.1647096414154e-14,0,7.1910033238812e-14,5.5019990623017e-14,0,7.5307033902553e-14,5.5967802694699e-14,5.0399788150634e-12,0,0,4.4911810428506e-12,4.4125101485057e-12,4.7464088132509e-12,0,4.8145438918848e-12,4.3779340356119e-12,0,5.0045505831363e-12,4.5033108592929e-12
3.35,1269987293.5293,1269987293.5293,1269987293.5293,692209515.75147,692209515.75147,692209515.75147,1,1,1,399320555.6529,3.7920643345626e-05,9.8937674614352e-05,2.8945991448767e-05,1.0281035774697,330.80351914219,330.80351914219,341.6754619342,341.6754619342,330.80351914219,347.31543511032,347.31543511032,347.31543511032,336.0475758091,336.0475758091,336.0475758091,341.6754619342,0.0041158246493622,-2.1682130737963e-42,9.4938679045507e-41,-0.0023415764481306,-0.0046119164934374,-0.0016930041772333,-2.709521983064e-39,-0.0016546532913882,-0.0038239373976615,-6.4135201191509e-40,-0.0039486353928158,0.0024180549622514,484.35679258153,484.35679258153,495.22873537355,495.22873537355,484.35679258153,500.86870854967,500.86870854967,500.86870854967,489.60084924845,489.60084924845,489.60084924845,495.22873537355,0.059904245975492,0.040745546207969,0.026764775323124,0.032943278949182,737.23703604925,-0.049938085449583,-0.0020884123004334,5.9197607884596e-05,735.80750435421,-0.0067706390473095,-0.048878737985877,0,6.2809867933684e-11,7.9815237267288e-14,0,0,5.4892968857167e-14,5.5887353031178e-14,7.2741686311292e-14,0,7.2309053457552e-14,5.4788520775711e-14,0,7.5433339724701e-14,5.5239604295129e-14,5.1528546060908e-12,0,0,4.5688114238873e-12,4.4915468011275e-12,4.8492810925823e-12,0,4.9168043359668e-12,4.4554167047553e-12,0,5.1112294352301e-12,4.5814314568672e-12
3.4,1264105273.3263,1264105273.3263,1264105273.3263,686327495.54856,686327495.54856,686327495.54856,1,1,1,399460226.80975,3.9082766336001e-05,0.00010043009298741,2.9428087397087e-05,1.0286162326095,329.75597504676,329.75597504676,340.9624265314,340.9624265314,329.75597504676,346.70581291077,346.70581291077,346.70581291077,335.05908439075,335.05908439075,335.05908439075,340.9624265314,0.0041049952093469,-3.3779089714277e-41,1.5944088141633e-39,-0.0023200389742802,-0.0046119554084461,-0.0016824071387109,-3.0235004661635e-38,-0.0016402007418556,-0.0038385887713344,-7.8651306593061e-39,-0.0039863207577493,0.0024057273367177,483.46837680535,483.46837680535,494.67482828998,494.67482828998,483.46837680535,500.41821466936,500.41821466936,500.41821466936,488.77148614934,488.77148614934,488.77148614934,494.67482828998,0.059927989174862,0.041394641541916,0.027221906762689,0.033426133592316,735.15721493392,-0.056564938257982,0.0024277195760912,-5.4828316565592e-05,733.58467590113,-0.0026782945851027,-0.055981760317978,0,6.5145545903449e-11,8.0828760445023e-14,0,0,5.4427189309849e-14,5.563624559552e-14,7.420299753562e-14,0,7.2851291846406e-14,5.4787769602948e-14,0,7.5737705505485e-14,5.4598514551079e-14,5.267163735342e-12,0,0,4.6457830931711e-12,4.5702283342082e-12,4.9542199780659e-12,0,5.0198316209324e-12,4.5328983115799e-12,0,5.218338725539e-12,4.6586454166308e-12
3.45,1258393221.1157,1258393221.1157,1258393221.1157,680615443.33794,680615443.33794,680615443.33794,1,1,1,399571481.77637,4.02531639985e-05,0.00010192250753792,3.0127203571717e-05,1.0291285503866,328.73549242619,328.73549242619,340.27077199581,340.27077199581,328.73549242619,346.11233677873,346.11233677873,346.11233677873,334.08940572598,334.08940572598,334.08940572598,340.27077199581,0.0040889478368185,-4.2801956619049e-40,2.2102042096136e-38,-0.0022995157269843,-0.0046121486807915,-0.0016729232575255,-2.8662795827608e-37,-0.0016252329933242,-0.0038510260606085,-8.2032389101674e-38,-0.0040253562532628,0.0023920024860092,482.59251129018,482.59251129018,494.12779085979,494.12779085979,482.59251129018,499.96935564272,499.96935564272,499.96935564272,487.94642458997,487.94642458997,487.94642458997,494.12779085979,0.059946438210318,0.042044354578906,0.027679259221413,0.033908695754176,733.13111665792,-0.061693906885569,0.0039482991978095,8.2656853787833e-05,731.41215464657,-0.0071297248298143,-0.060353118615899,0,6.7477729213319e-11,8.2050540561765e-14,0,0,5.4110656134132e-14,5.5574726924814e-14,7.5952423200091e-14,0,7.3624455034599e-14,5.5073992710651e-14,0,7.6180817757964e-14,5.4137729414891e-14,5.3832007226045e-12,0,0,4.7223071169449e-12,4.6488228667505e-12,5.0616329250505e-12,0,5.1239523237647e-12,4.6107846990054e-12,0,5.326074671205e-12,4.7352077278054e-12
3.5,1252851333.6261,1252851333.6261,1252851333.6261,675073555.84827,675073555.84827,675073555.84827,1,1,1,399659744.19243,4.1430500228166e-05,0.00010341497472695,3.0830837937184e-05,1.0296405161608,327.74341899424,327.74341899424,339.59968337311,339.59968337311,327.74341899424,345.53592032579,345.53592032579,345.53592032579,333.13873143781,333.13873143781,333.13873143781,339.59968337311,0.0040728219556861,-4.4318384685328e-39,2.5157029318091e-37,-0.0022830393071831,-0.0046091373198983,-0.0016636610977765,-2.3900026811488e-36,-0.0016117082949702,-0.0038641808258403,-7.8016867289959e-37,-0.0040591190411998,0.0023796246388907,481.73199104544,481.73199104544,493.58825542431,493.58825542431,481.73199104544,499.52449237699,499.52449237699,499.52449237699,487.12730348901,487.12730348901,487.12730348901,493.58825542431,0.059746798282083,0.042694604395526,0.028136751982067,0.034390965368508,731.16118209185,-0.067587398635471,0.0023452890881117,1.116316060068e-05,729.28915292624,-0.0031587495110842,-0.066766215152713,0,6.9796142239107e-11,8.3529241655253e-14,0,0,5.3951817393915e-14,5.567711472318e-14,7.8027361700574e-14,0,7.4612300700262e-14,5.5636645991298e-14,0,7.6856143178928e-14,5.3803623558828e-14,5.5013289090081e-12,0,0,4.7986065088181e-12,4.7275621975058e-12,5.1719802782037e-12,0,5.2294700513349e-12,4.6894667983312e-12,0,5.4347656712403e-12,4.8112975419471e-12
3.55,1247470595.1071,1247470595.1071,1247470595.1071,669692817.32936,669692817.32936,669692817.32936,1,1,1,399729699.14427,4.2613308155552e-05,0.00010490738025863,3.153736216826e-05,1.0301521079893,326.77741867647,326.77741867647,338.94820734037,338.94820734037,326.77741867647,344.97550690418,344.97550690418,344.97550690418,332.20741188106,332.20741188106,332.20741188106,338.94820734037,0.0040559533223843,-3.8268587181653e-38,2.4550738924927e-36,-0.002267093782143,-0.0046058703558084,-0.0016544854905229,-1.7665291325826e-35,-0.0015984946164624,-0.0038766122927933,-7.2481691835541e-36,-0.0040932429463256,0.0023665636074401,480.88592299754,480.88592299754,493.05671166143,493.05671166143,480.88592299754,499.08401122525,499.08401122525,499.08401122525,486.31591620213,486.31591620213,486.31591620213,493.05671166143,0.059357429952804,0.043345305785385,0.028594317126634,0.034872941732994,729.24924795829,-0.072912788185562,0.0011526549224502,0.00026740694839675,727.2200999578,-0.00024056379932108,-0.072511210597448,0,7.3269568308517e-11,8.5207539202868e-14,0,0,5.3949515458755e-14,5.5976934701602e-14,8.0424191379712e-14,0,7.5785325234905e-14,5.6502817536627e-14,0,7.7658837017529e-14,5.360149750338e-14,5.6218305665652e-12,0,0,4.8749026452633e-12,4.8067255377409e-12,5.2857172603958e-12,0,5.3366466861109e-12,4.7693738492038e-12,0,5.5445918517886e-12,4.8871015066799e-12
3.6,1242247760.446,1242247760.446,1242247760.446,664469982.66817,664469982.66817,664469982.66817,1,1,1,399785113.09201,4.3799321258851e-05,0.00010639965780381,3.2244891048943e-05,1.0306632647642,325.8378714957,325.8378714957,338.31574972468,338.31574972468,325.8378714957,344.43106357846,344.43106357846,344.43106357846,331.29513118277,331.29513118277,331.29513118277,338.31574972468,0.0040363349405209,-2.7824104209516e-37,2.0841829882544e-35,-0.0022514835251972,-0.0046012206250632,-0.0016455669846498,-1.1793399981529e-34,-0.0015852448670138,-0.003887979105964,-6.8911245566448e-35,-0.0041302006919001,0.0023523397519119,480.05584560274,480.05584560274,492.53372383172,492.53372383172,480.05584560274,498.6490376855,498.6490376855,498.6490376855,485.51310528982,485.51310528982,485.51310528982,492.53372383172,0.058956463944064,0.043996360552708,0.029051875624828,0.035354624919061,727.40265739872,-0.078926385081734,0.0033722455576955,-0.00028956707369109,725.21258940774,-0.0051543927572276,-0.078144103415685,0,8.1623707127451e-11,8.7064316297124e-14,0,0,5.4095810890116e-14,5.6502723963136e-14,8.3136132348156e-14,0,7.7111576214705e-14,5.7693292740968e-14,0,7.8530890649518e-14,5.3537740825358e-14,5.7449581034713e-12,0,0,4.9514056746917e-12,4.8866324562805e-12,5.4032895062858e-12,0,5.4456989230097e-12,4.850964486256e-12,0,5.6556513024104e-12,4.9628153058539e-12
3.65,1237176264.9611,1237176264.9611,1237176264.9611,659398487.18333,659398487.18333,659398487.18333,1,1,1,399828956.95571,4.4987772906425e-05,0.00010789184500783,3.2954312841614e-05,1.0311740277512,324.92372831272,324.92372831272,337.70190269565,337.70190269565,324.92372831272,343.90184403218,343.90184403218,343.90184403218,330.40147562221,330.40147562221,330.40147562221,337.70190269565,0.0040191681759328,-1.6941861029259e-36,1.5609880915868e-34,-0.002239119619938,-0.0045980426551555,-0.0016363834831843,-7.2083570047022e-34,-0.0015734454399251,-0.0038984328823684,-6.7250466027954e-34,-0.0041609770260413,0.0023388068083226,479.24185307586,479.24185307586,492.02002745879,492.02002745879,479.24185307586,498.21996879533,498.21996879533,498.21996879533,484.71960038535,484.71960038535,484.71960038535,492.02002745879,0.058535857187827,0.044647729486695,0.029509416177249,0.035836015509303,725.61532836049,-0.084932801382707,0.001997650765172,-0.0002251276890964,723.26066951566,-0.0021386379855749,-0.084185283144642,0,9.1244351638121e-11,8.9132367991403e-14,0,0,5.4375565821738e-14,5.7198334556381e-14,8.6173480563381e-14,0,7.8627814547371e-14,5.9188608741976e-14,0,7.9559039828541e-14,5.3573889742373e-14,5.8710103071312e-12,0,0,5.0283043373385e-12,4.9675231167553e-12,5.5251572112154e-12,0,5.5568954447224e-12,4.9346698194769e-12,0,5.7681647755453e-12,5.0385802273167e-12
3.7,1232247951.9884,1232247951.9884,1232247951.9884,654470174.21058,654470174.21058,654470174.21058,1,1,1,399863683.29804,4.6177137059929e-05,0.00010938383190356,3.3663620438919e-05,1.0316843748537,324.03367525089,324.03367525089,337.1054578162,337.1054578162,324.03367525089,343.38634854478,343.38634854478,343.38634854478,329.52663471765,329.52663471765,329.52663471765,337.1054578162,0.0040007118470919,-8.4579907066754e-36,1.08454061555e-33,-0.0022267303137979,-0.0045940050675345,-0.0016275421178602,-4.1157487184784e-33,-0.0015613525211715,-0.0039078105707793,-6.3277621263378e-33,-0.0041948442470232,0.0023242874426459,478.44356580762,478.44356580762,491.51534837293,491.51534837293,478.44356580762,497.7962391015,497.7962391015,497.7962391015,483.93652527438,483.93652527438,483.93652527438,491.51534837293,0.058284035867445,0.045299343344978,0.029966879235347,0.036317113257481,723.88938948418,-0.09160969739664,0.0042637261275644,0.00014388595884351,721.36688801161,-0.005847728385407,-0.09096720383647,0,1.022436285411e-10,9.134702957327e-14,0,0,5.4795390977903e-14,5.8139902427804e-14,8.9531495166071e-14,0,8.0270378689287e-14,6.101711549476e-14,0,8.0611327714837e-14,5.3720401190279e-14,6.0001945152362e-12,0,0,5.105796722415e-12,5.0497453552838e-12,5.6517738659388e-12,0,5.6704149029216e-12,5.0209610517465e-12,0,5.8821664084805e-12,5.1145523472561e-12
3.75,1227461790.5213,1227461790.5213,1227461790.5213,649684012.74352,649684012.74352,649684012.74352,1,1,1,399891189.03359,4.7366380036477e-05,0.00011087567193449,3.437345856504e-05,1.0321942866507,323.16734200265,323.16734200265,336.52637521646,336.52637521646,323.16734200265,342.88504799833,342.88504799833,342.88504799833,328.67090674307,328.67090674307,328.67090674307,336.52637521646,0.0039825504739346,-2.942288347115e-35,5.9438246678727e-33,-0.0022170429811424,-0.0045900146326548,-0.001618991178591,-2.1913236312616e-32,-0.0015509126678249,-0.0039181650212291,-5.5453989881738e-32,-0.0042215270719485,0.0023100167376041,477.66143350623,477.66143350623,491.02046672004,491.02046672004,477.66143350623,497.37913950191,497.37913950191,497.37913950191,483.16499824665,483.16499824665,483.16499824665,491.02046672004,0.057962895714111,0.045951135159863,0.030424213404607,0.036797919316124,722.22662125364,-0.097707425455342,0.00026141486721757,-0.00031290348634943,719.53460060132,-4.4054484570761e-05,-0.097212915138052,0,1.147794994729e-10,9.3799355396283e-14,0,0,5.5341313430463e-14,5.9239659508435e-14,9.322561604999e-14,0,8.2102497646923e-14,6.3199875138035e-14,0,8.1840025506186e-14,5.3968937425996e-14,6.1328468357795e-12,0,0,5.1840611584279e-12,5.133522885191e-12,5.7836147965173e-12,0,5.7865253685986e-12,5.110339172307e-12,0,5.9979056824963e-12,5.1908759505108e-12
3.8,1222813914.1535,1222813914.1535,1222813914.1535,645036136.37573,645036136.37573,645036136.37573,1,1,1,399912996.30839,4.8552790742114e-05,0.00011236722269703,3.5077924129533e-05,1.0327037386405,322.32333932096,322.32333932096,335.96406984837,335.96406984837,322.32333932096,342.39749648934,342.39749648934,342.39749648934,327.8355137575,327.8355137575,327.8355137575,335.96406984837,0.0039612003422325,-9.5973417360063e-36,3.2217990381061e-32,-0.0022001462087797,-0.0045851969124174,-0.0016106897788976,-1.1105704785248e-31,-0.0015373727658687,-0.003925641318368,-4.2832151062055e-31,-0.0042657153474043,0.0022940740402453,476.89483558241,476.89483558241,490.53556610982,490.53556610982,476.89483558241,496.96899275078,496.96899275078,496.96899275078,482.40701001894,482.40701001894,482.40701001894,490.53556610982,0.057602601068503,0.046603040854147,0.030881364995322,0.037278431716071,720.62962834586,-0.10558746568815,0.018820019076446,-0.00040666943132373,717.76573958932,-0.026186645481162,-0.104387163988,0,1.2896429990025e-10,9.6266142974373e-14,0,0,5.6032649718994e-14,6.071720443907e-14,9.7189131814172e-14,0,8.3913542294597e-14,6.5786615102528e-14,0,8.2866391074463e-14,5.4315777896785e-14,6.2689877207712e-12,0,0,5.2633032915962e-12,5.2193899791781e-12,5.9210609848442e-12,0,5.9051970381783e-12,5.2033754956076e-12,0,6.1150964566188e-12,5.2676900602633e-12
3.85,1218286689.586,1218286689.586,1218286689.586,640508911.80823,640508911.80823,640508911.80823,1,1,1,399930304.86743,4.9738602454103e-05,0.00011385861480808,3.5785353974077e-05,1.033212826253,321.49909717658,321.49909717658,335.41661969676,335.41661969676,321.49909717658,341.92222755531,341.92222755531,341.92222755531,327.01677562624,327.01677562624,327.01677562624,335.41661969676,0.0039472843744743,1.2684689917433e-33,1.5758716409794e-31,-0.0021987915673372,-0.0045847258180363,-0.001600849874017,-5.1686370019329e-31,-0.001530521285888,-0.0039327390041457,-3.0562159946263e-30,-0.0042794260741667,0.0022809807137298,476.14209558301,476.14209558301,490.05961810319,490.05961810319,476.14209558301,496.56522596175,496.56522596175,496.56522596175,481.65977403268,481.65977403268,481.65977403268,490.05961810319,0.057210824994113,0.047255058459338,0.031338394305637,0.037758655949468,719.0845205385,-0.11311141188149,0.0061943119275482,-0.00069458241167075,716.04847865803,-0.002627148903733,-0.10928973205567,0,1.449943530576e-10,9.9185780557976e-14,0,0,5.6812738528277e-14,6.2215499512049e-14,1.0161938122647e-13,0,8.6069372971903e-14,6.8675842190933e-14,0,8.4298026221424e-14,5.4744884389019e-14,6.4092575968309e-12,0,0,5.3436486369384e-12,5.3073759823778e-12,6.0647724919746e-12,0,6.0269175127402e-12,5.3004978030414e-12,0,6.2343118685824e-12,5.3451110182368e-12
3.9,1213884303.6197,1213884303.6197,1213884303.6197,636106525.84187,636106525.84187,636106525.84187,1,1,1,399944043.69422,5.0921366182379e-05,0.00011534965789857,3.6490628915197e-05,1.0337214907623,320.69650877899,320.69650877899,334.8830743856,334.8830743856,320.69650877899,341.45939324394,341.45939324394,341.45939324394,326.2166362426,326.2166362426,326.2166362426,334.8830743856,0.0039304017157651,1.5513216176738e-32,7.1478258702368e-31,-0.0021914551800973,-0.0045814835236779,-0.0015923899814926,-2.2453323316939e-30,-0.0015197496793848,-0.0039417082891079,-2.0231781512033e-29,-0.0043041784144712,0.0022664532130004,475.40547000026,475.40547000026,489.59203560687,489.59203560687,475.40547000026,496.16835446521,496.16835446521,496.16835446521,480.92559746387,480.92559746387,480.92559746387,489.59203560687,0.056720819205243,0.047907133967259,0.031795259447564,0.038238590674924,717.59874024112,-0.11953448299091,0.004421640518991,-0.0012673579144602,714.38881320388,-0.0037927242264161,-0.11800604178046,0,1.6303887695726e-10,1.0212913364886e-13,0,0,5.7716264148891e-14,6.4098126862792e-14,1.0626789993885e-13,0,8.8289633605506e-14,7.2056926885765e-14,0,8.5621343344486e-14,5.5278341602792e-14,6.5536900027505e-12,0,0,5.4252717604673e-12,5.3980244227099e-12,6.215057997313e-12,0,6.151777910002e-12,5.4024016863062e-12,0,6.3553987335688e-12,5.4232863986369e-12
3.95,1209600753.8319,1209600753.8319,1209600753.8319,631822976.05411,631822976.05411,631822976.05411,1,1,1,399954978.36875,5.2097855253996e-05,0.00011684024638223,3.7188594466439e-05,1.0342296661992,319.91333659839,319.91333659839,334.36432838353,334.36432838353,319.91333659839,341.00874542413,341.00874542413,341.00874542413,325.43407767859,325.43407767859,325.43407767859,334.36432838353,0.0039070523565098,1.2289187396993e-31,2.9894273329339e-30,-0.0021772718782044,-0.0045793768170476,-0.0015851436294653,-9.1464368154198e-30,-0.0015069290013526,-0.003950162556384,-1.2478333266164e-28,-0.0043422564981895,0.0022490653179083,474.68338817545,474.68338817545,489.13437996059,489.13437996059,474.68338817545,495.7787970012,495.7787970012,495.7787970012,480.20412925565,480.20412925565,480.20412925565,489.13437996059,0.056262285748185,0.048559156994079,0.032251866118319,0.038718235993933,716.17875611198,-0.12226321299497,0.016780373320984,0.0031359447312341,712.80010415955,-0.038798387040933,-0.12089280738056,0,1.8327909081734e-10,1.0510492137882e-13,0,0,5.8741393122356e-14,6.6359763245692e-14,1.1109862916302e-13,0,9.0524302867608e-14,7.5984058858577e-14,0,8.6781321850046e-14,5.5962337322978e-14,6.7023308080366e-12,0,0,5.5083446352936e-12,5.4918712998878e-12,6.3721751854364e-12,0,6.2797986068418e-12,5.5098593728682e-12,0,6.4781260558898e-12,5.5024290950612e-12
4,1205426149.2644,1205426149.2644,1205426149.2644,627648371.48662,627648371.48662,627648371.48662,1,1,1,399963663.43332,5.3272707821481e-05,0.00011833076102734,3.7891709186829e-05,1.0347375684753,319.14850899629,319.14850899629,333.85898775301,333.85898775301,319.14850899629,340.56963211503,340.56963211503,340.56963211503,324.66720705965,324.66720705965,324.66720705965,333.85898775301,0.0038993998276184,9.3437141409896e-31,1.0633416372369e-29,-0.0021808724441991,-0.0045823898808221,-0.0015752171566287,-3.3740348386781e-29,-0.0015026057288345,-0.0039531472866614,-6.9096239833893e-28,-0.004344508157821,0.002238733941502,473.97539966925,473.97539966925,488.68587842597,488.68587842597,473.97539966925,495.39652278799,495.39652278799,495.39652278799,479.49409773261,479.49409773261,479.49409773261,488.68587842597,0.055550667215529,0.049211246646507,0.032708362485712,0.039197597271444,714.79783604495,-0.13254985704508,0.00057616729082637,-6.1621221030295e-05,711.2431703305,-0.00046918341903858,-0.13097637383022,0,2.0586929999392e-10,1.0861723361636e-13,0,0,5.9840964573377e-14,6.8616604631851e-14,1.1648102799615e-13,0,9.3117144086247e-14,8.0079522415827e-14,0,8.8376041473073e-14,5.6599076984928e-14,6.8559387729243e-12,0,0,5.5929725389788e-12,5.5889098327622e-12,6.5369042349877e-12,0,6.411486134898e-12,5.623108919537e-12,0,6.6031086523298e-12,5.5824722773511e-12
4.05,1201362018.3912,1201362018.3912,1201362018.3912,623584240.61342,623584240.61342,623584240.61342,1,1,1,399970629.10991,5.444132226681e-05,0.00011982082331111,3.8588664449964e-05,1.0352450253186,318.4023762072,318.4023762072,333.36532691036,333.36532691036,318.4023762072,340.14153958402,340.14153958402,340.14153958402,323.91893942697,323.91893942697,323.91893942697,333.36532691036,0.003882223176052,5.8713054142852e-30,3.3813162719269e-29,-0.002174118376209,-0.0045821892168871,-0.0015660247101165,-1.1630325318131e-28,-0.0014920992460622,-0.0039608816401374,-3.6615408275989e-27,-0.0043677722935279,0.0022231131107496,473.28195534445,473.28195534445,488.24490604762,488.24490604762,473.28195534445,495.02111872128,495.02111872128,495.02111872128,478.79851856423,478.79851856423,478.79851856423,488.24490604762,0.055248598088302,0.049863279410059,0.033164621714767,0.039676673731808,713.47633693948,-0.14011366873435,-0.00013058389066734,-0.00024908615089575,709.74899745841,-0.0077215761334252,-0.13897454171964,0,2.310115608171e-10,1.1205103042135e-13,0,0,6.1051289051858e-14,7.1370406918093e-14,1.219661675544e-13,0,9.5751276205653e-14,8.4823330339493e-14,0,8.9721625027263e-14,5.7407858665571e-14,7.014402859824e-12,0,0,5.6793120999563e-12,5.6898428301779e-12,6.7093904432938e-12,0,6.5468988883225e-12,5.7430672237088e-12,0,6.7299941912815e-12,5.6636592496627e-12
4.1,1197400731.7919,1197400731.7919,1197400731.7919,619622954.01414,619622954.01414,619622954.01414,1,1,1,399976184.06074,5.5604274753249e-05,0.00012131055581175,3.9282157176707e-05,1.035752117704,317.67335652456,317.67335652456,332.88376590503,332.88376590503,317.67335652456,339.72437474082,339.72437474082,339.72437474082,323.18689410233,323.18689410233,323.18689410233,332.88376590503,0.0038694255662691,3.332311707375e-29,9.0982449608428e-29,-0.0021693283762202,-0.0045839252673061,-0.0015569547089848,-3.7018291744247e-28,-0.00148356500373,-0.0039652532198528,-1.8024611212929e-26,-0.0043864802014538,0.0022089085246078,472.60209141116,472.60209141116,487.81250079163,487.81250079163,472.60209141116,494.65310962742,494.65310962742,494.65310962742,478.11562898893,478.11562898893,478.11562898893,487.81250079163,0.054525531923411,0.050515246671505,0.033620660208769,0.040155467739669,712.20294510217,-0.14729298464584,0.0017859385354448,-0.00030009546104456,708.30453723826,-0.0076176829898935,-0.14646687721854,0,2.5885526705948e-10,1.1571179540362e-13,0,0,6.2375716822866e-14,7.4432885834998e-14,1.2773710605581e-13,0,9.8503649059324e-14,8.998194508016e-14,0,9.110535620353e-14,5.8255735531489e-14,7.1780440502104e-12,0,0,5.7675246846499e-12,5.7951068268123e-12,6.8900379910963e-12,0,6.6862040847655e-12,5.8703209108098e-12,0,6.8588366216294e-12,5.7460453009374e-12
4.15,1193538264.2401,1193538264.2401,1193538264.2401,615760486.46233,615760486.46233,615760486.46233,1,1,1,399980641.32082,5.676152462429e-05,0.00012279995433203,3.9972524069759e-05,1.0362588629341,316.96088613764,316.96088613764,332.41389541245,332.41389541245,316.96088613764,339.31731474526,339.31731474526,339.31731474526,322.47081958188,322.47081958188,322.47081958188,332.41389541245,0.0038577567929228,1.7341775984939e-28,1.9882145727948e-28,-0.0021665634108801,-0.0045865737083898,-0.0015477847602254,-1.0761481736297e-27,-0.0014762496972589,-0.0039691661004669,-8.3181718131218e-26,-0.0044006080404283,0.0021953862593724,471.93556065516,471.93556065516,487.38856992997,487.38856992997,471.93556065516,494.29198926277,494.29198926277,494.29198926277,477.44549409939,477.44549409939,477.44549409939,487.38856992997,0.053982206183006,0.05116713573006,0.034076479765602,0.040633981195164,710.97468188722,-0.15413755290652,0.00038497606680608,-0.0001699585779049,706.90733014344,-0.00084174289798337,-0.15297961411296,0,2.8958056664118e-10,1.1960047638106e-13,0,0,6.3785175687664e-14,7.7804834879248e-14,1.3374183317915e-13,0,1.0142193175199e-13,9.5617410947365e-14,0,9.2543387741865e-14,5.9165007027522e-14,7.3471846659747e-12,0,0,5.8577305451858e-12,5.9051394795167e-12,7.0791775054349e-12,0,6.8296363561712e-12,6.0055443501706e-12,0,6.9897127356819e-12,5.8297172562936e-12
4.2,1189773794.36,1189773794.36,1189773794.36,611996016.58223,611996016.58223,611996016.58223,1,1,1,399984225.32396,5.791094466754e-05,0.0001242888810364,4.0657338782573e-05,1.0367652273556,316.26440723643,316.26440723643,331.95514826112,331.95514826112,316.26440723643,338.92048940204,338.92048940204,338.92048940204,321.77174197471,321.77174197471,321.77174197471,331.95514826112,0.0038427269696394,8.1092996292127e-28,2.5525848540496e-28,-0.0021621798183363,-0.0045910308688804,-0.0015387255151483,-2.8932522779583e-27,-0.0014669593542328,-0.0039727690925095,-3.5782349150439e-25,-0.0044192265708301,0.0021812115648085,471.28199980664,471.28199980664,486.97274083133,486.97274083133,471.28199980664,493.93808197225,493.93808197225,493.93808197225,476.78933454492,476.78933454492,476.78933454492,486.97274083133,0.053423328495185,0.051818916039354,0.034532068019164,0.041112216108408,709.79562923371,-0.16171433914726,-0.00013115420588749,-0.00051255304314852,705.56106516117,-0.01031777639283,-0.15943672099235,0,3.2338206324827e-10,1.2361233477783e-13,0,0,6.5250154696817e-14,8.1589332710889e-14,1.3984041596088e-13,0,1.045041992473e-13,1.0180663424814e-13,0,9.3917722962859e-14,6.0195813324883e-14,7.5219989062942e-12,0,0,5.9500081989049e-12,6.0205242203814e-12,7.2769417182546e-12,0,6.9774276120717e-12,6.1495206730639e-12,0,7.1225324532432e-12,5.9148469918957e-12
4.25,1186096073.8744,1186096073.8744,1186096073.8744,608318296.09662,608318296.09662,608318296.09662,1,1,1,399986954.94036,5.9053181201647e-05,0.00012577748476781,4.1337637483683e-05,1.0372712526355,315.58173862334,315.58173862334,331.50678810854,331.50678810854,315.58173862334,338.53293386163,338.53293386163,338.53293386163,321.08736350853,321.08736350853,321.08736350853,331.50678810854,0.003834549535814,3.5128295237258e-27,-3.343091902944e-28,-0.0021598509228997,-0.004596566012943,-0.0015286547981251,-7.0152045512723e-27,-0.0014598511713391,-0.0039739293086008,-1.4357541937539e-24,-0.0044305091959889,0.0021677075483787,470.6396668824,470.6396668824,486.5647163676,486.5647163676,470.6396668824,493.59086212069,493.59086212069,493.59086212069,476.14529176759,476.14529176759,476.14529176759,486.5647163676,0.052620820803603,0.052470572537092,0.034987420899242,0.041590177257102,708.65941637938,-0.16921937202061,0.0014515110374078,-0.0001971664327075,704.25928795157,-0.0071558466573561,-0.16727501660446,0,3.6036471050664e-10,1.2783559216722e-13,0,0,6.6842083770308e-14,8.5741843799524e-14,1.4611412249742e-13,0,1.0772027850846e-13,1.0837722054205e-13,0,9.5339986377348e-14,6.1237100027516e-14,7.702785734491e-12,0,0,6.0445371803102e-12,6.1417814987456e-12,7.4835782919447e-12,0,7.129767090881e-12,6.3027892082067e-12,0,7.2573635550145e-12,6.001449329275e-12
4.3,1182509948.8287,1182509948.8287,1182509948.8287,604732171.05092,604732171.05092,604732171.05092,1,1,1,399989177.40995,6.0187682521999e-05,0.00012726569381054,4.2012980001822e-05,1.0377769400534,314.91355361332,314.91355361332,331.06861702089,331.06861702089,314.91355361332,338.15519199971,338.15519199971,338.15519199971,320.41990093641,320.41990093641,320.41990093641,331.06861702089,0.0038253199672028,1.4082500355412e-26,-4.1893429505757e-27,-0.0021573874894768,-0.0046031720548231,-0.001519472668879,-1.4872849086426e-26,-0.0014524472385712,-0.0039747812820422,-5.3605919373246e-24,-0.0044412515337681,0.0021546682696225,470.00939417685,470.00939417685,486.16445758443,486.16445758443,470.00939417685,493.25103256324,493.25103256324,493.25103256324,475.51574149994,475.51574149994,475.51574149994,486.16445758443,0.052069299813175,0.053122089414559,0.035442539409138,0.042067865605677,707.56518874862,-0.17664513436378,0.0016660686170352,-0.00055617288230996,703.00226341348,-0.006377349621119,-0.17503385502005,0,4.0071327865668e-10,1.3223157278002e-13,0,0,6.8495152190287e-14,9.0296583525995e-14,1.5245267141925e-13,0,1.1112115719199e-13,1.1545610312052e-13,0,9.6770805304948e-14,6.2345963734295e-14,7.8897894180905e-12,0,0,6.1414039534945e-12,6.269480151804e-12,7.6991789274858e-12,0,7.2869161384485e-12,6.4660687950985e-12,0,7.3942181403185e-12,6.0896198367473e-12
4.35,1178997855.744,1178997855.744,1178997855.744,601220077.96625,601220077.96625,601220077.96625,1,1,1,399990987.36654,6.1314175989421e-05,0.00012875350604392,4.2682992260515e-05,1.0382823434094,314.25714471121,314.25714471121,330.63913233298,330.63913233298,314.25714471121,337.78487400643,337.78487400643,337.78487400643,319.76574105364,319.76574105364,319.76574105364,330.63913233298,0.0038164667069888,5.2691548535064e-26,-1.7349334754897e-26,-0.002155663080549,-0.0046117531102343,-0.001510070241949,-2.4903550499992e-26,-0.0014456634969777,-0.0039751446420504,-1.8674016412952e-23,-0.00445175342317,0.0021414899213222,469.38874786645,469.38874786645,485.77073548822,485.77073548822,469.38874786645,492.91647716167,492.91647716167,492.91647716167,474.89734420888,474.89734420888,474.89734420888,485.77073548822,0.051373046496948,0.053773473771128,0.035897449494561,0.042545283614358,706.50499217991,-0.18450218561834,0.0003062886201361,-0.00066610756479006,701.78248852845,-0.006035078694875,-0.18153875421107,0,4.4455532153372e-10,1.3679720327934e-13,0,0,7.0180485436947e-14,9.526043744286e-14,1.5881396939221e-13,0,1.147090430477e-13,1.2296744544621e-13,0,9.8193632705595e-14,6.3500708691394e-14,8.0832498782628e-12,0,0,6.2406541478134e-12,6.4041987543933e-12,7.9237757968946e-12,0,7.4491392228534e-12,6.6399710241789e-12,0,7.5330849074294e-12,6.179423400199e-12
4.4,1175560182.471,1175560182.471,1175560182.471,597782404.69326,597782404.69326,597782404.69326,1,1,1,399992432.8991,6.2431791335415e-05,0.00013024096386205,4.3347063869736e-05,1.038787431507,313.6122649803,313.6122649803,330.21825950829,330.21825950829,313.6122649803,337.42258554943,337.42258554943,337.42258554943,319.12520430685,319.12520430685,319.12520430685,330.21825950829,0.0038107251912461,1.8359845846108e-25,-5.5771765361925e-26,-0.0021536869013595,-0.0046211938602576,-0.0015007546126528,-1.5088863323588e-26,-0.0014391555859396,-0.0039734200391551,-6.1250776882567e-23,-0.0044584531640226,0.0021287256913445,468.77766739651,468.77766739651,485.38366192451,485.38366192451,468.77766739651,492.58798796565,492.58798796565,492.58798796565,474.29060672307,474.29060672307,474.29060672307,485.38366192451,0.050733725906024,0.054424692501169,0.036352132432434,0.043022436067159,705.48270449096,-0.19123131877284,0.00065819616578498,-0.0002616540573068,700.60351730854,-0.003457057584274,-0.18971710242422,0,4.9199983124542e-10,1.415051632165e-13,0,0,7.1975106554098e-14,1.0068280422502e-13,1.6516656068178e-13,0,1.1848715816857e-13,1.3093629522081e-13,0,9.9629545519375e-14,6.4690708638607e-14,8.2833683992294e-12,0,0,6.3424423196554e-12,6.5465857416261e-12,8.1573565870613e-12,0,7.6167053689024e-12,6.8251429086871e-12,0,7.673982361916e-12,6.2709098777152e-12
4.45,1172197800.6136,1172197800.6136,1172197800.6136,594420022.83584,594420022.83584,594420022.83584,1,1,1,399993621.45687,6.3540447172659e-05,0.00013172801533401,4.4004525263182e-05,1.0392922384615,312.97955292539,312.97955292539,329.80615252886,329.80615252886,312.97955292539,337.06800829275,337.06800829275,337.06800829275,318.49865110234,318.49865110234,318.49865110234,329.80615252886,0.0038035450485444,6.0056345219434e-25,-1.3334822728223e-25,-0.0021519437559473,-0.0046317240993086,-0.0014914200798149,1.4769881149499e-25,-0.0014322504080577,-0.0039723768330817,-1.8801692792339e-22,-0.0044666012250575,0.0021160415197523,468.17689828764,468.17689828764,485.00349789111,485.00349789111,468.17689828764,492.265353655,492.265353655,492.265353655,473.69599646459,473.69599646459,473.69599646459,485.00349789111,0.049998041298189,0.055075749723238,0.036806606017189,0.043499323805905,704.49296213581,-0.19865020418652,-8.417089715519e-05,-0.00043722704934514,699.46062591668,-0.0053590857492492,-0.19698665378172,0,5.4318004228563e-10,1.4635169108004e-13,0,0,7.3785839194549e-14,1.065787987377e-13,1.7141836404095e-13,0,1.2246194444409e-13,1.3934059016559e-13,0,1.0102109610063e-13,6.593174185719e-14,8.490340945631e-12,0,0,6.4467912541554e-12,6.6973109242623e-12,8.3997787623278e-12,0,7.7898927116098e-12,7.0222002610883e-12,0,7.8168477661073e-12,6.3641514412405e-12
4.5,1168897415.0793,1168897415.0793,1168897415.0793,591119637.30151,591119637.30151,591119637.30151,1,1,1,399994602.67729,6.4639444975861e-05,0.00013321469726348,4.4655005602278e-05,1.0397967843116,312.35635392131,312.35635392131,329.40113100236,329.40113100236,312.35635392131,336.71994842116,336.71994842116,336.71994842116,317.88380896002,317.88380896002,317.88380896002,329.40113100236,0.0037985147545974,1.8472667220436e-24,-2.1725245210212e-25,-0.002150192662966,-0.0046439583805732,-0.0014817708709456,1.1638140405388e-24,-0.001425539957776,-0.003970043734701,-5.4384558469799e-22,-0.0044733265395151,0.0021034313405929,467.58402675064,467.58402675064,484.62880383169,484.62880383169,467.58402675064,491.94762125049,491.94762125049,491.94762125049,473.11148178935,473.11148178935,473.11148178935,484.62880383169,0.049301198640802,0.055726642583556,0.037260887179127,0.043975951726937,703.53255740272,-0.20593102157748,-0.00027878039748086,-0.0010999344486571,698.35065829026,-0.0070240894704179,-0.20443369799096,0,5.982090988213e-10,1.5134260059238e-13,0,0,7.5621290138642e-14,1.129723640051e-13,1.7759796547909e-13,0,1.2662970477389e-13,1.4816698336231e-13,0,1.0238731640522e-13,6.7201462501767e-14,8.7043717039536e-12,0,0,6.5537359082736e-12,6.8570779736117e-12,8.6509402137582e-12,0,7.9689741575004e-12,7.2317400184552e-12,0,7.9616452975826e-12,6.4591886609218e-12
4.55,1165660312.7985,1165660312.7985,1165660312.7985,587882535.02069,587882535.02069,587882535.02069,1,1,1,399995415.43062,6.5729259038656e-05,0.00013470106155999,4.5298884542474e-05,1.0403010653733,311.74273507034,311.74273507034,329.00327340328,329.00327340328,311.74273507034,336.37847839804,336.37847839804,336.37847839804,317.28147565482,317.28147565482,317.28147565482,329.00327340328,0.0037957324869925,5.3736971905735e-24,1.2486338630018e-25,-0.0021498292662717,-0.0046571175272547,-0.0014722526601637,6.5534626223364e-24,-0.001420096250128,-0.0039653086491371,-1.5037533001985e-21,-0.0044759430485145,0.0020911946533674,466.99921267767,466.99921267767,484.2597510106,484.2597510106,466.99921267767,491.63495600537,491.63495600537,491.63495600537,472.53795326215,472.53795326215,472.53795326215,484.2597510106,0.048605878327339,0.056377343792301,0.037714963061899,0.044452323054474,702.60144063362,-0.21301595171352,-0.00067803552297713,-0.00053663358025691,697.27416834049,-0.0024166805493736,-0.211198049389,0,6.5709704433229e-10,1.5649901531543e-13,0,0,7.75010029195e-14,1.1986735411382e-13,1.8367350821911e-13,0,1.3099355523914e-13,1.574221324335e-13,0,1.0377167920397e-13,6.849557673804e-14,8.9256947339107e-12,0,0,6.6633388776999e-12,7.0265960114853e-12,8.9106937801303e-12,0,8.154227019903e-12,7.4543685331604e-12,0,8.108400613703e-12,6.5560560345073e-12
4.6,1162483606.9392,1162483606.9392,1162483606.9392,584705829.16143,584705829.16143,584705829.16143,1,1,1,399996091.48704,6.680850557381e-05,0.00013618705266343,4.5934549204405e-05,1.0408050990897,311.13831288841,311.13831288841,328.61244551822,328.61244551822,311.13831288841,336.04331665862,336.04331665862,336.04331665862,316.69091540539,316.69091540539,316.69091540539,328.61244551822,0.0037934694382655,1.4679285014825e-23,2.6268552861197e-24,-0.0021478845135903,-0.0046720380387846,-0.0014621629091318,3.2820334397558e-23,-0.0014134229295764,-0.0039610164181238,-3.9248466335655e-21,-0.0044801947581938,0.00207901268526,466.42219093426,466.42219093426,483.89632356408,483.89632356408,466.42219093426,491.32719470448,491.32719470448,491.32719470448,471.97479345124,471.97479345124,471.97479345124,483.89632356408,0.047952365958363,0.057027870385826,0.038168857368841,0.044928441647438,701.69681769426,-0.22012914992767,0.00042049508556451,-0.00039776467845862,696.2278346516,-0.0043798997366841,-0.2186161211911,0,7.1985533400701e-10,1.6170202901664e-13,0,0,7.9375494519767e-14,1.2734647125606e-13,1.8953366187712e-13,0,1.3556013376348e-13,1.6701455054542e-13,0,1.0507129565771e-13,6.9822945309645e-14,9.1543759364093e-12,0,0,6.7755927785698e-12,7.2066911182559e-12,9.1787348552832e-12,0,8.3459379995885e-12,7.6905627756554e-12,0,8.2569938650383e-12,6.6548005907291e-12
4.65,1159364363.6112,1159364363.6112,1159364363.6112,581586585.83337,581586585.83337,581586585.83337,1,1,1,399996655.00291,6.7878311610432e-05,0.00013767273670088,4.656296240741e-05,1.041308924673,310.54238805149,310.54238805149,328.22830261722,328.22830261722,310.54238805149,335.71413013669,335.71413013669,335.71413013669,316.11193637905,316.11193637905,316.11193637905,328.22830261722,0.0037919289300962,3.7986342697795e-23,1.3185943885887e-23,-0.0021473802428428,-0.0046874161345736,-0.0014523107135972,1.5043548478109e-22,-0.0014077517315439,-0.003955360042428,-9.8906680274202e-21,-0.0044830611849168,0.0020675665438481,465.85237977806,465.85237977806,483.53829434379,483.53829434379,465.85237977806,491.02412186326,491.02412186326,491.02412186326,471.42192810562,471.42192810562,471.42192810562,483.53829434379,0.047247815998279,0.057678218815295,0.038622570414391,0.045404308775492,700.81311521728,-0.22752538437699,0.00086460691489679,-0.00046618662040484,695.20642737711,-0.0026375349550145,-0.2254226542803,0,7.8648439027577e-10,1.6703242346708e-13,0,0,8.1251983014189e-14,1.3534785015272e-13,1.951995718404e-13,0,1.4030317932494e-13,1.7709477547078e-13,0,1.063720592786e-13,7.1167575083161e-14,9.3905954550325e-12,0,0,6.8905004349182e-12,7.3981018835799e-12,9.4547887371493e-12,0,8.5443566586338e-12,7.9410126089516e-12,0,8.4074266739276e-12,6.7554467406129e-12
4.7,1156295692.6834,1156295692.6834,1156295692.6834,578517914.90566,578517914.90566,578517914.90566,1,1,1,399997126.90288,6.8937513049057e-05,0.00013915806283299,4.7183238195778e-05,1.0418125356607,309.95405703489,309.95405703489,327.84959828546,327.84959828546,309.95405703489,335.39021984986,335.39021984986,335.39021984986,315.54329298037,315.54329298037,315.54329298037,327.84959828546,0.0037900334445503,9.3133569054505e-23,5.0318906257709e-23,-0.0021463843427061,-0.0047039879573472,-0.0014426542773218,6.3505757884858e-22,-0.0014017272396775,-0.0039505158847584,-2.3798883375523e-20,-0.004484975530948,0.0020558728230727,465.28896560312,465.28896560312,483.18450685369,483.18450685369,465.28896560312,490.72512841809,490.72512841809,490.72512841809,470.8782015486,470.8782015486,470.8782015486,483.18450685369,0.046605640533678,0.058328386018261,0.039076119398358,0.04587992832334,699.95085132856,-0.23443600947835,-0.00027303863489181,-0.00026989578979143,694.21059115762,-0.0040941435123422,-0.23252173909318,0,8.57036142554e-10,1.723945079069e-13,0,0,8.3119118965334e-14,1.4394684334657e-13,2.0059761718512e-13,0,1.4523714782078e-13,1.8757518917619e-13,0,1.0762657804404e-13,7.255199550967e-14,9.6343981061931e-12,0,0,7.0080486202515e-12,7.6016734617015e-12,9.7384766079522e-12,0,8.7497530028424e-12,8.2062839854492e-12,0,8.5596336402693e-12,6.8580507566399e-12
4.75,1153278630.9586,1153278630.9586,1153278630.9586,575500853.18082,575500853.18082,575500853.18082,1,1,1,399997522.71729,6.9986084256707e-05,0.00014064310336206,4.7795485018094e-05,1.0423159303221,309.37312088247,309.37312088247,327.47690268798,327.47690268798,309.37312088247,335.0717053495,335.0717053495,335.0717053495,314.98529379934,314.98529379934,314.98529379934,327.47690268798,0.0037900866553445,2.1623960743409e-22,1.6205768888219e-22,-0.0021457381429577,-0.0047217251638545,-0.0014325622794851,2.4571134354141e-21,-0.001396045705772,-0.0039435188314679,-5.5101848633751e-20,-0.0044853145167411,0.0020445513387428,464.73181305302,464.73181305302,482.83559485853,482.83559485853,464.73181305302,490.43039752005,490.43039752005,490.43039752005,470.34398596989,470.34398596989,470.34398596989,482.83559485853,0.04589061156963,0.058978362917084,0.039529501767032,0.046355304747277,699.10972886084,-0.24119759844343,-0.00013400957425109,-0.0001931554520959,693.24035194077,-0.0031942197595907,-0.23926828121119,0,9.3145306984109e-10,1.7781989281851e-13,0,0,8.498350853885e-14,1.5315514864304e-13,2.0573834265359e-13,0,1.5031707757125e-13,1.9840001574727e-13,0,1.0885408563978e-13,7.3937656915715e-14,9.8858734102767e-12,0,0,7.1282334506052e-12,7.8182675500597e-12,1.0029434562433e-11,0,8.9623334525999e-12,8.486863978494e-12,0,8.7135765645008e-12,6.9626143938202e-12
4.8,1150307283.6475,1150307283.6475,1150307283.6475,572529505.86972,572529505.86972,572529505.86972,1,1,1,399997856.18343,7.1024463633508e-05,0.0001421278447204,4.8399506022897e-05,1.0428191592787,308.7986314597,308.7986314597,327.10965131521,327.10965131521,308.7986314597,334.75794523627,334.75794523627,334.75794523627,314.43656425672,314.43656425672,314.43656425672,327.10965131521,0.0037898451258054,4.78289106409e-22,4.7549802111774e-22,-0.0021453003007836,-0.0047387812472924,-0.0014229921488913,8.8145762433237e-21,-0.0013903756038707,-0.0039371852445238,-1.2390632386561e-19,-0.0044874054215598,0.0020334375859701,464.18005005057,464.18005005057,482.49106990609,482.49106990609,464.18005005057,490.13936382715,490.13936382715,490.13936382715,469.8179828476,469.8179828476,469.8179828476,482.49106990609,0.045228352763642,0.059628156965342,0.039982720503632,0.046830437700281,698.28304124491,-0.2475531981585,-1.6290997082251e-06,-0.00084964780497611,692.28879739151,-0.0036263935378831,-0.24562561488655,0,1.0102305796478e-09,1.8326553429008e-13,0,0,8.6859866500267e-14,1.6301496723109e-13,2.1064078596138e-13,0,1.5555074936548e-13,2.0961969057527e-13,0,1.1004432208779e-13,7.531969644081e-14,1.0145050014385e-11,0,0,7.2510718518358e-12,8.0488055275877e-12,1.0327325618729e-11,0,9.1823154319899e-12,8.783310987846e-12,0,8.8692027372595e-12,7.0691325300406e-12
4.85,1147384110.2475,1147384110.2475,1147384110.2475,569606332.4697,569606332.4697,569606332.4697,1,1,1,399998138.0549,7.2051104251237e-05,0.0001436123557262,4.8994698700523e-05,1.043322156228,308.2313580699,308.2313580699,326.74794231804,326.74794231804,308.2313580699,334.44924480831,334.44924480831,334.44924480831,313.89763305973,313.89763305973,313.89763305973,326.74794231804,0.0037919002496325,1.0089938113912e-21,1.2496511304826e-21,-0.0021444520665845,-0.0047588325100787,-0.0014127471158416,2.8948650420176e-20,-0.001384806616085,-0.0039284087672324,-2.6477043720069e-19,-0.004484882618464,0.0020221644920812,463.63449305012,463.63449305012,482.15107729826,482.15107729826,463.63449305012,489.85237978853,489.85237978853,489.85237978853,469.30076803996,469.30076803996,469.30076803996,482.15107729826,0.044572107439342,0.06027775279284,0.040435774780509,0.04730533677418,697.47877263502,-0.25380020208165,-0.00089241737135551,-0.00075176600012269,691.36426400655,-0.001218188060237,-0.252179297146,0,1.1239760531896e-09,1.8873041276353e-13,0,0,8.8710419761629e-14,1.7349332572625e-13,2.1524742699072e-13,0,1.60885770859e-13,2.209058548103e-13,0,1.1121383414402e-13,7.6690398222516e-14,1.0411955123748e-11,0,0,7.3765273305865e-12,8.294162141811e-12,1.0631731449245e-11,0,9.4098422711315e-12,9.0957190437264e-12,0,9.0264828498295e-12,7.1775891313107e-12
4.9,1144506932.2089,1144506932.2089,1144506932.2089,566729154.43108,566729154.43108,566729154.43108,1,1,1,399998377.12869,7.3067078506741e-05,0.00014509659187846,4.9581365699508e-05,1.0438250048946,307.67064326313,307.67064326313,326.39155782513,326.39155782513,307.67064326313,334.14518476824,334.14518476824,334.14518476824,313.36862353368,313.36862353368,313.36862353368,326.39155782513,0.0037930893973244,2.0384671435963e-21,3.0696289586197e-21,-0.002144096792447,-0.0047801507176341,-0.0014028023760583,8.7627014281278e-20,-0.0013790813072021,-0.0039204289866217,-5.4418200453593e-19,-0.0044840822838445,0.0020113519006308,463.09455874986,463.09455874986,481.81547331186,481.81547331186,463.09455874986,489.56910025497,489.56910025497,489.56910025497,468.79253902041,468.79253902041,468.79253902041,481.81547331186,0.043928990949252,0.060927197665971,0.040888721251482,0.047780000225036,696.68603841859,-0.26167967791729,-0.001615647347413,-0.00058288190607552,690.45435001547,-0.0032671347231744,-0.25924001224424,0,1.2463025906932e-09,1.9415034489319e-13,1.0342941237299e-48,0,9.0535888387051e-14,1.8457827809757e-13,2.1960121360554e-13,0,1.6630282213587e-13,2.322610891077e-13,0,1.1226765440334e-13,7.8043753237831e-14,1.0686525174635e-11,1.4627127772617e-48,0,7.504564411825e-12,8.5551952460161e-12,1.0942294463839e-11,0,9.645029977657e-12,9.424185825954e-12,0,9.1852532893025e-12,7.2879596655981e-12
4.95,1141679011.1409,1141679011.1409,1141679011.1409,563901233.36311,563901233.36311,563901233.36311,1,1,1,399998580.52773,7.4070995013134e-05,0.00014658061638039,5.0158517621844e-05,1.0443276143062,307.11748150255,307.11748150255,326.04109057779,326.04109057779,307.11748150255,333.84606447022,333.84606447022,333.84606447022,312.84968133937,312.84968133937,312.84968133937,326.04109057779,0.0037969369608426,3.9118118927182e-21,7.1176227336324e-21,-0.0021429634983745,-0.0048014154032864,-0.0013923706577646,2.447387107036e-19,-0.0013735378845597,-0.0039098514543168,-1.073508370514e-18,-0.0044804579000506,0.0020003084992751,462.56123887121,462.56123887121,481.48484794646,481.48484794646,462.56123887121,489.28982183888,489.28982183888,489.28982183888,468.29343870804,468.29343870804,468.29343870804,481.48484794646,0.043284942071731,0.061576432765415,0.041341496211806,0.048254436849411,695.91600388912,-0.2673010166065,-0.00035242278046837,-0.00031519449104145,689.57326063533,-0.0021447766478112,-0.26537694016997,0,1.3771099496981e-09,1.9954048886957e-13,5.1503320764211e-42,0,9.2358452610627e-14,1.9633887428625e-13,2.2375875345666e-13,0,1.7175621124477e-13,2.435829687361e-13,3.015650246991e-53,1.1330596212037e-13,7.937927015158e-14,1.0968718040237e-11,7.2836709359127e-42,0,7.6351789881067e-12,8.8328603448527e-12,1.1258737127677e-11,0,9.8879299410212e-12,9.7686641639037e-12,4.2647734786684e-53,9.3454921176309e-12,7.4002189060178e-12
5,1138890963.0403,1138890963.0403,1138890963.0403,561113185.26255,561113185.26255,561113185.26255,1,1,1,399998754.04144,7.5064113804576e-05,0.00014806443102742,5.0727230466115e-05,1.044830094147,306.56969859432,306.56969859432,325.69526231251,325.69526231251,306.56969859432,333.55103835987,333.55103835987,333.55103835987,312.33943809584,312.33943809584,312.33943809584,325.69526231251,0.0037986166162249,7.2357176759544e-21,1.5763522414626e-20,-0.002142588693439,-0.004822624956619,-0.0013830698106312,6.380557623869e-19,-0.001368102418045,-0.003902153820266,-2.0338823102955e-18,-0.0044781394653781,0.001990472343411,462.03246549882,462.03246549882,481.158029217,481.158029217,462.03246549882,489.01380526436,489.01380526436,489.01380526436,467.80220500033,467.80220500033,467.80220500033,481.158029217,0.042624652060533,0.062225516438949,0.041794150147555,0.048728642195744,695.15420644947,-0.27214353492083,-0.0027032456699728,-0.0021015786227093,688.70517551298,-0.0019534153171736,-0.27115969014712,0,1.5161517451621e-09,2.0484321252626e-13,2.3731805297662e-38,0,9.4137686193879e-14,2.0859849527756e-13,2.2770377823463e-13,0,1.7726793745033e-13,2.5480562409053e-13,7.5337080617615e-44,1.1430183777876e-13,8.0677002712494e-14,1.1258410089552e-11,3.3569124582488e-38,0,7.7683097806525e-12,9.1278631659649e-12,1.158075889906e-11,0,1.0138624662337e-11,1.0129013733262e-11,1.0654272120167e-43,9.5071393268218e-12,7.5143134174254e-12
5.05,1136147377.9064,1136147377.9064,1136147377.9064,558369600.12865,558369600.12865,558369600.12865,1,1,1,399998902.57119,7.604541413308e-05,0.00014954799280723,5.1286302793198e-05,1.0453323644571,306.02879763075,306.02879763075,325.35424704481,325.35424704481,306.02879763075,333.2605293794,333.2605293794,333.2605293794,311.83862988527,311.83862988527,311.83862988527,325.35424704481,0.0038039297158528,1.2792971340332e-20,3.3793599988355e-20,-0.0021423588219292,-0.0048451709527824,-0.0013729542342416,1.5403839101047e-18,-0.0013632148236817,-0.0038893208053837,-3.6923650239462e-18,-0.0044735511149009,0.001979519310397,461.5097194912,461.5097194912,480.83516890526,480.83516890526,461.5097194912,488.74145123985,488.74145123985,488.74145123985,467.31955174572,467.31955174572,467.31955174572,480.83516890526,0.041973863646768,0.062874392181115,0.042246630512511,0.049202626050194,694.41206888038,-0.27919002268566,-0.0010626960942216,2.90277656185e-05,687.85948849622,-0.00046683257174359,-0.27712513905438,0,1.6629957499396e-09,2.1018215356167e-13,7.7615316186785e-36,0,9.5935734039892e-14,2.2172515784425e-13,2.3154772607741e-13,0,1.8278450125397e-13,2.656300138084e-13,1.6597672422047e-39,1.1526569595378e-13,8.1995523575196e-14,1.1555652541687e-11,1.1010032404505e-35,0,7.9039833968479e-12,9.4414298913075e-12,1.1908216833616e-11,0,1.0397120983002e-11,1.0504671301363e-11,2.3473718870296e-39,9.670149637316e-12,7.6302725989193e-12
5.1,1133446452.0998,1133446452.0998,1133446452.0998,555668674.32204,555668674.32204,555668674.32204,1,1,1,399999030.11722,7.7015227890555e-05,0.00015103138961353,5.1836335309968e-05,1.0458344947432,305.49402874374,305.49402874374,325.0180094176,325.0180094176,305.49402874374,332.97423052462,332.97423052462,332.97423052462,311.34730944486,311.34730944486,311.34730944486,325.0180094176,0.0038080095540747,2.1817599323912e-20,6.845423481156e-20,-0.0021420941373617,-0.004868120756707,-0.00136311133051,3.4972959430168e-18,-0.0013577654755505,-0.003879605399172,-6.4301052442407e-18,-0.0044692124158013,0.0019698205123273,460.99232026579,460.99232026579,480.51630093964,480.51630093964,460.99232026579,488.47252204666,488.47252204666,488.47252204666,466.8456009669,466.8456009669,466.8456009669,480.51630093964,0.041335846046072,0.063523129183997,0.042699010893172,0.049676387449938,693.67900300355,-0.284455351698,-0.0024357482039462,-0.0021353574840927,687.02791415771,-0.0010590208088775,-0.28335816259335,0,1.8169290481425e-09,2.1539661116439e-13,6.18854043834e-34,0,9.7652281625884e-14,2.3524347975687e-13,2.3518279354657e-13,0,1.8824622348754e-13,2.7597915909208e-13,1.0460284885093e-36,1.1619215612903e-13,8.3229886496747e-14,1.1860269350485e-11,8.8620181432399e-34,0,8.0420845779199e-12,9.7741144108395e-12,1.2240815529886e-11,0,1.0663341345324e-11,1.0894964771083e-11,1.4816550469655e-36,9.834470160355e-12,7.7479774331978e-12
5.15,1130790963.0139,1130790963.0139,1130790963.0139,553013185.2361,553013185.2361,553013185.2361,1,1,1,399999140.06022,7.7973297690766e-05,0.00015251467508839,5.2376952644046e-05,1.046336424386,304.96631775189,304.96631775189,324.68686866526,324.68686866526,304.96631775189,332.69251041126,332.69251041126,332.69251041126,310.86569333197,310.86569333197,310.86569333197,324.68686866526,0.0038131217586071,3.5774091552606e-20,1.3349244648894e-19,-0.0021420490261574,-0.0048920777443197,-0.0013533845074203,7.4528890818727e-18,-0.0013531575456429,-0.0038658383912591,-1.0700222225472e-17,-0.0044626404109522,0.0019603518103771,460.48119934017,460.48119934017,480.20175025354,480.20175025354,460.48119934017,488.20739199953,488.20739199953,488.20739199953,466.38057492025,466.38057492025,466.38057492025,480.20175025354,0.040727671558371,0.064171680502279,0.043151250929943,0.050149931084593,692.96353662398,-0.29166372170705,-0.0017008127671711,-0.00017158969429711,686.21764662273,0.00017859447386068,-0.28874045655502,0,1.9771506538693e-09,2.2056220455715e-13,2.0797566176921e-32,0,9.9341959339971e-14,2.4940988203219e-13,2.3876478041866e-13,0,1.9366447501262e-13,2.857383692624e-13,1.2437774467607e-34,1.1712177891811e-13,8.4473867262106e-14,1.2172191411517e-11,3.0298401966078e-32,0,8.1825753241312e-12,1.0126833248599e-11,1.2578479920571e-11,0,1.0937224272437e-11,1.1299059848184e-11,1.7737834842524e-34,1.000010536855e-11,7.8674415219459e-12
5.2,1128172320.4295,1128172320.4295,1128172320.4295,550394542.65167,550394542.65167,550394542.65167,1,1,1,399999240.76232,7.8919566625837e-05,0.00015399785144752,5.2907131501492e-05,1.0468382245001,304.44428938254,304.44428938254,324.35980825259,324.35980825259,304.44428938254,332.4145418153,332.4145418153,332.4145418153,310.39182975665,310.39182975665,310.39182975665,324.35980825259,0.0038225434311685,5.6325169371046e-20,2.5065381606917e-19,-0.002138787690032,-0.0049161542840944,-0.0013434723415316,1.5020789263843e-17,-0.0013482609746769,-0.003851208621948,-1.7021363065993e-17,-0.0044597421945486,0.0019509492568298,459.97504809717,459.97504809717,479.89056696721,479.89056696721,459.97504809717,487.94530052992,487.94530052992,487.94530052992,465.92258847127,465.92258847127,465.92258847127,479.89056696721,0.040043580081919,0.064820102625002,0.043603402184947,0.050623258131042,692.25606326825,-0.29686214252499,0.0092972021898943,0.00087355288416245,685.41969944889,-0.0020900734796274,-0.29538406139676,0,2.1424657300191e-09,2.2551331162731e-13,3.842736203541e-31,0,1.0101185844638e-13,2.6423626926978e-13,2.4225000369942e-13,0,1.9890585635993e-13,2.9427702531617e-13,5.3619805170611e-33,1.1797342839538e-13,8.5613851125956e-14,1.2491115395316e-11,5.7374336753305e-31,0,8.3254276643066e-12,1.0500519764272e-11,1.2921073161288e-11,0,1.1218519632136e-11,1.1715230408481e-11,7.7603639168333e-33,1.0166944990987e-11,7.9885177913353e-12
5.25,1125593421.3458,1125593421.3458,1125593421.3458,547815643.56803,547815643.56803,547815643.56803,1,1,1,399999327.68503,7.985543680972e-05,0.00015548082897417,5.343033918942e-05,1.0473398777021,303.92843958974,303.92843958974,324.03730554951,324.03730554951,303.92843958974,332.14040533275,332.14040533275,332.14040533275,309.92638895353,309.92638895353,309.92638895353,324.03730554951,0.0038222683190837,8.6498488328529e-20,4.6091988320841e-19,-0.0021425970052901,-0.0049369569481299,-0.0013354496634183,2.8637198867104e-17,-0.0013444984368035,-0.003842242298979,-2.6175447420184e-17,-0.0044516441918389,0.0019426970933542,459.47437465339,459.47437465339,479.58324061316,479.58324061316,459.47437465339,487.6863403964,487.6863403964,487.6863403964,465.47232401718,465.47232401718,465.47232401718,479.58324061316,0.039564324313813,0.065468339268414,0.04405540089282,0.051096365421686,691.55932409167,-0.3012338772772,-0.0011168566457955,-0.0012959801663587,684.63755937806,0.0015522462292178,-0.29899487934913,0,2.3123378514024e-09,2.3058514513703e-13,4.555118880656e-30,0,1.0259676544262e-13,2.7947623944932e-13,2.4566215425836e-13,0,2.0421140080151e-13,3.0267439852402e-13,1.159363693932e-31,1.1907192422659e-13,8.6816496111048e-14,1.281721203485e-11,7.0156542667785e-30,0,8.4705214014512e-12,1.0895758852462e-11,1.3268491911602e-11,0,1.1507318164741e-11,1.2143276647857e-11,1.7171914988499e-31,1.0335338121126e-11,8.1112948575732e-12
5.3,1123052320.2465,1123052320.2465,1123052320.2465,545274542.46875,545274542.46875,545274542.46875,1,1,1,399999402.56581,8.0779301542666e-05,0.00015696373039205,5.3944056144107e-05,1.0478413851563,303.41855392513,303.41855392513,323.71897364891,323.71897364891,303.41855392513,331.86999817055,331.86999817055,331.86999817055,309.46887765008,309.46887765008,309.46887765008,323.71897364891,0.0038272053380202,1.2722919253027e-19,8.1229499822993e-19,-0.0021422790925626,-0.0049625229282387,-0.0013262532040481,5.1914987652734e-17,-0.0013396853676229,-0.0038299759138891,-3.8463328153162e-17,-0.0044435315829093,0.0019346871643202,458.97896451703,458.97896451703,479.27938424081,479.27938424081,458.97896451703,487.43040876246,487.43040876246,487.43040876246,465.02928824198,465.02928824198,465.02928824198,479.27938424081,0.03889868366107,0.066116455201225,0.044507321687313,0.051569261212534,690.87250278512,-0.3054632893347,-0.0039195608395142,-0.0017804805253283,683.86878453055,0.00076707494588884,-0.30418343671294,0,2.4851214056225e-09,2.3540815083271e-13,4.0249635568104e-29,0,1.0409263023018e-13,2.9525620898321e-13,2.4892883194037e-13,0,2.0933682865877e-13,3.0953345676948e-13,1.6211256025579e-30,1.2012356617965e-13,8.7951045591738e-14,1.3150129434451e-11,6.3937234767766e-29,0,8.6177306108658e-12,1.1313314187581e-11,1.3620530441798e-11,0,1.1803365146934e-11,1.2581023060429e-11,2.4643369633326e-30,1.0505218497578e-11,8.2356764190739e-12
5.35,1120549522.1602,1120549522.1602,1120549522.1602,542771744.38241,542771744.38241,542771744.38241,1,1,1,399999467.32324,8.1694326091066e-05,0.00015844654518775,5.4450940822909e-05,1.0483428003096,302.91507647776,302.91507647776,323.40502172355,323.40502172355,302.91507647776,331.60318221284,331.60318221284,331.60318221284,309.0192235451,309.0192235451,309.0192235451,323.40502172355,0.0038325296698768,1.8206348696258e-19,1.4031511348151e-18,-0.0021416048612455,-0.0049827404075009,-0.001318014500621,8.9937126343909e-17,-0.0013366428633073,-0.0038171973961386,-5.4089549029024e-17,-0.0044414692964235,0.0019259079432644,458.48930012253,458.48930012253,478.97924536833,478.97924536833,458.48930012253,487.17740585762,487.17740585762,487.17740585762,464.59344718988,464.59344718988,464.59344718988,478.97924536833,0.038256952906316,0.066764441012981,0.044959134691603,0.052041935421574,690.19093865679,-0.311879668627,0.0020968478084879,-0.002307135833705,683.10638633928,-0.00045292431637867,-0.30955870983029,0,2.6594064441898e-09,2.4014956241643e-13,2.7142677836266e-28,0,1.0563547476934e-13,3.1177650437066e-13,2.5234576094371e-13,0,2.1429734306155e-13,3.1507480196432e-13,1.5708238494063e-29,1.2119158174547e-13,8.9002759603721e-14,1.3489752202619e-11,4.4779266591947e-28,0,8.7671217319523e-12,1.1754232748491e-11,1.3977401239332e-11,0,1.2106427355873e-11,1.3026606118529e-11,2.4679140882627e-29,1.0676609276128e-11,8.3615453287942e-12
5.4,1118083074.5506,1118083074.5506,1118083074.5506,540305296.77281,540305296.77281,540305296.77281,1,1,1,399999523.85652,8.2594163849909e-05,0.00015992924754879,5.4975104311878e-05,1.0488439453982,302.41757533461,302.41757533461,323.09490358078,323.09490358078,302.41757533461,331.33964948334,331.33964948334,331.33964948334,308.57744929775,308.57744929775,308.57744929775,323.09490358078,0.0038409326951161,2.5042404637829e-19,2.3210347816684e-18,-0.002141687484761,-0.0050114292487512,-0.0013081552075971,1.4780599127938e-16,-0.0013318162226363,-0.0038001248882499,-7.2849278266524e-17,-0.0044261722556616,0.0019180399413418,458.00496436656,458.00496436656,478.68229261273,478.68229261273,458.00496436656,486.92703851529,486.92703851529,486.92703851529,464.1648383297,464.1648383297,464.1648383297,478.68229261273,0.037928389912214,0.067412211236306,0.045410796403159,0.052514417073297,689.53511375336,-0.31668380516893,0.00041224670839653,0.00032697945718634,682.3749883184,0.00032109892431623,-0.3149095152253,0,2.8339983000792e-09,2.4488775393664e-13,1.5080893793508e-27,0,1.0708284929525e-13,3.2868737984611e-13,2.555418812383e-13,0,2.1912347825499e-13,3.1982108686195e-13,1.1649989337412e-28,1.2245539188358e-13,9.015678203384e-14,1.3836075785495e-11,2.5805531194682e-27,0,8.9185597497232e-12,1.221906689885e-11,1.4338792033533e-11,0,1.2416314750655e-11,1.3478901437102e-11,1.8943487010733e-28,1.0849787352115e-11,8.4890462726863e-12
5.45,1115647015.5396,1115647015.5396,1115647015.5396,537869237.76182,537869237.76182,537869237.76182,1,1,1,399999572.78218,8.3484048537328e-05,0.00016141185958069,5.5500976565549e-05,1.0493450286602,301.92472633679,301.92472633679,322.78811835852,322.78811835852,301.92472633679,331.07896949683,331.07896949683,331.07896949683,308.14244649115,308.14244649115,308.14244649115,322.78811835852,0.0038461779765172,3.3688354855051e-19,3.7578302799653e-18,-0.0021432033133002,-0.005034945477646,-0.001299888890344,2.3426408233597e-16,-0.0013286306861242,-0.0037876372759217,-9.3850709557213e-17,-0.0044191229764366,0.0019104491001339,457.52471481428,457.52471481428,478.38810683601,478.38810683601,457.52471481428,486.67895797432,486.67895797432,486.67895797432,463.74243496864,463.74243496864,463.74243496864,478.38810683601,0.037614952878679,0.068059868570674,0.045862381067732,0.052986685393777,688.87826105351,-0.32228152845591,-0.00099587596466969,-0.00037279519574821,681.64564985859,0.0011599008256912,-0.31967316033072,0,3.0073466547241e-09,2.4949006089061e-13,6.9947338314503e-27,0,1.0848981741071e-13,3.4588694089512e-13,2.5875443219121e-13,0,2.2380773372433e-13,3.2310120873528e-13,6.8331261648036e-28,1.2379155272836e-13,9.1181247737951e-14,1.4188908013284e-11,1.2472600569095e-26,0,9.0719875208848e-12,1.2708224901712e-11,1.4704726060862e-11,0,1.2732826683052e-11,1.3935835548514e-11,1.1557848396745e-27,1.1024855044891e-11,8.6179960298714e-12
5.5,1113246572.0153,1113246572.0153,1113246572.0153,535468794.23753,535468794.23753,535468794.23753,1,1,1,399999615.59128,8.4361689551414e-05,0.00016289441536721,5.6024006920577e-05,1.0498459524677,301.43751527184,301.43751527184,322.48519483307,322.48519483307,301.43751527184,330.82189382098,330.82189382098,330.82189382098,307.71511804047,307.71511804047,307.71511804047,322.48519483307,0.0038537385719945,4.380543049856e-19,5.885642211419e-18,-0.0021433429103976,-0.0050604484294929,-0.0012910391433679,3.5614578325018e-16,-0.0013248225498155,-0.0037720915203156,-1.1601177736051e-16,-0.0044089233367972,0.0019029894113101,457.0495111752,457.0495111752,478.09719073643,478.09719073643,457.0495111752,486.43388972434,486.43388972434,486.43388972434,463.32711394384,463.32711394384,463.32711394384,478.09719073643,0.037447841168059,0.068707368610741,0.046313854273153,0.053458752004618,688.23341208304,-0.32631757745904,-0.00039528363469232,-1.6305503941037e-05,680.93260975529,0.00063755937522501,-0.32399049355495,0,3.1782481210746e-09,2.5395359189438e-13,2.8251321621844e-26,0,1.0981900070015e-13,3.6345978756329e-13,2.61923694209e-13,0,2.282954075232e-13,3.2525054687502e-13,3.3588403375988e-27,1.2527908446578e-13,9.2176304770982e-14,1.4548052627154e-11,5.2426002761671e-26,0,9.2272950410812e-12,1.3222234662661e-11,1.5075142101519e-11,0,1.3055685144599e-11,1.4395809283074e-11,5.9059023989525e-27,1.1202026425224e-11,8.748353010208e-12
5.55,1110881695.0482,1110881695.0482,1110881695.0482,533103917.27047,533103917.27047,533103917.27047,1,1,1,399999653.06948,8.5228164125877e-05,0.00016437691862136,5.6538677505677e-05,1.0503467490827,300.95575115786,300.95575115786,322.18633415254,322.18633415254,300.95575115786,330.56818760878,330.56818760878,330.56818760878,307.29561550653,307.29561550653,307.29561550653,322.18633415254,0.0038604034542684,5.546732487184e-19,8.9868249979207e-18,-0.0021442046090191,-0.0050847513541027,-0.0012828070846868,5.2238581602504e-16,-0.0013215006934398,-0.0037573555604673,-1.3759372175267e-16,-0.0043990175085578,0.0018961546807942,456.57917021928,456.57917021928,477.80975321397,477.80975321397,456.57917021928,486.1916066702,486.1916066702,486.1916066702,462.91903456796,462.91903456796,462.91903456796,477.80975321397,0.03749844881507,0.069354729319269,0.046765225262448,0.053930613902181,687.59670161428,-0.33060858988575,-0.00098448733018515,-0.00011817107171419,680.23050148523,0.00077848722680364,-0.32853364932923,0,3.3455518084757e-09,2.5826972044912e-13,1.0082050787542e-25,0,1.1108849938928e-13,3.8120909440488e-13,2.6498639536355e-13,0,2.326396855405e-13,3.2633767816947e-13,1.4137349200922e-26,1.2696054943434e-13,9.3100344375025e-14,1.4913301168563e-11,1.9500773236443e-25,0,9.3843979035412e-12,1.3761345734068e-11,1.5449889455687e-11,0,1.3384687343036e-11,1.4857320453455e-11,2.5899133374901e-26,1.138157575612e-11,8.8800167798848e-12
5.6,1108553024.9525,1108553024.9525,1108553024.9525,530775247.17473,530775247.17473,530775247.17473,1,1,1,399999685.99809,8.6084011931853e-05,0.00016585937482104,5.7045318772676e-05,1.0508474150474,300.4797453888,300.4797453888,321.89131773785,321.89131773785,300.4797453888,330.31822414342,330.31822414342,330.31822414342,306.8839692371,306.8839692371,306.8839692371,321.89131773785,0.0038669381487294,6.8555891517218e-19,1.3376974987123e-17,-0.0021452530938856,-0.0051080996717108,-0.0012747876413759,7.3989616345322e-16,-0.0013186188728268,-0.0037424412785485,-1.5667788028312e-16,-0.0043893337081284,0.0018893486226676,456.11402857809,456.11402857809,477.52560092714,477.52560092714,456.11402857809,485.95250733271,485.95250733271,485.95250733271,462.51825242639,462.51825242639,462.51825242639,477.52560092714,0.037523647597575,0.070001951631632,0.047216494359656,0.054402270995303,686.96892094868,-0.33467452830172,-0.0014601489330668,-0.00014703985869023,679.54033675796,0.0013714325195665,-0.3325515320039,0,3.5082114549087e-09,2.6250016750076e-13,3.247282064411e-25,0,1.1231841490305e-13,3.9924620034397e-13,2.6803130927086e-13,0,2.3683519460034e-13,3.2636885411941e-13,5.2477391004244e-26,1.2888559009603e-13,9.3949238378848e-14,1.5284532465568e-11,6.5424276599852e-25,0,9.5432401292014e-12,1.4325965125321e-11,1.5828942968398e-11,0,1.3719622887288e-11,1.5318875713287e-11,1.0011337145106e-25,1.1563847505629e-11,9.0128810669748e-12
5.65,1106258589.0784,1106258589.0784,1106258589.0784,528480811.30066,528480811.30066,528480811.30066,1,1,1,399999715.03935,8.6930704467682e-05,0.00016734180977502,5.7544833393605e-05,1.0513479625399,300.00928034374,300.00928034374,321.60030262526,321.60030262526,300.00928034374,330.07124806724,330.07124806724,330.07124806724,306.47971108864,306.47971108864,306.47971108864,321.60030262526,0.0038715945255505,8.2952042693933e-19,1.9425366794299e-17,-0.0021466427787529,-0.0051283796743812,-0.0012677540924673,1.0198467259255e-15,-0.0013167897710578,-0.0037288628616418,-1.7175373832356e-16,-0.004381049195837,0.0018827327572405,455.65388652706,455.65388652706,477.24490880859,477.24490880859,455.65388652706,485.71585425057,485.71585425057,485.71585425057,462.12431727197,462.12431727197,462.12431727197,477.24490880859,0.037542599869351,0.070649036995288,0.04766765283401,0.0548737174217,686.34909488197,-0.33830411536379,-0.0023562374230765,-0.00066181473950468,678.86113746633,0.003436387837578,-0.3354498139716,0,3.665376314027e-09,2.6669181904561e-13,9.5728000816727e-25,0,1.1353435449347e-13,4.1751033535091e-13,2.7107449755101e-13,0,2.4094798566368e-13,3.2544871976536e-13,1.7476914239214e-25,1.311214780513e-13,9.4697163903061e-14,1.5661691653037e-11,2.0080411365373e-24,0,9.7038019531213e-12,1.4916413904005e-11,1.6212300199248e-11,0,1.406037479644e-11,1.5779129706636e-11,3.4727426290633e-25,1.1749281278207e-11,9.1468030804847e-12
5.7,1103997467.8622,1103997467.8622,1103997467.8622,526219690.08444,526219690.08444,526219690.08444,1,1,1,399999740.76017,8.7764239647472e-05,0.00016882420795141,5.8034709356804e-05,1.0518483357306,299.54464201629,299.54464201629,321.31299167381,321.31299167381,299.54464201629,329.82706065077,329.82706065077,329.82706065077,306.08252795955,306.08252795955,306.08252795955,321.31299167381,0.0038807178009417,9.6991856286099e-19,2.7324594897683e-17,-0.0021464612807999,-0.0051549232943495,-0.0012592673837166,1.3519846166492e-15,-0.001313247435289,-0.0037109419374378,-1.8030417800254e-16,-0.0043682881269328,0.0018769230223676,455.19903839545,455.19903839545,476.96738805296,476.96738805296,455.19903839545,485.48145702993,485.48145702993,485.48145702993,461.7369243387,461.7369243387,461.7369243387,476.96738805296,0.037516572129116,0.071295974728568,0.048118702546527,0.055344972321747,685.74410434764,-0.3419591629301,-0.001458005971906,-0.00010550272684843,678.19889245628,0.0016671763981309,-0.33986558194947,0,3.8162188926519e-09,2.7069385997505e-13,2.6158890436552e-24,0,1.1466645789539e-13,4.3597836784637e-13,2.7400478900179e-13,0,2.4485517103437e-13,3.2368544798291e-13,5.3181261578686e-25,1.3371125295882e-13,9.5403790309796e-14,1.6044510581064e-11,5.7074668997377e-24,0,9.8659648130263e-12,1.5532980424715e-11,1.659980148801e-11,0,1.4406652300134e-11,1.6236890057116e-11,1.0993708767932e-24,1.1938377545583e-11,9.2817244146426e-12
5.75,1101774070.4139,1101774070.4139,1101774070.4139,523996292.63611,523996292.63611,523996292.63611,1,1,1,399999763.51084,8.8587962091183e-05,0.00017030659176028,5.8516942439856e-05,1.0523485983236,299.08606985494,299.08606985494,321.0300972831,321.0300972831,299.08606985494,329.58644987113,329.58644987113,329.58644987113,305.6934086453,305.6934086453,305.6934086453,321.0300972831,0.0038874260392799,1.1077958271515e-18,3.7543918935137e-17,-0.002147711477477,-0.0051778168649614,-0.0012518923755817,1.7524663039856e-15,-0.0013109832618036,-0.0036951556378668,-1.8152903137061e-16,-0.0043582774296653,0.0018712001980264,454.74975212776,454.74975212776,476.69377955592,476.69377955592,454.74975212776,485.25013214395,485.25013214395,485.25013214395,461.35709091813,461.35709091813,461.35709091813,476.69377955592,0.037575132431117,0.071942800832042,0.048569664216879,0.055816022564911,685.14582096731,-0.34615578375627,-0.00065118957417695,3.6381386256589e-05,677.54554373565,0.00011728819352669,-0.34383373427822,0,3.9599563437245e-09,2.7455046024401e-13,6.6556363292157e-24,0,1.1578113723606e-13,4.5442658523665e-13,2.7698163872013e-13,0,2.4864952193801e-13,3.2098956803483e-13,1.4865105475264e-24,1.3670450156133e-13,9.5985308607718e-14,1.6432783565497e-11,1.5119958062738e-23,0,1.0029704067572e-11,1.6175636664659e-11,1.6991512678016e-11,0,1.4758295826336e-11,1.6690837857611e-11,3.2016142537158e-24,1.2131706905729e-11,9.4174681398643e-12
5.8,1099580231.3799,1099580231.3799,1099580231.3799,521802453.60213,521802453.60213,521802453.60213,1,1,1,399999783.75937,8.9401730359913e-05,0.00017178896068802,5.8991858265209e-05,1.0528487380345,298.63242137493,298.63242137493,320.75029806661,320.75029806661,298.63242137493,329.34857255921,329.34857255921,329.34857255921,305.31070608411,305.31070608411,305.31070608411,320.75029806661,0.0038941025124307,1.240342767034e-18,5.0414594633091e-17,-0.0021491000728853,-0.0051992480007065,-0.0012448416686793,2.2272422826027e-15,-0.001309192853059,-0.0036795227646287,-1.7598886844647e-16,-0.0043478583608981,0.0018656509322746,454.30491491267,454.30491491267,476.42279160434,476.42279160434,454.30491491267,485.02106609695,485.02106609695,485.02106609695,460.98319962185,460.98319962185,460.98319962185,476.42279160434,0.03758871149513,0.072589492549363,0.049020509451127,0.05628687007883,684.55641086417,-0.34980966213202,-0.0001772678571873,0.00038098782901557,676.90350603006,0.00026103404079934,-0.34727377139756,0,4.0961347381126e-09,2.7832029883692e-13,1.5907093502169e-23,0,1.1691208426748e-13,4.7292806365333e-13,2.7997854281175e-13,0,2.5239131351706e-13,3.175330674158e-13,3.8623398574281e-24,1.4020859300581e-13,9.6486958946974e-14,1.6826387906796e-11,3.7615985431442e-23,0,1.0195042722749e-11,1.6844457946305e-11,1.7387462130434e-11,0,1.5115231044937e-11,1.7139897428052e-11,8.6637876625847e-24,1.2329991799519e-11,9.5539213057992e-12
5.85,1097416333.7819,1097416333.7819,1097416333.7819,519638556.00413,519638556.00413,519638556.00413,1,1,1,399999801.82277,9.0205271858028e-05,0.00017327127073243,5.9460073034741e-05,1.0533487386761,298.18416536647,298.18416536647,320.47362294144,320.47362294144,298.18416536647,329.11332056116,329.11332056116,329.11332056116,304.93431338184,304.93431338184,304.93431338184,320.47362294144,0.0038998624245033,1.3559601808096e-18,6.6137778503986e-17,-0.0021509501791083,-0.0052192381264836,-0.0012383690210406,2.7838494667016e-15,-0.0013076898080312,-0.003664418179082,-1.6441121649057e-16,-0.0043363521467748,0.001860890968486,453.86502648327,453.86502648327,476.15448405824,476.15448405824,453.86502648327,484.79418167796,484.79418167796,484.79418167796,460.61517449864,460.61517449864,460.61517449864,476.15448405824,0.037595673361264,0.073236033806759,0.049471218312007,0.05675751577926,683.97774038167,-0.3518080716159,-0.0017771131334476,-0.00051064381691696,676.27544816513,0.0024492722542445,-0.3499728177147,0,4.22446873068e-09,2.8196117518726e-13,3.586548354603e-23,0,1.1803338056931e-13,4.9146407368019e-13,2.829676651996e-13,0,2.5607479867416e-13,3.1344049180145e-13,9.3632474592628e-24,1.4430580403746e-13,9.6894838697569e-14,1.7225141224809e-11,8.8337438683307e-23,0,1.0361967130363e-11,1.7539493104722e-11,1.7787638840272e-11,0,1.5477375498204e-11,1.7583169222555e-11,2.190541920733e-23,1.2534071024718e-11,9.6909513008093e-12
5.9,1095283989.8136,1095283989.8136,1095283989.8136,517506212.03582,517506212.03582,517506212.03582,1,1,1,399999817.9656,9.0999460834814e-05,0.00017475365823819,5.9920841674711e-05,1.0538486336316,297.7416987047,297.7416987047,320.20015102723,320.20015102723,297.7416987047,328.88089574873,328.88089574873,328.88089574873,304.56464494967,304.56464494967,304.56464494967,320.20015102723,0.0039068475285967,1.4509870823795e-18,8.5020224102844e-17,-0.0021523431449915,-0.0052410114307957,-0.0012315518601932,3.4262561155329e-15,-0.0013061830519564,-0.0036484359160709,-1.4804249744006e-16,-0.0043253337970045,0.0018559544779098,453.43047159809,453.43047159809,475.88892392062,475.88892392062,453.43047159809,484.56966864211,484.56966864211,484.56966864211,460.25341784305,460.25341784305,460.25341784305,475.88892392062,0.037584059647009,0.07388246630026,0.049921835416841,0.057227959000416,683.40616862805,-0.35609122487735,-0.0010206275087014,6.0613206682162e-05,675.65458242121,0.0018632259374943,-0.35397734280854,0,4.3446113430374e-09,2.8537673654908e-13,7.7264864871776e-23,0,1.1917544144037e-13,5.1009670703694e-13,2.8601869105958e-13,0,2.596440778273e-13,3.084690878583e-13,2.1586695736217e-23,1.4898745380667e-13,9.7151127301466e-14,1.7628724876022e-11,1.976064584799e-22,0,1.0530506655949e-11,1.8260878785936e-11,1.8192130352261e-11,0,1.5844567674457e-11,1.8019410390177e-11,5.2433617084309e-23,1.2744771102515e-11,9.8283437426388e-12
5.95,1093179826.6713,1093179826.6713,1093179826.6713,515402048.89353,515402048.89353,515402048.89353,1,1,1,399999832.46241,9.1782927891665e-05,0.00017623600750243,6.0374299589115e-05,1.0543483919358,297.30426765995,297.30426765995,319.92993685725,319.92993685725,297.30426765995,328.65070743506,328.65070743506,328.65070743506,304.20087839436,304.20087839436,304.20087839436,319.92993685725,0.0039135435697232,1.5137116662363e-18,1.0668644114573e-16,-0.0021531428737134,-0.0052626711366357,-0.0012249937966103,4.1893828241882e-15,-0.0013046995400825,-0.0036320842400706,-1.2809403660893e-16,-0.0043138344940732,0.0018512074985898,453.00052614996,453.00052614996,475.62619534726,475.62619534726,453.00052614996,484.34696592507,484.34696592507,484.34696592507,459.89713688436,459.89713688436,459.89713688436,475.62619534726,0.037593570271193,0.074528754008006,0.050372324154122,0.057698203746135,682.84526679503,-0.35947252486406,-0.0016471049595011,0.00018723993209443,675.04726790213,0.0013784377882772,-0.35697012030976,0,4.4564266857546e-09,2.8862148692217e-13,1.5890783988524e-22,0,1.2033486913627e-13,5.2858774725191e-13,2.8905261429391e-13,0,2.6315297668793e-13,3.0286174773625e-13,4.7109982905113e-23,1.5432563212459e-13,9.730639807352e-14,1.803689729722e-11,4.2233608081302e-22,0,1.0700685859908e-11,1.9008414747004e-11,1.8600912479635e-11,0,1.6216722183068e-11,1.844772158135e-11,1.1905719383188e-22,1.2963020504487e-11,9.9659557705001e-12
6,1091105313.561,1091105313.561,1091105313.561,513327535.78317,513327535.78317,513327535.78317,1,1,1,399999845.47628,9.2558660702673e-05,0.00017771840144519,6.0822567897321e-05,1.0548480472356,296.87194794362,296.87194794362,319.66291628721,319.66291628721,296.87194794362,328.42301051007,328.42301051007,328.42301051007,303.84361909592,303.84361909592,303.84361909592,319.66291628721,0.0039175781063139,1.5632468537108e-18,1.3150446170713e-16,-0.0021559075971259,-0.0052799776622583,-0.0012195610192349,5.062802206391e-15,-0.0013043749429069,-0.0036183347482622,-1.0747063343247e-16,-0.0043033876936634,0.0018467626480222,452.57527424387,452.57527424387,475.36624258747,475.36624258747,452.57527424387,484.12633681032,484.12633681032,484.12633681032,459.54694539618,459.54694539618,459.54694539618,475.36624258747,0.037606573710713,0.07517491099167,0.050822686881306,0.058168239279735,682.2904170655,-0.3602485978803,-0.0040142801618109,-0.0014790658739805,674.45010063545,0.0042469464225973,-0.35771104054736,0,4.5599914886905e-09,2.9172969177604e-13,3.1278168236416e-22,3.8124935039904e-66,1.2154909581289e-13,5.4688941916136e-13,2.9220896109157e-13,0,2.6657289924264e-13,2.9667472505383e-13,9.7876938396665e-23,1.6028206790636e-13,9.7249972329867e-14,1.8449465383876e-11,8.6467617807428e-22,5.3916800198026e-66,1.0872582239701e-11,1.97818331807e-11,1.9014158355458e-11,0,1.6593713192538e-11,1.8867283001134e-11,2.57476087556e-22,1.3189693578725e-11,1.0103488000309e-11
6.05,1089061876.9094,1089061876.9094,1089061876.9094,511284099.13163,511284099.13163,511284099.13163,1,1,1,399999857.2416,9.3324215491609e-05,0.00017920076080266,6.126402593977e-05,1.0553475602647,296.44595810737,296.44595810737,319.39915290715,319.39915290715,296.44595810737,328.1977446426,328.1977446426,328.1977446426,303.49258081045,303.49258081045,303.49258081045,319.39915290715,0.0039245981856462,1.5663194937754e-18,1.5892595759892e-16,-0.0021561925900954,-0.0052973578448864,-0.0012138309308686,6.3156407527154e-15,-0.0013038335924613,-0.0036024338889368,-8.6956974183053e-17,-0.0042933200111729,0.0018423647779305,452.15592967329,452.15592967329,475.10912447307,475.10912447307,452.15592967329,483.90771620852,483.90771620852,483.90771620852,459.20255237637,459.20255237637,459.20255237637,475.10912447307,0.037592696732986,0.075820911550274,0.051272903902934,0.058638073092786,681.74966375431,-0.36414462892524,-0.0022074390389578,-0.00081174993436853,673.86473262226,0.0042960483976211,-0.36204984065091,0,4.6555410249112e-09,2.9467446298407e-13,5.9501608232174e-22,6.5073276270085e-57,1.2289026532317e-13,5.6561025608903e-13,2.9533023129925e-13,0,2.7003607821961e-13,2.8962385576222e-13,1.9561104663586e-22,1.6688665522726e-13,9.7155589008133e-14,1.8866198005913e-11,1.7061559915238e-21,9.2027509903122e-57,1.1046375319605e-11,2.0581726875878e-11,1.943181837394e-11,0,1.6975601876686e-11,1.927687298594e-11,5.3411188265844e-22,1.3425706949927e-11,1.0240886751945e-11
6.1,1087046660.5569,1087046660.5569,1087046660.5569,509268882.77915,509268882.77915,509268882.77915,1,1,1,399999867.68005,9.4081560620455e-05,0.00018068314563441,6.1699815749004e-05,1.0558469607671,296.02542630977,296.02542630977,319.13828442934,319.13828442934,296.02542630977,327.97457388994,327.97457388994,327.97457388994,303.14767795682,303.14767795682,303.14767795682,319.13828442934,0.0039296637340075,1.5586665724104e-18,1.87472553127e-16,-0.0021578924098445,-0.0053154988872752,-0.0012085608995715,7.5334389823224e-15,-0.0013036854920478,-0.0035870920164797,-6.8120756134179e-17,-0.0042825199203691,0.0018383847854076,451.74166469538,451.74166469538,474.85452281495,474.85452281495,451.74166469538,483.69081227555,483.69081227555,483.69081227555,458.86391634243,458.86391634243,458.86391634243,474.85452281495,0.037581382919347,0.076466779531671,0.051722996302831,0.05910770101418,681.21655932664,-0.36719055378757,-0.0018700252340952,-0.00031216858647193,673.29001562318,0.0042304098067732,-0.36444653154285,0,4.743124472108e-09,2.9747901965627e-13,1.0917887488393e-21,8.4633113982269e-53,1.2434631583524e-13,5.838841017614e-13,2.9852964904556e-13,0,2.7328136833947e-13,2.8209027802029e-13,3.7536908315337e-22,1.7399098524494e-13,9.6882411142286e-14,1.9286896870033e-11,3.2501784473787e-21,1.1969850037058e-52,1.122222756589e-11,2.1407463691443e-11,1.985400305239e-11,0,1.7362080094136e-11,1.967580888293e-11,1.0649639309495e-21,1.3671767360991e-11,1.0377899171738e-11
6.15,1085060518.7036,1085060518.7036,1085060518.7036,507282740.9258,507282740.9258,507282740.9258,1,1,1,399999877.16452,9.4828572723849e-05,0.00018216552965968,6.2128403854121e-05,1.0563462514647,295.6103918323,295.6103918323,318.8805751916,318.8805751916,295.6103918323,327.75374663729,327.75374663729,327.75374663729,302.80878575445,302.80878575445,302.80878575445,318.8805751916,0.0039365429397628,1.5214277209362e-18,2.1629090861074e-16,-0.0021582992607408,-0.0053358041180962,-0.0012027228817052,8.9423037835692e-15,-0.001302540903594,-0.0035706615747714,-5.1442292190207e-17,-0.0042716745408872,0.0018348389947704,451.33253735167,451.33253735167,474.60272071097,474.60272071097,451.33253735167,483.47589215667,483.47589215667,483.47589215667,458.53093127382,458.53093127382,458.53093127382,474.60272071097,0.037550840224585,0.077112521878622,0.052172970827019,0.059577129949869,680.69172567176,-0.37042963558537,-0.00013358777264174,0.00026406746193121,672.72433366032,-0.00046225987363221,-0.36817741593863,0,4.8231203624004e-09,2.9997362562123e-13,1.9439646977009e-21,3.4438780946995e-50,1.2588704356139e-13,6.0192553971416e-13,3.0149788214845e-13,0,2.7644310822495e-13,2.7387446297747e-13,6.9677878177081e-22,1.8141501494183e-13,9.6539362373228e-14,1.9711123639741e-11,5.9993596876419e-21,4.8823489587207e-50,1.1400258730222e-11,2.2258714953246e-11,2.0280385446352e-11,0,1.7753029687012e-11,2.006312586286e-11,2.0503579341036e-21,1.392832693554e-11,1.0514426447309e-11
6.2,1083099700.7071,1083099700.7071,1083099700.7071,505321922.92931,505321922.92931,505321922.92931,1,1,1,399999885.77076,9.5568534467552e-05,0.00018364795283607,6.2553449804805e-05,1.0568454136802,295.20076038764,295.20076038764,318.62533129833,318.62533129833,295.20076038764,327.53477326117,327.53477326117,327.53477326117,302.47499168693,302.47499168693,302.47499168693,318.62533129833,0.0039389952564164,1.5097408508263e-18,2.4538460882827e-16,-0.0021619913955992,-0.0053489021871248,-0.0011985879895394,1.0519135009483e-14,-0.0013035988373217,-0.0035574320582727,-3.7718976160114e-17,-0.0042608234352218,0.0018310184674824,450.92846506517,450.92846506517,474.35303597586,474.35303597586,450.92846506517,483.2624779387,483.2624779387,483.2624779387,458.20269636446,458.20269636446,458.20269636446,474.35303597586,0.037553319917815,0.077758086914643,0.052622766635689,0.060046348176529,680.17739707866,-0.37244091843574,-0.0037393035289209,-0.00074466872763129,672.17195898605,0.0039011272644617,-0.36988829519344,0,4.8960501366293e-09,3.0240903413751e-13,3.3478971869442e-21,2.552387498451e-48,1.2760959177633e-13,6.1963881860143e-13,3.043753727826e-13,0,2.7955506689805e-13,2.6508837804941e-13,1.2457095341119e-21,1.8904106834561e-13,9.6071327003925e-14,2.0138794597202e-11,1.0734001294849e-20,3.6584445063281e-48,1.1580725945601e-11,2.3135016574285e-11,2.0710837226593e-11,0,1.8148380254049e-11,2.0438017442325e-11,3.8120572520221e-21,1.419567137824e-11,1.0650291820913e-11
6.25,1081166537.9537,1081166537.9537,1081166537.9537,503388760.17587,503388760.17587,503388760.17587,1,1,1,399999893.62447,9.6298961700129e-05,0.00018513041782921,6.2971472024153e-05,1.0573444647445,294.7966429647,294.7966429647,318.37322497229,318.37322497229,294.7966429647,327.31801617627,327.31801617627,327.31801617627,302.14668829717,302.14668829717,302.14668829717,318.37322497229,0.0039462568923637,1.5523654277203e-18,2.7144515017759e-16,-0.0021622438309522,-0.0053671328145441,-0.0011934528950695,1.2147204758298e-14,-0.0013029892406048,-0.0035411990425644,-2.6527166912955e-17,-0.0042500078871252,0.0018276813212643,450.52956572442,450.52956572442,474.10614773201,474.10614773201,450.52956572442,483.05093893599,483.05093893599,483.05093893599,457.87961105689,457.87961105689,457.87961105689,474.10614773201,0.037505300528603,0.07840351307998,0.053072424407262,0.060515366129851,679.67177450833,-0.37483377377852,-0.0010407539963143,-0.00020168657011936,671.62903431314,0.0017119779316166,-0.37263336234805,0,4.9621956523195e-09,3.0440317292579e-13,5.6321937132477e-21,6.9336981489664e-47,1.2953158353551e-13,6.369323416458e-13,3.0685721683306e-13,0,2.8258178090016e-13,2.5563358903479e-13,2.1707874573661e-21,1.9658026848345e-13,9.5520296273516e-14,2.0569285692783e-11,1.8699126030036e-20,1.0171574410302e-46,1.1763911267792e-11,2.4035774930154e-11,2.114479886435e-11,0,1.8548011241078e-11,2.0799537930936e-11,6.8820143152587e-21,1.4473677860024e-11,1.0785377919385e-11
6.3,1079261362.9244,1079261362.9244,1079261362.9244,501483585.14661,501483585.14661,501483585.14661,1,1,1,399999900.7876,9.7021554323144e-05,0.00018661286706402,6.3385317670288e-05,1.0578433852122,294.39835121657,294.39835121657,318.12417393972,318.12417393972,294.39835121657,327.10356179213,327.10356179213,327.10356179213,301.82374484933,301.82374484933,301.82374484933,318.12417393972,0.0039494503269452,1.8088649071244e-18,2.952453522667e-16,-0.0021646871724715,-0.0053817031352819,-0.0011891401605171,1.3766051870476e-14,-0.0013034172903582,-0.0035273152141018,-1.7844603677287e-17,-0.0042394733027804,0.0018240715801528,450.13616957105,450.13616957105,473.8619922942,473.8619922942,450.13616957105,482.84138014661,482.84138014661,482.84138014661,457.56156320381,457.56156320381,457.56156320381,473.8619922942,0.037522404688311,0.079048759645615,0.053521907235794,0.060984176847109,679.17780958977,-0.37780366164551,-0.0036569028418011,-1.0303338559932e-06,671.09856405707,0.0018555084666218,-0.37463488107358,0,5.022081056537e-09,3.0630847131753e-13,9.2292969192803e-21,9.3952803352244e-46,1.3169831469665e-13,6.5393732503289e-13,3.0897597929063e-13,0,2.8567948315004e-13,2.4581530147887e-13,3.6766749663165e-21,2.0395037702574e-13,9.4900048710801e-14,2.100247128719e-11,3.1751322904451e-20,1.4304090313402e-45,1.1950160810578e-11,2.4960581964158e-11,2.1581756884711e-11,0,1.8952023040641e-11,2.1147173264126e-11,1.2081617917061e-20,1.4762107249265e-11,1.0919586855342e-11
6.35,1077381160.5354,1077381160.5354,1077381160.5354,499603382.75759,499603382.75759,499603382.75759,1,1,1,399999907.33887,9.7736904470407e-05,0.00018809542105215,6.3794071083962e-05,1.0583421926133,294.00520612565,294.00520612565,317.87782300726,317.87782300726,294.00520612565,326.89085021096,326.89085021096,326.89085021096,301.50602146859,301.50602146859,301.50602146859,317.87782300726,0.0039550254617223,2.5508666988981e-18,3.1514909848969e-16,-0.0021659332148174,-0.0053944899028826,-0.0011854742493228,1.5259730958829e-14,-0.0013042628701208,-0.0035125653285006,-1.1330586191416e-17,-0.0042299457949667,0.0018206657085583,449.74762593305,449.74762593305,473.62024281466,473.62024281466,449.74762593305,482.63327001836,482.63327001836,482.63327001836,457.24844127599,457.24844127599,457.24844127599,473.62024281466,0.037482126465212,0.079693840826654,0.053971219163248,0.061452778684651,678.6925447626,-0.37933650574481,-0.00095192420198572,-0.00014141995082897,670.57902815486,0.0024626252144138,-0.3767711350153,0,5.0762078245782e-09,3.0780028075194e-13,1.4761453026549e-20,7.7679201732255e-45,1.3412176932319e-13,6.7022147686592e-13,3.1064155893975e-13,0,2.8865208706823e-13,2.3546043115436e-13,6.0599438789088e-21,2.1089467981641e-13,9.4120359931784e-14,2.1437766618732e-11,5.262716997493e-20,1.2415907091747e-44,1.2139837635764e-11,2.5908418266535e-11,2.20210703904e-11,0,1.936023873698e-11,2.1480164599267e-11,2.0651672737834e-20,1.5060357365694e-11,1.1052693144853e-11
6.4,1075525848.5168,1075525848.5168,1075525848.5168,497748070.73905,497748070.73905,497748070.73905,1,1,1,399999912.92431,9.844753459445e-05,0.00018957802963121,6.4200749658115e-05,1.0588408961212,293.61731819986,293.61731819986,317.63417957285,317.63417957285,293.61731819986,326.6800324073,326.6800324073,326.6800324073,301.19320023439,301.19320023439,301.19320023439,317.63417957285,0.003955980465917,4.4450914577827e-18,3.3166271866987e-16,-0.0021691526076643,-0.0054025770148766,-0.001182902333237,1.6526059448273e-14,-0.0013063860967501,-0.0035019839171978,-6.361251543999e-18,-0.0042213642599385,0.001817042584707,449.36406561556,449.36406561556,473.38092698855,473.38092698855,449.36406561556,482.426779823,482.426779823,482.426779823,456.93994765009,456.93994765009,456.93994765009,473.38092698855,0.037511496454968,0.080338751128044,0.054420347994374,0.061921160023796,678.21580835564,-0.38144368790507,-0.003000434656335,-0.0011717698798671,670.06870490662,0.0068062026782194,-0.37888865246902,0,5.1250766885018e-09,3.0908049531444e-13,2.3044292107599e-20,4.2413569247274e-44,1.3677389717813e-13,6.8590369592931e-13,3.1190200370541e-13,0,2.9176894580382e-13,2.2480969199765e-13,9.7248011766195e-21,2.1737747275018e-13,9.3222362739623e-14,2.187487244707e-11,8.5216720408785e-20,7.2397751949892e-44,1.2333265136132e-11,2.6878432575801e-11,2.2462166434172e-11,0,1.9772862337215e-11,2.1798093514643e-11,3.4404618453191e-20,1.5367775535811e-11,1.1184529474555e-11
6.45,1073699290.783,1073699290.783,1073699290.783,495921513.00518,495921513.00518,495921513.00518,1,1,1,399999918.11776,9.9147822107069e-05,0.00019106064977074,6.4599984142182e-05,1.0593394930878,293.23549202631,293.23549202631,317.39393041283,317.39393041283,293.23549202631,326.47141576675,326.47141576675,326.47141576675,300.8858975761,300.8858975761,300.8858975761,317.39393041283,0.0039631348523252,8.9878655818548e-18,3.4004493739293e-16,-0.0021688464228043,-0.0054219909692316,-0.0011784327981497,1.7491434348187e-14,-0.0013052980339886,-0.0034856893068596,-2.2158139560181e-18,-0.0042093758693628,0.0018145361309634,448.98628329572,448.98628329572,473.14472168224,473.14472168224,448.98628329572,482.22220703616,482.22220703616,482.22220703616,456.63668884551,456.63668884551,456.63668884551,473.14472168224,0.037453817562579,0.080983510550625,0.054869328216993,0.062389345716959,677.7482789249,-0.38404172549662,-0.00081483055413087,0.00023611867717522,669.56769152618,0.00062624150215339,-0.38151808864482,0,5.1690699976379e-09,3.0992562372595e-13,3.5533420128341e-20,1.7719574190158e-43,1.399123248949e-13,7.0068957083385e-13,3.1253414562511e-13,0,2.9479267566019e-13,2.1411055569296e-13,1.5419972068408e-20,2.2336314947642e-13,9.2320642366925e-14,2.2313173467471e-11,1.3546856507179e-19,3.2299037334187e-43,1.2531131043542e-11,2.7869357269887e-11,2.2904156461619e-11,0,2.0189762137222e-11,2.2100891566351e-11,5.6211752083748e-20,1.5683658731135e-11,1.1315090579078e-11
6.5,1071897640.2118,1071897640.2118,1071897640.2118,494119862.43398,494119862.43398,494119862.43398,1,1,1,399999922.82501,9.9845474803395e-05,0.00019254329402768,6.5000472747596e-05,1.0598379529538,292.85871981381,292.85871981381,317.15659994028,317.15659994028,292.85871981381,326.2647308706,326.2647308706,326.2647308706,300.58347794719,300.58347794719,300.58347794719,317.15659994028,0.0039596599199746,1.9183766028723e-17,3.4748313253682e-16,-0.0021759589642937,-0.0054246084502496,-0.0011769074284249,1.8230107570902e-14,-0.0013087713418349,-0.0034784773866382,2.0560663665922e-18,-0.0041996942557545,0.0018101872962858,448.61331832385,448.61331832385,472.91119845033,472.91119845033,448.61331832385,482.01932938064,482.01932938064,482.01932938064,456.33807645724,456.33807645724,456.33807645724,472.91119845033,0.037463944111045,0.081628041280371,0.055318070286442,0.062857305281613,677.29319828648,-0.38645665024408,-0.011269055175444,-0.0030024309154945,669.08039868942,0.011699951953917,-0.38315533038535,0,5.208663780749e-09,3.1083388043302e-13,5.3348827830503e-20,5.1990541606484e-43,1.4331162324659e-13,7.1506064366218e-13,3.1303881422682e-13,0,2.9797746997509e-13,2.0336803390734e-13,2.3766261804127e-20,2.2905766811636e-13,9.1329871785623e-14,2.2752758956824e-11,2.1091520092639e-19,1.058247663892e-42,1.2733804284783e-11,2.8880605730073e-11,2.3346860198248e-11,0,2.0611165916542e-11,2.2388497398056e-11,8.9822321854054e-20,1.6007595191951e-11,1.1444250522407e-11
6.55,1070123997.9491,1070123997.9491,1070123997.9491,492346220.17133,492346220.17133,492346220.17133,1,1,1,399999927.10835,0.00010053316873119,0.00019402601137236,6.5391489839911e-05,1.0603363102813,292.48865010548,292.48865010548,316.92237036945,316.92237036945,292.48865010548,326.06002335706,326.06002335706,326.06002335706,300.28602775718,300.28602775718,300.28602775718,316.92237036945,0.0039702069776979,4.1663916559481e-17,3.4699508870149e-16,-0.0021714419245426,-0.0054423506769256,-0.0011731691746565,1.8641504206672e-14,-0.0013077107336357,-0.0034604181969934,8.1310428597358e-18,-0.0041914426494785,0.0018076492056715,448.24678702688,448.24678702688,472.68050729085,472.68050729085,448.24678702688,481.81816027846,481.81816027846,481.81816027846,456.04416467859,456.04416467859,456.04416467859,472.68050729085,0.037372148393527,0.082272421412958,0.055766654182855,0.063325065803504,676.84734962441,-0.38810920999874,0.00015079920765426,0.00025524855178244,668.60315838207,-0.00029083510926646,-0.38572000565369,0,5.413423063633e-09,3.110035498113e-13,7.9302451477472e-20,1.1909331952574e-42,1.472585478648e-13,7.286900728124e-13,3.1303506323117e-13,0,3.011209331273e-13,1.9269739479169e-13,3.6223303678339e-20,2.3409914360236e-13,9.035882611946e-14,2.3192584394913e-11,3.2306580333526e-19,2.7424815405053e-42,1.2942059320349e-11,2.9911129113811e-11,2.3789558630168e-11,0,2.1037015224085e-11,2.2661012667205e-11,1.4104980918992e-19,1.6338661375773e-11,1.1572037199785e-11
6.6,1068369986.9845,1068369986.9845,1068369986.9845,490592209.20667,490592209.20667,490592209.20667,1,1,1,399999931.07728,0.00010121640284476,0.00019550879882788,6.5781759994515e-05,1.0608345371552,292.12235560742,292.12235560742,316.69038664518,316.69038664518,292.12235560742,325.85670355013,325.85670355013,325.85670355013,299.99284298231,299.99284298231,299.99284298231,316.69038664518,0.0039705821695303,8.9785643530807e-17,3.452729828356e-16,-0.0021751751565861,-0.0054474549647845,-0.0011718151724033,1.8911399694323e-14,-0.0013103969351198,-0.0034498621810271,1.9341587973341e-17,-0.0041821928036344,0.0018044837224347,447.88383947332,447.88383947332,472.45187051108,472.45187051108,447.88383947332,481.61818741603,481.61818741603,481.61818741603,455.75432684821,455.75432684821,455.75432684821,472.45187051108,0.037383380859243,0.082916556830081,0.056214991192977,0.063792606967882,676.41308858702,-0.38960864272926,-0.0020913597214686,-0.0010653982783779,668.13896546513,0.004760756004481,-0.38759758141859,0,5.6381509034689e-09,3.1125038438498e-13,1.153522117054e-19,1.990178364625e-42,1.5157737228849e-13,7.4088311607592e-13,3.1288706914358e-13,0,3.0434707551388e-13,1.8220661770705e-13,5.3933033269012e-20,2.3894838846407e-13,8.9349487140954e-14,2.3632758909804e-11,4.8619846557877e-19,5.5570187752995e-42,1.3156422095988e-11,3.0958896064699e-11,2.4232047766842e-11,0,2.1467426985945e-11,2.291869173712e-11,2.1732263629888e-19,1.6676585427446e-11,1.1698396456291e-11
6.65,1066643441.825,1066643441.825,1066643441.825,488865664.0472,488865664.0472,488865664.0472,1,1,1,399999934.79534,0.00010189304272043,0.00019699161129717,6.6167833318759e-05,1.0613326330182,291.7623624862,291.7623624862,316.46165145611,316.46165145611,291.7623624862,325.65510037368,325.65510037368,325.65510037368,299.70500012457,299.70500012457,299.70500012457,316.46165145611,0.003973693121987,1.9196917250433e-16,3.4298062740503e-16,-0.0021764982239293,-0.0054580888623403,-0.0011696337582457,1.9052381157641e-14,-0.0013115563630263,-0.0034379510781375,4.2447947559529e-17,-0.0041710794434356,0.0018014902483131,447.52696520797,447.52696520797,472.22625417787,472.22625417787,447.52696520797,481.41970309544,481.41970309544,481.41970309544,455.46960284634,455.46960284634,455.46960284634,472.22625417787,0.037316004280497,0.083560468891993,0.056663098768774,0.064259939536914,675.99076465739,-0.38943623800247,-0.0032645414047973,-0.0017251947033324,667.68912529535,0.0054120578006915,-0.3876124316933,0,5.8613836183513e-09,3.1128601790706e-13,1.6568713003822e-19,2.4914035310019e-42,1.5653028657172e-13,7.5244729075877e-13,3.124285469438e-13,0,3.0768651575186e-13,1.721141940255e-13,7.9275069541755e-20,2.4354372981846e-13,8.8382221992175e-14,2.4072983818106e-11,7.2051545198949e-19,9.0803954381866e-42,1.337778935018e-11,3.2023017228261e-11,2.4673888455202e-11,0,2.1902561429481e-11,2.3162097964588e-11,3.294345148029e-19,1.7021008273187e-11,1.1823387793305e-11
6.7,1064937805.9826,1064937805.9826,1064937805.9826,487160028.20479,487160028.20479,487160028.20479,1,1,1,399999938.27052,0.00010256600147196,0.00019847449303483,6.6551660999608e-05,1.0618306570052,291.40724329514,291.40724329514,316.23503967517,316.23503967517,291.40724329514,325.45523905226,325.45523905226,325.45523905226,299.4209554124,299.4209554124,299.4209554124,316.23503967517,0.0039761327823515,4.0139292257491e-16,3.4152190259106e-16,-0.0021781417512723,-0.0054634320321543,-0.0011687528523103,1.9009122700863e-14,-0.0013146589234525,-0.0034273223215692,9.0414017949974e-17,-0.0041642252590603,0.0017976856272961,447.17477485578,447.17477485578,472.00257123581,472.00257123581,447.17477485578,481.2227706129,481.2227706129,481.2227706129,455.18848697304,455.18848697304,455.18848697304,472.00257123581,0.037269812691812,0.084204201374506,0.057111012023544,0.064727050040532,675.57420157995,-0.3927343236493,-0.0011134627846635,-0.0003294254433977,667.24215767625,0.0058342794714241,-0.39086207807166,0,6.0823866558661e-09,3.1111904199386e-13,2.3425986640189e-19,2.6687981770336e-42,1.6198317586201e-13,7.6324507663178e-13,3.1176437522371e-13,0,3.1113187675113e-13,1.6235744317971e-13,1.1466270682689e-19,2.479572748746e-13,8.7452256050474e-14,2.4512972586806e-11,1.0518089321748e-18,1.2854646015384e-41,1.360686815436e-11,3.3102408767048e-11,2.5114789862909e-11,0,2.2342568349269e-11,2.3391706062685e-11,4.9159206989589e-19,1.7371672814203e-11,1.1947063959872e-11
6.75,1063255702.5591,1063255702.5591,1063255702.5591,485477924.78135,485477924.78135,485477924.78135,1,1,1,399999941.53843,0.00010323194226569,0.00019995738585536,6.693093804916e-05,1.0623285862433,291.05752770296,291.05752770296,316.01104964668,316.01104964668,291.05752770296,325.25701187929,325.25701187929,325.25701187929,299.14148584004,299.14148584004,299.14148584004,316.01104964668,0.0039795452715827,8.2628249131138e-16,3.4134622699766e-16,-0.002179018176916,-0.0054746825007504,-0.0011669189728476,1.8857393518564e-14,-0.0013152764885277,-0.0034150971021659,1.8976367338131e-16,-0.0041545175846698,0.0017950927480776,446.82780076898,446.82780076898,471.7813227127,471.7813227127,446.82780076898,481.02728494531,481.02728494531,481.02728494531,454.91175890606,454.91175890606,454.91175890606,471.7813227127,0.037264842249342,0.084847730861656,0.057558725679324,0.065193952153212,675.16555322004,-0.39583988522566,-0.00085267285600099,0.00042253649897573,666.8038698152,0.0012204650109262,-0.39379345696646,0,6.3006601956182e-09,3.1090659360197e-13,3.2801495003447e-19,2.137334992893e-42,1.6808581419415e-13,7.7266736004673e-13,3.1073051595682e-13,0,3.147214177798e-13,1.5322659025792e-13,1.6411845672147e-19,2.524416893887e-13,8.6599012013206e-14,2.4952660908109e-11,1.5156921231746e-18,1.5877294149668e-41,1.3844577392436e-11,3.4195125426829e-11,2.5554229172818e-11,0,2.2787651646663e-11,2.3608401184744e-11,7.2369061722713e-19,1.7728679275045e-11,1.2069533457149e-11
6.8,1061593884.2734,1061593884.2734,1061593884.2734,483816106.4956,483816106.4956,483816106.4956,1,1,1,399999944.59738,0.00010389404283228,0.00020144033148032,6.7308173759099e-05,1.0628263908227,290.71255213635,290.71255213635,315.78947990243,315.78947990243,290.71255213635,325.06022124515,325.06022124515,325.06022124515,298.86563481174,298.86563481174,298.86563481174,315.78947990243,0.0039808922579772,1.6777714268453e-15,3.4521954357214e-16,-0.0021804341749224,-0.0054801254618262,-0.0011660619793808,1.8644959214556e-14,-0.0013179305008915,-0.0034045101522961,3.9340039965411e-16,-0.0041466773636846,0.0017913746739659,446.48539804628,446.48539804628,471.56232581236,471.56232581236,446.48539804628,480.83306715508,480.83306715508,480.83306715508,454.63848072167,454.63848072167,454.63848072167,471.56232581236,0.037221265762498,0.085491017276923,0.058006196803055,0.065660635498003,674.76839619693,-0.39806319821635,0.0006461715884813,0.00094942760350387,666.37882422231,0.0010274250107894,-0.39513743047929,0,6.5157533707456e-09,3.1075417346116e-13,4.5245001618115e-19,1.323194184027e-42,1.7496579684111e-13,7.8120645477648e-13,3.0965425995919e-13,0,3.1840795625894e-13,1.4456911074685e-13,2.3129012369979e-19,2.5710034773843e-13,8.5767924832499e-14,2.5392133674782e-11,2.155553072354e-18,1.7748573310372e-41,1.409201639528e-11,3.5299918190188e-11,2.5992146426899e-11,0,2.3237948496771e-11,2.3812852781862e-11,1.0507842470063e-18,1.8092274073708e-11,1.2190827619663e-11
6.85,1059955211.5388,1059955211.5388,1059955211.5388,482177433.761,482177433.761,482177433.761,1,1,1,399999947.47551,0.00010455097400794,0.00020292332876116,6.7682436854783e-05,1.0633240841224,290.37292781184,290.37292781184,315.57054703975,315.57054703975,290.37292781184,324.86502467703,324.86502467703,324.86502467703,298.59421798021,298.59421798021,298.59421798021,315.57054703975,0.0039822440395858,3.327555730227e-15,3.5466455401517e-16,-0.0021816906004997,-0.0054861826850535,-0.0011655322765754,1.8445832206267e-14,-0.0013199171636085,-0.0033942651757147,7.9707786068798e-16,-0.0041382752814789,0.001788490365958,446.148180648,446.148180648,471.34579987591,471.34579987591,446.148180648,480.64027751319,480.64027751319,480.64027751319,454.36947081638,454.36947081638,454.36947081638,471.34579987591,0.037175485097936,0.086134065666581,0.058453421698008,0.066127102891825,674.38147522791,-0.39964643167314,4.0921778285533e-05,0.00063950427127883,665.96473825279,-0.00018625754393041,-0.39722086385561,0,6.7271399752893e-09,3.1071625928786e-13,6.1730529038247e-19,6.2701227718783e-43,1.8243584951882e-13,7.884312788105e-13,3.0826649975214e-13,0,3.22333140352e-13,1.3676357930647e-13,3.2209557655146e-19,2.6190334416788e-13,8.5012070689006e-14,2.5831552822717e-11,3.0285545861375e-18,1.8635302576546e-41,1.4350019647933e-11,3.6414928397681e-11,2.6428101091674e-11,0,2.369379639546e-11,2.4006265690556e-11,1.5062961797458e-18,1.8462661335061e-11,1.2311052842997e-11
6.9,1058335662.6196,1058335662.6196,1058335662.6196,480557884.84186,480557884.84186,480557884.84186,1,1,1,399999950.1784,0.00010520412852539,0.00020440638071632,6.8054647512155e-05,1.0638216726025,290.03799087759,290.03799087759,315.35371954478,315.35371954478,290.03799087759,324.67114063274,324.67114063274,324.67114063274,298.32630686513,298.32630686513,298.32630686513,315.35371954478,0.00398302733709,6.577457645105e-15,3.7164557034877e-16,-0.0021832183031395,-0.0054904831748441,-0.0011654571411046,1.8182491115248e-14,-0.0013226317724919,-0.003384843011293,1.5997300775362e-15,-0.0041304204120833,0.001785196560369,445.8155017792,445.8155017792,471.13123044639,471.13123044639,445.8155017792,480.44865153436,480.44865153436,480.44865153436,454.10381776674,454.10381776674,454.10381776674,471.13123044639,0.037111696585321,0.086776865773007,0.058900390388654,0.066593350897443,674.00369516625,-0.40101763721687,8.6182948710762e-05,0.00062678392056492,665.56069534339,0.00035332323206283,-0.39874696711743,0,6.9345695076833e-09,3.1084545068258e-13,8.3216191502314e-19,2.2305289225136e-43,1.9103697113592e-13,7.9487202112614e-13,3.0672628263825e-13,0,3.2643919358544e-13,1.2965801144706e-13,4.4311651266064e-19,2.6704196931894e-13,8.4304795880551e-14,2.6271154674874e-11,4.2054092524536e-18,1.8950747001894e-41,1.4620186723428e-11,3.7539047190308e-11,2.6861877560517e-11,0,2.4155451130318e-11,2.4189629808815e-11,2.1329575616619e-18,1.8840315709794e-11,1.2430277828705e-11
6.95,1056734903.2479,1056734903.2479,1056734903.2479,478957125.47007,478957125.47007,478957125.47007,1,1,1,399999952.72623,0.00010585353256917,0.00020588949114078,6.8424530463556e-05,1.0643191652657,289.70796166833,289.70796166833,315.13890857305,315.13890857305,289.70796166833,324.47835232561,324.47835232561,324.47835232561,298.06174680523,298.06174680523,298.06174680523,315.13890857305,0.0039836135731656,1.2719297296605e-14,3.9694322254943e-16,-0.0021849242682962,-0.0054940082462254,-0.0011656203354603,1.7909552572637e-14,-0.001325484354515,-0.0033761444487205,3.1380863492825e-15,-0.0041227797589746,0.0017817645846893,445.48758106574,445.48758106574,470.91852797045,470.91852797045,445.48758106574,480.25797172302,480.25797172302,480.25797172302,453.84136620264,453.84136620264,453.84136620264,470.91852797045,0.037061965174874,0.087419416633076,0.05934710003925,0.06705937980395,673.63451285881,-0.40315421857567,-0.00044886203661333,0.00050903769571093,665.165017748,0.00078894094231059,-0.40098331194858,0,7.1376105744248e-09,3.1128858486076e-13,1.1108827470911e-18,5.7827117997102e-44,2.0045420290874e-13,8.0018174850562e-13,3.0503899289751e-13,6.9498728875025e-84,3.3077239568777e-13,1.2309181667384e-13,6.0343138862431e-19,2.7259116736671e-13,8.3661884641104e-14,2.6711383213396e-11,5.7764346995961e-18,1.9032526896438e-41,1.4903671775816e-11,3.8670675071408e-11,2.7293267841325e-11,9.8286044942751e-84,2.4623233938359e-11,2.4363707925372e-11,2.9863384154161e-18,1.9225817835668e-11,1.2548593600618e-11
7,1055154182.4115,1055154182.4115,1055154182.4115,477376404.63374,477376404.63374,477376404.63374,1,1,1,399999955.12833,0.0001064994969898,0.00020737264145431,6.8837914283031e-05,1.0648165627237,289.38299773996,289.38299773996,314.92634235664,314.92634235664,289.38299773996,324.28684236154,324.28684236154,324.28684236154,297.80078424695,297.80078424695,297.80078424695,314.92634235664,0.0039836401650349,2.4271590917311e-14,4.3224439835884e-16,-0.0021859409097934,-0.0054974340318908,-0.0011659889362557,1.7631371715779e-14,-0.0013280954579125,-0.003367868277201,6.0387665344332e-15,-0.0041160049529956,0.0017784051031532,445.16459319971,445.16459319971,470.70793781639,470.70793781639,445.16459319971,480.06843782128,480.06843782128,480.06843782128,453.58237970669,453.58237970669,453.58237970669,470.70793781639,0.036992156895558,0.088061714926541,0.059793550255777,0.067525187912947,673.27344734923,-0.40486592396252,-0.00061947086814743,0.00041481971038193,664.7784852029,-0.0013412111274634,-0.40271333959748,0,7.3360515488042e-09,3.1213024278094e-13,1.4689631720442e-18,1.2028579460197e-44,2.1098906693408e-13,8.0456090481615e-13,3.0319798278287e-13,1.0456252368772e-60,3.3535268308125e-13,1.169953833801e-13,8.1355653264231e-19,2.7855043277601e-13,8.307294876894e-14,2.7152802035963e-11,7.8538623401276e-18,1.9049537876647e-41,1.5202055375787e-11,3.9808496014754e-11,2.7722054540661e-11,1.4787373911513e-60,2.509749425095e-11,2.4529164383283e-11,4.136881097636e-18,1.9619747635504e-11,1.2666076491433e-11
7.05,1053591933.6549,1053591933.6549,1053591933.6549,475814155.8771,475814155.8771,475814155.8771,1,1,1,399999957.39509,0.00010714243079958,0.00020885587455982,6.9561004608264e-05,1.0653138464217,289.06276816803,289.06276816803,314.71572436549,314.71572436549,289.06276816803,324.09649556367,324.09649556367,324.09649556367,297.54321126753,297.54321126753,297.54321126753,314.71572436549,0.0039827519754657,4.5807680883668e-14,4.8045392465873e-16,-0.0021886559529504,-0.0054988794575553,-0.0011668012545977,1.7347166885543e-14,-0.0013316123941284,-0.0033600573795781,1.1441841346697e-14,-0.0041074482422959,0.0017751038785281,444.84620990286,444.84620990286,470.49916610033,470.49916610033,444.84620990286,479.87993729851,479.87993729851,479.87993729851,453.32665300236,453.32665300236,453.32665300236,470.49916610033,0.036914109989926,0.088703721356469,0.060239704821287,0.067990776175481,672.92273208903,-0.40663417021334,-0.0032865880621995,-0.0011471216580907,664.40320759992,0.0032463553422602,-0.40388776336597,0,7.529811602555e-09,3.1353355434121e-13,1.9223071590577e-18,2.3778881986694e-44,2.2278653414365e-13,8.0793383207961e-13,3.0128788656874e-13,2.8886625733993e-55,3.4009366614756e-13,1.1133422560713e-13,1.0846705747573e-18,2.8515644190169e-13,8.252098036587e-14,2.7596205440772e-11,1.0572415195514e-17,1.9083166294051e-41,1.5517123113887e-11,4.0951086997581e-11,2.8148139956025e-11,4.0852005757948e-55,2.5578459326093e-11,2.4686614755093e-11,5.6708369351648e-18,2.002301974304e-11,1.2782778781047e-11
7.1,1052051543.5541,1052051543.5541,1052051543.5541,474273765.77631,474273765.77631,474273765.77631,1,1,1,399999959.53771,0.0001077833596717,0.00021033916710906,7.0283550149909e-05,1.0658110224172,288.74822833018,288.74822833018,314.50750426375,314.50750426375,288.74822833018,323.90769057552,323.90769057552,323.90769057552,297.28943716439,297.28943716439,297.28943716439,314.50750426375,0.003982553338068,8.4998537451487e-14,5.4023601579192e-16,-0.0021899397585924,-0.0054975323374256,-0.0011681038929559,1.707161511503e-14,-0.0013356504785795,-0.0033531943445909,2.1272974619625e-14,-0.0041014071704366,0.0017709570824941,444.53338847291,444.53338847291,470.29266440648,470.29266440648,444.53338847291,479.69285071825,479.69285071825,479.69285071825,453.07459730712,453.07459730712,453.07459730712,470.29266440648,0.036867212642177,0.089345437619416,0.060685563857798,0.068456138898287,672.58177815352,-0.40738411121839,-0.0020516496457104,-0.00028909729040931,664.03865105656,0.0046212264183706,-0.40549607275936,0,7.7185941251627e-09,3.1538360600489e-13,2.4942091763346e-18,2.8100790079764e-43,2.3572094261558e-13,8.1091864009628e-13,2.9919651038492e-13,3.9245010581823e-52,3.4516416727726e-13,1.060567976309e-13,1.433972418238e-18,2.9225800292957e-13,8.205981469877e-14,2.8042225213734e-11,1.4099759640082e-17,1.9480571478493e-41,1.5850482867869e-11,4.2097899136387e-11,2.8571267718826e-11,5.5541678226047e-52,2.6066595172702e-11,2.4836601716685e-11,7.6987801771059e-18,2.0436334974495e-11,1.289882888392e-11
7.15,1050531890.0823,1050531890.0823,1050531890.0823,472754112.30455,472754112.30455,472754112.30455,1,1,1,399999961.56833,0.00010841973853643,0.00021182248482397,7.1007814570666e-05,1.0663081290862,288.43898097504,288.43898097504,314.30164124085,314.30164124085,288.43898097504,323.72043408853,323.72043408853,323.72043408853,297.03925321079,297.03925321079,297.03925321079,314.30164124085,0.0039842314766458,1.5669485701639e-13,6.1551732206601e-16,-0.0021904350731291,-0.0055028403480405,-0.001168611726883,1.6718719950209e-14,-0.0013377864656744,-0.0033446334192529,3.9083227465399e-14,-0.0040932209130073,0.0017679185568462,444.2257423745,444.2257423745,470.08840264031,470.08840264031,444.2257423745,479.50719548799,479.50719548799,479.50719548799,452.82601461025,452.82601461025,452.82601461025,470.08840264031,0.036779286658214,0.089986903921294,0.061131169270155,0.068921287041665,672.24646600708,-0.41029732593902,-0.00076255315192428,0.00075474032665036,663.67802888292,0.00081237439210145,-0.40861473706299,0,7.9024226343913e-09,3.176741093044e-13,3.2252658543938e-18,2.3743234826372e-42,2.5039476317724e-13,8.1323144161241e-13,2.9686318495865e-13,5.7761413410375e-50,3.5041734381212e-13,1.0119888006166e-13,1.8891332079151e-18,3.0020935924133e-13,8.1637302350347e-14,2.8491484247527e-11,1.8660974353624e-17,2.2838371949099e-41,1.6204594537901e-11,4.3247982070463e-11,2.8991095661164e-11,8.2242391009051e-50,2.6562160132812e-11,2.4979718545365e-11,1.0370417980869e-17,2.0860895121885e-11,1.3014281464099e-11
7.2,1049029171.4936,1049029171.4936,1049029171.4936,471251393.7158,471251393.7158,471251393.7158,1,1,1,399999963.4842,0.00010905387176832,0.00021330586817964,7.1731409531064e-05,1.0668051239982,288.13394175138,288.13394175138,314.09769401156,314.09769401156,288.13394175138,323.53439627414,323.53439627414,323.53439627414,296.79217326666,296.79217326666,296.79217326666,314.09769401156,0.0039834362848323,2.8424796823444e-13,7.0651795180255e-16,-0.0021915763129408,-0.0055022470813421,-0.0011699575621936,1.6322024864963e-14,-0.0013411845437807,-0.0033379634767636,7.0487113581313e-14,-0.0040868702647922,0.0017642563369651,443.92220507345,443.92220507345,469.88595733363,469.88595733363,443.92220507345,479.32265959621,479.32265959621,479.32265959621,452.58043658873,452.58043658873,452.58043658873,469.88595733363,0.036732447205452,0.090628059323064,0.061576463861884,0.06938621099119,671.92075886408,-0.41170158904837,-2.2957261427182e-05,0.00055117749695704,663.32937943036,-0.00037020465570581,-0.41045461036077,0,8.0810850120663e-09,3.2041044931684e-13,4.1250293351616e-18,1.4521913546701e-41,2.6643957434184e-13,8.1513219071763e-13,2.9445993408045e-13,2.475941428081e-48,3.5589189946429e-13,9.6697610609066e-14,2.4582898816329e-18,3.08722877004e-13,8.1245073928063e-14,2.8944613050477e-11,2.4494646784597e-17,4.3375459038454e-41,1.6581396997488e-11,4.4400753069703e-11,2.9407524893516e-11,3.5837523382426e-48,2.7065467283773e-11,2.5116469617737e-11,1.3846964871719e-17,2.1297495201559e-11,1.3129179349524e-11
7.25,1047546459.257,1047546459.257,1047546459.257,469768681.47925,469768681.47925,469768681.47925,1,1,1,399999965.29912,0.00010968670182387,0.00021478931388448,7.2453354169142e-05,1.0673019954517,287.83430803633,287.83430803633,313.89588673451,313.89588673451,287.83430803633,323.34959632536,323.34959632536,323.34959632536,296.54867855062,296.54867855062,296.54867855062,313.89588673451,0.0039806520616291,5.1110934293304e-13,8.1509002038729e-16,-0.0021943525637631,-0.0054980338119314,-0.0011721133506194,1.5828059453725e-14,-0.0013458241448634,-0.0033329819383478,1.2535627560205e-13,-0.0040801171872055,0.0017602992652159,443.62396942239,443.62396942239,469.68554812057,469.68554812057,443.62396942239,479.13925771142,479.13925771142,479.13925771142,452.33833993667,452.33833993667,452.33833993667,469.68554812057,0.036656740295691,0.091268874813965,0.062021420143779,0.069850908485537,671.60652404603,-0.4131786182211,-0.0020495579272682,-0.00065841594096236,662.9933868147,0.0047463921970188,-0.41136125110607,0,8.254674713904e-09,3.2364085484453e-13,5.2222669514933e-18,7.1196128284556e-41,2.8436031210752e-13,8.1711815441971e-13,2.9204009799497e-13,5.2042644416831e-47,3.6150034430321e-13,9.2605585832796e-14,3.1640930369843e-18,3.1796578345558e-13,8.088799306431e-14,2.9402310336736e-11,3.1880047533731e-17,1.4406198924693e-40,1.6983543207472e-11,4.5556332645745e-11,2.9820531960857e-11,7.7183165894286e-47,2.7576705973489e-11,2.5247433693173e-11,1.8321668157232e-17,2.1747166724893e-11,1.3243572246349e-11
7.3,1046080296.3281,1046080296.3281,1046080296.3281,468302518.55034,468302518.55034,468302518.55034,1,1,1,399999967.02382,0.00011031606812157,0.0002162727687415,7.3176736390083e-05,1.0677988198823,287.53918749909,287.53918749909,313.69599743368,313.69599743368,287.53918749909,323.16557582191,323.16557582191,323.16557582191,296.30817842821,296.30817842821,296.30817842821,313.69599743368,0.0039818383758978,9.1081521691829e-13,9.376644902317e-16,-0.0021942825937514,-0.0055015324360477,-0.0011734239099927,1.5156149103867e-14,-0.0013483339706319,-0.0033260551323533,2.2019691251418e-13,-0.0040728469497066,0.0017571903717124,443.33015575205,443.33015575205,469.48696568664,469.48696568664,443.33015575205,478.95654407487,478.95654407487,478.95654407487,452.09914668117,452.09914668117,452.09914668117,469.48696568664,0.03657466207957,0.09190943369836,0.062466119093977,0.07031538809415,671.29481098694,-0.41581968822468,0.00033727264046276,0.00098925418126087,662.65878208844,-0.00027755350312303,-0.41377414267303,0,8.448723176887e-09,3.2689531816825e-13,6.6182666010779e-18,2.9039309832992e-40,3.0440527969092e-13,8.1938091037274e-13,2.8943205960273e-13,6.2743490442586e-46,3.6725125768915e-13,8.8867568705475e-14,4.0764076818948e-18,3.2801464424194e-13,8.0582374918459e-14,2.9864610129166e-11,4.1239689920377e-17,5.5473984732465e-40,1.7414037282468e-11,4.6715112241943e-11,3.0229850704933e-11,9.645101172396e-46,2.8096077682912e-11,2.5373111414092e-11,2.408657918673e-17,2.2211049483436e-11,1.3357532933847e-11
7.35,1044632340.0963,1044632340.0963,1044632340.0963,466854562.31851,466854562.31851,466854562.31851,1,1,1,399999968.65487,0.00011094456712507,0.00021775630937148,7.3897826347996e-05,1.0682955090494,287.2488237459,287.2488237459,313.49808488399,313.49808488399,287.2488237459,322.98270231296,322.98270231296,322.98270231296,296.07101271358,296.07101271358,296.07101271358,313.49808488399,0.0039783825835627,1.6018587016957e-12,1.0757951444908e-15,-0.0021968596791415,-0.005495193697442,-0.0011761685638308,1.4363789491075e-14,-0.0013532131438,-0.0033222880182366,3.8078490280837e-13,-0.0040661597745108,0.001753378265691,443.04102081006,443.04102081006,469.29028194816,469.29028194816,443.04102081006,478.77489937712,478.77489937712,478.77489937712,451.86320977775,451.86320977775,451.86320977775,469.29028194816,0.036505091915392,0.092549621672322,0.062910452260762,0.070779639698363,670.99564878931,-0.41643848275211,-0.0014649178671238,-0.00053181600849237,662.3393126934,0.0046032726658354,-0.41511130449379,0,8.6641298315957e-09,3.3046844308824e-13,8.2901168715134e-18,1.0081574354364e-39,3.2631157208759e-13,8.2218190024553e-13,2.8690017499046e-13,5.3046549159956e-45,3.7305070184133e-13,8.5557174919524e-14,5.1839502148373e-18,3.3878539085553e-13,8.0302416293833e-14,3.0331963083318e-11,5.2963685633729e-17,1.980489765526e-39,1.7875511533274e-11,4.7877853036008e-11,3.0635588823452e-11,8.4664250431497e-45,2.8623651044909e-11,2.5494107531221e-11,3.1417791887219e-17,2.2690164377918e-11,1.3471097700061e-11
7.4,1043201745.5957,1043201745.5957,1043201745.5957,465423967.81796,465423967.81796,465423967.81796,1,1,1,399999970.19275,0.00011157060666375,0.00021923987418331,7.4618726827863e-05,1.0687921263306,286.96329603319,286.96329603319,313.30206077329,313.30206077329,286.96329603319,322.80099795979,322.80099795979,322.80099795979,295.83667377831,295.83667377831,295.83667377831,313.30206077329,0.0039770311670323,2.7850329547384e-12,1.2235383892835e-15,-0.002198211181275,-0.0054935997464096,-0.0011783767746476,1.3383363490476e-14,-0.0013568446977605,-0.0033176660809145,6.4947746405484e-13,-0.0040591653874627,0.0017502183456732,442.75664156294,442.75664156294,469.09540630304,469.09540630304,442.75664156294,478.59434348954,478.59434348954,478.59434348954,451.63001930807,451.63001930807,451.63001930807,469.09540630304,0.036410054831452,0.093189497140871,0.063354476226753,0.071243669877087,670.70194387442,-0.41862932393222,-0.0022940260096833,-0.00085045087392636,662.02459345189,0.0050147833693606,-0.41708503310989,0,8.8674292300896e-09,3.3408275365557e-13,1.034536206218e-17,3.1203714590246e-39,3.5048612005062e-13,8.2522431309475e-13,2.8428722406762e-13,3.3984226751649e-44,3.7888955747537e-13,8.2508720170264e-14,6.5656038135547e-18,3.5033819271858e-13,8.0071363494346e-14,3.0804427444492e-11,6.7594236969724e-17,6.3933614025205e-39,1.8371173757673e-11,4.9044896451587e-11,3.1037631671338e-11,5.6527379422094e-44,2.9159481795732e-11,2.56107924823e-11,4.0702957845517e-17,2.3185617401478e-11,1.3584335708272e-11
7.45,1041786633.7025,1041786633.7025,1041786633.7025,464008855.92476,464008855.92476,464008855.92476,1,1,1,399999971.65218,0.0001121932930742,0.00022072345420617,7.5340444085963e-05,1.0692886829038,286.68192349907,286.68192349907,313.10767849845,313.10767849845,286.68192349907,322.62018899535,322.62018899535,322.62018899535,295.60531647447,295.60531647447,295.60531647447,313.10767849845,0.0039774779250086,4.8008920207074e-12,1.3774822205195e-15,-0.0021981375635409,-0.0054953876240457,-0.0011802061379172,1.2214694326579e-14,-0.0013595884325438,-0.0033114627109533,1.0958269689287e-12,-0.0040519031403035,0.001747214152756,442.4763447452,442.4763447452,468.90209974458,468.90209974458,442.4763447452,478.41461024148,478.41461024148,478.41461024148,451.3997377206,451.3997377206,451.3997377206,468.90209974458,0.036322256953111,0.093829074675124,0.063798208991509,0.071707481468902,670.41236457639,-0.42156584172645,-0.00052450246473706,0.00082515947969235,661.71338635389,-0.00050056260146427,-0.41979029137289,0,9.0583883996352e-09,3.3754523737976e-13,1.2882499787716e-17,8.4577241821708e-39,3.7733438197316e-13,8.2932529824743e-13,2.8164043510061e-13,1.6404229767654e-43,3.8469346826178e-13,7.9686918961824e-14,8.2971831399353e-18,3.627959528008e-13,7.9888064194655e-14,3.1281788497109e-11,8.5812842886781e-17,1.8354389647757e-38,1.8904805158209e-11,5.0217739535987e-11,3.1435931394369e-11,2.885182215991e-43,2.9703520515904e-11,2.572348680384e-11,5.2436946771507e-17,2.3698688358303e-11,1.3697314492128e-11
7.5,1040388137.3203,1040388137.3203,1040388137.3203,462610359.54247,462610359.54247,462610359.54247,1,1,1,399999973.03486,0.00011281691248654,0.00022220711781273,7.6058442027094e-05,1.0697850990908,286.40531616007,286.40531616007,312.91503754004,312.91503754004,286.40531616007,322.44037995385,322.44037995385,322.44037995385,295.37678684153,295.37678684153,295.37678684153,312.91503754004,0.0039719062519711,8.1842398818887e-12,1.5398202043603e-15,-0.0022015543769159,-0.0054845684776822,-0.0011836956874465,1.1011326558907e-14,-0.0013657118130941,-0.0033103809758126,1.8265710990498e-12,-0.0040460587787351,0.0017429085783292,442.20074272793,442.20074272793,468.71046410791,468.71046410791,442.20074272793,478.23580652171,478.23580652171,478.23580652171,451.1722134094,451.1722134094,451.1722134094,468.71046410791,0.036252484533651,0.094468247519338,0.06424155219812,0.072171060738475,670.13538735947,-0.42331544226171,-0.0034070538265372,-0.00041283391285881,661.41732886536,0.0074249037918737,-0.42137611760567,0,9.2374851766989e-09,3.4117963085231e-13,1.5882487263543e-17,2.0568779855711e-38,4.0656618402617e-13,8.3450181790927e-13,2.791763578394e-13,6.6541870523955e-43,3.9041957486562e-13,7.6987589578655e-14,1.036761648221e-17,3.760451284391e-13,7.9700407194532e-14,3.1764289358266e-11,1.082740717791e-16,4.744303708117e-38,1.9479776569661e-11,5.13979033247e-11,3.183074638592e-11,1.2295623792056e-42,3.0255657173695e-11,2.5832363697156e-11,6.7098970610131e-17,2.4230496479006e-11,1.3810027888909e-11
7.55,1039006050.8214,1039006050.8214,1039006050.8214,461228273.04363,461228273.04363,461228273.04363,1,1,1,399999974.31202,0.00011343696539145,0.00022369082680926,7.6777048747298e-05,1.0702814548608,286.13329831168,286.13329831168,312.72426401624,312.72426401624,286.13329831168,322.26146927918,322.26146927918,322.26146927918,295.15112500317,295.15112500317,295.15112500317,312.72426401624,0.0039723612579568,1.3792523424356e-11,1.7044969793543e-15,-0.0022014533055016,-0.0054840174061159,-0.0011860232806847,9.7322156234824e-15,-0.0013687807107449,-0.0033053209704677,3.0055002837729e-12,-0.0040385912093306,0.0017402942636472,441.92966564674,441.92966564674,468.5206313513,468.5206313513,441.92966564674,478.05783661424,478.05783661424,478.05783661424,450.94749233824,450.94749233824,450.94749233824,468.5206313513,0.036144010509647,0.095107093185379,0.064684574446589,0.072634423048079,669.86252426309,-0.42420073293935,-0.0020332204661795,-0.00066842639854436,661.12587158063,0.005150809890292,-0.42310556669177,0,9.4046684354002e-09,3.4456897669843e-13,1.9514975369999e-17,4.7927352762079e-38,4.3882963988596e-13,8.40594556165e-13,2.7658183973007e-13,2.4562247272112e-42,3.9606620218508e-13,7.4551240424306e-14,1.2909745966968e-17,3.9015638243172e-13,7.9572682655063e-14,3.2251583478286e-11,1.3587241461673e-16,1.1522254936594e-37,2.0100375397959e-11,5.2586683546485e-11,3.2221892174772e-11,4.7031887006639e-42,3.0815779368423e-11,2.5937795072456e-11,8.5356108443409e-17,2.4782260926487e-11,1.3922560655914e-11
7.6,1037639182.856,1037639182.856,1037639182.856,459861405.07822,459861405.07822,459861405.07822,1,1,1,399999975.52652,0.00011405515949321,0.00022517456767928,7.7494637736529e-05,1.070777723459,285.86546566541,285.86546566541,312.53518604376,312.53518604376,285.86546566541,322.08369196168,322.08369196168,322.08369196168,294.92795765733,294.92795765733,294.92795765733,312.53518604376,0.0039722439170867,2.304978459718e-11,1.874693044132e-15,-0.0022018481417088,-0.0054800305796247,-0.0011886648265222,8.4596747393458e-15,-0.0013729434852522,-0.0033010612849591,4.8939752898955e-12,-0.0040317329696863,0.0017368291148498,441.66271204552,441.66271204552,468.33243242388,468.33243242388,441.66271204552,477.88093834179,477.88093834179,477.88093834179,450.72520403744,450.72520403744,450.72520403744,468.33243242388,0.036068275236339,0.095745577753329,0.065127252589205,0.073097564197352,669.59644039727,-0.42595422759778,0.00053029573501582,0.00076343466461416,660.84153668158,0.0053974339873376,-0.42447320280529,0,9.6930753769626e-09,3.4774530980916e-13,2.396030030142e-17,9.9939786569626e-38,4.7434522368844e-13,8.4791343843212e-13,2.7413684673581e-13,7.8339637807314e-42,4.0153453565215e-13,7.225402986357e-14,1.6065957698122e-17,4.0520943566411e-13,7.9473263577468e-14,3.274336961167e-11,1.6975739626153e-16,2.5655875095338e-37,2.0771200846546e-11,5.3785814230834e-11,3.2609580221372e-11,1.5782086526514e-41,3.1383634954503e-11,2.6039977701425e-11,1.0807680371261e-16,2.5355313606005e-11,1.4034952823112e-11
7.65,1036286659.611,1036286659.611,1036286659.611,458508881.83326,458508881.83326,458508881.83326,1,1,1,399999976.68468,0.00011467083894929,0.00022665832961129,7.8211975136921e-05,1.0712739163293,285.60156301009,285.60156301009,312.34789025006,312.34789025006,285.60156301009,321.90679624466,321.90679624466,321.90679624466,294.70718195707,294.70718195707,294.70718195707,312.34789025006,0.0039695790686131,3.8193969072782e-11,2.0534905611054e-15,-0.0022028727100286,-0.00547734025632,-0.0011917666933595,7.2322712828079e-15,-0.0013763253730002,-0.0032982499922419,7.860925063163e-12,-0.0040242498131662,0.0017339201582512,441.39963413479,441.39963413479,468.14596137476,468.14596137476,441.39963413479,477.70486736936,477.70486736936,477.70486736936,450.50525308177,450.50525308177,450.50525308177,468.14596137476,0.036010768366951,0.096383699312373,0.065569583503682,0.073560483619025,669.33565620038,-0.42811756238362,-0.0020417462851966,0.00139585205087,660.56213413369,0.0022731816802028,-0.42727404402318,0,1.0643328358964e-08,3.5053160892342e-13,2.9332024562219e-17,1.8576943950425e-37,5.1361145102685e-13,8.565214329567e-13,2.7163202020138e-13,1.7163572456521e-40,4.0699679323892e-13,7.012924396774e-14,1.9915671064861e-17,4.20822885405e-13,7.942839882782e-14,3.323909616705e-11,2.1123914320928e-16,5.1927641177473e-37,2.1497557126379e-11,5.4997118457785e-11,3.2993725908316e-11,2.5851165599437e-40,3.1959215339344e-11,2.6139155429363e-11,1.3624181583629e-16,2.5950447037902e-11,1.4147281541972e-11
7.7,1034948497.9871,1034948497.9871,1034948497.9871,457170720.20932,457170720.20932,457170720.20932,1,1,1,399999977.78663,0.00011528537295509,0.00022814215185117,7.8927973248758e-05,1.0717700422475,285.34167539777,285.34167539777,312.16222158575,312.16222158575,285.34167539777,321.73076600936,321.73076600936,321.73076600936,294.48895489851,294.48895489851,294.48895489851,312.16222158575,0.0039687003959356,6.2348196630197e-11,2.2385919316208e-15,-0.0022032516103957,-0.005473001080145,-0.0011942168047754,6.1169569707285e-15,-0.001380296774624,-0.0032951898845892,1.2522775620413e-11,-0.0040183166892917,0.0017306567018375,441.14052139505,441.14052139505,467.96106758303,467.96106758303,441.14052139505,477.52961200665,477.52961200665,477.52961200665,450.2878008958,450.2878008958,450.2878008958,467.96106758303,0.035857928061539,0.09702147243955,0.066011583466826,0.074023180968831,669.07859347438,-0.43126335368878,0.00057499793463451,0.00092295796292464,660.28699852364,0.00054872416200008,-0.42978351217214,0,1.1677607025741e-08,3.5293354844107e-13,3.5672116693669e-17,3.6140145536353e-37,5.5543006563919e-13,8.6646257693024e-13,2.692648166528e-13,1.3080546276744e-38,4.1228110750012e-13,6.8107177807671e-14,2.4516265349334e-17,4.3782134080092e-13,7.9385031234761e-14,3.3738219577872e-11,2.6168713443602e-16,1.0303752514112e-36,2.2283053858155e-11,5.6222481585368e-11,3.3374523863896e-11,1.8757197603814e-38,3.2542268873081e-11,2.6235473523914e-11,1.7091305079206e-16,2.6569619915959e-11,1.4259548929793e-11
7.75,1033628181.721,1033628181.721,1033628181.721,455850403.9432,455850403.9432,455850403.9432,1,1,1,399999978.83991,0.00011589836561678,0.00022962600428369,7.964252332466e-05,1.0722660658317,285.08644686636,285.08644686636,311.97867747918,311.97867747918,285.08644686636,321.55618550329,321.55618550329,321.55618550329,294.27368410309,294.27368410309,294.27368410309,311.97867747918,0.003965862623296,1.0079554311414e-10,2.4445798290981e-15,-0.0022038991460572,-0.0054664981901007,-0.0011974084703007,5.1124086768745e-15,-0.0013842699166179,-0.0032933808349017,1.9695195899837e-11,-0.0040124520329593,0.0017272851080363,440.8860161038,440.8860161038,467.77824671662,467.77824671662,440.8860161038,477.35575474073,477.35575474073,477.35575474073,450.07325334053,450.07325334053,450.07325334053,467.77824671662,0.035802020637352,0.097658846629098,0.066453203351946,0.074485654683648,668.83009647777,-0.43328826772349,0.00016657994869838,0.00069994660710463,660.02198601015,-0.0012840699671787,-0.43195060162502,0,1.280220749797e-08,3.5496583191357e-13,4.325457020444e-17,6.4158827849534e-37,6.0126006392664e-13,8.7803737380698e-13,2.6695198971431e-13,4.7364792880664e-37,4.1748174792274e-13,6.6227879285132e-14,3.0070955419559e-17,4.5543301770602e-13,7.9405551374494e-14,3.4240217071543e-11,3.2285833425376e-16,1.9377180963189e-36,2.3133363995074e-11,5.7464213947677e-11,3.3752050988253e-11,6.8859652231209e-37,3.3132677223036e-11,2.6329133889006e-11,2.1343980377992e-16,2.7213699466351e-11,1.4371845337475e-11
7.8,1032322531.7741,1032322531.7741,1032322531.7741,454544753.99629,454544753.99629,454544753.99629,1,1,1,399999979.84414,0.00011651110293666,0.00023110992585508,8.0354501867748e-05,1.0727619837123,284.83532139891,284.83532139891,311.79692300439,311.79692300439,284.83532139891,321.38265820868,321.38265820868,321.38265820868,294.06063020924,294.06063020924,294.06063020924,311.79692300439,0.0039616821862936,1.6087279583168e-10,2.6806175047295e-15,-0.0022059066377813,-0.0054564001711066,-0.0012010344388259,4.2389250138251e-15,-0.0013896403425313,-0.0032931257993162,3.0539183963027e-11,-0.004006399341627,0.0017236968850786,440.63556865985,440.63556865985,467.59717026533,467.59717026533,440.63556865985,477.18290546963,477.18290546963,477.18290546963,449.86087747019,449.86087747019,449.86087747019,467.59717026533,0.03567380192579,0.098295786509889,0.066894413751986,0.074947903307552,668.58972606134,-0.43480566905757,-0.0018602984521181,-0.00061816371685415,659.76677992819,0.0035704482140629,-0.43318868949013,0,1.4022493283946e-08,3.5682448517374e-13,5.2098638299705e-17,1.0785717398115e-36,6.5045723456533e-13,8.9117998551655e-13,2.6477304846358e-13,9.4991957888415e-36,4.2248720257635e-13,6.444272064494e-14,3.6611145278132e-17,4.7364872317904e-13,7.9454994290769e-14,3.4744843097862e-11,3.9653693511838e-16,3.4630488787527e-36,2.405324943794e-11,5.872453276971e-11,3.4126496624341e-11,1.4122488038529e-35,3.3730164354849e-11,2.6420269658538e-11,2.6521578196626e-16,2.7883539914472e-11,1.4484211667999e-11
7.85,1031029373.437,1031029373.437,1031029373.437,453251595.65922,453251595.65922,453251595.65922,1,1,1,399999980.80462,0.00011712115075611,0.00023259384856231,8.1066010815859e-05,1.0732578329976,284.58802760325,284.58802760325,311.61647279981,311.61647279981,284.58802760325,321.20968898405,321.20968898405,321.20968898405,293.84978221622,293.84978221622,293.84978221622,311.61647279981,0.0039609665288426,2.5455342648283e-10,2.9554782861186e-15,-0.0022059381440523,-0.0054518815501811,-0.0012043846268813,3.4692543788689e-15,-0.0013933232140058,-0.0032910326064332,4.6872787620002e-11,-0.0039989213449559,0.0017204971513315,440.38891056646,440.38891056646,467.41735576303,467.41735576303,440.38891056646,477.01057194727,477.01057194727,477.01057194727,449.65066517944,449.65066517944,449.65066517944,467.41735576303,0.035555152311484,0.098932325992418,0.06733524276641,0.075409935095822,668.35370283294,-0.43628638777085,-0.00065386718984589,0.00083578046521762,659.51596516701,0.0038132603431224,-0.43526033303345,0,1.5346270897485e-08,3.5823245229181e-13,6.270618699482e-17,1.8387551055843e-36,7.044046492068e-13,9.0650612816041e-13,2.6276369225684e-13,1.2548744581955e-34,4.2726841807595e-13,6.2776690116377e-14,4.4568297747114e-17,4.9277649190216e-13,7.9554194360437e-14,3.5251460290376e-11,4.8521687521115e-16,6.0634412869528e-36,2.5049428046247e-11,6.0006526030529e-11,3.449810060163e-11,1.9158853582409e-34,3.4334413146466e-11,2.6509049305102e-11,3.2824487309211e-16,2.8580431112538e-11,1.4596718288607e-11
7.9,1029746962.2978,1029746962.2978,1029746962.2978,451969184.52006,451969184.52006,451969184.52006,1,1,1,399999981.71859,0.00011773035830296,0.0002340778371545,8.1795818748383e-05,1.0737536312604,284.34395559236,284.34395559236,311.43705581186,311.43705581186,284.34395559236,321.03717249295,321.03717249295,321.03717249295,293.64105355296,293.64105355296,293.64105355296,311.43705581186,0.0039583157282229,3.9836177509216e-10,3.2810333590683e-15,-0.0022062065794565,-0.0054448698687233,-0.001208062837829,2.82390644475e-15,-0.0013974924400767,-0.0032904079247546,7.1014064166033e-11,-0.0039937005329636,0.001717551412572,440.14543807276,440.14543807276,467.23853829226,467.23853829226,440.14543807276,476.83865497335,476.83865497335,476.83865497335,449.44253603336,449.44253603336,449.44253603336,467.23853829226,0.035467937847614,0.099568495168135,0.067775722640899,0.075871742554383,668.11889194681,-0.43900999465249,-0.00035813517567529,0.00036284120336991,659.26666591753,0.0016245260252898,-0.43799571341731,0,1.6780187887756e-08,3.5899890659164e-13,7.5098647717909e-17,3.3503300733863e-36,7.6262468351299e-13,9.2321781032379e-13,2.6077307098953e-13,1.2199845131617e-33,4.3200390572295e-13,6.1183049576495e-14,5.3919839079327e-17,5.1238049634427e-13,7.9655286209693e-14,3.5759161412955e-11,5.914224013297e-16,1.0801523515162e-35,2.6127942216671e-11,6.1312153178913e-11,3.4866889415325e-11,1.9169071802225e-33,3.4945358928937e-11,2.65955752036e-11,4.0449904079907e-16,2.9305046559564e-11,1.470936787468e-11
7.95,1028477183.3363,1028477183.3363,1028477183.3363,450699405.55853,450699405.55853,450699405.55853,1,1,1,399999982.59184,0.00011833784165481,0.00023556184045169,8.2526248620241e-05,1.0742493530515,284.10349886643,284.10349886643,311.25898697911,311.25898697911,284.10349886643,320.86542592197,320.86542592197,320.86542592197,293.43458963004,293.43458963004,293.43458963004,311.25898697911,0.003955917878286,6.1756038423327e-10,3.6845122246476e-15,-0.0022059457705652,-0.005438667894551,-0.001211554990186,2.2818638342737e-15,-0.0014012674204475,-0.0032893810847595,1.0664365046435e-10,-0.0039878629041854,0.001714486972657,439.9055434246,439.9055434246,467.06103153728,467.06103153728,439.9055434246,476.66747048014,476.66747048014,476.66747048014,449.23663418821,449.23663418821,449.23663418821,467.06103153728,0.035350060810595,0.10020425216891,0.068215816530906,0.076333329978632,667.88911625798,-0.44177005392325,0.00062422183508451,0.00079018828997299,659.02319224774,-0.0014681372187328,-0.44035810808505,0,1.8332044699542e-08,3.5941299696525e-13,8.9616394712585e-17,2.7593966955393e-35,8.2555845944975e-13,9.4204070358526e-13,2.5894228511966e-13,9.2839331017221e-33,4.3655210758657e-13,5.9686707531517e-14,6.4994238545986e-17,5.3292728403896e-13,7.9814066515285e-14,3.6267448147756e-11,7.1815912214322e-16,4.9825285823154e-35,2.7295458186557e-11,6.2644399918231e-11,3.5233089106813e-11,1.5046371284842e-32,3.5562736840169e-11,2.6679984954885e-11,4.9641477442692e-16,3.0058719552411e-11,1.4822242010014e-11
8,1027219920.995,1027219920.995,1027219920.995,449442143.21718,449442143.21718,449442143.21718,1,1,1,399999984.15018,0.00011894503627445,0.00023704590867436,8.3254022491053e-05,1.0747449649432,283.86658230781,283.86658230781,311.0824143566,311.0824143566,283.86658230781,320.69436554772,320.69436554772,320.69436554772,293.23025957746,293.23025957746,293.23025957746,311.0824143566,0.0039513746438719,9.4513310540551e-10,4.2011246158424e-15,-0.0022077854913363,-0.0054267724284635,-0.0012158547981044,1.8409614337733e-15,-0.0014067036703369,-0.0032903215572308,1.5821767774407e-10,-0.0039814667872011,0.0017111678809606,439.66915235076,439.66915235076,466.88498439955,466.88498439955,439.66915235076,476.49693559068,476.49693559068,476.49693559068,449.03282962042,449.03282962042,449.03282962042,466.88498439955,0.035241170434824,0.10083953885708,0.068655473055675,0.076794694571816,667.66748351669,-0.44304806196364,-0.0012697899506771,-0.00033864361024296,658.79029542303,0.0038555233738256,-0.44163280148824,0,2.0007823051524e-08,3.5980308500891e-13,1.0614824514234e-16,4.9629105081891e-34,8.9229540382538e-13,9.6277409818942e-13,2.573009676427e-13,5.8250188121978e-32,4.4088040939689e-13,5.8261450336854e-14,7.7718384766573e-17,5.5407119227511e-13,7.9989102440971e-14,3.6776286550359e-11,8.6827541004563e-16,7.5168682077565e-34,2.855735444829e-11,6.4005968105392e-11,3.5596967624865e-11,9.7424577337728e-32,3.6186235894522e-11,2.6762379088115e-11,6.0632516820954e-16,3.0842294547046e-11,1.4935363683528e-11
8.05,1025975348.5034,1025975348.5034,1025975348.5034,448197570.7256,448197570.7256,448197570.7256,1,1,1,399999985.71914,0.00011954980738737,0.00023852999106726,8.3981913538386e-05,1.0752405330793,283.63330970418,283.63330970418,310.90709782129,310.90709782129,283.63330970418,320.52402192224,320.52402192224,320.52402192224,293.02831257371,293.02831257371,293.02831257371,310.90709782129,0.0039500879466232,1.4288048176183e-09,4.8783030684912e-15,-0.002207293848773,-0.0054214369013924,-0.0012197370784056,1.4828731978727e-15,-0.0014102154671653,-0.0032894396227033,2.31953363446e-10,-0.0039747014851353,0.0017085802372797,439.43637492467,439.43637492467,466.71016304178,466.71016304178,439.43637492467,476.32708714273,476.32708714273,476.32708714273,448.8313777942,448.8313777942,448.8313777942,466.71016304178,0.035115168777311,0.10147443741851,0.069094763923421,0.07725584206064,667.4470338909,-0.44583943959311,-7.1912351535357e-05,0.00060774894915737,658.55738613842,0.0011076685299127,-0.44499162979501,0,2.1815190678922e-08,3.5969804348388e-13,1.2563625071809e-16,6.7170018071424e-33,9.6381982777386e-13,9.8576694591459e-13,2.5568999336819e-13,3.1866270956574e-31,4.450721795316e-13,5.6946795762323e-14,9.2890843311818e-17,5.7591653778152e-13,8.0202675128543e-14,3.7284976401813e-11,1.0459518997369e-15,1.0250961874921e-32,2.9920401520412e-11,6.5400053089643e-11,3.5958567881249e-11,5.4808170302815e-31,3.6815663007051e-11,2.6842914019016e-11,7.3769265864138e-16,3.1656763525572e-11,1.5048787394433e-11
8.1,1024741018.6789,1024741018.6789,1024741018.6789,446963240.90113,446963240.90113,446963240.90113,1,1,1,399999987.13137,0.00012015333096552,0.00024001410113885,8.4708666635884e-05,1.0757360280068,283.40301583044,283.40301583044,310.73292711151,310.73292711151,283.40301583044,320.3542225264,320.3542225264,320.3542225264,292.82819322858,292.82819322858,292.82819322858,310.73292711151,0.0039471439196111,2.1320108118444e-09,5.7734773254951e-15,-0.0022075155614877,-0.0054135546817924,-0.0012238258374513,1.1934224508583e-15,-0.0014142029331578,-0.0032895180855788,3.3605811555319e-10,-0.0039683807642573,0.0017057240933767,439.20654662925,439.20654662925,466.53645791031,466.53645791031,439.20654662925,476.1577533252,476.1577533252,476.1577533252,448.63172402739,448.63172402739,448.63172402739,466.53645791031,0.035011813906793,0.10210890450444,0.069533659658547,0.077716770337268,667.23031977129,-0.44842741289433,0.00034332404630027,0.00095588019087795,658.32974699219,-0.00049530201928021,-0.44672986160168,0,2.3760436574436e-08,3.5928178177866e-13,1.4810921088123e-16,6.48378669932e-32,1.0392848819354e-12,1.0110138482641e-12,2.5427189101927e-13,1.5205247365236e-30,4.4902027579407e-13,5.5714956948533e-14,1.1054388070653e-16,5.9841237403375e-13,8.0448531514803e-14,3.7793077570318e-11,1.2554099544775e-15,1.0194555273205e-31,3.1390172295614e-11,6.6829842585605e-11,3.6318162638059e-11,2.6984284073436e-30,3.7450673570859e-11,2.6921706866759e-11,8.9402531397391e-16,3.2503046420822e-11,1.5162558798774e-11
8.15,1023515149.7052,1023515149.7052,1023515149.7052,445737371.92742,445737371.92742,445737371.92742,1,1,1,399999988.40478,0.00012075561058224,0.00024149825061892,8.543404166372e-05,1.0762314490072,283.17533400544,283.17533400544,310.55969778183,310.55969778183,283.17533400544,320.18479095587,320.18479095587,320.18479095587,292.62956059097,292.62956059097,292.62956059097,310.55969778183,0.0039441715228242,3.1331321361087e-09,6.9893197600043e-15,-0.0022078899329645,-0.0054041565274625,-0.001228283189173,9.6976574320578e-16,-0.0014186167383447,-0.0032900561342264,4.8010214317075e-10,-0.0039619478602192,0.0017029338857191,438.97930588067,438.97930588067,466.36366965706,466.36366965706,438.97930588067,475.9887628311,475.9887628311,475.9887628311,448.4335324662,448.4335324662,448.4335324662,466.36366965706,0.034904596446175,0.1027429287204,0.069972146598219,0.078177479747613,667.017584534,-0.45066543654518,0.00056417277457199,0.001113613378724,658.10698081667,-0.00032306989343799,-0.44896126737705,0,2.584877827977e-08,3.5870560687955e-13,1.7366974740284e-16,4.9625273477196e-31,1.1182406464989e-12,1.038575989178e-12,2.5295822057391e-13,6.7152825292819e-30,4.5277969765686e-13,5.4562729077968e-14,1.3080802620821e-16,6.2122169548403e-13,8.0717709391649e-14,3.8300363904466e-11,1.5010160666285e-15,8.0375290061129e-31,3.297160338389e-11,6.8298610835056e-11,3.6675899584308e-11,1.2195272035421e-29,3.8091000760053e-11,2.6998870218221e-11,1.0790157987048e-15,3.3381586567816e-11,1.527671087812e-11
8.2,1022299821.3891,1022299821.3891,1022299821.3891,444522043.61131,444522043.61131,444522043.61131,1,1,1,399999989.55287,0.00012135609632373,0.00024298243578869,8.6158091577166e-05,1.0767267831049,282.95062914677,282.95062914677,310.38766416136,310.38766416136,282.95062914677,320.01593400688,320.01593400688,320.01593400688,292.43288263025,292.43288263025,292.43288263025,310.38766416136,0.0039400535237658,4.5298011676903e-09,8.6822134945667e-15,-0.0022093714668174,-0.0053932308416612,-0.0012335059772219,8.0167618332406e-16,-0.001423146587597,-0.00329179339177,6.7647223624598e-10,-0.0039541223055417,0.0017002150514056,438.75501532966,438.75501532966,466.19205034425,466.19205034425,438.75501532966,475.82032018976,475.82032018976,475.82032018976,448.23726881313,448.23726881313,448.23726881313,466.19205034425,0.034791009500287,0.1033764719118,0.0704101921185,0.078637973041365,666.81025724071,-0.45224545498191,-0.0025557337183199,0.00035391835909234,657.89070531502,0.0041196091744001,-0.45135700499613,0,2.808423152287e-08,3.5807022183357e-13,2.0291766213732e-16,3.0869392488519e-30,1.1997479956131e-12,1.0687173802846e-12,2.5179450282136e-13,2.7313568729041e-29,4.5635237578738e-13,5.3484562704403e-14,1.542500453962e-16,6.4446528523631e-13,8.1008480496255e-14,3.8806751668465e-11,1.7879849764681e-15,5.1693442525594e-30,3.4668303270716e-11,6.9810005448598e-11,3.7031990785129e-11,5.0822491368841e-29,3.8736380479112e-11,2.7074508812175e-11,1.2971583049008e-15,3.4292998114676e-11,1.5391274169905e-11
8.25,1021092777.638,1021092777.638,1021092777.638,443314999.86019,443314999.86019,443314999.86019,1,1,1,399999990.58843,0.00012195679663173,0.00024446666695968,8.6879413895008e-05,1.0772220502391,282.72893228199,282.72893228199,310.21633269533,310.21633269533,282.72893228199,319.84724597081,319.84724597081,319.84724597081,292.23761357882,292.23761357882,292.23761357882,310.21633269533,0.0039356811334185,6.4228581724531e-09,1.0958499413246e-14,-0.002209823411256,-0.0053801179345085,-0.0012386195232789,6.7979965668399e-16,-0.0014286155266447,-0.0032940565232806,9.3649746247147e-10,-0.0039493395868596,0.0016972748226906,438.53370830837,438.53370830837,466.02110872171,466.02110872171,438.53370830837,475.65202199719,475.65202199719,475.65202199719,448.0423896052,448.0423896052,448.0423896052,466.02110872171,0.034664657986777,0.10400957027506,0.07084783275734,0.079098242255148,666.60502272064,-0.4539973438351,-0.0015594204363205,-0.00052098302612715,657.6782528491,0.0059758402187128,-0.4525185683528,0,3.0468108789492e-08,3.571349908934e-13,2.3530173513252e-16,1.6154846645792e-29,1.2825555654643e-12,1.1010512564523e-12,2.5067680418224e-13,1.0318866481888e-28,4.5974336778603e-13,5.2458369826542e-14,1.8037117908997e-16,6.6735807889544e-13,8.1324313350615e-14,3.9311816816185e-11,2.1207518815424e-15,2.8015747477096e-29,3.6482110745893e-11,7.1367127068341e-11,3.7386501321376e-11,1.9675330063888e-28,3.9386555785047e-11,2.7148696150244e-11,1.552241672631e-15,3.5236784960809e-11,1.5506284116796e-11
8.3,1019896984.9272,1019896984.9272,1019896984.9272,442119207.14945,442119207.14945,442119207.14945,1,1,1,399999991.52378,0.00012255465718083,0.0002459508933895,8.7600115599539e-05,1.0777172662552,282.51060061795,282.51060061795,310.04643729127,310.04643729127,282.51060061795,319.6791592034,319.6791592034,319.6791592034,292.04405729298,292.04405729298,292.04405729298,310.04643729127,0.0039329556685451,8.9180435269195e-09,1.4146295746608e-14,-0.0022090934861784,-0.0053711623325972,-0.0012438795231904,5.9831010539529e-16,-0.001432393977078,-0.0032954757923724,1.2738720347652e-09,-0.0039429704586527,0.0016947949625516,438.31574314292,438.31574314292,465.85157981624,465.85157981624,438.31574314292,475.48430172837,475.48430172837,475.48430172837,447.84919981795,447.84919981795,447.84919981795,465.85157981624,0.034538280925299,0.10464223044651,0.071285072996089,0.079558296790997,666.40186788045,-0.45668527336223,-0.00054094389059281,-0.00017300398646143,657.46682648462,0.0039830529441967,-0.45538033835504,0,3.3000946826946e-08,3.5588647701739e-13,2.7280021034194e-16,7.2018300329228e-29,1.3659016441412e-12,1.1362817102239e-12,2.4967707682584e-13,3.6009507679859e-28,4.6304502779464e-13,5.1534536107056e-14,2.1096313545013e-16,6.9019330658671e-13,8.1684035317959e-14,3.9815116298648e-11,2.5065496388262e-15,1.2986500454175e-28,3.8413787375905e-11,7.2974072073616e-11,3.7739598029637e-11,7.0600464199122e-28,4.0041400343343e-11,2.7221576990137e-11,1.8505885999454e-15,3.6212865695643e-11,1.5621802787372e-11
8.35,1018710599.2387,1018710599.2387,1018710599.2387,440932821.4609,440932821.4609,440932821.4609,1,1,1,399999992.36543,0.0001231492347126,0.00024743515513695,8.8319970370729e-05,1.0782124092685,282.29506075622,282.29506075622,309.87765399747,309.87765399747,282.29506075622,319.511440592,319.511440592,319.511440592,291.85220476895,291.85220476895,291.85220476895,309.87765399747,0.0039299431968652,1.2149891998297e-08,1.8646052934877e-14,-0.002209060676647,-0.0053623828634874,-0.00124925006449,5.5244329598953e-16,-0.001436291783576,-0.0032963228773851,1.7036065856457e-09,-0.0039351247045483,0.0016924565308834,438.10054914409,438.10054914409,465.68314238533,465.68314238533,438.10054914409,475.31692897986,475.31692897986,475.31692897986,447.65769315681,447.65769315681,447.65769315681,465.68314238533,0.034407427310006,0.10527441892569,0.071721888059929,0.08001813958604,666.20251373645,-0.45932558674114,-0.00015660608584697,0.00039902905815873,657.25957208568,0.0036830596276131,-0.45801298008068,0,3.5682649565789e-08,3.5466949519721e-13,3.1548138830679e-16,2.8194660608928e-28,1.4493929447857e-12,1.1740944238649e-12,2.4884280777511e-13,1.1665141155179e-27,4.6600573743745e-13,5.066759353031e-14,2.4637271393626e-16,7.1294763699904e-13,8.2080852730715e-14,4.0316694708916e-11,2.952707696846e-15,5.2859771873827e-28,4.0463538535628e-11,7.4634492331352e-11,3.8091514903291e-11,2.3557047248563e-27,4.0700431977371e-11,2.7293231788081e-11,2.1990122333927e-15,3.7221125913149e-11,1.5737882642515e-11
8.4,1017533255.9739,1017533255.9739,1017533255.9739,439755478.19611,439755478.19611,439755478.19611,1,1,1,399999993.12281,0.00012374146580085,0.0002489194870354,8.9038213357638e-05,1.0787074821256,282.08237640132,282.08237640132,309.70970591097,309.70970591097,282.08237640132,319.34406185028,319.34406185028,319.34406185028,291.66211159327,291.66211159327,291.66211159327,309.70970591097,0.0039246447868618,1.6182001571241e-08,2.4818528859428e-14,-0.0022103957378422,-0.005350124326145,-0.0012557098875257,5.4087805052885e-16,-0.0014409697732974,-0.0032997002672027,2.2347318282065e-09,-0.0039270377076225,0.001690040677517,437.88819121475,437.88819121475,465.5155207244,465.5155207244,437.88819121475,475.14987666371,475.14987666371,475.14987666371,447.4679264067,447.4679264067,447.4679264067,465.5155207244,0.034320917263943,0.10590612153561,0.072158269000582,0.080477766455571,666.00511416958,-0.46110725980534,-0.0039999680261477,-0.0011907410165038,657.05639735201,0.0070062958349035,-0.45976070271953,0,3.8507803151068e-08,3.5346542674525e-13,3.6286153523491e-16,9.8147785504273e-28,1.529884407282e-12,1.2142704147535e-12,2.4804810444067e-13,3.5126682896665e-27,4.6888754432596e-13,4.9881463386404e-14,2.8565392891967e-16,7.3485646241703e-13,8.2501816383165e-14,4.0816570309249e-11,3.4658714012387e-15,1.9166170125086e-27,4.262712181327e-11,7.6351730020285e-11,3.8442307896712e-11,7.3233678602205e-27,4.1363539101784e-11,2.7363774830113e-11,2.602987893816e-15,3.8260369888697e-11,1.5854557830164e-11
8.45,1016364832.2043,1016364832.2043,1016364832.2043,438587054.42651,438587054.42651,438587054.42651,1,1,1,399999993.80556,0.0001243310509679,0.00025040379962814,8.9755115804888e-05,1.0792024818989,281.87247096683,281.87247096683,309.54287492422,309.54287492422,281.87247096683,319.17698558567,319.17698558567,319.17698558567,291.47346269923,291.47346269923,291.47346269923,309.54287492422,0.0039225844896709,2.0948650244597e-08,3.3542392300975e-14,-0.0022085831649491,-0.0053395265318077,-0.0012609551570599,5.5991914769143e-16,-0.0014449673087348,-0.0033010009669137,2.8611751614276e-09,-0.0039214512326886,0.0016875737046007,437.67859318806,437.67859318806,465.34899714545,465.34899714545,437.67859318806,474.98310780691,474.98310780691,474.98310780691,447.27958492047,447.27958492047,447.27958492047,465.34899714545,0.034175903160772,0.1065373643215,0.072594238228872,0.080937178956705,665.81187241538,-0.46392463264431,2.8654498033823e-05,0.00011428948187914,656.85690901799,0.0034552471373634,-0.4625602029774,0,4.1466665885992e-08,3.5180496026309e-13,4.1651544435672e-16,3.0878287789109e-27,1.604811311596e-12,1.2579980277634e-12,2.4747162498163e-13,9.8410543612766e-27,4.7153066763749e-13,4.914697231916e-14,3.3076356263296e-16,7.5549394496243e-13,8.2989683262939e-14,4.1314097655363e-11,4.0549131915859e-15,6.2834663499303e-27,4.4896667735179e-11,7.8130807892587e-11,3.8792285625064e-11,2.1240720405989e-26,4.2030384167032e-11,2.7433279144916e-11,3.0707582100304e-15,3.9328799671953e-11,1.5971922965772e-11
8.5,1015206751.8771,1015206751.8771,1015206751.8771,437428974.09933,437428974.09933,437428974.09933,1,1,1,399999994.42045,0.00012491827774817,0.00025188816052907,9.0470879157032e-05,1.0796974349981,281.66573575094,281.66573575094,309.37721005023,309.37721005023,281.66573575094,319.01050656695,319.01050656695,319.01050656695,291.28643956028,291.28643956028,291.28643956028,309.37721005023,0.0039184446097083,2.650099832813e-08,4.5630254616065e-14,-0.0022081950078571,-0.0053288842676726,-0.0012668800780672,6.1216380076039e-16,-0.0014492310281862,-0.0033035665306726,3.5912778212004e-09,-0.0039148916674412,0.001685563838919,437.47214705453,437.47214705453,465.18362135383,465.18362135383,437.47214705453,474.81691787054,474.81691787054,474.81691787054,447.09285086388,447.09285086388,447.09285086388,465.18362135383,0.034059757221446,0.10716815474807,0.073029809109767,0.081396376493813,665.61839005388,-0.46691478134955,0.00080618083596537,0.0010668342286554,656.65769833978,0.0003508153840861,-0.46539574091953,0,4.4550560060727e-08,3.50157537719e-13,4.7618465408824e-16,8.7985746850158e-27,1.6746146430105e-12,1.3039777674544e-12,2.4688361832738e-13,2.5590888123862e-26,4.7396414800149e-13,4.8468295207417e-14,3.8140457495049e-16,7.7513207598376e-13,8.3490171646843e-14,4.1809295194173e-11,4.7283399875914e-15,1.8726529999032e-26,4.7264930475073e-11,7.9974910936354e-11,3.914143178643e-11,5.7431701463927e-26,4.2700670693215e-11,2.7501823665344e-11,3.6101457326766e-15,4.042500196644e-11,1.608999589884e-11
8.55,1014057928.574,1014057928.574,1014057928.574,436280150.79618,436280150.79618,436280150.79618,1,1,1,399999994.97445,0.00012550337238092,0.00025337256040855,9.1184266498346e-05,1.0801923024232,281.46175441045,281.46175441045,309.21249791081,309.21249791081,281.46175441045,318.84467371509,318.84467371509,318.84467371509,291.10095073073,291.10095073073,291.10095073073,309.21249791081,0.0039140932254727,3.2585716478313e-08,6.2524283189641e-14,-0.0022077940082112,-0.0053150458755512,-0.0012729628937164,6.981373202369e-16,-0.0014539595507413,-0.0033066178179397,4.3977542356498e-09,-0.0039089434239408,0.0016832360595732,437.26843770653,437.26843770653,465.01918120689,465.01918120689,437.26843770653,474.65135701117,474.65135701117,474.65135701117,446.90763402681,446.90763402681,446.90763402681,465.01918120689,0.033936673708526,0.10779844459473,0.073464936981799,0.081855359857924,665.42989498793,-0.46952370940417,0.0018669000674754,0.00084633204745822,656.46460995486,7.1752233212217e-05,-0.46823315426479,0,4.7745017274718e-08,3.4855084661432e-13,5.424259711058e-16,2.3090046113561e-26,1.7360442550289e-12,1.3531104875633e-12,2.4645059747661e-13,6.236212877402e-26,4.7609484002466e-13,4.7855683402288e-14,4.3816628854258e-16,7.9296586883585e-13,8.4023896530769e-14,4.2302220528631e-11,5.4954461525126e-15,5.1380786368651e-26,4.9720067805414e-11,8.1888498139255e-11,3.9489965563837e-11,1.456250697546e-25,4.3373970472953e-11,2.7569501821848e-11,4.2298064405081e-15,4.1546425052647e-11,1.6208823632877e-11
8.6,1012916971.5674,1012916971.5674,1012916971.5674,435139193.78957,435139193.78957,435139193.78957,1,1,1,399999995.47361,0.00012608643074402,0.00025485700415001,9.1895760295053e-05,1.0806870935224,281.26039795499,281.26039795499,309.04858899916,309.04858899916,281.26039795499,318.67912857427,318.67912857427,318.67912857427,290.91675975466,290.91675975466,290.91675975466,309.04858899916,0.0039090002707973,3.9038024390423e-08,8.5831367858109e-14,-0.0022083536448476,-0.0053011242201631,-0.0012793303159932,8.1994617132587e-16,-0.0014591817691026,-0.0033101800117828,5.2631030685534e-09,-0.0039017529871909,0.0016809525492823,437.06733735454,437.06733735454,464.8555283987,464.8555283987,437.06733735454,474.48606797382,474.48606797382,474.48606797382,446.72369915421,446.72369915421,446.72369915421,464.8555283987,0.033826183520122,0.10842822355831,0.073899619997672,0.082314130270692,665.24444711225,-0.47230397564186,0.0013031694103698,0.00096137337160807,656.27553287369,0.002816258524401,-0.47044672999544,0,5.1034626284806e-08,3.4703533667205e-13,6.157470588479e-16,5.5942307735193e-26,1.7884399769641e-12,1.4047548081059e-12,2.4613904775572e-13,1.4198138002505e-25,4.7801637392834e-13,4.7291182863229e-14,5.0158783197044e-16,8.090043716668e-13,8.4589905349601e-14,4.2793002608376e-11,6.3662439941266e-15,1.3049515667821e-25,5.2249303876327e-11,8.3875121440687e-11,3.9838058743402e-11,3.4641706299048e-25,4.4049987711999e-11,2.7636381654034e-11,4.9391587552021e-15,4.2690530007077e-11,1.6328451824262e-11
8.65,1011784623.7238,1011784623.7238,1011784623.7238,434006845.94601,434006845.94601,434006845.94601,1,1,1,399999995.92385,0.00012666571443955,0.00025634145673197,9.2607018696691e-05,1.0811818303594,281.06180962005,281.06180962005,308.88560006735,308.88560006735,281.06180962005,318.51399000539,318.51399000539,318.51399000539,290.73398693154,290.73398693154,290.73398693154,308.88560006735,0.0039054188775894,4.5483459720381e-08,1.1849027702438e-13,-0.0022074107963948,-0.0052910666835272,-0.001285617217655,9.8223532494126e-16,-0.0014626986319341,-0.0033124713035164,6.1491410981602e-09,-0.0038945055564295,0.0016793651546394,436.86899004268,436.86899004268,464.69278048998,464.69278048998,436.86899004268,474.32117042802,474.32117042802,474.32117042802,446.54116735417,446.54116735417,446.54116735417,464.69278048998,0.033823517077438,0.10905752864286,0.074333886532298,0.082772691238775,665.06024747756,-0.47445547627571,0.00071762075970412,0.0012265052098452,656.08825722844,-0.00047740050649284,-0.47296161469777,0,5.4402047843557e-08,3.4549962142455e-13,6.9806116760426e-16,1.2644038905455e-25,1.8305306390656e-12,1.4592824460802e-12,2.4586869263651e-13,3.056119930766e-25,4.7982914306529e-13,4.6799956623668e-14,5.7315907347858e-16,8.2309693441388e-13,8.520120344012e-14,4.3281612858789e-11,7.3534515647186e-15,3.0930886971088e-25,5.4838065132434e-11,8.5938858467267e-11,4.0185769583092e-11,7.7861768842328e-25,4.4728568593744e-11,2.7702566787409e-11,5.7497280903127e-15,4.3854564854873e-11,1.6448944521698e-11
8.7,1010659966.5616,1010659966.5616,1010659966.5616,432882188.78387,432882188.78387,432882188.78387,1,1,1,399999996.32911,0.0001272427050067,0.00025782595611514,9.3316025734365e-05,1.0816764773839,280.86564957244,280.86564957244,308.72356365699,308.72356365699,280.86564957244,318.34913624687,318.34913624687,318.34913624687,290.55242455892,290.55242455892,290.55242455892,308.72356365699,0.0039010384539301,5.1681145520015e-08,1.6375876038055e-13,-0.0022078626192298,-0.0052764474495871,-0.0012922061842126,1.1884010995899e-15,-0.0014678298101251,-0.0033158995765798,7.0286203464002e-09,-0.0038865655607921,0.0016772507758372,436.67305800846,436.67305800846,464.530972093,464.530972093,436.67305800846,474.15654468289,474.15654468289,474.15654468289,446.35983299494,446.35983299494,446.35983299494,464.530972093,0.033876771161626,0.10968629199381,0.074767682317406,0.08323104319412,664.88060360525,-0.47665067870969,0.00019389705776401,0.0008317098816752,655.90651643043,0.003875338016756,-0.47533683170955,0,5.7829389746943e-08,3.4405088257296e-13,7.8783072379998e-16,2.6861364102755e-25,1.8621092644806e-12,1.5165210283737e-12,2.4581159498647e-13,6.22402553197e-25,4.8134831799398e-13,4.6339630643417e-14,6.5192558364761e-16,8.3514871189411e-13,8.5827285432976e-14,4.376817428307e-11,8.4676124591707e-15,6.8918592389047e-25,5.7471485308883e-11,8.8083543073217e-11,4.053339967451e-11,1.6588278204101e-24,4.5409297913277e-11,2.7768100921541e-11,6.6716900923651e-15,4.5035643489832e-11,1.6570322632779e-11
8.75,1009542616.8642,1009542616.8642,1009542616.8642,431764839.08645,431764839.08645,431764839.08645,1,1,1,399999996.6945,0.00012781865292435,0.00025931050216611,9.4022639908634e-05,1.0821710684175,280.67193785174,280.67193785174,308.56240287911,308.56240287911,280.67193785174,318.18442442279,318.18442442279,318.18442442279,290.37207130376,290.37207130376,290.37207130376,308.56240287911,0.0038956998938058,5.7431875556733e-08,2.2573187927912e-13,-0.0022073690914406,-0.0052609480683347,-0.0012989498020103,1.4478400657955e-15,-0.0014731216531186,-0.0033203349226913,7.8606491623514e-09,-0.0038814580766708,0.0016751761199863,436.4795613162,436.4795613162,464.37002634356,464.37002634356,436.4795613162,473.99204788725,473.99204788725,473.99204788725,446.17969476822,446.17969476822,446.17969476822,464.37002634356,0.033925585090169,0.11031456503607,0.075201055036445,0.083689179110243,664.70099940861,-0.47890900335356,0.00081681063777731,6.9634119542481e-05,655.72613513043,0.0039837648054618,-0.47738919228066,0,6.130009461963e-08,3.4250682080675e-13,8.8504643482272e-16,5.3699459071278e-25,1.8845097458036e-12,1.576914345382e-12,2.4575398520536e-13,1.201421757638e-24,4.8274138417515e-13,4.5908313375615e-14,7.3779550551205e-16,8.4461955181577e-13,8.6437069908488e-14,4.425255207426e-11,9.719257130627e-15,1.4486109569975e-24,6.0136584549822e-11,9.0313636727157e-11,4.0880948293395e-11,3.3578947641919e-24,4.6091997325896e-11,2.7833025080942e-11,7.7150905025182e-15,4.6230115915055e-11,1.6692563109335e-11
8.8,1008433608.6828,1008433608.6828,1008433608.6828,430655830.90497,430655830.90497,430655830.90497,1,1,1,399999997.02419,0.00012839166197139,0.000260795047491,9.4728254056147e-05,1.0826656071015,280.48084156842,280.48084156842,308.40225420203,308.40225420203,280.48084156842,318.02005949399,318.02005949399,318.02005949399,290.19299385075,290.19299385075,290.19299385075,308.40225420203,0.0038915548202281,6.2562900733571e-08,3.1063688232243e-13,-0.0022066244784656,-0.0052488299879824,-0.0013054363735162,1.7664077090343e-15,-0.0014773097305899,-0.0033239054417828,8.6289953196504e-09,-0.003874514159959,0.0016733031606746,436.28866696841,436.28866696841,464.21007960201,464.21007960201,436.28866696841,473.82788489398,473.82788489398,473.82788489398,446.00081925073,446.00081925073,446.00081925073,464.21007960201,0.033891248453037,0.11094234480967,0.075633999973068,0.084147106830769,664.52228510777,-0.48224354017279,0.0012460948345123,0.00061801325958777,655.54582759087,0.0025452177041042,-0.48073721127873,0,6.4800071289751e-08,3.4084661141922e-13,9.9432087129261e-16,1.0144550464039e-24,1.8988228016951e-12,1.6395910322115e-12,2.458307895818e-13,2.204463872803e-24,4.8406253569993e-13,4.5505799916283e-14,8.3520573616639e-16,8.5227026608177e-13,8.706481578564e-14,4.4734581974818e-11,1.112543919216e-14,2.8832670420397e-24,6.2821925508523e-11,9.2632368601656e-11,4.122860553007e-11,6.4754774708715e-24,4.6776565128919e-11,2.789738000035e-11,8.8962497819765e-15,4.7435408084155e-11,1.6815691352625e-11
8.85,1007331564.5347,1007331564.5347,1007331564.5347,429553786.75692,429553786.75692,429553786.75692,1,1,1,399999997.32104,0.00012896200581716,0.00026227963284303,9.5432408637263e-05,1.0831600736319,280.2919645988,280.2919645988,308.24288349464,308.24288349464,280.2919645988,317.85598816432,317.85598816432,317.85598816432,290.01505154421,290.01505154421,290.01505154421,308.24288349464,0.0038869755749865,6.6872979324889e-08,4.2715022473884e-13,-0.0022059995997789,-0.0052353215116832,-0.0013121736071129,2.1555978764205e-15,-0.0014817532635139,-0.003327505930655,9.2916595149069e-09,-0.0038675408220747,0.0016715531959784,436.09998073386,436.09998073386,464.05089962969,464.05089962969,436.09998073386,473.66400429937,473.66400429937,473.66400429937,445.82306767926,445.82306767926,445.82306767926,464.05089962969,0.033947837484202,0.11156960427053,0.076066494901862,0.084604826026553,664.34590033896,-0.48430025718883,0.0011950633858356,0.00021659120825552,655.36987526971,0.0021085239524862,-0.48279791301234,0,6.8314707706711e-08,3.3922778844457e-13,1.1116848041587e-15,1.8365138762646e-24,1.9053397314991e-12,1.7044425582208e-12,2.4602456434009e-13,3.8935058150571e-24,4.8524674578733e-13,4.5137823035317e-14,9.4043142265683e-16,8.5740135539361e-13,8.7692762345149e-14,4.521432251397e-11,1.2697598919285e-14,5.4804898733395e-24,6.5516482797737e-11,9.5042814383777e-11,4.1576536805637e-11,1.1981726199704e-23,4.7462807657909e-11,2.7961214521863e-11,1.022622065438e-14,4.864795670935e-11,1.6939707646455e-11
8.9,1006237083.325,1006237083.325,1006237083.325,428459305.54723,428459305.54723,428459305.54723,1,1,1,399999997.58848,0.00012952950801316,0.00026376426947787,9.6135014894975e-05,1.0836544770517,280.10542882956,280.10542882956,308.08455177957,308.08455177957,280.10542882956,317.69216807609,317.69216807609,317.69216807609,289.83828330276,289.83828330276,289.83828330276,308.08455177957,0.0038860760704491,7.0481298409595e-08,5.8921090063213e-13,-0.0022032544985049,-0.0052218221619139,-0.001318746590542,2.6277408301641e-15,-0.0014859549853468,-0.0033304374556483,9.8396793680547e-09,-0.0038610605870962,0.001669375067239,435.91362460125,435.91362460125,463.89274755125,463.89274755125,435.91362460125,473.50036384777,473.50036384777,473.50036384777,445.64647907444,445.64647907444,445.64647907444,463.89274755125,0.03396020046258,0.11219635520925,0.076498546369597,0.085062339135845,664.17150607603,-0.48534398324514,0.005978031563261,0.0010941106205418,655.19640321292,0.0011513098221496,-0.48647359246616,0,7.1835067824495e-08,3.3749631317854e-13,1.239029614141e-15,3.1925981690873e-24,1.9078271731969e-12,1.7725985956159e-12,2.4637533440982e-13,6.6385155323107e-24,4.8618434336937e-13,4.4787406630115e-14,1.0557439429134e-15,8.6025575171119e-13,8.8285106081867e-14,4.5691614377318e-11,1.4449851403785e-14,9.9955055032703e-24,6.8214557860736e-11,9.7549647358341e-11,4.1924964144994e-11,2.1370004899522e-23,4.8150376150116e-11,2.8024553479743e-11,1.1719268056841e-14,4.986454206053e-11,1.7064561640832e-11
8.95,1005150176.5383,1005150176.5383,1005150176.5383,427372398.7605,427372398.7605,427372398.7605,1,1,1,399999997.82868,0.00013009503320591,0.0002652488787352,9.6835680262004e-05,1.0841488042013,279.92112851893,279.92112851893,307.9270078494,307.9270078494,279.92112851893,317.52880249268,317.52880249268,317.52880249268,289.66281290612,289.66281290612,289.66281290612,307.9270078494,0.0038780815394058,7.3207409415031e-08,8.0589291210277e-13,-0.0022049785236807,-0.0052064941268548,-0.0013258136626798,3.1998622851016e-15,-0.0014911291844147,-0.0033355421378788,1.0253428351572e-08,-0.0038536276582721,0.0016678778502349,435.72949449263,435.72949449263,463.7353738231,463.7353738231,435.72949449263,473.33716846638,473.33716846638,473.33716846638,445.47117887981,445.47117887981,445.47117887981,463.7353738231,0.033904983910439,0.11282257048497,0.076930144976359,0.085519642524837,663.99969567401,-0.48967104966096,0.0023919634533511,0.00052259941546117,655.02499471568,0.0034813865879662,-0.48875404748062,0,7.5347007372094e-08,3.3569568604859e-13,1.3777366404472e-15,5.2945872004559e-24,1.9030219667898e-12,1.8413739945737e-12,2.4687186078482e-13,1.080122486025e-23,4.8725722246504e-13,4.4429307172152e-14,1.1815541468791e-15,8.6046602491346e-13,8.8926122176811e-14,4.6166359769358e-11,1.6398265246084e-14,1.7483182529322e-23,7.0905837335664e-11,1.0015374343487e-10,4.2274093678684e-11,3.6645243587129e-23,4.883946192249e-11,2.8087386008512e-11,1.3390237956036e-14,5.1081424782923e-11,1.7190322168863e-11
9,1004069442.8479,1004069442.8479,1004069442.8479,426291665.07008,426291665.07008,426291665.07008,1,1,1,399999998.04593,0.00013065757842824,0.00026673351446692,9.7535488545239e-05,1.084643082271,279.7389471848,279.7389471848,307.77017048249,307.77017048249,279.7389471848,317.36558038093,317.36558038093,317.36558038093,289.48834894395,289.48834894395,289.48834894395,307.77017048249,0.0038737783347066,7.5198253833228e-08,1.1005607270198e-12,-0.0022040972242821,-0.005194441034525,-0.001332703444046,3.8856823670546e-15,-0.0014950626424694,-0.0033393053165549,1.0521240653294e-08,-0.0038463067359547,0.0016662542414237,435.54747359831,435.54747359831,463.57869689599,463.57869689599,435.54747359831,473.17410679443,473.17410679443,473.17410679443,445.29687535745,445.29687535745,445.29687535745,463.57869689599,0.034012856160942,0.11344828557667,0.077361315248405,0.085976740544423,663.82720088901,-0.49235354229087,0.0019614706102933,0.00063174539264573,654.85440160792,0.0014719244503527,-0.49096310485993,0,7.8844380364039e-08,3.3405991943574e-13,1.5278072579138e-15,8.4070385024135e-24,1.8962055274797e-12,1.9112784297983e-12,2.4744851726788e-13,1.6910412887651e-23,4.8816526095671e-13,4.4103107597598e-14,1.3189423324599e-15,8.5829144555046e-13,8.9535297940906e-14,4.663879183807e-11,1.8558910990918e-14,2.9372530398828e-23,7.3587476909673e-11,1.0285669931176e-10,4.2624038727793e-11,6.0560178838174e-23,4.9529831855214e-11,2.814975722142e-11,1.5255504090588e-14,5.229523218569e-11,1.7316944201523e-11
9.05,1002995318.9241,1002995318.9241,1002995318.9241,425217541.14634,425217541.14634,425217541.14634,1,1,1,399999998.24134,0.00013121860708387,0.00026821818488232,9.8232501575586e-05,1.085137277236,279.55893459448,279.55893459448,307.61385733088,307.61385733088,279.55893459448,317.20277984334,317.20277984334,317.20277984334,289.31495081152,289.31495081152,289.31495081152,307.61385733088,0.0038685640822268,7.6463954889025e-08,1.4969586935484e-12,-0.0022034745380423,-0.0051776072997271,-0.001339596744461,4.7045072058862e-15,-0.001500240029413,-0.0033440050984582,1.0638258580094e-08,-0.0038404120355816,0.0016644601297984,435.36761273495,435.36761273495,463.42253547135,463.42253547135,435.36761273495,473.01145798381,473.01145798381,473.01145798381,445.12362895199,445.12362895199,445.12362895199,463.42253547135,0.034048239160364,0.1140734583703,0.077792024421428,0.086433630168569,663.65821788899,-0.49474925694705,0.0025409824856315,-0.00018865301199395,654.6883453156,0.003391389688063,-0.49329337560663,0,8.2319819351518e-08,3.323813552537e-13,1.6854325345626e-15,1.2891494020641e-23,1.8868971666755e-12,1.9821771279115e-12,2.4824528532055e-13,2.5611377390151e-23,4.8893100888458e-13,4.3762438974333e-14,1.4641605121824e-15,8.533967608315e-13,9.0135671655426e-14,4.7108850058549e-11,2.0942472539761e-14,4.760385608207e-23,7.6255952473589e-11,1.0565992108908e-10,4.2975110577089e-11,9.6780136094381e-23,5.0221284719044e-11,2.821164665614e-11,1.7326139744408e-14,5.3502117458943e-11,1.7444415290831e-11
9.1,1001927771.3869,1001927771.3869,1001927771.3869,424149993.60908,424149993.60908,424149993.60908,1,1,1,399999998.41749,0.00013177602815186,0.00026970283485344,9.8928842261632e-05,1.0856314128076,279.38112613971,279.38112613971,307.45830342612,307.45830342612,279.38112613971,317.04011406103,317.04011406103,317.04011406103,289.14268986365,289.14268986365,289.14268986365,307.45830342612,0.0038653671002866,7.7201889792997e-08,2.0342474052221e-12,-0.0022029854938054,-0.0051650445818182,-0.0013464725713234,5.6772179773165e-15,-0.0015041555440184,-0.0033475096124843,1.061908864627e-08,-0.0038317138818719,0.0016630008968058,435.18994766762,435.18994766762,463.26712495403,463.26712495403,435.18994766762,472.84893558894,472.84893558894,472.84893558894,444.95151139156,444.95151139156,444.95151139156,463.26712495403,0.034062606285312,0.11469810662263,0.078222284954257,0.086890318681202,663.49057417355,-0.49759012621316,0.0034977922608896,0.001352983151418,654.52285990137,0.0037019922173997,-0.49694684071818,0,8.5770090308846e-08,3.3059982192961e-13,1.8602588577122e-15,1.8863581348124e-23,1.8775322155405e-12,2.0532248277366e-12,2.4921175072767e-13,3.7124255899929e-23,4.8964744463203e-13,4.342202868373e-14,1.6270466879577e-15,8.4634588113791e-13,9.0733551167919e-14,4.757638881044e-11,2.3573275845862e-14,7.4280988659515e-23,7.8911183996599e-11,1.0856361948706e-10,4.332754921487e-11,1.4928176228107e-22,5.0913750776024e-11,2.827305467801e-11,1.9627131237132e-14,5.4699031282507e-11,1.7572731909455e-11
9.15,1000868237.336,1000868237.336,1000868237.336,423090459.55819,423090459.55819,423090459.55819,1,1,1,399999998.57593,0.00013234981210223,0.00027118742090475,9.9620451784495e-05,1.0861254805483,279.20540999503,279.20540999503,307.30364714483,307.30364714483,279.20540999503,316.87825021755,316.87825021755,316.87825021755,288.9717052209,288.9717052209,288.9717052209,307.30364714483,0.0038513596982211,7.7053118700935e-08,2.7250975357882e-12,-0.0022044758757154,-0.0051415525083751,-0.0013542362049466,6.8114106118507e-15,-0.0015103642522231,-0.0033585574511268,1.0424206471712e-08,-0.0038313393866513,0.0016605863294836,435.01436737539,435.01436737539,463.11260452519,463.11260452519,435.01436737539,472.68720759791,472.68720759791,472.68720759791,444.78066260126,444.78066260126,444.78066260126,463.11260452519,0.034091045128078,0.11532221857096,0.078652096563113,0.087346784844751,663.32379820404,-0.50311089921209,-0.008972050146862,-0.0026190495392909,654.3582403264,0.0028743754783459,-0.50141695245282,0,8.9184087727824e-08,3.2886072563786e-13,2.0374817243192e-15,2.6398397982746e-23,1.8638445627516e-12,2.125080286959e-12,2.5008687145517e-13,5.1587680575476e-23,4.9058608449175e-13,4.3059845012741e-14,1.7926171071693e-15,8.35659972854e-13,9.139208958434e-14,4.8041468108769e-11,2.6454710133482e-14,1.1161396111164e-22,8.1547058255397e-11,1.1156893685001e-10,4.3681225460254e-11,2.2223775980228e-22,5.1607544270223e-11,2.8333950494821e-11,2.2162274662233e-14,5.5880832949649e-11,1.7701979842039e-11
9.2,999815236.83912,999815236.83912,999815236.83912,422037459.06134,422037459.06134,422037459.06134,1,1,1,399999998.71935,0.00013298043703826,0.00027267216604601,0.00010031399180457,1.0866194879117,279.03182960159,279.03182960159,307.149829313,307.149829313,279.03182960159,316.71653646858,316.71653646858,316.71653646858,288.80177130137,288.80177130137,288.80177130137,307.149829313,0.003856914831811,7.7014824005861e-08,3.6899818276395e-12,-0.0022008004434892,-0.0051364379988074,-0.0013601186089523,8.1609038049868e-15,-0.0015129932903825,-0.0033557005208472,1.0164834166781e-08,-0.0038178633155924,0.0016603737343345,434.84091503483,434.84091503483,462.95891474624,462.95891474624,434.84091503483,472.52562190182,472.52562190182,472.52562190182,444.61085673461,444.61085673461,444.61085673461,462.95891474624,0.034017741220064,0.11594582658091,0.079081473525829,0.087803066528596,663.15848402248,-0.50274862966884,0.0039449416550257,0.0010457918579069,654.19933886877,0.0037059901499768,-0.50191501519832,0,9.2571033540604e-08,3.2736254582586e-13,2.2356786039853e-15,3.5370621263492e-23,1.8571618332972e-12,2.1946640765953e-12,2.51570041255e-13,6.9012182121132e-23,4.9097191295531e-13,4.2740416831849e-14,1.9788878169055e-15,8.2453684556997e-13,9.191633670557e-14,4.8504428660889e-11,2.9616437136345e-14,1.6163557341203e-22,8.4173481707568e-11,1.1467266055199e-10,4.4036999224483e-11,3.1983572372695e-22,5.2301883408269e-11,2.8394394571966e-11,2.4960844651315e-14,5.7046904139331e-11,1.7831969172012e-11
9.25,998768253.12856,998768253.12856,998768253.12856,420990475.35078,420990475.35078,420990475.35078,1,1,1,399999998.84763,0.00013360850131267,0.00027415689098226,0.00010100590623491,1.0871134464015,278.86005957389,278.86005957389,306.99650295458,306.99650295458,278.86005957389,316.55512489056,316.55512489056,316.55512489056,288.63304877345,288.63304877345,288.63304877345,306.99650295458,0.0038518294602641,7.6557304158687e-08,4.9537866287611e-12,-0.0021998662729123,-0.0051222785162183,-0.0013668715166651,9.7668186778164e-15,-0.0015169242330502,-0.0033606270670465,9.7951895871075e-09,-0.0038116456738541,0.0016592554054453,434.66926683078,434.66926683078,462.80571021147,462.80571021147,434.66926683078,472.36433214746,472.36433214746,472.36433214746,444.44225603034,444.44225603034,444.44225603034,462.80571021147,0.034139029673139,0.11656894068833,0.079510438371796,0.088259138910448,662.99263796548,-0.50691685108774,0.0041047135685257,0.0011803235949638,654.03699980082,0.0010230163100509,-0.50560354875948,0,9.5925851792554e-08,3.257767552308e-13,2.4403636724434e-15,4.5084965352099e-23,1.8494789409943e-12,2.2644273920932e-12,2.5306185052061e-13,8.8155773356596e-23,4.9164331174059e-13,4.2386336085503e-14,2.1702445289526e-15,8.1073969646567e-13,9.2495879433678e-14,4.8965146566443e-11,3.3067632539037e-14,2.2539534287209e-22,8.6789039909245e-11,1.1787504448089e-10,4.4394882725609e-11,4.4450681400933e-22,5.2997172047583e-11,2.8454337903317e-11,2.8030033897826e-14,5.8193463213627e-11,1.796277809917e-11
9.3,997729003.53762,997729003.53762,997729003.53762,419951225.75984,419951225.75984,419951225.75984,1,1,1,399999998.96309,0.00013423261493903,0.00027564160869879,0.00010169692864061,1.0876073233402,278.69054513202,278.69054513202,306.84409483054,306.84409483054,278.69054513202,316.39412959848,316.39412959848,316.39412959848,288.46565219162,288.46565219162,288.46565219162,306.84409483054,0.0038475522336383,7.5767370463187e-08,6.632225034524e-12,-0.0021989425494713,-0.0051076676276467,-0.001373669253694,1.1624325564139e-14,-0.0015209764434713,-0.0033649465428834,9.3257929947821e-09,-0.0038040189268067,0.0016581380293324,434.49986784346,434.49986784346,462.65341754198,462.65341754198,434.49986784346,472.20345230992,472.20345230992,472.20345230992,444.27497490306,444.27497490306,444.27497490306,462.65341754198,0.034153816148858,0.11719150668406,0.079938937755374,0.088715010398405,662.83034444709,-0.50888291168117,0.0037110395178374,0.001341332555856,653.88012108459,0.00053446204971614,-0.50861018563092,0,9.924744224952e-08,3.2436189768973e-13,2.6538449633022e-15,5.4372304337855e-23,1.8431792213291e-12,2.3340513194501e-12,2.547990038909e-13,1.0687561245452e-22,4.9230823968309e-13,4.2014921482999e-14,2.3726073344977e-15,7.9487046040915e-13,9.3091952763443e-14,4.9423863561272e-11,3.6820736078574e-14,3.0228939308416e-22,8.9395688961933e-11,1.2117589151214e-10,4.4755222932591e-11,5.9565175462945e-22,5.369340103701e-11,2.85137559751e-11,3.1385407368459e-14,5.9317579799067e-11,1.8094430001316e-11
9.35,996695298.47319,996695298.47319,996695298.47319,418917520.69541,418917520.69541,418917520.69541,1,1,1,399999999.067,0.00013485503468239,0.00027712637035918,0.00010238471652185,1.0881011262187,278.52270894731,278.52270894731,306.69251095912,306.69251095912,278.52270894731,316.23335872369,316.23335872369,316.23335872369,288.29906521772,288.29906521772,288.29906521772,306.69251095912,0.0038417920681139,7.4713362466661e-08,8.8163544241201e-12,-0.002198178237924,-0.0050900471834075,-0.001380447327858,1.3764233648098e-14,-0.0015261008951701,-0.0033706218687321,8.7959154321642e-09,-0.0037985268955854,0.0016567546065957,434.33214152886,434.33214152886,462.50194354067,462.50194354067,434.33214152886,472.04279130524,472.04279130524,472.04279130524,444.10849779927,444.10849779927,444.10849779927,462.50194354067,0.034169824424457,0.1178135361961,0.080366987931195,0.089170674598021,662.6697237767,-0.51169199095397,0.0042734091825059,0.00021639311900321,653.726152612,0.0018561713232419,-0.51065341560789,0,1.0253433929171e-07,3.2301089217193e-13,2.871810406076e-15,6.1889190399696e-23,1.8374050831941e-12,2.4037450228395e-12,2.5679804649521e-13,1.2248436024239e-22,4.927999306696e-13,4.1619534965044e-14,2.5797949372198e-15,7.7731795369653e-13,9.3668790616913e-14,4.9880669945776e-11,4.0882089303411e-14,3.898139255117e-22,9.199417215016e-11,1.2457530032392e-10,4.5118390212735e-11,7.6887079806282e-22,5.43903253825e-11,2.8572614885908e-11,3.5033788356816e-14,6.0416873391461e-11,1.8226897675378e-11
9.4,995667682.22887,995667682.22887,995667682.22887,417889904.45109,417889904.45109,417889904.45109,1,1,1,399999999.16062,0.00013547422046382,0.00027861113125802,0.00010307120352343,1.0885948796584,278.3565515262,278.3565515262,306.54155404514,306.54155404514,278.3565515262,316.0729881558,316.0729881558,316.0729881558,288.1336523665,288.1336523665,288.1336523665,306.54155404514,0.0038373935607275,7.360804518169e-08,1.1660526825173e-11,-0.0021970409445118,-0.0050755455741029,-0.0013870502559577,1.6253708792604e-14,-0.0015304587846147,-0.0033757722008069,8.2169494070327e-09,-0.0037916405651354,0.0016555502868451,434.16608889742,434.16608889742,462.35109141636,462.35109141636,434.16608889742,471.88252552702,471.88252552702,471.88252552702,443.94318973772,443.94318973772,443.94318973772,462.35109141636,0.034143691169284,0.11843505376429,0.080794609918166,0.089626136778209,662.50896606162,-0.51570219880421,0.0046633304057106,0.00071575307643948,653.57109281565,0.0022020608547426,-0.51417808038834,0,1.0578918030231e-07,3.2173847919727e-13,3.1060808144693e-15,6.6137648542257e-23,1.8348481405562e-12,2.4724827782365e-12,2.5905254473989e-13,1.3221390053372e-22,4.9336752173537e-13,4.1202901499734e-14,2.8042068336827e-15,7.5841043006327e-13,9.4247430828938e-14,5.0335676866594e-11,4.5274750917061e-14,4.8334668506363e-22,9.4589039275429e-11,1.2807191900164e-10,4.5484745834873e-11,9.5584948933186e-22,5.5088052422972e-11,2.8630884588018e-11,3.899953569271e-14,6.1489427707501e-11,1.8360183670275e-11
9.45,994645347.20488,994645347.20488,994645347.20488,416867569.42709,416867569.42709,416867569.42709,1,1,1,399999999.24486,0.0001360885596696,0.00028009589372534,0.0001037571361223,1.0890885636751,278.19206075092,278.19206075092,306.39116473998,306.39116473998,278.19206075092,315.91270249124,315.91270249124,315.91270249124,287.96922097932,287.96922097932,287.96922097932,306.39116473998,0.003834081706377,7.2288901751547e-08,1.5442663745918e-11,-0.0021959710206458,-0.0050626065798788,-0.0013937284021318,1.9127148592965e-14,-0.0015340043050121,-0.0033794274741603,7.5985464914284e-09,-0.0037829853312632,0.0016549004329877,434.00169803105,434.00169803105,462.20080202011,462.20080202011,434.00169803105,471.72233977136,471.72233977136,471.72233977136,443.77885825945,443.77885825945,443.77885825945,462.20080202011,0.034154190675044,0.11905603023199,0.081221773639381,0.090081401965559,662.35029050571,-0.51790575611072,0.0050582811200697,0.00097329269753636,653.41960162527,0.0026457967385489,-0.51678785839119,0,1.0901268810888e-07,3.2077173793425e-13,3.3512395761009e-15,6.6716616985865e-23,1.8341077739437e-12,2.5420240649735e-12,2.6164900309964e-13,1.3511359523729e-22,4.9386762669506e-13,4.0775608945779e-14,3.0400816329041e-15,7.3823487136867e-13,9.482266673175e-14,5.0789316608807e-11,5.0014119376344e-14,5.7769822964069e-22,9.7182859364194e-11,1.316668839102e-10,4.5854773403638e-11,1.1469289681774e-21,5.5786486718662e-11,2.8688550007203e-11,4.3298860368684e-14,6.2533449474808e-11,1.8494283171587e-11
9.5,993628776.5556,993628776.5556,993628776.5556,415850998.77781,415850998.77781,415850998.77781,1,1,1,399999999.32057,0.00013670094674915,0.00028158070222243,0.0001044408776361,1.0895821893568,278.02940046068,278.02940046068,306.24132168101,306.24132168101,278.02940046068,315.75284235233,315.75284235233,315.75284235233,287.80560215992,287.80560215992,287.80560215992,306.24132168101,0.003828485572384,7.0855025988113e-08,2.0246476672208e-11,-0.0021945271242442,-0.0050460721237758,-0.0014006020865061,2.2329223312312e-14,-0.0015386129377972,-0.0033853546520899,6.9659945523203e-09,-0.0037775422462087,0.0016538090366868,433.83913246567,433.83913246567,462.05105368599,462.05105368599,433.83913246567,471.56257435731,471.56257435731,471.56257435731,443.61533416491,443.61533416491,443.61533416491,462.05105368599,0.034191900952606,0.11967648915651,0.081648506611356,0.090536460757052,662.19148177578,-0.52093509842832,0.0047433843981415,0.00041921235580323,653.26862398983,0.0018019012231039,-0.51959163077709,0,1.1220551747289e-07,3.1992573390688e-13,3.5935008729859e-15,6.3881765724464e-23,1.8348959649391e-12,2.6104089814044e-12,2.6447940805428e-13,1.3134855161988e-22,4.9427357713157e-13,4.0311154585352e-14,3.272859707367e-15,7.1683606869887e-13,9.5394738071787e-14,5.124175992065e-11,5.509609704732e-14,6.6804068911657e-22,9.9777794123355e-11,1.3535855969505e-10,4.6228803769477e-11,1.3326838712763e-21,5.6485495114964e-11,2.8745558588732e-11,4.7927382954587e-14,6.354720876516e-11,1.8629191703947e-11
9.55,992618601.05324,992618601.05324,992618601.05324,414840823.27546,414840823.27546,414840823.27546,1,1,1,399999999.38877,0.00013730877495167,0.00028306551793645,0.00010512392750139,1.0900757503846,277.86859938767,277.86859938767,306.09222415705,306.09222415705,277.86859938767,315.59332920462,315.59332920462,315.59332920462,287.64306698372,287.64306698372,287.64306698372,306.09222415705,0.0038247376812087,6.9398015721275e-08,2.6520379478448e-11,-0.0021934192864079,-0.0050322381534155,-0.001407156004528,2.5990060458533e-14,-0.0015423054845361,-0.0033900141453618,6.3313987673475e-09,-0.0037693251602786,0.0016531187135361,433.6784213199,433.6784213199,461.90204608928,461.90204608928,433.6784213199,471.40315113684,471.40315113684,471.40315113684,443.45288891594,443.45288891594,443.45288891594,461.90204608928,0.034159705836165,0.12029641139744,0.082074789554532,0.09099132245786,662.03449989563,-0.52359761946963,0.0054420405221162,0.0010774454185703,653.11946601117,0.0027589120502954,-0.52280001169961,0,1.1537088380549e-07,3.1926034427119e-13,3.8553906172057e-15,5.7791805868997e-23,1.8386465154224e-12,2.6787160418616e-12,2.6773606098117e-13,1.2079420552608e-22,4.9460700737507e-13,3.9814482622169e-14,3.5259458331737e-15,6.9478856623957e-13,9.5948550251724e-14,5.1693262229446e-11,6.0548442746418e-14,7.4977064477054e-22,1.0237803296188e-10,1.3914683625119e-10,4.6607439738053e-11,1.5035126749874e-21,5.7184975052838e-11,2.8801864770036e-11,5.2913823372054e-14,6.4529788178518e-11,1.8764883445003e-11
9.6,991612633.19011,991612633.19011,991612633.19011,413834855.41233,413834855.41233,413834855.41233,1,1,1,399999999.4501,0.00013791373829397,0.00028455036059839,0.00010580580836653,1.0905692659432,277.70915421178,277.70915421178,305.9435971509,305.9435971509,277.70915421178,315.43394081235,315.43394081235,315.43394081235,287.48124007818,287.48124007818,287.48124007818,305.9435971509,0.0038203835342687,6.7852642259826e-08,3.4461954555075e-11,-0.0021915311770199,-0.0050182635983949,-0.0014138241735079,3.0118673616128e-14,-0.0015460229737846,-0.0033953494331401,5.7042406500324e-09,-0.0037628111999209,0.0016522501222798,433.51906169115,433.51906169115,461.75350463028,461.75350463028,433.51906169115,471.24384829173,471.24384829173,471.24384829173,443.29114755755,443.29114755755,443.29114755755,461.75350463028,0.034177026411176,0.12091583602085,0.082500658856998,0.091445981504642,661.87623299367,-0.52789341616859,0.0063795503067373,0.0014931978449933,652.96866755301,4.3049289571425e-05,-0.52656498431028,0,1.1851078427521e-07,3.1867960444657e-13,4.1208646302259e-15,4.9707181713706e-23,1.8443571825561e-12,2.7458373197436e-12,2.7139178582834e-13,1.0572579305011e-22,4.9491257252087e-13,3.9303400357073e-14,3.7835201703614e-15,6.7208784672133e-13,9.648077602143e-14,5.2143943248106e-11,6.6376225395187e-14,8.200672152974e-22,1.0498634790331e-10,1.4303003662884e-10,4.6991245682288e-11,1.6530315254115e-21,5.7884887125086e-11,2.8857448171868e-11,5.8264528910491e-14,6.5480263926457e-11,1.8901327866961e-11
9.65,990612142.75236,990612142.75236,990612142.75236,412834364.97458,412834364.97458,412834364.97458,1,1,1,399999999.50524,0.00013851547469332,0.00028603523861272,0.00010648582633916,1.0910626989887,277.55139053159,277.55139053159,305.79549522561,305.79549522561,277.55139053159,315.2749505479,315.2749505479,315.2749505479,287.3202195938,287.3202195938,287.3202195938,305.79549522561,0.0038148338117429,6.6155097637482e-08,4.4499315940994e-11,-0.0021902270026683,-0.0050010397925562,-0.0014207059119084,3.4659439670755e-14,-0.0015503531048858,-0.0034014980053437,5.0868884685849e-09,-0.0037563113135201,0.0016515668325362,433.36137909917,433.36137909917,461.60548379319,461.60548379319,433.36137909917,471.08493911547,471.08493911547,471.08493911547,443.13020816137,443.13020816137,443.13020816137,461.60548379319,0.034173617221063,0.12153469895387,0.082926058741562,0.091900439953629,661.72113444649,-0.52947179927372,0.0059311673919224,0.00052876275640278,652.8239121138,0.0017437040541444,-0.52845634932648,0,1.2162614494318e-07,3.1841565132411e-13,4.3860077848796e-15,4.0910578850806e-23,1.851425196217e-12,2.8125950078982e-12,2.7545229319185e-13,8.8708267490694e-23,4.9508347754446e-13,3.8757275493215e-14,4.0411936723055e-15,6.4869213314816e-13,9.6990452459838e-14,5.2594250980681e-11,7.2578977089238e-14,8.7792351075275e-22,1.0760465852552e-10,1.4700764663448e-10,4.7380794051107e-11,1.7784839603915e-21,5.8585040893537e-11,2.8912259236511e-11,6.3979639810042e-14,6.639765313896e-11,1.9038493080251e-11
9.7,989617391.23418,989617391.23418,989617391.23418,411839613.4564,411839613.4564,411839613.4564,1,1,1,399999999.55491,0.00013911294976704,0.00028752012886652,0.00010716599491793,1.0915560942957,277.39544038633,277.39544038633,305.64808630318,305.64808630318,277.39544038633,315.11633321781,315.11633321781,315.11633321781,287.15992377511,287.15992377511,287.15992377511,305.64808630318,0.0038118199607706,6.4486984695504e-08,5.7381788572748e-11,-0.0021880566776859,-0.0049890799475419,-0.0014274626240258,3.9663417430009e-14,-0.0015530531440107,-0.0034064995546875,4.5050277705911e-09,-0.0037483025881703,0.001650872936528,433.20550608165,433.20550608165,461.4581519985,461.4581519985,433.20550608165,470.92639891313,470.92639891313,470.92639891313,442.96998947044,442.96998947044,442.96998947044,461.4581519985,0.034132664625087,0.12215306316388,0.083351042322946,0.092354701961541,661.56476066747,-0.53348045130731,0.0066987332014665,0.0020163691754738,652.67545260542,-0.00096946598554456,-0.53303414841192,0,1.2472135869598e-07,3.1828188908135e-13,4.6721944562592e-15,3.2007498568331e-23,1.8614184670679e-12,2.8786355816519e-12,2.7992543326317e-13,7.0863637023041e-23,4.9518023285866e-13,3.8187148696334e-14,4.3203709759215e-15,6.2543518719615e-13,9.7480858720964e-14,5.3044369544877e-11,7.9186457855324e-14,9.2318894932572e-22,1.1023710176689e-10,1.5107865211518e-10,4.7776668395281e-11,1.8787002769485e-21,5.9285331494664e-11,2.8966264020106e-11,7.0089567038673e-14,6.7282152063078e-11,1.9176351832726e-11
9.75,988628066.50805,988628066.50805,988628066.50805,410850288.73027,410850288.73027,410850288.73027,1,1,1,399999999.59955,0.00013970664449044,0.00028900504074002,0.00010784498638667,1.092049410527,277.24101449181,277.24101449181,305.50132753682,305.50132753682,277.24101449181,314.95802265585,314.95802265585,314.95802265585,287.00052853841,287.00052853841,287.00052853841,305.50132753682,0.0038060605676988,6.2713655511439e-08,7.3419543562006e-11,-0.0021869556614988,-0.0049733384387197,-0.0014344421575372,4.5097339041104e-14,-0.001556665962339,-0.0034126350221216,3.9566163992316e-09,-0.0037410372758405,0.0016503344721582,433.05115328937,433.05115328937,461.31146633437,461.31146633437,433.05115328937,470.7681614534,470.7681614534,470.7681614534,442.81066733596,442.81066733596,442.81066733596,461.31146633437,0.034156575106863,0.12277087395627,0.083775565159714,0.092808765098303,661.41092903197,-0.53643330370685,0.0050199540907221,0.0011247545556112,652.5314714863,-0.0007736217811317,-0.53586848509089,0,1.2779769085976e-07,3.1845861582809e-13,4.9524733598207e-15,2.4023221054494e-23,1.8724255030573e-12,2.9436150977335e-12,2.8476716132216e-13,5.4378432385449e-23,4.9518092094405e-13,3.7590476519146e-14,4.5952240165922e-15,6.0205754198664e-13,9.795690276595e-14,5.3494738038436e-11,8.6190312848074e-14,9.5716291435287e-22,1.1288511130785e-10,1.552415525088e-10,4.8179389976941e-11,1.9556029935286e-21,5.9985623068892e-11,2.9019424981815e-11,7.6588195165081e-14,6.8133590004285e-11,1.9314883813145e-11
9.8,987643906.18621,987643906.18621,987643906.18621,409866128.40843,409866128.40843,409866128.40843,1,1,1,399999999.63974,0.00014029734031161,0.00029049000135744,0.00010852306155568,1.0925426715315,277.08824029803,277.08824029803,305.35506290934,305.35506290934,277.08824029803,314.80010540212,314.80010540212,314.80010540212,286.84187411324,286.84187411324,286.84187411324,305.35506290934,0.0038023566179993,6.1025532090513e-08,9.3508282670152e-11,-0.0021848188214476,-0.00495863369284,-0.0014409415684095,5.0990351175489e-14,-0.0015601854388031,-0.0034183435527115,3.4533036256515e-09,-0.003734044776832,0.0016496629722584,432.89844868381,432.89844868381,461.16527129512,461.16527129512,432.89844868381,470.6103137879,470.6103137879,470.6103137879,442.65208249903,442.65208249903,442.65208249903,461.16527129512,0.034136519980516,0.1233881700697,0.084199665005206,0.093262629980021,661.25690359624,-0.53998847528006,0.0071122034864013,0.0015378144723431,652.38729675585,-0.0017157322081115,-0.53911338720528,0,1.3085996644128e-07,3.1873736647364e-13,5.2418226889683e-15,1.7258500497323e-23,1.8864471326989e-12,3.0082407603137e-12,2.8999904674496e-13,3.9943360432232e-23,4.9496110103525e-13,3.6970672496733e-14,4.8805520244945e-15,5.7899670883295e-13,9.8340140822793e-14,5.3945500744938e-11,9.3603369586368e-14,9.8157011982241e-22,1.1555295042761e-10,1.5949584739092e-10,4.8589510561923e-11,2.0120914355786e-21,6.0685603770823e-11,2.907170940827e-11,8.3490338029988e-14,6.8952415002485e-11,1.9453957774023e-11
9.85,986664692.11229,986664692.11229,986664692.11229,408886914.33451,408886914.33451,408886914.33451,1,1,1,399999999.6759,0.00014088419138562,0.00029197500482004,0.00010920013516811,1.0930358642246,276.93688357293,276.93688357293,305.20929048479,305.20929048479,276.93688357293,314.64248747971,314.64248747971,314.64248747971,286.68409686163,286.68409686163,286.68409686163,305.20929048479,0.0037964459386003,5.9247112321477e-08,1.1825653890849e-10,-0.0021837275472871,-0.0049427945201396,-0.0014483282400223,5.720068523194e-14,-0.0015637032351352,-0.0034248982796645,2.9941067995224e-09,-0.0037266896738723,0.0016491001692829,432.74715794164,432.74715794164,461.01956485349,461.01956485349,432.74715794164,470.45276184841,470.45276184841,470.45276184841,442.49437123033,442.49437123033,442.49437123033,461.01956485349,0.034163199626287,0.12400491729452,0.084623309388345,0.093716297531657,661.1043293037,-0.54304818075493,0.0046044498322131,0.0012332774999165,652.24557379094,-0.0007257544750524,-0.54189489385029,0,1.339098405781e-07,3.1943596919527e-13,5.5305916847189e-15,1.1903586909803e-23,1.9012316619214e-12,3.072127841309e-12,2.9541937813998e-13,2.8215327381392e-23,4.9467218963725e-13,3.6341541349489e-14,5.1655628045062e-15,5.5638019694259e-13,9.8759312097214e-14,5.4397251424884e-11,1.0142480735485e-13,9.9840433387114e-22,1.1824169802912e-10,1.6384049224944e-10,4.9007296653076e-11,2.0519939342282e-21,6.1385175890337e-11,2.9123104108924e-11,9.0795547005411e-14,6.9739255422837e-11,1.9593624532601e-11
9.9,985689998.76514,985689998.76514,985689998.76514,407912220.98736,407912220.98736,407912220.98736,1,1,1,399999999.70844,0.00014146879365165,0.00029346008449172,0.00010987539679816,1.0935289870137,276.78689462703,276.78689462703,305.06397685526,305.06397685526,276.78689462703,314.48517174152,314.48517174152,314.48517174152,286.52701178594,286.52701178594,286.52701178594,305.06397685526,0.003792229279033,5.7490229897581e-08,1.4856510067251e-10,-0.0021817495504193,-0.004925229474973,-0.0014549874874315,6.3941607687255e-14,-0.0015677091914517,-0.003431287009689,2.5784204698351e-09,-0.003720472536111,0.0016486335103799,432.59723191974,432.59723191974,460.87431414796,460.87431414796,432.59723191974,470.29550903423,470.29550903423,470.29550903423,442.33734907865,442.33734907865,442.33734907865,460.87431414796,0.034151646585502,0.12462112992195,0.085046512520547,0.094169765657852,660.95325343003,-0.54527509572353,0.0068366656152787,0.00037141655292528,652.10672962643,0.00069248526920478,-0.54425473584007,0,1.3695140371179e-07,3.2035831265862e-13,5.8153637894264e-15,7.9282566239593e-24,1.9184288478199e-12,3.135770428536e-12,3.0104063069493e-13,1.9248428949952e-23,4.940904952025e-13,3.5698319708751e-14,5.4486617985884e-15,5.342127272995e-13,9.9099660862713e-14,5.4850306495465e-11,1.0964897369599e-13,1.0096165819147e-21,1.2095476612415e-10,1.6827514131797e-10,4.943303239583e-11,2.0792153235036e-21,6.2083925369692e-11,2.917358915681e-11,9.8501118417759e-14,7.0494746306977e-11,1.973377261702e-11
9.95,984721442.33319,984721442.33319,984721442.33319,406943664.5554,406943664.5554,406943664.5554,1,1,1,399999999.73772,0.00014205028174903,0.00029494521827366,0.00011054950982024,1.0940220470457,276.63839964757,276.63839964757,304.91942036204,304.91942036204,276.63839964757,314.32863990104,314.32863990104,314.32863990104,286.37070009545,286.37070009545,286.37070009545,304.91942036204,0.0037886190728339,5.5794158946282e-08,1.8579214423413e-10,-0.0021796083865003,-0.0049086144172345,-0.0014616581643173,7.083652635521e-14,-0.0015715511562654,-0.0034377387269044,2.2071291121656e-09,-0.0037134572727071,0.0016480623203249,432.44879693622,432.44879693622,460.72981765068,460.72981765068,432.44879693622,470.13903718969,470.13903718969,470.13903718969,442.18109738409,442.18109738409,442.18109738409,460.72981765068,0.034133973360587,0.12523680653385,0.085469274166758,0.094623037784477,660.80378901604,-0.54943603160449,0.0088604140528178,0.0010290087017347,651.9678043641,0.0033253658157172,-0.54885935101379,0,1.3998901929928e-07,3.2174808071424e-13,6.112862711012e-15,5.0631372059852e-24,1.938072142395e-12,3.1999504771428e-12,3.0675484619462e-13,1.2597065128255e-23,4.9345480087765e-13,3.5043881141438e-14,5.7460905037038e-15,5.1272048622177e-13,9.942406409387e-14,5.5305326994878e-11,1.1829386704682e-13,1.0167769392196e-21,1.2369561403278e-10,1.7280055468166e-10,4.9866849259643e-11,2.0970302638541e-21,6.2781775841511e-11,2.9223148688799e-11,1.0662731753872e-13,7.1219842572298e-11,1.9874379476888e-11
10,983758208.78751,983758208.78751,983758208.78751,405980431.00973,405980431.00973,405980431.00973,1,1,1,399999999.76409,0.00014262422112175,0.0002964303913065,0.00011122646547429,1.0945150796695,276.4914521993,276.4914521993,304.77530947979,304.77530947979,276.4914521993,314.17248677061,314.17248677061,314.17248677061,286.21532075238,286.21532075238,286.21532075238,304.77530947979,0.003783847553424,5.4160619444557e-08,2.3127052015212e-10,-0.0021787946894356,-0.0048993884886941,-0.0014694906837621,7.8012001203326e-14,-0.0015726011489641,-0.0034433300686522,1.8793273723561e-09,-0.0037026036716353,0.0016482985785921,432.30190669345,432.30190669345,460.58576397393,460.58576397393,432.30190669345,469.98294126476,469.98294126476,469.98294126476,442.02577524652,442.02577524652,442.02577524652,460.58576397393,0.034114519656829,0.12585198369821,0.085891626009896,0.095076119137982,660.65064488224,-0.55304715148373,0.0038626301744939,0.0017946298939891,651.82585517399,0.00064140088208463,-0.55171718083658,0,1.4302780899336e-07,3.2356877598783e-13,6.4192755411782e-15,3.0876851020711e-24,1.9604621923661e-12,3.2611041868151e-12,3.1215024501555e-13,7.9049767084036e-24,4.9280923337521e-13,3.4415940762236e-14,6.0536267044836e-15,4.9220725289435e-13,9.9730807845929e-14,5.5762922346241e-11,1.2737209357777e-13,1.0211435853673e-21,1.2646812625375e-10,1.7741245245097e-10,5.0308296369642e-11,2.1082095891254e-21,6.3478713343013e-11,2.9271820178986e-11,1.1518843852574e-13,7.191592874484e-11,2.001542013793e-11
