time,H_1,H_2,H_3,Hs_1,Hs_2,Hs_3,cry_1,cry_2,cry_3,disloc_density,disp_x,disp_y,disp_z,fp_yy,gd_0,gd_1,gd_10,gd_11,gd_2,gd_3,gd_4,gd_5,gd_6,gd_7,gd_8,gd_9,slip_increment_0,slip_increment_1,slip_increment_10,slip_increment_11,slip_increment_2,slip_increment_3,slip_increment_4,slip_increment_5,slip_increment_6,slip_increment_7,slip_increment_8,slip_increment_9,slip_resistance_0,slip_resistance_1,slip_resistance_10,slip_resistance_11,slip_resistance_2,slip_resistance_3,slip_resistance_4,slip_resistance_5,slip_resistance_6,slip_resistance_7,slip_resistance_8,slip_resistance_9,sliprate,strain_eff,strain_shear,strain_yy,stress_vm,stress_xx,stress_xy,stress_xz,stress_yy,stress_yz,stress_zz,surface_react_y,total_twin_volume,twin_slip_increment_0,twin_slip_increment_1,twin_slip_increment_10,twin_slip_increment_11,twin_slip_increment_2,twin_slip_increment_3,twin_slip_increment_4,twin_slip_increment_5,twin_slip_increment_6,twin_slip_increment_7,twin_slip_increment_8,twin_slip_increment_9,twin_twin_system_volume_fraction_0,twin_twin_system_volume_fraction_1,twin_twin_system_volume_fraction_10,twin_twin_system_volume_fraction_11,twin_twin_system_volume_fraction_2,twin_twin_system_volume_fraction_3,twin_twin_system_volume_fraction_4,twin_twin_system_volume_fraction_5,twin_twin_system_volume_fraction_6,twin_twin_system_volume_fraction_7,twin_twin_system_volume_fraction_8,twin_twin_system_volume_fraction_9
0.05,1733333333.3334,1733333333.3334,1733333333.3334,1155555555.5556,1155555555.5556,1155555555.5556,1,1,1,20000000,2.8177138650227e-07,1.4686000206646e-06,2.7768065329701e-07,1,397.20349230302,397.20349230302,397.12928707945,397.12928707945,397.20349230302,397.23193584125,397.23193584125,397.23193584125,396.84074958355,396.84074958355,396.84074958355,397.12928707945,5.9619174603101e-20,-5.157784507894e-57,4.8264736087095e-56,-5.6850089519144e-20,-5.7145330003623e-20,-5.4529594562916e-20,8.4101382021783e-59,-5.6977676821964e-20,-5.538556716217e-20,-3.386074668033e-55,-5.8106705905191e-20,5.9601772958633e-20,435.92602127105,435.92602127105,435.85181604749,435.85181604749,435.92602127105,435.95446480929,435.95446480929,435.95446480929,435.56327855158,435.56327855158,435.56327855158,435.85181604749,0,0.00056164158126107,0.00034085884482847,0.00049987486893314,69.539303958229,0.039983659384212,0.15933500567153,0.0073380004100994,69.576396639888,-0.0052558426396064,0.039509217285207,0,3.0476409072971e-34,1.4562311751803e-35,0,0,1.6771573574404e-35,1.6776397409012e-35,1.6003793261348e-35,0,1.4028516132423e-35,1.6090948456544e-35,0,1.394532394594e-35,1.4753767616368e-35,2.216700425864e-35,0,0,2.5530081096604e-35,2.5535780893521e-35,2.4359878609756e-35,0,2.1357553654613e-35,2.4491507041048e-35,0,2.1230120206226e-35,2.2459360091631e-35
0.1,1733333333.3334,1733333333.3334,1733333333.3334,1155555555.5556,1155555555.5556,1155555555.5556,1,1,1,20000000,5.630384672373e-07,2.9372293810448e-06,5.5680896176227e-07,1,397.20349230302,397.20349230302,397.12928707945,397.12928707945,397.20349230302,397.23193584125,397.23193584125,397.23193584125,396.84074958355,396.84074958355,396.84074958355,397.12928707945,6.254686565916e-14,2.6080431090326e-52,1.3051295921343e-52,-5.9258118257665e-14,-6.0512886941761e-14,-5.7844345035274e-14,-1.4870123437282e-51,-5.9812288961645e-14,-5.8117869647451e-14,-3.2186964445488e-51,-6.0929266857828e-14,6.1914192450931e-14,435.92602127105,435.92602127105,435.85181604749,435.85181604749,435.92602127105,435.95446480929,435.95446480929,435.95446480929,435.56327855158,435.56327855158,435.56327855158,435.85181604749,7.2731745532709e-19,0.0011233203274871,0.00068186508693531,0.00099949999179997,139.25726804547,-0.019415745813217,0.27467209126147,0.042592122525742,139.24063973724,-0.039645456745699,-0.0062555553052805,0,2.178287272683e-27,1.2314610562174e-28,0,0,1.4085789315091e-28,1.4084511206119e-28,1.3501446612083e-28,0,1.2167713105018e-28,1.3642774421099e-28,0,1.1860667990399e-28,1.2771415231722e-28,1.7415491489069e-28,0,0,1.992031683914e-28,1.9918509320667e-28,1.9093931346452e-28,0,1.7207747031937e-28,1.9293799063865e-28,0,1.6773519653839e-28,1.8061510877335e-28
0.15,1733333333.3329,1733333333.3329,1733333333.3329,1155555555.5551,1155555555.5551,1155555555.5551,1,1,1,20000000.000058,8.3187866244236e-07,4.4052211463247e-06,8.2251261756092e-07,1.0000000000324,397.20349230296,397.20349230296,397.12928707939,397.12928707939,397.20349230296,397.2319358412,397.2319358412,397.2319358412,396.84074958349,396.84074958349,396.84074958349,397.12928707939,2.0077196791507e-10,-4.9278974690661e-57,2.550213093472e-56,-1.9742525733241e-10,-1.973566027385e-10,-1.9367240789376e-10,-1.1880260842616e-58,-1.9699002572438e-10,-1.9720412184489e-10,-1.7363410154109e-55,-2.0078435078848e-10,2.0110489636348e-10,435.92602127103,435.92602127103,435.85181604746,435.85181604746,435.92602127103,435.95446480927,435.95446480927,435.95446480927,435.56327855156,435.56327855156,435.56327855156,435.85181604746,7.0989325523866e-13,0.0016847434457854,0.0010218241889957,0.0014988756197589,209.10691574436,0.0067277907722195,0.1857910497565,0.0067532006454913,209.11113997965,-0.0057401553164871,0.0037402166813342,0,5.7367970440594e-24,4.1887442991125e-25,0,0,4.4271726397546e-25,4.4267613135339e-25,4.3438687117981e-25,0,4.1294258424888e-25,4.3490856139751e-25,0,4.1209248101949e-25,4.2034019954772e-25,5.9255205462668e-25,0,0,6.2629596217919e-25,6.2623777379203e-25,6.1450674385276e-25,0,5.8416108059648e-25,6.1524652391117e-25,0,5.8295451080628e-25,5.9463142611977e-25
0.2,1733333331.7272,1733333331.7272,1733333331.7272,1155555553.9495,1155555553.9495,1155555553.9495,1,1,1,20000000.153105,1.1233862787246e-06,5.8743444031531e-06,1.0987012428389e-06,1.0000000103399,397.20349211842,397.20349211842,397.12928689455,397.12928689455,397.20349211842,397.23193565892,397.23193565892,397.23193565892,396.84074939926,396.84074939926,396.84074939926,397.12928689455,6.519851257057e-08,1.7597270320298e-52,2.634009677789e-52,-6.2296783293087e-08,-6.3371197629916e-08,-6.0724735067513e-08,-4.8610576496903e-52,-6.2352061440434e-08,-6.1668224197758e-08,-2.0551205830981e-51,-6.4268567551492e-08,6.5083714048809e-08,435.92602119582,435.92602119582,435.85181597195,435.85181597195,435.92602119582,435.95446473632,435.95446473632,435.95446473632,435.56327847666,435.56327847666,435.56327847666,435.85181597195,1.8709498417596e-09,0.0022462903803662,0.0013627091134469,0.0019980019930024,279.15181282889,-0.096569094439888,0.49889207551739,0.029316650591508,279.03950169257,-0.10865010061386,-0.12112375808329,0,2.1297191744869e-21,1.2901322121713e-22,0,0,1.4557779240127e-22,1.4722313461416e-22,1.3895208442449e-22,0,1.2845707924193e-22,1.4262969605931e-22,0,1.2597591334805e-22,1.3355783671179e-22,1.8304479922534e-22,0,0,2.0650438435639e-22,2.0883119144021e-22,1.9712242905698e-22,0,1.8224990472737e-22,2.0232409708814e-22,0,1.7873979969996e-22,1.8947393546515e-22
0.25,1733332820.2713,1733332820.2713,1733332820.2713,1155555042.4936,1155555042.4936,1155555042.4936,1,1,1,20000056.780843,1.3847391825459e-06,7.3417852014144e-06,1.3685330984818e-06,1.0000008974366,397.20343278931,397.20343278931,397.12922788033,397.12922788033,397.20343278931,397.23187801698,397.23187801698,397.23187801698,396.84069097517,396.84069097517,396.84069097517,397.12922788033,5.4602160475356e-06,1.6274998841303e-55,1.6743337283173e-55,-5.4139409370204e-06,-5.4104842202728e-06,-5.3501633320182e-06,-1.5969877725974e-55,-5.3972130289291e-06,-5.4505490399601e-06,-2.4670152019788e-58,-5.5043810046034e-06,5.4717003502703e-06,435.92599669174,435.92599669174,435.85179178276,435.85179178276,435.92599669174,435.95444191941,435.95444191941,435.95444191941,435.5632548776,435.5632548776,435.5632548776,435.85179178276,6.9228799490873e-07,0.0028074975587253,0.0017026827333807,0.0024968793625385,349.178600199,-0.057105245669237,0.16976609011656,0.006548390531331,349.11878339094,-0.012213612229257,-0.061459240799559,0,1.5156404110133e-19,1.1569266748397e-20,0,0,1.1931869683442e-20,1.1940141443907e-20,1.1801034716474e-20,0,1.1498289503027e-20,1.1824763776885e-20,0,1.1475772295246e-20,1.160790460368e-20,1.6544458741521e-20,0,0,1.7080716315148e-20,1.7094741158067e-20,1.688630577513e-20,0,1.6443286864001e-20,1.6925065402217e-20,0,1.6407932618342e-20,1.6605530056723e-20
0.3,1733288804.1369,1733288804.1369,1733288804.1369,1155511026.3591,1155511026.3591,1155511026.3591,1,1,1,20004055.739496,1.6664330720771e-06,8.8099844889872e-06,1.6502942952254e-06,1.0000291558713,397.19838733752,397.19838733752,397.12417278223,397.12417278223,397.19838733752,397.22686932511,397.22686932511,397.22686932511,396.83562655343,396.83562655343,396.83562655343,397.12417278223,0.00017355136003028,7.6115185825421e-49,3.3869142604291e-51,-0.00017230329793484,-0.00017246444566008,-0.00017104078408164,4.0547510441929e-49,-0.00017200511597162,-0.00017399179701382,1.1528598667734e-51,-0.00017526906016002,0.0001737087016715,435.92394825004,435.92394825004,435.84973369475,435.84973369475,435.92394825004,435.95243023762,435.95243023762,435.95243023762,435.56118746595,435.56118746595,435.56118746595,435.84973369475,4.8915469034558e-05,0.0033709006591184,0.0020450085986179,0.0029955079663051,415.48597514105,0.040003562877663,0.14527459541314,0.020273422779469,415.52171040769,-0.019294586075534,0.032822651509834,0,4.8391036618338e-18,3.6911766370275e-19,0,0,3.7833294922985e-19,3.7831518619456e-19,3.7495790840716e-19,0,3.6864835699669e-19,3.7567036278852e-19,0,3.6725646620815e-19,3.7118874771732e-19,5.3855566486143e-19,0,0,5.5212430420861e-19,5.5211320832612e-19,5.4715686516359e-19,0,5.3779079307528e-19,5.4820318743937e-19,0,5.3578700799912e-19,5.4154569127885e-19
0.35,1731886751.2967,1731886751.2967,1731886751.2967,1154108973.5189,1154108973.5189,1154108973.5189,1,1,1,20129954.602881,1.9750875580289e-06,1.027848083311e-05,1.9610993476456e-06,1.0002260417638,397.0377212008,397.0377212008,396.96334741118,396.96334741118,397.0377212008,397.06707928921,397.06707928921,397.06707928921,396.67418087098,396.67418087098,396.67418087098,396.96334741118,0.0012041104790263,9.5922705669694e-54,9.3098277867341e-55,-0.0012026148972092,-0.0012000756517434,-0.001195186294612,5.673395556238e-56,-0.0011998019323991,-0.001215827042308,-1.2090901925106e-54,-0.0012197613729949,0.0012058462621928,435.85861512476,435.85861512476,435.78424133515,435.78424133515,435.85861512476,435.88797321318,435.88797321318,435.88797321318,435.49507479495,435.49507479495,435.49507479495,435.78424133515,0.0015398267909852,0.0039492029643948,0.0023995435739892,0.003493888062907,458.09941974865,0.024997823666231,0.076145586372524,0.018643022119889,458.12553546991,0.0096065118152205,0.028755158667279,0,3.5872907482496e-17,2.5909642453037e-18,0,0,2.6185331536735e-18,2.6117743754037e-18,2.6120909397733e-18,0,2.5819944227096e-18,2.6032484150733e-18,0,2.5802425677152e-18,2.5906438164081e-18,4.2027324401937e-18,0,0,4.2552894036573e-18,4.2457199518805e-18,4.2412112983429e-18,0,4.1892823236428e-18,4.2297524022624e-18,0,4.1848010414744e-18,4.2052693117212e-18
0.4,1722131581.9333,1722131581.9333,1722131581.9333,1144353804.1555,1144353804.1555,1144353804.1555,1,1,1,20962294.584226,2.331415002336e-06,1.1747691734395e-05,2.3200263173708e-06,1.0006129971184,395.91996445184,395.91996445184,395.84314438446,395.84314438446,395.91996445184,395.95185867228,395.95185867228,395.95185867228,395.54824124034,395.54824124034,395.54824124034,395.84314438446,0.0023654535483647,7.1002180842705e-48,9.9562499941945e-50,-0.002360091831532,-0.0023589484743116,-0.0023501802892248,2.8201505345935e-50,-0.0023563811058641,-0.0023889306082817,-2.3600380973426e-50,-0.0023976086174032,0.0023676692198421,435.39879223019,435.39879223019,435.32197216281,435.32197216281,435.39879223019,435.43068645064,435.43068645064,435.43068645064,435.02706901869,435.02706901869,435.02706901869,435.32197216281,0.010179487204747,0.004544574710165,0.0027685184123072,0.0039920196998769,473.84503752421,0.05887857715496,0.074904226269357,0.026386295389797,473.90001576686,-0.0043210955642427,0.056193987499968,0,9.8590886691193e-17,5.071336205681e-18,0,0,5.1356163239595e-18,5.1247898471694e-18,5.1148044880979e-18,0,5.0723995464784e-18,5.1071950140044e-18,0,5.0601990058484e-18,5.0862971200987e-18,1.1374684881622e-17,0,0,1.1518147660145e-17,1.1493267258059e-17,1.1474637174298e-17,0,1.1362738556048e-17,1.1452416856752e-17,0,1.1341003103852e-17,1.1398379681224e-17
0.45,1703128455.7843,1703128455.7843,1703128455.7843,1125350678.0065,1125350678.0065,1125350678.0065,1,1,1,22666278.554231,2.6895478894676e-06,1.3216891498451e-05,2.6865888226403e-06,1.0010822245263,393.73306783143,393.73306783143,393.65301873379,393.65301873379,393.73306783143,393.76990040808,393.76990040808,393.76990040808,393.34525570021,393.34525570021,393.34525570021,393.65301873379,0.0028615260927317,3.8142888421508e-47,3.6652363569258e-48,-0.0028615113409346,-0.0028597844428558,-0.0028493722187871,1.0319149643224e-48,-0.0028524852259724,-0.0029011233988804,-2.4631477093841e-47,-0.0029087976793824,0.0028679520082765,434.48419994245,434.48419994245,434.40415084481,434.40415084481,434.48419994245,434.5210325191,434.5210325191,434.5210325191,434.09638781123,434.09638781123,434.09638781123,434.40415084481,0.020555564014394,0.0051479394113214,0.0031432597027231,0.004489903391571,477.95208523939,0.076612991565975,0.045149131046308,0.013720457901579,478.02701446345,-0.016057106909152,0.079370246904716,0,1.7030346788382e-16,6.0285446157275e-18,0,0,6.0721457103706e-18,6.0700958264831e-18,6.0574443622721e-18,0,6.0344502586252e-18,6.0622456844812e-18,0,6.0209423402972e-18,6.0492452330365e-18,1.9900334438555e-17,0,0,2.0105458476457e-17,2.0077679100776e-17,2.0041157144743e-17,0,1.9896739953261e-17,2.0025726922183e-17,0,1.9855901419767e-17,1.9953304331905e-17
0.5,1680479957.028,1680479957.028,1680479957.028,1102702179.2502,1102702179.2502,1102702179.2502,1,1,1,24708336.145582,3.0591557193906e-06,1.4686105097591e-05,3.0626511121888e-06,1.0015783717501,391.112097739,391.112097739,391.02689565049,391.02689565049,391.112097739,391.15412760812,391.15412760812,391.15412760812,390.70109945328,390.70109945328,390.70109945328,391.02689565049,0.0030230913878665,4.5112248611511e-46,5.0235233322656e-47,-0.0030237983611383,-0.0030217963956691,-0.0030105365671305,2.0742759214756e-47,-0.0030137111420392,-0.0030681721491466,-3.1460305307191e-46,-0.0030763773497862,0.0030304416062658,433.37971961838,433.37971961838,433.29451752986,433.29451752986,433.37971961838,433.4217494875,433.4217494875,433.4217494875,432.96872133266,432.96872133266,432.96872133266,433.29451752986,0.024082162448273,0.0057543036330096,0.0035201597874739,0.004987539091838,478.2568185171,0.076283834120777,0.044489070705837,0.014143654988569,478.33114531127,-0.017201179094966,0.07997719780039,0,2.4370243492622e-16,6.1089715779558e-18,0,0,6.1528387220994e-18,6.1496932212559e-18,6.1382068565924e-18,0,6.1151727100052e-18,6.1420334885236e-18,0,6.1012265172725e-18,6.1302120386371e-18,2.8539724896252e-17,0,0,2.8806886444344e-17,2.877465865871e-17,2.8721892529988e-17,0,2.8544900136005e-17,2.8711873982202e-17,0,2.8484338707604e-17,2.8622733337168e-17
0.55,1657028770.1068,1657028770.1068,1657028770.1068,1079250992.3291,1079250992.3291,1079250992.3291,1,1,1,26943865.857272,3.429815875341e-06,1.6155388685741e-05,3.4404371098062e-06,1.0020827473365,388.37989530704,388.37989530704,388.28907077344,388.28907077344,388.37989530704,388.42736640414,388.42736640414,388.42736640414,387.94322492439,387.94322492439,387.94322492439,388.28907077344,0.0030704185242043,2.4682924476388e-45,2.5015292370521e-46,-0.0030720932661511,-0.0030694216307307,-0.0030575003386512,1.8509970578651e-46,-0.0030607850053379,-0.0031203364633011,-1.6504626913158e-45,-0.0031287324847418,0.0030787275103446,432.22327213474,432.22327213474,432.13244760113,432.13244760113,432.22327213474,432.27074323184,432.27074323184,432.27074323184,431.78660175208,431.78660175208,431.78660175208,432.13244760113,0.025634973022457,0.0063617514976821,0.0038977403048744,0.0054849271110921,477.39865854811,0.076667883019647,0.044527749227346,0.014377264777913,477.47300607241,-0.017540324514366,0.08075759993552,0,3.1461993072559e-16,5.8974365471977e-18,0,0,5.9400379532667e-18,5.9357329943786e-18,5.9259603890782e-18,0,5.9031055001893e-18,5.9279633558986e-18,0,5.8898014569337e-18,5.9173078284401e-18,3.6879959644533e-17,0,0,3.7207368678865e-17,3.7169052761986e-17,3.7102466082308e-17,0,3.6893151994491e-17,3.7095280157365e-17,0,3.6813775807684e-17,3.6991070320885e-17
0.6,1633711332.9873,1633711332.9873,1633711332.9873,1055933555.2095,1055933555.2095,1055933555.2095,1,1,1,29278747.832611,3.8002162795982e-06,1.7624740854146e-05,3.818752501872e-06,1.002589545927,385.6444948096,385.6444948096,385.54756861183,385.54756861183,385.6444948096,385.69758505958,385.69758505958,385.69758505958,385.18012503492,385.18012503492,385.18012503492,385.54756861183,0.0030822115628444,9.3275148904366e-45,7.7774316186814e-46,-0.0030849603654402,-0.0030814989927174,-0.0030690234847025,1.1299454014823e-45,-0.0030724072000543,-0.0031369639876748,-5.8460059696403e-45,-0.0031454168524419,0.0030915086948172,431.06175827105,431.06175827105,430.96483207328,430.96483207328,431.06175827105,431.11484852103,431.11484852103,431.11484852103,430.59738849637,430.59738849637,430.59738849637,430.96483207328,0.026130996047205,0.0069696034747016,0.0042756018149426,0.0059820676720893,476.19923745664,0.077038112299358,0.044524435098863,0.014507740094317,476.27358921819,-0.017672450058722,0.081355358114476,0,3.8209589803016e-16,5.612169872998e-18,0,0,5.6529156648673e-18,5.647586644547e-18,5.639583667485e-18,0,5.6171460608437e-18,5.6396971704137e-18,0,5.6047575978463e-18,5.6301859331286e-18,4.4816766393269e-17,0,0,4.5201798679072e-17,4.5155946389381e-17,4.5078041791003e-17,0,4.4836996135567e-17,4.5071016383441e-17,0,4.4740100016372e-17,4.4953355626198e-17
0.65,1610804249.5686,1610804249.5686,1610804249.5686,1033026471.7908,1033026471.7908,1033026471.7908,1,1,1,31682198.115831,4.1834802335387e-06,1.9094165762546e-05,4.1972084156575e-06,1.0030970045179,382.93866294234,382.93866294234,382.83516292561,382.83516292561,382.93866294234,382.99749914964,382.99749914964,382.99749914964,382.44468016701,382.44468016701,382.44468016701,382.83516292561,0.0030831442841457,2.9121751731628e-44,1.9233861038404e-45,-0.0030870522152071,-0.0030827245060114,-0.003069717115876,5.662280839651e-45,-0.0030732075780191,-0.0031429640842427,-1.7162849519724e-44,-0.0031514403205715,0.0030934995052748,429.90949030108,429.90949030108,429.80599028435,429.80599028435,429.90949030108,429.96832650838,429.96832650838,429.96832650838,429.41550752575,429.41550752575,429.41550752575,429.80599028435,0.026310020528783,0.0075775911462844,0.0046536367098958,0.0064789609956207,474.90788960552,0.07740239448327,0.044510574685745,0.014609057483217,474.9822425887,-0.017749793938001,0.081897255250068,0,4.4602118576319e-16,5.3195065697717e-18,0,0,5.3583363393185e-18,5.352088211032e-18,5.3457754855618e-18,0,5.3237766482396e-18,5.3440738543659e-18,0,5.3123184813816e-18,5.3356156644187e-18,5.2339684729373e-17,0,0,5.2779630601893e-17,5.272494212444e-17,5.2638109984086e-17,0,5.2365953274553e-17,5.2628678106609e-17,0,5.2252852860387e-17,5.2499055662429e-17
0.7,1588381475.0058,1588381475.0058,1588381475.0058,1010603697.228,1010603697.228,1010603697.228,1,1,1,34141421.497948,4.5704270289597e-06,2.0563667225101e-05,4.57567878635e-06,1.0036045938632,380.27187512234,380.27187512234,380.16131648143,380.16131648143,380.27187512234,380.33656873861,380.33656873861,380.33656873861,379.74634303676,379.74634303676,379.74634303676,380.16131648143,0.0030807345247803,8.1562830580274e-44,4.2465184280699e-45,-0.0030858850557816,-0.0030806266638292,-0.0030670880171351,2.5376540812904e-44,-0.0030706987239057,-0.003145945444293,-4.56470774374e-44,-0.0031544448902561,0.0030922366817329,428.77067533759,428.77067533759,428.66011669667,428.66011669667,428.77067533759,428.83536895385,428.83536895385,428.83536895385,428.245143252,428.245143252,428.245143252,428.66011669667,0.026395106708168,0.008185592207935,0.0050318270082472,0.0069756072992959,473.59941372743,0.077754778964066,0.044496958309264,0.014700684028862,473.67374933255,-0.017817523654281,0.082413216628866,0,5.0652433502256e-16,5.0378173456498e-18,0,0,5.0748265414642e-18,5.0677348217281e-18,5.0630098913385e-18,0,5.0414091489592e-18,5.0595822299697e-18,0,5.0308254220826e-18,5.0520832723567e-18,5.9464234344349e-17,0,0,5.9956519123522e-17,5.9891801439838e-17,5.9798287238846e-17,0,5.9495582466483e-17,5.9784007916174e-17,0,5.9367514402228e-17,5.9643780344434e-17
0.75,1566456694.1111,1566456694.1111,1566456694.1111,988678916.33329,988678916.33329,988678916.33329,1,1,1,36649555.180744,4.9581220969706e-06,2.2033248837098e-05,4.9541175259284e-06,1.0041121568941,377.6466113116,377.6466113116,377.52849022485,377.52849022485,377.6466113116,377.71726632375,377.71726632375,377.71726632375,377.08752712514,377.08752712514,377.08752712514,377.52849022485,0.0030772426433604,2.1334157988388e-43,8.8709815549576e-45,-0.0030837233138268,-0.0030774722012145,-0.0030633949916288,1.0608251513311e-43,-0.0030671416892543,-0.0031482113726446,-1.1459038248765e-43,-0.0031567461625408,0.00308999250327,427.6464972161,427.6464972161,427.52837612935,427.52837612935,427.6464972161,427.71715222825,427.71715222825,427.71715222825,427.08741302964,427.08741302964,427.08741302964,427.52837612935,0.026449556114113,0.0087935409203565,0.0054101830501441,0.0074720067976656,472.29597807793,0.078094070857417,0.044487453912989,0.014787822797839,472.37026733661,-0.017889753159885,0.082912778566837,0,5.6379141872499e-16,4.7714554939904e-18,0,0,4.8067810784083e-18,4.7989022413083e-18,4.7956666714871e-18,0,4.774408228292e-18,4.7905916047967e-18,0,4.7646253801315e-18,4.7839680296667e-18,6.621209141621e-17,0,0,6.6754334115966e-17,6.6678474073999e-17,6.6580384086284e-17,0,6.6247615335239e-17,6.6558927535468e-17,0,6.6105712234437e-17,6.6409332813948e-17
0.8,1545026045.1766,1545026045.1766,1545026045.1766,967248267.39878,967248267.39878,967248267.39878,1,1,1,39201693.213393,5.3465828452045e-06,2.3502914051706e-05,5.3325038747888e-06,1.004619648174,375.06328100044,375.06328100044,374.93707235511,374.93707235511,375.06328100044,375.13999677051,375.13999677051,375.13999677051,374.46856178853,374.46856178853,374.46856178853,374.93707235511,0.0030733401967984,5.321549206421e-43,1.807671680293e-44,-0.0030812437789032,-0.0030739375203869,-0.0030593110665539,4.2260056129994e-43,-0.0030632106501861,-0.0031504611673157,-2.7690364142685e-43,-0.0031590494540827,0.0030874481944815,426.53725786326,426.53725786326,426.41104921793,426.41104921793,426.53725786326,426.61397363333,426.61397363333,426.61397363333,425.94253865136,425.94253865136,425.94253865136,426.41104921793,0.026495013980629,0.0094013970053435,0.0057887235935006,0.0079681597021623,471.00397103926,0.078419019485951,0.044483153057701,0.014871057979502,471.07817712401,-0.01797258317859,0.083397958317912,0,6.1801490655662e-16,4.5208194075642e-18,0,0,4.5546046303784e-18,4.5459842268065e-18,4.5441480982657e-18,0,4.5231757635147e-18,4.5374928394281e-18,0,4.5141166501565e-18,4.5316707602363e-18,7.2605495535427e-17,0,0,7.3195517755494e-17,7.3107466621883e-17,7.3006779956283e-17,0,7.2644351844999e-17,7.2975911448158e-17,0,7.2489637223222e-17,7.2818083063284e-17
0.85,1524080747.8875,1524080747.8875,1524080747.8875,946302970.10967,946302970.10967,946302970.10967,1,1,1,41793655.612349,5.7358341435931e-06,2.4972666301556e-05,5.7108248825766e-06,1.0051270555642,372.52168996858,372.52168996858,372.38684659434,372.38684659434,372.52168996858,372.6045624172,372.6045624172,372.6045624172,371.88916873012,371.88916873012,371.88916873012,372.38684659434,0.0030692216097482,1.2808264028711e-42,3.6520172304378e-44,-0.0030786463134789,-0.0030702210906632,-0.0030550325200797,1.6238178000522e-42,-0.003059103011395,-0.0031529119302963,-6.5069908224291e-43,-0.0031615758968988,0.0030848071414177,425.44301347251,425.44301347251,425.30817009828,425.30817009828,425.44301347251,425.52588592113,425.52588592113,425.52588592113,424.81049223405,424.81049223405,424.81049223405,425.30817009828,0.026538201465557,0.010009133859027,0.0061674707520825,0.0084640662210534,469.72507404705,0.078732397635156,0.044484325705985,0.014949640502473,469.79915804201,-0.018068628308153,0.083872273876938,0,6.6937957653864e-16,4.2852453705568e-18,0,0,4.3176292383188e-18,4.3083056364271e-18,4.307788138155e-18,0,4.2870488472196e-18,4.2996098474052e-18,0,4.2786369086847e-18,4.2945235639277e-18,7.8665747656565e-17,0,0,7.9301567581623e-17,7.9200330883767e-17,7.9098912365092e-17,0,7.8707154467293e-17,7.9056478007271e-17,0,7.8540543567955e-17,7.8891456531321e-17
0.9,1503610810.4917,1503610810.4917,1503610810.4917,925833032.71394,925833032.71394,925833032.71394,1,1,1,44421596.108735,6.1259036638864e-06,2.6442509058909e-05,6.0890706577155e-06,1.0056343767935,370.02147444081,370.02147444081,369.87742689125,369.87742689125,370.02147444081,370.11059685425,370.11059685425,370.11059685425,369.34889970682,369.34889970682,369.34889970682,369.87742689125,0.0030649389239733,2.9953911862617e-42,7.3787874577756e-44,-0.003075988096676,-0.0030663785899479,-0.0030506127859552,6.0618571166808e-42,-0.0030548736211295,-0.0031556363687531,-1.4954089014514e-42,-0.003164402053337,0.0030821301301165,424.36376103333,424.36376103333,424.21971348378,424.21971348378,424.36376103333,424.45288344677,424.45288344677,424.45288344677,423.69118629935,423.69118629935,423.69118629935,424.21971348378,0.026581191639747,0.010616733466743,0.0065464479367297,0.0089597265592997,468.45957425115,0.079034529496849,0.044492153649135,0.015022693965732,468.5334939481,-0.018179726135459,0.08433649731444,0,7.1805932400643e-16,4.0638269242042e-18,0,0,4.0949415772093e-18,4.0849481857506e-18,4.0856770128311e-18,0,4.0651210605233e-18,4.0760246306059e-18,0,4.0572808546111e-18,4.0716147288762e-18,8.4412866807911e-17,0,0,8.5092689497238e-17,8.4977320009646e-17,8.4876932208114e-17,0,8.4456103803773e-17,8.4820847320441e-17,0,8.4278405178902e-17,8.4649589301656e-17
0.95,1483606109.8605,1483606109.8605,1483606109.8605,905828332.08274,905828332.08274,905828332.08274,1,1,1,47082567.07008,6.5168194477713e-06,2.7912445827036e-05,6.4672326055121e-06,1.0061416124695,367.56222887216,367.56222887216,367.40838557465,367.40838557465,367.56222887216,367.65769278748,367.65769278748,367.65769278748,366.84726595528,366.84726595528,366.84726595528,367.40838557465,0.0030605017095912,6.8375735641498e-42,1.4976948414167e-43,-0.0030732838083515,-0.0030624232724801,-0.0030460626486087,2.2082511415739e-41,-0.0030505344864658,-0.0031586642180359,-3.3727170102501e-42,-0.0031675614912567,0.0030794356354843,423.29949160993,423.29949160993,423.14564831242,423.14564831242,423.29949160993,423.39495552525,423.39495552525,423.39495552525,422.58452869305,422.58452869305,422.58452869305,423.14564831242,0.026624674363227,0.011224183812642,0.0069256796699915,0.0094551409184699,467.20735105762,0.079325794830966,0.044506898549754,0.015088944578359,467.28106136867,-0.018307814670673,0.08479094930416,0,7.6430654037694e-16,3.8556427976239e-18,0,0,3.885612467553e-18,3.8749790962998e-18,3.876889495541e-18,0,3.8564717635036e-18,3.865805496647e-18,0,3.8491288817265e-18,3.8620180671142e-18,8.9865569143977e-17,0,0,9.0587775346978e-17,9.0457368001546e-17,9.035968191253e-17,0,8.9909978474629e-17,9.0287921883296e-17,0,8.9721895446762e-17,9.0111307630299e-17
1,1464056702.3834,1464056702.3834,1464056702.3834,886278924.60559,886278924.60559,886278924.60559,1,1,1,49773933.754992,6.9086097616691e-06,2.9382480158933e-05,6.8476574672961e-06,1.0066487640124,365.14354345552,365.14354345552,364.97929108761,364.97929108761,365.14354345552,365.24543969243,365.24543969243,365.24543969243,364.38377664192,364.38377664192,364.38377664192,364.97929108761,0.0030559071862144,1.5281464593867e-41,3.061096412979e-43,-0.0030705357452681,-0.0030583557810472,-0.0030413799598914,7.8752448257606e-41,-0.0030460849957374,-0.0031620122753458,-7.4824088692037e-42,-0.0031710749795034,0.0030767299959678,422.25020463242,422.25020463242,422.08595226452,422.08595226452,422.25020463242,422.35210086934,422.35210086934,422.35210086934,421.49043781883,421.49043781883,421.49043781883,422.08595226452,0.026668845995301,0.011831477370367,0.0073051914245519,0.0099503094966173,465.96816821977,0.079605790802887,0.044529207011887,0.015146559374206,466.04162061704,-0.018453740532018,0.085235207099199,0,8.0822340461528e-16,3.6598176423257e-18,0,0,3.688758501386e-18,3.6775118034234e-18,3.6805464620463e-18,0,3.6602256175151e-18,3.6680672082562e-18,0,3.6533068957284e-18,3.6648528485887e-18,9.5041332889566e-17,0,0,9.5804467647957e-17,9.5658155069734e-17,9.55647606361e-17,0,9.5086319184264e-17,9.5475352276908e-17,0,9.4888451606212e-17,9.5294192232874e-17
1.05,1444952909.9392,1444952909.9392,1444952909.9392,867175132.16142,867175132.16142,867175132.16142,1,1,1,52491144.656338,7.3024744938085e-06,3.0852615627467e-05,7.2389803109167e-06,1.0071558330402,362.7650150265,362.7650150265,362.58971900331,362.58971900331,362.7650150265,362.87343484361,362.87343484361,362.87343484361,361.95795063644,361.95795063644,361.95795063644,362.58971900331,0.0030511492421281,3.3512620331299e-41,6.3100918604608e-43,-0.0030677423467988,-0.0030541735894201,-0.0030365587111115,2.7563400264413e-40,-0.0030415203968869,-0.0031656930561716,-1.6355298509279e-41,-0.0031749594624004,0.0030740162259426,421.21591090744,421.21591090744,421.04061488425,421.04061488425,421.21591090744,421.32433072455,421.32433072455,421.32433072455,420.40884651738,420.40884651738,420.40884651738,421.04061488425,0.02671377683056,0.012438610121674,0.0076850094534652,0.010445232488205,464.74175944354,0.079877236644359,0.044559782094694,0.015194153857497,464.81490481131,-0.01861965326996,0.085671471158673,0,8.4992799208169e-16,3.4755338732322e-18,0,0,3.5035550599099e-18,3.4917192175986e-18,3.4958269852261e-18,0,3.4755665288502e-18,3.4819841982545e-18,0,3.4689990503402e-18,3.4792977016231e-18,9.9956480029578e-17,0,0,1.007592427302e-16,1.0059619174326e-16,1.0050860657032e-16,0,1.0000151250629e-16,1.0039962155405e-16,0,9.9794357111063e-17,1.0021466223004e-16
1.1,1426285340.718,1426285340.718,1426285340.718,848507562.9402,848507562.9402,848507562.9402,1,1,1,55231050.161664,7.6976356605053e-06,3.2322855779141e-05,7.6316338832406e-06,1.0076628212051,360.42625002149,360.42625002149,360.23925538188,360.23925538188,360.42625002149,360.54128660612,360.54128660612,360.54128660612,359.5693205286,359.5693205286,359.5693205286,360.23925538188,0.0030462211383193,7.2234701365367e-41,1.314257432621e-42,-0.0030649012728476,-0.003049873312178,-0.0030315917071157,9.4855073941929e-40,-0.003036834894986,-0.0031697175118414,-3.5270256465301e-41,-0.0031792305620721,0.0030712968456505,420.19663233622,420.19663233622,420.00963769661,420.00963769661,420.19663233622,420.31166892086,420.31166892086,420.31166892086,419.33970284333,419.33970284333,419.33970284333,420.00963769661,0.026759446808305,0.01304558090324,0.0080651608376002,0.010939910083982,463.52785301849,0.080140238253203,0.044599516010109,0.015229877238433,463.60063894561,-0.01880677027248,0.08609943599353,0,8.895524280522e-16,3.3020328647729e-18,0,0,3.3292365816671e-18,3.3168333215666e-18,3.321969259029e-18,0,3.3017369249753e-18,3.3067900293186e-18,0,3.2954481766469e-18,3.3045898111049e-18,1.0462625969034e-16,0,0,1.0546749425634e-16,1.0528690241075e-16,1.0520658055022e-16,0,1.0467087364498e-16,1.0507612886143e-16,0,1.0445482461657e-16,1.0488805795899e-16
1.15,1408044890.5351,1408044890.5351,1408044890.5351,830267112.7573,830267112.7573,830267112.7573,1,1,1,57990643.169132,8.0939420297242e-06,3.3793204132815e-05,8.0256783529117e-06,1.0081697301368,358.12686521995,358.12686521995,357.92749766645,357.92749766645,358.12686521995,358.24861528374,358.24861528374,358.24861528374,357.21743433025,357.21743433025,357.21743433025,357.92749766645,0.0030411163119175,1.5322536610764e-40,2.773270643303e-42,-0.0030620098863694,-0.0030454518807965,-0.0030264714427407,3.2149250577971e-39,-0.0030320221815764,-0.0031740953705297,-7.5118941396955e-41,-0.0031839030961469,0.0030685744224821,419.19240097143,419.19240097143,418.99303341793,418.99303341793,419.19240097143,419.31415103522,419.31415103522,419.31415103522,418.28297008172,418.28297008172,418.28297008172,418.99303341793,0.026805852435074,0.013652390927838,0.00844567351995,0.01143434247096,462.32617890261,0.080395211044518,0.044648725333204,0.015252151989656,462.39854987223,-0.019016891338256,0.086519320700735,0,9.2722008295963e-16,3.1386110225218e-18,0,0,3.1650927747067e-18,3.1521416177442e-18,3.1582667169044e-18,0,3.1380349868482e-18,3.1417742044452e-18,0,3.1319522619725e-18,3.1400222851711e-18,1.0906492596541e-16,0,0,1.099436113845e-16,1.0974470383709e-16,1.0967304417486e-16,0,1.0910872528258e-16,1.0951926855127e-16,0,1.0888407398216e-16,1.0932872006083e-16
1.2,1390222739.0836,1390222739.0836,1390222739.0836,812444961.3058,812444961.3058,812444961.3058,1,1,1,60767048.884858,8.4914313435791e-06,3.526366411126e-05,8.4211745402652e-06,1.0086765614271,355.86648773488,355.86648773488,355.6540550596,355.6540550596,355.86648773488,355.99505332969,355.99505332969,355.99505332969,354.901856648,354.901856648,354.901856648,355.6540550596,0.0030358287699978,3.2019099882632e-40,5.9534818604968e-42,-0.0030590658953897,-0.0030409064712843,-0.0030211901514611,1.074403071321e-38,-0.0030270758867622,-0.0031788352215713,-1.5814238955593e-40,-0.0031889910371035,0.0030658520868984,418.20325785253,418.20325785253,417.99082517725,417.99082517725,418.20325785253,418.33182344734,418.33182344734,418.33182344734,417.23862676566,417.23862676566,417.23862676566,417.99082517725,0.026852939569042,0.014259043441781,0.0088265762782228,0.011928529832353,461.13647064624,0.080643177765552,0.044708285833123,0.015258610608397,461.20836852083,-0.019250458024907,0.086932295267182,0,9.6304622071464e-16,2.9846164029865e-18,0,0,3.0104651998343e-18,2.9969833519954e-18,3.0040645611916e-18,0,2.983809902535e-18,2.9862779581676e-18,0,2.9778606218438e-18,2.9849393015577e-18,1.1328581096099e-16,0,0,1.1420105209916e-16,1.1398307833968e-16,1.1392143301954e-16,0,1.1332846971429e-16,1.1374250334073e-16,0,1.1309540486043e-16,1.1355006170395e-16
1.25,1372810344.2529,1372810344.2529,1372810344.2529,795032566.47515,795032566.47515,795032566.47515,1,1,1,63557519.991767,8.8901408014551e-06,3.6734239036627e-05,8.818183474591e-06,1.0091833166233,353.64475483766,353.64475483766,353.41854850678,353.41854850678,353.64475483766,353.78024531118,353.78024531118,353.78024531118,352.62216967839,352.62216967839,352.62216967839,353.41854850678,0.0030303535423718,6.5970239182624e-40,1.3074712946985e-41,-0.0030560667715052,-0.0030362350546227,-0.0030157404844804,3.5439511891717e-38,-0.0030219894288844,-0.0031839442679086,-3.2932129662142e-40,-0.003194507199014,0.0030631335285895,417.22925195803,417.22925195803,417.00304562715,417.00304562715,417.22925195803,417.36474243155,417.36474243155,417.36474243155,416.20666679876,416.20666679876,416.20666679876,417.00304562715,0.026900655263304,0.014865543476261,0.00920789805806,0.012422472347591,459.9584666639,0.080885590921539,0.04477890489939,0.015247584048525,460.02982973776,-0.019509123072486,0.087337910904399,0,9.9713855551172e-16,2.8394435654338e-18,0,0,2.8647434552513e-18,2.8507460360366e-18,2.8587548559639e-18,0,2.8384592852604e-18,2.8396902596179e-18,0,2.8325701426312e-18,2.8387327929013e-18,1.1730139056082e-16,0,0,1.182524111463e-16,1.1801464204673e-16,1.1796432290835e-16,0,1.1734265733175e-16,1.1775843181882e-16,0,1.1710126397251e-16,1.1756463611963e-16
1.3,1355799435.6749,1355799435.6749,1355799435.6749,778021657.89711,778021657.89711,778021657.89711,1,1,1,66359428.999523,9.2901075663903e-06,3.820493203928e-05,9.216766376908e-06,1.009689997223,351.46131350127,351.46131350127,351.22061076928,351.22061076928,351.46131350127,351.60384767522,351.60384767522,351.60384767522,350.37797419857,350.37797419857,350.37797419857,351.22061076928,0.0030246864198112,1.341144942181e-39,2.956423756798e-41,-0.0030530104200516,-0.0030314363547946,-0.0030101151565972,1.1547692488482e-37,-0.0030167564757286,-0.0031894279649011,-6.7878545018683e-40,-0.0032004633454287,0.0030604228526915,416.27043904552,416.27043904552,416.02973631353,416.02973631353,416.27043904552,416.41297321948,416.41297321948,416.41297321948,415.18709974283,415.18709974283,415.18709974283,416.02973631353,0.026948918887757,0.015471897657599,0.0095896695361245,0.012916170192282,458.79191075059,0.081122548407388,0.04486117301448,0.015216613476723,458.86267322913,-0.019794159323066,0.087736826993078,0,1.0295978319508e-15,2.702531495049e-18,0,0,2.7273607526004e-18,2.7128609167434e-18,2.7217739933604e-18,0,2.7014241546712e-18,2.7014448084707e-18,0,2.6955212357447e-18,2.7008390282524e-18,1.2112334725386e-16,0,0,1.2210948171211e-16,1.2185120674802e-16,1.2181349260347e-16,0,1.2116304800901e-16,1.2157885170496e-16,0,1.2091330666177e-16,1.2138419930317e-16
1.35,1339182007.8659,1339182007.8659,1339182007.8659,761404230.08812,761404230.08812,761404230.08812,1,1,1,69170265.93343,9.691368178422e-06,3.9675746042258e-05,9.6169842733501e-06,1.0101966046599,349.31582001185,349.31582001185,349.05988632289,349.05988632289,349.31582001185,349.46552844527,349.46552844527,349.46552844527,348.16889048103,348.16889048103,348.16889048103,349.05988632289,0.0030188245515601,2.6921171811041e-39,6.9238793928021e-41,-0.0030498948260504,-0.0030265099100436,-0.0030043074588606,3.7194187298517e-37,-0.0030113709723346,-0.0031952896264472,-1.3855058955512e-39,-0.0032068692057669,0.0030577246886847,415.32688067501,415.32688067501,415.07094698605,415.07094698605,415.32688067501,415.47658910843,415.47658910843,415.47658910843,414.1799511442,414.1799511442,414.1799511442,415.07094698605,0.026997671895853,0.016078114061608,0.0099719209728223,0.013409623538295,457.63655380416,0.081355077186826,0.044955928119617,0.015163830210194,457.70664578005,-0.020106118868371,0.088129627725161,0,1.0605182736605e-15,2.5733594950407e-18,0,0,2.5977915731707e-18,2.5828002724515e-18,2.5925989867475e-18,0,2.572186492038e-18,2.5710158587461e-18,0,2.5661949942518e-18,2.5707347145374e-18,1.2476262715261e-16,0,0,1.2578331378711e-16,1.2550383792222e-16,1.2547998125232e-16,0,1.24800669031e-16,1.2521481720147e-16,0,1.2454245442633e-16,1.2501976720173e-16
1.4,1322950312.9306,1322950312.9306,1322950312.9306,745172535.15284,745172535.15284,745172535.15284,1,1,1,71987629.923477,1.0093958184489e-05,4.114668372976e-05,1.001889744725e-05,1.0107031402909,347.20793939995,347.20793939995,346.93603125143,346.93603125143,347.20793939995,347.36496673114,347.36496673114,347.36496673114,345.99455935483,345.99455935483,345.99455935483,346.93603125143,0.0030127665002278,5.3398188922396e-39,1.6855989686071e-40,-0.0030467180439758,-0.0030214562449098,-0.0029983114331557,1.1844937708249e-36,-0.0030058269541824,-0.0032015303148373,-2.8016731703273e-39,-0.0032137323899456,0.003055044212298,414.3986431427,414.3986431427,414.12673499419,414.12673499419,414.3986431427,414.5556704739,414.5556704739,414.5556704739,413.18526309758,413.18526309758,413.18526309758,414.12673499419,0.027046817140759,0.016684202100917,0.010354682895851,0.013902832553878,456.49215573716,0.081584844325297,0.045063399539383,0.015087098008956,456.56150254013,-0.020446056369295,0.088515934702201,0,1.0899880406257e-15,2.4514440094865e-18,0,0,2.475548336022e-18,2.4600744856483e-18,2.4707438472629e-18,0,2.4502664521564e-18,2.4479154679872e-18,0,2.4441105073685e-18,2.4479342144098e-18,1.2822949251822e-16,0,0,1.2928426781822e-16,1.2898290862427e-16,1.2897414071027e-16,0,1.2826586907907e-16,1.2867669245584e-16,0,1.2799894865379e-16,1.2848166896755e-16
1.45,1307096852.5579,1307096852.5579,1307096852.5579,729319074.78008,729319074.78008,729319074.78008,1,1,1,74809223.10242,1.049791192279e-05,4.2617747488348e-05,1.0422565104009e-05,1.0112096053807,345.1373447953,345.1373447953,344.84871305717,344.84871305717,345.1373447953,345.30185217837,345.30185217837,345.30185217837,343.85464308525,343.85464308525,343.85464308525,344.84871305717,0.0030065124506245,1.0473907551035e-38,4.264825919795e-40,-0.0030434784496151,-0.0030162770957114,-0.0029921218423774,3.7307200242732e-36,-0.0030001194047891,-0.0032081479849129,-5.6138903654133e-39,-0.0032210578076261,0.0030523869252988,413.48579642687,413.48579642687,413.19716468874,413.19716468874,413.48579642687,413.65030380995,413.65030380995,413.65030380995,412.20309471683,412.20309471683,412.20309471683,413.19716468874,0.027096239237248,0.017290172430002,0.010737986845367,0.014395797403769,455.35848732581,0.081813489514024,0.045184497257097,0.014984840847986,455.42700992413,-0.020813895869603,0.088897288441703,0,1.118089662415e-15,2.3363366019647e-18,0,0,2.3601785258878e-18,2.3442287596974e-18,2.3557580237989e-18,0,2.3352186102426e-18,2.3316909882637e-18,0,2.3288211747175e-18,2.3319869529765e-18,1.3153357142699e-16,0,0,1.3262206429915e-16,1.3229814872954e-16,1.323056856572e-16,0,1.3156836690878e-16,1.3197420147471e-16,0,1.3129239914342e-16,1.3177959654372e-16
1.5,1291614369.4027,1291614369.4027,1291614369.4027,713836591.62491,713836591.62491,713836591.62491,1,1,1,77632845.725904,1.0903262755275e-05,4.4088939351946e-05,1.0828045013771e-05,1.0117160010833,343.10371665963,343.10371665963,342.79761037404,342.79761037404,343.10371665963,343.27588417694,343.27588417694,343.27588417694,341.74882633749,341.74882633749,341.74882633749,342.79761037404,0.0030000643704085,2.0334400307922e-38,1.1167940377979e-39,-0.0030401745837369,-0.003010975334886,-0.0029857345572674,1.1621488956596e-35,-0.00299424380095,-0.0032151375326367,-1.1147640805913e-38,-0.0032288475251231,0.003049758770639,412.58841307681,412.58841307681,412.28230679122,412.28230679122,412.58841307681,412.76058059412,412.76058059412,412.76058059412,411.23352275467,411.23352275467,411.23352275467,412.28230679122,0.027200857527445,0.017896036865844,0.011121866387937,0.014888518249349,454.23533283281,0.082043091410679,0.045319867160011,0.014854709816793,454.30294750787,-0.021209724154927,0.089275280283213,0,1.1449004124281e-15,2.2276209974291e-18,0,0,2.2512620824438e-18,2.234841072886e-18,2.2472228499035e-18,0,2.2266300429804e-18,2.2219223900262e-18,0,2.2199128602339e-18,2.2224746753359e-18,1.3468390325338e-16,0,0,1.358058296686e-16,1.3545869128457e-16,1.3548373868921e-16,0,1.3471729731395e-16,1.3511647425323e-16,0,1.3443183001765e-16,1.3492265037161e-16
1.55,1276495837.7289,1276495837.7289,1276495837.7289,698718059.95111,698718059.95111,698718059.95111,1,1,1,80456391.2779,1.1310041808209e-05,4.5560261018294e-05,1.12353928137e-05,1.012222328422,341.10674197595,341.10674197595,340.78241258656,340.78241258656,341.10674197595,341.28677102677,341.28677102677,341.28677102677,339.67681686859,339.67681686859,339.67681686859,340.78241258656,0.0029934264500723,3.9115606455122e-38,3.0053469201333e-39,-0.003036805059294,-0.0030055555019718,-0.0029791470101593,3.579602360636e-35,-0.0029881967799344,-0.0032224900667027,-2.1932415765716e-38,-0.0032370996866908,0.0030471657843386,411.70656711468,411.70656711468,411.38223772529,411.38223772529,411.70656711468,411.8865961655,411.8865961655,411.8865961655,410.27664200732,410.27664200732,410.27664200732,411.38223772529,0.027343078126313,0.01850180831861,0.011506353294685,0.015380995248922,453.12249332725,0.082274620086869,0.045469984525128,0.014696066345486,453.18910963833,-0.021633038366097,0.089649739334174,0,1.1704926729486e-15,2.1249105340213e-18,0,0,2.1484094427526e-18,2.1315195271952e-18,2.144749501419e-18,0,2.124118106862e-18,2.1182195336864e-18,0,2.1170014330889e-18,2.119009186852e-18,1.3768898054942e-16,0,0,1.3884413944007e-16,1.3847311510839e-16,1.3851687252201e-16,0,1.3772125394876e-16,1.3811208904585e-16,0,1.3742572215588e-16,1.3791938190245e-16
1.6,1261734453.069,1261734453.069,1261734453.069,683956675.29119,683956675.29119,683956675.29119,1,1,1,83277839.669424,1.1718278048092e-05,4.7031713783188e-05,1.1644661359532e-05,1.0127285882603,339.14611317609,339.14611317609,338.80281940972,338.80281940972,339.14611317609,339.33422877878,339.33422877878,339.33422877878,337.63834627074,337.63834627074,337.63834627074,338.80281940972,0.0029866050409107,7.4644253535975e-38,8.2443889251182e-39,-0.003033368740802,-0.0030000235217732,-0.0029723580879762,1.089815357036e-34,-0.0029819760176813,-0.0032301928364652,-4.2728400298842e-38,-0.0032458084369831,0.00304461422764,410.84033273542,410.84033273542,410.49703896905,410.49703896905,410.84033273542,411.02844833811,411.02844833811,411.02844833811,409.33256583008,409.33256583008,409.33256583008,410.49703896905,0.027492887045682,0.019107500709743,0.011891478158035,0.015873228557984,452.01978967897,0.082511111452067,0.04563511347037,0.014507530675621,452.08531207166,-0.022082854118874,0.090022880822822,0,1.1949342550108e-15,2.0278464473413e-18,0,0,2.0512589150753e-18,2.0339003394051e-18,2.0479767461519e-18,0,2.0273278187779e-18,2.0202203635672e-18,0,2.0197305309971e-18,2.0212300728652e-18,1.4055678849766e-16,0,0,1.4174505761771e-16,1.4134948455289e-16,1.4141314901184e-16,0,1.4058832844545e-16,1.4096911208299e-16,0,1.4028205246516e-16,1.4077783288418e-16
1.65,1247323621.2005,1247323621.2005,1247323621.2005,669545843.42272,669545843.42272,669545843.42272,1,1,1,86095251.922235,1.2127997527836e-05,4.8503298537931e-05,1.2055900113639e-05,1.0132347812765,337.22152712634,337.22152712634,336.85854026568,336.85854026568,337.22152712634,337.4179800836,337.4179800836,337.4179800836,335.6331703782,335.6331703782,335.6331703782,336.85854026568,0.0029796090700485,1.4149800051947e-37,2.2881542987825e-38,-0.003029864693101,-0.0029943872132913,-0.0029653686559928,3.2775028862211e-34,-0.0029755807718719,-0.0032382286468892,-8.231682786553e-38,-0.0032549630974896,0.0030421102000335,409.98978309097,409.98978309097,409.62679623031,409.62679623031,409.98978309097,410.18623604823,410.18623604823,410.18623604823,408.40142634283,408.40142634283,408.40142634283,409.62679623031,0.02765023708154,0.019713128900091,0.012277271627662,0.01636521832957,450.92706657594,0.082755915135516,0.045815281575855,0.014289113143107,450.99139412071,-0.022557173081529,0.090397323788367,0,1.2182886897352e-15,1.9360956431752e-18,0,0,1.9594749609224e-18,1.9416456300683e-18,1.9565691339296e-18,0,1.9359300050279e-18,1.9275885880521e-18,0,1.9277695385438e-18,1.928802746422e-18,1.4329484121429e-16,0,0,1.4451617368258e-16,1.4409538613626e-16,1.4418015561676e-16,0,1.4332614691437e-16,1.4369513400689e-16,0,1.430083302917e-16,1.4350557188731e-16
1.7,1233256945.9354,1233256945.9354,1233256945.9354,655479168.15766,655479168.15766,655479168.15766,1,1,1,88906764.448488,1.2539223048481e-05,4.997501575495e-05,1.2469154559553e-05,1.0137409079408,335.33268386218,335.33268386218,334.94929358855,334.94929358855,335.33268386218,335.53775273277,335.53775273277,335.53775273277,333.66106955025,333.66106955025,333.66106955025,334.94929358855,0.0029724500919651,2.6679663063442e-37,6.3862821506481e-38,-0.0030262921293635,-0.0029886562510042,-0.0029581816265199,9.7287572101097e-34,-0.0029690118861949,-0.0032465759922473,-1.5646176674603e-37,-0.003264548001029,0.0030396596974483,409.15498887771,409.15498887771,408.77159860409,408.77159860409,409.15498887771,409.3600577483,409.3600577483,409.3600577483,407.48337456578,407.48337456578,407.48337456578,408.77159860409,0.027814982414172,0.020318708612026,0.01266376364202,0.016856964714624,449.84419616536,0.083011445293125,0.046010267651989,0.014040707370765,449.90722086927,-0.023053698038305,0.090774432307405,0,1.2406155343475e-15,1.8493487870575e-18,0,0,1.872746120789e-18,1.8544418502462e-18,1.8702146486982e-18,0,1.8496192780752e-18,1.8400119084426e-18,0,1.8408116173759e-18,1.8414165190336e-18,1.4591021535051e-16,0,0,1.4716463664548e-16,1.4671796295151e-16,1.468250385375e-16,0,1.4594190358265e-16,1.4629730380273e-16,0,1.4561163104676e-16,1.461097281025e-16
1.75,1219528215.9144,1219528215.9144,1219528215.9144,641750438.13661,641750438.13661,641750438.13661,1,1,1,91710585.148162,1.2951972724442e-05,5.1446865557168e-05,1.2884464995993e-05,1.0142469684772,333.47928528722,333.47928528722,333.07480595394,333.07480595394,333.47928528722,333.69327814022,333.69327814022,333.69327814022,331.7218485201,331.7218485201,331.7218485201,333.07480595394,0.0029651425355305,5.0085325826402e-37,1.7845683051967e-37,-0.0030226505692706,-0.0029828425401674,-0.0029508019972853,2.8473748989207e-33,-0.0029622720068308,-0.0032552083657735,-2.9217970306267e-37,-0.003274541774063,0.0030372682835246,408.33601692739,408.33601692739,407.93153759411,407.93153759411,408.33601692739,408.55000978039,408.55000978039,408.55000978039,406.57858016027,406.57858016027,406.57858016027,407.93153759411,0.027986881665788,0.020924256331632,0.013050983394901,0.017348467862562,448.77108267915,0.083280610934115,0.046219971942477,0.013763363353699,448.83269002318,-0.023569275722942,0.091157255003477,0,1.2619705832638e-15,1.7673186569448e-18,0,0,1.7907832344978e-18,1.77199767376e-18,1.7886234726376e-18,0,1.7681120164629e-18,1.7572004255728e-18,0,1.758571800246e-18,1.7587829505241e-18,1.4840958136419e-16,0,0,1.4969718658297e-16,1.4922394609423e-16,1.4935453411048e-16,0,1.4844239157612e-16,1.4878236047639e-16,0,1.4809862713708e-16,1.4859702280441e-16
1.8,1206131390.4506,1206131390.4506,1206131390.4506,628353612.67284,628353612.67284,628353612.67284,1,1,1,94504984.416072,1.3366260226033e-05,5.2918847666077e-05,1.3301866195532e-05,1.0147529628437,331.66103369702,331.66103369702,331.23481104909,331.23481104909,331.66103369702,331.8842896946,331.8842896946,331.8842896946,329.8153360445,329.8153360445,329.8153360445,331.23481104909,0.0029577038244398,9.3619277402904e-37,4.9787719468277e-37,-0.0030189397050777,-0.0029769599991808,-0.0029432373907031,8.2068107327315e-33,-0.0029553659909911,-0.0032640947962815,-5.3216321083724e-37,-0.0032849170084576,0.0030349409462709,407.53292864387,407.53292864387,407.10670599593,407.10670599593,407.53292864387,407.75618464144,407.75618464144,407.75618464144,405.68723099135,405.68723099135,405.68723099135,407.10670599593,0.028165535748212,0.021529789210254,0.013438959509469,0.017839727921638,447.70766558221,0.083566766336661,0.046443886193604,0.013459274203385,447.76773392762,-0.024099361588889,0.091548164979268,0,1.2824061495296e-15,1.6897382881867e-18,0,0,1.7133179839817e-18,1.6940425560746e-18,1.7115259024341e-18,0,1.6911448746276e-18,1.6788842992063e-18,0,1.6807854811246e-18,1.6806338075022e-18,1.5079923216821e-16,0,0,1.5212018411258e-16,1.5161968405227e-16,1.5177499725406e-16,0,1.5083403159376e-16,1.5115666142198e-16,0,1.5047561675993e-16,1.5097379792836e-16
1.85,1193060584.3967,1193060584.3967,1193060584.3967,615282806.61891,615282806.61891,615282806.61891,1,1,1,97288293.828309,1.3782093330796e-05,5.4390961513867e-05,1.3721386283433e-05,1.0152588906944,329.87763029897,329.87763029897,329.42904853309,329.42904853309,329.87763029897,330.11052089399,330.11052089399,330.11052089399,327.94138405773,327.94138405773,327.94138405773,329.42904853309,0.0029501540001865,1.7393368636458e-36,1.384573582443e-36,-0.0030151595269273,-0.002971024999448,-0.0029354978222211,2.3262122590153e-32,-0.0029483006508346,-0.0032731999349647,-9.3295026934233e-37,-0.0032956401319463,0.0030326815706818,406.74577847866,406.74577847866,406.29719671278,406.29719671278,406.74577847866,406.97866907368,406.97866907368,406.97866907368,404.80953223742,404.80953223742,404.80953223742,406.29719671278,0.028350444699775,0.022135324942773,0.013827719762097,0.018330745039593,446.65392428831,0.083874486047322,0.04667909859667,0.013131047656218,446.71232641606,-0.024639029684124,0.091952157796685,0,1.3026409855438e-15,1.6163597400611e-18,0,0,1.6401005515382e-18,1.6203246590724e-18,1.6386708031786e-18,0,1.6184732127592e-18,1.6048127329113e-18,0,1.6072068637786e-18,1.6067200793158e-18,1.5308511003428e-16,0,0,1.5443963655622e-16,1.5391116916058e-16,1.5409242772818e-16,0,1.5312289836158e-16,1.5342620935393e-16,0,1.5274855050422e-16,1.5324604325546e-16
1.9,1180310052.2449,1180310052.2449,1180310052.2449,602532274.46711,602532274.46711,602532274.46711,1,1,1,100058900.14723,1.4199474024774e-05,5.5863206229508e-05,1.4143046301656e-05,1.0157647513677,328.12877368311,328.12877368311,327.65726276261,327.65726276261,328.12877368311,328.37170351983,328.37170351983,328.37170351983,326.09986633503,326.09986633503,326.09986633503,327.65726276261,0.0029425163836341,3.195762950039e-36,3.8351978354127e-36,-0.0030113102939136,-0.0029650562233124,-0.002927595652539,6.4740582735904e-32,-0.0029410850469149,-0.0032824840327562,-1.5342544286986e-36,-0.0033066713726272,0.0030304934943998,405.97461236885,405.97461236885,405.50310144835,405.50310144835,405.97461236885,406.21754220557,406.21754220557,406.21754220557,403.94570502077,403.94570502077,403.94570502077,405.50310144835,0.028540942245016,0.022740881655798,0.01421728912249,0.018821519364121,445.60988147784,0.084203764797067,0.046924589638149,0.01278230374674,445.66647973346,-0.025182672677016,0.09236956769693,0,1.3225865061558e-15,1.546952120902e-18,0,0,1.5708989789165e-18,1.5506102155864e-18,1.5698243118878e-18,0,1.5498688994492e-18,1.5347523909483e-18,0,1.5376068163752e-18,1.5368098658257e-18,1.55272830704e-16,0,0,1.5666122319732e-16,1.5610406315741e-16,1.5631249456059e-16,0,1.5531474397908e-16,1.555966770001e-16,0,1.5492305491754e-16,1.554194206105e-16
1.95,1167874171.2099,1167874171.2099,1167874171.2099,590096393.43214,590096393.43214,590096393.43214,1,1,1,102815243.70462,1.4618396933874e-05,5.733558077563e-05,1.4566859105264e-05,1.0162705438491,326.41415815278,326.41415815278,325.91920123698,325.91920123698,326.41415815278,326.66756573452,326.66756573452,326.66756573452,324.29067672832,324.29067672832,324.29067672832,325.91920123698,0.002934816757538,5.7459061854463e-36,1.0579075507602e-35,-0.0030073925014102,-0.0029590745867322,-0.0029195457750633,1.766161270027e-31,-0.0029337305058437,-0.0032919039669355,-2.2300223621282e-36,-0.0033179642703861,0.00302837836906,405.21946609331,405.21946609331,404.72450917751,404.72450917751,405.21946609331,405.47287367505,405.47287367505,405.47287367505,403.09598466885,403.09598466885,403.09598466885,404.72450917751,0.028736228523319,0.023346477746872,0.014607689858148,0.019312051043553,444.57560621395,0.084558115269723,0.047176065058684,0.01241821596665,444.6302558689,-0.025723155241556,0.092804106804366,0,1.3443336809781e-15,1.4813005657707e-18,0,0,1.5054970478958e-18,1.4846811159996e-18,1.5047682206159e-18,0,1.4851196048416e-18,1.4684855118397e-18,0,1.4717722491202e-18,1.4706873126086e-18,1.5736770605406e-16,0,0,1.5879031754057e-16,1.5820371932746e-16,1.5844055818642e-16,0,1.5741502026599e-16,1.5767342912709e-16,0,1.5700445519297e-16,1.57499286554e-16
2,1155747424.2569,1155747424.2569,1155747424.2569,577969646.4791,577969646.4791,577969646.4791,1,1,1,105555813.18042,1.5038849661099e-05,5.8808083972444e-05,1.4992828932761e-05,1.0167762667635,324.73347222532,324.73347222532,324.21461310038,324.21461310038,324.73347222532,324.99783011755,324.99783011755,324.99783011755,322.51372689333,322.51372689333,322.51372689333,324.21461310038,0.0029270836127688,9.9028324716481e-36,2.9057191406253e-35,-0.003003407036895,-0.0029531033507865,-0.0029113650971241,4.7142893449028e-31,-0.0029262501833088,-0.0033014133820223,-2.3468578585996e-36,-0.0033294667531042,0.0030263368409129,404.48036378189,404.48036378189,403.96150465696,403.96150465696,404.48036378189,404.74472167412,404.74472167412,404.74472167412,402.2606184499,402.2606184499,402.2606184499,403.96150465696,0.028935328951554,0.023952131746931,0.01499894305348,0.019802340227333,443.55121681472,0.084936845733925,0.047429874196997,0.012044189501962,443.60376243799,-0.026254207376942,0.093256177544557,0,1.3662418014789e-15,1.4192045157347e-18,0,0,1.4436931459675e-18,1.422334360528e-18,1.4432987326691e-18,0,1.4240267740514e-18,1.4058092919869e-18,0,1.4095039433068e-18,1.4081511789734e-18,1.5937476432799e-16,0,0,1.608320079675e-16,1.6021520387035e-16,1.6048169082871e-16,0,1.5942889824304e-16,1.5966154369393e-16,0,1.5899779478581e-16,1.5949071304918e-16
2.05,1143924382.4384,1143924382.4384,1143924382.4384,566146604.66064,566146604.66064,566146604.66064,1,1,1,108279146.16076,1.5460814713734e-05,6.0280714450229e-05,1.5420951846509e-05,1.0172819183839,323.08639703863,323.08639703863,322.54324733405,322.54324733405,323.08639703863,323.36221186967,323.36221186967,323.36221186967,320.76894343353,320.76894343353,320.76894343353,322.54324733405,0.0029193476629909,1.5669711003591e-35,7.9451993245057e-35,-0.0029993546840259,-0.0029471673674001,-0.0029030728736807,1.2290829637198e-30,-0.0029186599892404,-0.0033109641483895,5.8279597389485e-37,-0.0033411212667569,0.0030243681057461,403.75731638812,403.75731638812,403.21416668355,403.21416668355,403.75731638812,404.03313121916,404.03313121916,404.03313121916,401.43986278303,401.43986278303,401.43986278303,403.21416668355,0.029137126982272,0.024557862165827,0.015391068023539,0.020292387065981,442.53688008782,0.08533439369592,0.047681468378535,0.011667850253327,442.58715064218,-0.026769370269161,0.093720557148265,0,1.387881583317e-15,1.3604762376943e-18,0,0,1.385298797044e-18,1.3633803410172e-18,1.3852251285297e-18,0,1.3664045491047e-18,1.3465338594211e-18,0,1.3506155807123e-18,1.349013278047e-18,1.6129876827463e-16,0,0,1.6279111631422e-16,1.6214331483929e-16,1.6244069499242e-16,0,1.6136128608807e-16,1.6156583014011e-16,0,1.609078536576e-16,1.6139850592282e-16
2.1,1132399687.9204,1132399687.9204,1132399687.9204,554621910.14262,554621910.14262,554621910.14262,1,1,1,111028938.38297,1.5884270896933e-05,6.1753470214232e-05,1.5851215686236e-05,1.0177874965995,321.47260503916,321.47260503916,320.90485110663,320.90485110663,321.47260503916,321.76041687736,321.76041687736,321.76041687736,319.05626459659,319.05626459659,319.05626459659,320.90485110663,0.0029116408761265,2.0293461619702e-35,2.1611074945057e-34,-0.0029952361849387,-0.0029412931264304,-0.0028946895467102,3.1239751682244e-30,-0.0029109780992373,-0.0033205052936139,1.4125733464043e-35,-0.0033528670646265,0.0030224692062454,403.0503204364,403.0503204364,402.48256650387,402.48256650387,403.0503204364,403.3381322746,403.3381322746,403.3381322746,400.63397999383,400.63397999383,400.63397999383,402.48256650387,0.029340477855721,0.025163687278043,0.015784081434415,0.020782191711178,441.5328099567,0.085757179836105,0.047929228872002,0.011299631506872,441.58063536271,-0.027266727569992,0.094211853694517,0,1.4093074278169e-15,1.3049392858957e-18,0,0,1.33013665871e-18,1.3076414440716e-18,1.3303689563771e-18,0,1.3120772313802e-18,1.2904823508044e-18,0,1.2949308831385e-18,1.2930980761153e-18,1.6314423111082e-16,0,0,1.6467221361678e-16,1.6399259910421e-16,1.6432212081349e-16,0,1.6321684350357e-16,1.6339084778262e-16,0,1.6273916247487e-16,1.6322722275954e-16
2.15,1121168038.6106,1121168038.6106,1121168038.6106,543390260.83283,543390260.83283,543390260.83283,1,1,1,113891198.30857,1.6309177519092e-05,6.3226350348049e-05,1.6283595494195e-05,1.0182929988663,319.89175888803,319.89175888803,319.29916823271,319.29916823271,319.89175888803,320.19214019858,320.19214019858,320.19214019858,317.37563669026,317.37563669026,317.37563669026,319.29916823271,0.0029039977473548,1.1398035962298e-35,5.8399272387098e-34,-0.0029910551370666,-0.0029355084422971,-0.0028862363366086,7.7257028253108e-30,-0.002903220212489,-0.0033299876558789,5.9357622182739e-35,-0.0033646338289333,0.0030206374293526,402.35935691569,402.35935691569,401.76676626038,401.76676626038,402.35935691569,402.65973822625,402.65973822625,402.65973822625,399.84323471793,399.84323471793,399.84323471793,401.76676626038,0.029544075101338,0.025769625012305,0.016177996014728,0.021271754319202,440.53928572492,0.086196038469982,0.04816124379615,0.010939700538699,440.58447273058,-0.027728529884835,0.094711062658394,0,1.4305698207657e-15,1.2524315997212e-18,0,0,1.2780434687732e-18,1.2549519448222e-18,1.2785627998939e-18,0,1.2608817315073e-18,1.2374869211275e-18,0,1.2422885787557e-18,1.2402392271042e-18,1.6491543686509e-16,0,0,1.6647964002362e-16,1.6576736916471e-16,1.6613028166544e-16,0,1.6499999954882e-16,1.6514091856974e-16,0,1.6449602383133e-16,1.6498118589509e-16
2.2,1110224167.7541,1110224167.7541,1110224167.7541,532446389.97633,532446389.97633,532446389.97633,1,1,1,116745681.41645,1.6735498367572e-05,6.4699354472669e-05,1.6718060267928e-05,1.0187984224646,318.34350982919,318.34350982919,317.72593589029,317.72593589029,318.34350982919,318.65706479173,318.65706479173,318.65706479173,315.72700999974,315.72700999974,315.72700999974,317.72593589029,0.0028964523614363,-5.2653037569501e-35,1.5660672320362e-33,-0.0029868139013704,-0.0029298398867537,-0.0028777368770499,1.8537941514602e-29,-0.0028954065039435,-0.0033393688009219,1.9097229730917e-34,-0.0033763535368035,0.0030188687845574,401.68438993696,401.68438993696,401.06681599806,401.06681599806,401.68438993696,401.99794489949,401.99794489949,401.99794489949,399.06789010751,399.06789010751,399.06789010751,401.06681599806,0.029746185384138,0.026375692866333,0.016572820838848,0.021761075046126,439.5566182078,0.086607159457121,0.04837021716591,0.010585073677094,439.59891796689,-0.028150498828753,0.095166359812703,0,1.4517150353537e-15,1.2027976528684e-18,0,0,1.2288640888351e-18,1.2051574512474e-18,1.2296468661188e-18,0,1.2126613713513e-18,1.1873903155926e-18,0,1.1925331179703e-18,1.1902809495693e-18,1.6661644961856e-16,0,0,1.6821751628436e-16,1.6747171917706e-16,1.6786926494044e-16,0,1.6671496170675e-16,1.6682014205788e-16,0,1.6618252034034e-16,1.6666449735701e-16
2.25,1099562831.3759,1099562831.3759,1099562831.3759,521785053.59808,521785053.59808,521785053.59808,1,1,1,119590565.80033,1.716318807543e-05,6.6172481699293e-05,1.7154567760429e-05,1.0193037641713,316.82749770274,316.82749770274,316.18488369857,316.18488369857,316.82749770274,317.15485989882,317.15485989882,317.15485989882,314.11033334552,314.11033334552,314.11033334552,316.18488369857,0.0028890399020317,-2.9230590931577e-34,4.1526683162136e-33,-0.0029825148903335,-0.0029243176520668,-0.0028692134122794,4.3153529108903e-29,-0.0028875578249877,-0.0033485944000765,5.4328925066536e-34,-0.0033879523376265,0.0030171569597199,401.02536689422,401.02536689422,400.38275289005,400.38275289005,401.02536689422,401.3527290903,401.3527290903,401.3527290903,398.308202537,398.308202537,398.308202537,400.38275289005,0.029945479039221,0.026981907486781,0.016968562453187,0.022250154051667,438.58517746552,0.086972871933801,0.048554270813851,0.010252100519088,438.62431971963,-0.02852695631182,0.09556575736127,0,1.4727862283292e-15,1.155891658561e-18,0,0,1.182451858018e-18,1.158110177778e-18,1.1834748822722e-18,0,1.1672695025721e-18,1.1400452736949e-18,0,1.1455187760228e-18,1.1430768279501e-18,1.6825112727873e-16,0,0,1.6988975573882e-16,1.6910953429719e-16,1.6954295116968e-16,0,1.6836573006823e-16,1.6843240954566e-16,0,1.6780252852935e-16,1.6828105210993e-16
2.3,1089178795.1955,1089178795.1955,1089178795.1955,511401017.41768,511401017.41768,511401017.41768,1,1,1,122423961.05848,1.7592210559846e-05,6.7645729100723e-05,1.759307206103e-05,1.0198090206245,315.34334929674,315.34334929674,314.67573176927,314.67573176927,315.34334929674,315.68518005978,315.68518005978,315.68518005978,312.52555181759,312.52555181759,312.52555181759,314.67573176927,0.002881794417247,-1.0283142599743e-33,1.0863847493727e-32,-0.002978161146981,-0.002918967617763,-0.002860689769342,9.7308036382126e-29,-0.0028796988777766,-0.0033576206954409,1.4325239379098e-33,-0.0033993625775911,0.0030154950568786,400.38221661146,400.38221661146,399.71459908399,399.71459908399,400.38221661146,400.7240473745,400.7240473745,400.7240473745,397.56441913231,397.56441913231,397.56441913231,399.71459908399,0.030140586436763,0.027588284733269,0.017365224570209,0.022738991494187,437.62535662404,0.08725638384813,0.048713227888844,0.0099501596789621,437.66103136077,-0.028861738531498,0.095876538601009,0,1.493822060984e-15,1.1115739364449e-18,0,0,1.1386676507401e-18,1.1136722068549e-18,1.1399062664963e-18,0,1.1245640238229e-18,1.0953126952248e-18,0,1.1011054035841e-18,1.0984882819577e-18,1.6982313021523e-16,0,0,1.7150007497354e-16,1.7068450463616e-16,1.7115502207159e-16,0,1.6995610376248e-16,1.6998141561429e-16,0,1.693597267247e-16,1.6983454913638e-16
2.35,1079066825.0103,1079066825.0103,1079066825.0103,501289047.23249,501289047.23249,501289047.23249,1,1,1,125243940.38739,1.8026449457283e-05,6.911908307996e-05,1.8033789699328e-05,1.0203141963532,313.89067913807,313.89067913807,313.19818973872,313.19818973872,313.89067913807,314.24766403464,314.24766403464,314.24766403464,310.97260081698,310.97260081698,310.97260081698,313.19818973872,0.0028747686181668,-3.1578545136403e-33,2.791691951518e-32,-0.0029737084577209,-0.0029137274979632,-0.0028522932324995,2.1280941096447e-28,-0.0028719458118471,-0.00336646737004,3.5421695046509e-33,-0.0034106510002113,0.0030139775348991,399.7548503834,399.7548503834,399.06236098406,399.06236098406,399.7548503834,400.11183527998,400.11183527998,400.11183527998,396.83677206231,396.83677206231,396.83677206231,399.06236098406,0.030330391829631,0.028194846244869,0.017762816889682,0.023227587388987,436.67694817855,0.085702807749437,0.04912491085182,0.0095992547122212,436.7070016848,-0.02934701663354,0.094173615111316,0,1.5148641042974e-15,1.0696202825718e-18,0,0,1.0973850000536e-18,1.0717532867517e-18,1.0987535102698e-18,0,1.0843668500228e-18,1.0530289000156e-18,0,1.0590910197583e-18,1.0563304515286e-18,1.7133580172544e-16,0,0,1.7305201172376e-16,1.7220019266981e-16,1.7270889418752e-16,0,1.7148963006837e-16,1.7147062336626e-16,0,1.7085750760863e-16,1.7132842598728e-16
2.4,1069221767.72,1069221767.72,1069221767.72,491443989.94226,491443989.94226,491443989.94226,1,1,1,128050232.83902,1.8462422001606e-05,7.0592581498462e-05,1.8475854977477e-05,1.0208192585734,312.46911291561,312.46911291561,311.75197304261,311.75197304261,312.46911291561,312.84192312958,312.84192312958,312.84192312958,309.45139637185,309.45139637185,309.45139637185,311.75197304261,0.0028678715875218,-8.0873737742581e-33,7.0495654092204e-32,-0.0029692998707501,-0.0029089063518525,-0.002843625289974,4.4629304980071e-28,-0.0028639364079595,-0.00337481509556,8.4832331559986e-33,-0.0034212079820789,0.003012170695288,399.14318698782,399.14318698782,398.42604711482,398.42604711482,399.14318698782,399.51599720179,399.51599720179,399.51599720179,396.12547044407,396.12547044407,396.12547044407,398.42604711482,0.030532108399773,0.028801582003771,0.018161308563745,0.023715942331848,435.74260792143,0.088602217959838,0.048762882551254,0.009533958582131,435.77150108975,-0.0292376674945,0.097399724678537,0,1.5359166757874e-15,1.0302471800704e-18,0,0,1.0584498722242e-18,1.0320652753108e-18,1.0600907898566e-18,0,1.0466978667701e-18,1.0131737914784e-18,0,1.0195949818473e-18,1.0166636074784e-18,1.7279279126009e-16,0,0,1.7454888588815e-16,1.7365975337941e-16,1.7420808895988e-16,0,1.7296988438726e-16,1.7290346748321e-16,0,1.7229943266009e-16,1.7276620544935e-16
2.45,1059638217.0387,1059638217.0387,1059638217.0387,481860439.26096,481860439.26096,481860439.26096,1,1,1,130835660.62732,1.8900520024448e-05,7.2066178699725e-05,1.8920026789118e-05,1.0213242392372,311.07819285701,311.07819285701,310.336730618,310.336730618,311.07819285701,311.46761039902,311.46761039902,311.46761039902,307.96187584766,307.96187584766,307.96187584766,310.336730618,0.0028613770762656,-2.076058323471e-32,1.731017861706e-31,-0.0029648355173504,-0.0029042036645751,-0.0028353511543553,9.095959849153e-28,-0.0028562999745796,-0.0033831503874145,1.9206477034982e-32,-0.0034317731625029,0.00301074513395,398.54704135638,398.54704135638,397.80557911737,397.80557911737,398.54704135638,398.93645889838,398.93645889838,398.93645889838,395.43072434703,395.43072434703,395.43072434703,397.80557911737,0.030669690907954,0.029408534461167,0.018560727305523,0.024204056027481,434.82026208545,0.087452776931269,0.048967726530234,0.0092191100869963,434.84346286859,-0.029526541931519,0.096069359068148,0,1.5570283738353e-15,9.9289949914403e-19,0,0,1.0218118860506e-18,9.9473710681804e-19,1.0235408717199e-18,0,1.0112515214582e-18,9.7549902127983e-19,0,9.8220114312818e-19,9.7913148482519e-19,1.7419696319785e-16,0,0,1.7599394611559e-16,1.7506652408686e-16,1.7565559434231e-16,0,1.7440001000388e-16,1.7428303142919e-16,0,1.7368847483768e-16,1.7415090647454e-16
2.5,1050310840.2548,1050310840.2548,1050310840.2548,472533062.47706,472533062.47706,472533062.47706,1,1,1,133603252.21758,1.933999894698e-05,7.3539895208722e-05,1.9365880059908e-05,1.0218291155173,309.71751427877,309.71751427877,308.95213471733,308.95213471733,309.71751427877,310.1242488996,310.1242488996,310.1242488996,306.50386413262,306.50386413262,306.50386413262,308.95213471733,0.0028550847023574,-4.939323121148e-32,4.1402547259806e-31,-0.0029602969055665,-0.0028997638648206,-0.0028270175715416,1.783415684891e-27,-0.0028485973846577,-0.0033909925098674,4.1736640141958e-32,-0.0034417123568347,0.0030091775807481,397.96631805681,397.96631805681,397.20093849537,397.20093849537,397.96631805681,398.37305267764,398.37305267764,398.37305267764,394.75266791066,394.75266791066,394.75266791066,397.20093849537,0.030853142748898,0.030015697823632,0.018961046402444,0.024691928839553,433.91154125029,0.087276680111435,0.04899067094955,0.0090368075032858,433.92987147199,-0.029628765522106,0.095866276181535,0,1.5782066468354e-15,9.577057183608e-19,0,0,9.8729608884469e-19,9.5948733225777e-19,9.8913352613018e-19,0,9.7798920972186e-19,9.3995350812359e-19,0,9.4693737314733e-19,9.4374563794335e-19,1.7555136361352e-16,0,0,1.7739019363452e-16,1.7642344408507e-16,1.7705444038996e-16,0,1.7578309560812e-16,1.7561232642838e-16,0,1.750276465135e-16,1.7548556435515e-16
2.55,1041234450.6047,1041234450.6047,1041234450.6047,463456672.82689,463456672.82689,463456672.82689,1,1,1,136348958.7352,1.9780591399143e-05,7.5013732070927e-05,1.9813206397232e-05,1.0223338799522,308.38665317105,308.38665317105,307.59785242462,307.59785242462,308.38665317105,308.81145148631,308.81145148631,308.81145148631,305.07725723361,305.07725723361,305.07725723361,307.59785242462,0.0028490910138053,-1.1117971540557e-31,9.6173650476243e-31,-0.0029557774910084,-0.0028956592262405,-0.0028187249980721,3.3707890312645e-27,-0.002840948325448,-0.0033984560030335,8.75395095319e-32,-0.0034510637346701,0.0030075674258821,397.40085039651,397.40085039651,396.61204965008,396.61204965008,397.40085039651,397.82564871177,397.82564871177,397.82564871177,394.09145445907,394.09145445907,394.09145445907,396.61204965008,0.031004256412324,0.030623080148354,0.01936225006115,0.025179561002604,433.01741561672,0.088000698098665,0.048790457969347,0.0089382605370004,433.03159163686,-0.029503294769562,0.096645782457156,0,1.599459797728e-15,9.2458401420512e-19,0,0,9.5481988265775e-19,9.2623331114974e-19,9.5678063316146e-19,0,9.4681974958275e-19,9.0644096776398e-19,0,9.1372683367621e-19,9.1040844239397e-19,1.7685892286596e-16,0,0,1.787405128622e-16,1.7773333579562e-16,1.7840753253759e-16,0,1.771221009391e-16,1.7689422753848e-16,0,1.7631985139399e-16,1.7677307632168e-16
2.6,1032403590.986,1032403590.986,1032403590.986,454625813.20818,454625813.20818,454625813.20818,1,1,1,139069928.25669,2.0223984865386e-05,7.6487646941078e-05,2.0262857369869e-05,1.0228385635105,307.08514450557,307.08514450557,306.27349781779,306.27349781779,307.08514450557,307.52877403041,307.52877403041,307.52877403041,303.68187929284,303.68187929284,303.68187929284,306.27349781779,0.0028435276253217,-2.5130970707e-31,2.1410035394876e-30,-0.0029511068622311,-0.0028915960772614,-0.0028109513514669,6.2237421443417e-27,-0.0028338049484784,-0.0034057679044343,1.7351473568887e-31,-0.0034603511821065,0.0030063729464919,396.85044797836,396.85044797836,396.03880129059,396.03880129059,396.85044797836,397.2940775032,397.2940775032,397.2940775032,393.44718276563,393.44718276563,393.44718276563,396.03880129059,0.031134400030699,0.031230719964481,0.019764361426548,0.025666952115516,432.13567872418,0.082011674744251,0.049588572608217,0.0085716477290888,432.13848206227,-0.030117789343364,0.090134546687894,0,1.6208254397412e-15,8.9305648129357e-19,0,0,9.2429988004322e-19,8.9502658904098e-19,9.2615010801724e-19,0,9.1746169012588e-19,8.7475717968304e-19,0,8.8219567099956e-19,8.788390560673e-19,1.7812189545377e-16,0,0,1.8004767028825e-16,1.7899909453652e-16,1.7971730658114e-16,0,1.7841958770424e-16,1.7813132100577e-16,0,1.7756746447658e-16,1.7801594243391e-16
2.65,1023813168.4043,1023813168.4043,1023813168.4043,446035390.62654,446035390.62654,446035390.62654,1,1,1,141769679.26513,2.0708314196184e-05,7.7960773691929e-05,2.0736773894699e-05,1.0233435896615,305.81259889535,305.81259889535,304.97874993821,304.97874993821,305.81259889535,306.27571587235,306.27571587235,306.27571587235,302.31752099039,302.31752099039,302.31752099039,304.97874993821,0.0028375861868837,-6.9906702206863e-31,5.1645201649599e-30,-0.0029428200981499,-0.0028765800238194,-0.0028113963419104,9.3680471273835e-27,-0.0028387416809952,-0.0034102575942996,2.7947523882821e-31,-0.0034804371146638,0.0030114097515386,396.31500163719,396.31500163719,395.48115268005,395.48115268005,396.31500163719,396.77811861419,396.77811861419,396.77811861419,392.81992373223,392.81992373223,392.81992373223,395.48115268005,0.031315663351193,0.031838642521212,0.020167461726414,0.026154085891096,431.18954680176,0.13614954179639,0.08658534595753,0.016805088477343,431.24114417151,-0.041844617457599,0.14423428025742,0,1.642793233481e-15,8.5588876094996e-19,0,0,8.9613010864714e-19,8.6694577162589e-19,8.9503676393861e-19,0,8.850750540754e-19,8.4263243075963e-19,0,8.4576084932462e-19,8.444388710206e-19,1.7933230494739e-16,0,0,1.8131498964155e-16,1.802251410046e-16,1.8098307971153e-16,0,1.7967127284943e-16,1.7932298321744e-16,0,1.7876355094022e-16,1.792101593379e-16
2.7,1015471448.1233,1015471448.1233,1015471448.1233,437693670.34548,437693670.34548,437693670.34548,1,1,1,144573102.50777,2.1184445208162e-05,7.943424284328e-05,2.1206978553218e-05,1.023848113487,304.5714834327,304.5714834327,303.71572741821,303.71572741821,304.5714834327,305.05103318353,305.05103318353,305.05103318353,300.98526026592,300.98526026592,300.98526026592,303.71572741821,0.0028300766267233,-1.7184354864125e-30,1.14697473367e-29,-0.0029356911129621,-0.0028704763263722,-0.002801831811093,1.6892676310967e-26,-0.0028301116052409,-0.0034129760368453,5.1445757848487e-31,-0.003487347299123,0.0030068937257059,395.79678272165,395.79678272165,394.94102670716,394.94102670716,395.79678272165,396.27633247248,396.27633247248,396.27633247248,392.21055955487,392.21055955487,392.21055955487,394.94102670716,0.032978037712747,0.032446851883638,0.020571400843428,0.026640982720273,430.32724446307,0.13727740294549,0.088405485775121,0.017389978288895,430.37458808014,-0.042596646431016,0.14584120547441,0,1.6647241776682e-15,8.2738595412433e-19,0,0,8.685494925753e-19,8.3868029860456e-19,8.6737231945314e-19,0,8.5918341812464e-19,8.1403355546888e-19,0,8.1731192045706e-19,8.1625784533424e-19,1.8050240538503e-16,0,0,1.8254330411354e-16,1.8141121405738e-16,1.8220972940933e-16,0,1.8088634169191e-16,1.8047420051182e-16,0,1.7991940454282e-16,1.8036452225317e-16
2.75,1007365462.5976,1007365462.5976,1007365462.5976,429587684.81979,429587684.81979,429587684.81979,1,1,1,147323259.46421,2.1661755707546e-05,8.0908075836139e-05,2.1678279779163e-05,1.0243524350135,303.35933033468,303.35933033468,302.48249345867,302.48249345867,303.35933033468,303.85605414468,303.85605414468,303.85605414468,299.68454475,299.68454475,299.68454475,302.48249345867,0.002824214557653,-3.645006477695e-30,2.3866711370068e-29,-0.0029304055882325,-0.0028659243393159,-0.0027941318277133,2.9494724571686e-26,-0.0028241220801159,-0.0034173962542399,8.8482581836736e-31,-0.0034950135663147,0.0030048026860257,395.29348261258,395.29348261258,394.41664573656,394.41664573656,395.29348261258,395.79020642257,395.79020642257,395.79020642257,391.6186970279,391.6186970279,391.6186970279,394.41664573656,0.032844761451593,0.033055284486735,0.020976145173281,0.027127638466856,429.48950050257,0.1473245498301,0.090005241931567,0.018165977656811,429.54146127744,-0.042542360283728,0.15656721999952,0,1.6866498172002e-15,8.010083325229e-19,0,0,8.430357610051e-19,8.1234339074308e-19,8.4186312303476e-19,0,8.3503027148523e-19,7.8736658257603e-19,0,7.9086191354331e-19,7.899276554485e-19,1.8163520223246e-16,0,0,1.8373553672032e-16,1.8256004109787e-16,1.8340030365558e-16,0,1.8206725282683e-16,1.8158770501145e-16,0,1.8103785218692e-16,1.814816486568e-16
2.8,999485425.82477,999485425.82477,999485425.82477,421707648.04699,421707648.04699,421707648.04699,1,1,1,150034968.45377,2.2141419924348e-05,8.2381527046466e-05,2.2151204862608e-05,1.0248566485932,302.17506975817,302.17506975817,301.27794037842,301.27794037842,302.17506975817,302.6894732256,302.6894732256,302.6894732256,298.41443797997,298.41443797997,298.41443797997,301.27794037842,0.0028190246772936,-7.0567436500422e-30,5.2793397918721e-29,-0.0029258193121298,-0.0028625162936284,-0.0027877007913122,5.1790381843271e-26,-0.0028183742461064,-0.0034226865247872,1.5306078282315e-30,-0.0035019220537485,0.0030031476612573,394.80468651796,394.80468651796,393.90755713821,393.90755713821,394.80468651796,395.31908998539,395.31908998539,395.31908998539,391.04405473975,391.04405473975,391.04405473975,393.90755713821,0.032888360769131,0.03366402568188,0.021381737818397,0.02761405280233,428.67177914525,0.13616348712488,0.087999638822017,0.016793094117904,428.70630688248,-0.042278684304757,0.1449313663137,0,1.7087965068319e-15,7.7669272115918e-19,0,0,8.19359805738e-19,7.8773552681022e-19,8.1794144293598e-19,0,8.1346010041687e-19,7.6226110374216e-19,0,7.6651512564604e-19,7.6557864169511e-19,1.8273361161252e-16,0,0,1.8489428647006e-16,1.8367406736345e-16,1.8455704753741e-16,0,1.8321765913329e-16,1.8266570500244e-16,0,1.8212186827337e-16,1.8256434035495e-16
2.85,991824350.45152,991824350.45152,991824350.45152,414046572.67374,414046572.67374,414046572.67374,1,1,1,152710840.46313,2.2621790806788e-05,8.3855192604375e-05,2.2625029710455e-05,1.0253607061688,301.01798334376,301.01798334376,300.1013814216,300.1013814216,301.01798334376,301.55055736541,301.55055736541,301.55055736541,297.17436302257,297.17436302257,297.17436302257,300.1013814216,0.0028142296481782,-1.2997875171366e-29,1.0739830708518e-28,-0.0029209737479783,-0.0028592178243364,-0.0027808512071035,8.6034272320793e-26,-0.0028127902290458,-0.0034270286347953,2.4793932085406e-30,-0.0035078162025328,0.0030012543398285,394.33005357159,394.33005357159,393.41345164943,393.41345164943,394.33005357159,394.86262759324,394.86262759324,394.86262759324,390.4864332504,390.4864332504,390.4864332504,393.41345164943,0.032968778088521,0.034272992939021,0.021788085768245,0.028100226375061,427.87130399972,0.13631631877907,0.087706797382171,0.016629037337667,427.89992747368,-0.041783939597415,0.1452128807594,0,1.7310648637613e-15,7.5370345330406e-19,0,0,7.9717400806104e-19,7.6451930696912e-19,7.9559823327269e-19,0,7.9280367273671e-19,7.3870952929581e-19,0,7.4339732644653e-19,7.4251944292878e-19,1.8379950925819e-16,0,0,1.8602166076383e-16,1.8475526093606e-16,1.8568219334911e-16,0,1.8433885283958e-16,1.8371039803742e-16,0,1.8317319085466e-16,1.8361442142146e-16
2.9,984377055.33453,984377055.33453,984377055.33453,406599277.55675,406599277.55675,406599277.55675,1,1,1,155346573.58605,2.3101765010967e-05,8.53289519448e-05,2.3099401671841e-05,1.025864606411,299.88757159436,299.88757159436,298.95239588165,298.95239588165,299.88757159436,300.4388702355,300.4388702355,300.4388702355,295.96405338204,295.96405338204,295.96405338204,298.95239588165,0.0028095266349779,-2.7829157208947e-29,2.265284012139e-28,-0.0029161401054953,-0.0028571789193821,-0.0027744998928794,1.3329395878857e-25,-0.0028067410216784,-0.0034313289534892,3.6103161398964e-30,-0.0035127619351468,0.0029989963598504,393.86928929675,393.86928929675,392.93411358403,392.93411358403,393.86928929675,394.42058793788,394.42058793788,394.42058793788,389.94577108442,389.94577108442,389.94577108442,392.93411358403,0.033001016538886,0.034882208295295,0.02219515981557,0.028586159662123,427.09182241212,0.13586690070723,0.084888297038499,0.017926711702432,427.11306583426,-0.042473640430601,0.14358626276102,0,1.7534265440819e-15,7.3230138869333e-19,0,0,7.764664180576e-19,7.4270834037438e-19,7.7452814590332e-19,0,7.7415246439253e-19,7.1664192091827e-19,0,7.2202155665671e-19,7.2113783506759e-19,1.8483513981382e-16,0,0,1.8711975010298e-16,1.8580560914391e-16,1.8677754155748e-16,0,1.8543366975406e-16,1.8472388276135e-16,0,1.8419428353241e-16,1.8463426432816e-16
2.95,977137157.82688,977137157.82688,977137157.82688,399359380.0491,399359380.0491,399359380.0491,1,1,1,157937322.47062,2.3584273880526e-05,8.6802800850458e-05,2.3574806911305e-05,1.0263683897299,298.78314789878,298.78314789878,297.83040414998,297.83040414998,298.78314789878,299.35382966861,299.35382966861,299.35382966861,294.78297141118,294.78297141118,294.78297141118,297.83040414998,0.0028061521847953,-3.7289397713289e-29,3.8232760819982e-28,-0.0029117406594213,-0.0028541616312347,-0.0027679002912246,2.1217706161115e-25,-0.0028024041667642,-0.0034348911067059,5.7027110071259e-30,-0.0035172878761535,0.0029975792834924,393.42199425329,393.42199425329,392.46925050449,392.46925050449,393.42199425329,393.99267602311,393.99267602311,393.99267602311,389.42181776568,389.42181776568,389.42181776568,392.46925050449,0.032974148334545,0.035491674414912,0.022602972414483,0.029071852042749,426.32645494908,0.13660284595905,0.086777917047407,0.016380918972941,426.34281703249,-0.040231208560253,0.14567373968956,0,1.775932621033e-15,7.1202069609997e-19,0,0,7.5711354437739e-19,7.222732822444e-19,7.5518837125399e-19,0,7.5551609423667e-19,6.9580164078493e-19,0,7.0131988409353e-19,7.0058454953574e-19,1.8584208913894e-16,0,0,1.8819047034569e-16,1.868270578154e-16,1.8784553919426e-16,0,1.8650213086112e-16,1.8570789487847e-16,0,1.8518609962406e-16,1.856250404997e-16
3,970099819.47464,970099819.47464,970099819.47464,392322041.69685,392322041.69685,392322041.69685,1,1,1,160491113.48539,2.4066203392419e-05,8.827678450471e-05,2.4049876212215e-05,1.0268719908052,297.7043332405,297.7043332405,296.73490759188,296.73490759188,297.7043332405,298.29487800566,298.29487800566,298.29487800566,293.6308438224,293.6308438224,293.6308438224,296.73490759188,0.0028023290166988,-6.889934693025e-29,9.5233011306773e-28,-0.0029066896603193,-0.0028518844005886,-0.00276169455941,3.597430637877e-25,-0.0027965453414973,-0.0034393640574263,1.1708703049419e-29,-0.00351978254868,0.0029958052383701,392.98802063036,392.98802063036,392.01859498174,392.01859498174,392.98802063036,393.57856539552,393.57856539552,393.57856539552,388.91453121225,388.91453121225,388.91453121225,392.01859498174,0.033050345199936,0.036101369549289,0.023011436005143,0.029557305091735,425.58394934425,0.14576811554764,0.080914922911517,0.016081261932894,425.59896598814,-0.036981586981602,0.14681411983904,0,1.7980288178788e-15,6.934750519098e-19,0,0,7.3881481929506e-19,7.0322613002506e-19,7.3669858052653e-19,0,7.3961965298391e-19,6.7563249923663e-19,0,6.8329205207643e-19,6.8091903516491e-19,1.8682281096252e-16,0,0,1.8923531228322e-16,1.8782156974589e-16,1.8888738831822e-16,0,1.8754811100537e-16,1.8666338352207e-16,0,1.8615242051117e-16,1.8658800543411e-16
3.05,963258747.11913,963258747.11913,963258747.11913,385480969.34135,385480969.34135,385480969.34135,1,1,1,162998698.31396,2.4542412393489e-05,8.9750990162077e-05,2.4522548759001e-05,1.0273753604037,296.6505363559,296.6505363559,295.66527240085,295.66527240085,296.6505363559,297.26149193082,297.26149193082,297.26149193082,292.50704441001,292.50704441001,292.50704441001,295.66527240085,0.002799421600447,-1.0508838776197e-28,1.2503542185651e-27,-0.0029035587805284,-0.0028502478050328,-0.0027549092667184,3.5123780161883e-25,-0.0027897643301942,-0.003442021972726,8.7629380527138e-30,-0.0035215040142348,0.0029923873026661,392.56702735135,392.56702735135,391.5817633963,391.5817633963,392.56702735135,393.17798292627,393.17798292627,393.17798292627,388.42353540546,388.42353540546,388.42353540546,391.5817633963,0.033008363076713,0.036711276721654,0.023420434644197,0.03004252088731,424.87869714634,0.12784429549514,0.08114420858122,0.014949906987693,424.86776256117,-0.029796120275693,0.12587847224748,0,1.8201838946747e-15,6.7681884414295e-19,0,0,7.2330426097855e-19,6.8545106929123e-19,7.2063574514944e-19,0,7.237041665554e-19,6.5777222110028e-19,0,6.6588198881736e-19,6.6335751892917e-19,1.8777997735117e-16,0,0,1.9025821897882e-16,1.8879094394443e-16,1.8990652116254e-16,0,1.8857158325286e-16,1.875936139181e-16,0,1.8709411985069e-16,1.8752613463408e-16
3.1,956605552.55015,956605552.55015,956605552.55015,378827774.77237,378827774.77237,378827774.77237,1,1,1,165441537.6988,2.5022319740133e-05,9.122515650852e-05,2.4997642037181e-05,1.0278787430461,295.62074937728,295.62074937728,294.62041247668,294.62041247668,295.62074937728,296.25296273164,296.25296273164,296.25296273164,291.41073380983,291.41073380983,291.41073380983,294.62041247668,0.0027975165834812,-1.5669643808126e-28,1.7408484526277e-27,-0.0028998368865948,-0.0028511134095062,-0.0027494051030561,5.3023862720063e-25,-0.0027875759347649,-0.0034441238245718,1.7429351146572e-29,-0.0035238930338911,0.0029917139666197,392.15829142896,392.15829142896,391.15795452837,391.15795452837,392.15829142896,392.79050478332,392.79050478332,392.79050478332,387.94827586152,387.94827586152,387.94827586152,391.15795452837,0.03271451292462,0.037321470235697,0.023830187398186,0.030527495019554,424.16737686668,0.11442660333875,0.081592484088853,0.016500658917133,424.14048456871,-0.032115569880755,0.12097179039127,0,1.8426735406541e-15,6.6038291537479e-19,0,0,7.0684289097449e-19,6.6839961930413e-19,7.0479166413143e-19,0,7.0898139710064e-19,6.4088502535993e-19,0,6.4856275399415e-19,6.4703882758769e-19,1.8871389982646e-16,0,0,1.912578457817e-16,1.8973620375113e-16,1.909032470926e-16,0,1.8957423436011e-16,1.8849996221289e-16,0,1.8801132609344e-16,1.8844118571943e-16
3.15,950137667.53881,950137667.53881,950137667.53881,372359889.76102,372359889.76102,372359889.76102,1,1,1,167846869.51879,2.550748695451e-05,9.2699221842244e-05,2.5474943236586e-05,1.0283819765475,294.61464041525,294.61464041525,293.6003600472,293.6003600472,294.61464041525,295.26863108602,295.26863108602,295.26863108602,290.34199339477,290.34199339477,290.34199339477,293.6003600472,0.0027949675606458,-2.3807045072256e-28,2.9769003967265e-27,-0.0028940064012383,-0.002848879495078,-0.0027439001855158,6.9322056075188e-25,-0.0027842356179508,-0.0034456019365555,1.87403451652e-29,-0.0035269337984378,0.0029901885424557,391.76181057689,391.76181057689,390.74753020885,390.74753020885,391.76181057689,392.41580124766,392.41580124766,392.41580124766,387.48916355641,387.48916355641,387.48916355641,390.74753020885,0.032774940618407,0.037931832095294,0.024240516290864,0.031012227441949,423.46732938231,0.13158393428955,0.086467120942086,0.018420138722826,423.45257981904,-0.036513500265432,0.14112997670564,0,1.8650247027874e-15,6.4369269764946e-19,0,0,6.9231185246165e-19,6.5234196158989e-19,6.894813382101e-19,0,6.9449190321829e-19,6.2468652222035e-19,0,6.311696643305e-19,6.3128564488652e-19,1.8962421876947e-16,0,0,1.9223692259284e-16,1.9065875460052e-16,1.918783209521e-16,0,1.905563942286e-16,1.8938340236484e-16,0,1.889039347929e-16,1.8933395844016e-16
3.2,943852756.9202,943852756.9202,943852756.9202,366074979.14242,366074979.14242,366074979.14242,1,1,1,170228348.94503,2.5983701794412e-05,9.4173858271896e-05,2.5946778098714e-05,1.0288848574587,293.63228880054,293.63228880054,292.60522182786,292.60522182786,293.63228880054,294.30839046989,294.30839046989,294.30839046989,289.30040248921,289.30040248921,289.30040248921,292.60522182786,0.0027914742428211,-3.3576500268572e-28,3.7652662948081e-27,-0.0028906869558935,-0.0028485195999223,-0.0027363310053878,9.0648014120622e-25,-0.0027760109265543,-0.0034488623168944,2.4555481121024e-29,-0.0035252770961664,0.0029857781356367,391.37759281945,391.37759281945,390.35052584678,390.35052584678,391.37759281945,392.0536944888,392.0536944888,392.0536944888,387.04570650812,387.04570650812,387.04570650812,390.35052584678,0.033025260444554,0.038542355846579,0.024651230351686,0.031496726092999,422.8202237603,0.13196283160591,0.077472157002378,0.014801337546859,422.79591947296,-0.027200913803409,0.1348925975133,0,1.8870740683239e-15,6.3092196746184e-19,0,0,6.7884061927221e-19,6.3736208077381e-19,6.7652015187855e-19,0,6.8250998793172e-19,6.0946332629973e-19,0,6.1809285398652e-19,6.1658202904702e-19,1.9051647717266e-16,0,0,1.9319694820331e-16,1.9156012069929e-16,1.9283506492611e-16,0,1.9152160910999e-16,1.9024531366666e-16,0,1.8977805008981e-16,1.9020593710796e-16
3.25,937739326.35247,937739326.35247,937739326.35247,359961548.57469,359961548.57469,359961548.57469,1,1,1,172531958.81265,2.6469804640636e-05,9.5648316420281e-05,2.6431052231061e-05,1.0293878723712,292.67244283377,292.67244283377,291.63306497016,291.63306497016,292.67244283377,293.37150859586,293.37150859586,293.37150859586,288.28454541419,288.28454541419,288.28454541419,291.63306497016,0.0027908647733292,-4.401141416702e-28,4.9874970706297e-27,-0.0028868782093279,-0.0028480096615283,-0.0027335242042575,1.180972340263e-24,-0.0027766122441386,-0.0034505842620168,2.7102495910555e-29,-0.0035274350096448,0.0029860890753978,391.0047889346,391.0047889346,389.96541107098,389.96541107098,391.0047889346,391.70385469668,391.70385469668,391.70385469668,386.61689151501,386.61689151501,386.61689151501,389.96541107098,0.032524616752754,0.039153195678417,0.025062719793246,0.03198097954219,422.14929152501,0.13956516048639,0.082766642409872,0.01682319339393,422.12907239255,-0.032129755423529,0.14897136945727,0,1.9092390397998e-15,6.1612481190124e-19,0,0,6.6586617014657e-19,6.234483121831e-19,6.6285775863462e-19,0,6.696023888091e-19,5.9514468380358e-19,0,6.0251885068054e-19,6.0252557599821e-19,1.9138780923776e-16,0,0,1.9413862517186e-16,1.9244180975782e-16,1.9377248735829e-16,0,1.9246856988964e-16,1.9108697535007e-16,0,1.9063014042003e-16,1.9105803694921e-16
3.3,931798193.65206,931798193.65206,931798193.65206,354020415.87428,354020415.87428,354020415.87428,1,1,1,174816014.36006,2.6917568805031e-05,9.7123407742553e-05,2.689023179226e-05,1.0298901671359,291.73523760168,291.73523760168,290.68466654185,290.68466654185,291.73523760168,292.45717879176,292.45717879176,292.45717879176,287.29492824959,287.29492824959,287.29492824959,290.68466654185,0.0027871754251243,-6.1386844235083e-28,1.3800189193864e-26,-0.0028850736133181,-0.0028607343638712,-0.0027158904961082,3.7177341513591e-24,-0.0027567696082412,-0.0034575843028404,3.5502043304899e-29,-0.0035183306744169,0.0029761278563254,390.64378720817,390.64378720817,389.59321614834,389.59321614834,390.64378720817,391.36572839825,391.36572839825,391.36572839825,386.20347785608,386.20347785608,386.20347785608,389.59321614834,0.032830727462112,0.039764092903371,0.025474345880042,0.032465019148392,421.59776658032,0.073811605454306,0.045047033354434,0.0024947060800172,421.50237975236,-0.021344049715688,0.079521461077104,0,1.9320849143023e-15,6.1149150331288e-19,0,0,6.5357194036191e-19,6.1053915839585e-19,6.5415957867779e-19,0,6.6236482266136e-19,5.8443470240347e-19,0,5.9492683046804e-19,5.9347033812399e-19,1.9225258881502e-16,0,0,1.950629154739e-16,1.9330524251598e-16,1.9469760870641e-16,0,1.9340529520509e-16,1.9191349083253e-16,0,1.914714940123e-16,1.9189733075025e-16
3.35,926004530.20757,926004530.20757,926004530.20757,348226752.42979,348226752.42979,348226752.42979,1,1,1,176936941.06852,2.7410081459336e-05,9.8598153713949e-05,2.7381568441423e-05,1.0303931051994,290.81691311693,290.81691311693,289.75555929905,289.75555929905,290.81691311693,291.5653130362,291.5653130362,291.5653130362,286.32766860026,286.32766860026,286.32766860026,289.75555929905,0.002789552352563,-7.19487929843e-28,5.9670123218666e-27,-0.0028810716471084,-0.0028494483322644,-0.0027243031070488,1.6641209164819e-24,-0.002770379372133,-0.0034547077233173,3.254499469266e-29,-0.0035250337496619,0.0029836546480613,390.29159170776,390.29159170776,389.23023788988,389.23023788988,390.29159170776,391.03999162703,391.03999162703,391.03999162703,385.80234719109,385.80234719109,385.80234719109,389.23023788988,0.031049522413207,0.040375249873761,0.025886763186468,0.032948791226986,420.91639677515,0.14078189283825,0.080759381661191,0.01714778263063,420.88390844525,-0.027879204688087,0.14978727257455,0,1.954084700025e-15,5.9260147676833e-19,0,0,6.4358846661837e-19,5.9816597916027e-19,6.4047585249158e-19,0,6.4779830798733e-19,5.6930890854036e-19,0,5.7746343216148e-19,5.773487783643e-19,1.9309065386055e-16,0,0,1.9597308701198e-16,1.9415117695626e-16,1.9560337834338e-16,0,1.9432142035792e-16,1.9271861521217e-16,0,1.9228815062983e-16,1.9271382522283e-16
3.4,920384856.65247,920384856.65247,920384856.65247,342607078.87469,342607078.87469,342607078.87469,1,1,1,179144545.84714,2.7893663597555e-05,0.00010007303956749,2.786711502967e-05,1.0308956010264,289.92235320107,289.92235320107,288.85139785182,288.85139785182,289.92235320107,290.69431864007,290.69431864007,290.69431864007,285.3876220485,285.3876220485,285.3876220485,288.85139785182,0.0027865168912523,-9.9181034313603e-28,7.7683270421122e-27,-0.0028757633578482,-0.002848309959179,-0.0027173347885122,1.8649052649584e-24,-0.0027647782656526,-0.003453697931047,3.2185723841372e-29,-0.0035228219747662,0.0029789013139005,389.95229217647,389.95229217647,388.88133682722,388.88133682722,389.95229217647,390.72425761547,390.72425761547,390.72425761547,385.4175610239,385.4175610239,385.4175610239,388.88133682722,0.03288631109534,0.040986622235818,0.026299545941929,0.033432330986845,420.31510349588,0.13942120529591,0.079804111083355,0.01764703385581,420.27482300007,-0.026949793782694,0.1490883367835,0,1.9756918986504e-15,5.8160391972306e-19,0,0,6.3301352931454e-19,5.8650388181168e-19,6.2988736433835e-19,0,6.3774578456166e-19,5.5731523036941e-19,0,5.6552645418173e-19,5.6574697424814e-19,1.9391316601175e-16,0,0,1.968683033303e-16,1.949806187003e-16,1.9649417359679e-16,0,1.952233290958e-16,1.9350677796948e-16,0,1.9308792581122e-16,1.9351391226669e-16
3.45,914921647.01234,914921647.01234,914921647.01234,337143869.23456,337143869.23456,337143869.23456,1,1,1,181288561.86171,2.8377168957052e-05,0.00010154792359794,2.8352577931056e-05,1.031397878754,289.0489613485,289.0489613485,287.968995288,287.968995288,289.0489613485,289.84491322785,289.84491322785,289.84491322785,284.47185628867,284.47185628867,284.47185628867,287.968995288,0.0027853331804112,-1.3942768884577e-27,5.9349756820509e-27,-0.0028718138810239,-0.0028481961377533,-0.0027124246222941,3.301976909433e-24,-0.0027622821223737,-0.003452833569854,3.5957603059584e-29,-0.0035206067560581,0.002975218325271,389.62363914041,389.62363914041,388.54367307991,388.54367307991,389.62363914041,390.41959101977,390.41959101977,390.41959101977,385.04653408058,385.04653408058,385.04653408058,388.54367307991,0.032542122418568,0.041598122080024,0.026712671997285,0.033915631877228,419.74166940692,0.13829341466964,0.080248110986379,0.02199832677249,419.69448971085,-0.02454763325109,0.14968926830117,0,1.9976896161049e-15,5.7147131688552e-19,0,0,6.2384405391075e-19,5.7528655641998e-19,6.2060179280477e-19,0,6.2845420430614e-19,5.4616905026612e-19,0,5.5449234324603e-19,5.5514346083671e-19,1.947213484986e-16,0,0,1.9775055205215e-16,1.9579419675064e-16,1.9737183706901e-16,0,1.9611209755486e-16,1.9427917764771e-16,0,1.9387209640327e-16,1.9429900367807e-16
3.5,909608582.96223,909608582.96223,909608582.96223,331830805.18445,331830805.18445,331830805.18445,1,1,1,183383693.69171,2.8859963066692e-05,0.00010302299878555,2.88373136709e-05,1.0319000036304,288.1959174669,288.1959174669,287.10769447302,287.10769447302,288.1959174669,289.01602721866,289.01602721866,289.01602721866,283.57969302669,283.57969302669,283.57969302669,287.10769447302,0.0027840697461954,-1.5944491035946e-27,1.137377730004e-26,-0.0028688127177053,-0.0028484874069926,-0.0027073440547914,2.1932728033734e-24,-0.0027586691582111,-0.0034535155479405,2.1506066202884e-29,-0.0035180653486544,0.0029735327796923,389.30517369845,389.30517369845,388.21695070457,388.21695070457,389.30517369845,390.12528345021,390.12528345021,390.12528345021,384.68894925823,384.68894925823,384.68894925823,388.21695070457,0.032400576664906,0.042209778179523,0.027126175558506,0.034398695652722,419.18612871639,0.14288048135026,0.078988489955217,0.018595708189967,419.13610917442,-0.022430665193284,0.15243793297958,0,2.0185633831526e-15,5.6238359082917e-19,0,0,6.1503875953729e-19,5.6571059503864e-19,6.1160859751832e-19,0,6.1962994325347e-19,5.3574061082162e-19,0,5.4432293803751e-19,5.449535548789e-19,1.95516679e-16,0,0,1.9862034820727e-16,1.9659423234653e-16,1.9823678224249e-16,0,1.9698838662426e-16,1.9503682928545e-16,0,1.9464188528455e-16,1.9506968438624e-16
3.55,904439834.42656,904439834.42656,904439834.42656,326662056.64878,326662056.64878,326662056.64878,1,1,1,185435336.70689,2.9341465317707e-05,0.00010449817367056,2.9321171627627e-05,1.0324019734044,287.36268623613,287.36268623613,286.26652966476,286.26652966476,287.36268623613,288.20716434185,288.20716434185,288.20716434185,282.71028966914,282.71028966914,282.71028966914,286.26652966476,0.002783329958988,-1.9488203882984e-27,1.272553830702e-26,-0.0028657167890586,-0.0028496183505911,-0.0027026019437755,2.2745016736213e-24,-0.0027556391595358,-0.003453379339858,8.8280012578697e-30,-0.0035149862273236,0.0029709173195145,388.99669137614,388.99669137614,387.90053480476,387.90053480476,388.99669137614,389.84116948186,389.84116948186,389.84116948186,384.34429480915,384.34429480915,384.34429480915,387.90053480476,0.032329272127909,0.04282157002825,0.027540003113252,0.034881522143316,418.65134014065,0.14135196287397,0.077634621484102,0.018955250735143,418.59343100444,-0.020746502711773,0.15099964602699,0,2.0391170677026e-15,5.5401421982067e-19,0,0,6.0701433470042e-19,5.5629915845008e-19,6.0354919961447e-19,0,6.1145169343383e-19,5.2602924832156e-19,0,5.3482339993903e-19,5.3559397315773e-19,1.9630017342342e-16,0,0,1.9947879611196e-16,1.9738095816114e-16,1.9909032970614e-16,0,1.9785310990185e-16,1.9578074698263e-16,0,1.9539823979022e-16,1.95827128647e-16
3.6,899410730.02213,899410730.02213,899410730.02213,321632952.24435,321632952.24435,321632952.24435,1,1,1,187432924.47885,2.9821981598916e-05,0.00010597345230094,2.9804232354608e-05,1.0329037917873,286.54865908578,286.54865908578,285.44507622202,285.44507622202,286.54865908578,287.41771855732,287.41771855732,287.41771855732,281.86310451709,281.86310451709,281.86310451709,285.44507622202,0.0027827974503597,-2.3095494881538e-27,1.3710052139626e-26,-0.0028628454164317,-0.0028507806815095,-0.0026978912507865,2.314820361116e-24,-0.002752856379265,-0.0034530482757443,-1.0713113669859e-29,-0.0035114598421553,0.0029683892296932,388.69776212283,388.69776212283,387.59417925907,387.59417925907,388.69776212283,389.56682159438,389.56682159438,389.56682159438,384.01220755414,384.01220755414,384.01220755414,387.59417925907,0.032078849479592,0.043433474721677,0.027954118273568,0.035364111460909,418.13484598718,0.14149016756631,0.076820407860374,0.019379562022329,418.07080947038,-0.018647538409074,0.15113971141406,0,2.0593202949771e-15,5.4629075415757e-19,0,0,5.9966898791817e-19,5.4747792632129e-19,5.9615351555937e-19,0,6.0367350107505e-19,5.1690837904612e-19,0,5.2589579392926e-19,5.2680723280787e-19,1.9707274521695e-16,0,0,2.0032685612761e-16,1.9815520886965e-16,1.999334180931e-16,0,1.9870683315432e-16,1.9651176582278e-16,0,1.9614196875439e-16,1.965721465804e-16
3.65,894516767.85281,894516767.85281,894516767.85281,316738990.07503,316738990.07503,316738990.07503,1,1,1,189382849.81801,3.0292837613419e-05,0.00010744950706913,3.0281199774786e-05,1.0334053712566,285.75335783642,285.75335783642,284.64278352067,284.64278352067,285.75335783642,286.64715888282,286.64715888282,286.64715888282,281.03756532687,281.03756532687,281.03756532687,284.64278352067,0.0027826920480099,-3.3652968990116e-27,2.5048096743052e-26,-0.0028615649224155,-0.0028527236961102,-0.0026912970920352,2.3985979696799e-24,-0.0027483091171107,-0.0034533400820088,-3.4770865735807e-29,-0.0035055034953804,0.002964593054297,388.40809425746,388.40809425746,387.29751994171,387.29751994171,388.40809425746,389.30189530387,389.30189530387,389.30189530387,383.69230174792,383.69230174792,383.69230174792,387.29751994171,0.031912056427746,0.044045448723036,0.028368340117939,0.035846469152818,417.65597312845,0.12207062983438,0.073394209326092,0.014664819512357,417.56220242141,-0.0075764919782946,0.12465921656296,0,2.0792149833772e-15,5.410415929015e-19,0,0,5.9384359400976e-19,5.4000476422705e-19,5.9003828446601e-19,0,5.9706994901421e-19,5.0846009802847e-19,0,5.1892404045678e-19,5.1898726787602e-19,1.9783789357544e-16,0,0,2.0116667779219e-16,1.9891889093096e-16,2.0076785823731e-16,0,1.995512175739e-16,1.9723083698934e-16,0,1.9687583817025e-16,1.9730610541333e-16
3.7,889749527.19885,889749527.19885,889749527.19885,311971749.42106,311971749.42106,311971749.42106,1,1,1,191287199.22986,3.0775059119093e-05,0.00010892455191305,3.076406858314e-05,1.0339069747927,284.97574511768,284.97574511768,283.85821833175,283.85821833175,284.97574511768,285.89466532393,285.89466532393,285.89466532393,280.23257967473,280.23257967473,280.23257967473,283.85821833175,0.0027826069489117,-2.8772858648642e-27,1.5408111131192e-26,-0.002858232772371,-0.0028538571710461,-0.0026894981540849,2.2604593006415e-24,-0.0027487466563807,-0.0034517848936526,-7.4101770102804e-29,-0.003503079665964,0.0029641863208389,388.12697318967,388.12697318967,387.00944640374,387.00944640374,388.12697318967,389.04589339592,389.04589339592,389.04589339592,383.38380774672,383.38380774672,383.38380774672,387.00944640374,0.031763536743618,0.044657519814602,0.02878298105774,0.036328582931698,417.15696518096,0.14400627618044,0.076123325991115,0.020522422337994,417.08328440843,-0.013728955773512,0.15332609153869,0,2.0986566464644e-15,5.3265684148874e-19,0,0,5.8680106564379e-19,5.3154504576827e-19,5.8325509619377e-19,0,5.8920922746644e-19,5.0025648767973e-19,0,5.096847197217e-19,5.1084720432567e-19,1.9859118410476e-16,0,0,2.0199653981763e-16,1.996706091437e-16,2.0159270550467e-16,0,2.0038448525445e-16,1.9793830649888e-16,0,1.9759664121341e-16,1.9802855245798e-16
3.75,885112483.83872,885112483.83872,885112483.83872,307334706.06094,307334706.06094,307334706.06094,1,1,1,193142703.05056,3.1253505313527e-05,0.00011040012054907,3.1244792770219e-05,1.0344083772544,284.21641818803,284.21641818803,283.09261316475,283.09261316475,284.21641818803,285.16017676223,285.16017676223,285.16017676223,279.44860494879,279.44860494879,279.44860494879,283.09261316475,0.002781917173977,-3.102148029805e-27,1.4633851078454e-26,-0.0028554800515484,-0.0028547418306568,-0.0026846365601061,2.225049180992e-24,-0.0027460851383987,-0.0034507421381956,-1.2614039509523e-28,-0.0034987712240225,0.0029611910988875,387.85494132602,387.85494132602,386.73113630274,386.73113630274,387.85494132602,388.79869990022,388.79869990022,388.79869990022,383.08712808678,383.08712808678,383.08712808678,386.73113630274,0.031544423590127,0.045269696003634,0.029197794752262,0.036810461867874,416.69116343696,0.14452897565511,0.075718961383952,0.021074480622567,416.61218888875,-0.011722829001874,0.15389089644207,0,2.1177429055849e-15,5.2663105937332e-19,0,0,5.8104018263303e-19,5.2429624516167e-19,5.7746143307176e-19,0,5.8264708559893e-19,4.9266996028571e-19,0,5.0222747996414e-19,5.0358781494259e-19,1.993359528913e-16,0,0,2.028182547242e-16,2.0041207600431e-16,2.0240935929507e-16,0,2.0120847266499e-16,1.9863504703849e-16,0,1.9830689812697e-16,1.9874073317572e-16
3.8,880598083.92645,880598083.92645,880598083.92645,302820306.14866,302820306.14866,302820306.14866,1,1,1,194957681.24656,3.1730540270939e-05,0.00011187585829886,3.1723670596562e-05,1.0349096161455,283.47450761954,283.47450761954,282.34463326078,282.34463326078,283.47450761954,284.44311086034,284.44311086034,284.44311086034,278.68459026696,278.68459026696,278.68459026696,282.34463326078,0.0027825549793762,-3.8029071798623e-27,1.3601168291129e-26,-0.0028532100472244,-0.0028559522544875,-0.0026783973490019,2.2435251327027e-24,-0.0027441964511036,-0.0034483626260703,-2.0745274569633e-28,-0.0034946077977352,0.0029596472943566,387.59136190539,387.59136190539,386.46148754663,386.46148754663,387.59136190539,388.55996514619,388.55996514619,388.55996514619,382.8014445528,382.8014445528,382.8014445528,386.46148754663,0.031449291502707,0.045881923582715,0.029612783192126,0.037292105561003,416.24486487553,0.14552026209501,0.083362727361822,0.019197887438066,416.1636143202,-0.0097320596898377,0.1598353778037,0,2.1364675683203e-15,5.214152947785e-19,0,0,5.7591274469299e-19,5.1761276925326e-19,5.7253452077499e-19,0,5.7609541131009e-19,4.8624131771501e-19,0,4.9496393157028e-19,4.9705007380303e-19,2.000733454728e-16,0,0,2.0363271833849e-16,2.0114409100265e-16,2.0321904537928e-16,0,2.0202319460888e-16,1.9932269610459e-16,0,1.9900688283188e-16,1.9944366813127e-16
3.85,876201825.75708,876201825.75708,876201825.75708,298424047.97929,298424047.97929,298424047.97929,1,1,1,196728246.18271,3.2200356802961e-05,0.00011335174232406,3.2197182137146e-05,1.0354105956429,282.74939139936,282.74939139936,281.61362894695,281.61362894695,282.74939139936,283.74300523461,283.74300523461,283.74300523461,277.93996935936,277.93996935936,277.93996935936,281.61362894695,0.0027799080810059,-3.7154494099578e-27,1.3679768907246e-26,-0.0028516650004185,-0.002859421293778,-0.0026745166029079,2.0136211817057e-24,-0.0027390209774064,-0.0034492985496567,-2.8716677592854e-28,-0.0034876910366846,0.0029543806024362,387.33582839731,387.33582839731,386.20006594491,386.20006594491,387.33582839731,388.32944223256,388.32944223256,388.32944223256,382.52640635732,382.52640635732,382.52640635732,386.20006594491,0.031272603023836,0.046494124753687,0.03002775989259,0.037773517518148,415.83471488013,0.14210533155723,0.067009707042181,0.02334026497015,415.74072927268,-0.0033620987395459,0.14859847537959,0,2.1546814486736e-15,5.1758777260363e-19,0,0,5.7131851891617e-19,5.1127217361225e-19,5.6850797375609e-19,0,5.711829811465e-19,4.7929792922815e-19,0,4.8985957626625e-19,4.9126533702378e-19,2.0080532512054e-16,0,0,2.0444068473637e-16,2.0186713904463e-16,2.0402303706608e-16,0,2.0283096932742e-16,2.0000052573652e-16,0,1.996996488883e-16,2.0013842223362e-16
3.9,871916409.05081,871916409.05081,871916409.05081,294138631.27303,294138631.27303,294138631.27303,1,1,1,198442975.02049,3.2679993596331e-05,0.00011482753689748,3.2677619262652e-05,1.0359117032069,282.04033397978,282.04033397978,280.89857428243,280.89857428243,282.04033397978,283.05888461519,283.05888461519,283.05888461519,277.2135311517,277.2135311517,277.2135311517,280.89857428243,0.0027826897672394,-2.8855848041029e-27,1.2267891191017e-26,-0.0028499265611516,-0.0028576223974947,-0.0026729066248379,2.0324231223447e-24,-0.0027435619756522,-0.0034468418650624,-3.8928737247985e-28,-0.0034839099831882,0.002955291281913,387.08786734324,387.08786734324,385.94610764589,385.94610764589,387.08786734324,388.10641797865,388.10641797865,388.10641797865,382.26106451516,382.26106451516,382.26106451516,385.94610764589,0.030872451152422,0.047106475077804,0.030443076002107,0.038254684418821,415.40047441861,0.14901843860286,0.079688703960272,0.021166975461955,415.3087211695,-0.00039059190164826,0.15640108470916,0,2.1728331794677e-15,5.1140814074347e-19,0,0,5.6743900260632e-19,5.0562096433354e-19,5.6311982628092e-19,0,5.6476509230699e-19,4.7244530757346e-19,0,4.8267031615262e-19,4.842790868836e-19,2.0152856544908e-16,0,0,2.0524316466968e-16,2.0258219506981e-16,2.0481940876165e-16,0,2.0362966778051e-16,2.0066866429797e-16,0,2.0038224779556e-16,2.0082329628626e-16
3.95,867745504.7122,867745504.7122,867745504.7122,289967726.93442,289967726.93442,289967726.93442,1,1,1,200142698.12711,3.315350493245e-05,0.00011630357397906,3.3153256153658e-05,1.0364125552323,281.34787565413,281.34787565413,280.20039648548,280.20039648548,281.34787565413,282.39070982091,282.39070982091,282.39070982091,276.50614544082,276.50614544082,276.50614544082,280.20039648548,0.0027810067341942,-2.4573610212377e-27,1.2693514559395e-26,-0.0028484162039735,-0.0028610450177312,-0.0026678749243485,1.914548062863e-24,-0.0027386369503043,-0.0034447917767627,-5.4586778290402e-28,-0.0034787678940729,0.0029513672831708,386.84799717824,386.84799717824,385.70051800959,385.70051800959,386.84799717824,387.89083134503,387.89083134503,387.89083134503,382.00626696493,382.00626696493,382.00626696493,385.70051800959,0.031190536513501,0.047718826212934,0.030858447666248,0.038735621383288,415.00244308563,0.14483165710013,0.073510318754129,0.023455229973579,414.90222015361,-0.003032284168911,0.15383089813979,0,2.1904568038877e-15,5.0775450745044e-19,0,0,5.6279294054516e-19,4.9995959823074e-19,5.5917054533346e-19,0,5.5992651254035e-19,4.6678903820619e-19,0,4.772267451254e-19,4.790620718867e-19,2.0224663875988e-16,0,0,2.06039074079e-16,2.0328924471427e-16,2.0561019533054e-16,0,2.0442152344848e-16,2.0132880368657e-16,0,2.0105714833084e-16,2.0150079236554e-16
4,863680426.75276,863680426.75276,863680426.75276,285902648.97498,285902648.97498,285902648.97498,1,1,1,201788663.39576,3.3625748049042e-05,0.00011777969180489,3.3627366124734e-05,1.0369132721854,280.67084585593,280.67084585593,279.51759288884,279.51759288884,280.67084585593,281.73805726961,281.73805726961,281.73805726961,275.81627611035,275.81627611035,275.81627611035,279.51759288884,0.0027808540478631,-1.7003696483623e-27,1.2995301150831e-26,-0.0028471109782655,-0.0028630816738621,-0.0026636257617475,1.816208143125e-24,-0.0027369127928485,-0.0034429366636473,-7.278426399904e-28,-0.0034732128429779,0.0029488948495305,386.61533971402,386.61533971402,385.46208674693,385.46208674693,386.61533971402,387.6825511277,387.6825511277,387.6825511277,381.76076996844,381.76076996844,381.76076996844,385.46208674693,0.030794478166107,0.048331176171811,0.031273881742709,0.039216322948817,414.62030370746,0.14224638562198,0.072423876367205,0.023921640754341,414.51260518277,-0.001189960953062,0.15116859930741,0,2.2077134073203e-15,5.0424290707711e-19,0,0,5.5920306559613e-19,4.9485061247426e-19,5.5562793710487e-19,0,5.5496123736819e-19,4.6133058082724e-19,0,4.7201060661034e-19,4.7392374478625e-19,2.029597459178e-16,0,0,2.0682990663849e-16,2.0398906916178e-16,2.0639597189482e-16,0,2.0520635715696e-16,2.0198122365071e-16,0,2.0172467213229e-16,2.0217102175295e-16
4.05,859718212.46016,859718212.46016,859718212.46016,281940434.68237,281940434.68237,281940434.68237,1,1,1,203394198.37504,3.4097194143906e-05,0.00011925586602674,3.4100387975119e-05,1.0374138602247,280.0089275443,280.0089275443,278.8498412742,278.8498412742,280.0089275443,281.10033456866,281.10033456866,281.10033456866,275.14358745292,275.14358745292,275.14358745292,278.8498412742,0.0027808538735681,-5.5038364396093e-28,1.3668714841368e-26,-0.0028459950947525,-0.0028644916153785,-0.0026596547056653,1.7242129669816e-24,-0.0027358156709115,-0.0034405639791385,-9.425502533291e-28,-0.0034675927463093,0.0029466292533401,386.38972215491,386.38972215491,385.23063588481,385.23063588481,386.38972215491,387.48112917928,387.48112917928,387.48112917928,381.52438206353,381.52438206353,381.52438206353,385.23063588481,0.030621223240746,0.048943505861941,0.031689355507252,0.039696789221484,414.25213694831,0.14465888230367,0.072634855006479,0.024655632465847,414.14218344992,0.0012452474208325,0.15344219441067,0,2.2246516578523e-15,5.0095135718413e-19,0,0,5.5602282103653e-19,4.9008609932467e-19,5.5244535665484e-19,0,5.5018152942266e-19,4.5612004245652e-19,0,4.670951044747e-19,4.6904306919078e-19,2.0366819812121e-16,0,0,2.0761624165299e-16,2.0468215557017e-16,2.0717724761068e-16,0,2.0598443133763e-16,2.0262627480083e-16,0,2.0238524436396e-16,2.0283434882273e-16
4.1,855855748.60414,855855748.60414,855855748.60414,278077970.82636,278077970.82636,278077970.82636,1,1,1,204962227.04422,3.4572422614116e-05,0.00012073188759066,3.457517165499e-05,1.0379143478528,279.36177364126,279.36177364126,278.19675863209,278.19675863209,279.36177364126,280.47709839713,280.47709839713,280.47709839713,274.48764107486,274.48764107486,274.48764107486,278.19675863209,0.002780010870832,-1.9484533983225e-28,1.2415164788278e-26,-0.0028451731117263,-0.0028626631846615,-0.0026576230077152,2.426417511988e-24,-0.0027386984482535,-0.0034360444543074,-1.1974777791593e-27,-0.0034620403310917,0.0029454196141581,386.17092439428,386.17092439428,385.00590938511,385.00590938511,386.17092439428,387.28624915016,387.28624915016,387.28624915016,381.29679182789,381.29679182789,381.29679182789,385.00590938511,0.030486497927812,0.049555795553102,0.032104810598861,0.040177016538875,413.89473880707,0.1502610846941,0.079760946375698,0.02689704095688,413.78595962974,0.0061376848635931,0.15914326439173,0,2.2424551806582e-15,4.9730457016381e-19,0,0,5.5375352379971e-19,4.8561878593315e-19,5.4962374771684e-19,0,5.4643744571427e-19,4.5113863856274e-19,0,4.6241931844114e-19,4.6424055512067e-19,2.0437149298897e-16,0,0,2.0839936739656e-16,2.0536892424338e-16,2.079545329689e-16,0,2.0675721058435e-16,2.0326428118199e-16,0,2.030392040356e-16,2.0349088411199e-16
4.15,852091316.89431,852091316.89431,852091316.89431,274313539.11652,274313539.11652,274313539.11652,1,1,1,206500494.11102,3.504216918285e-05,0.00012220836064094,3.5045274380214e-05,1.0384146871942,278.72935023792,278.72935023792,277.55825862274,277.55825862274,278.72935023792,279.86781316952,279.86781316952,279.86781316952,273.8482860109,273.8482860109,273.8482860109,277.55825862274,0.0027806111135961,2.3859083101592e-27,1.6950527563091e-26,-0.0028445748013106,-0.0028665932607179,-0.0026510985128289,1.5575821667227e-24,-0.0027346101055214,-0.0034348717447885,-1.4735278186157e-27,-0.0034571034719945,0.0029424826186323,385.95891304231,385.95891304231,384.78782142713,384.78782142713,385.95891304231,387.09737597391,387.09737597391,387.09737597391,381.07784881529,381.07784881529,381.07784881529,384.78782142713,0.030489547926389,0.050168085654736,0.032520354446104,0.040657014343339,413.55616041166,0.14974014564085,0.07628893931342,0.023803035247973,413.445028663,0.0047029055579957,0.16302277873026,0,2.2587218826312e-15,4.9533971548617e-19,0,0,5.5041183101608e-19,4.8151825208806e-19,5.4688650613109e-19,0,5.4094844975917e-19,4.4691883614711e-19,0,4.5791598538287e-19,4.602122152095e-19,2.0507200913259e-16,0,0,2.0917776727287e-16,2.0604989388602e-16,2.0872794728295e-16,0,2.0752222721854e-16,2.0389631986135e-16,0,2.0368679503256e-16,2.0414172246831e-16
4.2,848418647.85041,848418647.85041,848418647.85041,270640870.07263,270640870.07263,270640870.07263,1,1,1,207996331.92084,3.5508989997728e-05,0.00012368484776615,3.5513243543997e-05,1.0389148928132,278.1106028125,278.1106028125,276.93320856393,276.93320856393,278.1106028125,279.27233647756,279.27233647756,279.27233647756,273.22434339588,273.22434339588,273.22434339588,276.93320856393,0.0027797040426182,4.7501870987723e-27,2.0418058212144e-26,-0.0028445023339674,-0.0028695018190772,-0.002647714278547,1.4314403782616e-24,-0.0027326433584685,-0.0034330749331464,-1.8879083469322e-27,-0.0034502507951137,0.0029393617144668,385.75308599786,385.75308599786,384.57569174928,384.57569174928,385.75308599786,386.91481966291,386.91481966291,386.91481966291,380.86682658123,380.86682658123,380.86682658123,384.57569174928,0.030227340619837,0.050780318074794,0.032935831675391,0.041136778946221,413.23627384181,0.14388950835723,0.070844511272916,0.026599710597872,413.11335946005,0.0094951050147926,0.15334281871711,0,2.2745585511731e-15,4.9357221578066e-19,0,0,5.4843236116077e-19,4.7785704624131e-19,5.448413703089e-19,0,5.3736320118856e-19,4.4241760436633e-19,0,4.5426136365969e-19,4.5641480389097e-19,2.0577002565416e-16,0,0,2.0995336775607e-16,2.0672568580169e-16,2.0949846933818e-16,0,2.0828217354558e-16,2.0452199283768e-16,0,2.0432921761391e-16,2.0478719047404e-16
4.25,844834652.00488,844834652.00488,844834652.00488,267056874.2271,267056874.2271,267056874.2271,1,1,1,209451824.23569,3.5975062448648e-05,0.00012516139633139,3.5979406119701e-05,1.039415012819,277.50528067548,277.50528067548,276.32126139406,276.32126139406,277.50528067548,278.6899295388,278.6899295388,278.6899295388,272.61545983501,272.61545983501,272.61545983501,276.32126139406,0.0027802123354651,7.7724413206859e-27,2.4130329947542e-26,-0.0028440639281128,-0.00287058353159,-0.0026428284655802,1.3647937526647e-24,-0.0027325896879784,-0.0034304391350955,-2.2936370307037e-27,-0.0034450597245691,0.0029379622432321,385.55325669762,385.55325669762,384.3692374162,384.3692374162,385.55325669762,386.73790556094,386.73790556094,386.73790556094,380.66343585715,380.66343585715,380.66343585715,384.3692374162,0.029985088262551,0.05139249094866,0.03335129048347,0.041616309338868,412.92444412592,0.13979646170663,0.072810124063524,0.023156205104055,412.79457871303,0.011824605085449,0.15114670497799,0,2.2901400883917e-15,4.9184493286404e-19,0,0,5.4628599716504e-19,4.7424816320185e-19,5.4277130677072e-19,0,5.3359914958462e-19,4.3856179381382e-19,0,4.5068086872335e-19,4.5273747688804e-19,2.064655994288e-16,0,0,2.107259328222e-16,2.0739637398602e-16,2.1026606388148e-16,0,2.090367966998e-16,2.0514221287443e-16,0,2.0496657661076e-16,2.0542745795405e-16
4.3,841337490.80874,841337490.80874,841337490.80874,263559713.03095,263559713.03095,263559713.03095,1,1,1,210873321.57619,3.6440995193809e-05,0.0001266380055726,3.6445398360502e-05,1.0399150208151,276.91315861252,276.91315861252,275.72224590848,275.72224590848,276.91315861252,278.12036675674,278.12036675674,278.12036675674,272.02132153158,272.02132153158,272.02132153158,275.72224590848,0.0027787519550901,1.0966796126254e-26,3.0392786185131e-26,-0.00284360140718,-0.002873486254804,-0.0026413811050374,1.264067991533e-24,-0.0027307084024506,-0.0034277448035754,-2.717086438316e-27,-0.0034382169460682,0.0029355789493722,385.35929730335,385.35929730335,384.1683845993,384.1683845993,385.35929730335,386.56650544757,386.56650544757,386.56650544757,380.46746022241,380.46746022241,380.46746022241,384.1683845993,0.029853101593836,0.052004585148756,0.033766669354226,0.042095605562241,412.62547316657,0.13823844396552,0.067809739930576,0.029843726933769,412.48817938117,0.0084646235738747,0.14418474450141,0,2.3054306676369e-15,4.8971472055473e-19,0,0,5.4471628024382e-19,4.7126192873505e-19,5.4062468980893e-19,0,5.3000470557755e-19,4.3469840113646e-19,0,4.4720084670851e-19,4.4936506098725e-19,2.071581606283e-16,0,0,2.1149627797336e-16,2.0806283899706e-16,2.1103062264997e-16,0,2.0978633654255e-16,2.0575696924886e-16,0,2.0559901411328e-16,2.0606295611775e-16
4.35,837924081.1403,837924081.1403,837924081.1403,260146303.36252,260146303.36252,260146303.36252,1,1,1,212261165.29488,3.6904617526202e-05,0.00012811468496921,3.6908743462238e-05,1.0404149208638,276.33381060224,276.33381060224,275.13579993058,275.13579993058,276.33381060224,277.56313624326,277.56313624326,277.56313624326,271.44153268239,271.44153268239,271.44153268239,275.13579993058,0.0027798132741774,1.5361236723058e-26,3.6190954336286e-26,-0.0028442542796225,-0.0028732786879348,-0.0026353613613441,1.1898880475254e-24,-0.0027317434333491,-0.0034237830639493,-3.3284775305534e-27,-0.0034330255841915,0.0029340957401472,385.17090327129,385.17090327129,383.97289259962,383.97289259962,385.17090327129,386.40022891231,386.40022891231,386.40022891231,380.27862535144,380.27862535144,380.27862535144,383.97289259962,0.02971209117604,0.052616584230562,0.034181984326557,0.042574669092791,412.3384624371,0.13544685649995,0.073785820753077,0.025156665426056,412.19731430417,0.015860986427288,0.14607285836196,0,2.3204175542254e-15,4.8853165981005e-19,0,0,5.4320910390516e-19,4.6792630034441e-19,5.3950403482568e-19,0,5.2611162822334e-19,4.3123846245969e-19,0,4.4390367332824e-19,4.4613146060587e-19,2.0784904872726e-16,0,0,2.1226449165531e-16,2.087245867172e-16,2.1179359657297e-16,0,2.105303707425e-16,2.0636683253108e-16,0,2.0622678870849e-16,2.0669388127994e-16
4.4,834591820.21646,834591820.21646,834591820.21646,256814042.43867,256814042.43867,256814042.43867,1,1,1,213616261.38101,3.7369138559438e-05,0.00012959199634957,3.7370725847377e-05,1.0409146947956,275.76699363745,275.76699363745,274.56143526103,274.56143526103,275.76699363745,277.01800272558,277.01800272558,277.01800272558,270.87564665724,270.87564665724,270.87564665724,274.56143526103,0.0027784797819736,2.1710990348204e-26,4.5292979618628e-26,-0.0028454092999124,-0.0028741111153765,-0.0026329320311518,9.9230220752618e-25,-0.0027329595228622,-0.0034189695629529,-4.1197108469709e-27,-0.0034251453348612,0.0029323465241317,384.98796818303,384.98796818303,383.78240980661,383.78240980661,384.98796818303,386.23897727116,386.23897727116,386.23897727116,380.09662120282,380.09662120282,380.09662120282,383.78240980661,0.029574152671442,0.053228465460161,0.034597125946757,0.043053500249525,412.07025694233,0.11810423886376,0.082206777654484,0.03480574839034,411.91142190364,0.024776087095311,0.13423717247347,0,2.3349997560784e-15,4.8776053151583e-19,0,0,5.4290348022158e-19,4.6509933404122e-19,5.3989814135244e-19,0,5.2123203325527e-19,4.285175730993e-19,0,4.4032137603947e-19,4.4379659593911e-19,2.0853884628612e-16,0,0,2.130322731201e-16,2.0938233650325e-16,2.1255712784677e-16,0,2.1126750415308e-16,2.0697284789468e-16,0,2.0684949717028e-16,2.0732150444486e-16
4.45,831336953.48532,831336953.48532,831336953.48532,253559175.70754,253559175.70754,253559175.70754,1,1,1,214938688.53648,3.7830435395207e-05,0.00013106842948826,3.7831268543948e-05,1.0414144027687,275.21216815956,275.21216815956,273.99862356772,273.99862356772,275.21216815956,276.48426174258,276.48426174258,276.48426174258,270.32327270041,270.32327270041,270.32327270041,273.99862356772,0.0027781623286312,2.5153681905333e-26,5.262305164602e-26,-0.0028453781191691,-0.0028766554676087,-0.0026294658755913,1.0314166181389e-24,-0.0027306693357307,-0.0034169206980564,-4.6554473892223e-27,-0.0034209898728803,0.0029300235117938,384.81008158893,384.81008158893,383.59653699708,383.59653699708,384.81008158893,386.08217517194,386.08217517194,386.08217517194,379.92118612977,379.92118612977,379.92118612977,383.59653699708,0.029421234818793,0.053840239003298,0.035012251668035,0.043532097644202,411.79998838254,0.1360596897148,0.070577213239178,0.03019112237523,411.65270422134,0.016708275161325,0.14393477503509,0,2.3494259645364e-15,4.8594553473754e-19,0,0,5.4069071515904e-19,4.62497589022e-19,5.3665458673041e-19,0,5.1970330979363e-19,4.2445974912195e-19,0,4.3828981105383e-19,4.4016580556654e-19,2.0922607705192e-16,0,0,2.1379692526253e-16,2.1003640686621e-16,2.1331607204164e-16,0,2.120024756222e-16,2.0757312462857e-16,0,2.0746933256533e-16,2.0794399289678e-16
4.5,828158515.94903,828158515.94903,828158515.94903,250380738.17125,250380738.17125,250380738.17125,1,1,1,216228720.60074,3.8297422718974e-05,0.0001325449909319,3.8294164488571e-05,1.0419140235538,274.66925681918,274.66925681918,273.44740592338,273.44740592338,274.66925681918,275.9620276684,275.9620276684,275.9620276684,269.78390432103,269.78390432103,269.78390432103,273.44740592338,0.002778049539911,3.069266419405e-26,5.5891135316891e-26,-0.0028450089998795,-0.0028744719156321,-0.0026282761073108,1.064660167362e-24,-0.0027346336831138,-0.0034107627989952,-5.3172322380046e-27,-0.0034148491082381,0.0029287281732513,384.63733482324,384.63733482324,383.41548392743,383.41548392743,384.63733482324,385.93010567245,385.93010567245,385.93010567245,379.75198232508,379.75198232508,379.75198232508,383.41548392743,0.029256375776744,0.054451886101107,0.035427225952181,0.044010457383398,411.54317272272,0.13880342630732,0.074586130970541,0.034837845555291,411.39625037351,0.019299498061366,0.14693714904868,0,2.3642034301365e-15,4.8425458049981e-19,0,0,5.4039296398371e-19,4.602008903774e-19,5.3571985172693e-19,0,5.1724185249492e-19,4.2113848788859e-19,0,4.353929447858e-19,4.3778941407714e-19,2.099109164473e-16,0,0,2.145611563212e-16,2.106872292068e-16,2.1407369432158e-16,0,2.1273396606502e-16,2.0816870438978e-16,0,2.080850711728e-16,2.0856312062363e-16
4.55,825055093.40736,825055093.40736,825055093.40736,247277315.62958,247277315.62958,247277315.62958,1,1,1,217496378.30997,3.8750358307852e-05,0.00013402215793994,3.8747261498621e-05,1.0424134273828,274.13809328658,274.13809328658,272.90774783903,272.90774783903,274.13809328658,275.45071687434,275.45071687434,275.45071687434,269.25758259993,269.25758259993,269.25758259993,272.90774783903,0.0027762637631885,3.2632201073627e-26,6.4639252946725e-26,-0.0028482041980241,-0.002881406284435,-0.0026190696157864,8.9969257582885e-25,-0.0027268281615285,-0.0034094153946417,-6.4073745128827e-27,-0.0034090396052241,0.0029258029112872,384.46947604249,384.46947604249,383.23913059494,383.23913059494,384.46947604249,385.78209963025,385.78209963025,385.78209963025,379.58896535584,379.58896535584,379.58896535584,383.23913059494,0.029306394318075,0.055063359206324,0.035841980084159,0.044488597116343,411.31376948509,0.13757211527754,0.070615825351865,0.030600529544973,411.16612560168,0.017571630084264,0.15132995537208,0,2.3780410204031e-15,4.8540970806391e-19,0,0,5.3876108555528e-19,4.5751356622181e-19,5.3559986537627e-19,0,5.1303057127401e-19,4.1984935781015e-19,0,4.3335669405955e-19,4.3640729529547e-19,2.1059738943975e-16,0,0,2.1532307955527e-16,2.1133425109712e-16,2.148311469152e-16,0,2.1345950085683e-16,2.0876246104574e-16,0,2.0869793008689e-16,2.0918029373936e-16
4.6,822018223.67142,822018223.67142,822018223.67142,244240445.89363,244240445.89363,244240445.89363,1,1,1,218722969.64232,3.9211193957875e-05,0.000135499069314,3.9204283230192e-05,1.0429128898961,273.61738957963,273.61738957963,272.37771900698,272.37771900698,273.61738957963,274.95006908246,274.95006908246,274.95006908246,268.74270886982,268.74270886982,268.74270886982,272.37771900698,0.0027761451896662,4.1580306218566e-26,6.7105607245806e-26,-0.002848242592633,-0.0028796735502218,-0.0026193303703593,8.1740537856515e-25,-0.00273210063358,-0.0034053455685112,-7.8076073206653e-27,-0.0034027311455067,0.0029258368665563,384.30580967146,384.30580967146,383.0661390988,383.0661390988,384.30580967146,385.63848917428,385.63848917428,385.63848917428,379.43112896164,379.43112896164,379.43112896164,383.0661390988,0.028907589507638,0.055674764166949,0.036256682104928,0.044966496714051,411.07721001284,0.13032953962939,0.070844951141686,0.032579701829116,410.91720632449,0.022333637392261,0.13778569663979,0,2.3916738405262e-15,4.8408161789794e-19,0,0,5.3908879607859e-19,4.5598969216838e-19,5.3427781231456e-19,0,5.1105146311245e-19,4.162591998231e-19,0,4.3116156310527e-19,4.3301301514198e-19,2.1128198422908e-16,0,0,2.1608546624201e-16,2.1197911790409e-16,2.1558672984345e-16,0,2.1418223676703e-16,2.093511404516e-16,0,2.09307684617e-16,2.0979266661806e-16
4.65,819051476.62073,819051476.62073,819051476.62073,241273698.84294,241273698.84294,241273698.84294,1,1,1,219927782.51946,3.9680208385981e-05,0.00013697558223878,3.9664664380115e-05,1.0434122227138,273.10788277954,273.10788277954,271.85855373686,271.85855373686,273.10788277954,274.45956886214,274.45956886214,274.45956886214,268.24007855232,268.24007855232,268.24007855232,271.85855373686,0.0027757826672401,4.3034915394325e-26,5.988403106223e-26,-0.0028477679258431,-0.0028739334407905,-0.002619078458384,8.0795487201414e-25,-0.0027378836787232,-0.0033979479427183,-8.9296890750671e-27,-0.0033961041541731,0.0029251699045107,384.14682335134,384.14682335134,382.89749430866,382.89749430866,384.14682335134,385.49850943394,385.49850943394,385.49850943394,379.27901912411,379.27901912411,379.27901912411,382.89749430866,0.028941447724804,0.056285894947243,0.03667110352167,0.045444156456757,410.84454107236,0.16215596500508,0.076444347615445,0.034724444900497,410.71415958924,0.02808397505197,0.16784001033375,0,2.4053569508351e-15,4.8207276968988e-19,0,0,5.3937781864284e-19,4.5439018309597e-19,5.3300517823921e-19,0,5.0847936798457e-19,4.1303268537106e-19,0,4.2863606664345e-19,4.3046220728437e-19,2.1196373807802e-16,0,0,2.1684826166838e-16,2.1262172266363e-16,2.1634051299533e-16,0,2.1490133518542e-16,2.0993525687695e-16,0,2.0991386755577e-16,2.1040143210969e-16
4.7,816154034.28267,816154034.28267,816154034.28267,238376256.50488,238376256.50488,238376256.50488,1,1,1,221121006.69729,4.0131878165285e-05,0.00013845274278153,4.0115201989978e-05,1.0439113869324,272.60945030352,272.60945030352,271.35023765247,271.35023765247,272.60945030352,273.97913459987,273.97913459987,273.97913459987,267.74957134016,267.74957134016,267.74957134016,271.35023765247,0.0027713727177637,4.9010053735881e-26,6.2280698733316e-26,-0.0028509457303692,-0.0028820216636258,-0.0026121986166941,6.0381896022149e-25,-0.0027307325829841,-0.0033973770928674,-1.1071763015304e-26,-0.0033903981788863,0.0029221083023584,383.99228484112,383.99228484112,382.73307219007,382.73307219007,383.99228484112,385.36196913747,385.36196913747,385.36196913747,379.13240587776,379.13240587776,379.13240587776,382.73307219007,0.029217867339432,0.056896926242373,0.037085323441742,0.045921598905897,410.64914226433,0.13574590732736,0.065461508465756,0.036671522297979,410.4905523471,0.022363326213806,0.14126265588045,0,2.4181303534278e-15,4.8352896361241e-19,0,0,5.3924660088192e-19,4.5274312605271e-19,5.3316520477777e-19,0,5.0449771483364e-19,4.1175060364335e-19,0,4.27047613195e-19,4.2951901116831e-19,2.1264755129617e-16,0,0,2.1761087152481e-16,2.1326199813277e-16,2.1709452245891e-16,0,2.1561480269593e-16,2.1051756016494e-16,0,2.1051780408213e-16,2.1100886372058e-16
4.75,813315735.89823,813315735.89823,813315735.89823,235537958.12044,235537958.12044,235537958.12044,1,1,1,222253343.4261,4.0584949018998e-05,0.00013992971142188,4.0565808183214e-05,1.0444104997577,272.12055277164,272.12055277164,270.85054273121,270.85054273121,272.12055277164,273.50814628142,273.50814628142,273.50814628142,267.26932776655,267.26932776655,267.26932776655,270.85054273121,0.0027684843795241,4.7055835725723e-26,4.4103538160617e-26,-0.0028536602728918,-0.0028784030802068,-0.002611469239528,6.6219382482157e-25,-0.0027347277968873,-0.0033937507821431,-1.3666185414287e-26,-0.0033847325977634,0.0029201998501772,383.84141171175,383.84141171175,382.57140167132,382.57140167132,383.84141171175,385.22900522153,385.22900522153,385.22900522153,378.99018670667,378.99018670667,378.99018670667,382.57140167132,0.028990438418947,0.05750771225626,0.037499250403557,0.046398806511086,410.45698395153,0.11529985767068,0.055796332734433,0.043660294450928,410.2749794163,0.032610664912138,0.1185446858163,0,2.431121249727e-15,4.8445806907784e-19,0,0,5.3885683995057e-19,4.5076289439749e-19,5.3331683419621e-19,0,5.0432802187713e-19,4.0968483005312e-19,0,4.267958945185e-19,4.281799546669e-19,2.1333267846786e-16,0,0,2.1837293017605e-16,2.1389947313144e-16,2.1784874635888e-16,0,2.1632803022435e-16,2.110969420079e-16,0,2.1112138462453e-16,2.116144016196e-16
4.8,810538354.98716,810538354.98716,810538354.98716,232760577.20937,232760577.20937,232760577.20937,1,1,1,223378405.71982,4.1060744460138e-05,0.00014140663543627,4.1027564074139e-05,1.0449097441898,271.6416351298,271.6416351298,270.36028315531,270.36028315531,271.6416351298,273.0461752181,273.0461752181,273.0461752181,266.79968404842,266.79968404842,266.79968404842,270.36028315531,0.0027730180299997,5.6713653347153e-26,8.2109551168092e-27,-0.0028528207607524,-0.0028699359640893,-0.0026140417347816,5.664424082998e-25,-0.0027482648345631,-0.0033830190562161,-1.5809515428451e-26,-0.0033781847147094,0.0029220492499709,383.69439819485,383.69439819485,382.41304622035,382.41304622035,383.69439819485,385.09893828315,385.09893828315,385.09893828315,378.85244711347,378.85244711347,378.85244711347,382.41304622035,0.028969213497539,0.058118355235304,0.037913112626902,0.046875763113856,410.23665861929,0.12425182383902,0.079461896786685,0.036421286758402,410.06132910785,0.042591331196029,0.12566453433712,0,2.4442739182669e-15,4.8139196881477e-19,0,0,5.4074301277521e-19,4.5099060579152e-19,5.3218434940831e-19,0,5.0226847403777e-19,4.0592991003008e-19,0,4.2380779954238e-19,4.2552409517575e-19,2.1401346951897e-16,0,0,2.1913765627847e-16,2.1453727016265e-16,2.1860136868349e-16,0,2.1703834511229e-16,2.1167101359204e-16,0,2.1172073936248e-16,2.1221618356612e-16
4.85,807826872.10914,807826872.10914,807826872.10914,230049094.33136,230049094.33136,230049094.33136,1,1,1,224509491.92602,4.1511460583789e-05,0.00014288367811029,4.1473165402203e-05,1.0454086444523,271.17329372558,271.17329372558,269.88065089398,269.88065089398,271.17329372558,272.59344398519,272.59344398519,272.59344398519,266.3418319802,266.3418319802,266.3418319802,269.88065089398,0.0027688979066483,5.6491947257911e-26,-1.6046767216763e-26,-0.0028569037030747,-0.0028813471404766,-0.0026016688021702,5.303593184741e-25,-0.0027347426622103,-0.0033813454075259,-1.9037422874907e-26,-0.0033750176608996,0.0029170998457537,383.55155121684,383.55155121684,382.25890838523,382.25890838523,383.55155121684,384.97170147644,384.97170147644,384.97170147644,378.72008947145,378.72008947145,378.72008947145,382.25890838523,0.029333327741306,0.058728755770777,0.038326735068856,0.047352513114511,410.05880741396,0.13101532505326,0.068538926182663,0.037517603098015,409.89514694184,0.027076137844389,0.14234534784456,0,2.4567814926411e-15,4.8270987717572e-19,0,0,5.3894590238043e-19,4.4821544554165e-19,5.3219358786796e-19,0,4.9907717112485e-19,4.0506914900793e-19,0,4.2271790810995e-19,4.2419648011287e-19,2.1469612437396e-16,0,0,2.19899840883e-16,2.151711425246e-16,2.1935400407326e-16,0,2.1774414681636e-16,2.1224386787626e-16,0,2.1231855276119e-16,2.128160879814e-16
4.9,805168772.31906,805168772.31906,805168772.31906,227390994.54128,227390994.54128,227390994.54128,1,1,1,225576423.48819,4.1957616463656e-05,0.00014436086007394,4.1915824422102e-05,1.0459073949426,270.71355266235,270.71355266235,269.40868614525,269.40868614525,270.71355266235,272.14987411931,272.14987411931,272.14987411931,265.89313568144,265.89313568144,265.89313568144,269.40868614525,0.0027664732587005,6.5325143395132e-26,-4.5133376802175e-26,-0.002860704128647,-0.0028814309738486,-0.0025970126580364,4.4509549227514e-25,-0.0027335358762653,-0.0033789629592662,-2.4737522194499e-26,-0.0033671128448179,0.0029155898677323,383.41187727006,383.41187727006,382.10701075296,382.10701075296,383.41187727006,384.84819872701,384.84819872701,384.84819872701,378.59146028915,378.59146028915,378.59146028915,382.10701075296,0.029184082459915,0.059338836227086,0.038739896386136,0.047829035535133,409.9062418234,0.12661269756831,0.063011745880211,0.038877556570417,409.73176890989,0.042461141769552,0.12799034331858,0,2.4690202453015e-15,4.852669499164e-19,0,0,5.4065097258103e-19,4.4757630404477e-19,5.3465653652673e-19,0,4.9757520985637e-19,4.0344161911025e-19,0,4.2290419797189e-19,4.2339997159012e-19,2.1538239547591e-16,0,0,2.2066443682094e-16,2.1580411100398e-16,2.2011012259843e-16,0,2.1844782442644e-16,2.1281442048563e-16,0,2.1291662961354e-16,2.1341486596354e-16
4.95,802562572.39101,802562572.39101,802562572.39101,224784794.61323,224784794.61323,224784794.61323,1,1,1,226612363.07245,4.2411915001768e-05,0.00014583804315815,4.2361903668189e-05,1.046406342957,270.26245226968,270.26245226968,268.94445835313,268.94445835313,270.26245226968,271.71428970848,271.71428970848,271.71428970848,265.45365373457,265.45365373457,265.45365373457,268.94445835313,0.0027691697411422,6.262147675277e-26,-8.4630749658026e-26,-0.0028632178363279,-0.0028826039366957,-0.0025955050379324,3.9947959210542e-25,-0.0027379324785687,-0.0033722446798029,-2.933094178722e-26,-0.003362620526226,0.0029173466938234,383.27520818727,383.27520818727,381.95721427071,381.95721427071,383.27520818727,384.72704562606,384.72704562606,384.72704562606,378.46640965216,378.46640965216,378.46640965216,381.95721427071,0.029375508890921,0.059948887003318,0.039153130878859,0.048305318834317,409.71975470874,0.1238347809843,0.072398694665433,0.03828013446684,409.54561218652,0.032857564555953,0.13122546029184,0,2.4812248843064e-15,4.8366988860477e-19,0,0,5.4078850944682e-19,4.4623647951853e-19,5.326329860776e-19,0,4.9515134865329e-19,4.0170256570384e-19,0,4.2091864122463e-19,4.2118239929663e-19,2.1606640799208e-16,0,0,2.2142922726537e-16,2.1643518468534e-16,2.2086337939111e-16,0,2.1914807417914e-16,2.1338251370209e-16,0,2.1351189846462e-16,2.1401050782485e-16
5,800013136.18943,800013136.18943,800013136.18943,222235358.41165,222235358.41165,222235358.41165,1,1,1,227636673.35469,4.2863537502147e-05,0.00014731522032591,4.280601979902e-05,1.0469051373445,269.8204344423,269.8204344423,268.48925850059,268.48925850059,269.8204344423,271.28729789225,271.28729789225,271.28729789225,265.02420610707,265.02420610707,265.02420610707,268.48925850059,0.0027680218757349,6.291706963193e-26,-1.283187312128e-25,-0.0028660217765295,-0.002881066057495,-0.0025913430295382,3.4929600968093e-25,-0.0027386285220966,-0.0033662895853476,-3.6736880780696e-26,-0.0033561953649971,0.0029164990265572,383.14196585564,383.14196585564,381.81078991393,381.81078991393,383.14196585564,384.60882930559,384.60882930559,384.60882930559,378.34573752041,378.34573752041,378.34573752041,381.81078991393,0.029239093109041,0.060558639519963,0.039565997129581,0.048781374420875,409.55401291256,0.1226752762704,0.075980446376613,0.037476659238836,409.37778950112,0.03772653198798,0.12943565855446,0,2.4932923227058e-15,4.8419134974777e-19,0,0,5.4168463923252e-19,4.453128699031e-19,5.3301375826629e-19,0,4.9343580824225e-19,4.0001505614021e-19,0,4.2001412307602e-19,4.196454440989e-19,2.1675115796568e-16,0,0,2.221952850287e-16,2.1706495218546e-16,2.2161717467698e-16,0,2.1984589779131e-16,2.1394822041964e-16,0,2.1410588813386e-16,2.1460397610329e-16
5.05,797515962.74631,797515962.74631,797515962.74631,219738184.96852,219738184.96852,219738184.96852,1,1,1,228637759.36343,4.3310476219527e-05,0.00014879241328044,4.3245930830873e-05,1.0474037552929,269.3870537898,269.3870537898,268.04209612216,268.04209612216,269.3870537898,270.86835651115,270.86835651115,270.86835651115,264.6040202455,264.6040202455,264.6040202455,268.04209612216,0.0027656814623288,7.0570712691463e-26,-1.6134381575444e-25,-0.0028703200578182,-0.0028822852466395,-0.002585591902675,1.779856103009e-25,-0.0027378293961004,-0.0033598375681735,-4.5278232991832e-26,-0.0033486481299311,0.0029163518264782,383.01177653819,383.01177653819,381.66681887056,381.66681887056,383.01177653819,384.49307925954,384.49307925954,384.49307925954,378.2287429939,378.2287429939,378.2287429939,381.66681887056,0.029284032920483,0.061168038795047,0.039978403772184,0.049257203984663,409.40744703366,0.12713366618231,0.084736017515516,0.042766775946116,409.23728871533,0.044418766753778,0.13729475627972,0,2.504160213397e-15,4.8519405482315e-19,0,0,5.4476310702892e-19,4.4535006569951e-19,5.3438873746701e-19,0,4.870901956306e-19,3.9887780708206e-19,0,4.1822100666289e-19,4.1858436410428e-19,2.174373259784e-16,0,0,2.2296569640294e-16,2.1769477228837e-16,2.2237291447709e-16,0,2.2053474735207e-16,2.1451231882414e-16,0,2.1469734195355e-16,2.15195943788e-16
5.1,795067341.07309,795067341.07309,795067341.07309,217289563.2953,217289563.2953,217289563.2953,1,1,1,229601891.36157,4.3759763484071e-05,0.00015026958638733,4.3686614257674e-05,1.0479024094186,268.9616467466,268.9616467466,267.60225415386,267.60225415386,268.9616467466,270.4570395691,270.4570395691,270.4570395691,264.19257109613,264.19257109613,264.19257109613,267.60225415386,0.0027633338732791,4.6060126708382e-26,-2.0225836574435e-25,-0.0028719459170679,-0.0028814322383679,-0.0025853273481994,1.6731617915292e-25,-0.0027418333880223,-0.0033552151187317,-5.5769665664832e-26,-0.0033437413188489,0.0029158670641186,382.88416546875,382.88416546875,381.524772876,381.524772876,382.88416546875,384.37955829125,384.37955829125,384.37955829125,378.11508981828,378.11508981828,378.11508981828,381.524772876,0.029397153698342,0.061777263296252,0.040390648886772,0.049732801709223,409.25785535461,0.1191377220984,0.073959851590988,0.043220527214463,409.07986924818,0.040636017892378,0.12997920162679,0,2.5150559114786e-15,4.8506124543728e-19,0,0,5.4494336720821e-19,4.4422552554744e-19,5.3387901086051e-19,0,4.8770048077255e-19,3.9765666876591e-19,0,4.1806285809109e-19,4.1820724601432e-19,2.1812330617027e-16,0,0,2.2373636270358e-16,2.1832300205135e-16,2.2312793341491e-16,0,2.2122445998636e-16,2.1507469027828e-16,0,2.1528857211739e-16,2.157873781472e-16
5.15,792667914.07439,792667914.07439,792667914.07439,214890136.29661,214890136.29661,214890136.29661,1,1,1,230560549.31557,4.4213988131702e-05,0.0001517466590777,4.4129448560638e-05,1.0484010141568,268.5444825297,268.5444825297,267.17024019973,267.17024019973,268.5444825297,270.05314277625,270.05314277625,270.05314277625,263.78973800347,263.78973800347,263.78973800347,267.17024019973,0.0027626676674216,2.0600059779853e-26,-2.5801374063134e-25,-0.0028732968845337,-0.0028781297647814,-0.0025859828103166,1.7657093670731e-25,-0.0027452959975901,-0.0033479354810994,-6.80603471323e-26,-0.0033399405169976,0.0029133720863256,382.7594474915,382.7594474915,381.38520516153,381.38520516153,382.7594474915,384.26810773806,384.26810773806,384.26810773806,378.00470296527,378.00470296527,378.00470296527,381.38520516153,0.029349271276443,0.062386201329853,0.040802644603337,0.050208165059174,409.1069069126,0.1349462426605,0.072292016438591,0.044949097113259,408.9428554732,0.036048468875383,0.14129470131816,0,2.5266215139503e-15,4.8433969857413e-19,0,0,5.4495044996661e-19,4.4352297183676e-19,5.3360639092583e-19,0,4.8936499405366e-19,3.9583632976592e-19,0,4.1807584431404e-19,4.1751443092685e-19,2.1880826594079e-16,0,0,2.2450703902074e-16,2.1895023825335e-16,2.2388256680993e-16,0,2.219165265979e-16,2.1563448738432e-16,0,2.1587982064652e-16,2.163778327179e-16
5.2,790317750.26917,790317750.26917,790317750.26917,212539972.49139,212539972.49139,212539972.49139,1,1,1,231506384.49368,4.4662762825225e-05,0.00015322390131849,4.4567967262236e-05,1.0488995409569,268.13548708361,268.13548708361,266.74622472987,266.74622472987,268.13548708361,269.65665298475,269.65665298475,269.65665298475,263.39557968606,263.39557968606,263.39557968606,266.74622472987,0.0027604193030036,1.2409456646314e-26,-3.0200035700381e-25,-0.0028780893559186,-0.0028790926751762,-0.0025799764889045,1.1999095769807e-25,-0.0027452785332774,-0.0033441228410275,-8.3183398659734e-26,-0.0033337436258951,0.0029130396701678,382.63750628338,382.63750628338,381.24824392964,381.24824392964,382.63750628338,384.15867218452,384.15867218452,384.15867218452,377.89759888583,377.89759888583,377.89759888583,381.24824392964,0.029233356800322,0.062994922573202,0.041214340516486,0.05068330455261,408.97274565486,0.11746271696531,0.07292770345142,0.043875318106202,408.79266020662,0.040673412717062,0.12642094962533,0,2.538030491536e-15,4.8562702453625e-19,0,0,5.4613719859568e-19,4.4289244424395e-19,5.3393435159436e-19,0,4.8742045409679e-19,3.948972768201e-19,0,4.1740322461784e-19,4.1641192640583e-19,2.1949504626515e-16,0,0,2.2527939365391e-16,2.1957658275467e-16,2.2463766401137e-16,0,2.2260584321466e-16,2.1619295646894e-16,0,2.1647011794775e-16,2.1696672811176e-16
5.25,788012258.2724,788012258.2724,788012258.2724,210234480.49461,210234480.49461,210234480.49461,1,1,1,232423293.3936,4.5121429370134e-05,0.00015470097650704,4.5009178200602e-05,1.0493979851692,267.73404098125,267.73404098125,266.32905026375,266.32905026375,267.73404098125,269.26721486604,269.26721486604,269.26721486604,263.00932969502,263.00932969502,263.00932969502,266.32905026375,0.0027587902107925,2.8006937642131e-26,-3.4295286858838e-25,-0.0028804874534899,-0.0028734850339782,-0.0025804908276503,3.9733060640779e-26,-0.0027517845378481,-0.0033358660590637,-1.0064447320712e-25,-0.0033279307620788,0.002911113147057,382.51807682016,382.51807682016,381.11308610265,381.11308610265,382.51807682016,384.05125070494,384.05125070494,384.05125070494,377.79336553392,377.79336553392,377.79336553392,381.11308610265,0.029352498774832,0.063603260417028,0.041625628646126,0.051158207906739,408.83866027397,0.13134369696235,0.072199733643829,0.045931610759384,408.67425417936,0.047762963431747,0.14233640707775,0,2.5492385054653e-15,4.8529733627792e-19,0,0,5.4803651088238e-19,4.4254554133827e-19,5.3376042091534e-19,0,4.867456733278e-19,3.9307745708245e-19,0,4.1735409292177e-19,4.1563126153366e-19,2.201813603399e-16,0,0,2.2605443432028e-16,2.202024366612e-16,2.2539251523769e-16,0,2.2329420554731e-16,2.1674885193981e-16,0,2.1706034576627e-16,2.1755451947876e-16
5.3,785752411.36589,785752411.36589,785752411.36589,207974633.58811,207974633.58811,207974633.58811,1,1,1,233329392.08249,4.5567188471959e-05,0.00015617810605032,4.5445101236951e-05,1.0498963891569,267.34024544929,267.34024544929,265.91927681305,265.91927681305,267.34024544929,268.88459469438,268.88459469438,268.88459469438,262.63121586207,262.63121586207,262.63121586207,265.91927681305,0.0027568576501445,-1.7710432217023e-26,-3.8326290736479e-25,-0.0028858494417164,-0.002877488558096,-0.0025735806524168,3.1277769141105e-26,-0.0027481518867745,-0.0033316943173711,-1.2483182198129e-25,-0.0033226971124908,0.002912616414158,382.40105513738,382.40105513738,380.98008650114,380.98008650114,382.40105513738,383.94540438247,383.94540438247,383.94540438247,377.69202555016,377.69202555016,377.69202555016,380.98008650114,0.02914373239692,0.064211406590329,0.042036697508747,0.05163289202398,408.71738874786,0.11598682299526,0.074886927358619,0.044507319574931,408.5360644653,0.040966540273683,0.12326085031622,0,2.5603707990859e-15,4.8631648775503e-19,0,0,5.4931429599052e-19,4.4259289651761e-19,5.344327997832e-19,0,4.8586251320876e-19,3.9254676588094e-19,0,4.1727388267467e-19,4.1460200706904e-19,2.2086911571248e-16,0,0,2.2683128204767e-16,2.2082835753807e-16,2.2614831735132e-16,0,2.2398131890294e-16,2.1730399689998e-16,0,2.1765046015038e-16,2.1814085526015e-16
5.35,783533724.84556,783533724.84556,783533724.84556,205755947.06778,205755947.06778,205755947.06778,1,1,1,234205892.53598,4.6015382099789e-05,0.0001576552492319,4.5880302981766e-05,1.0503947315936,266.95338701236,266.95338701236,265.51574498317,265.51574498317,266.95338701236,268.50869068375,268.50869068375,268.50869068375,262.26037722313,262.26037722313,262.26037722313,265.51574498317,0.0027553768060842,-3.5043867597666e-26,-4.2308995211567e-25,-0.0028895213346236,-0.002876534432871,-0.0025707160348591,-1.8376671392594e-26,-0.0027500883723049,-0.0033252137610683,-1.5362367785662e-25,-0.0033169161500399,0.0029120580361286,382.28620611489,382.28620611489,380.84856408571,380.84856408571,382.28620611489,383.84150978629,383.84150978629,383.84150978629,377.59319632567,377.59319632567,377.59319632567,380.84856408571,0.029398380347017,0.064819206648103,0.042447391488317,0.052107346647233,408.59789451741,0.11377438143698,0.075453730671279,0.045307322281123,408.41489691633,0.042008929408118,0.12093518258229,0,2.5714096203022e-15,4.8684813118455e-19,0,0,5.511092810673e-19,4.4244430787694e-19,5.3499811664777e-19,0,4.8490621606207e-19,3.9154306793432e-19,0,4.172872223872e-19,4.1396501837065e-19,2.2155762294242e-16,0,0,2.2761066826731e-16,2.2145406827886e-16,2.2690491894372e-16,0,2.2466707985017e-16,2.1785772241691e-16,0,2.1824059339968e-16,2.1872629020348e-16
5.4,781356344.40916,781356344.40916,781356344.40916,203578566.63137,203578566.63137,203578566.63137,1,1,1,235064783.64036,4.6462787794371e-05,0.00015913238453734,4.6314195370144e-05,1.0508930146082,266.57349240963,266.57349240963,265.11875456361,265.11875456361,266.57349240963,268.13921063242,268.13921063242,268.13921063242,261.89690056403,261.89690056403,261.89690056403,265.11875456361,0.0027536818713501,-5.6738069552342e-26,-4.5630851961615e-25,-0.0028931675925848,-0.0028758482549627,-0.0025679743619019,-7.6232627877729e-26,-0.0027514455219293,-0.0033192815565472,-1.8756368526817e-25,-0.0033115751444349,0.0029110363140436,382.17344317948,382.17344317948,380.71870533346,380.71870533346,382.17344317948,383.73916140227,383.73916140227,383.73916140227,377.49685133388,377.49685133388,377.49685133388,380.71870533346,0.029386235609885,0.065426691400671,0.042857736842176,0.052581573786007,408.484592376,0.11087310310942,0.074139421423368,0.047570219803958,408.29889293837,0.042006915083921,0.11678543164117,0,2.5822544811286e-15,4.8733184642629e-19,0,0,5.5296568068548e-19,4.4245042790247e-19,5.3537010225328e-19,0,4.8436362930595e-19,3.9038576952857e-19,0,4.1749975409493e-19,4.1347919374157e-19,2.2224681424901e-16,0,0,2.2839267983246e-16,2.2207978767468e-16,2.2766204660322e-16,0,2.2535207346385e-16,2.1840981126673e-16,0,2.1883102721421e-16,2.1931103808702e-16
5.45,779218829.99765,779218829.99765,779218829.99765,201441052.21987,201441052.21987,201441052.21987,1,1,1,235905347.92132,4.6914479961783e-05,0.00016060937557819,4.6750015345166e-05,1.0513912846505,266.20033790764,266.20033790764,264.72809947446,264.72809947446,266.20033790764,267.77595923821,267.77595923821,267.77595923821,261.54051682736,261.54051682736,261.54051682736,264.72809947446,0.0027519171245324,-8.8666916437044e-26,-4.8473367222338e-25,-0.0028980845881813,-0.0028712273029018,-0.0025664690998634,-1.2629737006867e-25,-0.0027572351479834,-0.0033106431046315,-2.283877262952e-25,-0.0033059648149043,0.0029119510739842,382.06264267535,382.06264267535,380.59040424217,380.59040424217,382.06264267535,383.63826400592,383.63826400592,383.63826400592,377.40282159507,377.40282159507,377.40282159507,380.59040424217,0.029381588737584,0.066033868521485,0.043267726326382,0.053055569568067,408.37172732444,0.10194330880543,0.08217567682066,0.048301056238335,408.18024867338,0.047010515732368,0.11231521882184,0,2.5930998185106e-15,4.8718294541969e-19,0,0,5.5526751488117e-19,4.4267061304867e-19,5.3578144084222e-19,0,4.8278278341711e-19,3.8986472689315e-19,0,4.1712072522479e-19,4.1284067401023e-19,2.2293579497778e-16,0,0,2.2917794668275e-16,2.2270581845932e-16,2.2841975598333e-16,0,2.2603483142384e-16,2.18961163251e-16,0,2.1942092500097e-16,2.1989488296731e-16
5.5,777120959.28479,777120959.28479,777120959.28479,199343181.50701,199343181.50701,199343181.50701,1,1,1,236733986.8399,4.73585126049e-05,0.0001620865575953,4.717975924379e-05,1.0518894371072,265.83388839103,265.83388839103,264.34383042023,264.34383042023,265.83388839103,267.41881599244,267.41881599244,267.41881599244,261.19121150486,261.19121150486,261.19121150486,264.34383042023,0.0027498050082999,-1.1388993253025e-25,-5.0964225160972e-25,-0.0029025549171424,-0.0028723899439619,-0.0025602353667872,-1.5934051695391e-25,-0.0027550721461933,-0.0033060892336307,-2.794888681966e-25,-0.003301188601302,0.0029112821067967,381.95376426869,381.95376426869,380.46370629789,380.46370629789,381.95376426869,383.5386918701,383.5386918701,383.5386918701,377.31108738252,377.31108738252,377.31108738252,380.46370629789,0.029260890405042,0.06664067261393,0.043677337677543,0.053529345412614,408.26954172806,0.10975051523122,0.079179745214216,0.043437223209714,408.08591537606,0.046326076072389,0.11902832367922,0,2.6037789564993e-15,4.8867629665668e-19,0,0,5.5676289326836e-19,4.4251774856628e-19,5.3666623350608e-19,0,4.8270976401591e-19,3.8907321573741e-19,0,4.1798880677205e-19,4.1244610132255e-19,2.2362688762413e-16,0,0,2.2996532831743e-16,2.2333163306093e-16,2.2917871664922e-16,0,2.267174861188e-16,2.1951139586945e-16,0,2.2001205044043e-16,2.2047816983755e-16
5.55,775059411.96371,775059411.96371,775059411.96371,197281634.18592,197281634.18592,197281634.18592,1,1,1,237537576.26659,4.7805788304054e-05,0.00016356359960364,4.7610708338101e-05,1.0523875873562,265.47371068504,265.47371068504,263.9651800751,263.9651800751,265.47371068504,267.06754851892,267.06754851892,267.06754851892,260.84831506642,260.84831506642,260.84831506642,263.9651800751,0.0027476334776972,-1.5917403713559e-25,-5.2934675583459e-25,-0.0029065461958328,-0.0028713077864638,-0.0025597310144245,-2.2007831707719e-25,-0.0027580665913528,-0.0032992561399844,-3.3830860783688e-25,-0.0032948967289824,0.0029112449611836,381.84666390213,381.84666390213,380.33813329219,380.33813329219,381.84666390213,383.44050173602,383.44050173602,383.44050173602,377.22126828352,377.22126828352,377.22126828352,380.33813329219,0.029415457615588,0.067247181080084,0.044086612888695,0.054002891348539,408.16779163672,0.10732197465507,0.077397392653865,0.048924994577296,407.98184658029,0.045088169545635,0.11448538056949,0,2.6143839360244e-15,4.887881441082e-19,0,0,5.5908121874428e-19,4.4283292581856e-19,5.3705558735967e-19,0,4.8225987371177e-19,3.8835058386499e-19,0,4.1824597658878e-19,4.1225224670517e-19,2.2431813844665e-16,0,0,2.3075598855945e-16,2.2395789339049e-16,2.2993822794461e-16,0,2.273995045728e-16,2.2006060653211e-16,0,2.2060353957293e-16,2.2106118255596e-16
5.6,773034459.02701,773034459.02701,773034459.02701,195256681.24922,195256681.24922,195256681.24922,1,1,1,238326563.20711,4.8255561601119e-05,0.00016504078042016,4.8040313195607e-05,1.0528857136558,265.11974660326,265.11974660326,263.59246998016,263.59246998016,265.11974660326,266.72193368704,266.72193368704,266.72193368704,260.51196696515,260.51196696515,260.51196696515,263.59246998016,0.0027450644523546,-2.2347520835961e-25,-5.2534389743475e-25,-0.0029112335518038,-0.0028691602934168,-0.0025576400282954,-2.8811761990239e-25,-0.0027614862493416,-0.0032929189210596,-4.0605093660115e-25,-0.003288974215893,0.0029112976746082,381.74123908373,381.74123908373,380.21396246064,380.21396246064,381.74123908373,383.34342616751,383.34342616751,383.34342616751,377.13345944562,377.13345944562,377.13345944562,380.21396246064,0.029345589829914,0.067853366757965,0.044495508570455,0.054476210233696,408.07068673722,0.089944541447378,0.078295274532263,0.051683691737456,407.87050848921,0.048825547361757,0.10126693064277,0,2.6249206680956e-15,4.8939003782754e-19,0,0,5.613184428441e-19,4.4270366332838e-19,5.3803060154686e-19,0,4.8100609777466e-19,3.8798529723115e-19,0,4.1820939575165e-19,4.1235404617745e-19,2.2501024047544e-16,0,0,2.3154981271413e-16,2.2458397091528e-16,2.3069911811829e-16,0,2.2807974991985e-16,2.2060930060145e-16,0,2.2119497697231e-16,2.2164433924056e-16
5.65,771044654.12462,771044654.12462,771044654.12462,193266876.34683,193266876.34683,193266876.34683,1,1,1,239100431.61153,4.8699390591203e-05,0.00016651765526497,4.8506355011066e-05,1.0533837504013,264.77182030419,264.77182030419,263.22541105889,263.22541105889,264.77182030419,266.38179558414,266.38179558414,266.38179558414,260.18189284702,260.18189284702,260.18189284702,263.22541105889,0.0027432379978244,-2.4329667986975e-25,-5.4478778699482e-25,-0.002916032213177,-0.0028679681886137,-0.0025540514380024,-3.1134698653072e-25,-0.0027617792578431,-0.0032857961707154,-4.8879567955097e-25,-0.0032839520918456,0.0029109841233824,381.63741129991,381.63741129991,380.09100205461,380.09100205461,381.63741129991,383.24738657986,383.24738657986,383.24738657986,377.04748384275,377.04748384275,377.04748384275,380.09100205461,0.02927051595535,0.068459140622269,0.044904007256693,0.054949304701408,407.97612800093,0.10424560647259,0.078202921316368,0.050753223162789,407.7894383113,0.046289279967971,0.11148132126868,0,2.6364285485711e-15,4.8961732716969e-19,0,0,5.6349642958541e-19,4.4352583316827e-19,5.3791346730842e-19,0,4.8150102204165e-19,3.8700023208138e-19,0,4.1934009033349e-19,4.1161807403011e-19,2.2570266393989e-16,0,0,2.323467170072e-16,2.2521121116381e-16,2.3145984263914e-16,0,2.2876069519552e-16,2.211566015783e-16,0,2.2178801341531e-16,2.2222645510337e-16
5.7,769089104.80532,769089104.80532,769089104.80532,191311327.02754,191311327.02754,191311327.02754,1,1,1,239856429.11903,4.9144280005002e-05,0.00016799462947603,4.900231490322e-05,1.0538817508675,264.42974840761,264.42974840761,262.86385751677,262.86385751677,264.42974840761,266.04712999281,266.04712999281,266.04712999281,259.85788788144,259.85788788144,259.85788788144,262.86385751677,0.0027410904491695,-2.9342755779006e-25,-5.4738693599372e-25,-0.0029210408184756,-0.0028666973222968,-0.0025514872857022,-3.7377919272225e-25,-0.0027634470660609,-0.0032790685362112,-5.8818009945225e-25,-0.0032784827523039,0.0029109803702496,381.53507294364,381.53507294364,379.96918205279,379.96918205279,381.53507294364,383.15245452884,383.15245452884,383.15245452884,376.96321241747,376.96321241747,376.96321241747,379.96918205279,0.029314089716418,0.069064579311507,0.045312125740236,0.05542217338046,407.88709326274,0.10663223225368,0.078714453174251,0.052768696662667,407.7038632821,0.04669347159162,0.11347632978468,0,2.6576788717344e-15,4.900806211559e-19,0,0,5.6614329624959e-19,4.4422555210773e-19,5.3841510725158e-19,0,4.8106926282216e-19,3.8643454396422e-19,0,4.1993650403134e-19,4.1137053175304e-19,2.2639574260099e-16,0,0,2.33147364535e-16,2.2583944096435e-16,2.32221276586e-16,0,2.2944102987144e-16,2.2170310255135e-16,0,2.2238189331464e-16,2.2280822088854e-16
5.75,767166472.85061,767166472.85061,767166472.85061,189388695.07282,189388695.07282,189388695.07282,1,1,1,240597048.29338,4.9589478740205e-05,0.00016947154691571,4.9496968229129e-05,1.0543797331793,264.09332252407,264.09332252407,262.50761672801,262.50761672801,264.09332252407,265.71766864182,265.71766864182,265.71766864182,259.53975348045,259.53975348045,259.53975348045,262.50761672801,0.0027390170605598,-3.6019768154948e-25,-5.4854239464406e-25,-0.0029259464737419,-0.0028646413658879,-0.0025489768217644,-4.3308469200334e-25,-0.0027661987450772,-0.0032720993300077,-7.04429310065e-25,-0.0032732403370884,0.0029114076034884,381.43411479952,381.43411479952,379.84840900346,379.84840900346,381.43411479952,383.05846091727,383.05846091727,383.05846091727,376.8805457559,376.8805457559,376.8805457559,379.84840900346,0.029283174068648,0.069669677225549,0.045719876989874,0.055894816616823,407.80070981721,0.10094626265534,0.079358719756659,0.05258622607738,407.61325815959,0.047223884225318,0.10825315669028,0,2.6790335145976e-15,4.9042365285975e-19,0,0,5.6840015008864e-19,4.445532287662e-19,5.3901168854632e-19,0,4.8106844345759e-19,3.8598978783931e-19,0,4.2073343809242e-19,4.1130815745979e-19,2.2708930638217e-16,0,0,2.3395120373611e-16,2.2646813416967e-16,2.3298355422622e-16,0,2.3012136338861e-16,2.2224897454425e-16,0,2.2297690024894e-16,2.2338989846313e-16
5.8,765275931.02432,765275931.02432,765275931.02432,187498153.24654,187498153.24654,187498153.24654,1,1,1,241322824.5718,5.0034333805354e-05,0.00017094843880347,4.9990358980852e-05,1.0548776723294,263.76244076151,263.76244076151,262.15658200603,262.15658200603,263.76244076151,265.3932831359,265.3932831359,265.3932831359,259.22730252116,259.22730252116,259.22730252116,262.15658200603,0.0027366787275907,-4.3437914566032e-25,-5.4082709811846e-25,-0.0029309849381549,-0.0028626991313868,-0.0025464017208501,-4.9237882493938e-25,-0.0027683007663854,-0.0032651276905409,-8.4148406092018e-25,-0.003267839981204,0.0029115660719376,381.33450301631,381.33450301631,379.72864426082,379.72864426082,381.33450301631,382.96534539069,382.96534539069,382.96534539069,376.79936477595,376.79936477595,376.79936477595,379.72864426082,0.029259213443279,0.07027439731613,0.046127227522342,0.056367234787078,407.71700567894,0.099393017176591,0.079889132616012,0.053479520774687,407.52934000422,0.047598259817007,0.10671517697534,0,2.700456382352e-15,4.907688129534e-19,0,0,5.7092538701986e-19,4.4517908235686e-19,5.3949872466083e-19,0,4.8098088095273e-19,3.8552973566039e-19,0,4.2155806276367e-19,4.1115821283923e-19,2.2778335829344e-16,0,0,2.3475861416154e-16,2.2709771246562e-16,2.3374652063952e-16,0,2.308015730737e-16,2.2279419592512e-16,0,2.2357307337863e-16,2.2397136398401e-16
5.85,763416500.38383,763416500.38383,763416500.38383,185638722.60605,185638722.60605,185638722.60605,1,1,1,242033719.94607,5.0480430584295e-05,0.00017242524128068,5.0481562023529e-05,1.0553755886476,263.43693035837,263.43693035837,261.8106087399,261.8106087399,263.43693035837,265.07383396407,265.07383396407,265.07383396407,258.92037304784,258.92037304784,258.92037304784,261.8106087399,0.002734358867855,-5.2598432092693e-25,-5.2501631418863e-25,-0.0029357884733977,-0.0028599034655261,-0.0025447215967178,-5.5368381079549e-25,-0.0027716413807246,-0.0032576932284094,-9.9714079640985e-25,-0.0032624465383158,0.0029119375518964,381.23613869101,381.23613869101,379.60981707254,379.60981707254,381.23613869101,382.87304229672,382.87304229672,382.87304229672,376.71958138048,376.71958138048,376.71958138048,379.60981707254,0.029225886067204,0.070878754549379,0.046534184192897,0.056839426723249,407.63590556575,0.091982711058407,0.081025977646419,0.055090324401907,407.44239048277,0.048465109072782,0.099617522342321,0,2.7220079906539e-15,4.9085415030354e-19,0,0,5.7358148680464e-19,4.4593167145334e-19,5.3986228820094e-19,0,4.8100415273344e-19,3.8514076672832e-19,0,4.223777167182e-19,4.1107091889413e-19,2.2847753088994e-16,0,0,2.355697808793e-16,2.2772835508328e-16,2.3451000120931e-16,0,2.3148181567005e-16,2.2333886722085e-16,0,2.2417040567405e-16,2.2455270605261e-16
5.9,761587467.77643,761587467.77643,761587467.77643,183809689.99865,183809689.99865,183809689.99865,1,1,1,242731696.21275,5.0925480177363e-05,0.0001739020337272,5.0971921190693e-05,1.0558734549552,263.1166583028,263.1166583028,261.46964389628,261.46964389628,263.1166583028,264.759185226,264.759185226,264.759185226,258.61883190625,258.61883190625,258.61883190625,261.46964389628,0.0027318498089011,-6.4052697199135e-25,-5.0587643935756e-25,-0.0029411382165322,-0.0028579338699889,-0.0025419898914433,-6.1547724233826e-25,-0.0027733636153679,-0.0032506831959947,-1.1815180613734e-24,-0.0032571755931561,0.0029120643637068,381.13893899922,381.13893899922,379.49192459271,379.49192459271,381.13893899922,382.78146592242,382.78146592242,382.78146592242,376.64111260268,376.64111260268,376.64111260268,379.49192459271,0.029146593843743,0.071482714574805,0.046940732644911,0.057311395034187,407.55768305368,0.091945824163526,0.081395514566538,0.055779686018836,407.36549442702,0.048642801266642,0.099481233594708,0,2.7435827083823e-15,4.9112532263958e-19,0,0,5.7624035365217e-19,4.4672349504538e-19,5.403013463742e-19,0,4.8113399096161e-19,3.8473234198806e-19,0,4.2340233049701e-19,4.1098134630603e-19,2.2917208698205e-16,0,0,2.3638470780263e-16,2.2836011750861e-16,2.3527410270112e-16,0,2.3216224188539e-16,2.2388296091677e-16,0,2.2476918699218e-16,2.2513392144643e-16
5.95,759787686.42439,759787686.42439,759787686.42439,182009908.64661,182009908.64661,182009908.64661,1,1,1,243414771.60648,5.1369080832591e-05,0.00017537882108998,5.1461550207354e-05,1.0563712764425,262.8014609395,262.8014609395,261.13345788548,261.13345788548,262.8014609395,264.44920825754,264.44920825754,264.44920825754,258.32246806573,258.32246806573,258.32246806573,261.13345788548,0.0027293805237177,-7.814082882116e-25,-4.8411517094928e-25,-0.0029468404587572,-0.0028564814536077,-0.0025389090637019,-6.803000821235e-25,-0.0027744819043926,-0.0032439142888125,-1.4004320307767e-24,-0.0032519298644285,0.0029122258976779,381.0428452099,381.0428452099,379.37484215588,379.37484215588,381.0428452099,382.69059252793,382.69059252793,382.69059252793,376.56385233613,376.56385233613,376.56385233613,379.37484215588,0.029126398305934,0.072086283230342,0.047346873712273,0.057783140451773,407.482756367,0.094734218754105,0.081397762270387,0.056122325411918,407.29469080204,0.04845781527882,0.10211164238039,0,2.7651382340909e-15,4.9154180978553e-19,0,0,5.7893249869384e-19,4.4755610988801e-19,5.4081626486444e-19,0,4.8131190895848e-19,3.8435694656605e-19,0,4.2457226692724e-19,4.108863557639e-19,2.2986723207592e-16,0,0,2.3720344199398e-16,2.2899305742913e-16,2.3603893239764e-16,0,2.3284291971477e-16,2.2442652372339e-16,0,2.2536962285028e-16,2.2571500250335e-16
6,758016126.63799,758016126.63799,758016126.63799,180238348.86021,180238348.86021,180238348.86021,1,1,1,244082603.51784,5.1811041619623e-05,0.00017685554524404,5.1950614380589e-05,1.0568690490993,262.49117699566,262.49117699566,260.80187580266,260.80187580266,262.49117699566,264.14375904377,264.14375904377,264.14375904377,258.03109655723,258.03109655723,258.03109655723,260.80187580266,0.0027256628676526,-9.9449234530627e-25,-4.6197351224345e-25,-0.0029523327355994,-0.0028544574755797,-0.0025368515445356,-7.6539721449185e-25,-0.0027765464966545,-0.0032372851897002,-1.6952352684894e-24,-0.0032464070540515,0.0029122723412217,380.94778755349,380.94778755349,379.25848636049,379.25848636049,380.94778755349,382.6003696016,382.6003696016,382.6003696016,376.48770711507,376.48770711507,376.48770711507,379.25848636049,0.029125428492959,0.072689432723337,0.047752547330256,0.058254663477588,407.41437032988,0.090989293625827,0.078833489145359,0.061685097742111,407.22429799337,0.050382706708733,0.099442567885399,0,2.786710643642e-15,4.9289572033833e-19,0,0,5.8161479422938e-19,4.4853996875626e-19,5.4196981851673e-19,0,4.8104444326563e-19,3.8447335837208e-19,0,4.258633762894e-19,4.1120849812344e-19,2.3056429188846e-16,0,0,2.3802596952405e-16,2.2962738873622e-16,2.3680539346538e-16,0,2.3352321929054e-16,2.2497025116118e-16,0,2.2597188461274e-16,2.2629653913836e-16
6.05,756271357.46034,756271357.46034,756271357.46034,178493579.68256,178493579.68256,178493579.68256,1,1,1,244735515.76013,5.2254582260035e-05,0.00017833225481832,5.2436872717846e-05,1.0573668359065,262.18555157045,262.18555157045,260.47471669492,260.47471669492,262.18555157045,263.84252914775,263.84252914775,263.84252914775,257.74450722744,257.74450722744,257.74450722744,260.47471669492,0.0027247198885922,-1.1870665498377e-24,-4.2922437963416e-25,-0.002958132395092,-0.002852461070306,-0.0025341994135314,-8.2316587456023e-25,-0.0027786271164878,-0.0032297526138576,-1.9419556400864e-24,-0.0032413781317521,0.0029131407740386,380.85357479968,380.85357479968,379.14273992416,379.14273992416,380.85357479968,382.51055237698,382.51055237698,382.51055237698,376.41253045667,376.41253045667,376.41253045667,379.14273992416,0.02911414666089,0.073292238564286,0.048157892754712,0.058725961044975,407.34034855684,0.091407378952676,0.082326083587616,0.057727056878323,407.15189013441,0.048542605769087,0.098757043460787,0,2.8083027286892e-15,4.9197280458533e-19,0,0,5.8459872976316e-19,4.4946294093215e-19,5.4165454310431e-19,0,4.8186714189429e-19,3.8372375805424e-19,0,4.2704235189182e-19,4.1079181120996e-19,2.3126004650102e-16,0,0,2.3885271697623e-16,2.3026302532307e-16,2.3757140866636e-16,0,2.3420468233787e-16,2.2551291850402e-16,0,2.265758136985e-16,2.2687748648908e-16
6.1,754554091.16092,754554091.16092,754554091.16092,176776313.38313,176776313.38313,176776313.38313,1,1,1,245376731.84519,5.2696946679599e-05,0.00017980889305884,5.2922407320395e-05,1.0578645693946,261.88470720932,261.88470720932,260.15210999263,260.15210999263,261.88470720932,263.54576995996,263.54576995996,263.54576995996,257.46271683543,257.46271683543,257.46271683543,260.15210999263,0.002720925851528,-1.5325691809431e-24,-3.9871818444028e-25,-0.0029631593862704,-0.0028508109528437,-0.0025332143677657,-9.074320017157e-25,-0.0027796852498458,-0.003222980420512,-2.2907767093551e-24,-0.0032366045054345,0.0029123987966587,380.76038329276,380.76038329276,379.02778607607,379.02778607607,380.76038329276,382.4214460434,382.4214460434,382.4214460434,376.33839291887,376.33839291887,376.33839291887,379.02778607607,0.029041602325863,0.073894617782652,0.048562780258133,0.059197036475489,407.27275877086,0.090092680589265,0.076003550838127,0.060190570648023,407.08398863869,0.044827061464959,0.096725464533998,0,2.8299253924046e-15,4.9216482802648e-19,0,0,5.8743187095529e-19,4.5065567532839e-19,5.4210301534012e-19,0,4.8272027984372e-19,3.8348979623901e-19,0,4.2850712142811e-19,4.1128983462365e-19,2.3195607267574e-16,0,0,2.3968347109511e-16,2.3090034869108e-16,2.3833805810286e-16,0,2.3488735190446e-16,2.2605525497489e-16,0,2.2718181428119e-16,2.2745913815128e-16
6.15,752862595.55764,752862595.55764,752862595.55764,175084817.77986,175084817.77986,175084817.77986,1,1,1,246004375.80772,5.3132046242662e-05,0.00018128554247986,5.3409977209952e-05,1.0583621477892,261.58835800468,261.58835800468,259.83381756422,259.83381756422,261.58835800468,263.25312296015,263.25312296015,263.25312296015,257.18544908657,257.18544908657,257.18544908657,259.83381756422,0.0027176146445282,-1.8657699734286e-24,-3.6290657555452e-25,-0.0029723705796078,-0.0028497225054885,-0.0025269954760711,-1.0994633401175e-24,-0.002777734210732,-0.0032162078133155,-2.7391948109959e-24,-0.0032307023073499,0.0029115414020462,380.66799491955,380.66799491955,378.91345447909,378.91345447909,380.66799491955,382.33275987503,382.33275987503,382.33275987503,376.26508600144,376.26508600144,376.26508600144,378.91345447909,0.029003547552,0.074496443752904,0.0489670679092,0.059667898058417,407.21706586222,0.10864592576492,0.074652086126678,0.074027558795622,407.05131760146,0.054980316994159,0.12085241939275,0,2.8511552221003e-15,4.9455137343012e-19,0,0,5.8996850985773e-19,4.511533416441e-19,5.4523666198257e-19,0,4.8104522473321e-19,3.8351228169174e-19,0,4.3053470112665e-19,4.1026264669892e-19,2.3265547393533e-16,0,0,2.4051781256312e-16,2.3153837586554e-16,2.3910913918494e-16,0,2.3556765258539e-16,2.26597623245e-16,0,2.277906822946e-16,2.2803933715037e-16
6.2,751194216.19051,751194216.19051,751194216.19051,173416438.41273,173416438.41273,173416438.41273,1,1,1,246611356.18857,5.351755500297e-05,0.00018276366453675,5.3923220645026e-05,1.0588597986912,261.29606921487,261.29606921487,259.51922747724,259.51922747724,261.29606921487,262.96415599638,262.96415599638,262.96415599638,256.91242255475,256.91242255475,256.91242255475,259.51922747724,0.0027155735285087,-1.916808727754e-24,-3.6400854190458e-25,-0.0029937349690066,-0.0028785421994412,-0.0024961185344942,-8.5598011902926e-25,-0.002739120342454,-0.0032304282398448,-3.6629914577415e-24,-0.0032299655116331,0.0029156777579067,380.57615459101,380.57615459101,378.79931285338,378.79931285338,380.57615459101,382.24424137252,382.24424137252,382.24424137252,376.19250793089,376.19250793089,376.19250793089,378.79931285338,0.029160070930944,0.075098065727968,0.049371172846744,0.060138588133739,407.17466990577,0.056205667105466,0.057043406527978,0.021367238488882,406.9463330038,0.029506349625954,0.050500574096345,0,2.8710207669477e-15,5.0678694821333e-19,0,0,5.8880718119579e-19,4.509182652681e-19,5.500906169961e-19,0,4.8407172644404e-19,3.8282799833851e-19,0,4.3756703041779e-19,4.0795105546373e-19,2.3337217891073e-16,0,0,2.4135051166439e-16,2.321760705918e-16,2.3988708479603e-16,0,2.3625223338609e-16,2.2713902379231e-16,0,2.2840949552346e-16,2.2861626706579e-16
6.25,749539632.02019,749539632.02019,749539632.02019,171761854.2424,171761854.2424,171761854.2424,1,1,1,247164063.81891,5.3915437506277e-05,0.00018424138907386,5.4428078118247e-05,1.0593574264876,261.00721611908,261.00721611908,259.20518196219,259.20518196219,261.00721611908,262.67822467991,262.67822467991,262.67822467991,256.64185965522,256.64185965522,256.64185965522,259.20518196219,0.0027142143492472,-2.3672072329953e-24,-3.493437931748e-25,-0.0029991416033682,-0.002877415467109,-0.0024949769936855,-9.567876159817e-25,-0.0027419483841227,-0.0032225579804415,-4.5826615930802e-24,-0.0032201636848615,0.0029171538720358,380.48528559608,380.48528559608,378.68325143919,378.68325143919,380.48528559608,382.15629415691,382.15629415691,382.15629415691,376.11992913222,376.11992913222,376.11992913222,378.68325143919,0.03070535132858,0.07569920260219,0.049774798702136,0.060609042367898,407.11392149813,0.051984337796957,0.056127274426706,0.021625275665452,406.88153949806,0.028485180010028,0.045635589977742,0,2.8908670348027e-15,5.0810854795479e-19,0,0,5.9233902746341e-19,4.5164351052947e-19,5.5172772257005e-19,0,4.8446629192585e-19,3.8286142709088e-19,0,4.3924139352979e-19,4.0793513752327e-19,2.3409075291041e-16,0,0,2.4218820555055e-16,2.3281479096975e-16,2.4066734562403e-16,0,2.3693737218664e-16,2.2768047161501e-16,0,2.2903067665935e-16,2.2919317446985e-16
6.3,747909335.54559,747909335.54559,747909335.54559,170131557.76781,170131557.76781,170131557.76781,1,1,1,247711176.33754,5.4370002500624e-05,0.00018571771370973,5.4900530305119e-05,1.0598551734737,260.72257893458,260.72257893458,258.89536794962,258.89536794962,260.72257893458,262.39604414417,262.39604414417,262.39604414417,256.37556926334,256.37556926334,256.37556926334,258.89536794962,0.0027135596279613,-3.7919743831964e-24,-2.8539780526238e-25,-0.002987694395645,-0.0028449017845895,-0.0025237215359462,-1.3181070840149e-24,-0.0027882868238629,-0.0031958710149095,-4.7621725406746e-24,-0.0032087040942904,0.0029166385372193,380.39504804383,380.39504804383,378.56783705886,378.56783705886,380.39504804383,382.06851325342,382.06851325342,382.06851325342,376.04803837259,376.04803837259,376.04803837259,378.56783705886,0.03047278388897,0.076299957568846,0.050178010500104,0.061079214460147,407.02286646914,0.075095700878968,0.07679257839325,0.058123884879114,406.8247755687,0.047319137259915,0.084093727160351,0,2.9123096588655e-15,4.9496221808266e-19,0,0,6.0025064316101e-19,4.5435611369518e-19,5.460638714088e-19,0,4.8376367739099e-19,3.8318771876643e-19,0,4.342391300088e-19,4.1100157885234e-19,2.3479073519208e-16,0,0,2.4303708815093e-16,2.3345734754789e-16,2.4143959655689e-16,0,2.3762151734019e-16,2.2822238088382e-16,0,2.2964478352632e-16,2.2977441847682e-16
6.35,746314451.35471,746314451.35471,746314451.35471,168536673.57692,168536673.57692,168536673.57692,1,1,1,248297232.56052,5.4808694190644e-05,0.00018719415545629,5.537975243372e-05,1.060352762779,260.44313882278,260.44313882278,258.59337266403,258.59337266403,260.44313882278,262.11880255447,262.11880255447,262.11880255447,256.11525291769,256.11525291769,256.11525291769,258.59337266403,0.002707690775256,-4.8437714420977e-24,-2.4839456117529e-25,-0.0029945996520248,-0.0028414014575274,-0.0025207634214784,-1.4127316007011e-24,-0.0027868588541635,-0.0031891733810042,-5.3818629445243e-24,-0.0032055741661917,0.0029160273648945,380.30545356685,380.30545356685,378.45568740811,378.45568740811,380.30545356685,381.98111729855,381.98111729855,381.98111729855,375.97756766177,375.97756766177,375.97756766177,378.45568740811,0.02858558746393,0.076900214696981,0.050580688856467,0.061549183913476,406.96339909249,0.079237916527461,0.073665670732619,0.06541370432951,406.76863766127,0.047150650687894,0.083081455324709,0,2.933532003735e-15,4.9430326682635e-19,0,0,6.0308369452916e-19,4.5624941927218e-19,5.4629852986674e-19,0,4.8553225135604e-19,3.8302646836124e-19,0,4.3665003909569e-19,4.1163243241969e-19,2.3548978557595e-16,0,0,2.4388997729098e-16,2.3410258166445e-16,2.4221217934694e-16,0,2.3830816363503e-16,2.2876406211013e-16,0,2.3026229993362e-16,2.3035655464546e-16
6.4,744741531.96726,744741531.96726,744741531.96726,166963754.18948,166963754.18948,166963754.18948,1,1,1,248864601.5832,5.5194406820785e-05,0.0001886721239475,5.5884276553751e-05,1.0608502468703,260.16756119178,260.16756119178,258.29501764034,258.29501764034,260.16756119178,261.84509380621,261.84509380621,261.84509380621,255.85887267203,255.85887267203,255.85887267203,258.29501764034,0.0027043552738746,-4.4442963877168e-24,-2.4136173868993e-25,-0.0030195948088529,-0.0028666755490269,-0.0024879354504902,-1.0372101566497e-24,-0.0027464268685569,-0.0032011590130859,-6.9141892152212e-24,-0.0032057322677116,0.0029183259413702,380.21638837431,380.21638837431,378.34384482287,378.34384482287,380.21638837431,381.89392098874,381.89392098874,381.89392098874,375.90769985456,375.90769985456,375.90769985456,378.34384482287,0.028775843917943,0.077500065806208,0.05098298389829,0.062018985933138,406.92610686329,0.054479606108236,0.059142868320004,0.02313692413475,406.70151883607,0.02853564269706,0.048627599818517,0,2.9533241956849e-15,5.0697434064665e-19,0,0,6.0068617455806e-19,4.5548857505062e-19,5.5183116993918e-19,0,4.8633038088911e-19,3.8176692052664e-19,0,4.4405879287557e-19,4.068725197934e-19,2.3620675556427e-16,0,0,2.4473947582577e-16,2.3474673978479e-16,2.429925864716e-16,0,2.3899593865547e-16,2.293039620668e-16,0,2.30890293901e-16,2.3093195928111e-16
6.45,743180382.60907,743180382.60907,743180382.60907,165402604.83129,165402604.83129,165402604.83129,1,1,1,249378323.51979,5.5593737284267e-05,0.00019014966174092,5.6381010766998e-05,1.0613477583656,259.89513660858,259.89513660858,257.99691082392,257.99691082392,259.89513660858,261.57388587541,261.57388587541,261.57388587541,255.60472018801,255.60472018801,255.60472018801,257.99691082392,0.0027028381570993,-5.4242530881419e-24,-2.2066643244297e-25,-0.0030252408624555,-0.0028645990688895,-0.0024876434395456,-1.112675159269e-24,-0.0027502403438446,-0.0031932308918282,-8.350223162118e-24,-0.003197147767951,0.0029198613953984,380.1281764022,380.1281764022,378.22995061754,378.22995061754,380.1281764022,381.80692566903,381.80692566903,381.80692566903,375.83775998163,375.83775998163,375.83775998163,378.22995061754,0.030403227724184,0.078099496077038,0.051384852241807,0.062488552460752,406.87336476292,0.049441299395407,0.058767912394404,0.02335317505445,406.64421688269,0.028379442327661,0.043285786565223,0,2.9730851282363e-15,5.0762749131963e-19,0,0,6.0465347040504e-19,4.5683061818194e-19,5.5313007951763e-19,0,4.872056018593e-19,3.8190076460915e-19,0,4.4591979963204e-19,4.0711479474104e-19,2.3692464924713e-16,0,0,2.4559458496415e-16,2.3539279584073e-16,2.4377483053181e-16,0,2.3968495142529e-16,2.2984405130759e-16,0,2.3152091972937e-16,2.3150770654527e-16
6.5,741640930.05496,741640930.05496,741640930.05496,163863152.27718,163863152.27718,163863152.27718,1,1,1,249886630.48956,5.599436693554e-05,0.00019162716221393,5.6875137733629e-05,1.0618452813459,259.62649369869,259.62649369869,257.70267239701,257.70267239701,259.62649369869,261.30604441502,261.30604441502,261.30604441502,255.35432115936,255.35432115936,255.35432115936,257.70267239701,0.0027006505619048,-6.3175359534555e-24,-1.972775742199e-25,-0.0030317836250149,-0.002861781051695,-0.0024866252259664,-1.1648881740005e-24,-0.0027528894228221,-0.0031858485630778,-9.8995531127875e-24,-0.0031902031462725,0.0029210238323239,380.040425025,380.040425025,378.11660372332,378.11660372332,380.040425025,381.71997574133,381.71997574133,381.71997574133,375.76825248567,375.76825248567,375.76825248567,378.11660372332,0.030171577126843,0.078698508016367,0.05178628736935,0.062957896722159,406.81759296956,0.040359590020107,0.058905412509414,0.025959645841825,406.58078447984,0.027435850215021,0.034742635888526,0,2.9927653460848e-15,5.0764223225413e-19,0,0,6.0792859549116e-19,4.5801266011945e-19,5.5386515828873e-19,0,4.8764756736731e-19,3.8193451119821e-19,0,4.4757795417053e-19,4.0699936615963e-19,2.3764256377681e-16,0,0,2.4645432582885e-16,2.3604052355641e-16,2.4455811415039e-16,0,2.4037458922872e-16,2.3038418827327e-16,0,2.3215389054237e-16,2.3208329056877e-16
6.55,740122809.73591,740122809.73591,740122809.73591,162345031.95813,162345031.95813,162345031.95813,1,1,1,250387534.32001,5.6394347317621e-05,0.00019310468918349,5.7367492722238e-05,1.0623427502231,259.36158867612,259.36158867612,257.4121892351,257.4121892351,259.36158867612,261.04153639516,261.04153639516,261.04153639516,255.10763428027,255.10763428027,255.10763428027,257.4121892351,0.0026970446597169,-7.7534488475107e-24,-1.7066623132367e-25,-0.0030385281790606,-0.0028577756667282,-0.0024846993539836,-1.1864252570838e-24,-0.0027548036579051,-0.0031786089916047,-1.1513172543969e-23,-0.0031840974170147,0.0029222524236887,379.95316999793,379.95316999793,378.00377055691,378.00377055691,379.95316999793,381.63311771697,381.63311771697,381.63311771697,375.69921560208,375.69921560208,375.69921560208,378.00377055691,0.030033412008146,0.079297014314463,0.052187229198148,0.063427021237475,406.76105154834,0.055624665788811,0.061098150276437,0.024596288060499,406.54025380989,0.027365992148987,0.049558430826549,0,3.0124412499366e-15,5.0750160069054e-19,0,0,6.1193417133216e-19,4.6000401970736e-19,5.5437028524483e-19,0,4.8861587679541e-19,3.8187733521467e-19,0,4.4942286899755e-19,4.0710633665678e-19,2.3836027942344e-16,0,0,2.4731973143323e-16,2.3669106747982e-16,2.4534211212636e-16,0,2.4106559642847e-16,2.3092424437989e-16,0,2.3278947045895e-16,2.326590258714e-16
6.6,738625303.55656,738625303.55656,738625303.55656,160847525.77877,160847525.77877,160847525.77877,1,1,1,250879205.84501,5.6795435799368e-05,0.0001945821092961,5.7856963442838e-05,1.0628402278786,259.10031200662,259.10031200662,257.12528639539,257.12528639539,259.10031200662,260.78031296003,260.78031296003,260.78031296003,254.86452902489,254.86452902489,254.86452902489,257.12528639539,0.0026946389034171,-8.9264960388371e-24,-1.4819438660228e-25,-0.0030455877867758,-0.0028546105633557,-0.0024834700191146,-1.1912276299891e-24,-0.0027567667692378,-0.0031716649714225,-1.3194710809234e-23,-0.0031781663314813,0.0029227840292784,379.8663587811,379.8663587811,377.89133316987,377.89133316987,379.8663587811,381.54635973451,381.54635973451,381.54635973451,375.63057579937,375.63057579937,375.63057579937,377.89133316987,0.029960746590245,0.079895137212402,0.052587762221951,0.063895923864273,406.70704438293,0.047956729482347,0.059953351185972,0.024629268974651,406.47993530471,0.027114190682422,0.041878269261916,0,3.0320639953839e-15,5.0720022978792e-19,0,0,6.1454207897678e-19,4.6105216781604e-19,5.5457082928722e-19,0,4.8960385483739e-19,3.816761381696e-19,0,4.5151419635449e-19,4.0678552358539e-19,2.3907756886724e-16,0,0,2.4818882517597e-16,2.3734309370851e-16,2.4612639371444e-16,0,2.4175800084017e-16,2.3146401595092e-16,0,2.3342800795904e-16,2.3323430747583e-16
6.65,737148008.13359,737148008.13359,737148008.13359,159370230.35581,159370230.35581,159370230.35581,1,1,1,251362929.9227,5.7195492936338e-05,0.00019605953487924,5.8345249687486e-05,1.063337669995,258.84261711417,258.84261711417,256.84194439126,256.84194439126,258.84261711417,260.52226378284,260.52226378284,260.52226378284,254.62490620728,254.62490620728,254.62490620728,256.84194439126,0.0026905178363145,-1.0048933183611e-23,-1.2632439910407e-25,-0.0030523257439126,-0.0028520445546086,-0.0024821919968557,-1.2292687316969e-24,-0.0027574054979293,-0.0031649979070212,-1.5271195700023e-23,-0.0031734788727896,0.0029226014772119,379.78001668738,379.78001668738,377.77934396447,377.77934396447,379.78001668738,381.45966335605,381.45966335605,381.45966335605,375.56230578049,375.56230578049,375.56230578049,377.77934396447,0.029842553955511,0.080492779585403,0.052987802867769,0.064364607357453,406.65414944094,0.045738126390452,0.054775925816063,0.025097537303433,406.42775059924,0.022926744651447,0.042959742223157,0,3.0516069441403e-15,5.0705368571483e-19,0,0,6.1699821792591e-19,4.6225704910132e-19,5.5490715083466e-19,0,4.9048357073459e-19,3.8177895964343e-19,0,4.5344750652325e-19,4.0690711019282e-19,2.3979465106643e-16,0,0,2.4906139242372e-16,2.3799682389665e-16,2.46911150933e-16,0,2.4245164935803e-16,2.3200393293348e-16,0,2.3406927957259e-16,2.3380976102969e-16
6.7,735690100.85466,735690100.85466,735690100.85466,157912323.07687,157912323.07687,157912323.07687,1,1,1,251837170.38944,5.7652718612783e-05,0.0001975357176755,5.8800622224907e-05,1.0638353123695,258.5883574633,258.5883574633,256.56202551885,256.56202551885,258.5883574633,260.26727732065,260.26727732065,260.26727732065,254.38861329889,254.38861329889,254.38861329889,256.56202551885,0.0026942244209168,-1.432882395377e-23,-8.5570484403707e-26,-0.0030380616159046,-0.0028203765630814,-0.0025099259512386,-1.9842231917159e-24,-0.002804276617937,-0.0031362411542781,-1.4764343702751e-23,-0.0031644573943596,0.0029233057431147,379.69406526811,379.69406526811,377.66773332366,377.66773332366,379.69406526811,381.37298512546,381.37298512546,381.37298512546,375.4943211037,375.4943211037,375.4943211037,377.66773332366,0.029779888277263,0.081090094010502,0.053387506514224,0.064833014769584,406.5664824899,0.055983595643706,0.089921364865372,0.064969516979456,406.35787515448,0.045608849011357,0.061732552193331,0,3.0727460315105e-15,4.9255303762629e-19,0,0,6.2720045015755e-19,4.6753017763502e-19,5.478063715807e-19,0,4.9057278706772e-19,3.8262562556411e-19,0,4.4946173314595e-19,4.1037700803734e-19,2.4049122625243e-16,0,0,2.4994838780666e-16,2.3865801141468e-16,2.4768586613325e-16,0,2.4314542404683e-16,2.3254504728246e-16,0,2.3470491445137e-16,2.3439012176014e-16
6.75,734261594.83884,734261594.83884,734261594.83884,156483817.06106,156483817.06106,156483817.06106,1,1,1,252346033.84672,5.8043495345377e-05,0.00019901309495592,5.9289074232381e-05,1.0643326334995,258.33801186299,258.33801186299,256.28893619913,256.28893619913,258.33801186299,260.01679633209,260.01679633209,260.01679633209,254.15710311125,254.15710311125,254.15710311125,256.28893619913,0.0026839437839158,-1.2438819805936e-23,-8.0749411839583e-26,-0.0030659798074532,-0.0028419426192052,-0.0024779108031443,-1.0852913692687e-24,-0.0027614455666743,-0.0031498257799021,-1.7835886967629e-23,-0.0031639616464559,0.0029240310267928,379.60813914425,379.60813914425,377.55906348038,377.55906348038,379.60813914425,381.28692361335,381.28692361335,381.28692361335,375.42723039251,375.42723039251,375.42723039251,377.55906348038,0.027969523247332,0.081686851984966,0.05378666647502,0.065301270485477,406.53655595855,0.033435060405221,0.063632308420224,0.026997988925743,406.30054874137,0.025363163856695,0.028685401247733,0,3.0920464201137e-15,5.0407078976406e-19,0,0,6.2294228172855e-19,4.6598745295777e-19,5.5341705950982e-19,0,4.9240011883628e-19,3.8113422700382e-19,0,4.5696273024308e-19,4.0554564051936e-19,2.4120408999971e-16,0,0,2.5082936123005e-16,2.3931701719055e-16,2.4846851604446e-16,0,2.43841782973e-16,2.3308405247538e-16,0,2.3535115734198e-16,2.3496364990513e-16
6.8,732842503.59136,732842503.59136,732842503.59136,155064725.81358,155064725.81358,155064725.81358,1,1,1,252798961.21431,5.8505301453797e-05,0.00020048870286765,5.9740193827739e-05,1.0648301149163,258.09061876697,258.09061876697,256.01584428499,256.01584428499,258.09061876697,259.7680124478,259.7680124478,259.7680124478,253.92749372596,253.92749372596,253.92749372596,256.01584428499,0.0026852746789204,-1.74737551714e-23,-5.4044278328091e-26,-0.0030495618210526,-0.002811745509306,-0.0025069817527755,-1.8320742153804e-24,-0.002808721658393,-0.0031222788518328,-1.8556732083674e-23,-0.0031559145873524,0.0029217118258063,379.52310764462,379.52310764462,377.44833316265,377.44833316265,379.52310764462,381.20050132545,381.20050132545,381.20050132545,375.35998260361,375.35998260361,375.35998260361,377.44833316265,0.02974857203536,0.082283119704292,0.054185395289116,0.065769239853418,406.45158928307,0.096180734840531,0.080114552945765,0.064380166278234,406.2903375639,0.04420424976801,0.10954253601066,0,3.1130852483719e-15,4.8993676035107e-19,0,0,6.3201492662944e-19,4.7046958903208e-19,5.466520065715e-19,0,4.9315608114956e-19,3.8248594910491e-19,0,4.5355896205197e-19,4.0963073992691e-19,2.418969652109e-16,0,0,2.5172316531092e-16,2.3998236166404e-16,2.4924159872605e-16,0,2.4453921099133e-16,2.3362496929202e-16,0,2.3599258657745e-16,2.355429552531e-16
6.85,731451255.23598,731451255.23598,731451255.23598,153673477.45819,153673477.45819,153673477.45819,1,1,1,253287801.60127,5.8895252974028e-05,0.00020196606238442,6.0223857276323e-05,1.065327458803,257.84684532802,257.84684532802,255.74944043789,255.74944043789,257.84684532802,259.52357215273,259.52357215273,259.52357215273,253.70222029152,253.70222029152,253.70222029152,255.74944043789,0.00267710501577,-1.6171748743844e-23,-5.0935690272059e-26,-0.0030791579115692,-0.0028338612900201,-0.0024775053684123,-1.1197666565936e-24,-0.0027664053795128,-0.0031348741631973,-2.168498860594e-23,-0.0031552454044192,0.0029247590684858,379.43792427148,379.43792427148,377.34051938136,377.34051938136,379.43792427148,381.1146510962,381.1146510962,381.1146510962,375.29329923499,375.29329923499,375.29329923499,377.34051938136,0.027794605648992,0.082879143664223,0.054583772255178,0.066237056402288,406.43280127472,0.011140462188936,0.064427628108159,0.031227667686806,406.17794187037,0.024387214896039,0.0071372003701561,0,3.1321331284865e-15,5.0182658734274e-19,0,0,6.2916107426886e-19,4.6985380004112e-19,5.5184859594216e-19,0,4.9475543065595e-19,3.8078790771454e-19,0,4.6124891574517e-19,4.0506681543192e-19,2.4260665517668e-16,0,0,2.5261293343506e-16,2.4064683528039e-16,2.5002203049481e-16,0,2.4523890083142e-16,2.341634847155e-16,0,2.3664489104973e-16,2.3611580623715e-16
6.9,730068392.00377,730068392.00377,730068392.00377,152290614.22599,152290614.22599,152290614.22599,1,1,1,253725850.98255,5.9295114628878e-05,0.00020344319205146,6.0701654213919e-05,1.0658247513998,257.60579995804,257.60579995804,255.48288388792,255.48288388792,257.60579995804,259.2806011423,259.2806011423,259.2806011423,253.47875614206,253.47875614206,253.47875614206,255.48288388792,0.0026750857506423,-1.6421313685817e-23,-4.5407037019976e-26,-0.0030863442291976,-0.0028317716105278,-0.0024749814056315,-1.0900386204699e-24,-0.0027664737678162,-0.0031278186650614,-2.5032735511586e-23,-0.003148082142673,0.0029252419511233,379.35353878245,379.35353878245,377.23062271232,377.23062271232,379.35353878245,381.02833996671,381.02833996671,381.02833996671,375.22649496647,375.22649496647,375.22649496647,377.23062271232,0.029570239560904,0.083474493299427,0.054981584395304,0.066704645467171,406.38385704439,0.0374754868762,0.06197525326769,0.028479505227476,406.15570552025,0.0248046016546,0.032876401480075,0,3.1510265624584e-15,5.021695608772e-19,0,0,6.3292742519389e-19,4.7157682664159e-19,5.5327290121477e-19,0,4.964679363933e-19,3.8040423643527e-19,0,4.6441910670688e-19,4.0465213870631e-19,2.4331683018029e-16,0,0,2.5350802798377e-16,2.4131374562433e-16,2.508044765354e-16,0,2.4594101252035e-16,2.3470145754585e-16,0,2.3730167884906e-16,2.3668807077975e-16
6.95,728702383.85396,728702383.85396,728702383.85396,150924606.07618,150924606.07618,150924606.07618,1,1,1,254156022.90968,5.9696377844668e-05,0.00020492024930715,6.1176533819998e-05,1.0663220688835,257.36775613016,257.36775613016,255.21937968481,255.21937968481,257.36775613016,259.04030150724,259.04030150724,259.04030150724,253.25813201002,253.25813201002,253.25813201002,255.21937968481,0.0026725201290073,-1.7676090481065e-23,-3.8545195341856e-26,-0.003093352087692,-0.002829163320015,-0.0024737870759772,-1.011959024259e-24,-0.0027678714756233,-0.0031212676166957,-2.8320116451736e-23,-0.0031417251712932,0.0029265356164037,379.26937914062,379.26937914062,377.12100269527,377.12100269527,379.26937914062,380.9419245177,380.9419245177,380.9419245177,375.15975502048,375.15975502048,375.15975502048,377.12100269527,0.029472214355331,0.08406945145087,0.055378996437295,0.06717201523521,406.33458114925,0.044341078039344,0.062777306654403,0.027506220000087,406.11358038166,0.024140088500894,0.038722626931129,0,3.1698006543352e-15,5.0190682685657e-19,0,0,6.3660185592293e-19,4.7348660402546e-19,5.5351996317078e-19,0,4.9760454590071e-19,3.802642009984e-19,0,4.668070438139e-19,4.0420795046802e-19,2.4402663362188e-16,0,0,2.5440831896225e-16,2.4198335680135e-16,2.5158727197436e-16,0,2.4664473161786e-16,2.3523923233618e-16,0,2.3796184370143e-16,2.3725970714532e-16
7,727353159.28627,727353159.28627,727353159.28627,149575381.50848,149575381.50848,149575381.50848,1,1,1,254579514.7284,6.0124033870512e-05,0.00020639630319052,6.1636449654873e-05,1.0668192314427,257.13266667989,257.13266667989,254.95893649921,254.95893649921,257.13266667989,258.8026862331,258.8026862331,258.8026862331,253.04033228376,253.04033228376,253.04033228376,254.95893649921,0.0026673729762523,-2.9433245196324e-23,-1.9428033869146e-26,-0.0030881991166893,-0.0028050890367336,-0.0024901400517473,-1.855378062344e-24,-0.0027917995396302,-0.0031052486649022,-3.307271125696e-23,-0.0031351674388692,0.0029233039945052,379.18545114446,379.18545114446,377.01172096379,377.01172096379,379.18545114446,380.85547069767,380.85547069767,380.85547069767,375.09311674834,375.09311674834,375.09311674834,377.01172096379,0.02935544229212,0.084663649897178,0.055775550152862,0.067639141062288,406.2910225824,0.1031738681601,0.067174846894797,0.048625094945725,406.12774257435,0.051588359984188,0.094765158063069,0,3.1896602797681e-15,4.938549369459e-19,0,0,6.4751983356427e-19,4.8055116990218e-19,5.5203461212917e-19,0,4.9912584594721e-19,3.8186758145166e-19,0,4.6697501600771e-19,4.0957985387434e-19,2.4472504997155e-16,0,0,2.5532405029278e-16,2.4266295878324e-16,2.5236796680973e-16,0,2.4735060215853e-16,2.357792746489e-16,0,2.3862224610236e-16,2.3783894052955e-16
7.05,726023238.06971,726023238.06971,726023238.06971,148245460.29193,148245460.29193,148245460.29193,1,1,1,255014476.75699,6.0519464528475e-05,0.00020787358918066,6.2108542518541e-05,1.067316664768,256.90032288481,256.90032288481,254.70278317341,254.70278317341,256.90032288481,258.56826073859,258.56826073859,258.56826073859,252.82554418678,252.82554418678,252.82554418678,254.70278317341,0.0026670957998971,-1.9436571452228e-23,-2.2964096778645e-26,-0.0031081283510515,-0.0028228032001686,-0.0024703548917189,-9.0849870468832e-25,-0.0027707327011727,-0.0031091270176931,-3.3875317832663e-23,-0.003133355311474,0.0029287574714377,379.1010783212,379.1010783212,376.90353860979,376.90353860979,379.1010783212,380.76901617498,380.76901617498,380.76901617498,375.02629962316,375.02629962316,375.02629962316,376.90353860979,0.028320199778821,0.085257898277421,0.056172279954381,0.068106081417473,406.23719868825,0.047393873938545,0.068793997264947,0.0276091934184,406.02241522655,0.022355793399278,0.042844086900714,0,3.2080608366946e-15,4.9993894273568e-19,0,0,6.4270477646991e-19,4.7744130326708e-19,5.5249297056057e-19,0,4.9959728543726e-19,3.7992944992733e-19,0,4.715352556795e-19,4.0307597014005e-19,2.4543207040472e-16,0,0,2.5623297210427e-16,2.4333816274955e-16,2.5314930986181e-16,0,2.4805713941532e-16,2.3631657602974e-16,0,2.3928909765608e-16,2.3840897603318e-16
7.1,724706605.42511,724706605.42511,724706605.42511,146928827.64732,146928827.64732,146928827.64732,1,1,1,255421277.86805,6.09223291165e-05,0.00020935043540183,6.2576660197128e-05,1.0678139951682,256.67097949757,256.67097949757,254.44825638639,254.44825638639,256.67097949757,258.33590443584,258.33590443584,258.33590443584,252.61322881587,252.61322881587,252.61322881587,254.44825638639,0.0026636921381217,-1.9360303122728e-23,-1.7013499971899e-26,-0.0031131813390359,-0.0028190512913083,-0.0024702293851079,-9.9148445533971e-25,-0.0027728688376027,-0.0031008139047672,-3.7913262686855e-23,-0.0031265765341573,0.0029281689781806,379.01765248251,379.01765248251,376.79492937133,376.79492937133,379.01765248251,380.68257742078,380.68257742078,380.68257742078,374.9599018008,374.9599018008,374.9599018008,376.79492937133,0.029341810359553,0.085851534955946,0.056568397654603,0.068572797931287,406.18520043703,0.03563293121262,0.065056041297378,0.02887342550096,405.9603629323,0.021612161785795,0.033113599857682,0,3.2263653638874e-15,4.9916112784847e-19,0,0,6.4647114764038e-19,4.7943171020773e-19,5.5270269412085e-19,0,5.0122879525211e-19,3.7980915164955e-19,0,4.7402916784371e-19,4.0273144962437e-19,2.4613799084154e-16,0,0,2.5714722036894e-16,2.4401618157636e-16,2.539309495078e-16,0,2.4876598397542e-16,2.3685370728311e-16,0,2.399594761342e-16,2.3897852431124e-16
7.15,723406059.14948,723406059.14948,723406059.14948,145628281.37169,145628281.37169,145628281.37169,1,1,1,255822663.67401,6.1325355745051e-05,0.00021082728930478,6.3042049982629e-05,1.0683112798266,256.44441597239,256.44441597239,254.19682017604,254.19682017604,256.44441597239,258.10608728457,258.10608728457,258.10608728457,252.40356565843,252.40356565843,252.40356565843,254.19682017604,0.0026603466448141,-1.9994218277364e-23,-1.6141070923764e-26,-0.0031195728864072,-0.0028152541073813,-0.0024698100308534,-9.1169738659389e-25,-0.0027741234712849,-0.0030936790429419,-4.1649824325768e-23,-0.0031201956776616,0.0029287059199404,378.93436581268,378.93436581268,376.68677001634,376.68677001634,378.93436581268,380.59603712486,380.59603712486,380.59603712486,374.89351549873,374.89351549873,374.89351549873,376.68677001634,0.029122071138779,0.086444685568404,0.056964055915775,0.069039296951831,406.13289603492,0.040812459362674,0.064737576276155,0.029324473499603,405.91297283357,0.022448990480643,0.03578850949255,0,3.2445532483573e-15,4.9811089377308e-19,0,0,6.4967102881246e-19,4.8139904386748e-19,5.5235413615871e-19,0,5.0266080327285e-19,3.7930182333715e-19,0,4.7638163126154e-19,4.0217454065353e-19,2.4684242602308e-16,0,0,2.5806599394897e-16,2.4469698263311e-16,2.5471209621839e-16,0,2.4947685370068e-16,2.3739012106591e-16,0,2.40633181498e-16,2.3954728500107e-16
7.2,722121209.46299,722121209.46299,722121209.46299,144343431.6852,144343431.6852,144343431.6852,1,1,1,256217125.51757,6.1726216452069e-05,0.00021230410277546,6.3506342168344e-05,1.068808567324,256.22063002219,256.22063002219,253.94829120754,253.94829120754,256.22063002219,257.87877537203,257.87877537203,257.87877537203,252.19651927356,252.19651927356,252.19651927356,253.94829120754,0.0026560259492218,-2.0173008577387e-23,-1.6370559532292e-26,-0.0031267888945143,-0.0028130987162424,-0.0024680281326319,-8.0422131491816e-25,-0.0027739154501118,-0.0030876938384933,-4.6195527757167e-23,-0.0031154995506248,0.0029300853438364,378.85130656002,378.85130656002,376.57896774536,376.57896774536,378.85130656002,380.50945190985,380.50945190985,380.50945190985,374.82719581138,374.82719581138,374.82719581138,376.57896774536,0.029000376866227,0.087037412507883,0.057359264360979,0.069505580719824,406.08485568894,0.018504206863623,0.064907547146248,0.030034104013905,405.84559990251,0.017316875480884,0.017681130093372,0,3.2736036536521e-15,4.9757485502011e-19,0,0,6.5408109949282e-19,4.8408829545564e-19,5.5180134997594e-19,0,5.0323437760777e-19,3.7980459728948e-19,0,4.7836844937518e-19,4.0185046699095e-19,2.4754610313134e-16,0,0,2.5899100431077e-16,2.4538158686593e-16,2.5549246117126e-16,0,2.5018853458255e-16,2.3792724587845e-16,0,2.4130969664691e-16,2.4011558738154e-16
7.25,720851112.42002,720851112.42002,720851112.42002,143073334.64223,143073334.64223,143073334.64223,1,1,1,256602356.42788,6.2136290347076e-05,0.00021378056637297,6.3964742257151e-05,1.069305833684,255.9994382124,255.9994382124,253.70250022983,253.70250022983,255.9994382124,257.65384183763,257.65384183763,257.65384183763,251.99191641007,251.99191641007,251.99191641007,253.70250022983,0.0026552298890296,-2.0436353242257e-23,-7.7705494887829e-27,-0.003130215996393,-0.0028079551518667,-0.0024702529999417,-1.0036854460917e-24,-0.0027794833867633,-0.0030785385200276,-4.9521708314769e-23,-0.0031083437568729,0.0029288468044278,378.76837800667,378.76837800667,376.4714400241,376.4714400241,378.76837800667,380.4227816319,380.4227816319,380.4227816319,374.76085620434,374.76085620434,374.76085620434,376.4714400241,0.028974632901535,0.087629667906242,0.057754059778763,0.069971642218817,406.03472705141,0.011614658476279,0.064406644407935,0.035401768278458,405.78752863877,0.022482329989039,0.0065504899166868,0,3.3155774638349e-15,4.9533215195297e-19,0,0,6.5630914174403e-19,4.8533792696905e-19,5.5170184117847e-19,0,5.0591297836999e-19,3.7886412160846e-19,0,4.8098551999544e-19,4.0143454155349e-19,2.4824660857851e-16,0,0,2.5991916560013e-16,2.4606795834459e-16,2.5627268539744e-16,0,2.5090400357794e-16,2.3846304065752e-16,0,2.419899128926e-16,2.4068330155461e-16
7.3,719596764.62478,719596764.62478,719596764.62478,141818986.84699,141818986.84699,141818986.84699,1,1,1,256986162.31123,6.2537811582413e-05,0.00021525736722311,6.4423885058928e-05,1.069803044209,255.78091465132,255.78091465132,253.45985060353,253.45985060353,255.78091465132,257.43138178966,257.43138178966,257.43138178966,251.78988337948,251.78988337948,251.78988337948,253.45985060353,0.0026504016811647,-1.9905784383242e-23,-8.2886325726148e-27,-0.0031386115130813,-0.0028036298689723,-0.0024675642508933,-7.8048930597368e-25,-0.0027776646912359,-0.0030735391648911,-5.3199324781649e-23,-0.0031046367642247,0.0029297198396228,378.68559098309,378.68559098309,376.3645269353,376.3645269353,378.68559098309,380.33605812143,380.33605812143,380.33605812143,374.69455971125,374.69455971125,374.69455971125,376.3645269353,0.028702231028797,0.088221392542407,0.058148379238892,0.070437493053623,405.98039821534,0.039224662891699,0.065281618038901,0.03037364206646,405.76182224938,0.020668594561359,0.034260030216854,0,3.35764411588e-15,4.9450483281618e-19,0,0,6.5933831196137e-19,4.8765705227409e-19,5.5112709440372e-19,0,5.0665700012108e-19,3.7855093167236e-19,0,4.8384163607557e-19,4.00265926965e-19,2.4894594401974e-16,0,0,2.608516107831e-16,2.467576095617e-16,2.5705209680894e-16,0,2.5162052477898e-16,2.3899839251914e-16,0,2.4267416829638e-16,2.4124936305708e-16
7.35,718356808.48481,718356808.48481,718356808.48481,140579030.70703,140579030.70703,140579030.70703,1,1,1,257359862.62409,6.2941152534605e-05,0.00021673400082014,6.4880224480661e-05,1.0703002599105,255.56498323482,255.56498323482,253.21978322729,253.21978322729,255.56498323482,257.21128076342,257.21128076342,257.21128076342,251.59025025438,251.59025025438,251.59025025438,253.21978322729,0.0026473260605557,-1.9403808277279e-23,-6.5671606329472e-27,-0.0031450565273973,-0.0028003319057202,-0.002466908579643,-7.2508325001462e-25,-0.0027787092419869,-0.0030671347664881,-5.7312227569509e-23,-0.003099510720952,0.0029301616181948,378.60303219551,378.60303219551,376.25783218798,376.25783218798,378.60303219551,380.24932972411,380.24932972411,380.24932972411,374.62829921507,374.62829921507,374.62829921507,376.25783218798,0.028742576691151,0.088812718688488,0.058542298834825,0.070903126901809,405.93088818095,0.038875733544982,0.065366593441618,0.030659386377029,405.7128666362,0.019898341929567,0.033976971485751,0,3.399827969794e-15,4.9333910577086e-19,0,0,6.6241889317918e-19,4.8975590493362e-19,5.5057375608946e-19,0,5.0801369406308e-19,3.7835102824783e-19,0,4.8647343765934e-19,3.9960043256874e-19,2.4964363087397e-16,0,0,2.617884125658e-16,2.4745022900471e-16,2.5783072568189e-16,0,2.52338964635e-16,2.3953346167463e-16,0,2.4336214562965e-16,2.4181448340834e-16
7.4,717131090.81449,717131090.81449,717131090.81449,139353313.03671,139353313.03671,139353313.03671,1,1,1,257726698.97092,6.3344037438215e-05,0.00021821060016513,6.5335240003624e-05,1.0707974795839,255.35154836118,255.35154836118,252.98243244388,252.98243244388,255.35154836118,256.99346450993,256.99346450993,256.99346450993,251.39294033211,251.39294033211,251.39294033211,252.98243244388,0.002643856139818,-1.8242936623483e-23,1.9137027586418e-27,-0.0031516594081806,-0.0027974104087433,-0.0024654942965242,-8.2589308891769e-25,-0.0027791896259516,-0.0030606934351006,-6.1923563941897e-23,-0.0030955444214733,0.0029305939214385,378.52061886154,378.52061886154,376.15150294424,376.15150294424,378.52061886154,380.16253501029,380.16253501029,380.16253501029,374.56201083247,374.56201083247,374.56201083247,376.15150294424,0.02865745612941,0.089403603989778,0.058935791701087,0.071368546192134,405.88149235645,0.027452031432478,0.066192089290752,0.030963740140805,405.65519506605,0.0163078867117,0.027503884503903,0,3.4421420284429e-15,4.9239719592017e-19,0,0,6.6564970772958e-19,4.9200360552104e-19,5.5023637752321e-19,0,5.0856286023383e-19,3.7861786399329e-19,0,4.8884732435282e-19,3.9884746764463e-19,2.5033998566652e-16,0,0,2.6272978341026e-16,2.4814602717637e-16,2.5860887742949e-16,0,2.5305818112926e-16,2.4006890819284e-16,0,2.4405348014568e-16,2.4237853890641e-16
7.45,715919207.48104,715919207.48104,715919207.48104,138141429.70326,138141429.70326,138141429.70326,1,1,1,258086048.30181,6.3748945815512e-05,0.00021968707113984,6.5786749873083e-05,1.0712946662194,255.14049793041,255.14049793041,252.74774682778,252.74774682778,255.14049793041,256.77788235821,256.77788235821,256.77788235821,251.1978889966,251.1978889966,251.1978889966,252.74774682778,0.0026410050775658,-1.7867037828548e-23,1.4095008503093e-27,-0.003156605366568,-0.0027932209892528,-0.0024656939206011,-7.0160211100394e-25,-0.0027810682373794,-0.0030538051842059,-6.6032404128804e-23,-0.0030900880268638,0.002930414016307,378.43828723505,378.43828723505,376.04553613242,376.04553613242,378.43828723505,380.07567166285,380.07567166285,380.07567166285,374.49567830124,374.49567830124,374.49567830124,376.04553613242,0.028617294117526,0.089994003207415,0.059328839441731,0.071833748627006,405.83207251482,0.027593314075306,0.066092493437159,0.031899657938063,405.60594208811,0.016086154256318,0.026041152987575,0,3.4845546057632e-15,4.9062397117532e-19,0,0,6.6879834703116e-19,4.9429438643501e-19,5.4943430646405e-19,0,5.1075758821738e-19,3.7817593720749e-19,0,4.9157517345106e-19,3.9840558140652e-19,2.5103383274058e-16,0,0,2.6367560710313e-16,2.4884506500147e-16,2.5938589487732e-16,0,2.537805014376e-16,2.4060372973221e-16,0,2.447486724229e-16,2.4294196948296e-16
7.5,714721198.4432,714721198.4432,714721198.4432,136943420.66542,136943420.66542,136943420.66542,1,1,1,258440073.74965,6.4171377044109e-05,0.00022116356892842,6.6236047090067e-05,1.0717918396316,254.931853752,254.931853752,252.51576888994,252.51576888994,254.931853752,256.56454143264,256.56454143264,256.56454143264,251.0050667334,251.0050667334,251.0050667334,252.51576888994,0.0026376601639114,-1.6988065298568e-23,4.8825050326479e-28,-0.0031630259855177,-0.0027892246527392,-0.0024653553530036,-5.4214341403084e-25,-0.0027818544980151,-0.0030479040623304,-6.9915361468083e-23,-0.0030846397438057,0.00293078625448,378.35606564405,378.35606564405,375.93998078199,375.93998078199,378.35606564405,379.98875332469,379.98875332469,379.98875332469,374.42927862545,374.42927862545,374.42927862545,375.93998078199,0.028477545650337,0.090583945358443,0.059721468748056,0.072298736248326,405.78011742345,0.036256021172275,0.066317757510463,0.031795551131255,405.56209133759,0.018154828463066,0.031665056637865,0,3.5270038742911e-15,4.8917591225727e-19,0,0,6.7190119671297e-19,4.9650706580548e-19,5.4852144988833e-19,0,5.121906637204e-19,3.7748799251502e-19,0,4.9430113679905e-19,3.9745692150912e-19,2.5172563195008e-16,0,0,2.6462581888809e-16,2.4954723202775e-16,2.6016162135101e-16,0,2.5450484842076e-16,2.4113757837085e-16,0,2.4544771979446e-16,2.4350405845181e-16
7.55,713536785.33311,713536785.33311,713536785.33311,135759007.55533,135759007.55533,135759007.55533,1,1,1,258787414.31301,6.4606529867341e-05,0.00022263993689,6.6682573297223e-05,1.0722890095307,254.72561407754,254.72561407754,252.28637923555,252.28637923555,254.72561407754,256.35338575372,256.35338575372,256.35338575372,250.81446533956,250.81446533956,250.81446533956,252.28637923555,0.0026349539359078,-1.5483905149741e-23,2.325267598453e-27,-0.0031680703231038,-0.0027852136246558,-0.002465495292768,-2.3244336717065e-25,-0.0027831578910158,-0.0030418188645167,-7.3685242911324e-23,-0.0030795113714737,0.0029309987935019,378.27402382691,378.27402382691,375.83478898492,375.83478898492,378.27402382691,379.90179550309,379.90179550309,379.90179550309,374.36287508893,374.36287508893,374.36287508893,375.83478898492,0.028391860099669,0.091173452919762,0.060113690767711,0.072763508108955,405.72965588348,0.035715486939959,0.067273735611317,0.031781349976214,405.51005591709,0.017647101353609,0.027484587151359,0,3.5694021344075e-15,4.8727827759961e-19,0,0,6.7540452848617e-19,4.9903463712697e-19,5.4740314625502e-19,0,5.1427961630164e-19,3.7703444594121e-19,0,4.9708659305102e-19,3.9650933130242e-19,2.5241474749891e-16,0,0,2.6558098513237e-16,2.5025297357967e-16,2.6093576630453e-16,0,2.5523214962898e-16,2.4167078559778e-16,0,2.4615070639602e-16,2.4406480732575e-16
7.6,712365741.38028,712365741.38028,712365741.38028,134587963.6025,134587963.6025,134587963.6025,1,1,1,259128983.33365,6.5041449372775e-05,0.00022411626561002,6.7127530048731e-05,1.0727861590943,254.52169026724,254.52169026724,252.0596030632,252.0596030632,254.52169026724,256.14440738022,256.14440738022,256.14440738022,250.62599661811,250.62599661811,250.62599661811,252.0596030632,0.0026312375450927,-1.4067031436526e-23,4.5490155294015e-27,-0.0031746784702643,-0.0027820721661296,-0.0024644328647068,-3.4233269202219e-25,-0.0027833627748101,-0.0030356853771608,-7.7875387997399e-23,-0.0030749691723171,0.0029309989859092,378.19209551982,378.19209551982,375.73000831578,375.73000831578,378.19209551982,379.8148126328,379.8148126328,379.8148126328,374.29640187069,374.29640187069,374.29640187069,375.73000831578,0.028273013190713,0.091762494578088,0.060505478791476,0.073228066733188,405.67914042441,0.034460090367621,0.066530438865814,0.032455967420923,405.46083950335,0.016920691183575,0.029971923003313,0,3.6118958732463e-15,4.8624369761311e-19,0,0,6.7789315652777e-19,5.0090234559073e-19,5.4688678075076e-19,0,5.1498316146049e-19,3.7684740661981e-19,0,4.9967659253072e-19,3.9580618870238e-19,2.5310239993069e-16,0,0,2.6653967082817e-16,2.5096135647023e-16,2.6170918100695e-16,0,2.5596044580031e-16,2.4220372831117e-16,0,2.4685735580998e-16,2.4462456180588e-16
7.65,711207532.47563,711207532.47563,711207532.47563,133429754.69784,133429754.69784,133429754.69784,1,1,1,259463989.82768,6.5475359380318e-05,0.00022559256092678,6.7570583282972e-05,1.0732832938115,254.32000468772,254.32000468772,251.83532985642,251.83532985642,254.32000468772,255.93748623038,255.93748623038,255.93748623038,250.43960810376,250.43960810376,250.43960810376,251.83532985642,0.0026276138164626,-1.304295433056e-23,7.8298928646864e-27,-0.0031806952081458,-0.0027785193569003,-0.0024638610848728,-2.6031685544962e-25,-0.0027840783961587,-0.0030294108911766,-8.3236539697566e-23,-0.0030704704443158,0.0029311345318742,378.11026767032,378.11026767032,375.62559283901,375.62559283901,378.11026767032,379.72774921297,379.72774921297,379.72774921297,374.22987108636,374.22987108636,374.22987108636,375.62559283901,0.02822718881644,0.092351077815177,0.060896831343469,0.073692411005201,405.63012111735,0.029188171043643,0.066362842832888,0.031320468694139,405.40836877813,0.017439650413023,0.027411489604374,0,3.6543288345435e-15,4.8489155011952e-19,0,0,6.8112333648349e-19,5.0327377876862e-19,5.4636469861883e-19,0,5.1603615273107e-19,3.7680307988627e-19,0,5.0208490307217e-19,3.9529940690058e-19,2.5378814013715e-16,0,0,2.6750292468827e-16,2.5167309307375e-16,2.6248185737374e-16,0,2.5669023112618e-16,2.4273660833709e-16,0,2.4756741108937e-16,2.4518359958832e-16
7.7,710061901.38722,710061901.38722,710061901.38722,132284123.60944,132284123.60944,132284123.60944,1,1,1,259792556.14884,6.5907908051334e-05,0.00022706874586263,6.8010668014894e-05,1.0737804224102,254.12051689435,254.12051689435,251.61352370078,251.61352370078,254.12051689435,255.73259539124,255.73259539124,255.73259539124,250.25522661632,250.25522661632,250.25522661632,251.61352370078,0.002625006518334,-1.1709479992218e-23,1.0944951867858e-26,-0.0031855732673145,-0.0027749816347355,-0.0024638927025431,-1.4655894069642e-25,-0.0027849239324901,-0.0030237083457052,-8.5775641316465e-23,-0.003065450574839,0.0029309315001525,378.02852991799,378.02852991799,375.52153672442,375.52153672442,378.02852991799,379.64060841488,379.64060841488,379.64060841488,374.16323963997,374.16323963997,374.16323963997,375.52153672442,0.028156807064841,0.092939214930174,0.061287793521483,0.074156541105736,405.57826679676,0.031503549692597,0.066967060753101,0.033306677771544,405.35843891351,0.016080409102944,0.027309965209546,0,3.6967681853743e-15,4.8316254386458e-19,0,0,6.8399858462162e-19,5.0552200997998e-19,5.4511379844104e-19,0,5.1773990973137e-19,3.7611926595519e-19,0,5.0503306215413e-19,3.9412863908302e-19,2.5447143515951e-16,0,0,2.6847024476329e-16,2.5238800915634e-16,2.6325276470053e-16,0,2.574224259283e-16,2.4326852130407e-16,0,2.4828163569531e-16,2.4574098165503e-16
7.75,708928946.14675,708928946.14675,708928946.14675,131151168.36897,131151168.36897,131151168.36897,1,1,1,260115543.60569,6.6339789222305e-05,0.00022854490620562,6.844943159463e-05,1.0742775333296,253.92320201823,253.92320201823,251.39423335791,251.39423335791,253.92320201823,255.52976418581,255.52976418581,255.52976418581,250.07287287316,250.07287287316,250.07287287316,251.39423335791,0.0026216682489262,-1.0319285661858e-23,1.6527417596869e-26,-0.0031910523226173,-0.0027717749583266,-0.0024631231151188,-3.0568896471675e-26,-0.002784727280753,-0.0030179429644007,-9.0105913417382e-23,-0.0030614013509329,0.0029309556742655,377.94688586817,377.94688586817,375.41791720785,375.41791720785,377.94688586817,379.55344803575,379.55344803575,379.55344803575,374.0965567231,374.0965567231,374.0965567231,375.41791720785,0.028047983023647,0.093526889340782,0.061678320609452,0.074620458654333,405.52827499508,0.027979550998863,0.06722214235253,0.03368072924968,405.30634083366,0.012679021957129,0.025740583257066,0,3.739118589233e-15,4.8174277530533e-19,0,0,6.8693509855827e-19,5.0786808390354e-19,5.4434352893328e-19,0,5.1898133961767e-19,3.7609295721096e-19,0,5.0770439427065e-19,3.9338901629722e-19,2.5515272232593e-16,0,0,2.6944171769614e-16,2.5310624308849e-16,2.6402258270174e-16,0,2.5815637637741e-16,2.4380039706488e-16,0,2.4899963813537e-16,2.4629731773717e-16
7.8,707808075.96754,707808075.96754,707808075.96754,130030298.18975,130030298.18975,130030298.18975,1,1,1,260432092.09857,6.674862003412e-05,0.00023001945341945,6.8859122977165e-05,1.0747748518157,253.72796163674,253.72796163674,251.17734780933,251.17734780933,253.72796163674,255.32889656948,255.32889656948,255.32889656948,249.89244348198,249.89244348198,249.89244348198,251.17734780933,0.0026273731978297,-1.3225527522563e-23,3.5640733247863e-26,-0.0031658563373258,-0.0027525965078692,-0.0024871655986458,-9.3476601870425e-25,-0.0028225690149798,-0.0029969219181296,-8.5622262123436e-23,-0.0030593625629962,0.0029262954681373,377.86528588446,377.86528588446,375.31467205705,375.31467205705,377.86528588446,379.4662208172,379.4662208172,379.4662208172,374.02976772969,374.02976772969,374.02976772969,375.31467205705,0.02799866028758,0.094114205636906,0.062068547442109,0.075084119600415,405.43806056618,0.054205762355601,0.076867225390048,0.070949106152995,405.24922471864,0.021171129259784,0.062074546316742,0,3.7821674032498e-15,4.6713757544487e-19,0,0,6.9679265675051e-19,5.1434057420007e-19,5.3582012936837e-19,0,5.2188654228125e-19,3.7726810709177e-19,0,5.0485402949195e-19,3.9650527356329e-19,2.5581335462062e-16,0,0,2.7042713132148e-16,2.5383363050421e-16,2.6478034679568e-16,0,2.5889443540352e-16,2.4433393473858e-16,0,2.4971360955089e-16,2.4685806087259e-16
7.85,706705969.65915,706705969.65915,706705969.65915,128928191.88137,128928191.88137,128928191.88137,1,1,1,260768273.04701,6.7185525582334e-05,0.00023149604453517,6.9300483458641e-05,1.0752717792204,253.53477986305,253.53477986305,250.96526417364,250.96526417364,253.53477986305,255.13171536032,255.13171536032,255.13171536032,249.71444785314,249.71444785314,249.71444785314,250.96526417364,0.0026113195842616,-7.2658222716501e-24,2.7578467002544e-26,-0.0032038376260055,-0.0027635798812683,-0.0024613285916455,5.4191957499995e-26,-0.0027829695243704,-0.0030078189428823,-9.4396427632078e-23,-0.0030528541855958,0.0029291037209629,377.78324775329,377.78324775329,375.21373206389,375.21373206389,377.78324775329,379.38018325056,379.38018325056,379.38018325056,373.96291574339,373.96291574339,373.96291574339,375.21373206389,0.027694490972692,0.094700938224079,0.062458200502945,0.075547623807128,405.41693015179,0.03290943438716,0.060729243499419,0.038694335262281,405.2036115321,0.016248987358987,0.034334519167498,0,3.8242672286677e-15,4.787392956585e-19,0,0,6.9206379683424e-19,5.1293915759655e-19,5.4203323721034e-19,0,5.206396585988e-19,3.7518915986351e-19,0,5.1302856025799e-19,3.9094609063289e-19,2.5649039422538e-16,0,0,2.7140585732899e-16,2.5455903601755e-16,2.65546897551e-16,0,2.5963073106982e-16,2.4486453233691e-16,0,2.5043914149869e-16,2.4741094213612e-16
7.9,705609138.77108,705609138.77108,705609138.77108,127831360.99329,127831360.99329,127831360.99329,1,1,1,261068209.73985,6.7614010615091e-05,0.00023297187778439,6.9731861319832e-05,1.0757688277914,253.34377731414,253.34377731414,250.75305345465,250.75305345465,253.34377731414,254.93465703512,254.93465703512,254.93465703512,249.53798050587,249.53798050587,249.53798050587,250.75305345465,0.0026118008589944,-5.6026287269993e-24,3.340700217522e-26,-0.0032058613577441,-0.0027604061193973,-0.0024625259516199,7.3592900438945e-25,-0.00278615490259,-0.0030008905405233,-9.6230469144747e-23,-0.0030491458234853,0.0029299571655324,377.70195450996,377.70195450996,375.11123065047,375.11123065047,377.70195450996,379.29283423094,379.29283423094,379.29283423094,373.89615770169,373.89615770169,373.89615770169,375.11123065047,0.02803512932184,0.095287296682716,0.062847563920502,0.076010900749643,405.3713874995,0.025148385466461,0.067308829161608,0.032351838284707,405.14903280031,0.011610741076284,0.023377454705102,0,3.8661875695307e-15,4.7616425947118e-19,0,0,6.9549662976613e-19,5.1526482229167e-19,5.4024707945553e-19,0,5.2315538068184e-19,3.7444174252171e-19,0,5.1624685468901e-19,3.9003068410573e-19,2.5716379217904e-16,0,0,2.7238943809539e-16,2.5528773051745e-16,2.663109222978e-16,0,2.6037058450441e-16,2.453940729275e-16,0,2.5116922480213e-16,2.4796252881933e-16
7.95,704524164.72528,704524164.72528,704524164.72528,126746386.94749,126746386.94749,126746386.94749,1,1,1,261367693.5321,6.8042266958431e-05,0.00023444779669377,7.016230211882e-05,1.0762658840119,253.15475845089,253.15475845089,250.54330919527,250.54330919527,253.15475845089,254.73964898647,254.73964898647,254.73964898647,249.36322263011,249.36322263011,249.36322263011,250.54330919527,0.0026086699560828,-4.1308186233645e-24,3.782863967958e-26,-0.0032115443984698,-0.0027581633995732,-0.0024617992879206,9.2933826114451e-25,-0.0027859285801728,-0.0029960031960617,-1.0079395098353e-22,-0.0030437038037876,0.0029302467458764,377.62069402471,377.62069402471,375.00924476909,375.00924476909,377.62069402471,379.2055845603,379.2055845603,379.2055845603,373.82915820393,373.82915820393,373.82915820393,375.00924476909,0.027770833865344,0.095873187401548,0.063236494047163,0.076473966770803,405.32104201567,0.023788087919611,0.067435821134583,0.031919651480853,405.09701901672,0.01250602532559,0.021160576320496,0,3.9080280837938e-15,4.7524947009523e-19,0,0,6.983621622038e-19,5.1727048136077e-19,5.3961612679371e-19,0,5.2444974438196e-19,3.7396707878749e-19,0,5.1891530047662e-19,3.8914745791544e-19,2.5783589642516e-16,0,0,2.7337707133663e-16,2.5601926144761e-16,2.6707405474279e-16,0,2.611122684457e-16,2.459229422422e-16,0,2.5190308185778e-16,2.4851286643207e-16
8,703450326.37016,703450326.37016,703450326.37016,125672548.59238,125672548.59238,125672548.59238,1,1,1,261661018.82874,6.8469623061028e-05,0.00023592366395779,7.0590604603713e-05,1.0767629231441,252.96769467849,252.96769467849,250.33578654251,250.33578654251,252.96769467849,254.5464217899,254.5464217899,254.5464217899,249.19022675909,249.19022675909,249.19022675909,250.33578654251,0.0026056244065627,-2.9766114573129e-24,4.5485771825818e-26,-0.0032160207475745,-0.0027545783663427,-0.0024623502901164,1.1188954167213e-24,-0.0027860845976634,-0.0029906292749171,-1.0438433525387e-22,-0.0030389062216582,0.0029300284451388,377.53951453799,377.53951453799,374.907606402,374.907606402,377.53951453799,379.11824164939,379.11824164939,379.11824164939,373.76204661859,373.76204661859,373.76204661859,374.907606402,0.027707204142449,0.096458622575995,0.063625021869939,0.076936820228033,405.26937333707,0.027392269934198,0.067607001072814,0.035032694548531,405.04871458553,0.012411825917539,0.023529748489521,0,3.9496248437061e-15,4.7356819053778e-19,0,0,7.0123794920318e-19,5.1971697851699e-19,5.3852946708632e-19,0,5.2536201550142e-19,3.7336916370206e-19,0,5.2127714906504e-19,3.8816837664526e-19,2.5850562298292e-16,0,0,2.7436877155484e-16,2.5675425224722e-16,2.6783565041888e-16,0,2.6185524253318e-16,2.4645096597728e-16,0,2.5264027907175e-16,2.4906181941481e-16
8.05,702387720.13911,702387720.13911,702387720.13911,124609942.36133,124609942.36133,124609942.36133,1,1,1,261948769.46516,6.8895966766996e-05,0.00023739947826088,7.1016953703475e-05,1.0772599562328,252.78252838393,252.78252838393,250.13053186906,250.13053186906,252.78252838393,254.35502967297,254.35502967297,254.35502967297,249.01902810539,249.01902810539,249.01902810539,250.13053186906,0.002602017600654,-1.6736309351613e-24,5.5374794366673e-26,-0.0032209059561536,-0.0027513629687515,-0.0024622731447941,1.4016233339106e-24,-0.0027863334982958,-0.0029853435650122,-1.0892280511757e-22,-0.0030347494901173,0.0029298388147655,377.45837431474,377.45837431474,374.80637779987,374.80637779987,377.45837431474,379.03087560377,379.03087560377,379.03087560377,373.69487403619,373.69487403619,373.69487403619,374.80637779987,0.027612586248905,0.097043619212413,0.064013150936673,0.077399461358646,405.21860130938,0.022328509616397,0.066252487457977,0.033723112467249,404.99459528891,0.011733431389824,0.0215943197347,0,3.9909329740229e-15,4.7199468866302e-19,0,0,7.0420534149875e-19,5.2208374817388e-19,5.375401443951e-19,0,5.2624573574923e-19,3.7325612012269e-19,0,5.2364085614977e-19,3.8746579771381e-19,2.59173124273e-16,0,0,2.7536466829948e-16,2.5749259016458e-16,2.685958469814e-16,0,2.6259946638982e-16,2.469788298446e-16,0,2.5338081907233e-16,2.4960977880089e-16
8.1,701336102.84992,701336102.84992,701336102.84992,123558325.07214,123558325.07214,123558325.07214,1,1,1,262231300.28085,6.932147843926e-05,0.00023887525370662,7.1441185883887e-05,1.0777569783926,252.59926228484,252.59926228484,249.92751604791,249.92751604791,252.59926228484,254.16542850914,254.16542850914,254.16542850914,248.84952959593,248.84952959593,248.84952959593,249.92751604791,0.0025994048135294,-3.4821623157763e-25,6.5530992974326e-26,-0.0032253676951376,-0.0027481704327537,-0.0024621685488889,1.6746819371171e-24,-0.0027858559796728,-0.0029807907780483,-1.1005810257378e-22,-0.0030298620581829,0.0029296357083361,377.37731089029,377.37731089029,374.70556465336,374.70556465336,377.37731089029,378.94347711459,378.94347711459,378.94347711459,373.62757820138,373.62757820138,373.62757820138,374.70556465336,0.027531981155978,0.097628169205396,0.064400894209016,0.077861891378064,405.16528394638,0.027125136281964,0.067589340565095,0.035322467523404,404.94487554207,0.010975170730686,0.023141764016171,0,4.0320738899347e-15,4.7032604582253e-19,0,0,7.0668981565138e-19,5.2427339475989e-19,5.3608332672947e-19,0,5.2754680688124e-19,3.7241595564748e-19,0,5.264867043689e-19,3.8612093516025e-19,2.5983826574574e-16,0,0,2.7636407862117e-16,2.5823402470984e-16,2.6935398329262e-16,0,2.6334553023889e-16,2.4750550553992e-16,0,2.5412538371006e-16,2.5015583626411e-16
8.15,700295381.56494,700295381.56494,700295381.56494,122517603.78716,122517603.78716,122517603.78716,1,1,1,262508347.55834,6.9745932048018e-05,0.00024035095727491,7.1863325666656e-05,1.0782539878259,252.41785442694,252.41785442694,249.72670024787,249.72670024787,252.41785442694,253.97760333295,253.97760333295,253.97760333295,248.6817656406,248.6817656406,248.6817656406,249.72670024787,0.0025963192393914,8.9573112601651e-25,7.8401250355103e-26,-0.0032294790843439,-0.0027447453316169,-0.00246234812448,1.9703888487917e-24,-0.002786041599858,-0.0029757566160895,-1.1237751978355e-22,-0.0030255507146729,0.0029292933885657,377.29631850458,377.29631850458,374.60516432551,374.60516432551,377.29631850458,378.85606741059,378.85606741059,378.85606741059,373.56022971824,373.56022971824,373.56022971824,374.60516432551,0.027453483220259,0.09821227967694,0.064788242734577,0.078324109383866,405.11318656013,0.025416251956729,0.067667816224151,0.035758078173979,404.89147663112,0.01060759394266,0.021722965383559,0,4.0729678433962e-15,4.6855215802476e-19,0,0,7.0945235151957e-19,5.2665062273798e-19,5.3476749842886e-19,0,5.2867588576633e-19,3.7195444134263e-19,0,5.2902004297932e-19,3.8513957124164e-19,2.605008985623e-16,0,0,2.7736739575854e-16,2.5897882116315e-16,2.7011025874162e-16,0,2.6409319084664e-16,2.4803152855545e-16,0,2.548735310296e-16,2.5070050586917e-16
8.2,699265354.16439,699265354.16439,699265354.16439,121487576.3866,121487576.3866,121487576.3866,1,1,1,262780388.72896,7.0169544877172e-05,0.00024182662299445,7.2283603879534e-05,1.0787509856333,252.23826895301,252.23826895301,249.52807408667,249.52807408667,252.23826895301,253.79152804499,253.79152804499,253.79152804499,248.5156708763,248.5156708763,248.5156708763,249.52807408667,0.0025931991633784,2.1212630382521e-24,9.2625053164425e-26,-0.0032338754305163,-0.0027415223515584,-0.0024623445225131,2.3043422434277e-24,-0.0027856297908901,-0.0029710908255355,-1.1426841878768e-22,-0.0030212180024336,0.0029290089290284,377.2153870708,377.2153870708,374.50519220446,374.50519220446,377.2153870708,378.76864616278,378.76864616278,378.76864616278,373.49278899409,373.49278899409,373.49278899409,374.50519220446,0.027362717960025,0.098795947522958,0.065175207464094,0.078786116343449,405.060314328,0.025628490231241,0.067540038303275,0.035767411967022,404.83894729722,0.009755745552888,0.021725444810311,0,4.1135861091442e-15,4.6685455108298e-19,0,0,7.1198364847584e-19,5.2891011569587e-19,5.3337620232319e-19,0,5.2974149988303e-19,3.7143999710771e-19,0,5.3162480213146e-19,3.8407623969189e-19,2.6116113060009e-16,0,0,2.7837429269041e-16,2.5972681302204e-16,2.7086456660079e-16,0,2.6484235846033e-16,2.4855682403697e-16,0,2.5562536203487e-16,2.5124367169632e-16
8.25,698245831.17065,698245831.17065,698245831.17065,120468053.39287,120468053.39287,120468053.39287,1,1,1,263047257.38649,7.0592234298424e-05,0.00024330223484912,7.2701958867943e-05,1.0792479698329,252.06048296911,252.06048296911,249.3315925931,249.3315925931,252.06048296911,253.60716821207,253.60716821207,253.60716821207,248.35121915885,248.35121915885,248.35121915885,249.3315925931,0.0025901012697755,3.2983118765536e-24,1.0879866376261e-25,-0.0032379986729564,-0.0027382290768344,-0.0024624738993188,2.6433739361221e-24,-0.0027853415460912,-0.0029663787307691,-1.1593741416033e-22,-0.0030169712742557,0.0029286412067119,377.13453092943,377.13453092943,374.40564055343,374.40564055343,377.13453092943,378.6812161724,378.6812161724,378.6812161724,373.42526711917,373.42526711917,373.42526711917,374.40564055343,0.027289320895609,0.099379174672155,0.065561787705438,0.079247912264296,405.00746762782,0.025341358961271,0.067576850440997,0.0359905437388,404.78606901198,0.0092291570362949,0.021550964945305,0,4.153918472016e-15,4.6511065235691e-19,0,0,7.1459375179815e-19,5.3123225454611e-19,5.3196724165997e-19,0,5.3075112194255e-19,3.7092821009525e-19,0,5.3416080273706e-19,3.8304643973023e-19,2.6181889639266e-16,0,0,2.7938488086579e-16,2.6047808888119e-16,2.7161688188869e-16,0,2.6559295389523e-16,2.4908139574235e-16,0,2.5638077948659e-16,2.5178538116641e-16
8.3,697236644.34115,697236644.34115,697236644.34115,119458866.56337,119458866.56337,119458866.56337,1,1,1,263309087.60543,7.1013892981013e-05,0.00024477777800345,7.3118275343209e-05,1.079744942997,251.88445980888,251.88445980888,249.13723079947,249.13723079947,251.88445980888,253.42450036311,253.42450036311,253.42450036311,248.18838191928,248.18838191928,248.18838191928,249.13723079947,0.0025870982799815,4.4516921482581e-24,1.2695251494422e-25,-0.0032418333534624,-0.0027349825194964,-0.0024627298474432,3.0111722818145e-24,-0.0027851058504482,-0.0029617987910993,-1.1730386915858e-22,-0.0030127351427889,0.0029281851102322,377.05374267071,377.05374267071,374.3065136613,374.3065136613,377.05374267071,378.59378322493,378.59378322493,378.59378322493,373.35766478111,373.35766478111,373.35766478111,374.3065136613,0.027211222528377,0.099961965496474,0.065947988252928,0.07970949720785,404.95447628823,0.024244778566409,0.067445643337618,0.036189295678508,404.732124542,0.0085847864338767,0.020411547795462,0,4.1939505644126e-15,4.6332346300074e-19,0,0,7.1706540064441e-19,5.3348404163007e-19,5.3046552260632e-19,0,5.3181775786936e-19,3.7038607570544e-19,0,5.366830867106e-19,3.8201290587729e-19,2.624741347178e-16,0,0,2.8039896448049e-16,2.6123254924818e-16,2.7236707342513e-16,0,2.6634505778112e-16,2.4960520075393e-16,0,2.5713976398651e-16,2.523256289989e-16
8.35,696237647.63275,696237647.63275,696237647.63275,118459869.85497,118459869.85497,118459869.85497,1,1,1,263566121.53687,7.143350213257e-05,0.00024625397238477,7.353070691448e-05,1.0802419526356,251.71017053966,251.71017053966,248.9449695015,248.9449695015,251.71017053966,253.24350492519,253.24350492519,253.24350492519,248.02712747443,248.02712747443,248.02712747443,248.9449695015,0.0025838898004918,6.1692001674754e-24,1.4535174383142e-25,-0.0032436877458752,-0.0027320045287191,-0.0024653460483295,2.6315308715248e-24,-0.0027882455813211,-0.0029567658346031,-1.1950552716104e-22,-0.0030072766239847,0.0029276004824338,376.97302250347,376.97302250347,374.20782146531,374.20782146531,376.97302250347,378.506356889,378.506356889,378.506356889,373.28997943823,373.28997943823,373.28997943823,374.20782146531,0.027126705202863,0.10054437963952,0.066333781293258,0.08017086755519,404.90652018035,-0.021234580976941,0.06196057872066,0.042410376565939,404.63970824286,0.012498002831619,-0.023284056851172,0,4.2336565106631e-15,4.6168729189706e-19,0,0,7.2014514987863e-19,5.354518993165e-19,5.2910506566553e-19,0,5.3233189087111e-19,3.7054204015614e-19,0,5.384992522066e-19,3.8180767981439e-19,2.6312705914758e-16,0,0,2.8141740351832e-16,2.6198979258619e-16,2.7311534098491e-16,0,2.6709788876087e-16,2.5012922633255e-16,0,2.5790131693231e-16,2.5286558659791e-16
8.4,695248583.64914,695248583.64914,695248583.64914,117470805.87135,117470805.87135,117470805.87135,1,1,1,263819717.09053,7.1852459854068e-05,0.0002477288207362,7.3942682135547e-05,1.0807388490924,251.53753293953,251.53753293953,248.75485235461,248.75485235461,251.53753293953,253.0641163162,253.0641163162,253.0641163162,247.86737530506,247.86737530506,247.86737530506,248.75485235461,0.0025812602415408,6.9121423258589e-24,1.7443542526069e-25,-0.0032478463965854,-0.0027272658049049,-0.0024640954061,3.7436592001976e-24,-0.0027850185928194,-0.0029526983539045,-1.1928517285248e-22,-0.0030041062027708,0.0029262098348628,376.89230020259,376.89230020259,374.10961961768,374.10961961768,376.89230020259,378.41888357926,378.41888357926,378.41888357926,373.22214256812,373.22214256812,373.22214256812,374.10961961768,0.026910103652863,0.10112618503589,0.066719157018918,0.08063203144238,404.84967885727,0.018924600779219,0.066224979691723,0.035921171854165,404.6210560252,0.012138492363998,0.012497676550986,0,4.2731391928656e-15,4.5927776325195e-19,0,0,7.2224853410927e-19,5.3842247178904e-19,5.2731107949504e-19,0,5.3459373647573e-19,3.6892048758833e-19,0,5.4185201617098e-19,3.7969002110821e-19,2.6377657598927e-16,0,0,2.8243881719066e-16,2.6275123694808e-16,2.7386107146512e-16,0,2.6785391847335e-16,2.5065095868953e-16,0,2.5866761140238e-16,2.5340254937526e-16
8.45,694269528.0591,694269528.0591,694269528.0591,116491750.28132,116491750.28132,116491750.28132,1,1,1,264068071.06151,7.2272498373433e-05,0.00024920429521601,7.4354963068606e-05,1.0812357774835,251.36660999565,251.36660999565,248.56672385964,248.56672385964,251.36660999565,252.8864218086,252.8864218086,252.8864218086,247.70920639798,247.70920639798,247.70920639798,248.56672385964,0.0025771822496913,7.7163806043884e-24,1.9322886891317e-25,-0.0032542806615314,-0.0027265924268442,-0.0024622731810764,4.1125048877897e-24,-0.0027825563511639,-0.0029476406478674,-1.2132597947074e-22,-0.0030013079465968,0.0029272187014958,376.81168171905,376.81168171905,374.01179558303,374.01179558303,376.81168171905,378.33149353199,378.33149353199,378.33149353199,373.15427812137,373.15427812137,373.15427812137,374.01179558303,0.026908268885062,0.10170764375887,0.067104209885474,0.081092987801276,404.79421670549,0.025248820680703,0.06861481148624,0.036373243549574,404.57616044915,0.0033532359057515,0.027892281877507,0,4.31232277891e-15,4.5856277708043e-19,0,0,7.244558132299e-19,5.4023605856687e-19,5.2623354312642e-19,0,5.3395397448208e-19,3.6926637484886e-19,0,5.441455361865e-19,3.7945492913933e-19,2.6442508168781e-16,0,0,2.8346335242707e-16,2.6351524610899e-16,2.7460527807879e-16,0,2.6860904342575e-16,2.5117318020497e-16,0,2.5943714939956e-16,2.5393917968236e-16
8.5,693299792.90963,693299792.90963,693299792.90963,115522015.13185,115522015.13185,115522015.13185,1,1,1,264310120.68965,7.2690808909457e-05,0.00025067959612795,7.4764189395971e-05,1.081732710375,251.19730511339,251.19730511339,248.38050627836,248.38050627836,251.19730511339,252.71019680729,252.71019680729,252.71019680729,247.55253041009,247.55253041009,247.55253041009,248.38050627836,0.0025745840817948,9.1810906365084e-24,2.2037145569691e-25,-0.0032572858328002,-0.0027224992173595,-0.0024638368290234,4.5254505848938e-24,-0.0027824379396826,-0.0029448704231522,-1.2115413704678e-22,-0.0029963152952196,0.0029262513471714,376.73114766148,376.73114766148,373.91434882644,373.91434882644,376.73114766148,378.24403935537,378.24403935537,378.24403935537,373.08637295817,373.08637295817,373.08637295817,373.91434882644,0.026980745381195,0.10228871703229,0.067488922215586,0.081553731884408,404.74117251605,0.01780146369747,0.065045445007049,0.03721341783568,404.51310733503,0.0066441812328034,0.014729868247567,0,4.3509950273325e-15,4.564688282915e-19,0,0,7.2622780918413e-19,5.4223037100225e-19,5.2422159414451e-19,0,5.3509005667094e-19,3.6807451988916e-19,0,5.4653725393928e-19,3.77702041459e-19,2.6507062609558e-16,0,0,2.8449039364419e-16,2.6428207565359e-16,2.7534663936692e-16,0,2.6936577504098e-16,2.5169371618296e-16,0,2.6021006979642e-16,2.5447333103193e-16
8.55,692339834.40896,692339834.40896,692339834.40896,114562056.63117,114562056.63117,114562056.63117,1,1,1,264547480.47489,7.3087051139633e-05,0.00025215317361033,7.5146193680707e-05,1.0822298402476,251.02966066193,251.02966066193,248.19631260514,248.19631260514,251.02966066193,252.53558971476,252.53558971476,252.53558971476,247.39736376209,247.39736376209,247.39736376209,248.19631260514,0.0025820495204455,1.0412508360112e-23,2.6951677497946e-25,-0.0032264411157706,-0.0027100801906205,-0.0024853848837048,3.8009475532874e-24,-0.0028125141260096,-0.0029283563212136,-1.1270993879262e-22,-0.0029987837003762,0.0029193574799117,376.65072172797,376.65072172797,373.81737367118,373.81737367118,376.65072172797,378.1566507808,378.1566507808,378.1566507808,373.01842482813,373.01842482813,373.01842482813,373.81737367118,0.026848512798142,0.10286939940572,0.067873302653745,0.082014231545562,404.64695465863,0.051425387818075,0.058469278830937,0.072162779417857,404.4601031679,0.0075035890380462,0.062292981214602,0,4.3894283099295e-15,4.4299825452213e-19,0,0,7.3565008159945e-19,5.4892733807887e-19,5.1607903528027e-19,0,5.3746635736547e-19,3.6945717366985e-19,0,5.4374089504855e-19,3.798308145198e-19,2.6569712023524e-16,0,0,2.8553075996675e-16,2.6505837613986e-16,2.7607648533787e-16,0,2.7012586725289e-16,2.5221620752868e-16,0,2.6097903554462e-16,2.5501049292123e-16
8.6,691394411.56744,691394411.56744,691394411.56744,113616633.78966,113616633.78966,113616633.78966,1,1,1,264799471.21192,7.350835683407e-05,0.00025362875869539,7.5557302175202e-05,1.0827265891877,250.86347771191,250.86347771191,248.01587316115,248.01587316115,250.86347771191,252.36425778043,252.36425778043,252.36425778043,247.24382060751,247.24382060751,247.24382060751,248.01587316115,0.0025675695383275,1.0988713760828e-23,2.9578402996369e-25,-0.0032621721590721,-0.0027131378802937,-0.002464101434244,5.7946230509476e-24,-0.0027804736091346,-0.0029356886115023,-1.1542990036019e-22,-0.0029900672266252,0.00292428256597,376.56988661174,376.56988661174,373.72228206097,373.72228206097,376.56988661174,378.07066668025,378.07066668025,378.07066668025,372.95022950733,372.95022950733,372.95022950733,373.72228206097,0.027292701525611,0.10344957354207,0.068257255310658,0.082474565781614,404.62400937185,0.023189006024894,0.068535671520107,0.037839452710219,404.40150382238,0.0052694457910837,0.019517215092028,0,4.4271154889828e-15,4.5179833641442e-19,0,0,7.3074540639021e-19,5.4757606516785e-19,5.196751238966e-19,0,5.3755428627161e-19,3.6664146324475e-19,0,5.5160119165152e-19,3.7541492659317e-19,2.6633605957005e-16,0,0,2.8656419003111e-16,2.6583276563765e-16,2.7681141694611e-16,0,2.7088608381505e-16,2.5273471685853e-16,0,2.6175911743087e-16,2.5554140980194e-16
8.65,690453497.33547,690453497.33547,690453497.33547,112675719.55769,112675719.55769,112675719.55769,1,1,1,265027026.38934,7.3926535564561e-05,0.00025510404194432,7.5964533195548e-05,1.083223422629,250.69901102505,250.69901102505,247.83558428786,247.83558428786,250.69901102505,252.19282812982,252.19282812982,252.19282812982,247.09168978179,247.09168978179,247.09168978179,247.83558428786,0.0025637098005373,1.253091250842e-23,3.1344589111914e-25,-0.0032692381488075,-0.002714625640868,-0.0024626760183221,6.5174681503424e-24,-0.0027765970234604,-0.002932800388419,-1.1937255622888e-22,-0.002985633374355,0.0029250914454343,376.48960833636,376.48960833636,373.62618159918,373.62618159918,376.48960833636,377.98342544114,377.98342544114,377.98342544114,372.88228709311,372.88228709311,372.88228709311,373.62618159918,0.026782492787859,0.10402930012478,0.068640804953457,0.082934686065733,404.57731632111,0.018994451532689,0.065638657788018,0.036207981961674,404.35261457418,-0.00015711739024388,0.020665899682859,0,4.4647289000612e-15,4.5200877946387e-19,0,0,7.3228526204752e-19,5.4857692408124e-19,5.1936925448124e-19,0,5.368419275737e-19,3.666955537739e-19,0,5.5367903793887e-19,3.7508870843395e-19,2.6697529651628e-16,0,0,2.8759979778023e-16,2.6660857056369e-16,2.7754591598967e-16,0,2.7164529294987e-16,2.5325330268394e-16,0,2.6254213783553e-16,2.560718653405e-16
8.7,689520696.51675,689520696.51675,689520696.51675,111742918.73897,111742918.73897,111742918.73897,1,1,1,265248925.58121,7.4340363972224e-05,0.00025657906095326,7.6366168179247e-05,1.0837203011198,250.53601407716,250.53601407716,247.65698385268,247.65698385268,250.53601407716,252.0226229441,252.0226229441,252.0226229441,246.94082162489,246.94082162489,246.94082162489,247.65698385268,0.0025635001606918,1.3989529949306e-23,3.5248058361214e-25,-0.003268056199113,-0.0027098128442896,-0.0024657483493425,6.6196859702119e-24,-0.0027798453255525,-0.002928970304182,-1.1816848169099e-22,-0.0029809498899849,0.0029238228874438,376.40939046132,376.40939046132,373.53036023684,373.53036023684,376.40939046132,377.89599932826,377.89599932826,377.89599932826,372.81419800905,372.81419800905,372.81419800905,373.53036023684,0.026817477035649,0.10460866309172,0.069024088389589,0.083394592227596,404.5223707592,0.018621781486178,0.066654872306953,0.037615987149356,404.29477712612,0.0043110750752917,0.014821046004173,0,4.5018436858918e-15,4.4880381674167e-19,0,0,7.3513330941386e-19,5.5111880694644e-19,5.16815740133e-19,0,5.3863096155522e-19,3.6536305321696e-19,0,5.5553450161087e-19,3.7346630898042e-19,2.6761000096076e-16,0,0,2.8863943327655e-16,2.6738797025495e-16,2.7827680381862e-16,0,2.7240703216082e-16,2.5377000406899e-16,0,2.6332778226207e-16,2.5660002645975e-16
8.75,688597670.02787,688597670.02787,688597670.02787,110819892.25009,110819892.25009,110819892.25009,1,1,1,265469138.91596,7.4753693222298e-05,0.00025805406621314,7.6766644144929e-05,1.0842171725268,250.37458227644,250.37458227644,247.48047412216,247.48047412216,250.37458227644,251.85415831767,251.85415831767,251.85415831767,246.79137603769,246.79137603769,246.79137603769,247.48047412216,0.0025607013041339,1.5435728556699e-23,3.9590223735464e-25,-0.0032708983442605,-0.0027072084014938,-0.0024660234679303,6.9949379701428e-24,-0.0027789705543624,-0.0029248172811025,-1.1881367063319e-22,-0.0029769663892183,0.0029235246351133,376.3292565678,376.3292565678,373.43514841352,373.43514841352,376.3292565678,377.80883260903,377.80883260903,377.80883260903,372.74605032905,372.74605032905,372.74605032905,373.43514841352,0.026536998333916,0.10518759173341,0.069407001906173,0.083854290291306,404.46693015077,0.016202782145313,0.06781332686714,0.037000775117016,404.23725988902,0.0026599206933198,0.013642078647592,0,4.5386278337071e-15,4.4698859901225e-19,0,0,7.3752340195286e-19,5.5325846194041e-19,5.1503950914905e-19,0,5.3920132132728e-19,3.6498238643624e-19,0,5.5762231408639e-19,3.7256505483802e-19,2.6824213829971e-16,0,0,2.8968244887416e-16,2.6817039587533e-16,2.7900517967762e-16,0,2.7316957798229e-16,2.5428616710992e-16,0,2.6411637930133e-16,2.5712691301316e-16
8.8,687683506.18492,687683506.18492,687683506.18492,109905728.40714,109905728.40714,109905728.40714,1,1,1,265685455.64556,7.5165667126649e-05,0.00025952897992014,7.7164828656281e-05,1.0847140333653,250.21464027319,250.21464027319,247.30582493379,247.30582493379,250.21464027319,251.68716804683,251.68716804683,251.68716804683,246.64329148252,246.64329148252,246.64329148252,247.30582493379,0.002557776753308,1.6864870279848e-23,4.3884550418744e-25,-0.0032724728502196,-0.0027040041573383,-0.0024665622427564,7.352369347828e-24,-0.0027786782467898,-0.0029218744285835,-1.1828268276321e-22,-0.0029735127286924,0.0029224642472559,376.24919744455,376.24919744455,373.34038210515,373.34038210515,376.24919744455,377.72172521819,377.72172521819,377.72172521819,372.67784865388,372.67784865388,372.67784865388,373.34038210515,0.026455597855082,0.10576610985479,0.069789582820568,0.084313779438759,404.41141813818,0.010794459258049,0.066332361626765,0.035982765076468,404.17763800211,0.00064000898285613,0.010863458225287,0,4.574883964796e-15,4.4494228218967e-19,0,0,7.3891798242873e-19,5.54924668184e-19,5.1273006656387e-19,0,5.393778912177e-19,3.6455928414744e-19,0,5.5925459864608e-19,3.7155821424092e-19,2.6887138170966e-16,0,0,2.9072743670639e-16,2.6895517786717e-16,2.7973028949159e-16,0,2.7393237351129e-16,2.5480173179385e-16,0,2.6490728473956e-16,2.5765237567895e-16
8.85,686778278.76012,686778278.76012,686778278.76012,109000500.98234,109000500.98234,109000500.98234,1,1,1,265898065.93229,7.5577351734934e-05,0.000261003859465,7.7562192034332e-05,1.0852108365191,250.05616706033,250.05616706033,247.13307010598,247.13307010598,250.05616706033,251.52170126703,251.52170126703,251.52170126703,246.49656062154,246.49656062154,246.49656062154,247.13307010598,0.0025544955363659,1.8349046351528e-23,4.8385214933277e-25,-0.0032755892225397,-0.0027006717726866,-0.0024675394867955,7.9312953569047e-24,-0.0027765169021687,-0.0029182552336263,-1.1740700557439e-22,-0.0029687964965984,0.002921724716364,376.16921038327,376.16921038327,373.24611342892,373.24611342892,376.16921038327,377.63474458997,377.63474458997,377.63474458997,372.60960394447,372.60960394447,372.60960394447,373.24611342892,0.026336883029106,0.10634413755765,0.070171740488463,0.084773060852559,404.35756790319,0.025292497713838,0.065641640808125,0.037191840451974,404.13580596001,0.003734467484639,0.02102289656566,0,4.6108133915891e-15,4.4333669438955e-19,0,0,7.4114782907012e-19,5.5727342023893e-19,5.110863124579e-19,0,5.4022359279495e-19,3.6335806248013e-19,0,5.6147491606754e-19,3.7049481266087e-19,2.6949835447556e-16,0,0,2.9177557801799e-16,2.6974328149602e-16,2.8045307468621e-16,0,2.7469636504294e-16,2.553155976938e-16,0,2.6570133018079e-16,2.5817633446781e-16
8.9,685881355.71759,685881355.71759,685881355.71759,108103577.9398,108103577.9398,108103577.9398,1,1,1,266106110.77194,7.5987855773947e-05,0.00026247868705918,7.7957519195046e-05,1.0857076809819,249.89910158759,249.89910158759,246.96202399291,246.96202399291,249.89910158759,251.35758297056,251.35758297056,251.35758297056,246.3511642519,246.3511642519,246.3511642519,246.96202399291,0.0025525550401251,1.988740285066e-23,5.3122518792776e-25,-0.0032777418569869,-0.002698009280462,-0.0024683676438538,8.291702754999e-24,-0.0027760417090013,-0.0029149225949633,-1.1640567894595e-22,-0.0029651037779389,0.0029214406828886,376.08927033755,376.08927033755,373.15219274287,373.15219274287,376.08927033755,377.54775172052,377.54775172052,377.54775172052,372.54133300186,372.54133300186,372.54133300186,373.15219274287,0.026292184954723,0.10692182562224,0.070553622120687,0.085232133503479,404.30185469814,0.016430270668075,0.066383413527823,0.03831881914855,404.07147063227,0.0022730261354414,0.012835195311145,0,4.6462715089676e-15,4.4125353966143e-19,0,0,7.4263934369842e-19,5.5880305105594e-19,5.0896176164581e-19,0,5.4062115782187e-19,3.627750551063e-19,0,5.6326526441269e-19,3.6940612365482e-19,2.7012238121579e-16,0,0,2.928258286498e-16,2.7053354834952e-16,2.8117285531226e-16,0,2.7546091881643e-16,2.5582863909683e-16,0,2.6649790755694e-16,2.586987536179e-16
8.95,684993069.17606,684993069.17606,684993069.17606,107215291.39827,107215291.39827,107215291.39827,1,1,1,266310461.82556,7.639749866119e-05,0.00026395347008817,7.8351406384351e-05,1.086204501502,249.74347572694,249.74347572694,246.79280001842,246.79280001842,249.74347572694,251.19490925532,251.19490925532,251.19490925532,246.20709433454,246.20709433454,246.20709433454,246.79280001842,0.0025497424992914,2.1539614182446e-23,5.8210527867276e-25,-0.0032799049032608,-0.0026949339448296,-0.0024689567982124,8.7352068011523e-24,-0.0027746744313343,-0.0029116110714259,-1.1546853028074e-22,-0.0029612183067601,0.0029208158168443,376.00943409275,376.00943409275,373.05875838422,373.05875838422,376.00943409275,377.46086762112,377.46086762112,377.46086762112,372.47305270034,372.47305270034,372.47305270034,373.05875838422,0.026207342378803,0.10749907042746,0.070935138002037,0.085690998412807,404.24537607743,0.016786450221881,0.066346726315253,0.038329550117874,404.0150945278,0.001747709647348,0.013110868942897,0,4.681291983211e-15,4.3934784275955e-19,0,0,7.4431738766423e-19,5.6061858679884e-19,5.0686629819867e-19,0,5.409660936296e-19,3.6208386056795e-19,0,5.6506552275387e-19,3.6836703169506e-19,2.7074371289362e-16,0,0,2.9387845239414e-16,2.7132638275829e-16,2.8188967250548e-16,0,2.7622596040283e-16,2.5634070300316e-16,0,2.6729703088285e-16,2.5921970327006e-16
9,684113178.55975,684113178.55975,684113178.55975,106335400.78197,106335400.78197,106335400.78197,1,1,1,266510874.9293,7.6805269003542e-05,0.00026542807403131,7.8742783667435e-05,1.0867013188986,249.58924963215,249.58924963215,246.62533450135,246.62533450135,249.58924963215,251.03363849816,251.03363849816,251.03363849816,246.06433130989,246.06433130989,246.06433130989,246.62533450135,0.0025477008340016,2.3363348722481e-23,6.4199184832294e-25,-0.0032805181312789,-0.0026917929363904,-0.0024706642023828,8.9911531229428e-24,-0.0027744183741526,-0.0029086758606241,-1.1449324749483e-22,-0.0029569711900271,0.0029195504579681,375.92968089571,375.92968089571,372.96576576491,372.96576576491,375.92968089571,377.37406976172,377.37406976172,377.37406976172,372.40476257345,372.40476257345,372.40476257345,372.96576576491,0.026134909999654,0.10807591739671,0.071316322667382,0.086149654269015,404.19054946167,0.0075034300581562,0.064721912413802,0.040060575527608,403.9495880498,0.0026359051107668,0.0013706626069683,0,4.7158930226936e-15,4.3712540024197e-19,0,0,7.4570604875884e-19,5.6229470158599e-19,5.0461352572902e-19,0,5.4210325143975e-19,3.6131473677972e-19,0,5.6692373510972e-19,3.6741966975268e-19,2.713619015631e-16,0,0,2.9493304000184e-16,2.7212158755132e-16,2.8260330379732e-16,0,2.7699261017322e-16,2.568516792042e-16,0,2.6809878211787e-16,2.5973931315011e-16
9.05,683241650.00501,683241650.00501,683241650.00501,105463872.22723,105463872.22723,105463872.22723,1,1,1,266708200.05747,7.7212912460893e-05,0.00026690275100483,7.9133520592171e-05,1.0871981135926,249.43640213732,249.43640213732,246.45965155485,246.45965155485,249.43640213732,250.87378983019,250.87378983019,250.87378983019,245.92282868796,245.92282868796,245.92282868796,246.45965155485,0.0025444457299985,2.5095668398822e-23,6.9851235569619e-25,-0.0032833736539503,-0.0026891380921273,-0.0024704206221932,9.6767919960855e-24,-0.0027724686246165,-0.002904742695069,-1.1388679439502e-22,-0.0029538967242403,0.0029196096394065,375.85000297433,375.85000297433,372.87325239186,372.87325239186,375.85000297433,377.28739066719,377.28739066719,377.28739066719,372.33642952496,372.33642952496,372.33642952496,372.87325239186,0.025998223644671,0.10865232456691,0.071697152606528,0.086608103535702,404.13262028434,0.012236142870661,0.067012644339275,0.037890327111286,403.89775331322,-0.00011632757084214,0.0097184440400727,0,4.7500991244913e-15,4.3545236406858e-19,0,0,7.4782394769458e-19,5.6434477735341e-19,5.0258098698315e-19,0,5.4180637650661e-19,3.6091954881501e-19,0,5.6856992845333e-19,3.6651548317078e-19,2.7197772420214e-16,0,0,2.9599062277094e-16,2.7291969158931e-16,2.833140606453e-16,0,2.7775884009906e-16,2.5736209652506e-16,0,2.6890286142185e-16,2.6025764431723e-16
9.1,682378200.95445,682378200.95445,682378200.95445,104600423.17667,104600423.17667,104600423.17667,1,1,1,266901343.93633,7.7619553950923e-05,0.00026837734100878,7.9522581416797e-05,1.0876948897105,249.28490472782,249.28490472782,246.29565211684,246.29565211684,249.28490472782,250.71529005319,250.71529005319,250.71529005319,245.78259629155,245.78259629155,245.78259629155,246.29565211684,0.0025418279100203,2.6911092219893e-23,7.521818072171e-25,-0.0032849104621149,-0.0026859066049034,-0.0024715141077813,1.0148429057495e-23,-0.0027710324039005,-0.0029021700410899,-1.1217602294725e-22,-0.0029499515947178,0.0029187229780972,375.77041290213,375.77041290213,372.78116029115,372.78116029115,375.77041290213,377.20079822749,377.20079822749,377.20079822749,372.26810446586,372.26810446586,372.26810446586,372.78116029115,0.025975566190766,0.10922832536988,0.072077646189435,0.087066345450053,404.07635937664,0.014555536369064,0.065838370568161,0.038726215616976,403.8430630407,0.00035272299184755,0.010858753088544,0,4.7837990668209e-15,4.3348015928445e-19,0,0,7.4883645677813e-19,5.6579461591969e-19,5.0022599306723e-19,0,5.418955650461e-19,3.5995416174269e-19,0,5.6999564384369e-19,3.6539314597335e-19,2.7259075772242e-16,0,0,2.9704963744411e-16,2.7371984600866e-16,2.8402148702895e-16,0,2.7852519615654e-16,2.5787114858243e-16,0,2.6970895699186e-16,2.6077438825986e-16
9.15,681522821.95671,681522821.95671,681522821.95671,103745044.17892,103745044.17892,103745044.17892,1,1,1,267090687.52315,7.8004331655973e-05,0.00026985007540659,7.988672543643e-05,1.0881918663226,249.13473787626,249.13473787626,246.13334246739,246.13334246739,249.13473787626,250.5581483739,250.5581483739,250.5581483739,245.64362987119,245.64362987119,245.64362987119,246.13334246739,0.0025527164559307,3.1149042730621e-23,8.5605081835702e-25,-0.0032473125111811,-0.0026764365903182,-0.0024882912277751,1.0590379628718e-23,-0.002796847130575,-0.0028900515480527,-1.0916952034541e-22,-0.0029571783340348,0.0029121603209117,375.69090693956,375.69090693956,372.68951153069,372.68951153069,375.69090693956,377.1143174372,377.1143174372,377.1143174372,372.19979893449,372.19979893449,372.19979893449,372.68951153069,0.0258932268855,0.10980401508434,0.072457898687322,0.087524350101487,403.98860748594,0.026513733769316,0.064607723095729,0.067413138829581,403.77065158447,-0.0093354224479438,0.029697697282434,0,4.8173558619009e-15,4.2076419456918e-19,0,0,7.5906030328746e-19,5.7435594496464e-19,4.9153440784353e-19,0,5.453578808045e-19,3.613306702625e-19,0,5.6674634687495e-19,3.672619996722e-19,2.7318580815294e-16,0,0,2.9812311081968e-16,2.7453210797566e-16,2.847166216549e-16,0,2.7929644866792e-16,2.5838214731681e-16,0,2.7051045736204e-16,2.6129377516074e-16
9.2,680679537.57377,680679537.57377,680679537.57377,102901759.79599,102901759.79599,102901759.79599,1,1,1,267291299.34513,7.8414963528578e-05,0.0002713250275939,8.0279560763078e-05,1.0886884465273,248.98568318147,248.98568318147,245.97402839624,245.97402839624,248.98568318147,250.40417369415,250.40417369415,250.40417369415,245.50586618765,245.50586618765,245.50586618765,245.97402839624,0.0025344197686282,2.8904962664595e-23,9.1732981704148e-25,-0.0032883906490752,-0.0026783548637808,-0.0024714419514231,1.1470541205846e-23,-0.0027656803403178,-0.0028950106954694,-1.093796692832e-22,-0.0029447368711113,0.0029169772747962,375.61101942817,375.61101942817,372.59936464293,372.59936464293,375.61101942817,377.02950994085,377.02950994085,377.02950994085,372.13120243434,372.13120243434,372.13120243434,372.59936464293,0.02694587744631,0.11037910958251,0.072837630178594,0.087982187235042,403.9588385797,0.022006366108385,0.069306419499826,0.039461361379861,403.7345978873,-0.0039684671603508,0.022316082038741,0,4.8500318996823e-15,4.2958547288993e-19,0,0,7.516418903312e-19,5.7054699787225e-19,4.953825561273e-19,0,5.4205154255503e-19,3.5882846005169e-19,0,5.7345999623841e-19,3.6330889962427e-19,2.737933337549e-16,0,0,2.9918609297503e-16,2.7533898327802e-16,2.8541719838433e-16,0,2.800630253109e-16,2.5888960739158e-16,0,2.713214522662e-16,2.6180757153392e-16
9.25,679839661.45768,679839661.45768,679839661.45768,102061883.6799,102061883.6799,102061883.6799,1,1,1,267471543.07774,7.8819223338057e-05,0.00027279941957483,8.066465250912e-05,1.0891851813745,248.83803897704,248.83803897704,245.81493570396,245.81493570396,248.83803897704,250.24961002237,250.24961002237,250.24961002237,245.36944489854,245.36944489854,245.36944489854,245.81493570396,0.0025339995338371,3.236107961616e-23,9.5571689503812e-25,-0.0032895081469689,-0.0026769671756765,-0.0024741982201802,1.2040509606745e-23,-0.0027660379913892,-0.0028936352715833,-1.0722765743041e-22,-0.0029393547662679,0.0029167669065156,375.53161305624,375.53161305624,372.50850978316,372.50850978316,375.53161305624,376.94318410157,376.94318410157,376.94318410157,372.06301897773,372.06301897773,372.06301897773,372.50850978316,0.025909119030779,0.11095392158564,0.073217146308672,0.088439807909289,403.90684560826,0.012819193477378,0.065310180717248,0.038231108284734,403.6697992517,-0.0011678856138581,0.0065664040055249,0,4.8823508118676e-15,4.2770685359389e-19,0,0,7.5286267278036e-19,5.7093272328039e-19,4.9313351493671e-19,0,5.4263771194277e-19,3.5756238355697e-19,0,5.747252791654e-19,3.6231564600062e-19,2.7439820258797e-16,0,0,3.0025080157748e-16,2.7614640407849e-16,2.8611459448922e-16,0,2.8083043092259e-16,2.593952769638e-16,0,2.7213423655063e-16,2.6231996323435e-16
9.3,679007615.28467,679007615.28467,679007615.28467,101229837.50689,101229837.50689,101229837.50689,1,1,1,267649519.58512,7.9222207989013e-05,0.00027427372731867,8.1048248400571e-05,1.0896819245144,248.69175220109,248.69175220109,245.65750602482,245.65750602482,248.69175220109,250.0963806178,250.0963806178,250.0963806178,245.23413773909,245.23413773909,245.23413773909,245.65750602482,0.0025312832091058,3.5002139962645e-23,1.0199763766873e-24,-0.0032903813956995,-0.0026746705975222,-0.0024753288023691,1.2248997670598e-23,-0.0027650853416877,-0.0028907116748335,-1.0733804532702e-22,-0.0029360853075681,0.0029159178446738,375.45239321141,375.45239321141,372.41814703514,372.41814703514,375.45239321141,376.85702162813,376.85702162813,376.85702162813,371.99477874941,371.99477874941,371.99477874941,372.41814703514,0.025735105479751,0.11152831399532,0.073596326953443,0.088897221968214,403.8497035837,0.0076820264372999,0.06337405073198,0.037927358746632,403.60954828436,-0.0021629718609021,0.0064338592699935,0,4.9141998389711e-15,4.2576458658546e-19,0,0,7.5393165575877e-19,5.7222331519867e-19,4.9077827252378e-19,0,5.4212009752726e-19,3.5709069520009e-19,0,5.7543314263531e-19,3.6154631124425e-19,2.750003246407e-16,0,0,3.0131702195016e-16,2.7695565005155e-16,2.8680865977834e-16,0,2.8159710451695e-16,2.5990027946795e-16,0,2.7294802190519e-16,2.6283126693114e-16
9.35,678183315.61581,678183315.61581,678183315.61581,100405537.83803,100405537.83803,100405537.83803,1,1,1,267824682.63187,7.962426900581e-05,0.00027574798492523,8.1430329342856e-05,1.0901786509486,248.54673426511,248.54673426511,245.50172385521,245.50172385521,248.54673426511,249.94449199538,249.94449199538,249.94449199538,245.09999740069,245.09999740069,245.09999740069,245.50172385521,0.0025294556611851,3.7222130216472e-23,1.0820381232882e-24,-0.0032911885709156,-0.002671799517796,-0.0024761399178987,1.2783261328978e-23,-0.0027633291895501,-0.0028883217938144,-1.0512726717604e-22,-0.0029317667282594,0.0029154273431943,375.37327760221,375.37327760221,372.32826719231,372.32826719231,375.37327760221,376.77103533248,376.77103533248,376.77103533248,371.9265407378,371.9265407378,371.9265407378,372.32826719231,0.025623306452462,0.11210229331557,0.07397517884045,0.089354430107798,403.79159827998,0.01173199583442,0.065242557197789,0.03939451660707,403.55391603518,-0.0018260441408985,0.0079629096160522,0,4.9456474544358e-15,4.2377820767317e-19,0,0,7.5466601628401e-19,5.7334597478794e-19,4.8831975123958e-19,0,5.4214302652367e-19,3.5602996076349e-19,0,5.7665195557551e-19,3.6032695483095e-19,2.7559963752943e-16,0,0,3.0238428086545e-16,2.7776648370502e-16,2.8749924819332e-16,0,2.823638105378e-16,2.6040378186708e-16,0,2.7376353092153e-16,2.6334084619755e-16
9.4,677366578.30948,677366578.30948,677366578.30948,99588800.531699,99588800.531699,99588800.531699,1,1,1,267996533.48749,8.0025281445604e-05,0.00027722216406405,8.1811154893027e-05,1.0906753701871,248.40294669501,248.40294669501,245.34752513754,245.34752513754,248.40294669501,249.79388669419,249.79388669419,249.79388669419,244.96705539092,244.96705539092,244.96705539092,245.34752513754,0.0025266610988843,3.9663850749344e-23,1.1573296744699e-24,-0.0032920967901476,-0.0026692384562293,-0.0024772884328227,1.306677173636e-23,-0.0027618762513971,-0.0028855411593229,-1.0492392105499e-22,-0.002928428535397,0.002914626178378,375.29425173628,375.29425173628,372.23883017881,372.23883017881,375.29425173628,376.68519173546,376.68519173546,376.68519173546,371.85836043219,371.85836043219,371.85836043219,372.23883017881,0.025541531848374,0.11267588079498,0.07435370168588,0.089811431147453,403.73473060575,0.0069048702928158,0.063098327333805,0.038139940633733,403.49293400692,-0.0028621841447743,0.0056066086438924,0,4.9766144206382e-15,4.218984568424e-19,0,0,7.5574107235905e-19,5.7459846795414e-19,4.8594915293086e-19,0,5.4180063597759e-19,3.5552730875349e-19,0,5.7744611999325e-19,3.5959173318044e-19,2.7619629204904e-16,0,0,3.0345306013962e-16,2.7857908865132e-16,2.8818648407602e-16,0,2.831300323453e-16,2.6090657340891e-16,0,2.7458016305597e-16,2.6384938570353e-16
9.45,676557265.88351,676557265.88351,676557265.88351,98779488.105726,98779488.105726,98779488.105726,1,1,1,268165282.61158,8.0425809030868e-05,0.00027869636985629,8.2191122650196e-05,1.0911720734571,248.26039133416,248.26039133416,245.194896176,245.194896176,248.26039133416,249.64455057323,249.64455057323,249.64455057323,244.83524154383,244.83524154383,244.83524154383,245.194896176,0.002524030563187,4.1988817469244e-23,1.2349325240011e-24,-0.0032938649247844,-0.0026664959343544,-0.0024778757207836,1.3284361935546e-23,-0.0027593142378447,-0.0028829839915871,-1.0358260859726e-22,-0.0029248167018023,0.0029144478231604,375.21533717589,375.21533717589,372.14984201773,372.14984201773,375.21533717589,376.59949641497,376.59949641497,376.59949641497,371.79018738556,371.79018738556,371.79018738556,372.14984201773,0.025458041126208,0.1132490586316,0.074731901723272,0.090268227187936,403.6761049098,0.011240350393302,0.064191283626714,0.037629111426366,403.43854901123,-0.0032136272560929,0.010697335006076,0,5.0071336015677e-15,4.2009939206557e-19,0,0,7.5674768597502e-19,5.7600881941318e-19,4.8354140139105e-19,0,5.4121978155887e-19,3.5485357835713e-19,0,5.7844664197964e-19,3.5856605489205e-19,2.7679040230684e-16,0,0,3.0452326298042e-16,2.7939368813578e-16,2.8887031488383e-16,0,2.8389543270061e-16,2.6140841215208e-16,0,2.7539821014216e-16,2.6435647468137e-16
9.5,675755253.91553,675755253.91553,675755253.91553,97977476.137752,97977476.137752,97977476.137752,1,1,1,268330453.47772,8.0814663218202e-05,0.00028016984820763,8.2557112820211e-05,1.0916688260827,248.11903717556,248.11903717556,245.04378739903,245.04378739903,248.11903717556,249.49644585702,249.49644585702,249.49644585702,244.70459293643,244.70459293643,244.70459293643,245.04378739903,0.0025269377697204,5.2483521794094e-23,1.2289629056205e-24,-0.0032739507197091,-0.0026622263832774,-0.002486613294332,1.2286513017045e-23,-0.0027687713070325,-0.0028727209295822,-1.0086469735787e-22,-0.0029314205338379,0.0029110543364146,375.1365293826,375.1365293826,372.06127960606,372.06127960606,375.1365293826,376.51393806406,376.51393806406,376.51393806406,371.72208514347,371.72208514347,371.72208514347,372.06127960606,0.025412252670933,0.11382182323803,0.075109692399391,0.090724802524912,403.6029161213,0.03416260939919,0.058243521859069,0.046142630764616,403.39689141029,-0.014879321274924,0.054697884174744,0,5.0371643198481e-15,4.1321054890972e-19,0,0,7.6162715480728e-19,5.820853760492e-19,4.7757483329027e-19,0,5.4210695823891e-19,3.5640947038037e-19,0,5.777419138504e-19,3.5916928920005e-19,2.7737477026922e-16,0,0,3.0560036643223e-16,2.8021688116905e-16,2.8954570769012e-16,0,2.8466208771321e-16,2.6191245125885e-16,0,2.7621526059228e-16,2.6486441676134e-16
9.55,674962110.85966,674962110.85966,674962110.85966,97184333.081879,97184333.081879,97184333.081879,1,1,1,268499587.29985,8.1218893184087e-05,0.00028164374756917,8.293926119186e-05,1.092165487925,247.97873969646,247.97873969646,244.89467103708,244.89467103708,247.97873969646,249.35045220441,249.35045220441,249.35045220441,244.57500770065,244.57500770065,244.57500770065,244.89467103708,0.0025184414496912,4.584531666276e-23,1.3530542493703e-24,-0.0032983047814728,-0.0026614671425745,-0.0024799727542375,1.4533203393553e-23,-0.0027529105837785,-0.0028790860953187,-1.0033819965954e-22,-0.0029163099932343,0.0029132989085343,375.05757871196,375.05757871196,371.97351005258,371.97351005258,375.05757871196,376.42929121991,376.42929121991,376.42929121991,371.65384671615,371.65384671615,371.65384671615,371.97351005258,0.02511027055593,0.11439423623621,0.075487275366865,0.091181192870228,403.56021139684,0.00016018289435118,0.061658189413749,0.042810989751833,403.30864688241,-0.0045927598435678,-0.0044004348540387,0,5.0667179745049e-15,4.1710860277063e-19,0,0,7.5497341171378e-19,5.7687193672113e-19,4.7872775807369e-19,0,5.4123409064099e-19,3.5305618750226e-19,0,5.8163183693399e-19,3.5652495247243e-19,2.7796465091225e-16,0,0,3.066680600703e-16,2.8103270128571e-16,2.9022273097827e-16,0,2.8542750830461e-16,2.6241174810749e-16,0,2.7703781222438e-16,2.6536861918445e-16
9.6,674173895.67021,674173895.67021,674173895.67021,96396117.892424,96396117.892424,96396117.892424,1,1,1,268656475.39994,8.1615602996374e-05,0.00028311765623369,8.3314455614495e-05,1.0926621442794,247.83965738791,247.83965738791,244.74646170226,244.74646170226,247.83965738791,249.20454460299,249.20454460299,249.20454460299,244.44665514011,244.44665514011,244.44665514011,244.74646170226,0.0025183645343822,4.9234671878996e-23,1.4465947921104e-24,-0.0032938837015264,-0.0026579829629736,-0.0024814276514228,1.5182662494039e-23,-0.0027542713347544,-0.0028762838966866,-9.7544873303913e-23,-0.0029135235968701,0.0029119643810106,374.97892853086,374.97892853086,371.8857328452,371.8857328452,374.97892853086,376.34381574593,376.34381574593,376.34381574593,371.58592628306,371.58592628306,371.58592628306,371.8857328452,0.025476265721992,0.11496622205514,0.075864538092432,0.091637370396544,403.50112912784,0.0098492888847364,0.064372799350631,0.039610919865965,403.25929130511,-0.0038501632703334,0.0057682125611167,0,5.0959536323424e-15,4.1394449948706e-19,0,0,7.5771511922483e-19,5.7860059472046e-19,4.7554969091221e-19,0,5.4090375968289e-19,3.5191880433513e-19,0,5.8096280545411e-19,3.5547437768507e-19,2.7855005683749e-16,0,0,3.0773963106832e-16,2.8185096609397e-16,2.9089525980074e-16,0,2.8619246173749e-16,2.6290943645344e-16,0,2.7785941770309e-16,2.6587133587045e-16
9.65,673393482.15019,673393482.15019,673393482.15019,95615704.372407,95615704.372407,95615704.372407,1,1,1,268812790.04894,8.2011642079741e-05,0.00028459151277901,8.3688633804501e-05,1.09315880403,247.70181964835,247.70181964835,244.59989755501,244.59989755501,247.70181964835,249.06015110927,249.06015110927,249.06015110927,244.31937033236,244.31937033236,244.31937033236,244.59989755501,0.0025162684838603,5.1191148412493e-23,1.5300371914236e-24,-0.0032939495767092,-0.0026554421611603,-0.0024827080463016,1.5541567602246e-23,-0.0027527225874294,-0.0028740611614812,-9.620052139675e-23,-0.0029099224150757,0.0029114547323014,374.90044714185,374.90044714185,371.79852504851,371.79852504851,374.90044714185,376.25877860278,376.25877860278,376.25877860278,371.51799782586,371.51799782586,371.51799782586,371.79852504851,0.02519402272165,0.11553783373083,0.076241491134567,0.092093343067658,403.4434107815,0.0089517465426572,0.064236770745357,0.039949820444105,403.20032923452,-0.0041036390399617,0.0050767960137092,0,5.1247659291812e-15,4.1197348440017e-19,0,0,7.5813239008575e-19,5.7944966688899e-19,4.7285726441947e-19,0,5.4032762143706e-19,3.5112902337752e-19,0,5.8121913213543e-19,3.545703859635e-19,2.7913267532647e-16,0,0,3.0881179217646e-16,2.8267043167159e-16,2.9156398095715e-16,0,2.8695660038785e-16,2.6340600788044e-16,0,2.7868138568246e-16,2.663727741191e-16
9.7,672620065.96374,672620065.96374,672620065.96374,94842288.185953,94842288.185953,94842288.185953,1,1,1,268966264.04782,8.2408122351742e-05,0.00028606540898713,8.4063111237537e-05,1.0936554473,247.56511161849,247.56511161849,244.45480392392,244.45480392392,247.56511161849,248.91697224071,248.91697224071,248.91697224071,244.19317468494,244.19317468494,244.19317468494,244.45480392392,0.0025131073974866,5.3621016175852e-23,1.6013754285364e-24,-0.0032970493435268,-0.0026532619007888,-0.0024830715266579,1.6046288606445e-23,-0.0027493497984615,-0.0028716493701293,-9.5583148247229e-23,-0.0029059556161424,0.0029112123002671,374.82207245508,374.82207245508,371.71176476052,371.71176476052,374.82207245508,376.17393307731,376.17393307731,376.17393307731,371.45013552154,371.45013552154,371.45013552154,371.71176476052,0.025093904432362,0.11610902995774,0.07661810127883,0.092549112669588,403.38565155918,0.0094865978388144,0.064068099563469,0.039130312450896,403.14427756623,-0.0034510076583795,0.0092003824407132,0,5.1531572953407e-15,4.1068833598208e-19,0,0,7.5796481857078e-19,5.7981498045914e-19,4.7083775600598e-19,0,5.3951402081975e-19,3.5056165967347e-19,0,5.820454688135e-19,3.5370372337757e-19,2.7971347634112e-16,0,0,3.0988371630268e-16,2.8349041388063e-16,2.9222984609737e-16,0,2.8771958843319e-16,2.63901776934e-16,0,2.7950452227838e-16,2.6687298672176e-16
9.75,671853198.667,671853198.667,671853198.667,94075420.889213,94075420.889213,94075420.889213,1,1,1,269116067.90742,8.2781725831913e-05,0.00028753725933612,8.4413102751814e-05,1.0941522553706,247.42950034962,247.42950034962,244.31108684577,244.31108684577,247.42950034962,248.77484836226,248.77484836226,248.77484836226,244.06803805324,244.06803805324,244.06803805324,244.31108684577,0.0025265717653945,5.9916636975839e-23,1.8219135481419e-24,-0.0032527464876469,-0.0026464161540426,-0.0024977938875661,1.6278614731279e-23,-0.0027705801563754,-0.0028629691868202,-9.7858815052702e-23,-0.0029166084868266,0.0029041803972831,374.74380317897,374.74380317897,371.62538967511,371.62538967511,374.74380317897,376.0891511916,376.0891511916,376.0891511916,371.38234088258,371.38234088258,371.38234088258,371.62538967511,0.025103349310685,0.11667989492767,0.076994444197885,0.093004649607666,403.29936757299,0.033834646549214,0.055218449578014,0.071866120555901,403.08180912928,-0.022737493105018,0.03362941184138,0,5.1812384838244e-15,3.9845086529728e-19,0,0,7.6737743238661e-19,5.8931812217256e-19,4.6200514709033e-19,0,5.4171532874223e-19,3.5229682981223e-19,0,5.7696034360116e-19,3.5536582155099e-19,2.8027697095876e-16,0,0,3.1096895187502e-16,2.8432383556155e-16,2.9288322004227e-16,0,2.8848568959804e-16,2.643999998887e-16,0,2.8032046742125e-16,2.673755498862e-16
9.8,671096734.67501,671096734.67501,671096734.67501,93318956.897232,93318956.897232,93318956.897232,1,1,1,269275175.78775,8.3180067516252e-05,0.00028901144524911,8.4788539265381e-05,1.0946487820961,247.29475493302,247.29475493302,244.1697512971,244.1697512971,247.29475493302,248.63580365766,248.63580365766,248.63580365766,243.94389778311,243.94389778311,243.94389778311,244.1697512971,0.0025088066025373,5.6201665022458e-23,1.8481225111926e-24,-0.0032939742922337,-0.0026451584377118,-0.002485912463391,1.7395175009107e-23,-0.0027455505849679,-0.0028670424319533,-9.0324089660356e-23,-0.0029005417055108,0.0029099251953508,374.66518854473,374.66518854473,371.54018490881,371.54018490881,374.66518854473,376.00623726937,376.00623726937,376.00623726937,371.31433139482,371.31433139482,371.31433139482,371.54018490881,0.026366271570808,0.11725034845062,0.077370499600994,0.093460013609018,403.2616734265,0.011893960685377,0.065909530957305,0.040533908424404,403.02020574176,-0.0059060149567918,0.0075841658389432,0,5.2085606645418e-15,4.0566931808608e-19,0,0,7.587353955493e-19,5.8266252661787e-19,4.6393510631288e-19,0,5.3888813454422e-19,3.4861350005608e-19,0,5.8276810582783e-19,3.516414751722e-19,2.8085067401024e-16,0,0,3.1204196576166e-16,2.8514784480898e-16,2.9353932336168e-16,0,2.8924779250651e-16,2.6489301382851e-16,0,2.8114462598023e-16,2.6787284602948e-16
9.85,670343842.86142,670343842.86142,670343842.86142,92566065.083641,92566065.083641,92566065.083641,1,1,1,269419151.07612,8.3572653408539e-05,0.00029048500605808,8.5158487861402e-05,1.0951453808236,247.16133219088,247.16133219088,244.02892235535,244.02892235535,247.16133219088,248.49616723541,248.49616723541,248.49616723541,243.82101851559,243.82101851559,243.82101851559,244.02892235535,0.0025074865855529,5.9156202242453e-23,1.8986626488717e-24,-0.0032939983264571,-0.0026442473208349,-0.0024874413154643,1.7510465119791e-23,-0.0027439030344658,-0.0028658668749962,-8.8845549030191e-23,-0.0028963149430121,0.0029094157464839,374.58713712555,374.58713712555,371.45472729002,371.45472729002,374.58713712555,375.92197217009,375.92197217009,375.92197217009,371.24682345026,371.24682345026,371.24682345026,371.45472729002,0.02495750087617,0.11782041843597,0.077746244884829,0.093915166967621,403.20681419727,0.0086756073113,0.064036484531361,0.040037672551335,402.9615823119,-0.0055924048954812,0.0043810018537426,0,5.2355523309128e-15,4.0404637424528e-19,0,0,7.5853483249343e-19,5.8255221263244e-19,4.6147415657349e-19,0,5.3805515775204e-19,3.4771937302852e-19,0,5.8264027892415e-19,3.5077812297377e-19,2.8142208187252e-16,0,0,3.1311469600931e-16,2.8597169804888e-16,2.9419194637259e-16,0,2.9000871740791e-16,2.6538476328174e-16,0,2.8196860376467e-16,2.6836892120838e-16
9.9,669597571.24223,669597571.24223,669597571.24223,91819793.464446,91819793.464446,91819793.464446,1,1,1,269560862.89375,8.3964114468557e-05,0.00029195850995624,8.552727506002e-05,1.0956420036266,247.02901687056,247.02901687056,243.8895033608,243.8895033608,247.02901687056,248.35768129925,248.35768129925,248.35768129925,243.69910612867,243.69910612867,243.69910612867,243.8895033608,0.002505865714342,6.1888472609951e-23,1.976842723312e-24,-0.0032938766996621,-0.0026426651045372,-0.0024887309488508,1.7579407006795e-23,-0.0027419398148054,-0.0028638282322169,-8.7530443091429e-23,-0.0028924453724033,0.0029089821536066,374.50924624338,374.50924624338,371.36973273363,371.36973273363,374.50924624338,375.83791067207,375.83791067207,375.83791067207,371.17933550149,371.17933550149,371.17933550149,371.36973273363,0.024847256087802,0.11839012378283,0.078121708491262,0.0943701155881,403.14825887386,0.0022968900699327,0.064063326194617,0.040243587437255,402.89657175489,-0.0070895223546776,-0.00084130242690462,0,5.2621808057909e-15,4.0226639713541e-19,0,0,7.5840189463852e-19,5.8276427045087e-19,4.5886706310185e-19,0,5.3717139374592e-19,3.4703736871016e-19,0,5.8252059298235e-19,3.4995495773347e-19,2.8199097246704e-16,0,0,3.1418723825443e-16,2.8679585118382e-16,2.9484088239656e-16,0,2.9076839247827e-16,2.6587554823522e-16,0,2.8279241228763e-16,2.6886383225582e-16
9.95,668857891.80458,668857891.80458,668857891.80458,91080114.026795,91080114.026795,91080114.026795,1,1,1,269700179.93393,8.4354616017814e-05,0.0002934319474442,8.5894848330869e-05,1.0961385964054,246.89778443701,246.89778443701,243.75147697272,243.75147697272,246.89778443701,248.22034248232,248.22034248232,248.22034248232,243.57819415464,243.57819415464,243.57819415464,243.75147697272,0.002503907686719,6.3879508633414e-23,2.0495949990053e-24,-0.0032929936561605,-0.0026396180089256,-0.0024900154022515,1.7885766734471e-23,-0.0027397565035105,-0.0028621606213973,-8.5554485233232e-23,-0.0028887254786767,0.0029085188817666,374.4315034079,374.4315034079,371.2851959436,371.2851959436,374.4315034079,375.75406145321,375.75406145321,375.75406145321,371.11191312553,371.11191312553,371.11191312553,371.2851959436,0.024759677549778,0.11895941600865,0.078496845427519,0.094824860001012,403.08894221738,0.0080938869277837,0.063797443606534,0.040136200598688,402.84197405883,-0.006085113398624,0.0037372564763938,0,5.2883729468909e-15,4.0021629578279e-19,0,0,7.5807190648798e-19,5.8297840262272e-19,4.5602209057581e-19,0,5.3613645479365e-19,3.4606663483849e-19,0,5.8218757841829e-19,3.4898222846899e-19,2.8255696378042e-16,0,0,3.1525931382584e-16,2.8762030714738e-16,2.9548579502179e-16,0,2.9152660392392e-16,2.663649603637e-16,0,2.8361574985687e-16,2.6935736765635e-16
10,668124742.16259,668124742.16259,668124742.16259,90346964.384802,90346964.384802,90346964.384802,1,1,1,269836798.21934,8.4744106298751e-05,0.00029490530633061,8.6261298201726e-05,1.0966351890155,246.76758691315,246.76758691315,243.61480595635,243.61480595635,246.76758691315,248.08415640513,248.08415640513,248.08415640513,243.45831950528,243.45831950528,243.45831950528,243.61480595635,0.0025022012870689,6.5884794609994e-23,2.1325663511494e-24,-0.003292367884644,-0.0026371958268078,-0.0024913857698788,1.8084967851924e-23,-0.0027375814293377,-0.0028604155031196,-8.3770647307915e-23,-0.002885144431604,0.0029080534483876,374.35387315574,374.35387315574,371.20109219895,371.20109219895,374.35387315574,375.67044264772,375.67044264772,375.67044264772,371.04460574787,371.04460574787,371.04460574787,371.20109219895,0.02467538550157,0.11952834393946,0.078871696774547,0.09527940007723,403.02984900605,0.007806047560965,0.063665519546043,0.040184288649467,402.78204349302,-0.0063889933350149,0.0034094163356011,0,5.314149734841e-15,3.9825784326247e-19,0,0,7.5762388915172e-19,5.8313339617265e-19,4.531868984159e-19,0,5.3520362062798e-19,3.4523894848853e-19,0,5.8193961979989e-19,3.4809277747585e-19,2.8312018542368e-16,0,0,3.1633075580506e-16,2.8844498230492e-16,2.9612669807982e-16,0,2.9228349614284e-16,2.6685320196691e-16,0,2.8443873675968e-16,2.6984964518322e-16
