time,H_1,H_2,H_3,Hs_1,Hs_2,Hs_3,cry_1,cry_2,cry_3,disloc_density,disp_x,disp_y,disp_z,fp_yy,gd_0,gd_1,gd_10,gd_11,gd_2,gd_3,gd_4,gd_5,gd_6,gd_7,gd_8,gd_9,slip_increment_0,slip_increment_1,slip_increment_10,slip_increment_11,slip_increment_2,slip_increment_3,slip_increment_4,slip_increment_5,slip_increment_6,slip_increment_7,slip_increment_8,slip_increment_9,slip_resistance_0,slip_resistance_1,slip_resistance_10,slip_resistance_11,slip_resistance_2,slip_resistance_3,slip_resistance_4,slip_resistance_5,slip_resistance_6,slip_resistance_7,slip_resistance_8,slip_resistance_9,sliprate,strain_eff,strain_shear,strain_yy,stress_vm,stress_xx,stress_xy,stress_xz,stress_yy,stress_yz,stress_zz,surface_react_y,total_twin_volume,twin_slip_increment_0,twin_slip_increment_1,twin_slip_increment_10,twin_slip_increment_11,twin_slip_increment_2,twin_slip_increment_3,twin_slip_increment_4,twin_slip_increment_5,twin_slip_increment_6,twin_slip_increment_7,twin_slip_increment_8,twin_slip_increment_9,twin_twin_system_volume_fraction_0,twin_twin_system_volume_fraction_1,twin_twin_system_volume_fraction_10,twin_twin_system_volume_fraction_11,twin_twin_system_volume_fraction_2,twin_twin_system_volume_fraction_3,twin_twin_system_volume_fraction_4,twin_twin_system_volume_fraction_5,twin_twin_system_volume_fraction_6,twin_twin_system_volume_fraction_7,twin_twin_system_volume_fraction_8,twin_twin_system_volume_fraction_9
0.05,1733333333.3334,1733333333.3334,1733333333.3334,1155555555.5556,1155555555.5556,1155555555.5556,1,1,1,20000000,2.7607998603763e-07,1.468316916768e-06,2.9599086527645e-07,1,396.89958223917,396.89958223917,397.49035352545,397.49035352545,396.89958223917,397.09739385738,397.09739385738,397.09739385738,396.91789450938,396.91789450938,396.91789450938,397.49035352545,5.6707342746077e-20,3.3155333588071e-91,-1.0230899609514e-92,-5.5326705028646e-20,-5.6627080475111e-20,-5.6089862631016e-20,-1.7210144422333e-91,-5.6179771108712e-20,-5.649467698141e-20,4.6721670004024e-93,-5.6422949512145e-20,5.5245295585269e-20,435.6221112072,435.6221112072,436.21288249348,436.21288249348,435.6221112072,435.81992282541,435.81992282541,435.81992282541,435.64042347742,435.64042347742,435.64042347742,436.21288249348,0,0.00056170492243597,0.0003405247061152,0.00049987487523378,69.54761110812,-0.00029338152568895,0.00028128914856544,-0.00021860106681439,69.547484741227,0.0049917804902543,4.3110322780509e-05,0,1.8528001404999e-34,1.5158412823435e-35,0,0,1.5134096132755e-35,1.5092666723821e-35,1.5158955608163e-35,0,1.5085902462524e-35,1.5074167260747e-35,0,1.5131115575849e-35,1.5069841117547e-35,2.2990008125198e-35,0,0,2.2953127927391e-35,2.2890293064405e-35,2.299083147934e-35,0,2.2880033747246e-35,2.2862235324598e-35,0,2.2948607179417e-35,2.2855673925935e-35
0.1,1733333333.3334,1733333333.3334,1733333333.3334,1155555555.5556,1155555555.5556,1155555555.5556,1,1,1,20000000,5.5240792844652e-07,2.9366391550649e-06,5.9228350469382e-07,1,396.89958223917,396.89958223917,397.49035352545,397.49035352545,396.89958223917,397.09739385738,397.09739385738,397.09739385738,396.91789450938,396.91789450938,396.91789450938,397.49035352545,5.9762809461946e-14,1.3300413493318e-83,-3.9049766623996e-85,-5.8336397982034e-14,-5.9637193342404e-14,-5.9103626958007e-14,-6.227112308289e-85,-5.922372538675e-14,-5.9545178323948e-14,2.1575422820083e-84,-5.9436681251174e-14,5.8233171705294e-14,435.6221112072,435.6221112072,436.21288249348,436.21288249348,435.6221112072,435.81992282541,435.81992282541,435.81992282541,435.64042347742,435.64042347742,435.64042347742,436.21288249348,4.5437251694652e-19,0.0011232891736293,0.00068100805328853,0.00099950000049933,139.25012300294,-0.00057204348455675,0.0010250975307347,-0.0012714591704954,139.24944321494,0.013396423344217,-0.00077911776231526,0,1.4572673913217e-27,1.2790467386521e-28,0,0,1.2768104618763e-28,1.2723811663716e-28,1.2789542459128e-28,0,1.2711686584438e-28,1.269632309512e-28,0,1.2765270566792e-28,1.268795830352e-28,1.8088454746109e-28,0,0,1.8056829012965e-28,1.7994189308937e-28,1.8087146701328e-28,0,1.7977041856351e-28,1.7955314599612e-28,0,1.805282105778e-28,1.7943484997229e-28
0.15,1733333333.3331,1733333333.3331,1733333333.3331,1155555555.5553,1155555555.5553,1155555555.5553,1,1,1,20000000.000083,8.2871566899429e-07,4.4049203871552e-06,8.88350116759e-07,1.0000000000323,396.89958223913,396.89958223913,397.49035352542,397.49035352542,396.89958223913,397.09739385734,397.09739385734,397.09739385734,396.91789450935,396.91789450935,396.91789450935,397.49035352542,1.9971486168301e-10,1.0174351762779e-89,-4.07052660839e-92,-1.9465713926592e-10,-1.9961016981037e-10,-1.9755006642006e-10,-1.4976945891772e-90,-1.9766857123884e-10,-1.9896312559823e-10,3.1079964952281e-92,-1.9887478151867e-10,1.9455469124534e-10,435.62211120724,435.62211120724,436.21288249352,436.21288249352,435.62211120724,435.81992282545,435.81992282545,435.81992282545,435.64042347745,435.64042347745,435.64042347745,436.21288249352,4.8018220508703e-13,0.0016847502670124,0.0010214194526137,0.001498875625232,209.10732803482,-0.00018586046935309,0.00045725683936527,-0.00020972411093745,209.10734476111,0.0054663885315537,0.00022030406435562,0,4.8365806038626e-24,4.2625473985409e-25,0,0,4.2602131332984e-25,4.2559464440785e-25,4.2627462293055e-25,0,4.2550356790114e-25,4.2540402892139e-25,0,4.2596443786376e-25,4.2534993385291e-25,6.0299611867493e-25,0,0,6.0266568746118e-25,6.0206166008803e-25,6.0302422451087e-25,0,6.0193268698249e-25,6.0179170033479e-25,0,6.0258521332614e-25,6.0171508005925e-25
0.2,1733333332.3719,1733333332.3719,1733333332.3719,1155555554.5942,1155555554.5942,1155555554.5942,1,1,1,20000000.277446,1.1055502975143e-06,5.8732420202376e-06,1.1851709156706e-06,1.0000000102625,396.89958212812,396.89958212812,397.49035341634,397.49035341634,396.89958212812,397.09739374745,397.09739374745,397.09739374745,396.91789439882,396.91789439882,396.91789439882,397.49035341634,6.3291013111887e-08,5.492105174381e-83,-1.887260528925e-82,-6.1716841325575e-08,-6.3219820805123e-08,-6.2587764832634e-08,-7.4459361826131e-83,-6.2670674335843e-08,-6.3042206505764e-08,3.4695116255593e-84,-6.2991733185453e-08,6.1654641335389e-08,435.62211132771,435.62211132771,436.21288261593,436.21288261593,435.62211132771,435.81992294704,435.81992294704,435.81992294704,435.64042359841,435.64042359841,435.64042359841,436.21288261593,1.5976515165176e-09,0.0022460915658587,0.0013618084381507,0.0019980019984988,279.11837115757,0.00010601121924753,0.0022594201652445,-0.00070442829197218,279.11917832206,0.014821671870089,0.0015134750421839,0,1.5415665506278e-21,1.3521726092068e-22,0,0,1.3508495458431e-22,1.3481324629141e-22,1.3524707315339e-22,0,1.3471267893948e-22,1.3468982079366e-22,0,1.3501165950451e-22,1.346327347159e-22,1.9182908037964e-22,0,0,1.9164164053314e-22,1.9125678295294e-22,1.918712693493e-22,0,1.911144302668e-22,1.9108196298033e-22,0,1.915379051631e-22,1.9100115445466e-22
0.25,1733333027.807,1733333027.807,1733333027.807,1155555250.0292,1155555250.0292,1155555250.0292,1,1,1,20000088.406242,1.3821735953828e-06,7.3415100540535e-06,1.481555585604e-06,1.0000008957348,396.89954695505,396.89954695505,397.49031884673,397.49031884673,396.89954695505,397.09735891939,397.09735891939,397.09735891939,396.9178593795,396.9178593795,396.9178593795,397.49031884673,5.4775622024989e-06,-6.6910206809838e-97,-1.5502026091479e-94,-5.3364326313393e-06,-5.477191044438e-06,-5.4185211215008e-06,-1.8972596540853e-94,-5.4189835250101e-06,-5.4572991756105e-06,4.3638175211288e-96,-5.4570340456545e-06,5.3360448759468e-06,435.62214950724,435.62214950724,436.21292139893,436.21292139893,435.62214950724,435.81996147158,435.81996147158,435.81996147158,435.64046193169,435.64046193169,435.64046193169,436.21292139893,5.0763524970561e-07,0.0028073921282664,0.0017021908276743,0.0024968793689897,349.16213012982,-6.6220857103627e-05,0.00014679789402637,-0.00024190777114968,349.16214871327,0.0011646173007099,0.00010354745569682,0,1.3374926510278e-19,1.1680377298397e-20,0,0,1.1679222968323e-20,1.1677994435358e-20,1.1680246313078e-20,0,1.1677279047006e-20,1.1677462315646e-20,0,1.1679159400225e-20,1.1676941910205e-20,1.6710377069408e-20,0,0,1.6708557160315e-20,1.6706434894754e-20,1.6710234017162e-20,0,1.6705280830157e-20,1.6705507543868e-20,0,1.6708363526078e-20,1.670469077091e-20
0.3,1733306666.2202,1733306666.2202,1733306666.2202,1155528888.4424,1155528888.4424,1155528888.4424,1,1,1,20007692.816802,1.665231177926e-06,8.809878875464e-06,1.7837292032864e-06,1.000029136992,396.89650168373,396.89650168373,397.48732776269,397.48732776269,396.89650168373,397.094345153,397.094345153,397.094345153,396.91482725791,396.91482725791,396.91482725791,397.48732776269,0.00017465955464302,-1.0017592760209e-69,-6.3648971616086e-69,-0.00017019659022638,-0.00017465477286745,-0.00017284670104422,4.7654433198101e-68,-0.00017285911740368,-0.00017410084990461,7.4270997512067e-70,-0.00017404402233236,0.00017013156454539,435.62545266021,435.62545266021,436.21627873917,436.21627873917,435.62545266021,435.82329612948,435.82329612948,435.82329612948,435.64377823439,435.64377823439,435.64377823439,436.21627873917,4.380396939166e-05,0.0033709616327267,0.0020446311462513,0.0029955079849717,415.49794239141,-0.00034323224832675,-0.0037163582981862,-6.0360727222532e-06,415.49769958723,0.0035403780611949,-7.8521238258067e-05,0,4.3790332053436e-18,3.7273617193352e-19,0,0,3.7245869451735e-19,3.7233214815877e-19,3.7260278276679e-19,0,3.7259573348959e-19,3.723449201254e-19,0,3.7272245378126e-19,3.7247879427137e-19,5.4383892660482e-19,0,0,5.4344469437053e-19,5.432636085284e-19,5.4365014278392e-19,0,5.4363522041348e-19,5.4328074346593e-19,0,5.4381751266451e-19,5.4346925332586e-19
0.35,1732465917.4557,1732465917.4557,1732465917.4557,1154688139.6779,1154688139.6779,1154688139.6779,1,1,1,20250873.598364,1.9843058511407e-06,1.0278553732021e-05,2.1176822451343e-06,1.0002260141737,396.79937905712,396.79937905712,397.39193106133,397.39193106133,396.79937905712,396.99820446162,396.99820446162,396.99820446162,396.81810292673,396.81810292673,396.81810292673,397.39193106133,0.0012177220497383,-2.3126025170224e-55,-6.0527426571341e-55,-0.0011861022103979,-0.0012168180374236,-0.0012042777794241,1.4101776729341e-53,-0.0012052786671532,-0.0012135096461983,5.5824139701611e-56,-0.0012132962568818,0.001185793025215,435.73020493408,435.73020493408,436.32275693829,436.32275693829,435.73020493408,435.92903033857,435.92903033857,435.92903033857,435.74892880369,435.74892880369,435.74892880369,436.32275693829,0.0014005649279614,0.0039492521449064,0.002399794814661,0.0034938880921928,458.11087410933,-0.0013407860444552,0.0040621500113038,7.4983521282324e-05,458.10898596936,0.0085690624398034,-0.0010531841396473,0,3.4572597409328e-17,2.6007780877626e-18,0,0,2.6008816222227e-18,2.5990891455069e-18,2.6014740358965e-18,0,2.5974604418481e-18,2.5973359385743e-18,0,2.599111816801e-18,2.5968405608904e-18,4.2218945710414e-18,0,0,4.2216467586448e-18,4.2189307279209e-18,4.2226900065102e-18,0,4.2169990050027e-18,4.2164684538368e-18,0,4.2195166941087e-18,4.2159563938576e-18
0.4,1726609880.55,1726609880.55,1726609880.55,1148832102.7722,1148832102.7722,1148832102.7722,1,1,1,21974553.426998,2.3432867296725e-06,1.1747688878214e-05,2.4888751949472e-06,1.0006120125484,396.12226068679,396.12226068679,396.72686307211,396.72686307211,396.12226068679,396.32793480281,396.32793480281,396.32793480281,396.14370978218,396.14370978218,396.14370978218,396.72686307211,0.0023860255193003,-2.7241201639489e-50,-2.5163190233694e-50,-0.0023236472330092,-0.0023847953807692,-0.0023604336532252,1.6469042944343e-48,-0.002361896447085,-0.0023793307655125,1.9867252062302e-51,-0.0023790796375224,0.0023232279186601,436.43381615486,436.43381615486,437.03841854018,437.03841854018,436.43381615486,436.63949027088,436.63949027088,436.63949027088,436.45526525024,436.45526525024,436.45526525024,437.03841854018,0.0098915312580146,0.0045445966561882,0.0027690679301448,0.0039920199295414,473.9993466686,-0.00021692952814777,0.0010012760929263,-0.00094918715902732,473.99720094604,0.0031291259041957,-0.00016630921104318,0,9.4650735056421e-17,5.1259955033577e-18,0,0,5.1242458331215e-18,5.1241191474289e-18,5.1247159125294e-18,0,5.123974821499e-18,5.1207933764888e-18,0,5.1242424903972e-18,5.1223765779551e-18,1.1471146932553e-17,0,0,1.1468424712779e-17,1.1465529521431e-17,1.1470132753319e-17,0,1.1463393690825e-17,1.1458363896978e-17,0,1.1466289920917e-17,1.1460090821984e-17
0.45,1715190727.5411,1715190727.5411,1715190727.5411,1137412949.7633,1137412949.7633,1137412949.7633,1,1,1,25494026.127391,2.7178743198588e-06,1.3216987159798e-05,2.8740687823316e-06,1.0010743136103,394.7986731274,394.7986731274,395.42704533417,395.42704533417,394.7986731274,395.0176952443,395.0176952443,395.0176952443,394.82497960054,394.82497960054,394.82497960054,395.42704533417,0.0028570233514279,-2.1308608597315e-48,-1.4345269300322e-48,-0.0027810174454385,-0.002855059657917,-0.0028253862452817,1.0679454666093e-46,-0.0028277232584206,-0.0028488331953003,1.2078163682951e-49,-0.0028483714476217,0.0027803587332422,437.7407074787,437.7407074787,438.36907968547,438.36907968547,437.7407074787,437.9597295956,437.9597295956,437.9597295956,437.76701395184,437.76701395184,437.76701395184,438.36907968547,0.019612685018233,0.0051473763715952,0.003143921099792,0.0044899037377267,479.09173611368,-0.0002365209667885,0.0014014271343515,-0.0013367407148557,479.08859613063,0.0040782382726052,-0.00014304466517625,0,1.6914999680608e-16,6.3445804610948e-18,0,0,6.3415054183921e-18,6.3411949073964e-18,6.3422699722655e-18,0,6.34095520637e-18,6.3348460198624e-18,0,6.3413395091584e-18,6.3379258135491e-18,2.0443738668201e-17,0,0,2.0436667681332e-17,2.0433333361122e-17,2.0439456964328e-17,0,2.0430858542074e-17,2.0417189053812e-17,0,2.0434298258381e-17,2.042327146482e-17
0.5,1701656683.7712,1701656683.7712,1701656683.7712,1123878905.9935,1123878905.9935,1123878905.9935,1,1,1,29948370.56911,3.0961428489103e-06,1.4686325965203e-05,3.2623341975898e-06,1.0015555517831,393.2240859775,393.2240859775,393.88109312969,393.88109312969,393.2240859775,393.45916984031,393.45916984031,393.45916984031,393.25619280683,393.25619280683,393.25619280683,393.88109312969,0.0029740646940254,-1.5125014811563e-47,-8.5731217610764e-48,-0.0028921951505709,-0.0029716371942561,-0.0029391324604358,5.8307149467568e-46,-0.0029420666032476,-0.0029646638143804,7.9752191750915e-49,-0.0029640735406599,0.0028913775217547,439.23399370716,439.23399370716,439.89100085935,439.89100085935,439.23399370716,439.46907756997,439.46907756997,439.46907756997,439.26610053649,439.26610053649,439.26610053649,439.89100085935,0.023602528538699,0.0057523351834552,0.00352010266134,0.0049875397600122,481.50309602779,-0.00032263458272395,0.0014816734538015,-0.0014027495660765,481.49921678884,0.0042677033744937,-0.00021573674235412,0,2.5193600354576e-16,7.0145064369932e-18,0,0,7.0105888361127e-18,7.0098758228194e-18,7.0114938298457e-18,0,7.0095549615314e-18,7.0009257986828e-18,0,7.0100896702154e-18,7.0052791014457e-18,3.036374880475e-17,0,0,3.0351137493584e-17,3.0346794820304e-17,3.0355206630991e-17,0,3.0343866234871e-17,3.0317993267477e-17,0,3.0348062143451e-17,3.0330232178293e-17
0.55,1687743228.1153,1687743228.1153,1687743228.1153,1109965450.3375,1109965450.3375,1109965450.3375,1,1,1,34836428.344726,3.475038591394e-06,1.6155666465503e-05,3.65070998079e-06,1.0020407519967,391.59837096127,391.59837096127,392.28580441075,392.28580441075,391.59837096127,391.85059632407,391.85059632407,391.85059632407,391.63673731746,391.63673731746,391.63673731746,392.28580441075,0.0029988591825011,-4.2408743496804e-47,-2.1023881723945e-47,-0.0029130003603238,-0.002996039592461,-0.0029612057022847,1.2428946385188e-45,-0.0029646613984768,-0.0029882203651656,2.3480076905365e-48,-0.0029875225120806,0.0029120336627346,440.72093585705,440.72093585705,441.40836930653,441.40836930653,440.72093585705,440.97316121985,440.97316121985,440.97316121985,440.75930221324,440.75930221324,440.75930221324,441.40836930653,0.024593389860127,0.0063579224279651,0.0038965184549668,0.0054849282397668,483.35230298967,-0.00034863185765429,0.0014886675329564,-0.0014075323859003,483.34793314026,0.0043057996984279,-0.00024022364838297,0,3.4152724107106e-16,7.5733022926481e-18,0,0,7.5687483629137e-18,7.5673526988157e-18,7.5697440107878e-18,0,7.5667019609612e-18,7.5558116232545e-18,0,7.5677219521325e-18,7.5611912536405e-18,4.1074015618964e-17,0,0,4.1054964078605e-17,4.104864763823e-17,4.106044127474e-17,0,4.1044798770497e-17,4.100352453982e-17,0,4.1050437164426e-17,4.1023371396888e-17
0.6,1673896447.9524,1673896447.9524,1673896447.9524,1096118670.1746,1096118670.1746,1096118670.1746,1,1,1,39993398.143284,3.8540089440595e-06,1.7625001276231e-05,4.0386315494698e-06,1.0025270159456,389.9732223498,389.9732223498,390.69211865244,390.69211865244,389.9732223498,390.24328362944,390.24328362944,390.24328362944,390.01820937835,390.01820937835,390.01820937835,390.69211865244,0.0030058628581865,-7.8267702061621e-47,-3.1259060368339e-47,-0.002916313040553,-0.0030026537357793,-0.0029655178758534,1.8149458394953e-45,-0.0029694863965702,-0.0029939157123904,5.006383960479e-48,-0.0029931067172551,0.0029151892140413,442.15335270682,442.15335270682,442.87224900947,442.87224900947,442.15335270682,442.42341398646,442.42341398646,442.42341398646,442.19833973537,442.19833973537,442.19833973537,442.87224900947,0.024790581543694,0.0069637315523099,0.004272963548035,0.0059820694199023,485.04946937178,-0.00036051987730802,0.00148296294168,-0.0014022140966299,485.04472023953,0.0043166143055216,-0.00025353524777627,0,4.3782044567508e-16,8.123011955461e-18,0,0,8.1178877234211e-18,8.1155419950222e-18,8.1189635611772e-18,0,8.1143210792341e-18,8.1012276995059e-18,0,8.1161580816496e-18,8.1075082181169e-18,5.2561689293696e-17,0,0,5.253539099489e-17,5.2525757193599e-17,5.2542389655369e-17,0,5.25201816902e-17,5.2460390624334e-17,0,5.2528417997858e-17,5.2489119476001e-17
0.65,1660200035.3167,1660200035.3167,1660200035.3167,1082422257.5389,1082422257.5389,1082422257.5389,1,1,1,45362722.714026,4.2329928977346e-06,1.9094330569045e-05,4.4260115647057e-06,1.0030138642987,388.35850156004,388.35850156004,389.10975590325,389.10975590325,388.35850156004,388.64703035747,388.64703035747,388.64703035747,388.41046505352,388.41046505352,388.41046505352,389.10975590325,0.0030099799130672,-1.1366104649618e-46,-2.4228667853093e-47,-0.0029167177751346,-0.0030063674238623,-0.0029668672094147,2.2804135253899e-45,-0.0029713559993042,-0.0029966516135322,9.3045900655334e-48,-0.0029957204339441,0.0029154256845309,443.52236790995,443.52236790995,444.27362225315,444.27362225315,443.52236790995,443.81089670737,443.81089670737,443.81089670737,443.57433140342,443.57433140342,443.57433140342,444.27362225315,0.024832845480312,0.0075696224934448,0.0046494102680203,0.00647896354283,486.66250084181,-0.00037006338872654,0.0014755315258931,-0.0013953420100767,486.65742366104,0.0043223416832431,-0.0002652815378149,0,5.4090951760587e-16,8.6804271393733e-18,0,0,8.6747361908273e-18,8.6711784108383e-18,8.6758988535993e-18,0,8.6691958323441e-18,8.6538392675363e-18,0,8.6721498893154e-18,8.6609791431146e-18,6.4837667081389e-17,0,0,6.4803320565966e-17,6.4788655303963e-17,6.4811963479907e-17,0,6.478027601117e-17,6.469876748308e-17,0,6.4792689986261e-17,6.4737593643624e-17
0.7,1646666127.5815,1646666127.5815,1646666127.5815,1068888349.8038,1068888349.8038,1068888349.8038,1,1,1,50912961.125723,4.6120061708235e-06,2.0563656150086e-05,4.8128396323319e-06,1.0035012237472,386.75577123778,386.75577123778,387.54025922049,387.54025922049,386.75577123778,387.06339813029,387.06339813029,387.06339813029,386.81507767806,386.81507767806,386.81507767806,387.54025922049,0.0030137110025444,-1.3339212756716e-46,2.9199336280332e-47,-0.0029166576156051,-0.0030096780003094,-0.0029677368493277,2.7236258522725e-45,-0.0029727576047261,-0.0029989308093805,1.6267566665799e-47,-0.0029978640932521,0.0029151859217569,444.82698436964,444.82698436964,445.61147235235,445.61147235235,444.82698436964,445.13461126214,445.13461126214,445.13461126214,444.88629080992,444.88629080992,444.88629080992,445.61147235235,0.024849630835011,0.0081755218146189,0.0050258606810111,0.0069756108504703,488.20187005716,-0.00037938814931595,0.0014680852263084,-0.0013883592623636,488.19648976806,0.0043269116110124,-0.00027704566632211,0,6.5089422102045e-16,9.2462425163453e-18,0,0,9.2399566095168e-18,9.2349193323674e-18,9.2412226110343e-18,0,9.2320213705848e-18,9.2142731187093e-18,0,9.2363762413613e-18,9.2222791343992e-18,7.7913828648996e-17,0,0,7.7870592518884e-17,7.7848803471219e-17,7.788102582934e-17,0,7.7836325841569e-17,7.7729717494969e-17,0,7.7854898533974e-17,7.7779865871481e-17
0.75,1633295030.3522,1633295030.3522,1633295030.3522,1055517252.5744,1055517252.5744,1055517252.5744,1,1,1,56618698.884525,4.9910716680701e-06,2.2032980160327e-05,5.1991144813671e-06,1.0039890814187,385.16521443012,385.16521443012,385.9838129946,385.9838129946,385.16521443012,385.49257832226,385.49257832226,385.49257832226,385.23224245636,385.23224245636,385.23224245636,385.9838129946,0.003017428558468,-1.0763662069482e-46,1.8478558059576e-46,-0.0029164944048843,-0.003012957321306,-0.0029684963803178,3.2372888729573e-45,-0.0029740624687194,-0.0030011265214326,2.7642585753356e-47,-0.0029999101342757,0.0029148320088734,446.06772004865,446.06772004865,446.88631861313,446.88631861313,446.06772004865,446.39508394079,446.39508394079,446.39508394079,446.13474807489,446.13474807489,446.13474807489,446.88631861313,0.024863266855694,0.0087813806080852,0.0054023203805278,0.0074720115842571,489.66949561555,-0.00038890134207537,0.0014607895880887,-0.0013814579013136,489.6638245784,0.0043311183265844,-0.00028908949894764,0,7.678476252281e-16,9.8183857528633e-18,0,0,9.8114581011845e-18,9.8046618193535e-18,9.8128506388213e-18,0,9.8007202525579e-18,9.7804090705262e-18,0,9.8067564510551e-18,9.7893167609598e-18,9.1799122941306e-17,0,0,9.1746089632234e-17,9.171468919063e-17,9.1758492288303e-17,0,9.1696637343761e-17,9.1561304648064e-17,0,9.1723746509946e-17,9.1624050401197e-17
0.8,1620085324.3288,1620085324.3288,1620085324.3288,1042307546.551,1042307546.551,1042307546.551,1,1,1,62456954.138377,5.3702098082221e-06,2.3502304752844e-05,5.5848340037234e-06,1.0044774314961,383.58681085146,383.58681085146,384.4404014465,384.4404014465,383.58681085146,383.93455967529,383.93455967529,383.93455967529,383.66195085832,383.66195085832,383.66195085832,384.4404014465,0.0030211766574972,2.1108292373121e-47,5.4558636414364e-46,-0.002916269720549,-0.0030162494012726,-0.0029691888080177,3.9137120834047e-45,-0.0029753146204067,-0.0030032822772889,4.6310812716217e-47,-0.0030019018349559,0.0029144057756743,447.24549472077,447.24549472077,448.09908531581,448.09908531581,447.24549472077,447.5932435446,447.5932435446,447.5932435446,447.32063472762,447.32063472762,447.32063472762,448.09908531581,0.024877451493464,0.0093871633683473,0.0057787954155401,0.0079681659851367,491.06629273083,-0.0003986626789359,0.0014536638025788,-0.0013747362802959,491.0603369357,0.0043352746606626,-0.0003013725425306,0,8.9181040413339e-16,1.0394305704072e-17,0,0,1.0386677149067e-17,1.0377827185954e-17,1.0388224424843e-17,0,1.0372731564207e-17,1.034965747481e-17,0,1.0380733795967e-17,1.0359520974401e-17,1.0649889103946e-16,0,0,1.0643506932444e-16,1.0639115314497e-16,1.0644966015889e-16,0,1.0636589500072e-16,1.0619793061486e-16,0,1.0640432103159e-16,1.0627462546288e-16
0.85,1607035403.1544,1607035403.1544,1607035403.1544,1029257625.3767,1029257625.3767,1029257625.3767,1,1,1,68406499.799643,5.7494378857029e-06,2.4971631992338e-05,5.969994204287e-06,1.004966267696,382.02051667008,382.02051667008,382.90998541747,382.90998541747,382.02051667008,382.38930694486,382.38930694486,382.38930694486,382.10417042614,382.10417042614,382.10417042614,382.90998541747,0.003024953318734,3.5845337556476e-46,1.2959690244946e-45,-0.0029159805318578,-0.0030195522915648,-0.0029698110459643,4.8619906708659e-45,-0.0029765117031274,-0.0030053947297433,7.699423169649e-47,-0.0030038358076102,0.0029139044155604,448.36141755055,448.36141755055,449.25088629794,449.25088629794,448.36141755055,448.73020782533,448.73020782533,448.73020782533,448.44507130661,448.44507130661,448.44507130661,449.25088629794,0.024892829409824,0.0099928434162337,0.0061552919297767,0.0084640742935609,492.39323832291,-0.00040867585563107,0.0014466528354002,-0.0013681880907335,492.38700027697,0.0043394734812686,-0.00031387185362315,0,1.0227897464574e-15,1.0971368134135e-17,0,0,1.0962970302836e-17,1.0951755816045e-17,1.096470437008e-17,0,1.0945409853609e-17,1.0919351758926e-17,0,1.0955670190168e-17,1.0930238900862e-17,1.2201474865254e-16,0,0,1.219390506106e-16,1.2187927475182e-16,1.2195609378647e-16,0,1.2184504206142e-16,1.2164022596465e-16,0,1.2189797839941e-16,1.2173231755646e-16
0.9,1594143685.282,1594143685.282,1594143685.282,1016365907.5042,1016365907.5042,1016365907.5042,1,1,1,74447672.842923,6.1287705313802e-06,2.6440963821945e-05,6.3545893320713e-06,1.0054555825202,380.46628941713,380.46628941713,381.39252675472,381.39252675472,380.46628941713,380.85678576058,380.85678576058,380.85678576058,380.55886984506,380.55886984506,380.55886984506,381.39252675472,0.0030287520796701,1.0907914291825e-45,2.7577159213316e-45,-0.0029156197025241,-0.0030228595552407,-0.0029703553585152,6.2313186788168e-45,-0.0029776465563892,-0.0030074556266329,1.2743860010663e-46,-0.0030057038366658,0.0029133209678408,449.41672229619,449.41672229619,450.34295963378,450.34295963378,449.41672229619,449.80721863964,449.80721863964,449.80721863964,449.50930272412,449.50930272412,449.50930272412,450.34295963378,0.024909494392371,0.010598400298124,0.0065318161988539,0.0089597367494791,493.65147779662,-0.00041891864029986,0.0014396692929364,-0.001361837053439,493.6449579721,0.0043438072953374,-0.00032654252566671,0,1.1607593302829e-15,1.1546943014328e-17,0,0,1.1537699712443e-17,1.1523793913176e-17,1.1539655782846e-17,0,1.1516114094998e-17,1.1486834296794e-17,0,1.1528933002093e-17,1.1498824167126e-17,1.3834459206735e-16,0,0,1.3825582202252e-16,1.3817638039383e-16,1.3827563149969e-16,0,1.3813128680041e-16,1.3788506281591e-16,0,1.3820235181066e-16,1.3799411064495e-16
0.95,1581408633.1797,1581408633.1797,1581408633.1797,1003630855.402,1003630855.402,1003630855.402,1,1,1,80562265.812034,6.5082201909369e-06,2.791030205353e-05,6.7386121377689e-06,1.0059453674277,378.92409030681,378.92409030681,379.887990503,379.887990503,378.92409030681,379.33696499763,379.33696499763,379.33696499763,379.026021351,379.026021351,379.026021351,379.887990503,0.0030325676259844,2.5375381439307e-45,5.4823824965144e-45,-0.0029151813625261,-0.0030261658815368,-0.0029708150400633,8.2400882107603e-45,-0.0029787129400365,-0.0030094576055802,2.1038617013134e-46,-0.0030074986331197,0.002912649719878,450.41273200416,450.41273200416,451.37663220035,451.37663220035,450.41273200416,450.82560669498,450.82560669498,450.82560669498,450.51466304835,450.51466304835,450.51466304835,451.37663220035,0.024927407777537,0.011203818097941,0.0069083742699459,0.0094551535923297,494.84230104227,-0.00042940379553113,0.0014326604950389,-0.0013556542704624,494.83549855413,0.0043483034325163,-0.00033940084884621,0,1.3056597708269e-15,1.2118439791766e-17,0,0,1.2108267855152e-17,1.2091328957997e-17,1.2110483694485e-17,0,1.2082244442201e-17,1.2049491459848e-17,0,1.2097930306861e-17,1.2062673230803e-17,1.5548265397567e-16,0,0,1.5537949864013e-16,1.5527610179334e-16,1.5540244178733e-16,0,1.5521816075447e-16,1.5492561705813e-16,0,1.5531140892727e-16,1.5505330672643e-16
1,1568828747.1667,1568828747.1667,1568828747.1667,991050969.38891,991050969.38891,991050969.38891,1,1,1,86733436.522105,6.8877975001874e-06,2.9379648366984e-05,7.1220540410946e-06,1.0064356130806,377.39388355492,377.39388355492,378.39634418364,378.39634418364,377.39388355492,377.82981613617,377.82981613617,377.82981613617,377.50560009572,377.50560009572,377.50560009572,378.39634418364,0.0030363961960782,5.2339974885515e-45,1.0402744431202e-44,-0.0029146612840186,-0.0030294674844263,-0.0029711848623893,1.1215493066954e-44,-0.0029797060267932,-0.0030113947133985,3.4687181930775e-46,-0.0030092143363812,0.0029118865902969,451.35083389315,451.35083389315,452.35329452187,452.35329452187,451.35083389315,451.78676647439,451.78676647439,451.78676647439,451.46255043395,451.46255043395,451.46255043395,452.35329452187,0.024946487262944,0.011809084283037,0.0072849717801929,0.0099503250610309,495.96710784015,-0.00044013585200661,0.001425666203889,-0.0013496432625148,495.96002084356,0.0043529772322596,-0.00035244052108367,0,1.4573994263248e-15,1.2683332622145e-17,0,0,1.2672142338767e-17,1.2651815027556e-17,1.2674657803928e-17,0,1.2641268049024e-17,1.2604778749623e-17,0,1.2660136041123e-17,1.2619250973197e-17,1.7341959498599e-16,0,0,1.7330061419993e-16,1.7316847019395e-16,1.7332711475208e-16,0,1.73095613475e-16,1.7275146611656e-16,0,1.7321554501811e-16,1.7289962259971e-16
1.05,1556402557.7257,1556402557.7257,1556402557.7257,978624779.94787,978624779.94787,978624779.94787,1,1,1,92945625.6698,7.267511571847e-06,3.0849004318562e-05,7.5049052893325e-06,1.0069263095509,375.87563551052,375.87563551052,376.91755689644,376.91755689644,375.87563551052,376.33531241378,376.33531241378,376.33531241378,375.99758329091,375.99758329091,375.99758329091,376.91755689644,0.0030402352922178,1.0061886081499e-44,1.9080283354982e-44,-0.0029140566149727,-0.003032761836533,-0.0029714608868681,1.5650602947145e-44,-0.0029806222053784,-0.0030132622264303,5.7175194316083e-46,-0.0030108462851955,0.0029110288378427,452.23246013519,452.23246013519,453.27438152111,453.27438152111,452.23246013519,452.69213703845,452.69213703845,452.69213703845,452.35440791558,452.35440791558,452.35440791558,453.27438152111,0.024966636642465,0.01241418889305,0.0076616145530295,0.010445251393972,497.0273786026,-0.00045106640655393,0.0014185786559689,-0.0013438205897564,497.02000454629,0.0043578941028628,-0.00036562216796226,0,1.6158555014949e-15,1.3239182269824e-17,0,0,1.3226877309518e-17,1.3202794432956e-17,1.3229734037229e-17,0,1.3190741518339e-17,1.3150242365216e-17,0,1.3213112045639e-17,1.3166112779979e-17,1.9214262610671e-16,0,0,1.920062434789e-16,1.9184004114226e-16,1.9203678405412e-16,0,1.9175013902799e-16,1.9134871721794e-16,0,1.9190170727421e-16,1.915193178569e-16
1.1,1544128619.2778,1544128619.2778,1544128619.2778,966350841.50005,966350841.50005,966350841.50005,1,1,1,99184479.469752,7.6473702241575e-06,3.2318371346422e-05,7.8871550718944e-06,1.0074174464843,374.36931395737,374.36931395737,375.45159859356,375.45159859356,374.36931395737,374.85342811995,374.85342811995,374.85342811995,374.50194949868,374.50194949868,374.50194949868,375.45159859356,0.0030440834411684,1.8453051988418e-44,3.4108434231392e-44,-0.0029133655656646,-0.0030360474292334,-0.0029716401781764,2.2288217210436e-44,-0.0029814588216028,-0.003015056357916,9.4300635158298e-46,-0.0030123907801544,0.0029100748026,453.0590728231,453.0590728231,454.1413574593,454.1413574593,453.0590728231,453.54318698568,453.54318698568,453.54318698568,453.19170836441,453.19170836441,453.19170836441,454.1413574593,0.024987757101382,0.013019123958199,0.0080383084194818,0.010939932829004,498.02465120309,-0.00046218688141464,0.0014114124631919,-0.0013381411597649,498.01698692129,0.0043629976436301,-0.00037892646511959,0,1.7808754141716e-15,1.3783655205144e-17,0,0,1.3770132996891e-17,1.3741917579757e-17,1.3773373940644e-17,0,1.3728330450403e-17,1.3683538986427e-17,0,1.3754527089018e-17,1.370092424362e-17,2.116356582369e-16,0,0,2.1148015231878e-16,2.1127404735656e-16,2.1151527628061e-16,0,2.1116493013969e-16,2.107001636338e-16,0,2.1135354602753e-16,2.1089535073927e-16
1.15,1532005505.4465,1532005505.4465,1532005505.4465,954227727.66868,954227727.66868,954227727.66868,1,1,1,105436776.54536,8.0273801601119e-06,3.3787750778753e-05,8.2687915851969e-06,1.0079090132295,372.87488757079,372.87488757079,373.99843952533,373.99843952533,372.87488757079,373.38413805747,373.38413805747,373.38413805747,373.01867808665,373.01867808665,373.01867808665,373.99843952533,0.0030479399346669,3.2705504948256e-44,5.976818335636e-44,-0.0029125872221892,-0.0030393235032675,-0.0029717206043421,3.2244722913909e-44,-0.0029822139891136,-0.0030167740866407,1.5574490347303e-45,-0.0030138448587665,0.0029090236796031,453.83215206915,453.83215206915,454.95570402369,454.95570402369,453.83215206915,454.34140255583,454.34140255583,454.34140255583,453.97594258502,453.97594258502,453.97594258502,454.95570402369,0.025009752340969,0.01362388307454,0.0084150593806955,0.011434369603431,498.96050272569,-0.0004734757704996,0.001404140734146,-0.0013326092425704,498.95254451511,0.0043683586959192,-0.00039234287946301,0,1.9522784063561e-15,1.4314541148009e-17,0,0,1.4299692840015e-17,1.4266960110248e-17,1.4303361959881e-17,0,1.4251826788905e-17,1.4202452720847e-17,0,1.4282174420674e-17,1.4221478156753e-17,2.3187947646756e-16,0,0,2.317029718709e-16,2.3145057583831e-16,2.3174328475181e-16,0,2.3132005687315e-16,2.3078546489059e-16,0,2.3155159079342e-16,2.3100755802554e-16
1.2,1520031805.5067,1520031805.5067,1520031805.5067,942254027.72889,942254027.72889,942254027.72889,1,1,1,111690359.19923,8.4075471093213e-06,3.5257143842446e-05,8.649802116579e-06,1.0084009989394,371.3923255228,371.3923255228,372.55804981582,372.55804981582,371.3923255228,371.92741712896,371.92741712896,371.92741712896,371.54774880944,371.54774880944,371.54774880944,372.55804981582,0.003051804662614,5.6470161709625e-44,1.0309188994688e-43,-0.0029117213412569,-0.0030425899207627,-0.0029717006680816,4.7192825102224e-44,-0.0029828864032607,-0.0030184129809889,2.5773502749703e-45,-0.0030152061681408,0.0029078753523088,454.55318653508,454.55318653508,455.7189108281,455.7189108281,454.55318653508,455.08827814124,455.08827814124,455.08827814124,454.70860982172,454.70860982172,454.70860982172,455.7189108281,0.025032532804166,0.014228461089268,0.0087918734123681,0.011928561954002,499.83653503609,-0.00048494693293452,0.0013967476941761,-0.0013272418822344,499.82827868424,0.0043738899909467,-0.00040586759684006,0,2.1298573490779e-15,1.4829767656813e-17,0,0,1.4813478293809e-17,1.4775838087086e-17,1.4817620131784e-17,0,1.4759163837931e-17,1.4704910384187e-17,0,1.479398638367e-17,1.4725709748176e-17,2.5285193501467e-16,0,0,2.5265239377993e-16,2.523467664565e-16,2.5269856410427e-16,0,2.5219266654204e-16,2.5158134858939e-16,0,2.5247344697877e-16,2.5183285646698e-16
1.25,1508206121.7365,1508206121.7365,1508206121.7365,930428343.95873,930428343.95873,930428343.95873,1,1,1,117934068.04641,8.7878759449401e-06,3.6726551670664e-05,9.0301731156496e-06,1.0088933926528,369.92159718181,369.92159718181,371.13039914686,371.13039914686,369.92159718181,370.48324002837,370.48324002837,370.48324002837,370.08914148672,370.08914148672,370.08914148672,371.13039914686,0.0030556779930374,9.5496651771234e-44,1.7558587077008e-43,-0.002910768224914,-0.0030458470175678,-0.0029715794099485,6.9630287193168e-44,-0.0029834752585197,-0.0030199710626852,4.2757179156257e-45,-0.0030164727950298,0.0029066302485781,455.22366583863,455.22366583863,456.43246780369,456.43246780369,455.22366583863,455.7853086852,455.7853086852,455.7853086852,455.39121014354,455.39121014354,455.39121014354,456.43246780369,0.025056015342391,0.014832853864251,0.0091687563121288,0.012422510116902,500.65436328849,-0.00049659660968452,0.001389188082882,-0.0013219388370298,500.64580410008,0.0043795562705135,-0.0004195299106766,0,2.3133807138691e-15,1.532741276892e-17,0,0,1.5309561626958e-17,1.5266620474931e-17,1.5314220876784e-17,0,1.5248428857781e-17,1.5188993639433e-17,0,1.5288047031796e-17,1.5211708965492e-17,2.7452817002856e-16,0,0,2.7430338346676e-16,2.7393702818375e-16,2.743561429654e-16,0,2.737572014376e-16,2.7306182939307e-16,0,2.7409401043333e-16,2.7334546159285e-16
1.3,1496527067.4562,1496527067.4562,1496527067.4562,918749289.6784,918749289.6784,918749289.6784,1,1,1,124157680.03308,9.1683707785596e-06,3.8195975307155e-05,9.4098901495524e-06,1.0093861833588,368.46267189164,368.46267189164,369.71545652259,369.71545652259,368.46267189164,369.05158099774,369.05158099774,369.05158099774,368.64283576722,368.64283576722,368.64283576722,369.71545652259,0.0030595606357266,1.5876781565403e-43,2.9602103836091e-43,-0.002909728642064,-0.0030490954791967,-0.0029713562577814,1.0327410478254e-43,-0.0029839801158569,-0.0030214467441811,7.1136273661602e-45,-0.0030176432185861,0.0029052892630087,455.84507444584,455.84507444584,457.0978590768,457.0978590768,455.84507444584,456.43398355195,456.43398355195,456.43398355195,456.02523832143,456.02523832143,456.02523832143,457.0978590768,0.025080122984012,0.015437058095601,0.0095457141647863,0.01291621432774,501.41560671428,-0.00050822156038961,0.0013814299476084,-0.0013167624961576,501.40673975926,0.0043853771980588,-0.00043311069808968,0,2.5025947155587e-15,1.5805715337076e-17,0,0,1.5786175922288e-17,1.5737539505206e-17,1.579139711626e-17,0,1.5717872858657e-17,1.5652949368634e-17,0,1.5762602280649e-17,1.5677730397047e-17,2.9688082702126e-16,0,0,2.9662840755406e-16,2.9619326999039e-16,2.9668855093603e-16,0,2.9598563040596e-16,2.9519844268133e-16,0,2.9638569635692e-16,2.9551712054759e-16
1.35,1484993265.6013,1484993265.6013,1484993265.6013,907215487.8235,907215487.8235,907215487.8235,1,1,1,130351850.89986,9.5551671011715e-06,3.966541571527e-05,9.7889380763806e-06,1.0098793600569,367.01551882053,367.01551882053,368.31319008759,368.31319008759,367.01551882053,367.63241365823,367.63241365823,367.63241365823,367.20881093878,367.20881093878,367.20881093878,368.31319008759,0.0030634536472519,2.602203933294e-43,4.9493892012608e-43,-0.002908603759435,-0.0030523363528475,-0.0029710310427176,1.5363608764529e-43,-0.0029844009061388,-0.0030228387373703,1.187276324854e-44,-0.0030187162498607,0.0029038537102009,456.41888675269,456.41888675269,457.71655801975,457.71655801975,456.41888675269,457.03578159039,457.03578159039,457.03578159039,456.61217887094,456.61217887094,456.61217887094,457.71655801975,0.025104789257712,0.016041071176246,0.0099227530411264,0.013409674821547,502.12188162789,-0.00051996020359666,0.0013735174514346,-0.0013116150699571,502.11270142693,0.0043912761275856,-0.00044671557628321,0,2.6972255062168e-15,1.6263082712425e-17,0,0,1.624172338334e-17,1.6186998770361e-17,1.624755043619e-17,0,1.6165918681243e-17,1.6095197610075e-17,0,1.6216067504053e-17,1.6122201443696e-17,3.1988029915917e-16,0,0,3.195976730391e-16,3.1908514318555e-16,3.1966605711823e-16,0,3.188476918532e-16,3.1796048943058e-16,0,3.1931867894951e-16,3.1831735648457e-16
1.4,1473603347.5118,1473603347.5118,1473603347.5118,895825569.73402,895825569.73402,895825569.73402,1,1,1,136508058.89929,9.9436087155688e-06,4.1134873783042e-05,1.0167300964253e-05,1.0103729117747,365.58010682056,365.58010682056,366.92356697858,366.92356697858,365.58010682056,366.22571085204,366.22571085204,366.22571085204,365.78704577677,365.78704577677,365.78704577677,366.92356697858,0.0030673581051777,4.2133711771051e-43,8.2193954449704e-43,-0.002907394910106,-0.0030555707290743,-0.0029706037383197,2.2886186874483e-43,-0.0029847376412019,-0.0030241458840946,1.9883691590004e-44,-0.0030196908033122,0.0029023250743816,456.94656311059,456.94656311059,458.29002326861,458.29002326861,456.94656311059,457.59216714208,457.59216714208,457.59216714208,457.1535020668,457.1535020668,457.1535020668,458.29002326861,0.025129950147344,0.016644891088106,0.010299879188792,0.01390289183276,502.77479382545,-0.00053161887436923,0.0013653119612538,-0.0013065268689304,502.7652946456,0.0043972109055983,-0.00046021706935838,0,2.8969814955916e-15,1.6698095410808e-17,0,0,1.6674779521539e-17,1.6613577584129e-17,1.6681255200072e-17,0,1.6591165519396e-17,1.651433561205e-17,0,1.664703254655e-17,1.6543726272782e-17,3.4349497215494e-16,0,0,3.4317937238804e-16,3.4258028992456e-16,3.4325691445958e-16,0,3.4231114314631e-16,3.4131528682672e-16,0,3.4286113815011e-16,3.4171371855173e-16
1.45,1462355952.7913,1462355952.7913,1462355952.7913,884578175.01349,884578175.01349,884578175.01349,1,1,1,142618553.23084,1.0333136271353e-05,4.2604350325548e-05,1.0544962157043e-05,1.0108668276256,364.15640443689,364.15640443689,365.54655330101,365.54655330101,364.15640443689,364.83144462007,364.83144462007,364.83144462007,364.37751850388,364.37751850388,364.37751850388,365.54655330101,0.0030712754216398,6.750343661553e-43,1.357435527048e-42,-0.0029061038194153,-0.0030588000384177,-0.0029700746799395,3.409443020393e-43,-0.0029849907043394,-0.0030253673185598,3.3420487191615e-44,-0.0030205661244586,0.002900705236571,457.42954660215,457.42954660215,458.81969546627,458.81969546627,457.42954660215,458.10458678533,458.10458678533,458.10458678533,457.65066066914,457.65066066914,457.65066066914,458.81969546627,0.025155550480677,0.017248516316637,0.010677098984872,0.014395865595217,503.37593622377,-0.0005431636867762,0.0013568348563548,-0.0013014348071041,503.36611199536,0.0044031952273158,-0.00047351385889065,0,3.1015556939978e-15,1.7109511941736e-17,0,0,1.7084098343072e-17,1.7016035837924e-17,1.7091264057909e-17,0,1.6992392916902e-17,1.6909142709382e-17,0,1.7054265690996e-17,1.6941090474575e-17,3.6769147598852e-16,0,0,3.6733993596572e-16,3.6664459858438e-16,3.6742761188837e-16,0,3.6634201566656e-16,3.6522842577443e-16,0,3.6697951198663e-16,3.6567203846226e-16
1.5,1451249728.2697,1451249728.2697,1451249728.2697,873471950.49195,873471950.49195,873471950.49195,1,1,1,148676304.54421,1.0723793576081e-05,4.4073846090141e-05,1.0921904306613e-05,1.0113610968388,362.7443797856,362.7443797856,364.18211399954,364.18211399954,362.7443797856,363.44958606462,363.44958606462,363.44958606462,362.98020665405,362.98020665405,362.98020665405,364.18211399954,0.0030752071155827,1.0714799709089e-42,2.2316380170535e-42,-0.0029047324343677,-0.0030620258316155,-0.0029694444142054,5.074853267536e-43,-0.0029851606371367,-0.0030265023509072,5.6386353749757e-44,-0.0030213416438191,0.0028989963336639,457.86926047935,457.86926047935,459.30699469329,459.30699469329,457.86926047935,458.57446675838,458.57446675838,458.57446675838,458.1050873478,458.1050873478,458.1050873478,459.30699469329,0.02518154024695,0.017851945784325,0.011054418463749,0.014888596342147,503.92688381248,-0.00055442560615897,0.0013480872561302,-0.0012963372172865,503.91672821151,0.004409194046563,-0.00048648725609517,0,3.3106280840498e-15,1.7496269037041e-17,0,0,1.7468612809931e-17,1.7393314678507e-17,1.7476507885672e-17,0,1.7368561548616e-17,1.727858050637e-17,0,1.7436714525248e-17,1.7313261197812e-17,3.9243493695163e-16,0,0,3.9204428511737e-16,3.9124246009735e-16,3.9214312636321e-16,0,3.9090487096753e-16,3.8966402866509e-16,0,3.9163875015146e-16,3.9015668725712e-16
1.55,1440283327.6828,1440283327.6828,1440283327.6828,862505549.90502,862505549.90502,862505549.90502,1,1,1,154674958.50164,1.1115625457761e-05,4.5543361761688e-05,1.1298109392011e-05,1.0118557087691,361.3440005336,361.3440005336,362.83021281137,362.83021281137,361.3440005336,362.080105303,362.080105303,362.080105303,361.59508701104,361.59508701104,361.59508701104,362.83021281137,0.0030791546988049,1.6867454136019e-42,3.6551523330918e-42,-0.0029032828039521,-0.003065249686779,-0.0029687135831736,7.5422264294974e-43,-0.0029852480531834,-0.0030275503248793,9.5509925678479e-44,-0.0030220168511705,0.0028972006055661,458.26710609828,458.26710609828,459.75331837605,459.75331837605,458.26710609828,459.00321086768,459.00321086768,459.00321086768,458.51819257573,458.51819257573,458.51819257573,459.75331837605,0.025207875497922,0.018455178798013,0.011431843370939,0.015381084306161,504.42918982863,-0.00056532462914935,0.0013390513667585,-0.0012911923445007,504.41869623343,0.0044151803027348,-0.00049902406612274,0,3.5238679642192e-15,1.7857480602801e-17,0,0,1.7827433441155e-17,1.7744534850061e-17,1.7836094874489e-17,0,1.77188114716e-17,1.7621791401246e-17,0,1.7793504305595e-17,1.7659385747599e-17,4.1768922820993e-16,0,0,4.1725608327216e-16,4.1633702194031e-16,4.1736717363449e-16,0,4.1596305445979e-16,4.1458500505804e-16,0,4.1680256526258e-16,4.1513083008455e-16
1.6,1429455411.811,1429455411.811,1429455411.811,851677634.03323,851677634.03323,851677634.03323,1,1,1,160608791.31607,1.1508677745534e-05,4.701289796387e-05,1.1673558730934e-05,1.0123506529179,359.95523393099,359.95523393099,361.49081228305,361.49081228305,359.95523393099,360.72297147333,360.72297147333,360.72297147333,360.22213560976,360.22213560976,360.22213560976,361.49081228305,0.0030831197368514,2.6356468739803e-42,5.9683264380048e-42,-0.0029017571517053,-0.0030684732356626,-0.0029678829838988,1.1186670120691e-42,-0.0029852536963915,-0.003028510705607,1.6244165854723e-43,-0.0030225913596253,0.0028953204801652,458.62446126127,458.62446126127,460.16003961334,460.16003961334,458.62446126127,459.39219880362,459.39219880362,459.39219880362,458.89136294005,458.89136294005,458.89136294005,460.16003961334,0.025234515343656,0.01905821500485,0.011809379652228,0.01587332971924,504.88438399226,-0.00057564171697885,0.001329718344096,-0.0012859953275438,504.87354559007,0.0044212343462656,-0.00051094059929422,0,3.7409362837032e-15,1.819243564836e-17,0,0,1.815984654226e-17,1.8068994772818e-17,1.8169308480297e-17,0,1.8042459821376e-17,1.7938096037691e-17,0,1.812393603448e-17,1.7978788844963e-17,4.4341721743644e-16,0,0,4.4293798454284e-16,4.4189043940648e-16,4.4306245610627e-16,0,4.4147894583776e-16,4.399533037577e-16,0,4.4243368140612e-16,4.4055667710414e-16
1.65,1418764648.3838,1418764648.3838,1418764648.3838,840986870.60599,840986870.60599,840986870.60599,1,1,1,166472668.46661,1.1902997245615e-05,4.8482455263095e-05,1.2048233002822e-05,1.0128459189484,358.57804681969,358.57804681969,360.16387375414,360.16387375414,358.57804681969,359.37815271386,359.37815271386,359.37815271386,358.86132770574,358.86132770574,358.86132770574,360.16387375414,0.003087103799319,4.0907537368828e-42,9.7207617602109e-42,-0.0029001578330054,-0.0030716981529265,-0.0029669535445205,1.6553052825353e-42,-0.0029851784105986,-0.0030293830457285,2.7744308957165e-43,-0.0030230648960931,0.0028933585224984,458.94267893115,458.94267893115,460.5285058656,460.5285058656,458.94267893115,459.74278482532,459.74278482532,459.74278482532,459.22595981721,459.22595981721,459.22595981721,460.5285058656,0.025261424498329,0.019661054357864,0.01218703337425,0.016365332812729,505.29397039666,-0.00058530709834963,0.001320029733812,-0.0012807561091585,505.28278005926,0.004427431529419,-0.00052215128803612,0,3.9614879146666e-15,1.8500594079296e-17,0,0,1.8465309752218e-17,1.8366166083747e-17,1.8475603196509e-17,0,1.833899637533e-17,1.8226989039157e-17,0,1.8427482006456e-17,1.8270968418942e-17,4.6958100849534e-16,0,0,4.6905187602784e-16,4.6786412057091e-16,4.6919090471979e-16,0,4.6741420323206e-16,4.657301588581e-16,0,4.6849407638004e-16,4.663957284399e-16
1.7,1408209712.105,1408209712.105,1408209712.105,830431934.32723,830431934.32723,830431934.32723,1,1,1,172262005.47916,1.2298631747492e-05,4.9952034168984e-05,1.242211227449e-05,1.0133414966979,357.21240565626,357.21240565626,358.84935736168,358.84935736168,357.21240565626,358.0456161571,358.0456161571,358.0456161571,357.51263775787,357.51263775787,357.51263775787,358.84935736168,0.0030911084624698,6.3104624425656e-42,1.5799327879815e-41,-0.0028984873070257,-0.0030749261175437,-0.0029659262859878,2.4430153098739e-42,-0.0029850231215442,-0.003030166945261,4.7590572900575e-43,-0.0030234372670485,0.0028913174336309,459.22308623453,459.22308623453,460.86003793994,460.86003793994,459.22308623453,460.05629673537,460.05629673537,460.05629673537,459.52331833613,459.52331833613,459.52331833613,460.86003793994,0.025288571805897,0.020263697087009,0.01256481069074,0.016857093817322,505.65942586771,-0.00059422227082063,0.0013100775028246,-0.0012754753928294,505.6478761587,0.0044339095581936,-0.00053257944447469,0,4.1851738397406e-15,1.8781580950258e-17,0,0,1.8743446926445e-17,1.8635688257121e-17,1.8754599169781e-17,0,1.8608077465045e-17,1.8488133024442e-17,0,1.8703779936733e-17,1.8535589330302e-17,4.96142174998e-16,0,0,4.9555911287684e-16,4.9421896364829e-16,4.9571391322257e-16,0,4.9372999875281e-16,4.9187632732422e-16,0,4.9494521563421e-16,4.9260901025739e-16
1.75,1397789284.7652,1397789284.7652,1397789284.7652,820011506.98739,820011506.98739,820011506.98739,1,1,1,177972730.63074,1.2695630005719e-05,5.1421635137098e-05,1.2795175981242e-05,1.0138373761864,355.85827654327,355.85827654327,357.54722205353,357.54722205353,355.85827654327,356.72532793741,356.72532793741,356.72532793741,356.17603942732,356.17603942732,356.17603942732,357.54722205353,0.0030951352490352,9.6804032187745e-42,2.5634346778319e-41,-0.0028967481524001,-0.0030781587653147,-0.0029648023158114,3.5956195865777e-42,-0.0029847888280461,-0.0030308620842865,8.1991216452528e-43,-0.0030237083570538,0.0028892000211215,459.46698370614,459.46698370614,461.1559292164,461.1559292164,459.46698370614,460.33403510028,460.33403510028,460.33403510028,459.78474659019,459.78474659019,459.78474659019,461.1559292164,0.025315928608687,0.020866143676106,0.012942717808817,0.017348612963056,505.98219873957,-0.0006025511485455,0.001299902221815,-0.0012702719760277,505.97028164754,0.0044410074885689,-0.00054241112200463,0,4.4116432764705e-15,1.9035180136926e-17,0,0,1.8994041074958e-17,1.8877361383535e-17,1.9006075464295e-17,0,1.8849518958097e-17,1.8721351332013e-17,0,1.8952626533935e-17,1.8772476147976e-17,5.2306198490986e-16,0,0,5.2242074336932e-16,5.209155841387e-16,5.2259256291166e-16,0,5.2038724410756e-16,5.1835231628391e-16,0,5.2174827712109e-16,5.1915730062518e-16
1.8,1387502055.3921,1387502055.3921,1387502055.3921,809724277.61428,809724277.61428,809724277.61428,1,1,1,183601250.46657,1.3094041690254e-05,5.2891258570254e-05,1.3167402984949e-05,1.0143335476246,354.51562527735,354.51562527735,356.25742560598,356.25742560598,354.51562527735,355.41725320309,355.41725320309,355.41725320309,354.85150557454,354.85150557454,354.85150557454,356.25742560598,0.0030991856360802,1.4774597353084e-41,4.1531123103104e-41,-0.0028949430084893,-0.0030813977122426,-0.0029635828265213,5.2768479980641e-42,-0.0029844765831904,-0.0030314681777644,1.4188036661999e-42,-0.0030238781226157,0.0028870091842486,459.67564475023,459.67564475023,461.41744507886,461.41744507886,459.67564475023,460.57727267597,460.57727267597,460.57727267597,460.01152504742,460.01152504742,460.01152504742,461.41744507886,0.025343471523247,0.021468394843295,0.01332076120353,0.017839890479298,506.26370791197,-0.00061079158085794,0.0012896023204321,-0.0012652350175266,506.25141449369,0.004449038169772,-0.00055220012760563,0,4.6405456670234e-15,1.9261326006392e-17,0,0,1.9217026708719e-17,1.9091138468652e-17,1.9229962119995e-17,0,1.9063288344252e-17,1.8926620139672e-17,0,1.9173969185703e-17,1.8981605324496e-17,5.5030161337739e-16,0,0,5.4959772316928e-16,5.4791453108221e-16,5.4978783614568e-16,0,5.4734680502743e-16,5.4511859917531e-16,0,5.4886436438804e-16,5.4600134431069e-16
1.85,1377346720.4371,1377346720.4371,1377346720.4371,799568942.65933,799568942.65933,799568942.65933,1,1,1,189144416.48682,1.3493917380755e-05,5.4360904820898e-05,1.3538771569506e-05,1.0148300014185,353.18441739237,353.18441739237,354.97992465404,354.97992465404,353.18441739237,354.12135613369,354.12135613369,354.12135613369,353.53900826603,353.53900826603,353.53900826603,354.97992465404,0.0031032610165864,2.24458276715e-41,6.7202974921647e-41,-0.0028930745896974,-0.0030846445166546,-0.0029622690834871,7.7214980053779e-42,-0.0029840874920125,-0.0030319849931858,2.4658806072705e-42,-0.0030239465926687,0.0028847478955832,459.85031526475,459.85031526475,461.64582252641,461.64582252641,459.85031526475,460.78725400607,460.78725400607,460.78725400607,460.20490613841,460.20490613841,460.20490613841,461.64582252641,0.025371178565304,0.02207045152493,0.013698947394554,0.01833092659473,506.5053421636,-0.00062001398147175,0.0012792462700068,-0.001260506610738,506.49266197517,0.0044584136260474,-0.00056305133224977,0,4.8748493232915e-15,1.9460095112513e-17,0,0,1.9412481064224e-17,1.9277116437208e-17,1.9426331650941e-17,0,1.9249495711576e-17,1.9104059382717e-17,0,1.936789743989e-17,1.9163096096911e-17,5.7782234381058e-16,0,0,5.7705111716961e-16,5.7517649059115e-16,5.772608178336e-16,0,5.7456970293159e-16,5.7213581905073e-16,0,5.7625470762218e-16,5.73102054708e-16
1.9,1367321983.9786,1367321983.9786,1367321983.9786,789544206.20079,789544206.20079,789544206.20079,1,1,1,194599494.39698,1.3895308471666e-05,5.5830574192181e-05,1.3909259528794e-05,1.0153267281745,351.86461821282,351.86461821282,353.71467472288,353.71467472288,351.86461821282,352.83759996061,352.83759996061,352.83759996061,352.23851878002,352.23851878002,352.23851878002,353.71467472288,0.0031073626926092,3.3959910498441e-41,1.0862722987981e-40,-0.0028911456472818,-0.003087900690544,-0.0029608624190546,1.1265293596332e-41,-0.0029836226807331,-0.0030324123293046,4.3040351193139e-42,-0.0030239138815155,0.0028824192023555,459.99221341909,459.99221341909,461.84226992916,461.84226992916,459.99221341909,460.96519516688,460.96519516688,460.96519516688,460.36611398629,460.36611398629,460.36611398629,461.84226992916,0.025399031862754,0.02267231486185,0.014077282741546,0.018821721537345,506.70845968542,-0.00063203304680932,0.0012689513732546,-0.00125625895242,506.69538002033,0.0044694004891169,-0.00057683272046942,0,5.1128502361809e-15,1.9631696448123e-17,0,0,1.958061478785e-17,1.9435526976303e-17,1.9595389449485e-17,0,1.9408384317805e-17,1.9253923484921e-17,0,1.9534633328263e-17,1.9317201143468e-17,6.055857551799e-16,0,0,6.0474228816219e-16,6.0266247643291e-16,6.0497288335304e-16,0,6.0201730325758e-16,5.99364978772e-16,0,6.03880851011e-16,6.0042070255219e-16
1.95,1357426557.9352,1357426557.9352,1357426557.9352,779648780.1574,779648780.1574,779648780.1574,1,1,1,199964134.12675,1.4298267122846e-05,5.7300266942265e-05,1.4278844202018e-05,1.0158237187013,350.5561929044,350.5561929044,352.46163026475,352.46163026475,350.5561929044,351.56594699349,351.56594699349,351.56594699349,350.95000761416,350.95000761416,350.95000761416,352.46163026475,0.0031114918604309,5.1196242322992e-41,1.7541816877053e-40,-0.0028891589549009,-0.0030911676959058,-0.0029593642437934,1.6386932585792e-41,-0.0029830833054983,-0.0030327500134823,7.5433449265459e-42,-0.0030237801775781,0.0028800261971585,460.10252955048,460.10252955048,462.00796691084,462.00796691084,460.10252955048,461.11228363957,461.11228363957,461.11228363957,460.49634426025,460.49634426025,460.49634426025,462.00796691084,0.025427012703586,0.023273986187745,0.014455773903261,0.019312275534424,506.87438778407,-0.00064963177985247,0.0012588136680723,-0.0012526154337566,506.86089269564,0.0044821461463105,-0.00059637991283728,0,5.3528145267745e-15,1.9776461676513e-17,0,0,1.9721762120852e-17,1.9566726401172e-17,1.973746405616e-17,0,1.9540320664949e-17,1.9376591138072e-17,0,1.9674521521733e-17,1.9444296593121e-17,6.3355389549858e-16,0,0,6.326330716274e-16,6.3033400628069e-16,6.3288587270811e-16,0,6.2965148975507e-16,6.2676761675202e-16,0,6.3170482618023e-16,6.2791909050498e-16
2,1347659162.2807,1347659162.2807,1347659162.2807,769881384.50296,769881384.50296,769881384.50296,1,1,1,205236342.11868,1.4702846109952e-05,5.8770020601893e-05,1.4647502582791e-05,1.0163209640111,349.25910652507,349.25910652507,351.2207447015,351.2207447015,349.25910652507,350.30635864388,350.30635864388,350.30635864388,349.67344449579,349.67344449579,349.67344449579,351.2207447015,0.0031156495573996,7.694998909192e-41,2.8302590227891e-40,-0.0028871172831775,-0.0030944469429384,-0.0029577760508096,2.3767123417696e-41,-0.0029824705156416,-0.0030329979075648,1.3272040886366e-41,-0.0030235457743813,0.0028775720007735,460.18242616436,460.18242616436,462.14406434079,462.14406434079,460.18242616436,461.22967828317,461.22967828317,461.22967828317,460.59676413508,460.59676413508,460.59676413508,462.14406434079,0.025455103703967,0.023875467017843,0.014834426955823,0.019802588812533,507.004422722,-0.00067631247268545,0.0012487744487321,-0.001249695930504,506.99049232018,0.0044964123006205,-0.00062519593014899,0,5.5944151662875e-15,1.989483479846e-17,0,0,1.9836370219043e-17,1.9671185269689e-17,1.985299657478e-17,0,1.9645784400859e-17,1.9472555226986e-17,0,1.978801905885e-17,1.9544872110851e-17,6.6168944069173e-16,0,0,6.6068593541942e-16,6.5815326327704e-16,6.6096224971791e-16,0,6.5743482449822e-16,6.5430596844809e-16,0,6.5968931110576e-16,6.55559713719e-16
2.05,1338018525.2683,1338018525.2683,1338018525.2683,760240747.49049,760240747.49049,760240747.49049,1,1,1,210414454.64849,1.5109098699696e-05,6.0240042506561e-05,1.5015211419458e-05,1.0168184553196,347.97332408084,347.97332408084,349.99197047261,349.99197047261,347.97332408084,349.05879545382,349.05879545382,349.05879545382,348.40879838747,348.40879838747,348.40879838747,349.99197047261,0.0031198366814541,1.153922241344e-40,4.562503778658e-40,-0.0028850233538291,-0.0030977398124574,-0.0029560994334039,3.4371486230929e-41,-0.0029817854668031,-0.0030331558677063,2.3435286282288e-41,-0.003023211045355,0.0028750597364428,460.23303802565,460.23303802565,462.25168441742,462.25168441742,460.23303802565,461.31850939863,461.31850939863,461.31850939863,460.66851233228,460.66851233228,460.66851233228,462.25168441742,0.025483285635726,0.024476759038397,0.015213248325684,0.020292661597502,507.09982968926,-0.00071580597175505,0.0012386865392367,-0.0012473882015623,507.08543991789,0.0045114863916842,-0.00066697902491981,0,5.8373307781082e-15,1.9987361468424e-17,0,0,1.9924989046476e-17,1.9749477896033e-17,1.9942530436404e-17,0,1.972535793162e-17,1.9542412181797e-17,0,1.9875684595566e-17,1.9619520513247e-17,6.8995583835643e-16,0,0,6.8886412515909e-16,6.860832427674e-16,6.8916524672912e-16,0,6.8533069320778e-16,6.8194311279707e-16,0,6.8779777382226e-16,6.8330590571609e-16
2.1,1328503383.6513,1328503383.6513,1328503383.6513,750725605.87355,750725605.87355,750725605.87355,1,1,1,215497112.63933,1.5517078529634e-05,6.171010286696e-05,1.5381947272759e-05,1.0173161840434,346.69881057236,346.69881057236,348.77525909177,348.77525909177,346.69881057236,347.82321711967,347.82321711967,347.82321711967,347.15603750194,347.15603750194,347.15603750194,348.77525909177,0.0031240539526094,1.7277910084404e-40,7.3484856921438e-40,-0.0028828798642419,-0.0031010476041316,-0.002954336056225,4.9566851062467e-41,-0.0029810293192679,-0.0030332237655981,4.151546539746e-41,-0.0030227764503773,0.0028724925277663,460.25547231542,460.25547231542,462.33192083483,462.33192083483,460.25547231542,461.37987886274,461.37987886274,461.37987886274,460.712699245,460.712699245,460.712699245,462.33192083483,0.025511536605057,0.025077864096275,0.015592245001718,0.020782494114418,507.16184288939,-0.00077129007821901,0.0012283079035869,-0.0012455015222003,507.14696611553,0.0045263539488666,-0.00072477878580853,0,6.0812468506106e-15,2.0054679087503e-17,0,0,1.9988260902375e-17,1.9802271701172e-17,2.0006701267369e-17,0,1.9779715488356e-17,1.9586851186264e-17,0,1.993816814461e-17,1.9668926743744e-17,7.1831743751102e-16,0,0,7.1713179481548e-16,7.1408788397299e-16,7.1745899499977e-16,0,7.133034351113e-16,7.0964310338887e-16,0,7.1599460162124e-16,7.1112196867441e-16
2.15,1319112482.9021,1319112482.9021,1319112482.9021,741334705.12428,741334705.12428,741334705.12428,1,1,1,220483238.35285,1.5926558302987e-05,6.3180207431653e-05,1.5747966703621e-05,1.0178141410367,345.43553105057,345.43553105057,347.57056119805,347.57056119805,345.43553105057,346.59958251989,346.59958251989,346.59958251989,345.9151293131,345.9151293131,345.9151293131,347.57056119805,0.0031282497717808,2.5957104134347e-40,1.187370946681e-39,-0.0028804885164519,-0.0031046046659678,-0.0029525966642684,7.1474353307988e-41,-0.0029800784631835,-0.0030331470595332,7.330139361045e-41,-0.0030223571774432,0.0028698121066599,460.25080885951,460.25080885951,462.385839007,462.385839007,460.25080885951,461.41486032883,461.41486032883,461.41486032883,460.73040712204,460.73040712204,460.73040712204,462.385839007,0.025539833515429,0.025678783188666,0.01597142157244,0.021272086586921,507.19167768449,-0.00053402965697497,0.00079837798259704,-0.00076873828174512,507.17663420492,0.0028188525900146,-0.00041357803428789,0,6.3258952462602e-15,2.0094915098437e-17,0,0,2.00251789555e-17,1.9830553832462e-17,2.0043705834338e-17,0,1.9811885705452e-17,1.9608697392583e-17,0,1.9975021217359e-17,1.9697334752068e-17,7.4673593897796e-16,0,0,7.4545167448329e-16,7.4213252215223e-16,7.4580507563091e-16,0,7.4132167257213e-16,7.3737398918193e-16,0,7.4424354753552e-16,7.3897820662339e-16
2.2,1309844581.0794,1309844581.0794,1309844581.0794,732066803.30165,732066803.30165,732066803.30165,1,1,1,225369794.38505,1.6337952509745e-05,6.4650349704479e-05,1.611286258854e-05,1.0183123192917,344.18342421009,344.18342421009,346.37786343612,346.37786343612,344.18342421009,345.38785198424,345.38785198424,345.38785198424,344.68603113199,344.68603113199,344.68603113199,346.37786343612,0.0031325336385666,3.8916327753075e-40,1.9079608285085e-39,-0.0028782644750415,-0.0031079401861023,-0.0029506632735867,1.0253020538497e-40,-0.0029791898357053,-0.0030330360407344,1.3058805397474e-40,-0.0030217214739253,0.0028671518329662,460.2200728055,460.2200728055,462.41451203153,462.41451203153,460.2200728055,461.42450057965,461.42450057965,461.42450057965,460.7226797274,460.7226797274,460.7226797274,462.41451203153,0.025556544932451,0.026279520038829,0.016350785940217,0.021761439240134,507.19050543006,-0.00052917138616518,0.00079863605490709,-0.00078052742060521,507.1750111056,0.0028560019421532,-0.00041136020360712,0,6.570938706248e-15,2.0114151727432e-17,0,0,2.0040099351391e-17,1.983470151077e-17,2.005948330191e-17,0,1.9818049997571e-17,1.9604620373097e-17,0,1.9989439624055e-17,1.9698496333443e-17,7.7518164514653e-16,0,0,7.7379265477733e-16,7.7018302603438e-16,7.7417346897067e-16,0,7.6934862765849e-16,7.6509910919874e-16,0,7.7251288415609e-16,7.668360872965e-16
2.25,1300698429.7576,1300698429.7576,1300698429.7576,722920651.97984,722920651.97984,722920651.97984,1,1,1,230158752.72189,1.6751246540756e-05,6.6120531427972e-05,1.6476701365331e-05,1.0188107104838,342.94248179531,342.94248179531,345.19707481559,345.19707481559,342.94248179531,344.18797959451,344.18797959451,344.18797959451,343.46871827652,343.46871827652,343.46871827652,345.19707481559,0.00313684968588,5.838765090349e-40,3.0629760099917e-39,-0.0028759932202204,-0.0031112925888235,-0.0029486464051466,1.4671176547851e-40,-0.0029782335396674,-0.0030328355293524,2.331045230243e-40,-0.0030209861974414,0.0028644389272095,460.16431887663,460.16431887663,462.41891189691,462.41891189691,460.16431887663,461.40981667583,461.40981667583,461.40981667583,460.69055535784,460.69055535784,460.69055535784,462.41891189691,0.02559244542067,0.026880076334991,0.016730343873286,0.0222505522961,507.15944613548,-0.00053806336199913,0.00080037940002747,-0.00079514046445474,507.14347316885,0.0029016576693816,-0.00042398742470396,0,6.8160893081698e-15,2.0110549576401e-17,0,0,2.0032051619516e-17,1.9815783399859e-17,2.0052270737324e-17,0,1.9801452998036e-17,1.9577622437357e-17,0,1.9981081332911e-17,1.9676891433189e-17,8.0362225710425e-16,0,0,8.0212225385981e-16,7.9820677566751e-16,8.0253166220377e-16,0,7.97352111043e-16,7.9278604836867e-16,0,8.0077040036798e-16,7.9466341402666e-16
2.3,1291672807.4665,1291672807.4665,1291672807.4665,713895029.68877,713895029.68877,713895029.68877,1,1,1,234849682.29177,1.7166494419135e-05,6.7590752958387e-05,1.6839460266655e-05,1.019309306754,341.71266953915,341.71266953915,344.02814558427,344.02814558427,341.71266953915,342.99992251328,342.99992251328,342.99992251328,342.26315641288,342.26315641288,342.26315641288,344.02814558427,0.0031411963574101,8.784360293054e-40,4.9114888717348e-39,-0.0028736835862838,-0.0031146620801798,-0.0029465496345185,2.0945389919922e-40,-0.0029772116557251,-0.0030325449975236,4.166736813079e-40,-0.003020152525466,0.0028616832971762,460.08454605654,460.08454605654,462.40002210166,462.40002210166,460.08454605654,461.37179903067,461.37179903067,461.37179903067,460.63503293027,460.63503293027,460.63503293027,462.40002210166,0.025635858533357,0.0274804544944,0.017110101610724,0.022739425976814,507.0996225386,-0.00056500356343626,0.00080179436136691,-0.00081099157299531,507.08313864586,0.0029503901294527,-0.00045561553346293,0,7.0610692556623e-15,2.0085013253248e-17,0,0,2.0001951941437e-17,1.9774749899902e-17,2.0022970296264e-17,0,1.9763041617328e-17,1.9528666898299e-17,0,1.9950863059598e-17,1.9633477319907e-17,8.3202675524744e-16,0,0,8.3040928556933e-16,8.2617249516849e-16,8.3084841835574e-16,0,8.2530127253197e-16,8.2040375395131e-16,0,8.2898518148791e-16,8.2242934392902e-16
2.35,1282766497.2658,1282766497.2658,1282766497.2658,704988719.488,704988719.488,704988719.488,1,1,1,239442389.53032,1.758374949132e-05,6.9061014648299e-05,1.7201116536222e-05,1.0198081004792,340.49395356002,340.49395356002,342.87102332922,342.87102332922,340.49395356002,341.82363661646,341.82363661646,341.82363661646,341.06931030674,341.06931030674,341.06931030674,342.87102332922,0.0031455737162824,1.3278887811198e-39,7.8651163630919e-39,-0.0028713377616783,-0.0031180505225124,-0.0029443755193333,2.9842383122726e-40,-0.0029761252430296,-0.0030321645360087,7.4543421600748e-40,-0.0030192220139105,0.0028588881287928,459.98172819913,459.98172819913,462.35879796832,462.35879796832,459.98172819913,461.31141125557,461.31141125557,461.31141125557,460.55708494584,460.55708494584,460.55708494584,462.35879796832,0.025679627633847,0.028080657058849,0.017490065423178,0.023228060503456,507.01212129394,-0.00061116477412235,0.00080089625478406,-0.00082610634508506,506.99509280938,0.0029960356956389,-0.00050699740663953,0,7.3056118131544e-15,2.0038485159615e-17,0,0,1.99507535729e-17,1.9712587248411e-17,1.9972523527127e-17,0,1.9703802351863e-17,1.9458757073714e-17,0,1.9899739229619e-17,1.9569253154532e-17,8.6036545272958e-16,0,0,8.5862391185169e-16,8.5405030340465e-16,8.5909383200262e-16,0,8.5316665704829e-16,8.4792259211188e-16,0,8.5712766259412e-16,8.5010444714567e-16
2.4,1273978290.6889,1273978290.6889,1273978290.6889,696200512.91111,696200512.91111,696200512.91111,1,1,1,243936877.28447,1.8003063849233e-05,7.0531316853053e-05,1.756164817693e-05,1.0203070842275,339.28630001699,339.28630001699,341.72565498041,341.72565498041,339.28630001699,340.65907697164,340.65907697164,340.65907697164,339.88714386542,339.88714386542,339.88714386542,341.72565498041,0.0031499810725349,2.0208966192135e-39,1.257711757294e-38,-0.0028689574378951,-0.0031214596249359,-0.0029421268132358,4.2445905311007e-40,-0.0029749750861631,-0.0030316939851047,1.3340334279609e-39,-0.0030181961393801,0.0028560562659392,459.85681347148,459.85681347148,462.2961684349,462.2961684349,459.85681347148,461.22959042613,461.22959042613,461.22959042613,460.45765731992,460.45765731992,460.45765731992,462.2961684349,0.025723712145455,0.028680686677885,0.017870241300833,0.02371645609638,506.89799837822,-0.00067183137560264,0.0007945540884236,-0.00083740692082401,506.88039615881,0.0030292703781521,-0.00057284281530658,0,7.5494619900161e-15,1.99719363591e-17,0,0,1.9879439314581e-17,1.9630313070893e-17,1.990190156173e-17,0,1.9624758854565e-17,1.9368931671433e-17,0,1.9828695344582e-17,1.9485257225809e-17,8.8861003599547e-16,0,0,8.8673768454274e-16,8.8181175838314e-16,8.8723937110823e-16,0,8.8092025717872e-16,8.753143979703e-16,0,8.851696724746e-16,8.7766076218074e-16
2.45,1265306988.5329,1265306988.5329,1265306988.5329,687529210.75513,687529210.75513,687529210.75513,1,1,1,248333318.09632,1.8424485975104e-05,7.2001659980983e-05,1.7921036093882e-05,1.0208062507331,338.08967524808,338.08967524808,340.5919869776,340.5919869776,338.08967524808,339.50619791347,339.50619791347,339.50619791347,338.71662023193,338.71662023193,338.71662023193,340.5919869776,0.0031544167394337,3.1027354625183e-39,2.0084793089007e-38,-0.0028665427646945,-0.0031248925821329,-0.0029398074830857,6.0292651291902e-40,-0.0029737611943077,-0.0030311327631129,2.3868342846419e-39,-0.003017076933576,0.0028531898135765,459.71072479429,459.71072479429,462.21303652381,462.21303652381,459.71072479429,461.12724745968,461.12724745968,461.12724745968,460.33766977814,460.33766977814,460.33766977814,462.21303652381,0.025768106081082,0.029280546087345,0.018250635230787,0.024204612975117,506.75828128684,-0.00073191832061336,0.00077496415105054,-0.00083736892664894,506.74009138321,0.0030283345138064,-0.00063691410694563,0,7.7923772884531e-15,1.9886346097474e-17,0,0,1.9789004274157e-17,1.9528968698963e-17,1.9812083591346e-17,0,1.9526977493864e-17,1.926026551577e-17,0,1.9738734432699e-17,1.9382578639068e-17,9.1673357635256e-16,0,0,9.1472356277311e-16,9.0942989077637e-16,9.1525788842198e-16,0,9.085355735827e-16,9.0255252667761e-16,0,9.130844584134e-16,9.0507186776587e-16
2.5,1256751401.1134,1256751401.1134,1256751401.1134,678973623.33557,678973623.33557,678973623.33557,1,1,1,252632019.82379,1.8848296075544e-05,7.3472039438374e-05,1.827903450263e-05,1.0213055942422,336.90404567718,336.90404567718,339.46996560048,339.46996560048,336.90404567718,338.36495302372,338.36495302372,338.36495302372,337.55770177747,337.55770177747,337.55770177747,339.46996560048,0.0031589415639648,4.7923957489377e-39,3.1732228123646e-38,-0.0028642510365146,-0.0031281707761635,-0.0029373277596686,8.5454451080981e-40,-0.0029725874012121,-0.0030305321755037,4.2903164763101e-39,-0.0030157865497645,0.0028503356932242,459.54436013427,459.54436013427,462.11028005757,462.11028005757,459.54436013427,461.00526748081,461.00526748081,461.00526748081,460.19801623456,460.19801623456,460.19801623456,462.11028005757,0.025812842541585,0.029880239988768,0.018631255131818,0.024692531358044,506.59397470936,-0.001448366444862,0.0010955526949751,-0.0012018058922046,506.57449880245,0.0043606411474354,-0.0014052284814577,0,8.0340932896262e-15,1.9784803804324e-17,0,0,1.9681874892929e-17,1.9409438478267e-17,1.9706156115444e-17,0,1.9409731794408e-17,1.9132276350053e-17,0,1.9631824874047e-17,1.9259557042635e-17,9.4471351422153e-16,0,0,9.4255793717962e-16,9.3687898191038e-16,9.4312660166269e-16,0,9.3598507952837e-16,9.2960965137092e-16,0,9.4084805140441e-16,9.3230899454086e-16
2.55,1248310337.8669,1248310337.8669,1248310337.8669,670532560.08914,670532560.08914,670532560.08914,1,1,1,256835060.10947,1.9273991112741e-05,7.4942467622222e-05,1.8636166845772e-05,1.0218051041437,335.72939497661,335.72939497661,338.3595098278,338.3595098278,335.72939497661,337.23529340484,337.23529340484,337.23529340484,336.41035487286,336.41035487286,336.41035487286,338.3595098278,0.0031633581632903,7.5708064419025e-39,5.0802805712449e-38,-0.0028616081778572,-0.0031318382271177,-0.0029349682797217,1.213910343497e-39,-0.0029711312957266,-0.0030297250684674,7.6165232110882e-39,-0.0030145648098375,0.0028473578857081,459.35861198371,459.35861198371,461.9887268349,461.9887268349,459.35861198371,460.86451041195,460.86451041195,460.86451041195,460.03957187997,460.03957187997,460.03957187997,461.9887268349,0.025855230694016,0.030479765946365,0.019012101546608,0.025180211463075,506.40599564587,-0.000795276090192,0.00069619936242017,-0.00076709033274697,506.38665023959,0.0028279427270431,-0.00068718232503078,0,8.2744627511623e-15,1.9661934491401e-17,0,0,1.9554794074894e-17,1.9273307315147e-17,1.9578784883946e-17,0,1.9279480761792e-17,1.8990848448964e-17,0,1.9506036269679e-17,1.9125670369411e-17,9.7251968864176e-16,0,0,9.7021259216975e-16,9.6413555450725e-16,9.7081518478035e-16,0,9.6325038269721e-16,9.5646676680842e-16,0,9.6843375244513e-16,9.5935677696676e-16
2.6,1239982664.1931,1239982664.1931,1239982664.1931,662204886.41533,662204886.41533,662204886.41533,1,1,1,260939474.09164,1.9702075304476e-05,7.641293426274e-05,1.8991957354819e-05,1.0223047772465,334.56565737493,334.56565737493,337.2606215505,337.2606215505,334.56565737493,336.1171773438,336.1171773438,336.1171773438,335.27453313969,335.27453313969,335.27453313969,337.2606215505,0.0031678988174738,1.200804050507e-38,8.0330841310041e-38,-0.0028591552440979,-0.0031352926974471,-0.0029324194340043,1.7240165987087e-39,-0.0029697663362941,-0.0030289117927124,1.3606458324759e-38,-0.0030131600684155,0.0028444305865077,459.15429176319,459.15429176319,461.84925593877,461.84925593877,459.15429176319,460.70581173206,460.70581173206,460.70581173206,459.86316752795,459.86316752795,459.86316752795,461.84925593877,0.025903714890754,0.031079132669299,0.019393185700109,0.025667653507749,506.195424678,-0.00094831384085686,0.0007743416883661,-0.00086205168987518,506.17534325936,0.0030934943959252,-0.00085532419488503,0,8.5132348371097e-15,1.9526020821887e-17,0,0,1.9413722043603e-17,1.9121222411117e-17,1.9438225644891e-17,0,1.9131311254525e-17,1.8831786599448e-17,0,1.9365847167619e-17,1.8972540233784e-17,1.0001336521072e-15,0,0,9.9766774117996e-16,9.911770465702e-16,9.9830498711582e-16,0,9.9030614253934e-16,9.8309893482107e-16,0,9.9582119615642e-16,9.8618800067805e-16
2.65,1231767176.7383,1231767176.7383,1231767176.7383,653989398.96048,653989398.96048,653989398.96048,1,1,1,264948543.8303,2.0132488243296e-05,7.7883442808223e-05,1.9346503213626e-05,1.0228046059973,333.41281975228,333.41281975228,336.17320483919,336.17320483919,333.41281975228,335.0105513263,335.0105513263,335.0105513263,334.15019841632,334.15019841632,334.15019841632,336.17320483919,0.0031724497334518,1.9335832552474e-38,1.2709607589105e-37,-0.0028566537799316,-0.0031387883224546,-0.0029298194201832,2.450415350805e-39,-0.0029683288093447,-0.0030279997468286,2.422971895213e-38,-0.0030116683687497,0.0028414655449363,458.93225136463,458.93225136463,461.69263645154,461.69263645154,458.93225136463,460.52998293865,460.52998293865,460.52998293865,459.66963002867,459.66963002867,459.66963002867,461.69263645154,0.025948382835117,0.031678341127754,0.019774511250839,0.026154857707552,505.96306412944,-0.001004707900621,0.00078355606589638,-0.00089221030840575,505.94233017273,0.00317689426232,-0.0009191781792876,0,8.7502202189248e-15,1.9374971299579e-17,0,0,1.9257516501027e-17,1.8954293148957e-17,1.9282370645818e-17,0,1.8968841917884e-17,1.8658313090951e-17,0,1.921079215586e-17,1.8805312019155e-17,1.0275339992897e-15,0,0,1.0249019821933e-15,1.0179824650067e-15,1.0255743771978e-15,0,1.0171321360421e-15,1.0094857742453e-15,0,1.0229893589672e-15,1.0127827279802e-15
2.7,1223662737.5148,1223662737.5148,1223662737.5148,645884959.73701,645884959.73701,645884959.73701,1,1,1,268862726.00486,2.0565276329909e-05,7.9353993223817e-05,1.9699780411827e-05,1.0233045839184,332.27084979622,332.27084979622,335.0972095394,335.0972095394,332.27084979622,333.91536741396,333.91536741396,333.91536741396,333.03731153837,333.03731153837,333.03731153837,335.0972095394,0.0031770212114779,3.154894282049e-38,2.0046756740251e-37,-0.0028541301511383,-0.0031423066282612,-0.0029271607960369,3.4900037393945e-39,-0.0029668333743603,-0.0030269980190599,4.3044655063513e-38,-0.0030100902201383,0.0028384804930651,458.69329262419,458.69329262419,461.51965236738,461.51965236738,458.69329262419,460.33781024193,460.33781024193,460.33781024193,459.45975436635,459.45975436635,459.45975436635,461.51965236738,0.025993873484964,0.03227739468659,0.020156083892101,0.026641824277626,505.70984180669,-0.0010237493332832,0.00077780787681168,-0.00090420808650972,505.68847637701,0.0032111757339101,-0.00094234982088829,0,8.985238467132e-15,1.921004501909e-17,0,0,1.9087415553992e-17,1.8773634518963e-17,1.9112500694881e-17,0,1.8792941303361e-17,1.8471403666195e-17,0,1.904202106501e-17,1.8624768583534e-17,1.0547011054895e-15,0,0,1.0518956641404e-15,1.0445323935584e-15,1.0526035348914e-15,0,1.0437093685102e-15,1.0356082838261e-15,0,1.0499188434123e-15,1.0391221283071e-15
2.75,1215668204.2317,1215668204.2317,1215668204.2317,637890426.45396,637890426.45396,637890426.45396,1,1,1,272682905.85792,2.1000488532277e-05,8.0824585608741e-05,2.0074061498585e-05,1.0238047047984,331.13971611093,331.13971611093,334.03257934507,334.03257934507,331.13971611093,332.83157597797,332.83157597797,332.83157597797,331.93583125223,331.93583125223,331.93583125223,334.03257934507,0.0031816138703475,5.2088229732237e-38,3.1511250635482e-37,-0.002851589858278,-0.0031458429012956,-0.0029244438390631,4.9865321756542e-39,-0.0029652852896055,-0.0030259092338588,7.6262698944365e-38,-0.0030084260600672,0.0028354792724878,458.43819727393,458.43819727393,461.33106050807,461.33106050807,458.43819727393,460.13005714097,460.13005714097,460.13005714097,459.23431241523,459.23431241523,459.23431241523,461.33106050807,0.026046997655372,0.032876296709912,0.02053790883231,0.027128553432217,505.43663435818,-0.0010226828358318,0.00076738027190853,-0.00090928965103666,505.41463964744,0.0032285221076412,-0.00094397255760667,0,9.2181209571377e-15,1.90323235602e-17,0,0,1.8904494363362e-17,1.8580305311139e-17,1.8929703397869e-17,0,1.8604609776516e-17,1.8272085404668e-17,0,1.8860592585971e-17,1.8431883529304e-17,1.0816168755918e-15,0,0,1.0786306564589e-15,1.0708089133225e-15,1.0793741781684e-15,0,1.0700202599788e-15,1.0614489148182e-15,0,1.0765917492418e-15,1.0651887479743e-15
2.8,1207782441.9556,1207782441.9556,1207782441.9556,630004664.17777,630004664.17777,630004664.17777,1,1,1,276410107.82926,2.1438172472021e-05,8.2295220063398e-05,2.0463761942107e-05,1.0243049625986,330.01938786452,330.01938786452,332.97925681236,332.97925681236,330.01938786452,331.75912646426,331.75912646426,331.75912646426,330.845715369,330.845715369,330.845715369,332.97925681236,0.0031862258499557,8.6880474734987e-38,4.9353042970391e-37,-0.0028490358809944,-0.0031493951296077,-0.0029216706781594,7.1561323322212e-39,-0.0029636870708266,-0.0030247346581239,1.3469326665973e-37,-0.0030066772786444,0.0028324647988892,458.16772554104,458.16772554104,461.12759448888,461.12759448888,458.16772554104,459.90746414077,459.90746414077,459.90746414077,458.99405304551,458.99405304551,458.99405304551,461.12759448888,0.026113715001908,0.033475050616434,0.02091999114348,0.027615045384646,505.14429048594,-0.0010127877016054,0.00075404126492166,-0.00090967192004622,505.12165654393,0.0032351652866912,-0.00093584701408457,0,9.4487111967951e-15,1.8842828679998e-17,0,0,1.8709778855971e-17,1.837534108916e-17,1.8735004431315e-17,0,1.8404862164956e-17,1.8061390573839e-17,0,1.8667525694236e-17,1.8227668596424e-17,1.1082646594645e-15,0,0,1.105090279466e-15,1.096795569904e-15,1.1058694755263e-15,0,1.0960486656661e-15,1.0869915783231e-15,0,1.1029916172545e-15,1.0909665641138e-15
2.85,1200004324.2302,1200004324.2302,1200004324.2302,622226546.45241,622226546.45241,622226546.45241,1,1,1,280045442.78298,2.1878374275747e-05,8.3765896660276e-05,2.0854088507264e-05,1.0248053514354,328.90983469943,328.90983469943,331.93718388373,331.93718388373,328.90983469943,330.69796756937,330.69796756937,330.69796756937,329.76692084931,329.76692084931,329.76692084931,331.93718388373,0.003190854663004,1.4611259421308e-37,7.6999362382377e-37,-0.0028464707472414,-0.0031529615277485,-0.0029188438633345,1.0327972663553e-38,-0.0029620407889357,-0.0030234754644004,2.3705360548614e-37,-0.0030048455955507,0.0028294397511025,457.88261638597,457.88261638597,460.90996557027,460.90996557027,457.88261638597,459.67074925591,459.67074925591,459.67074925591,458.73970253585,458.73970253585,458.73970253585,460.90996557027,0.026181314229643,0.034073659883381,0.021302335680092,0.028101300347312,504.83363537713,-0.0010055567041172,0.00073812899853392,-0.00090618385992839,504.81034000223,0.0032327791082138,-0.00092981671145916,0,9.6768646746819e-15,1.8642554416995e-17,0,0,1.8504269306679e-17,1.8159755541304e-17,1.8529401235489e-17,0,1.819469690798e-17,1.7840333891045e-17,0,1.8463814929695e-17,1.8013123510125e-17,1.1346292127583e-15,0,0,1.1312592680813e-15,1.1224773424799e-15,1.1320740060561e-15,0,1.1217798527966e-15,1.112221620469e-15,0,1.1291033947412e-15,1.1164409676825e-15
2.9,1192332733.0344,1192332733.0344,1192332733.0344,614554955.25659,614554955.25659,614554955.25659,1,1,1,283590093.33825,2.2321138697013e-05,8.523661543684e-05,2.1245047287457e-05,1.0253058655715,327.81102670006,327.81102670006,330.9063019779,330.9063019779,327.81102670006,329.64804725483,329.64804725483,329.64804725483,328.6994037783,328.6994037783,328.6994037783,330.9063019779,0.0031954975779333,2.4723734585787e-37,1.1963805818046e-36,-0.002843897043384,-0.0031565399076324,-0.0029159659278027,1.5009529475985e-38,-0.0029603485449635,-0.0030221329764291,4.1557677123895e-37,-0.003002932795383,0.0028264067416201,457.58358793049,457.58358793049,460.67886320833,460.67886320833,457.58358793049,459.42060848526,459.42060848526,459.42060848526,458.47196500873,458.47196500873,458.47196500873,460.67886320833,0.026249748101303,0.034672128035535,0.02168494714534,0.028587318531687,504.50547161991,-0.0010114204376281,0.00072025792794853,-0.00090009031641169,504.48148135216,0.0032238419617,-0.000936820393543,0,9.9024485764417e-15,1.8432472020246e-17,0,0,1.8288942861426e-17,1.7934537523262e-17,1.8313868286902e-17,0,1.7975085744878e-17,1.7609903519429e-17,0,1.8250431096819e-17,1.7789220757501e-17,1.1606966646774e-15,0,0,1.1571237391174e-15,1.1478406086802e-15,1.157973726967e-15,0,1.1472004628419e-15,1.1371257848583e-15,0,1.1549134019175e-15,1.1415987249418e-15
2.95,1184766558.6137,1184766558.6137,1184766558.6137,606988780.83587,606988780.83587,606988780.83587,1,1,1,287045306.7385,2.2766509151074e-05,8.6707376389501e-05,2.1636644185507e-05,1.025806499406,326.72293439201,326.72293439201,329.88655198143,329.88655198143,326.72293439201,328.60931274976,328.60931274976,328.60931274976,327.64311934379,327.64311934379,327.64311934379,329.88655198143,0.0032001516173622,4.2002330636018e-37,1.850716188082e-36,-0.0028413174444425,-0.0031601275991692,-0.0029130393026983,2.1992002737768e-38,-0.0029586125280405,-0.0030207087316832,7.2544907743358e-37,-0.0030009406811587,0.0028233682696553,457.27133793117,457.27133793117,460.43495552059,460.43495552059,457.27133793117,459.15771628892,459.15771628892,459.15771628892,458.19152288295,458.19152288295,458.19152288295,460.43495552059,0.026318965304604,0.035270458628155,0.022067830371984,0.029073100148318,504.16057965878,-0.0010358631827714,0.00070127316525814,-0.00089331990523205,504.13585469946,0.0032124214043466,-0.00096292004112191,0,1.0128119348666e-14,1.821352823074e-17,0,0,1.8064750546838e-17,1.7700647477559e-17,1.8089355160366e-17,0,1.7746970183064e-17,1.7371057111442e-17,0,1.8028318972803e-17,1.755690126627e-17,1.18645448332e-15,0,0,1.1826711543417e-15,1.1728731044057e-15,1.1835559383694e-15,0,1.1722984687658e-15,1.1616921694181e-15,0,1.1804092951156e-15,1.1664279328258e-15
3,1177304699.3366,1177304699.3366,1177304699.3366,599526921.55878,599526921.55878,599526921.55878,1,1,1,290412388.83522,2.3214527600873e-05,8.8178179473343e-05,2.2028884934143e-05,1.0263072474666,325.64552874871,325.64552874871,328.87787423993,328.87787423993,325.64552874871,327.58171055557,327.58171055557,327.58171055557,326.59802181556,326.59802181556,326.59802181556,328.87787423993,0.003204813604208,7.1496873952245e-37,2.8495653290532e-36,-0.0028387345788293,-0.003163721680054,-0.0029100663738211,3.2521088147852e-38,-0.0029568349858861,-0.0030192044052525,1.2605701880803e-36,-0.0029988711478405,0.0028203267148445,456.9465442555,456.9465442555,460.17888974672,460.17888974672,456.9465442555,458.88272606236,458.88272606236,458.88272606236,457.89903732235,457.89903732235,457.89903732235,460.17888974672,0.026388919572293,0.035868655236684,0.022450990578192,0.029558645406825,503.79971863591,-0.0010787259359723,0.00068232162567905,-0.00088794120188792,503.77421855311,0.0032030279980878,-0.0010084286966355,0,1.0353150113014e-14,1.798664092178e-17,0,0,1.7832614224077e-17,1.7459015462039e-17,1.7856782998305e-17,0,1.7511260290881e-17,1.7124721015866e-17,0,1.7798393470347e-17,1.7317074403601e-17,1.2118914348531e-15,0,0,1.2078902792299e-15,1.1975638808578e-15,1.2088092430659e-15,0,1.1970631305634e-15,1.1859101821306e-15,0,1.2055800245499e-15,1.190917974308e-15
3.05,1169946061.4671,1169946061.4671,1169946061.4671,592168283.68932,592168283.68932,592168283.68932,1,1,1,293692696.94312,2.3665234128987e-05,8.9649024603397e-05,2.2421774886883e-05,1.0268081044068,324.57878115427,324.57878115427,327.88020856005,327.88020856005,324.57878115427,326.56518644134,326.56518644134,326.56518644134,325.56406451993,325.56406451993,325.56406451993,327.88020856005,0.0032094800913565,1.2171921120406e-36,4.3658312562864e-36,-0.0028361508433795,-0.0031673192726625,-0.0029070496714864,4.8574363479353e-38,-0.0029550181607828,-0.0030176217585413,2.1796580126562e-36,-0.0029967263020721,0.0028172842864383,456.60986531841,456.60986531841,459.91129272419,459.91129272419,456.60986531841,458.59627060548,458.59627060548,458.59627060548,457.59514868406,457.59514868406,457.59514868406,459.91129272419,0.026459561829633,0.036466721451409,0.022834430961624,0.030043954515903,503.42362737526,-0.0011360397724459,0.00066424845878783,-0.00088541505197129,503.39731507785,0.0031987608298116,-0.0010695514841065,0,1.0575613280068e-14,1.7752694739207e-17,0,0,1.7593422795642e-17,1.7210539006886e-17,1.7617040284485e-17,0,1.7268835444774e-17,1.6871790266396e-17,0,1.75615365771e-17,1.7070619958569e-17,1.236997536522e-15,0,0,1.2327711363561e-15,1.2219032585371e-15,1.2337235003651e-15,0,1.2214849518558e-15,1.2097704967468e-15,0,1.2304157877533e-15,1.2150594765716e-15
3.1,1162689558.8295,1162689558.8295,1162689558.8295,584911781.05176,584911781.05176,584911781.05176,1,1,1,296887631.50258,2.411866635549e-05,9.11199116592e-05,2.2822277609996e-05,1.0273090650056,323.52266332447,323.52266332447,326.89349423138,326.89349423138,323.52266332447,325.55968541746,325.55968541746,325.55968541746,324.54119979824,324.54119979824,324.54119979824,326.89349423138,0.0032141473441271,2.0691422994637e-36,6.6540087366273e-36,-0.002833568306515,-0.0031709176959017,-0.0029039920216744,7.3312329930415e-38,-0.0029531642861035,-0.003015962574015,3.7491113325064e-36,-0.0029945084920706,0.0028142430154398,456.26194048087,456.26194048087,459.63277138778,459.63277138778,456.26194048087,458.29896257385,458.29896257385,458.29896257385,457.28047695464,457.28047695464,457.28047695464,459.63277138778,0.026530822123689,0.037064660874415,0.023218154755151,0.03052902768333,503.03302529791,-0.0012030520685335,0.00064731884902047,-0.00088608030157402,503.00586798965,0.0032003253101639,-0.0011414145506829,0,1.0795420685744e-14,1.7512538300756e-17,0,0,1.734802996683e-17,1.6956081384379e-17,1.737098024267e-17,0,1.7020544113223e-17,1.661312772933e-17,0,1.731859513574e-17,1.6818388359893e-17,1.2617640056985e-15,0,0,1.2573049556156e-15,1.2458827787956e-15,1.258289776216e-15,0,1.2455556361797e-15,1.2332650072951e-15,0,1.2549079798755e-15,1.2388442694874e-15
3.15,1155534112.3871,1155534112.3871,1155534112.3871,577756334.60929,577756334.60929,577756334.60929,1,1,1,299998627.4466,2.4574859065572e-05,9.2590840486157e-05,2.3224886170318e-05,1.0278101241671,322.47714719915,322.47714719915,325.91767005239,325.91767005239,322.47714719915,324.56515168753,324.56515168753,324.56515168753,323.52937896232,323.52937896232,323.52937896232,325.91767005239,0.0032188113824657,3.507356562248e-36,1.0085596361199e-35,-0.0028309888151056,-0.0031745143205561,-0.0029008964854168,1.1181173662213e-37,-0.0029512756227536,-0.0030142286991251,6.4127549539447e-36,-0.0029922202421709,0.0028112047973997,455.90339042061,455.90339042061,459.34391327385,459.34391327385,455.90339042061,457.99139490899,457.99139490899,457.99139490899,456.95562218378,456.95562218378,456.95562218378,459.34391327385,0.026602599851095,0.037662477113845,0.023602165426995,0.031013865115975,502.62861301503,-0.0012760086675312,0.00063145221891252,-0.00088955042180956,502.60058128408,0.0032069297697781,-0.001220026121407,0,1.1014032269054e-14,1.7266984296932e-17,0,0,1.7097253800727e-17,1.6696470199961e-17,1.7119420567524e-17,0,1.6767201235831e-17,1.6349561469153e-17,0,1.7070380308986e-17,1.6561197090157e-17,1.2861832090725e-15,0,0,1.2814841238199e-15,1.2694951533961e-15,1.2825002929626e-15,0,1.2692680395704e-15,1.2563867788636e-15,0,1.2790491432233e-15,1.2622653390214e-15
3.2,1148478649.8146,1148478649.8146,1148478649.8146,570700872.03683,570700872.03683,570700872.03683,1,1,1,303027147.31159,2.5033843969061e-05,9.4061810895232e-05,2.362853515177e-05,1.0283112769183,321.44220484396,321.44220484396,324.95267433376,324.95267433376,321.44220484396,323.58152860247,323.58152860247,323.58152860247,322.52855225208,322.52855225208,322.52855225208,324.95267433376,0.0032234679991462,5.9213409169659e-36,1.5198208317007e-35,-0.0028284141107444,-0.0031781063947783,-0.0028977662750457,1.7225606674017e-37,-0.0029493545013519,-0.0030124220992888,1.0904278496114e-35,-0.0029898641738678,0.002808171393989,455.53481750585,455.53481750585,459.04528699565,459.04528699565,455.53481750585,457.67414126436,457.67414126436,457.67414126436,456.62116491397,456.62116491397,456.62116491397,459.04528699565,0.026674772764169,0.038260173774107,0.02398646636053,0.031498467019816,502.21107273643,-0.0013521891627302,0.00061634384121287,-0.00089515146591914,502.18213956719,0.0032173741862618,-0.0013024077055763,0,1.1238159956794e-14,1.7016810019793e-17,0,0,1.6841876310378e-17,1.6432495936752e-17,1.6863143500733e-17,0,1.6509585815303e-17,1.6081882314114e-17,0,1.6817667464514e-17,1.6299827432248e-17,1.3102486125908e-15,0,0,1.3053021337139e-15,1.2927342120135e-15,1.3063483792056e-15,0,1.2926161197396e-15,1.2791299949407e-15,0,1.3028329166391e-15,1.2853167760404e-15
3.25,1141522105.1073,1141522105.1073,1141522105.1073,563744327.32956,563744327.32956,563744327.32956,1,1,1,305974675.96107,2.5495649510877e-05,9.553282266406e-05,2.4033228667809e-05,1.0288125184062,320.41780837023,320.41780837023,323.99844488597,323.99844488597,320.41780837023,322.60875862061,322.60875862061,322.60875862061,321.53866879874,321.53866879874,321.53866879874,323.99844488597,0.0032281127885529,9.9468806866173e-36,2.276275742348e-35,-0.0028258458889593,-0.0031816909637329,-0.0028946047003012,2.6786366807901e-37,-0.002947403327027,-0.0030105448787185,1.8426629800154e-35,-0.0029874429701863,0.002805144458296,455.1568061771,455.1568061771,458.73744269284,458.73744269284,455.1568061771,457.34775642749,457.34775642749,457.34775642749,456.27766660561,456.27766660561,456.27766660561,458.73744269284,0.026747206448634,0.038857754445916,0.024371060557694,0.031982833599962,501.7810687719,-0.0014299503058507,0.00060165772040084,-0.00090221309698674,501.75120847193,0.0032305180565874,-0.0013867293273988,0,1.1460312685441e-14,1.6762757194432e-17,0,0,1.6582643121936e-17,1.6164911318626e-17,1.6602895477687e-17,0,1.624843945618e-17,1.5810842731947e-17,0,1.6561195758662e-17,1.6035022732085e-17,1.3339547311579e-15,0,0,1.3287535325169e-15,1.3155948488349e-15,1.3298284191648e-15,0,1.3155948831859e-15,1.3014899031648e-15,0,1.3262539842902e-15,1.3079937226611e-15
3.3,1134663418.1966,1134663418.1966,1134663418.1966,556885640.4188,556885640.4188,556885640.4188,1,1,1,308842716.11847,2.5960300705263e-05,9.7003903871512e-05,2.4438969328938e-05,1.0293138438939,319.40392985802,319.40392985802,323.05491899487,323.05491899487,319.40392985802,321.64678327338,321.64678327338,321.64678327338,320.55967658976,320.55967658976,320.55967658976,323.05491899487,0.0032327411555164,1.6612286693564e-35,3.3874313649426e-35,-0.0028232858339722,-0.0031852648358874,-0.0028914151193403,4.2000102156807e-37,-0.002945424582499,-0.003008599298486,3.093532808522e-35,-0.0029849593622814,0.0028021255274859,454.76992332471,454.76992332471,458.42091246157,458.42091246157,454.76992332471,457.01277674007,457.01277674007,457.01277674007,455.92567005646,455.92567005646,455.92567005646,458.42091246157,0.026819759098331,0.03945522269517,0.024755950823209,0.032466965060673,501.33924799318,-0.0015083259875062,0.00058706785812964,-0.00091021069510851,501.30843554676,0.0032455415162839,-0.0014718653818529,0,1.1680461638731e-14,1.6505531814198e-17,0,0,1.6320263007789e-17,1.589443075397e-17,1.6339386876752e-17,0,1.5984465546131e-17,1.5537156238579e-17,0,1.63016678477e-17,1.5767487560197e-17,1.3572970781038e-15,0,0,1.351833869804e-15,1.3380729683733e-15,1.3529358016867e-15,0,1.3382003311485e-15,1.3234627602381e-15,0,1.3493080240497e-15,1.3302923174133e-15
3.35,1127901534.5788,1127901534.5788,1127901534.5788,550123756.80098,550123756.80098,550123756.80098,1,1,1,311632784.53297,2.6427818989622e-05,9.8475039333275e-05,2.4845758223928e-05,1.029815248757,318.40054128016,318.40054128016,322.12203339255,322.12203339255,318.40054128016,320.69554313578,320.69554313578,320.69554313578,319.59152243436,319.59152243436,319.59152243436,322.12203339255,0.0032373483533039,2.7564925470205e-35,5.0072808028645e-35,-0.0028207355985557,-0.0031888246115281,-0.0028882009091728,6.6319094475665e-37,-0.0029434208089466,-0.0030065877652342,5.1580930357088e-35,-0.0029824161292895,0.0027991160356822,454.37471865943,454.37471865943,458.09621077181,458.09621077181,454.37471865943,456.66972051505,456.66972051505,456.66972051505,455.56569981362,455.56569981362,455.56569981362,458.09621077181,0.026892283826422,0.04005258205201,0.0251411398787,0.032950861605395,500.88624034222,-0.0015867205660569,0.00057239884516272,-0.00091875335521844,500.85445105794,0.003261850720337,-0.0015571211220704,0,1.1898583707715e-14,1.6245803603652e-17,0,0,1.6055407774145e-17,1.5621730423718e-17,1.6073291704197e-17,0,1.5718329105891e-17,1.5261497431569e-17,0,1.6039749504418e-17,1.5497887606481e-17,1.3802721138917e-15,0,0,1.3745396452277e-15,1.3601654314063e-15,1.3756668688068e-15,0,1.3604294053479e-15,1.3450457768879e-15,0,1.3719916553359e-15,1.3522096402545e-15
3.4,1121235404.9448,1121235404.9448,1121235404.9448,543457627.16699,543457627.16699,543457627.16699,1,1,1,314346408.37089,2.6898222039112e-05,9.9946217500614e-05,2.5253594870863e-05,1.0303167284803,317.40761441648,317.40761441648,321.1997242272,321.1997242272,317.40761441648,319.7549778012,319.7549778012,319.7549778012,318.63415193031,318.63415193031,318.63415193031,321.1997242272,0.0032419294686882,4.5418183678627e-35,7.3501534603781e-35,-0.0028181968182727,-0.0031923666894456,-0.0028849654764452,1.0531361660512e-36,-0.0029413946140386,-0.003004512847586,8.5392155540963e-35,-0.0029798160952031,0.002796117301385,453.97172506605,453.97172506605,457.76383487678,457.76383487678,453.97172506605,456.31908845077,456.31908845077,456.31908845077,455.19826257988,455.19826257988,455.19826257988,457.76383487678,0.026964629595133,0.040649836000741,0.025526630239241,0.033434523436794,500.4226593645,-0.0016650653865835,0.00055746850766981,-0.00092760549661671,500.38986840157,0.003279088397547,-0.0016423287514358,0,1.2114660943955e-14,1.5984206197355e-17,0,0,1.578871198908e-17,1.5347448077413e-17,1.5805247551871e-17,0,1.5450657045779e-17,1.4984502085046e-17,0,1.5776069789555e-17,1.5226850019236e-17,1.4028771950798e-15,0,0,1.396868255855e-15,1.3818700006252e-15,1.3980188642513e-15,0,1.3822799340897e-15,1.366237062962e-15,0,1.3943023871932e-15,1.3737436580639e-15
3.45,1114663984.8007,1114663984.8007,1114663984.8007,536886207.0229,536886207.0229,536886207.0229,1,1,1,316985121.88526,2.7371523611419e-05,0.00010141743807341,2.5662477191025e-05,1.0308182786544,316.42512076557,316.42512076557,320.28792703081,320.28792703081,316.42512076557,318.82502585279,318.82502585279,318.82502585279,317.68750942857,317.68750942857,317.68750942857,320.28792703081,0.0032464794619079,7.4276199035843e-35,1.0711092542055e-34,-0.0028156710772899,-0.0031958873075878,-0.002881712245469,1.6795147277752e-36,-0.0029393486521322,-0.0030023772555067,1.4031799733481e-34,-0.0029771621187547,0.002793130528018,453.5614589483,453.5614589483,457.42426521354,457.42426521354,453.5614589483,455.96136403552,455.96136403552,455.96136403552,454.8238476113,454.8238476113,454.8238476113,457.42426521354,0.027036641767023,0.041246987968706,0.025912423888775,0.033917950756791,499.94910264904,-0.0017434272067061,0.00054215653670166,-0.00093658548110801,499.91528491141,0.0032969967531372,-0.0017275119214947,0,1.2328680014919e-14,1.5721336960804e-17,0,0,1.5520773264358e-17,1.5072183456154e-17,1.5535855657504e-17,0,1.5182038602067e-17,1.4706767517825e-17,0,1.5511221091702e-17,1.4954963815606e-17,1.4251105230284e-15,0,0,1.418817943904e-15,1.4031852868835e-15,1.4199898820252e-15,0,1.4037505789852e-15,1.3870355730444e-15,0,1.4162385664301e-15,1.3948931707168e-15
3.5,1108186234.0991,1108186234.0991,1108186234.0991,530408456.32137,530408456.32137,530408456.32137,1,1,1,319550463.27128,2.7847733384018e-05,0.00010288870071793,2.6072401458455e-05,1.0313198949728,315.45303144724,315.45303144724,319.38657668956,319.38657668956,315.45303144724,317.90562483778,317.90562483778,317.90562483778,316.75153800191,316.75153800191,316.75153800191,319.38657668956,0.0032509931759647,1.2051791745008e-34,1.5491616415385e-34,-0.0028131599179009,-0.0031993825622289,-0.0028784446520925,2.6862829584249e-36,-0.0029372856246128,-0.0030001838338147,2.2879760307192e-34,-0.0029744570907416,0.0027901568071502,453.14442055622,453.14442055622,457.07796579853,457.07796579853,453.14442055622,455.59701394676,455.59701394676,455.59701394676,454.44292711088,454.44292711088,454.44292711088,457.07796579853,0.027108161849815,0.041844041316108,0.026298521987365,0.034401143766613,499.46615231008,-0.0018221091965287,0.00052640113131692,-0.00094557860491405,499.43128227877,0.0033153959635227,-0.0018129184956668,0,1.2540631665425e-14,1.545775743401e-17,0,0,1.5252152553755e-17,1.4796498694424e-17,1.5265681303009e-17,0,1.4913025783706e-17,1.4428853178125e-17,0,1.5245759469633e-17,1.4682780531914e-17,1.4469710932354e-15,0,0,1.4403877449009e-15,1.4241106960128e-15,1.4415788155628e-15,0,1.4248407823045e-15,1.4074410528984e-15,0,1.4377993262407e-15,1.4156577580784e-15
3.55,1101801116.8695,1101801116.8695,1101801116.8695,524023339.09169,524023339.09169,524023339.09169,1,1,1,322043971.71794,2.8326856822795e-05,0.00010436000506611,2.6488107536809e-05,1.0318215732292,314.4913171007,314.4913171007,318.49560741167,318.49560741167,314.4913171007,316.99671124163,316.99671124163,316.99671124163,315.82617941412,315.82617941412,315.82617941412,318.49560741167,0.0032554653630295,1.9395359337166e-34,2.2231624380935e-34,-0.0028106648392315,-0.00320284841894,-0.0028751661336457,4.3037208891353e-36,-0.0029352082750477,-0.0029979355651459,3.700941676606e-34,-0.0029717039190004,0.0027871971145888,452.72109430239,452.72109430239,456.72538461335,456.72538461335,452.72109430239,455.22648844331,455.22648844331,455.22648844331,454.0559566158,454.0559566158,454.0559566158,456.72538461335,0.027179027818799,0.042440999325535,0.026684925478756,0.034884102666834,498.97437539512,-0.0019014893330556,0.00051017768633271,-0.0009545334526949,498.93842710909,0.0033342404794622,-0.0018988931719008,0,1.2750510201343e-14,1.5193993910197e-17,0,0,1.4983374743622e-17,1.4520918903882e-17,1.4995254372344e-17,0,1.4644134039298e-17,1.4151281155287e-17,0,1.4980205302874e-17,1.4410814767765e-17,1.4684586454898e-15,0,0,1.4615774366734e-15,1.4446463764647e-15,1.4627853076674e-15,0,1.4455507152721e-15,1.4274539866331e-15,0,1.4589845357472e-15,1.4360377277678e-15
3.6,1095507600.8595,1095507600.8595,1095507600.8595,517729823.08176,517729823.08176,517729823.08176,1,1,1,324467184.75367,2.8808895027005e-05,0.00010583135071555,2.6906523074355e-05,1.0323233093148,313.53994777994,313.53994777994,317.6149526953,317.6149526953,313.53994777994,316.0982204634,316.0982204634,316.0982204634,314.91137409149,314.91137409149,314.91137409149,317.6149526953,0.0032598906916627,3.0950865473162e-34,3.1647994823437e-34,-0.0028081872840964,-0.0032062807484557,-0.0028718801345422,6.898726681039e-36,-0.0029331193741812,-0.0029956355568534,5.9371802349629e-34,-0.0029689055263256,0.0027842523082736,452.29194906736,452.29194906736,456.36695398272,456.36695398272,452.29194906736,454.85022175082,454.85022175082,454.85022175082,453.66337537891,453.66337537891,453.66337537891,456.36695398272,0.027249075685265,0.043037865191745,0.027071634988187,0.035366827657436,498.47432428193,-0.0019819542361085,0.00049344345337085,-0.00096340867503745,498.43727140163,0.003353467371181,-0.0019857886353008,0,1.2958312981222e-14,1.4930537928078e-17,0,0,1.4714929205965e-17,1.4245932909719e-17,1.472506983426e-17,0,1.4375843194633e-17,1.3874537112496e-17,0,1.4715043885761e-17,1.4139545277591e-17,1.4895736147212e-15,0,0,1.4823874891259e-15,1.4647931679943e-15,1.4836097011339e-15,0,1.4658812276885e-15,1.4470755451893e-15,0,1.4797947503813e-15,1.4560340644651e-15
3.65,1089304657.1889,1089304657.1889,1089304657.1889,511526879.41117,511526879.41117,511526879.41117,1,1,1,326821635.68799,2.9293844626813e-05,0.0001073027372304,2.7326189354819e-05,1.0328250992162,312.59889284534,312.59889284534,316.74454529814,316.74454529814,312.59889284534,315.21008679226,315.21008679226,315.21008679226,314.00706109619,314.00706109619,314.00706109619,316.74454529814,0.0032642637854247,4.896427782541e-34,4.4680120727824e-34,-0.0028057286526263,-0.0032096753356964,-0.0028685900870762,1.1053270271615e-35,-0.0029310217257348,-0.0029932870285554,9.4437479467824e-34,-0.0029660648299322,0.0027813231367457,451.85743849333,451.85743849333,456.00309094612,456.00309094612,451.85743849333,454.46863244024,454.46863244024,454.46863244024,453.26560674418,453.26560674418,453.26560674418,456.00309094612,0.027318138874963,0.043634642011935,0.027458650756077,0.035849318937867,497.96653705053,-0.0020639257948273,0.00047621371467791,-0.00097218883261363,497.92835289875,0.0033731185714514,-0.0020739915188167,0,1.3164039938327e-14,1.4667847174585e-17,0,0,1.4447270763128e-17,1.3971994154434e-17,1.4455588718883e-17,0,1.4108598157397e-17,1.3599071097097e-17,0,1.4450726242972e-17,1.386941569037e-17,1.5103170831264e-15,0,0,1.5028190153784e-15,1.4845525516209e-15,1.5040529907522e-15,0,1.4858337985488e-15,1.4663075359705e-15,0,1.5002311634203e-15,1.4756483802366e-15
3.7,1083191260.0155,1083191260.0155,1083191260.0155,505413482.23775,505413482.23775,505413482.23775,1,1,1,329108851.36013,2.9781697666655e-05,0.00010877416414117,2.7747094362364e-05,1.0333269390133,311.66812085326,311.66812085326,315.88431720481,315.88431720481,311.66812085326,314.33224338543,314.33224338543,314.33224338543,313.113178104,313.113178104,313.113178104,315.88431720481,0.0032685792326565,7.6777722539377e-34,6.2541895739901e-34,-0.0028032902867161,-0.0032130279086923,-0.0028652994150921,1.7686000402791e-35,-0.0029289181424084,-0.0029908933147708,1.4890143867683e-33,-0.0029631847444744,0.0027784102385632,451.41800126801,451.41800126801,455.63419761956,455.63419761956,451.41800126801,454.08212380019,454.08212380019,454.08212380019,452.86305851875,452.86305851875,452.86305851875,455.63419761956,0.027386049836378,0.044231332776147,0.027845972660574,0.036331576707102,497.45153780891,-0.0021477901269433,0.00045847360599177,-0.00098086484325976,497.41219546695,0.0033931992702669,-0.0021638917469464,0,1.3367693113635e-14,1.4406346189991e-17,0,0,1.4180820478844e-17,1.3699521700948e-17,1.4187238740795e-17,0,1.3842810142026e-17,1.3325298608239e-17,0,1.4187670074031e-17,1.3600835691935e-17,1.5306907332925e-15,0,0,1.5228737240251e-15,1.5039266010084e-15,1.5241167761921e-15,0,1.505410488393e-15,1.4851523539849e-15,0,1.5202955588574e-15,1.4948828665318e-15
3.75,1077166386.2207,1077166386.2207,1077166386.2207,499388608.44291,499388608.44291,499388608.44291,1,1,1,331352534.5541,3.0272441489625e-05,0.00011024563094552,2.8169223968112e-05,1.0338288248774,310.74759944478,310.74759944478,315.03419959706,315.03419959706,310.74759944478,313.46462224906,313.46462224906,313.46462224906,312.22966138268,312.22966138268,312.22966138268,315.03419959706,0.0032728316048232,1.1930803732642e-33,8.6778877446088e-34,-0.0028008734781724,-0.0032163341722843,-0.0028620115162891,2.8239477330733e-35,-0.0029268114409247,-0.0029884578268647,2.3267134716149e-33,-0.0029602681775169,0.0027755141457199,450.97406139942,450.97406139942,455.26066155171,455.26066155171,450.97406139942,453.69108420371,453.69108420371,453.69108420371,452.45612333733,452.45612333733,452.45612333733,455.26066155171,0.027452640047613,0.04482794035807,0.028233600242988,0.03681360116372,496.92983702061,-0.0022340345035073,0.00044024179255888,-0.00098939356864859,496.88930936506,0.0034136292503321,-0.0022558718034268,0,1.3569276208193e-14,1.4146427369906e-17,0,0,1.3915966648422e-17,1.3428901274776e-17,1.3920415414837e-17,0,1.3578857544723e-17,1.3053601888103e-17,0,1.3926260512231e-17,1.3334182293401e-17,1.5506968027381e-15,0,0,1.5425538727929e-15,1.522917935319e-15,1.5438032164656e-15,0,1.5246138928942e-15,1.5036129348129e-15,0,1.539990265347e-15,1.5137402479743e-15
3.8,1071229015.1152,1071229015.1152,1071229015.1152,493451237.33743,493451237.33743,493451237.33743,1,1,1,333561495.59573,3.0766058716501e-05,0.00011171713710968,2.8592561927515e-05,1.0343307530701,309.83729523284,309.83729523284,314.19412282406,314.19412282406,309.83729523284,312.60715422178,312.60715422178,312.60715422178,311.35644577568,311.35644577568,311.35644577568,314.19412282406,0.0032770155026395,1.8370681389427e-33,1.1932937818391e-33,-0.0027984794776547,-0.0032195897799485,-0.0028587297482322,4.4966439438722e-35,-0.0029247044456793,-0.0029859840930779,3.6023195701454e-33,-0.002957317988647,0.002772635293694,450.52602848065,450.52602848065,454.88285607187,454.88285607187,450.52602848065,453.29588746958,453.29588746958,453.29588746958,452.04517902348,452.04517902348,452.04517902348,454.88285607187,0.027517740132958,0.045424467506,0.028621532633433,0.03729539250597,496.40193174388,-0.0023229220503828,0.00042153884517892,-0.00099782857992198,496.36019167453,0.0034345227724787,-0.0023502533420613,0,1.3768794205158e-14,1.3888452172605e-17,0,0,1.3653066114473e-17,1.3160486509788e-17,1.3655483098503e-17,0,1.3317087179536e-17,1.2784330588111e-17,0,1.3666851677395e-17,1.3069800375673e-17,1.570338040161e-15,0,0,1.5618622240599e-15,1.5415296738286e-15,1.5631149858643e-15,0,1.5434470981948e-15,1.5216927085164e-15,0,1.5593181123441e-15,1.5322237369231e-15
3.85,1065378128.1735,1065378128.1735,1065378128.1735,487600350.3957,487600350.3957,487600350.3957,1,1,1,335706617.31517,3.1262527186668e-05,0.00011318868206876,2.9017089884257e-05,1.034832719941,308.93717369528,308.93717369528,313.3640163723,313.3640163723,308.93717369528,311.75976896111,311.75976896111,311.75976896111,310.49346468843,310.49346468843,310.49346468843,313.3640163723,0.0032811255711368,2.8025420715657e-33,1.625837017021e-33,-0.0027961094962094,-0.0032227903730868,-0.0028554574190335,7.1364009759414e-35,-0.0029225999923179,-0.0029834757146695,5.5249570216112e-33,-0.0029543369889174,0.0027697740098413,450.07429795237,450.07429795237,454.5011406294,454.5011406294,450.07429795237,452.8968932182,452.8968932182,452.8968932182,451.63058894552,451.63058894552,451.63058894552,454.5011406294,0.027581183436031,0.046020916834467,0.029009768630642,0.037776950931851,495.86830587923,-0.0024145737280453,0.00040239437126285,-0.0010061861798789,495.82532656244,0.0034561236743741,-0.002447191440564,0,1.3966252991106e-14,1.3632752163922e-17,0,0,1.3392445326253e-17,1.289460000963e-17,1.3392776212136e-17,0,1.3057815332707e-17,1.2517803166652e-17,0,1.3409767493091e-17,1.2808004219788e-17,1.5896176631637e-15,0,0,1.5808020018737e-15,1.5597653920436e-15,1.5820552316213e-15,0,1.5619136377333e-15,1.5393955555258e-15,0,1.5782823874011e-15,1.5503369901976e-15
3.9,1059612708.7955,1059612708.7955,1059612708.7955,481834931.01773,481834931.01773,481834931.01773,1,1,1,337789334.01487,3.1761819869159e-05,0.0001146602652284,2.9442787348302e-05,1.0353347219273,308.04719906777,308.04719906777,312.54380883897,312.54380883897,308.04719906777,310.92239493165,310.92239493165,310.92239493165,309.64065008096,309.64065008096,309.64065008096,312.54380883897,0.0032851564812488,4.2355333838451e-33,2.1943746984919e-33,-0.0027937646834604,-0.0032259316512245,-0.0028521977970138,1.1282744980499e-34,-0.0029205008581585,-0.0029809363402783,8.3926900738758e-33,-0.0029513279866824,0.0027669305436408,449.61925135676,449.61925135676,454.11586112795,454.11586112795,449.61925135676,452.49444722064,452.49444722064,452.49444722064,451.21270236995,451.21270236995,451.21270236995,454.11586112795,0.027642806753334,0.046617290816897,0.029398307207114,0.038258276639206,495.32943048309,-0.0025094166249749,0.00038281589682273,-0.0010144705983865,495.28518519039,0.0034783077446614,-0.0025470401780503,0,1.416165897976e-14,1.3379629794271e-17,0,0,1.3134401202438e-17,1.2631534782058e-17,1.3132599933683e-17,0,1.2801329249548e-17,1.2254308787874e-17,0,1.3155302642432e-17,1.2549079391886e-17,1.6085393170783e-15,0,0,1.5993768501878e-15,1.5776290798459e-15,1.6006275325567e-15,0,1.5800174511744e-15,1.5567257652112e-15,0,1.5968867948152e-15,1.5680840684689e-15
3.95,1053931742.084,1053931742.084,1053931742.084,476153964.30621,476153964.30621,476153964.30621,1,1,1,339811069.11038,3.2263904850682e-05,0.00011613188596471,2.9869631739537e-05,1.0358367555528,307.16733423539,307.16733423539,311.73342790724,311.73342790724,307.16733423539,310.09495939995,310.09495939995,310.09495939995,308.79793245867,308.79793245867,308.79793245867,311.73342790724,0.003289102995977,6.3409976689695e-33,2.9333173774406e-33,-0.0027914461430622,-0.0032290093735833,-0.0028489540823899,1.776258409273e-34,-0.0029184098076185,-0.002978369646958,1.2624778921207e-32,-0.0029482937356469,0.0027641050503034,449.16125658189,449.16125658189,453.72735025374,453.72735025374,449.16125658189,452.08888174646,452.08888174646,452.08888174646,450.79185480517,450.79185480517,450.79185480517,453.72735025374,0.027702445115435,0.047213591777723,0.029787146295177,0.038739369825798,494.78576390701,-0.0026079257319312,0.00036285398704702,-0.0010225835139819,494.74022611899,0.0035009312203887,-0.0026500831159805,0,1.4355018793781e-14,1.3129359842213e-17,0,0,1.2879202679374e-17,1.2371555404759e-17,1.2875231825646e-17,0,1.2547888141228e-17,1.1994108178754e-17,0,1.2903723806489e-17,1.2293283595234e-17,1.6271070358324e-15,0,0,1.6175907932895e-15,1.595125101287e-15,1.6188358600233e-15,0,1.5977628447629e-15,1.5736879956661e-15,0,1.6151354160274e-15,1.5854693968554e-15
4,1048334214.6612,1048334214.6612,1048334214.6612,470556436.88341,470556436.88341,470556436.88341,1,1,1,341808518.62111,3.2769228783134e-05,0.00011760353171849,3.0297984908594e-05,1.0363388195015,306.29754062838,306.29754062838,310.93280032472,310.93280032472,306.29754062838,309.27738842992,309.27738842992,309.27738842992,307.96524087353,307.96524087353,307.96524087353,310.93280032472,0.0032931049945967,9.4207541809207e-33,3.9020979872407e-33,-0.0027893257239376,-0.003231829031949,-0.002845564659431,2.7664433051581e-34,-0.0029164934966836,-0.0029759342657209,1.8920623934108e-32,-0.0029451280929649,0.0027612277011635,448.70066810214,448.70066810214,453.33592779847,453.33592779847,448.70066810214,451.68051590368,451.68051590368,451.68051590368,450.36836834729,450.36836834729,450.36836834729,453.33592779847,0.02775993754132,0.047809823729182,0.030176286266663,0.039220230659877,494.23748574051,-0.0028240955485309,0.00044392217252002,-0.0014699524368516,494.19053789647,0.0056962490699155,-0.0028163651581154,0,1.45464949466e-14,1.2884584025851e-17,0,0,1.2628131113988e-17,1.2114074499113e-17,1.2623046117326e-17,0,1.2296070626835e-17,1.1735215848462e-17,0,1.2656463918759e-17,1.2038001014116e-17,1.6453285893073e-15,0,0,1.6354496675783e-15,1.6122569897392e-15,1.6366875430409e-15,0,1.6151521146073e-15,1.5902840970764e-15,0,1.633034358953e-15,1.6024937011534e-15
4.05,1042819160.595,1042819160.595,1042819160.595,465041382.8172,465041382.8172,465041382.8172,1,1,1,343751787.57891,3.3277143912836e-05,0.00011907521657676,3.0727308371608e-05,1.0368409068237,305.43780108809,305.43780108809,310.14184325433,310.14184325433,305.43780108809,308.46960828032,308.46960828032,308.46960828032,307.14250923567,307.14250923567,307.14250923567,310.14184325433,0.003296848156247,1.3844614098171e-32,5.1164214000732e-33,-0.0027870571949606,-0.0032347576604658,-0.0028423563970445,4.3073271655394e-34,-0.0029144210834982,-0.0029733156320188,2.7920713715607e-32,-0.0029420440630883,0.0027584254756112,448.2378490983,448.2378490983,452.94189126454,452.94189126454,448.2378490983,451.26965629053,451.26965629053,451.26965629053,449.94255724589,449.94255724589,449.94255724589,452.94189126454,0.027840367715622,0.048405986340465,0.030565720926128,0.039700859369128,493.68549183784,-0.0029391093283525,0.00040788486516056,-0.0014704043260837,493.63719126143,0.0057358812992611,-0.0029285419503016,0,1.4735928693528e-14,1.2640631041364e-17,0,0,1.2379261440271e-17,1.1860922491232e-17,1.2371934642738e-17,0,1.2049447442239e-17,1.1482323018484e-17,0,1.2411312588606e-17,1.1789254097706e-17,1.663205141163e-15,0,0,1.6529565869993e-15,1.6290308671886e-15,1.6541841008054e-15,0,1.6321926065992e-15,1.6065225540167e-15,0,1.6505866055427e-15,1.6191662241887e-15
4.1,1037385538.2863,1037385538.2863,1037385538.2863,459607760.50851,459607760.50851,459607760.50851,1,1,1,345636222.62492,3.3787722322373e-05,0.00012054693689818,3.1157697841686e-05,1.0373430155425,304.58805394243,304.58805394243,309.36049260449,309.36049260449,304.58805394243,307.67154294922,307.67154294922,307.67154294922,306.32965974379,306.32965974379,306.32965974379,309.36049260449,0.0033005053449485,2.0146298688594e-32,6.6387503087096e-33,-0.0027848211520317,-0.0032376234184495,-0.0028391767691428,6.6771021460694e-34,-0.0029123666846848,-0.0029706880832657,4.0761895739645e-32,-0.002938951700148,0.0027556490406081,447.77310789692,447.77310789692,452.54554655898,452.54554655898,447.77310789692,450.85659690371,450.85659690371,450.85659690371,449.51471369828,449.51471369828,449.51471369828,452.54554655898,0.027890642681004,0.049002081936849,0.030955448095626,0.040181256148755,493.1300502758,-0.0030578234461481,0.00037087698082881,-0.0014695208112951,493.08037376177,0.0057673174346376,-0.0030444682263721,0,1.4923329001819e-14,1.2400219970793e-17,0,0,1.2133907366788e-17,1.1611531370805e-17,1.2124315656681e-17,0,1.1806509376861e-17,1.1233370015427e-17,0,1.2169704280133e-17,1.1544256250323e-17,1.6807417004221e-15,0,0,1.670116523362e-15,1.6454520523331e-15,1.6713304724416e-15,0,1.6488895322842e-15,1.6224089382437e-15,0,1.6677971663857e-15,1.6354922679454e-15
4.15,1032032327.7601,1032032327.7601,1032032327.7601,454254549.98231,454254549.98231,454254549.98231,1,1,1,347463230.2658,3.4300913942585e-05,0.00012201869198179,3.1589122443544e-05,1.0378451427388,303.74825362645,303.74825362645,308.5886707438,308.5886707438,303.74825362645,306.88311380104,306.88311380104,306.88311380104,305.52661533485,305.52661533485,305.52661533485,308.5886707438,0.0033040600517278,2.9033737814609e-32,8.523962581918e-33,-0.0027826158087736,-0.0032404112251074,-0.0028360263551424,1.0297394745608e-33,-0.0029103312861753,-0.0029680492299117,5.888758217937e-32,-0.0029358459338059,0.0027528926929216,447.30675904324,447.30675904324,452.14717616059,452.14717616059,447.30675904324,450.44161921783,450.44161921783,450.44161921783,449.08512075164,449.08512075164,449.08512075164,452.14717616059,0.027939955060165,0.049598112215088,0.031345464825666,0.040661421197005,492.57154063871,-0.0031803694520858,0.0003335136120404,-0.0014685825453118,492.52046524455,0.0057982600898261,-0.0031640505235864,0,1.5108702114152e-14,1.2163519411919e-17,0,0,1.1892226766293e-17,1.1366041226769e-17,1.1880365127431e-17,0,1.1567400651897e-17,1.0988497875283e-17,0,1.1931798741586e-17,1.130315568016e-17,1.6979435145406e-15,0,0,1.6869346717417e-15,1.6615260619865e-15,1.6881318459307e-15,0,1.6652483071675e-15,1.637949020969e-15,0,1.6846712779895e-15,1.6514773440059e-15
4.2,1026758518.2193,1026758518.2193,1026758518.2193,448980740.44149,448980740.44149,448980740.44149,1,1,1,349234112.51494,3.4816666568836e-05,0.00012349048095705,3.2029695615016e-05,1.0383472854593,302.91835447408,302.91835447408,307.82630014286,307.82630014286,302.91835447408,306.10424183321,306.10424183321,306.10424183321,304.73329897848,304.73329897848,304.73329897848,307.82630014286,0.0033075073940473,4.1440048332477e-32,1.0828880059892e-32,-0.0027804415871191,-0.0032431155704869,-0.002832906010559,1.5790695526563e-33,-0.0029083165876444,-0.0029654042179747,8.4191689245416e-32,-0.0029327290619195,0.0027501546268219,446.83910553649,446.83910553649,451.74705120527,451.74705120527,446.83910553649,450.02499289562,450.02499289562,450.02499289562,448.6540500409,448.6540500409,448.6540500409,451.74705120527,0.027986813968818,0.050194078710111,0.031735768019688,0.041141354712287,492.0103483163,-0.0033139400483564,0.00029383062052581,-0.0014721506593035,491.95784412485,0.005834312383917,-0.0032954938917374,0,1.52920533079e-14,1.1930684769414e-17,0,0,1.165436179733e-17,1.1124584544044e-17,1.1640240104319e-17,0,1.1332254899523e-17,1.0747832890535e-17,0,1.169774692013e-17,1.1066079647937e-17,1.7148160507499e-15,0,0,1.7034164282563e-15,1.6772586003244e-15,1.7045936313555e-15,0,1.6812745357387e-15,1.6531487520089e-15,0,1.7012143903332e-15,1.6671271439263e-15
4.25,1021563101.9092,1021563101.9092,1021563101.9092,443785324.13144,443785324.13144,443785324.13144,1,1,1,350950164.37408,3.5334913856404e-05,0.000124962303399,3.2471628406402e-05,1.0388494406616,302.09830933854,302.09830933854,307.07330255382,307.07330255382,302.09830933854,305.33484722898,305.33484722898,305.33484722898,303.94963232723,303.94963232723,303.94963232723,307.07330255382,0.0033108406092591,5.8584452413987e-32,1.3611165613695e-32,-0.0027782993167947,-0.003245732808467,-0.0028298209831259,2.4068634109483e-33,-0.002906326141396,-0.002962750319652,1.1911290448948e-31,-0.0029295997657235,0.002747435131596,446.37043841337,446.37043841337,451.34543162865,451.34543162865,446.37043841337,449.60697630381,449.60697630381,449.60697630381,448.22176140206,448.22176140206,448.22176140206,451.34543162865,0.028031102657778,0.050789982639228,0.032126354038717,0.041621056894328,491.44686228925,-0.0034373741963294,0.00025923898314711,-0.0014665247893089,491.39292281784,0.0058624009188762,-0.0034150553160248,0,1.5473385348467e-14,1.1701829998412e-17,0,0,1.1420447288051e-17,1.0887286907757e-17,1.1404073100656e-17,0,1.1101195654697e-17,1.0511512446562e-17,0,1.1467654653409e-17,1.0833175059701e-17,1.7313649374382e-15,0,0,1.7195673796994e-15,1.6926555491268e-15,1.7207214262008e-15,0,1.6969739971922e-15,1.6680142754719e-15,0,1.7174321030727e-15,1.6824475670193e-15
4.3,1016445072.0699,1016445072.0699,1016445072.0699,438667294.29216,438667294.29216,438667294.29216,1,1,1,352612641.22802,3.585559319662e-05,0.00012643415843216,3.291467867532e-05,1.0393516055083,301.28806892833,301.28806892833,306.32959867334,306.32959867334,301.28806892833,304.57484872131,304.57484872131,304.57484872131,303.17553630351,303.17553630351,303.17553630351,306.32959867334,0.0033140573305136,8.2029500193765e-32,1.6922962667618e-32,-0.0027761900382453,-0.0032482592116486,-0.0028267718065124,3.6454251583149e-33,-0.0029043614079721,-0.0029600960676874,1.6676037810824e-31,-0.0029264627951124,0.0027447334381386,445.90103644438,445.90103644438,450.94256618939,450.94256618939,445.90103644438,449.18781623736,449.18781623736,449.18781623736,447.78850381956,447.78850381956,447.78850381956,450.94256618939,0.028072170872331,0.051385825172752,0.03251721868115,0.042100527942838,490.88145304369,-0.00356544723268,0.0002248496309782,-0.0014616198280411,490.82605702787,0.0058907177298432,-0.0035399150745244,0,1.5652700919826e-14,1.1477082351822e-17,0,0,1.1190586708694e-17,1.0654247921204e-17,1.1171983610233e-17,0,1.0874320057082e-17,1.0279620724744e-17,0,1.1241644677753e-17,1.0604520943716e-17,1.7475959829566e-15,0,0,1.7353932591938e-15,1.7077229310339e-15,1.736520996941e-15,0,1.7123526080985e-15,1.6825518545169e-15,0,1.7333301894393e-15,1.6974446243603e-15
4.35,1011403423.2281,1011403423.2281,1011403423.2281,433625645.4503,433625645.4503,433625645.4503,1,1,1,354222811.2909,3.6378649092468e-05,0.0001279060433694,3.3358818772737e-05,1.0398537774832,300.4875821082,300.4875821082,305.59510823028,305.59510823028,300.4875821082,303.82416417219,303.82416417219,303.82416417219,302.41093000785,302.41093000785,302.41093000785,305.59510823028,0.0033171558372381,1.1372382359868e-31,2.0789626389958e-32,-0.0027740909267439,-0.0032507087245261,-0.0028237478052553,5.4894384363312e-33,-0.0029023724142186,-0.0029574679335858,2.3107363317019e-31,-0.0029233619913727,0.0027420654915245,445.43116681669,445.43116681669,450.53869293878,450.53869293878,445.43116681669,448.76774888069,448.76774888069,448.76774888069,447.35451471635,447.35451471635,447.35451471635,450.53869293878,0.028110217393526,0.051981607507258,0.032908357516246,0.04257976805815,490.31445655277,-0.0037117035718149,0.00020101533544427,-0.0015379448107044,490.25753072978,0.0057035541716811,-0.0037639112730084,0,1.5829992414583e-14,1.125629355565e-17,0,0,1.0964766833891e-17,1.0425716941913e-17,1.0943801984626e-17,0,1.0651825249691e-17,1.0052368400607e-17,0,1.1019805650415e-17,1.0380259394965e-17,1.7635147859651e-15,0,0,1.7508997811585e-15,1.7224671213306e-15,1.7519978701316e-15,0,1.7274165638306e-15,1.696768050243e-15,0,1.7489145480449e-15,1.7121245279777e-15
4.4,1006437154.4971,1006437154.4971,1006437154.4971,428659376.71933,428659376.71933,428659376.71933,1,1,1,355781931.0641,3.6903986301717e-05,0.00012937796145328,3.3803978530866e-05,1.0403559531897,299.69679496072,299.69679496072,304.86975116533,304.86975116533,299.69679496072,303.08271594156,303.08271594156,303.08271594156,301.65572669448,301.65572669448,301.65572669448,304.86975116533,0.0033201247937217,1.5628469375764e-31,2.5298735235257e-32,-0.002772072514474,-0.0032530224046052,-0.0028207864257501,8.1967273016918e-33,-0.0029005195454601,-0.0029548034289421,3.1679861210592e-31,-0.0029201727253347,0.0027393778443701,444.96108434421,444.96108434421,450.13404054882,450.13404054882,444.96108434421,448.34700532505,448.34700532505,448.34700532505,446.92001607798,446.92001607798,446.92001607798,450.13404054882,0.02814508260831,0.052577329811731,0.033299765759815,0.043058777440462,489.74627707247,-0.0038530365816568,0.00015044705369529,-0.0014626687018435,489.68789295271,0.0059648141674529,-0.0038204025927215,0,1.6005279609691e-14,1.104029244172e-17,0,0,1.0743364887014e-17,1.0201248340522e-17,1.072043023918e-17,0,1.0433416960174e-17,9.8293980784424e-18,0,1.080222243128e-17,1.0160238186119e-17,1.7791281172687e-15,0,0,1.7660931934873e-15,1.7368938650869e-15,1.7671588479703e-15,0,1.7421716435976e-15,1.7106689183155e-15,0,1.7641911975109e-15,1.7264932746174e-15
4.45,1001545260.3662,1001545260.3662,1001545260.3662,423767482.58839,423767482.58839,423767482.58839,1,1,1,357291275.46865,3.7431540152368e-05,0.00013084990919108,3.4250118412236e-05,1.0408581305104,298.91565469112,298.91565469112,304.15344339531,304.15344339531,298.91565469112,302.35040894108,302.35040894108,302.35040894108,300.90985233975,300.90985233975,300.90985233975,304.15344339531,0.003322970092839,2.1265349589813e-31,3.0411222094095e-32,-0.0027700674452078,-0.0032552558485167,-0.0028178565438442,1.2161319979628e-32,-0.002898645607128,-0.0029521709357987,4.2979304287684e-31,-0.0029170251495273,0.0027367266240848,444.49103581203,444.49103581203,449.72882451622,449.72882451622,444.49103581203,447.92579006199,447.92579006199,447.92579006199,446.48523346066,446.48523346066,446.48523346066,449.72882451622,0.028177146941836,0.053172993097034,0.033691438358039,0.043537556293656,489.17721525096,-0.0039998283156749,0.00011499221935447,-0.0014615471573295,489.11731502433,0.0060025614284256,-0.0039635360047879,0,1.6178551203927e-14,1.0828382429754e-17,0,0,1.052614322205e-17,9.9814206389235e-18,1.0501109430273e-17,0,1.0219513027501e-17,9.6111992894632e-18,0,1.0588930282887e-17,9.9447470808429e-18,1.7944417625595e-15,0,0,1.7809794079914e-15,1.7510097255262e-15,1.7820096593465e-15,0,1.7566242175219e-15,1.7242612067013e-15,0,1.779166206328e-15,1.7405572708135e-15
4.5,996726739.91179,996726739.91179,996726739.91179,418948962.134,418948962.134,418948962.134,1,1,1,358752061.02812,3.7961229048633e-05,0.00013232188625899,3.4697192086716e-05,1.0413603067901,298.14410245471,298.14410245471,303.4461024077,303.4461024077,298.14410245471,301.62716326206,301.62716326206,301.62716326206,300.17321737269,300.17321737269,300.17321737269,303.4461024077,0.0033256837172477,2.8665871227312e-31,3.6134983344445e-32,-0.002768097503226,-0.0032573848350159,-0.00281497137224,1.791328627081e-32,-0.0028968070019487,-0.0029495501511457,5.7706709975879e-31,-0.0029138755799333,0.0027340906039703,444.02125310056,444.02125310056,449.32325305355,449.32325305355,444.02125310056,447.50431390791,447.50431390791,447.50431390791,446.05036801855,446.05036801855,446.05036801855,449.32325305355,0.028205469764027,0.053768597624448,0.034083370007962,0.044016104820168,488.60760038205,-0.0041510559543613,8.0844132887914e-05,-0.0014599939711429,488.54616902766,0.0060412835347419,-0.0041107078715326,0,1.6349805109185e-14,1.0620864919507e-17,0,0,1.0313240819358e-17,9.7660935173716e-18,1.028616573303e-17,0,1.0010022692052e-17,9.3976510064762e-18,0,1.0379976991424e-17,9.7337321935441e-18,1.8094619337728e-15,0,0,1.7955645330301e-15,1.7648210674299e-15,1.796556494431e-15,0,1.7707805273727e-15,1.7375514922091e-15,0,1.7938457105664e-15,1.7543228468941e-15
4.55,991980595.08242,991980595.08242,991980595.08242,414202817.30463,414202817.30463,414202817.30463,1,1,1,360165517.69805,3.8492974307326e-05,0.00013379389054818,3.5145161542601e-05,1.0418624795614,297.38207906677,297.38207906677,302.74764423214,302.74764423214,297.38207906677,300.91289260194,300.91289260194,300.91289260194,299.44573634182,299.44573634182,299.44573634182,302.74764423214,0.0033282660824464,3.8275873600636e-31,4.2441587637273e-32,-0.0027661571334348,-0.0032594188449744,-0.0028121233628102,2.6194330631762e-32,-0.0028949861145304,-0.0029469524473994,7.6671590592144e-31,-0.0029107414017208,0.0027314702414344,443.55195887494,443.55195887494,448.91752404031,448.91752404031,443.55195887494,447.08277241011,447.08277241011,447.08277241011,445.61561614999,445.61561614999,445.61561614999,448.91752404031,0.028230376711481,0.054364143550778,0.034475555489013,0.044494423221397,488.03773871843,-0.0042812568262281,4.608568848156e-05,-0.0014626647981156,487.97479180303,0.0059996782872853,-0.0042295515177802,0,1.6519034898719e-14,1.0417715998994e-17,0,0,1.0104655741335e-17,9.5553208491444e-18,1.0075575853877e-17,0,9.8050084217129e-18,9.1888216393253e-18,0,1.0175365749006e-17,9.527264003285e-18,1.8241948090275e-15,0,0,1.8098546742227e-15,1.7783343317676e-15,1.8108055104523e-15,0,1.7846469032618e-15,1.7505464483937e-15,0,1.8082358508108e-15,1.7677964328599e-15
4.6,987305831.23454,987305831.23454,987305831.23454,409528053.45676,409528053.45676,409528053.45676,1,1,1,361532858.37115,3.9026676218756e-05,0.00013526592131482,3.5593959877299e-05,1.042364646636,296.62952246229,296.62952246229,302.05798474176,302.05798474176,296.62952246229,300.20751188247,300.20751188247,300.20751188247,298.72732117533,298.72732117533,298.72732117533,302.05798474176,0.0033306762771839,5.0633134161136e-31,4.9187592021388e-32,-0.0027642531132538,-0.003261334881322,-0.0028093511758349,3.8022427026096e-32,-0.0028932161432865,-0.0029443994311485,1.008454783343e-30,-0.002907615379557,0.0027288489133101,443.08336441203,443.08336441203,448.5118266915,448.5118266915,443.08336441203,446.66135383221,446.66135383221,446.66135383221,445.18116312507,445.18116312507,445.18116312507,448.5118266915,0.028251674182545,0.054959631292337,0.034867989926981,0.044972511705755,487.46796007522,-0.004580118300345,-0.0001954589001924,-0.0014729129998798,487.40331144415,0.0059720951728735,-0.0045377833761144,0,1.6686233155998e-14,1.0219070526344e-17,0,0,9.9002826969288e-18,9.3489479731991e-18,9.869346479665e-18,0,9.604602995517e-18,8.9845983107597e-18,0,9.9753093053126e-18,9.3253628899679e-18,1.8386467571607e-15,0,0,1.823855788284e-15,1.7915557407852e-15,1.8247628740956e-15,0,1.7982298630793e-15,1.7632525891772e-15,0,1.8223430685192e-15,1.7809844875329e-15
4.65,982701448.9803,982701448.9803,982701448.9803,404923671.20251,404923671.20251,404923671.20251,1,1,1,362855283.22426,3.9562257886535e-05,0.00013673798248655,3.6043531958774e-05,1.0428668050049,295.88637178165,295.88637178165,301.37703883936,301.37703883936,295.88637178165,299.51092948559,299.51092948559,299.51092948559,298.01788124725,298.01788124725,298.01788124725,301.37703883936,0.003333011318826,6.6457690270952e-31,5.6437177891676e-32,-0.0027624088161768,-0.003263121822131,-0.0028065950519265,5.4713796078971e-32,-0.0028915165614134,-0.002941797026038,1.3134160497415e-30,-0.0029044378932027,0.0027262722927731,442.61567435104,442.61567435104,448.10634140875,448.10634140875,442.61567435104,446.24023205499,446.24023205499,446.24023205499,444.74718381665,444.74718381665,444.74718381665,448.10634140875,0.028269278445577,0.055555059608425,0.035260666705832,0.045450370482665,486.89853510894,-0.0046288444728699,-1.7712906833713e-05,-0.0014552204024978,486.8324377969,0.0061673149092186,-0.0045757502805874,0,1.6851413098903e-14,1.0024958128582e-17,0,0,9.7007029910804e-18,9.1473138461447e-18,9.6679175595981e-18,0,9.408190994113e-18,8.7850454724596e-18,0,9.7793847420288e-18,9.1276866295102e-18,1.8528241889084e-15,0,0,1.8375746540185e-15,1.8044919960857e-15,1.8384353742283e-15,0,1.8115350543806e-15,1.7756765196304e-15,0,1.836173207053e-15,1.7938929857575e-15
4.7,978166462.07524,978166462.07524,978166462.07524,400388684.29745,400388684.29745,400388684.29745,1,1,1,364134014.8451,4.0099615801974e-05,0.00013821006880267,3.6493830200191e-05,1.0433689530611,295.15255824022,295.15255824022,300.70471563554,300.70471563554,295.15255824022,298.82305771553,298.82305771553,298.82305771553,297.31733736554,297.31733736554,297.31733736554,300.70471563554,0.0033351769638221,8.638158586476e-31,6.3876462015064e-32,-0.0027605880602423,-0.0032648125459334,-0.0028039027184141,7.8154805931158e-32,-0.002889833830578,-0.0029392635572585,1.6929826349644e-30,-0.0029013037945459,0.0027236958316221,442.14907690319,442.14907690319,447.7012342985,447.7012342985,442.14907690319,445.81957637849,445.81957637849,445.81957637849,444.31385602851,444.31385602851,444.31385602851,447.7012342985,0.028283863127138,0.056150429084065,0.035653580189594,0.045927999755402,486.32976140531,-0.0047955656984484,-4.6795748409906e-05,-0.0014533958305769,486.26209054473,0.0062124193290723,-0.0047381542305708,0,1.701455826774e-14,9.8352480956475e-18,0,0,9.5052730573583e-18,8.9501365865229e-18,9.4707409259195e-18,0,9.2164651399692e-18,8.5901818690406e-18,0,9.5879589831641e-18,8.9346752925926e-18,1.8667333301545e-15,0,0,1.8510171400903e-15,1.8171494006315e-15,1.8518290244914e-15,0,1.8245691043787e-15,1.7878248713329e-15,0,1.8497326286825e-15,1.8065285247316e-15
4.75,973699877.32912,973699877.32912,973699877.32912,395922099.55134,395922099.55134,395922099.55134,1,1,1,365370219.45597,4.0638654476538e-05,0.00013968218055529,3.6944798535316e-05,1.0438710884744,294.42801499455,294.42801499455,300.04092985198,300.04092985198,294.42801499455,298.14380710891,298.14380710891,298.14380710891,296.62559358724,296.62559358724,296.62559358724,300.04092985198,0.0033371991584867,1.1130821092091e-30,7.1369475703599e-32,-0.0027588058847993,-0.0032663883797604,-0.0028012628693972,1.1075424272534e-31,-0.0028881935647652,-0.0029367532719375,2.1606915396068e-30,-0.0028981732792294,0.0027211337563696,441.68375500127,441.68375500127,447.2966698587,447.2966698587,441.68375500127,445.39954711564,445.39954711564,445.39954711564,443.88133359396,443.88133359396,443.88133359396,447.2966698587,0.02829451599564,0.056745738808337,0.036046724084509,0.046405399734615,485.76189762344,-0.0049481611236281,-6.9082610146689e-05,-0.0014435497153514,485.69266473203,0.0062504651686809,-0.0048867171421237,0,1.7175661661723e-14,9.6499751727299e-18,0,0,9.3142067766459e-18,8.7574803454028e-18,9.2780067902824e-18,0,9.0291530175887e-18,8.3999632696617e-18,0,9.4008908739022e-18,8.7461436598148e-18,1.8803804559204e-15,0,0,1.8641894176366e-15,1.8295343481081e-15,1.864950107526e-15,0,1.8373382550329e-15,1.7997042133123e-15,0,1.8630274960548e-15,1.8188974397138e-15
4.8,969300709.40811,969300709.40811,969300709.40811,391522931.63033,391522931.63033,391522931.63033,1,1,1,366565052.94094,4.1179285954196e-05,0.00014115431649811,3.7396390609436e-05,1.0443732093333,293.7126721786,293.7126721786,299.38559308881,299.38559308881,293.7126721786,297.47308727786,297.47308727786,297.47308727786,295.94255973661,295.94255973661,295.94255973661,299.38559308881,0.003339078994919,1.4219499084956e-30,7.867087290238e-32,-0.0027570625719614,-0.0032678474910992,-0.0027986723476999,1.556861266424e-31,-0.002886596758789,-0.0029342821558395,2.7311593530303e-30,-0.0028950550347247,0.0027185831743393,441.2198807486,441.2198807486,446.89280165882,446.89280165882,441.2198807486,444.98029584787,444.98029584787,444.98029584787,443.44976830662,443.44976830662,443.44976830662,446.89280165882,0.028301237108254,0.057340988252252,0.036440092366707,0.046882570629413,485.19519504064,-0.0051385823051833,-0.00010392487165064,-0.0014511554414361,485.12436154543,0.0063048470628232,-0.0050731245655324,0,1.7334717443143e-14,9.4691536782699e-18,0,0,9.1274633397332e-18,8.5693052515742e-18,9.0897073723113e-18,0,8.8462215056192e-18,8.2143280341589e-18,0,9.2181872674383e-18,8.5620255198264e-18,1.8937718614764e-15,0,0,1.8770976000817e-15,1.841653175815e-15,1.87780489497e-15,0,1.8498487014619e-15,1.811321027424e-15,0,1.8760639815089e-15,1.8310059723253e-15
4.85,964967976.83746,964967976.83746,964967976.83746,387190199.05967,387190199.05967,387190199.05967,1,1,1,367719690.12224,4.1721407455296e-05,0.00014262647598454,3.7848548676453e-05,1.0448753135569,293.00645853547,293.00645853547,298.73861640569,298.73861640569,293.00645853547,296.81080748606,296.81080748606,296.81080748606,295.26814368715,295.26814368715,295.26814368715,298.73861640569,0.0033408134098753,1.8014436060991e-30,8.5516270423447e-32,-0.0027553581645471,-0.003269188543587,-0.0027961345533136,2.1707070579975e-31,-0.0028850439780639,-0.0029318438485273,3.4194969059605e-30,-0.002891945768475,0.0027160453688889,440.75761763882,440.75761763882,446.48977550904,446.48977550904,440.75761763882,444.56196658941,444.56196658941,444.56196658941,443.0193027905,443.0193027905,443.0193027905,446.48977550904,0.028304801794712,0.057936176415091,0.036833678566873,0.047359512651774,484.62990520003,-0.0053319084214697,-0.00013577607427362,-0.0014584005537645,484.55746838555,0.0063570373745551,-0.0052639304000381,0,1.749171841518e-14,9.2927282035973e-18,0,0,8.9450276977511e-18,8.3855912671362e-18,8.9058085594028e-18,0,8.6676363556039e-18,8.0332593184356e-18,0,9.0397920554719e-18,8.3823106300286e-18,1.9069137637333e-15,0,0,1.8897477795676e-15,1.8535121927135e-15,1.8903996102186e-15,0,1.8621065903497e-15,1.8226817717022e-15,0,1.8888481780348e-15,1.8428603497024e-15
4.9,960700701.77065,960700701.77065,960700701.77065,382922923.99287,382922923.99287,382922923.99287,1,1,1,368835264.28705,4.226492500984e-05,0.00014409865716408,3.8301225146511e-05,1.0453773991727,292.30930043024,292.30930043024,298.09991006115,298.09991006115,292.30930043024,296.1568762357,296.1568762357,296.1568762357,294.60225327701,294.60225327701,294.60225327701,298.09991006115,0.0033423899291105,2.2636050626036e-30,9.165948775022e-32,-0.002753699869354,-0.0032704133889611,-0.0027936461699764,3.0018260633605e-31,-0.002883527191694,-0.0029294518382764,4.2414760768096e-30,-0.0028888571241921,0.0027135143153568,440.29711965102,440.29711965102,446.08772928193,446.08772928193,440.29711965102,444.14469545648,444.14469545648,444.14469545648,442.59007249779,442.59007249779,442.59007249779,446.08772928193,0.028304607264893,0.058531302148408,0.037227475956379,0.047836226013333,484.06627175324,-0.0055455964407833,-0.00021925788876581,-0.0014882007812305,483.99223732702,0.0063937129619121,-0.0054292043297151,0,1.7646656173703e-14,9.1207164839179e-18,0,0,8.7667988451707e-18,8.2062474589769e-18,8.7262744462116e-18,0,8.493369298405e-18,7.8567139714053e-18,0,8.8656936667675e-18,8.2069842520614e-18,1.9198124046835e-15,0,0,1.9021459053931e-15,1.8651175791662e-15,1.9027404258894e-15,0,1.8741180284018e-15,1.8337928431562e-15,0,1.9013861622582e-15,1.8544667781378e-15
4.95,956497911.03854,956497911.03854,956497911.03854,378720133.26076,378720133.26076,378720133.26076,1,1,1,369912892.20057,4.2809727728305e-05,0.0001455708630281,3.8754344528322e-05,1.0458794645793,291.62112319371,291.62112319371,297.4693837415,297.4693837415,291.62112319371,295.51120219785,295.51120219785,295.51120219785,293.94479425035,293.94479425035,293.94479425035,297.4693837415,0.0033438708258524,2.8213888738546e-30,9.6617243394673e-32,-0.0027520486646499,-0.0032715404531186,-0.0027912109491834,4.1188428468158e-31,-0.0028820607139417,-0.0029270519042933,5.2110788182392e-30,-0.0028857648335714,0.0027110254380227,439.83853278194,439.83853278194,445.68679332973,445.68679332973,439.83853278194,443.72861178608,443.72861178608,443.72861178608,442.16220383859,442.16220383859,442.16220383859,445.68679332973,0.02830062960124,0.059126364609347,0.037621478082304,0.048312710932475,483.50451550821,-0.0057828129555234,-3.2072699215699e-05,-0.0014500141558828,483.42880666889,0.0063106718327734,-0.0057318120021853,0,1.7799528576556e-14,8.9527709822197e-18,0,0,8.5930011583733e-18,8.0315359987432e-18,8.5510330333174e-18,0,8.3233077376897e-18,7.6847568398699e-18,0,8.695612074193e-18,8.0359466922738e-18,1.9324735348273e-15,0,0,1.9142982441727e-15,1.8764758863023e-15,1.9148334127774e-15,0,1.8858889630882e-15,1.8446607305027e-15,0,1.9136836147866e-15,1.8658313229365e-15
5,952358632.29008,952358632.29008,952358632.29008,374580854.5123,374580854.5123,374580854.5123,1,1,1,370953691.88693,4.3355685178005e-05,0.00014704308871242,3.9207861101494e-05,1.0463815074737,290.94184359861,290.94184359861,296.84694627741,296.84694627741,290.94184359861,294.87369316503,294.87369316503,294.87369316503,293.29567686361,293.29567686361,293.29567686361,296.84694627741,0.0033451387680433,3.4904553888665e-30,1.0003550170098e-31,-0.0027504842894965,-0.0032724963787991,-0.0027888489463446,5.6015845692605e-31,-0.0028806680213892,-0.0029247427141337,6.3488289735082e-30,-0.0028826773271102,0.0027085052897076,439.38198819702,439.38198819702,445.28709087582,445.28709087582,439.38198819702,443.31383776343,443.31383776343,443.31383776343,441.73582146201,441.73582146201,441.73582146201,445.28709087582,0.028293354927279,0.059721361471805,0.038015676432716,0.048788967624717,482.94484670349,-0.005866889630222,-0.00019727067221206,-0.0014474800898231,482.86767113949,0.0065057363888824,-0.0057864359082609,0,1.7950321207974e-14,8.7894507154951e-18,0,0,8.4232011222983e-18,7.8607793224504e-18,8.3801878887633e-18,0,8.1574846211522e-18,7.5169569661236e-18,0,8.5300072700042e-18,7.8691242236097e-18,1.944903695235e-15,0,0,1.9262104494385e-15,1.8875927070309e-15,1.9266847881449e-15,0,1.8974253884743e-15,1.855291312992e-15,0,1.925746866755e-15,1.8769599451376e-15
5.05,948281902.47693,948281902.47693,948281902.47693,370504124.69914,370504124.69914,370504124.69914,1,1,1,371958705.38867,4.3902776770017e-05,0.00014851533205246,3.9661760988124e-05,1.0468835281693,290.271390675,290.271390675,296.23250577632,296.23250577632,290.271390675,294.24425210819,294.24425210819,294.24425210819,292.6548042105,292.6548042105,292.6548042105,296.23250577632,0.0033463301574951,4.2865332824682e-30,1.0160749386761e-31,-0.0027489286333981,-0.0032733332492147,-0.0027864818298345,7.5609993787398e-31,-0.0028792682281583,-0.0029225310864548,7.6704930309664e-30,-0.0028796682218317,0.0027060453993027,438.92762228943,438.92762228943,444.88873739075,444.88873739075,438.92762228943,442.90048372262,442.90048372262,442.90048372262,441.31103582493,441.31103582493,441.31103582493,444.88873739075,0.028281207236765,0.060316293899196,0.038410066551448,0.049264996296471,482.38742320584,-0.0064693975061768,-0.00014904159874874,-0.0017109097715305,482.30817478769,0.0065602544697763,-0.0065498355357911,0,1.8099034535774e-14,8.6301579395216e-18,0,0,8.2575615762e-18,7.6946227683552e-18,8.213391403061e-18,0,7.9957337385596e-18,7.3536227281383e-18,0,8.3685460613137e-18,7.7063096465845e-18,1.9571085816385e-15,0,0,1.9378884050117e-15,1.8984745469073e-15,1.9383002776602e-15,0,1.9087330635685e-15,1.8656909059867e-15,0,1.9375817780922e-15,1.8878583127556e-15
5.1,944266766.69887,944266766.69887,944266766.69887,366488988.92109,366488988.92109,366488988.92109,1,1,1,372929162.49452,4.4450801537678e-05,0.00014998759694337,4.0115920026131e-05,1.0473855219616,289.60968304339,289.60968304339,295.62596912686,295.62596912686,289.60968304339,293.62279452987,293.62279452987,293.62279452987,292.02207577141,292.02207577141,292.02207577141,295.62596912686,0.0033473120600591,5.2235562908196e-30,1.0081815472375e-31,-0.0027474254842849,-0.0032740805938864,-0.0027842154750097,1.0122318044193e-30,-0.002877932328944,-0.0029202662202883,9.1856189728049e-30,-0.0028766126751611,0.0027035655682335,438.47555536039,438.47555536039,444.49184144386,444.49184144386,438.47555536039,442.48866684686,442.48866684686,442.48866684686,440.88794808841,440.88794808841,440.88794808841,444.49184144386,0.028270054574224,0.060911156205686,0.038804636959208,0.049740797181264,481.83253306401,-0.006565791225389,-0.00013844211977087,-0.0017054674684943,481.75182846519,0.0065043825704571,-0.0066054528691912,0,1.8245654554426e-14,8.4750142602052e-18,0,0,8.0959872649618e-18,7.5325057066068e-18,8.0508478243482e-18,0,7.8381097525606e-18,7.1946409959209e-18,0,8.2109057785996e-18,7.5479177819924e-18,1.9690940617466e-15,0,0,1.9493378600026e-15,1.9091271186362e-15,1.949685895842e-15,0,1.9198178246839e-15,1.8758656648595e-15,0,1.9491937524037e-15,1.8985326804506e-15
5.15,940312271.75606,940312271.75606,940312271.75606,362534493.97828,362534493.97828,362534493.97828,1,1,1,373865909.21649,4.4999664207577e-05,0.00015145988413217,4.0570299302666e-05,1.047887488123,288.95663487256,288.95663487256,295.0272455787,295.0272455787,288.95663487256,293.00922212251,293.00922212251,293.00922212251,291.39740455195,291.39740455195,291.39740455195,295.0272455787,0.0033481798416289,6.3212322357131e-30,9.7340720516089e-32,-0.0027459508770537,-0.0032747433280132,-0.0027820404179347,1.3425479946013e-30,-0.0028767142047109,-0.0029179932271342,1.0901405811747e-29,-0.0028735234217196,0.0027010739813105,438.02589606014,438.02589606014,444.09650676628,444.09650676628,438.02589606014,442.07848331009,442.07848331009,442.07848331009,440.46666573953,440.46666573953,440.46666573953,444.09650676628,0.028249506371068,0.061505947742527,0.039199381529936,0.050216370501628,481.28035643942,-0.0064748298142407,-8.0794351008992e-05,-0.0013885598793144,481.19843281075,0.0065692932591934,-0.0063980483663447,0,1.8390180376825e-14,8.3239819834581e-18,0,0,7.9385791516444e-18,7.3744359804782e-18,7.892634532747e-18,0,7.6844905981179e-18,7.0397774646235e-18,0,8.0570970751691e-18,7.3936050546807e-18,1.9808659499605e-15,0,0,1.9605647063048e-15,1.9195561460147e-15,1.9608477666411e-15,0,1.9306853355077e-15,1.8858214136261e-15,0,1.9605882083608e-15,1.9089888169937e-15
5.2,936417461.29933,936417461.29933,936417461.29933,358639683.52154,358639683.52154,358639683.52154,1,1,1,374770005.40889,4.554928309288e-05,0.00015293218789113,4.1024860321733e-05,1.048389426549,288.31215650103,288.31215650103,294.43624412203,294.43624412203,288.31215650103,292.40343299284,292.40343299284,292.40343299284,290.78070152806,290.78070152806,290.78070152806,294.43624412203,0.0033488647230079,7.597634396562e-30,9.0466445852086e-32,-0.0027445499632285,-0.0032752244715451,-0.0027798963628184,1.7677498598528e-30,-0.002875508638413,-0.0029158834312702,1.2845592491884e-29,-0.0028705108760265,0.0026986045218172,437.57874455653,437.57874455653,443.70283217753,443.70283217753,437.57874455653,441.67002104834,441.67002104834,441.67002104834,440.04728958356,440.04728958356,440.04728958356,443.70283217753,0.028226072203855,0.062100668018919,0.039594295846157,0.050691716471299,480.73103154161,-0.0066528439288863,-0.00025990491822945,-0.0014455502156986,480.64758380268,0.0067333161828879,-0.0065584329758992,0,1.8532606607532e-14,8.1771922951684e-18,0,0,7.7848842383882e-18,7.2203899792659e-18,7.7383380561659e-18,0,7.5348420461929e-18,6.888950220967e-18,0,7.9076057350442e-18,7.2431341703596e-18,1.9924302462065e-15,0,0,1.9715741951763e-15,1.929767319449e-15,1.9717914292703e-15,0,1.9413412113198e-15,1.8955638604591e-15,0,1.9717712516372e-15,1.9192321555715e-15
5.25,932581393.63854,932581393.63854,932581393.63854,354803615.86076,354803615.86076,354803615.86076,1,1,1,375642517.05583,4.6099554545772e-05,0.00015440450976871,4.1479543736232e-05,1.048891335497,287.67617148055,287.67617148055,293.85286822275,293.85286822275,287.67617148055,291.80533726911,291.80533726911,291.80533726911,290.17186012707,290.17186012707,290.17186012707,293.85286822275,0.0033494382637784,9.0705091863822e-30,7.9767133521301e-32,-0.0027431681098528,-0.0032756086967753,-0.0027777963732679,2.3091614383343e-30,-0.0028743433887178,-0.002913785126883,1.501747265315e-29,-0.0028675073328005,0.0026961555842983,437.13420817242,437.13420817242,443.31090491461,443.31090491461,437.13420817242,441.26337396098,441.26337396098,441.26337396098,439.62989681893,439.62989681893,439.62989681893,443.31090491461,0.028200765187126,0.062695314279805,0.039989370556361,0.051166835315675,480.18469624191,-0.0068480432958107,-0.00026804568794892,-0.0014413377877973,480.0997145688,0.0067899553232957,-0.0067507907471943,0,1.8672928117684e-14,8.0342022301474e-18,0,0,7.6351581058562e-18,7.0704667670858e-18,7.5880095526249e-18,0,7.3890104132732e-18,6.7422647666657e-18,0,7.7618032120047e-18,7.0965865255313e-18,2.0037923239632e-15,0,0,1.9823719393204e-15,1.9397664694433e-15,1.9825224952911e-15,0,1.9517908500587e-15,1.9050988627332e-15,0,1.9827480990081e-15,1.9292682444825e-15
5.3,928803138.06133,928803138.06133,928803138.06133,351025360.28355,351025360.28355,351025360.28355,1,1,1,376484437.97097,4.6650362951639e-05,0.0001558768447236,4.1934312907257e-05,1.0493932137645,287.04858927707,287.04858927707,293.27702554963,293.27702554963,287.04858927707,291.2148423982,291.2148423982,291.2148423982,289.57078766958,289.57078766958,289.57078766958,293.27702554963,0.0033498261364043,1.0758278727281e-29,6.4445237490788e-32,-0.0027418252876703,-0.0032758623552692,-0.0027757526904801,2.9934775992166e-30,-0.0028731956638405,-0.0029118046421657,1.7433054885675e-29,-0.0028645601053639,0.0026936969221021,436.6923741951,436.6923741951,442.92081046766,442.92081046766,436.6923741951,440.85862731623,440.85862731623,440.85862731623,439.21457258761,439.21457258761,439.21457258761,442.92081046766,0.028172096306238,0.06328988443169,0.040384598576732,0.051641727250492,479.64150745054,-0.0071095692431725,-0.00055610681877062,-0.0015256788743296,479.55492374291,0.0067878154658111,-0.0070461390977609,0,1.881113436994e-14,7.895136279703e-18,0,0,7.4890411878361e-18,6.9243729599449e-18,7.4414431944069e-18,0,7.2471417878015e-18,6.5994985485635e-18,0,7.619994277801e-18,6.9539238032773e-18,2.0149577327668e-15,0,0,1.9929630429374e-15,1.9495590115942e-15,1.9930462851802e-15,0,1.9620398562635e-15,1.9144319630854e-15,0,1.9935243982609e-15,1.9391025778368e-15
5.35,925081770.66799,925081770.66799,925081770.66799,347303992.89021,347303992.89021,347303992.89021,1,1,1,377296736.68721,4.7201625350514e-05,0.00015734920137717,4.2389089114195e-05,1.0498950595659,286.42932632896,286.42932632896,292.70862432194,292.70862432194,286.42932632896,290.63185546695,290.63185546695,290.63185546695,288.97738226355,288.97738226355,288.97738226355,292.70862432194,0.0033501555053823,1.2687360555715e-29,4.4367159257814e-32,-0.0027405229660299,-0.0032760137065381,-0.0027737521308051,3.847542092528e-30,-0.0028721620921833,-0.0029097402942433,2.0086072717947e-29,-0.0028615499357655,0.002691280344053,436.25333145917,436.25333145917,442.53262945214,442.53262945214,436.25333145917,440.45586059716,440.45586059716,440.45586059716,438.80138739375,438.80138739375,438.80138739375,442.53262945214,0.028147285936178,0.063884375660094,0.040779971457992,0.052116392521592,479.10163196752,-0.0072763522531859,-0.00028741244887669,-0.0014458607255197,479.01359501227,0.0069191468238288,-0.007173286466205,0,1.8947238651155e-14,7.7598071548112e-18,0,0,7.3470320304665e-18,6.7823145300936e-18,7.299025945801e-18,0,7.1085980271277e-18,6.4607059647025e-18,0,7.4814556696832e-18,6.8148757371486e-18,2.0259317572865e-15,0,0,2.0033533152781e-15,1.9591506527869e-15,2.0033686666649e-15,0,1.9720929320029e-15,1.9235687810832e-15,0,2.0041047743353e-15,1.9487402675302e-15
5.4,921416371.22257,921416371.22257,921416371.22257,343638593.44479,343638593.44479,343638593.44479,1,1,1,378080385.40576,4.775252207593e-05,0.00015882158675919,4.2843325370729e-05,1.0503968692447,285.81828554429,285.81828554429,292.14756807381,292.14756807381,285.81828554429,290.0562801529,290.0562801529,290.0562801529,288.391560469,288.391560469,288.391560469,292.14756807381,0.0033501106450372,1.479739183569e-29,1.7422284506594e-32,-0.0027389875186963,-0.0032764105334307,-0.0027720278578518,4.937785414711e-30,-0.0028708494063543,-0.0029074804703417,2.2839026680891e-29,-0.0028587785539605,0.0026890214229866,435.81715028906,435.81715028906,442.14643281858,442.14643281858,435.81715028906,440.05514489768,440.05514489768,440.05514489768,438.39042521378,438.39042521378,438.39042521378,442.14643281858,0.028155693962465,0.064478782576359,0.041175478861728,0.052590831445553,478.56552679962,-0.007199522842528,7.1883737770119e-05,-0.0006017055962411,478.47633239959,0.0034090281548579,-0.0070104247858222,0,1.9081046407957e-14,7.6256310578211e-18,0,0,7.2076595255577e-18,6.644900444164e-18,7.1582509067184e-18,0,6.9752573917158e-18,6.3280479445153e-18,0,7.3451090613165e-18,6.6823255566742e-18,2.0367160281501e-15,0,0,2.0135464851321e-15,1.9685479611157e-15,2.0134919621801e-15,0,1.9819574356073e-15,1.9325179923097e-15,0,2.0144923271869e-15,1.9581905029606e-15
5.45,917805941.87504,917805941.87504,917805941.87504,340028164.09725,340028164.09725,340028164.09725,1,1,1,378835284.69067,4.8303804326749e-05,0.0001602939832634,4.3297653025215e-05,1.0508986468756,285.2153301892,285.2153301892,291.59377131737,291.59377131737,285.2153301892,289.48802610142,289.48802610142,289.48802610142,287.81320981784,287.81320981784,287.81320981784,291.59377131737,0.003350135873467,1.724133127683e-29,-1.5513547587344e-32,-0.0027377709574184,-0.0032763348968529,-0.0027701467368035,6.2627645132888e-30,-0.0028698837188204,-0.002905613130321,2.5943095854108e-29,-0.0028558612225469,0.0026866228729133,435.38385826702,435.38385826702,441.76229939519,441.76229939519,435.38385826702,439.65655417924,439.65655417924,439.65655417924,437.98173789567,437.98173789567,437.98173789567,441.76229939519,0.028176650395653,0.065073107146982,0.04157111719564,0.053065044141135,478.03275892128,-0.0074251084478465,4.6636455784275e-05,-0.00062760486077863,477.94207523712,0.0034131472560739,-0.0072444947191231,0,1.9212756095262e-14,7.4978771644406e-18,0,0,7.072714491657e-18,6.5102387165035e-18,7.0231833382261e-18,0,6.8440921891949e-18,6.1967046487812e-18,0,7.2140316153013e-18,6.5504890571454e-18,2.0473196277251e-15,0,0,2.023548813889e-15,1.9777548290028e-15,2.023424243308e-15,0,1.9916364436034e-15,1.941281456066e-15,0,2.0246945085367e-15,1.9674542934254e-15
5.5,914249657.33932,914249657.33932,914249657.33932,336471879.56154,336471879.56154,336471879.56154,1,1,1,379563536.66652,4.8855958310109e-05,0.000161766383074,4.3752400803534e-05,1.0514003927063,284.6204187182,284.6204187182,291.04713164195,291.04713164195,284.6204187182,288.9269953176,288.9269953176,288.9269953176,287.24224178495,287.24224178495,287.24224178495,291.04713164195,0.0033502600965583,2.0083412054363e-29,-5.6033254743372e-32,-0.0027368895178928,-0.0032757172975906,-0.0027681126579542,7.8163232912958e-30,-0.0028694067726379,-0.0029040487432875,2.9511213680069e-29,-0.0028526629385194,0.0026840077876038,434.95356947122,434.95356947122,441.38028239497,441.38028239497,434.95356947122,439.26014607062,439.26014607062,439.26014607062,437.57539253797,437.57539253797,437.57539253797,441.38028239497,0.028179510423236,0.065667349380862,0.041966881817157,0.053539030737372,477.5032868394,-0.0080871265365733,-0.00027219797355389,-0.0012397951630845,477.41069595858,0.0076120529752312,-0.0078957197827336,0,1.9342565936421e-14,7.3765017033753e-18,0,0,6.9423956835752e-18,6.3780153825123e-18,6.8941133159944e-18,0,6.7147654628208e-18,6.0663670469299e-18,0,7.0879691854179e-18,6.4192636140054e-18,2.0577515764769e-15,0,0,2.0333668440201e-15,1.9867747048578e-15,2.03317399186e-15,0,2.0011325559891e-15,1.9498605946181e-15,0,2.0347184106884e-15,1.9765325030888e-15
5.55,910746717.53179,910746717.53179,910746717.53179,332968939.75401,332968939.75401,332968939.75401,1,1,1,380266952.57144,4.9407213977106e-05,0.00016323881286331,4.4206205949368e-05,1.051902096799,284.0335102816,284.0335102816,290.50755044709,290.50755044709,284.0335102816,288.37308196214,288.37308196214,288.37308196214,286.67858303396,286.67858303396,286.67858303396,290.50755044709,0.003349740155649,2.3021001140445e-29,-1.0747538283785e-31,-0.0027354193093293,-0.003275808467466,-0.0027665182161976,9.8067538149892e-30,-0.0028680855786137,-0.0029019595501839,3.2977275621463e-29,-0.0028500384187553,0.0026818032417815,434.52639301697,434.52639301697,441.00043318246,441.00043318246,434.52639301697,438.86596469751,438.86596469751,438.86596469751,437.17146576934,437.17146576934,437.17146576934,441.00043318246,0.02816321197136,0.066261497120975,0.042362754996247,0.054012791709818,476.978116004,-0.0078085551347135,8.2414702335179e-05,-0.00057942247957845,476.88458851149,0.0033946524628708,-0.0076215541775536,0,1.9470059155929e-14,7.2526468124284e-18,0,0,6.8132089941075e-18,6.251593230045e-18,6.7637095640367e-18,0,6.5919662719769e-18,5.9448564917092e-18,0,6.9619737202769e-18,6.2974627513736e-18,2.0680083679621e-15,0,0,2.0430021765828e-15,1.9956157927902e-15,2.0427393216574e-15,0,2.0104550040936e-15,1.9582678912951e-15,0,2.0445641283445e-15,1.9854384603203e-15
5.6,907296075.95784,907296075.95784,907296075.95784,329518298.18006,329518298.18006,329518298.18006,1,1,1,380944219.51012,4.9958572764277e-05,0.00016471125252924,4.465999169157e-05,1.0524037656482,283.45440958641,283.45440958641,289.97495101248,289.97495101248,283.45440958641,287.82622040782,287.82622040782,287.82622040782,286.12210130235,286.12210130235,286.12210130235,289.97495101248,0.0033493709917399,2.6387624413395e-29,-1.6974231234254e-31,-0.0027343166679438,-0.0032753872492352,-0.0027647869881048,1.2158827346503e-29,-0.0028672771636428,-0.002900241201948,3.6834892270444e-29,-0.002847166770425,0.0026794179047321,434.10228472149,434.10228472149,440.62282614756,440.62282614756,434.10228472149,438.47409554289,438.47409554289,438.47409554289,436.76997643743,436.76997643743,436.76997643743,440.62282614756,0.028183388371129,0.06685555466667,0.042758735570271,0.054486327142458,476.45669966807,-0.0080297330753932,8.7507947011894e-05,-0.00058067378556876,476.36176098581,0.0034251422589,-0.0078414367619275,0,1.9595461583897e-14,7.1353314442937e-18,0,0,6.6885655508165e-18,6.127521938243e-18,6.6392657736389e-18,0,6.4709090426164e-18,5.8241519353369e-18,0,6.8410187797195e-18,6.1759186338796e-18,2.0780992504626e-15,0,0,2.0524612366976e-15,2.004281417419e-15,2.0521286613587e-15,0,2.0196062514226e-15,1.9665044859513e-15,0,2.0542387898832e-15,1.9941725282124e-15
5.65,903896927.89492,903896927.89492,903896927.89492,326119150.11713,326119150.11713,326119150.11713,1,1,1,381597406.96105,5.0509789321204e-05,0.00016618370535579,4.5113524616651e-05,1.052905397065,282.88307467765,282.88307467765,289.44922937132,289.44922937132,282.88307467765,287.28630115744,287.28630115744,287.28630115744,285.57271772237,285.57271772237,285.57271772237,289.44922937132,0.0033488802029202,3.0101935978295e-29,-2.4588772754379e-31,-0.0027332454516658,-0.0032748439049309,-0.0027630877403097,1.4957726430005e-29,-0.0028665083563783,-0.0028985630612961,4.095911726929e-29,-0.0028443023916199,0.0026770345837711,433.68134485991,433.68134485991,440.24749955358,440.24749955358,433.68134485991,438.0845713397,438.0845713397,438.0845713397,436.37098790463,436.37098790463,436.37098790463,440.24749955358,0.028179398242442,0.067449517824945,0.043154814743092,0.054959637281777,475.93919485462,-0.0082501880295615,0.00015585605428461,-0.00058484484463978,475.84285447207,0.0034876170768981,-0.0080907194851216,0,1.9718780435802e-14,7.021295633507e-18,0,0,6.5672257427544e-18,6.0068383893022e-18,6.518197906561e-18,0,6.3530096468022e-18,5.7067933212369e-18,0,6.7232678643403e-18,6.0575779558861e-18,2.088028861973e-15,0,0,2.0617486964102e-15,2.0127763697361e-15,2.0613467852404e-15,0,2.028590763827e-15,1.9745751104639e-15,0,2.0637469264804e-15,2.0027392371128e-15
5.7,900548415.74008,900548415.74008,900548415.74008,322770637.9623,322770637.9623,322770637.9623,1,1,1,382227302.16604,5.1060722035105e-05,0.00016765616871798,4.5566731769754e-05,1.0534069896268,282.31941177367,282.31941177367,288.93029385368,288.93029385368,282.31941177367,286.75323341363,286.75323341363,286.75323341363,285.0303396039,285.0303396039,285.0303396039,288.93029385368,0.003348193935249,3.4166514127374e-29,-3.3891563952257e-31,-0.0027322228977911,-0.0032741771394139,-0.0027614572566709,1.8269560477738e-29,-0.0028657780149164,-0.0028969737086544,4.5346560335459e-29,-0.0028414742344631,0.0026746324916189,433.26361811009,433.26361811009,439.8745001901,439.8745001901,433.26361811009,437.69743975005,437.69743975005,437.69743975005,435.97454594032,435.97454594032,435.97454594032,439.8745001901,0.02817438146405,0.068043383176731,0.043550984408654,0.055432722364051,475.42577346038,-0.0084930363069306,-5.926747274436e-05,-0.00060848707305356,475.32805308134,0.0035084000315033,-0.0083260592541217,0,1.98400128579e-14,6.9105505760076e-18,0,0,6.4489068060844e-18,5.8893213410602e-18,6.4003361681976e-18,0,6.2383987156495e-18,5.5927186883792e-18,0,6.6087930995265e-18,5.9425536357469e-18,2.097801856321e-15,0,0,2.0708688278778e-15,2.0211051278498e-15,2.0703982274532e-15,0,2.0374131918981e-15,1.9824844090835e-15,0,2.0730931713127e-15,2.0111432770596e-15
5.75,897249678.78382,897249678.78382,897249678.78382,319471901.00604,319471901.00604,319471901.00604,1,1,1,382834642.55522,5.1611303097228e-05,0.00016912864655396,4.6019577742457e-05,1.0539085427264,281.76332909626,281.76332909626,288.41805239206,288.41805239206,281.76332909626,286.22692297542,286.22692297542,286.22692297542,284.49486877525,284.49486877525,284.49486877525,288.41805239206,0.0033474543556215,3.8599583881533e-29,-4.5225863965295e-31,-0.002731224992084,-0.0032734241172234,-0.0027598468348143,2.2153173200518e-29,-0.0028651089302866,-0.0028953717028347,4.9955876220939e-29,-0.0028386385639757,0.0026722656202248,432.84914727035,432.84914727035,439.50387056615,439.50387056615,432.84914727035,437.31274114951,437.31274114951,437.31274114951,435.58068694933,435.58068694933,435.58068694933,439.50387056615,0.028167192344878,0.068637147888381,0.04394723745966,0.055905582627867,474.91649054581,-0.008709712813158,0.00010927758725915,-0.00058636223310922,474.81745307495,0.0035371417445006,-0.0085165479899319,0,1.9959173708356e-14,6.8028768707817e-18,0,0,6.3338954794575e-18,5.7751806244088e-18,6.285797133178e-18,0,6.1266328805619e-18,5.4819362834827e-18,0,6.4971368096368e-18,5.8305544193242e-18,2.1074225770548e-15,0,0,2.0798263087675e-15,2.029272466614e-15,2.0792876870093e-15,0,2.0460775592095e-15,1.9902370377237e-15,0,2.0822815103055e-15,2.0193889261956e-15
5.8,893999873.75175,893999873.75175,893999873.75175,316222095.97397,316222095.97397,316222095.97397,1,1,1,383420232.29954,5.2161448795187e-05,0.00017060113409028,4.6472029096661e-05,1.0544100558432,281.21472736131,281.21472736131,287.91241182889,287.91241182889,281.21472736131,285.70727957225,285.70727957225,285.70727957225,283.96621692032,283.96621692032,283.96621692032,287.91241182889,0.0033465543365099,4.3400286207991e-29,-5.9059133156924e-31,-0.0027302920336815,-0.0032725260291341,-0.0027582932973912,2.6692333796555e-29,-0.0028644927906376,-0.0028938810713062,5.4841087402783e-29,-0.0028358280947353,0.0026698774567151,432.43796358929,432.43796358929,439.13564805686,439.13564805686,432.43796358929,436.93051580022,436.93051580022,436.93051580022,435.1894531483,435.1894531483,435.1894531483,439.13564805686,0.028157771845787,0.069230809086928,0.044343566522024,0.05637821830278,474.41143390353,-0.0090114982150831,3.1675743185938e-06,-0.00063953298807257,474.31101015831,0.0037577221502531,-0.0088170087181956,0,2.0076274351645e-14,6.6984705046503e-18,0,0,6.2218212629588e-18,5.6640275664177e-18,6.1744099402266e-18,0,6.0179203147275e-18,5.3741268837393e-18,0,6.3887173184426e-18,5.7215061411109e-18,2.1168956448897e-15,0,0,2.0886252927803e-15,2.0372826112161e-15,2.0880196212864e-15,0,2.0545881837359e-15,1.9978372008486e-15,0,2.0913165209834e-15,2.0274803577775e-15
5.85,890798164.22511,890798164.22511,890798164.22511,313020386.44733,313020386.44733,313020386.44733,1,1,1,383984837.63694,5.2711026135893e-05,0.00017207363272351,4.6924043922477e-05,1.0549115280708,280.67351677798,280.67351677798,287.41328008079,287.41328008079,280.67351677798,285.19420984807,285.19420984807,285.19420984807,283.4442873941,283.4442873941,283.4442873941,287.41328008079,0.0033455483311829,4.8562343192216e-29,-7.5888559009907e-31,-0.0027293469807239,-0.0032715757754649,-0.0027567796096747,3.1953548588597e-29,-0.002863882591296,-0.0028924116203462,5.994449352524e-29,-0.0028330616526348,0.0026675134139274,432.03010373532,432.03010373532,438.76986703813,438.76986703813,432.03010373532,436.55079680541,436.55079680541,436.55079680541,434.80087435144,434.80087435144,434.80087435144,438.76986703813,0.02814549501761,0.069824363100285,0.044739963569961,0.056850629624869,473.91065160821,-0.0091706846613565,1.0381467358231e-05,-0.00059996095704126,473.8090015861,0.0036037460039178,-0.008998920109579,0,2.0191318777724e-14,6.5967602056182e-18,0,0,6.1127310590096e-18,5.5560892982212e-18,6.0658972527269e-18,0,5.9122038266791e-18,5.2695652815302e-18,0,6.2830245039811e-18,5.6155822306897e-18,2.1262248726402e-15,0,0,2.0972699999471e-15,2.0451401080554e-15,2.0965980954492e-15,0,2.0629493025711e-15,2.0052894915376e-15,0,2.1002020594496e-15,2.0354219903288e-15
5.9,887643722.78695,887643722.78695,887643722.78695,309865945.00917,309865945.00917,309865945.00917,1,1,1,384529151.48806,5.3260031403752e-05,0.000173546142446,4.7375605593051e-05,1.0554129596191,280.13959677274,280.13959677274,286.92056786478,286.92056786478,280.13959677274,284.68762515206,284.68762515206,284.68762515206,282.92898733219,282.92898733219,282.92898733219,286.92056786478,0.0033444611646761,5.4175470639187e-29,-9.6389057329211e-31,-0.0027284717928482,-0.0032704952850766,-0.0027552996760932,3.8029181982006e-29,-0.0028633576646203,-0.0028909965496497,6.5347440652549e-29,-0.0028302811997208,0.0026651495135362,431.62558977036,431.62558977036,438.40656086241,438.40656086241,431.62558977036,436.17361814969,436.17361814969,436.17361814969,434.41498032981,434.41498032981,434.41498032981,438.40656086241,0.028132830706977,0.070417808014781,0.045136421632244,0.057322816831597,473.41420592361,-0.0095978143858145,7.6821687951636e-05,-0.000612817140417,473.31108591188,0.0038188539240343,-0.0094611889470732,0,2.0304338251051e-14,6.4981730520682e-18,0,0,6.0065946827418e-18,5.451081449115e-18,5.9605546046618e-18,0,5.8091841375101e-18,5.1677871466723e-18,0,6.1802442093393e-18,5.512272320886e-18,2.1354146771011e-15,0,0,2.1057646076111e-15,2.0528491013703e-15,2.1050275926103e-15,0,2.0711647295647e-15,2.0125978462078e-15,0,2.1089422446292e-15,2.0432175206045e-15
5.95,884535738.77898,884535738.77898,884535738.77898,306757961.0012,306757961.0012,306757961.0012,1,1,1,385053961.60491,5.3808298327248e-05,0.00017501866210708,4.7826656388894e-05,1.0559143488873,279.61287508197,279.61287508197,286.43418243159,286.43418243159,279.61287508197,284.18743394862,284.18743394862,284.18743394862,282.42022723294,282.42022723294,282.42022723294,286.43418243159,0.0033432467180351,6.0034073893282e-29,-1.2132997364402e-30,-0.00272761365932,-0.0032692925789534,-0.0027538532226137,4.494901350184e-29,-0.0028628622200506,-0.0028896428016213,7.0949179976624e-29,-0.0028275297415574,0.0026627954440129,431.22444833411,431.22444833411,438.04575568374,438.04575568374,431.22444833411,435.79900720076,435.79900720076,435.79900720076,434.03180048508,434.03180048508,434.03180048508,438.04575568374,0.028116528130251,0.071011138920241,0.045532932103081,0.057794780148904,472.92215048396,-0.0097007755872826,0.00013647297775368,-0.00064217549676098,472.81788230484,0.0038992144382189,-0.0096616303461862,0,2.0415328542249e-14,6.4023317303056e-18,0,0,5.9033265703575e-18,5.3490340162117e-18,5.8580054691678e-18,0,5.7089252519499e-18,5.0689908773799e-18,0,6.0802581704726e-18,5.4118592495019e-18,2.1444689414649e-15,0,0,2.11411317211e-15,2.0604137778217e-15,2.1133120633933e-15,0,2.0792383690825e-15,2.0197664818542e-15,0,2.1175410281967e-15,2.0508710453528e-15
6,881473404.84336,881473404.84336,881473404.84336,303695627.06557,303695627.06557,303695627.06557,1,1,1,385559905.0783,5.4355741702051e-05,0.0001764911920342,4.8277121980852e-05,1.0564156957058,279.09325580213,279.09325580213,285.95403386822,285.95403386822,279.09325580213,283.69354693103,283.69354693103,283.69354693103,281.91791376957,281.91791376957,281.91791376957,285.95403386822,0.0033418755777348,6.6257653641893e-29,-1.5166887914591e-30,-0.0027267886953936,-0.0032680612602866,-0.0027524642256234,5.2814484883046e-29,-0.002862387203008,-0.0028883090154105,7.6777695179807e-29,-0.0028248260921399,0.0026604450156118,430.82669863804,430.82669863804,437.68747670413,437.68747670413,430.82669863804,435.42698976695,435.42698976695,435.42698976695,433.65135660548,433.65135660548,433.65135660548,437.68747670413,0.028097983888485,0.071604353026584,0.045929487813564,0.05826651984522,472.43455256891,-0.0098850985893478,0.00016875562782991,-0.00059557835894837,472.32921834507,0.0037333593346516,-0.0096857013646081,0,2.0524297668089e-14,6.309225643145e-18,0,0,5.8025782591317e-18,5.2497667608319e-18,5.7582487051357e-18,0,5.6113477124307e-18,4.9731362767414e-18,0,5.9826732106931e-18,5.3143555564892e-18,2.1533915339375e-15,0,0,2.1223192569808e-15,2.0678380691741e-15,2.1214554568076e-15,0,2.0871740131207e-15,2.0267995586243e-15,0,2.1260018057905e-15,2.058386679056e-15
6.05,878455921.48553,878455921.48553,878455921.48553,300678143.70774,300678143.70774,300678143.70774,1,1,1,386047612.28753,5.4902346802904e-05,0.00017796372723145,4.8727057241132e-05,1.0569170008208,278.58064022134,278.58064022134,285.4800329916,285.4800329916,278.58064022134,283.20587491638,283.20587491638,283.20587491638,281.42195523396,281.42195523396,281.42195523396,285.4800329916,0.0033404212154641,7.2968240443664e-29,-1.8848120108023e-30,-0.0027260273384213,-0.0032666457817927,-0.0027510983603893,6.179399452976e-29,-0.0028619737855008,-0.0028871463586703,8.2984243088635e-29,-0.0028221414081799,0.0026580645898828,430.43235384285,430.43235384285,437.33174661311,437.33174661311,430.43235384285,435.05758853789,435.05758853789,435.05758853789,433.27366885547,433.27366885547,433.27366885547,437.33174661311,0.028078811167905,0.072197448710124,0.046326082586398,0.058738036108009,471.95145846036,-0.010455282629184,-0.00013760338767227,-0.00075072080298437,471.84455697802,0.0040021752730544,-0.01038693575204,0,2.0631292112333e-14,6.2190077655694e-18,0,0,5.7045710341285e-18,5.1531753297454e-18,5.6612323852026e-18,0,5.5165126005447e-18,4.8797168707827e-18,0,5.8882942957866e-18,5.2191992074184e-18,2.1621865390641e-15,0,0,2.1303867387048e-15,2.0751257596147e-15,2.1294616484265e-15,0,2.0949755400573e-15,2.0337005204035e-15,0,2.1343291114428e-15,2.0657677413599e-15
6.1,875482510.75454,875482510.75454,875482510.75454,297704732.97676,297704732.97676,297704732.97676,1,1,1,386517833.21369,5.5454630005882e-05,0.00017943606941019,4.9181177913711e-05,1.0574182805523,278.07494227293,278.07494227293,285.01209009348,285.01209009348,278.07494227293,282.72432846106,282.72432846106,282.72432846106,280.9322569818,280.9322569818,280.9322569818,285.01209009348,0.0033421557334799,7.9981172486254e-29,-2.2994048966298e-30,-0.0027263069913554,-0.0032635792264575,-0.0027469467318744,6.8425803305967e-29,-0.0028619739496499,-0.0028880449719651,9.3170422800301e-29,-0.0028192153770589,0.002654542302977,430.04143608965,430.04143608965,436.9785839102,436.9785839102,430.04143608965,434.69082227778,434.69082227778,434.69082227778,432.89875079853,432.89875079853,432.89875079853,436.9785839102,0.028056113712129,0.07279043817095,0.046722721655522,0.059209328040947,471.46860732447,-0.0057644862699568,0.0022414385969556,-0.0040667763381404,471.36578001311,0.024106695719937,-0.0051201801178025,0,2.0737190038235e-14,6.1428874152235e-18,0,0,5.6145275166411e-18,5.0556705363801e-18,5.5784289363216e-18,0,5.4136384134064e-18,4.7767143082481e-18,0,5.801225247655e-18,5.112204159242e-18,2.1708738937588e-15,0,0,2.1383268796651e-15,2.0822755574542e-15,2.137350738285e-15,0,2.1026315809234e-15,2.0404558145618e-15,0,2.1425332828664e-15,2.0729974898155e-15
6.15,872553505.49752,872553505.49752,872553505.49752,294775727.71974,294775727.71974,294775727.71974,1,1,1,386975939.10112,5.5997683883988e-05,0.00018090867843668,4.9628437281756e-05,1.057919483534,277.57637903603,277.57637903603,284.55019947681,284.55019947681,277.57637903603,282.24896803279,282.24896803279,282.24896803279,280.44887333879,280.44887333879,280.44887333879,284.55019947681,0.0033369565500889,8.7459579943414e-29,-2.8723938533606e-30,-0.0027245015563221,-0.0032635961122469,-0.0027484238819356,8.2482873051416e-29,-0.0028612289918576,-0.0028846244147309,9.7107050704017e-29,-0.0028167630349649,0.0026532761594688,429.65424076393,429.65424076393,436.62806120471,436.62806120471,429.65424076393,434.32682976069,434.32682976069,434.32682976069,432.5267350667,432.5267350667,432.5267350667,436.62806120471,0.028057610117205,0.073383288789275,0.047119374357751,0.059680398322569,470.9981834625,-0.010620613368589,0.00021868748215225,-0.00060519372562022,470.88935872736,0.0038958441280294,-0.01041509973246,0,2.084019172801e-14,6.045213131812e-18,0,0,5.5164363814081e-18,4.968452973615e-18,5.4748811638504e-18,0,5.3339634992092e-18,4.7013702018433e-18,0,5.7057880904823e-18,5.0372848844113e-18,2.1794231161572e-15,0,0,2.1461282988117e-15,2.0893020110335e-15,2.1450933894793e-15,0,2.1101749444452e-15,2.047104556063e-15,0,2.150602485768e-15,2.0801212864166e-15
6.2,869665923.47054,869665923.47054,869665923.47054,291888145.69276,291888145.69276,291888145.69276,1,1,1,387412329.73744,5.6541013744491e-05,0.00018238124137415,5.0076385217338e-05,1.0584206544872,277.0842104664,277.0842104664,284.09411045665,284.09411045665,277.0842104664,281.77941160003,281.77941160003,281.77941160003,279.97144280882,279.97144280882,279.97144280882,284.09411045665,0.0033353707781044,9.4611053786627e-29,-3.5309065539198e-30,-0.0027238473491821,-0.003262068483735,-0.0027471865837919,9.5250656609192e-29,-0.0028609184465093,-0.0028835741301413,1.0350390199761e-28,-0.0028141814378668,0.0026510498061085,429.27018181322,429.27018181322,436.28008180347,436.28008180347,429.27018181322,433.96538294686,433.96538294686,433.96538294686,432.15741415564,432.15741415564,432.15741415564,436.28008180347,0.028008864357699,0.073976002688247,0.047516039214716,0.060151245831742,470.52919534855,-0.010862108094897,0.00023478177295787,-0.00060283889176262,470.41932038058,0.0038982396401494,-0.010658731771737,0,2.0941270506996e-14,5.96273444425e-18,0,0,5.4261184301546e-18,4.8798715343679e-18,5.3858119888092e-18,0,5.2465560627648e-18,4.6160242485691e-18,0,5.6184613532398e-18,4.9497031568606e-18,2.1878556960771e-15,0,0,2.1538019890866e-15,2.09620319154e-15,2.1527100778383e-15,0,2.1175946951849e-15,2.0536326001595e-15,0,2.1585481900134e-15,2.0871212237507e-15
6.25,866820114.73392,866820114.73392,866820114.73392,289042336.95613,289042336.95613,289042336.95613,1,1,1,387833272.48269,5.7083216606482e-05,0.00018385381214698,5.0523636574039e-05,1.0589217847426,276.59866826216,276.59866826216,283.64381132186,283.64381132186,276.59866826216,281.31571888225,281.31571888225,281.31571888225,279.5000070362,279.5000070362,279.5000070362,283.64381132186,0.0033335724330833,1.0216680920723e-28,-4.32088516986e-30,-0.0027231938479861,-0.0032603741135798,-0.002745983200183,1.0919120564755e-28,-0.0028606559612434,-0.0028825129343194,1.1053517556776e-28,-0.0028115678960178,0.0026487568877185,428.88956550592,428.88956550592,435.93470856561,435.93470856561,428.88956550592,433.606616126,433.606616126,433.606616126,431.79090427995,431.79090427995,431.79090427995,435.93470856561,0.027980125582872,0.074568584267466,0.047912716520565,0.060621870885715,470.06438851881,-0.011107254106473,0.00025430836163074,-0.00060455477822616,469.95348177145,0.0039395553842155,-0.010903506562596,0,2.1040441063573e-14,5.8824759914416e-18,0,0,5.3381185551267e-18,4.7937044806856e-18,5.2991145124573e-18,0,5.1612914719923e-18,4.5329798311685e-18,0,5.5333579359849e-18,4.864412727547e-18,2.1961747734046e-15,0,0,2.1613512287449e-15,2.1029825134306e-15,2.1602041574504e-15,0,2.1248938635839e-15,2.0600432017147e-15,0,2.166373539852e-15,2.094000542203e-15
6.3,864015348.57099,864015348.57099,864015348.57099,286237570.7932,286237570.7932,286237570.7932,1,1,1,388239161.79139,5.7624206263132e-05,0.00018532639008876,5.0970164978243e-05,1.0594228719231,276.11965795333,276.11965795333,283.19921898663,283.19921898663,276.11965795333,280.8578045134,280.8578045134,280.8578045134,279.03448253439,279.03448253439,279.03448253439,283.19921898663,0.0033316624698449,1.0998340127856e-28,-5.267746957591e-30,-0.0027225596189512,-0.0032585771057892,-0.0027447942775442,1.2442943410117e-28,-0.0028604223994832,-0.0028814959414871,1.1805712065521e-28,-0.0028089714088672,0.0026464445148639,428.51239192446,428.51239192446,435.59195295776,435.59195295776,428.51239192446,433.25053848453,433.25053848453,433.25053848453,431.42721650553,431.42721650553,431.42721650553,435.59195295776,0.027949540948047,0.075161029653073,0.048309398890725,0.061092273724164,469.60406788088,-0.011353465123727,0.0002748219929434,-0.00060628196090602,469.49215630188,0.0039812819193313,-0.011149422645705,0,2.1137724832751e-14,5.8044576070546e-18,0,0,5.2524267063523e-18,4.7099282704876e-18,5.2147661631013e-18,0,5.0782249534982e-18,4.4522613234128e-18,0,5.4504932119867e-18,4.7814069077925e-18,2.2043835160747e-15,0,0,2.1687792818284e-15,2.1096433578685e-15,2.1675789504828e-15,0,2.1320755581859e-15,2.0663396500615e-15,0,2.174081701274e-15,2.1007624726992e-15
6.35,861250906.32268,861250906.32268,861250906.32268,283473128.5449,283473128.5449,283473128.5449,1,1,1,388630516.14977,5.8163909311695e-05,0.00018679897477022,5.1415945804226e-05,1.0599239152928,275.64708751133,275.64708751133,282.76024989781,282.76024989781,275.64708751133,280.40558524828,280.40558524828,280.40558524828,278.57478406563,278.57478406563,278.57478406563,282.76024989781,0.0033296582760196,1.1797694333113e-28,-6.4004775830328e-30,-0.0027219528072039,-0.0032566934561461,-0.0027436278936203,1.4105135361389e-28,-0.0028602237041102,-0.0028805249754513,1.2601902928893e-28,-0.0028063949553846,0.0026441281688917,428.13866130144,428.13866130144,435.25182368793,435.25182368793,428.13866130144,432.89715903839,432.89715903839,432.89715903839,431.06635785575,431.06635785575,431.06635785575,435.25182368793,0.027917454746119,0.075753335311353,0.048706079300634,0.061562454585956,469.14832045228,-0.011600693043459,0.0002964533073101,-0.0006079234859451,469.03543409028,0.0040232983486292,-0.011396364710374,0,2.1233145235399e-14,5.7286493424205e-18,0,0,5.1689931873328e-18,4.6284861616038e-18,5.1327178324832e-18,0,4.9973215777615e-18,4.3738248079406e-18,0,5.369818766331e-18,4.7006239790073e-18,2.2124850496688e-15,0,0,2.1760893420977e-15,2.1161890257715e-15,2.1748377096533e-15,0,2.1391428381367e-15,2.0725251724244e-15,0,2.1816757718008e-15,2.107410158882e-15
6.4,858526073.3799,858526073.3799,858526073.3799,280748295.60211,280748295.60211,280748295.60211,1,1,1,389007855.40354,5.8702264036112e-05,0.00018827156546388,5.1860957836295e-05,1.060424914642,275.1808642051,275.1808642051,282.32681988282,282.32681988282,275.1808642051,279.95897749293,279.95897749293,279.95897749293,278.12082637138,278.12082637138,278.12082637138,282.32681988282,0.0033275669559755,1.2608335833724e-28,-7.7524407829271e-30,-0.0027213772922231,-0.0032547260100772,-0.0027424889348165,1.5911507340832e-28,-0.0028600668977456,-0.002879601304522,1.3441762394879e-28,-0.0028038350300787,0.002641808429563,427.76837065552,427.76837065552,434.91432633324,434.91432633324,427.76837065552,432.54648394335,432.54648394335,432.54648394335,430.7083328218,430.7083328218,430.7083328218,434.91432633324,0.027883704993423,0.076345497890003,0.049102751471363,0.062032413708948,468.69716734017,-0.011864713848596,0.00029396992161661,-0.00059794444983321,468.58332206141,0.0041110632777189,-0.011659615027133,0,2.1326727016981e-14,5.6550186697941e-18,0,0,5.0877558416871e-18,4.5492937790556e-18,5.0529257411471e-18,0,4.918523301497e-18,4.2975846241758e-18,0,5.2912858171195e-18,4.6219801243856e-18,2.2204824537671e-15,0,0,2.1832845154111e-15,2.1226226987331e-15,2.1819836257661e-15,0,2.1460986804966e-15,2.0786028748853e-15,0,2.1891587799658e-15,2.1139466258589e-15
6.45,855840145.50305,855840145.50305,855840145.50305,278062367.72527,278062367.72527,278062367.72527,1,1,1,389371693.31739,5.9239198885404e-05,0.0001897441627055,5.23051741073e-05,1.0609258696776,274.72089614813,274.72089614813,281.89884537206,281.89884537206,274.72089614813,279.5178977473,279.5178977473,279.5178977473,277.67252520295,277.67252520295,277.67252520295,281.89884537206,0.0033253953481087,1.3426074617864e-28,-9.3613004825495e-30,-0.0027208211525853,-0.0032526904178034,-0.0027413661716536,1.7868254809593e-28,-0.0028599267623717,-0.0028787164740321,1.4324112463849e-28,-0.0028013056670464,0.0026395007988348,427.40151517765,427.40151517765,434.57946440157,434.57946440157,427.40151517765,432.19851677682,432.19851677682,432.19851677682,430.35314423246,430.35314423246,430.35314423246,434.57946440157,0.027847919737733,0.076937513784957,0.049499409039751,0.062502151331251,468.25062668223,-0.012096965933572,0.0003441484830142,-0.00060810473161854,468.13588776475,0.0040930218012298,-0.011889868752418,0,2.141849428363e-14,5.5834393399399e-18,0,0,5.0086520671623e-18,4.4723558856511e-18,4.9752688065768e-18,0,4.8417838040555e-18,4.2235630334674e-18,0,5.214779704896e-18,4.5454653421547e-18,2.2283786294063e-15,0,0,2.1903678190936e-15,2.1289475650823e-15,2.1890197183889e-15,0,2.1529459968183e-15,2.0845758950088e-15,0,2.1965335921492e-15,2.1203748845931e-15
6.5,853192428.45156,853192428.45156,853192428.45156,275414650.67377,275414650.67377,275414650.67377,1,1,1,389722515.92471,5.9774729598264e-05,0.0001912167631425,5.2748636362362e-05,1.0614267808916,274.26709049025,274.26709049025,281.47624345712,281.47624345712,274.26709049025,279.0822651098,279.0822651098,279.0822651098,277.22979649818,277.22979649818,277.22979649818,281.47624345712,0.0033231993308563,1.4239420118077e-28,-1.1274213401771e-29,-0.0027203003417903,-0.0032505431074916,-0.0027402428319181,1.9981226710168e-28,-0.0028598390653395,-0.0028779090400641,1.5264813841372e-28,-0.0027987792300043,0.0026371849790646,427.03808643557,427.03808643557,434.24723940245,434.24723940245,427.03808643557,431.85326105512,431.85326105512,431.85326105512,430.0007924435,430.0007924435,430.0007924435,434.24723940245,0.02781124149362,0.077529380535468,0.049896046818283,0.062971667666104,467.80866732314,-0.012399806838143,0.0003942439826103,-0.00067109551603996,467.69292387392,0.0043834571768091,-0.012335862617971,0,2.1508478088214e-14,5.5140012299262e-18,0,0,4.9317372721383e-18,4.3975536789956e-18,4.8998121176052e-18,0,4.7669960845477e-18,4.1514640213822e-18,0,5.1404485887513e-18,4.4707677094225e-18,2.2361766047286e-15,0,0,2.19734234883e-15,2.1351666451364e-15,2.1959490991386e-15,0,2.1596875473329e-15,2.0904469517315e-15,0,2.2038032842601e-15,2.1266975049219e-15
6.55,850582250.23685,850582250.23685,850582250.23685,272804472.45907,272804472.45907,272804472.45907,1,1,1,390060862.54332,6.0308661609748e-05,0.00019268937176359,5.3191199247056e-05,1.0619276471605,273.81936058757,273.81936058757,281.05893243662,281.05893243662,273.81936058757,278.65199870242,278.65199870242,278.65199870242,276.79255924608,276.79255924608,276.79255924608,281.05893243662,0.003320822029304,1.5062687307188e-28,-1.3530389047036e-29,-0.0027197964156056,-0.0032483850533649,-0.0027391914778608,2.2236013899576e-28,-0.0028597576418462,-0.0028770815764605,1.6230563773992e-28,-0.002796297469251,0.0026348841947801,426.67807947843,426.67807947843,433.91765132747,433.91765132747,426.67807947843,431.51071759327,431.51071759327,431.51071759327,429.65127813693,429.65127813693,429.65127813693,433.91765132747,0.027772003077344,0.07812109297658,0.050292656917475,0.063440963002055,467.37133037729,-0.01259666334528,0.0003918690458894,-0.00061439704640683,467.25486441249,0.004194686162545,-0.012392645972414,0,2.1596696373545e-14,5.4463890269948e-18,0,0,4.8566088717251e-18,4.32480620785e-18,4.8262760119212e-18,0,4.6941940947909e-18,4.0816697537926e-18,0,5.0677526016894e-18,4.3983939485478e-18,2.2438789619566e-15,0,0,2.2042106309635e-15,2.1412828447302e-15,2.2027744841305e-15,0,2.1663261402862e-15,2.0962193044545e-15,0,2.2109701687202e-15,2.1329177732966e-15
6.6,848008922.24096,848008922.24096,848008922.24096,270231144.46318,270231144.46318,270231144.46318,1,1,1,390400203.78419,6.0841035683482e-05,0.0001941619843027,5.363293363105e-05,1.0624284693805,273.37760901718,273.37760901718,280.64683098295,280.64683098295,273.37760901718,278.22701650166,278.22701650166,278.22701650166,276.36072944188,276.36072944188,276.36072944188,280.64683098295,0.0033184321317788,1.586868176902e-28,-1.6197845453615e-29,-0.0027193207406188,-0.0032461310027738,-0.0027381358723355,2.4658305080096e-28,-0.0028597163304961,-0.0028763272279258,1.7255970085221e-28,-0.0027938270640681,0.0026325842522589,426.32147650388,426.32147650388,433.59069846964,433.59069846964,426.32147650388,431.17088398836,431.17088398836,431.17088398836,429.30459692857,429.30459692857,429.30459692857,433.59069846964,0.027732114006163,0.078712649173639,0.050689233987017,0.063910037540204,466.93858460394,-0.012846901370421,0.00041792960729693,-0.00061579021773003,466.82130569173,0.0042369178482843,-0.0126432400907,0,2.1683180805679e-14,5.3807765677446e-18,0,0,4.7835481856864e-18,4.25409956449e-18,4.7547961258945e-18,0,4.6232433202705e-18,4.0137188791846e-18,0,4.9970882608162e-18,4.327749625853e-18,2.2514885291548e-15,0,0,2.210975589684e-15,2.14729905003e-15,2.209498781298e-15,0,2.1728643936918e-15,2.101895560129e-15,0,2.218037118711e-15,2.1390381355121e-15
6.65,845471793.28235,845471793.28235,845471793.28235,267694015.50456,267694015.50456,267694015.50456,1,1,1,390729300.88688,6.137182761962e-05,0.00019563459865115,5.4073827925447e-05,1.0629292481415,272.94174971673,272.94174971673,280.23985903766,280.23985903766,272.94174971673,277.80723994112,277.80723994112,277.80723994112,275.93422751462,275.93422751462,275.93422751462,280.23985903766,0.0033159973772358,1.6659674730481e-28,-1.9335535567934e-29,-0.0027188944791737,-0.003243780861474,-0.0027370875937858,2.7226555101416e-28,-0.0028597096768822,-0.0028756395970662,1.8358203848983e-28,-0.002791364595017,0.0026302838440755,425.96826828115,425.96826828115,433.26637760208,433.26637760208,425.96826828115,430.83375850554,430.83375850554,430.83375850554,428.96074607904,428.96074607904,428.96074607904,433.26637760208,0.027690220587041,0.079304046849107,0.051085772160221,0.064378891509733,466.51047931766,-0.01366991111172,0.00040664593604536,-0.00068191408907949,466.39179240908,0.0044932110607108,-0.013575942861514,0,2.1767961420075e-14,5.3171098133539e-18,0,0,4.7124910785558e-18,4.1853860655329e-18,4.6852772926244e-18,0,4.5540920612462e-18,3.9476041279114e-18,0,4.928409668242e-18,4.2588597317117e-18,2.2590080579655e-15,0,0,2.2176400584798e-15,2.1532180797677e-15,2.2161247639887e-15,0,2.1793048524491e-15,2.1074783154255e-15,0,2.2250069425048e-15,2.1450610727049e-15
6.7,842970214.09731,842970214.09731,842970214.09731,265192436.31953,265192436.31953,265192436.31953,1,1,1,391046776.85675,6.1900940241313e-05,0.00019710721932116,5.4513848150754e-05,1.0634299817668,272.51169617589,272.51169617589,279.83793578,279.83793578,272.51169617589,277.39258994512,277.39258994512,277.39258994512,275.5129735217,275.5129735217,275.5129735217,279.83793578,0.003313456462405,1.7444067200099e-28,-2.3017964054579e-29,-0.0027184489644572,-0.003241406277271,-0.0027360633775999,2.9957129233279e-28,-0.0028597096744902,-0.0028749445418991,1.9478493748908e-28,-0.0027889399088443,0.0026279908259365,425.61844284787,425.61844284787,432.94468245198,432.94468245198,425.61844284787,430.4993366171,430.4993366171,430.4993366171,428.61972019368,428.61972019368,428.61972019368,432.94468245198,0.027646177928051,0.079895278974075,0.051482264121753,0.064847525168364,466.08674929909,-0.013431576563367,0.00047017735697943,-0.00064560587004592,465.96784705334,0.0044231487725846,-0.013249904104868,0,2.1851063142831e-14,5.2550910215585e-18,0,0,4.6430662695185e-18,4.1185179010044e-18,4.6175863840133e-18,0,4.4866930369439e-18,3.8834499176976e-18,0,4.8612245555803e-18,4.191874196368e-18,2.2664398789596e-15,0,0,2.2242063457692e-15,2.1590425436401e-15,2.2226550172784e-15,0,2.1856499945922e-15,2.1129703429679e-15,0,2.231881752201e-15,2.1509892780452e-15
6.75,840503556.60413,840503556.60413,840503556.60413,262725778.82635,262725778.82635,262725778.82635,1,1,1,391353057.4433,6.2428311045135e-05,0.00019857984303292,5.4952959288669e-05,1.0639306712259,272.08735827841,272.08735827841,279.44098669324,279.44098669324,272.08735827841,276.98299145462,276.98299145462,276.98299145462,275.09689054087,275.09689054087,275.09689054087,279.44098669324,0.0033108342579146,1.8199996348943e-28,-2.7331635164835e-29,-0.0027180325622133,-0.0032389553445357,-0.0027350751645904,3.2850886799358e-28,-0.0028597438787029,-0.0028743196375531,2.0667467875017e-28,-0.0027865468779497,0.0026256943918535,425.27198225896,425.27198225896,432.62561067379,432.62561067379,425.27198225896,430.16761543516,430.16761543516,430.16761543516,428.28151452141,428.28151452141,428.28151452141,432.62561067379,0.027602117040437,0.080486345218945,0.051878705032754,0.06531593873914,465.66769448481,-0.013597874444865,0.00034737363100591,-0.00064470845076088,465.54816238615,0.0043785628045829,-0.013412890672545,0,2.1932512548227e-14,5.1948517940802e-18,0,0,4.5754774941576e-18,4.0535029048878e-18,4.551670705996e-18,0,4.4211195804406e-18,3.8210828116031e-18,0,4.795881556675e-18,4.1266869317363e-18,2.2737865088214e-15,0,0,2.2306770480957e-15,2.1647750624233e-15,2.2290920517223e-15,0,2.1919024018637e-15,2.1183741701031e-15,0,2.238664152942e-15,2.1568252946717e-15
6.8,838071183.16647,838071183.16647,838071183.16647,260293405.38869,260293405.38869,260293405.38869,1,1,1,391648525.37792,6.2953955485802e-05,0.00020005247164838,5.5391175646075e-05,1.0644313170068,271.66864926554,271.66864926554,279.04893318904,279.04893318904,271.66864926554,276.57836513225,276.57836513225,276.57836513225,274.68589757042,274.68589757042,274.68589757042,279.04893318904,0.0033082209891839,1.8936978683554e-28,-3.236430754628e-29,-0.0027176377257338,-0.0032364596722991,-0.0027340777907926,3.5881492655782e-28,-0.0028598136589609,-0.0028736845745446,2.1915334167849e-28,-0.0027841459795693,0.0026234227503699,424.92887003331,424.92887003331,432.30915395681,432.30915395681,424.92887003331,429.83858590002,429.83858590002,429.83858590002,427.94611833819,427.94611833819,427.94611833819,432.30915395681,0.027555903801138,0.081077242122856,0.052275089588286,0.065784132460175,465.25314322315,-0.013851226824918,0.00053104992104615,-0.00062122583741415,465.13293310058,0.0044096216391734,-0.013649889640705,0,2.2012343080415e-14,5.1362935706392e-18,0,0,4.5097277402597e-18,3.9903640619131e-18,4.4875927414603e-18,0,4.3570514935088e-18,3.760473829427e-18,0,4.7320955945731e-18,4.0630911259462e-18,2.2810503248493e-15,0,0,2.2370547662286e-15,2.1704182893985e-15,2.2354384662397e-15,0,2.1980642031778e-15,2.1236922831936e-15,0,2.2453563467103e-15,2.1625713732472e-15
6.85,835672484.35016,835672484.35016,835672484.35016,257894706.57238,257894706.57238,257894706.57238,1,1,1,391933552.91473,6.3477814017073e-05,0.00020152510251373,5.5828486060456e-05,1.0649319190037,271.25548151528,271.25548151528,278.6616984639,278.6616984639,271.25548151528,276.17863706002,276.17863706002,276.17863706002,274.27992208744,274.27992208744,274.27992208744,278.6616984639,0.0033055221273504,1.9648059762098e-28,-3.8225314029741e-29,-0.0027172684960492,-0.0032338902197101,-0.0027330987587141,3.9063346841366e-28,-0.0028598978683479,-0.0028731155426246,2.3231907933765e-28,-0.0027817775421506,0.0026211436406581,424.58908649371,424.58908649371,431.99530344233,431.99530344233,424.58908649371,429.51224203845,429.51224203845,429.51224203845,427.61352706587,427.61352706587,427.61352706587,431.99530344233,0.027508405404846,0.081667966098272,0.052671411781415,0.066252106559557,464.84308433288,-0.014102561657563,0.00056200221639484,-0.00062236462709591,464.72222078823,0.0044522545137796,-0.013901972537794,0,2.2090582857217e-14,5.0793962626151e-18,0,0,4.4456161510061e-18,3.9289295730962e-18,4.425193786196e-18,0,4.2946474428913e-18,3.7015263437952e-18,0,4.6699986058358e-18,4.0011432070746e-18,2.2882336759325e-15,0,0,2.2433418168825e-15,2.1759746348864e-15,2.2416966353083e-15,0,2.2041377518372e-15,2.1289270319505e-15,0,2.2519607220749e-15,2.1682298442356e-15
6.9,833306856.00273,833306856.00273,833306856.00273,255529078.22495,255529078.22495,255529078.22495,1,1,1,392208510.3267,6.3999887917943e-05,0.00020299773528046,5.6264889064486e-05,1.0654324777127,270.84777173246,270.84777173246,278.27920761161,278.27920761161,270.84777173246,275.78373220789,275.78373220789,275.78373220789,273.87888680137,273.87888680137,273.87888680137,278.27920761161,0.0033028099647328,2.0335510137151e-28,-4.5018308169898e-29,-0.002716936594268,-0.0032312479155651,-0.0027321244534173,4.2381167653739e-28,-0.0028600201170741,-0.0028725685905631,2.4635344738189e-28,-0.0027794061533967,0.0026188691153754,424.25261419101,424.25261419101,431.68405007017,431.68405007017,424.25261419101,429.18857466645,429.18857466645,429.18857466645,427.28372925993,427.28372925993,427.28372925993,431.68405007017,0.027459629380987,0.082258514693453,0.053067666376858,0.066719861267089,464.43753407735,-0.014667698152265,0.00067246001595596,-0.00059284201341992,464.31571025157,0.0046507335923202,-0.014516718883637,0,2.216726857033e-14,5.0241030813498e-18,0,0,4.383248110406e-18,3.8691997980748e-18,4.3645145670285e-18,0,4.2337400678975e-18,3.6441845049733e-18,0,4.6095070562423e-18,3.9407291060332e-18,2.2953388306489e-15,0,0,2.2495406658075e-15,2.1814465097164e-15,2.2478689910021e-15,0,2.2101251644607e-15,2.1340806871012e-15,0,2.2584795494697e-15,2.173802876783e-15
6.95,830973704.43451,830973704.43451,830973704.43451,253195926.65673,253195926.65673,253195926.65673,1,1,1,392473741.44534,6.4520992476887e-05,0.00020447033974382,5.6701198422814e-05,1.065932996186,270.44543595292,270.44543595292,277.90138528993,277.90138528993,270.44543595292,275.39357616425,275.39357616425,275.39357616425,273.48271873204,273.48271873204,273.48271873204,277.90138528993,0.0033002908819595,2.0796704423892e-28,-5.2871681004625e-29,-0.0027166764112997,-0.0032281805774298,-0.0027305652033555,4.5689965019342e-28,-0.0028600663797168,-0.002872861156406,2.6075857001836e-28,-0.0027772937852084,0.0026164878006091,423.91943304183,423.91943304183,431.37538237884,431.37538237884,423.91943304183,428.86757325316,428.86757325316,428.86757325316,426.95671582096,426.95671582096,426.95671582096,431.37538237884,0.027409169746828,0.082848890981565,0.053463852138295,0.06718739646651,464.03604419663,-0.015454033131378,0.00034337009053663,-0.0032139163797486,463.91282052601,0.0071292052855755,-0.015847022120468,0,2.224245201819e-14,4.9720933445667e-18,0,0,4.3224630256852e-18,3.8110710998213e-18,4.3059877809004e-18,0,4.1737088090185e-18,3.5870106966494e-18,0,4.5516583157356e-18,3.879887557836e-18,2.3023704324902e-15,0,0,2.2556535516412e-15,2.1868361781529e-15,2.2539585773213e-15,0,2.2160276800638e-15,2.1391534862768e-15,0,2.2649165663911e-15,2.1792898663878e-15
7,828672612.89257,828672612.89257,828672612.89257,250894835.11479,250894835.11479,250894835.11479,1,1,1,392729625.57127,6.5039177001828e-05,0.00020594298313077,5.7135547154916e-05,1.066433464769,270.04846663588,270.04846663588,277.52816576615,277.52816576615,270.04846663588,275.00813164648,275.00813164648,275.00813164648,273.09133585179,273.09133585179,273.09133585179,277.52816576615,0.0032971785605161,2.1654237226095e-28,-6.2047183408718e-29,-0.0027162551594959,-0.0032258064266276,-0.0027301752126908,4.9379226939787e-28,-0.0028602713774092,-0.0028715975367846,2.7667899472746e-28,-0.0027747565058953,0.002614296922334,423.58959479788,423.58959479788,431.06929392815,431.06929392815,423.58959479788,428.54925980848,428.54925980848,428.54925980848,426.63246401379,426.63246401379,426.63246401379,431.06929392815,0.027357922200624,0.083439074198389,0.053859953677231,0.067654713145456,463.6394918245,-0.014945158658349,0.00079885940381358,-0.00066248554171563,463.51665116925,0.004818284585879,-0.014953045957758,0,2.2316104483752e-14,4.9178246077246e-18,0,0,4.2630586253349e-18,3.7546561529472e-18,4.2477099969323e-18,0,4.1165168428851e-18,3.5342234000203e-18,0,4.4929817203147e-18,3.824518318384e-18,2.3093252867478e-15,0,0,2.2616824269664e-15,2.1921460638064e-15,2.259965746408e-15,0,2.2218493140128e-15,2.1441516329415e-15,0,2.2712706020755e-15,2.1846985520632e-15
7.05,826402691.5515,826402691.5515,826402691.5515,248624913.77371,248624913.77371,248624913.77371,1,1,1,392976464.08478,6.5555550110908e-05,0.00020741562230934,5.7569129742687e-05,1.0669338918953,269.65663092978,269.65663092978,277.15946722251,277.15946722251,269.65663092978,274.62726021096,274.62726021096,274.62726021096,272.70468191372,272.70468191372,272.70468191372,277.15946722251,0.0032942082660256,2.2234249624442e-28,-7.2577021714474e-29,-0.002715971470863,-0.0032230636389616,-0.0027292740792076,5.3093742075355e-28,-0.0028604322904796,-0.0028711565196492,2.9237987978674e-28,-0.0027725076679579,0.002612057711492,423.26293163924,423.26293163924,430.76576793197,430.76576793197,423.26293163924,428.23356092041,428.23356092041,428.23356092041,426.31098262317,426.31098262317,426.31098262317,430.76576793197,0.027308304218301,0.084029073928405,0.054255972997913,0.068121811092456,463.24726027451,-0.015109046901426,0.00069160755567096,-0.0006264755579037,463.12407940241,0.0046228129923073,-0.014912000461844,0,2.2388275310538e-14,4.8669770935725e-18,0,0,4.2050339840662e-18,3.6996584277273e-18,4.1916002113139e-18,0,4.0601583140183e-18,3.4816779659972e-18,0,4.4367394024439e-18,3.7688090070865e-18,2.3162082317613e-15,0,0,2.2676292430569e-15,2.1973781709311e-15,2.2658935642749e-15,0,2.2275912449659e-15,2.1490754691409e-15,0,2.2775450991111e-15,2.190028452875e-15
7.1,824163518.48424,824163518.48424,824163518.48424,246385740.70646,246385740.70646,246385740.70646,1,1,1,393214576.62834,6.6070020650102e-05,0.00020888826140438,5.8001794490566e-05,1.0674342770006,269.26992058326,269.26992058326,276.79522033617,276.79522033617,269.26992058326,274.25092141212,274.25092141212,274.25092141212,272.32267256258,272.32267256258,272.32267256258,276.79522033617,0.003291279952171,2.2796408908594e-28,-8.4704398866543e-29,-0.0027156918556243,-0.0032202388358632,-0.0027283434819126,5.6924504572627e-28,-0.0028606184101511,-0.002870746501233,3.0918113676347e-28,-0.0027702403889191,0.0026098141764956,422.93949161121,422.93949161121,430.46479136412,430.46479136412,422.93949161121,427.92049244007,427.92049244007,427.92049244007,425.99224359053,425.99224359053,425.99224359053,430.46479136412,0.027256862322637,0.084618885681717,0.054651904955094,0.068588690567161,462.85931256283,-0.015359889429685,0.0007251427379153,-0.00062736928569725,462.73562932897,0.0046642943362443,-0.015164046493172,0,2.2459003402729e-14,4.8175272209323e-18,0,0,4.1486330329025e-18,3.6462119337823e-18,4.136999401938e-18,0,4.0051096218177e-18,3.4304545858205e-18,0,4.3819890997413e-18,3.7143129311094e-18,2.3230212440943e-15,0,0,2.2734962961573e-15,2.2025346932991e-15,2.2717441649366e-15,0,2.2332553253118e-15,2.1539268645412e-15,0,2.2837421675262e-15,2.1952812845971e-15
7.15,821954554.77274,821954554.77274,821954554.77274,244176776.99495,244176776.99495,244176776.99495,1,1,1,393444275.91259,6.6582531653814e-05,0.00021036089611756,5.8433512946091e-05,1.0679346199565,268.8882575497,268.8882575497,276.43535592414,276.43535592414,268.8882575497,273.87904696471,273.87904696471,273.87904696471,271.94524105199,271.94524105199,271.94524105199,276.43535592414,0.0032882631302943,2.3299279350858e-28,-9.8657510412796e-29,-0.002715427990802,-0.0032173656316478,-0.0027274274434004,6.0854191798273e-28,-0.0028607875936908,-0.0028704190544489,3.2717502670327e-28,-0.0027680330704727,0.0026075375629245,422.61925287378,422.61925287378,430.16635124823,430.16635124823,422.61925287378,427.6100422888,427.6100422888,427.6100422888,425.67623637607,425.67623637607,425.67623637607,430.16635124823,0.027212659023421,0.085208506461272,0.05504774370897,0.069055351799073,462.47574642652,-0.016116256918466,0.00042498738589874,-0.00062245277155643,462.35108697879,0.0045860838842219,-0.015915122402841,0,2.2528302641633e-14,4.7693857827961e-18,0,0,4.0935281625419e-18,3.5941711449446e-18,4.0837226268798e-18,0,3.951553760402e-18,3.3806398154432e-18,0,4.3287029949243e-18,3.6613089676555e-18,2.3297661741525e-15,0,0,2.2792854192027e-15,2.2076176188778e-15,2.2775194208605e-15,0,2.2388436662322e-15,2.1587078112177e-15,0,2.2898638780091e-15,2.2004591573952e-15
7.2,819775255.11501,819775255.11501,819775255.11501,241997477.33722,241997477.33722,241997477.33722,1,1,1,393665878.90164,6.7093101136431e-05,0.00021183353765713,5.8864301750875e-05,1.0684349200101,268.51156373233,268.51156373233,276.07980632878,276.07980632878,268.51156373233,273.51156673832,273.51156673832,273.51156673832,271.57231403633,271.57231403633,271.57231403633,276.07980632878,0.003285295954993,2.3845870817622e-28,-1.1461966682283e-28,-0.0027151703021426,-0.0032144344777667,-0.0027264865318966,6.4841380316625e-28,-0.0028610372990651,-0.0028700014503429,3.4563163398021e-28,-0.0027657565545056,0.0026053255621841,422.30219200343,422.30219200343,429.87043459989,429.87043459989,422.30219200343,427.30219500943,427.30219500943,427.30219500943,425.36294230744,425.36294230744,425.36294230744,429.87043459989,0.027169679815777,0.085797931091914,0.055443484712787,0.069521795033005,462.09625491348,-0.015861076011047,0.0007933177526797,-0.0006292535332711,461.97164884993,0.0047478633739938,-0.015667578651512,0,2.2596234395148e-14,4.722546235773e-18,0,0,4.0399932368934e-18,3.5436297743921e-18,4.0319882393479e-18,0,3.8989419203454e-18,3.3321630383539e-18,0,4.2764366324162e-18,3.6093653102552e-18,2.336444863088e-15,0,0,2.2849988324303e-15,2.2126290681648e-15,2.2832215133119e-15,0,2.2443576027749e-15,2.1634202013786e-15,0,2.2959116726932e-15,2.2055635707685e-15
7.25,817625104.01179,817625104.01179,817625104.01179,239847326.23401,239847326.23401,239847326.23401,1,1,1,393879642.05453,6.7605607893481e-05,0.00021330609299634,5.9297242279637e-05,1.0689351825825,268.13975979042,268.13975979042,275.72850178595,275.72850178595,268.13975979042,273.14841645872,273.14841645872,273.14841645872,271.20383227373,271.20383227373,271.20383227373,275.72850178595,0.0032845708636011,2.4754375788022e-28,-1.3186632707351e-28,-0.0027168718889113,-0.0032088299530193,-0.0027236884994146,6.7026774576608e-28,-0.0028639007663916,-0.002870185190389,3.71481199654e-28,-0.0027616302817066,0.0026024302979304,421.98828276639,421.98828276639,429.57702476192,429.57702476192,421.98828276639,426.99693943469,426.99693943469,426.99693943469,425.0523552497,425.0523552497,425.0523552497,429.57702476192,0.027121865720863,0.086387175189999,0.055839143889536,0.069988019639809,461.71992507731,-0.01588862854332,0.0054903999905675,-0.0021809738604213,461.59597581824,0.028850923972768,-0.013941746918111,0,2.2663294526888e-14,4.6881148919068e-18,0,0,3.9938348933491e-18,3.491591909878e-18,3.9919630335939e-18,0,3.8388324839096e-18,3.2769090678413e-18,0,4.2285233012079e-18,3.5492673723154e-18,2.3430748587501e-15,0,0,2.2906469679023e-15,2.217566924798e-15,2.2888670015745e-15,0,2.2497865317373e-15,2.168054450625e-15,0,2.3018917076946e-15,2.2105829928229e-15
7.3,815504056.43062,815504056.43062,815504056.43062,237726278.65284,237726278.65284,237726278.65284,1,1,1,394085381.94862,6.8111304232587e-05,0.00021477875415405,5.9725063579896e-05,1.06943539445,267.77299728177,267.77299728177,275.38133383675,275.38133383675,267.77299728177,272.78950057388,272.78950057388,272.78950057388,270.83989569059,270.83989569059,270.83989569059,275.38133383675,0.0032790829158344,2.4869240029612e-28,-1.535634910097e-28,-0.0027146535338649,-0.0032084876506901,-0.002724595263665,7.2725511261509e-28,-0.0028614623113054,-0.0028693974659344,3.8805508553679e-28,-0.002761406655112,0.002600772862233,421.67772106775,421.67772106775,429.28605762272,429.28605762272,421.67772106775,426.69422435985,426.69422435985,426.69422435985,424.74461947656,424.74461947656,424.74461947656,429.28605762272,0.027012065709991,0.086976201555938,0.056234670758958,0.070454027642657,461.35002161948,-0.01636978529337,0.00086873770593404,-0.00063828478478556,461.22456014315,0.0048991885979237,-0.016177569836539,0,2.2728536026777e-14,4.6321283405279e-18,0,0,3.9365318730076e-18,3.4466404766892e-18,3.9320264116384e-18,0,3.7977491233189e-18,3.2391356789692e-18,0,4.1757596477726e-18,3.5097970187419e-18,2.349625677472e-15,0,0,2.2962140646658e-15,2.2224412105047e-15,2.2944277266535e-15,0,2.255157360054e-15,2.1726352802326e-15,0,2.3077971236217e-15,2.215546595368e-15
7.35,813410608.45852,813410608.45852,813410608.45852,235632830.68074,235632830.68074,235632830.68074,1,1,1,394284414.8196,6.861575630044e-05,0.00021625139107144,6.0152993777278e-05,1.0699355675507,267.41073258969,267.41073258969,275.03832145295,275.03832145295,267.41073258969,272.43480682235,272.43480682235,272.43480682235,270.48008790359,270.48008790359,270.48008790359,275.03832145295,0.0032760021149191,2.5276857400603e-28,-1.7768020979176e-28,-0.002714468012833,-0.0032054418003128,-0.0027237079487123,7.7113896479451e-28,-0.0028617325325315,-0.0028690904403715,4.0903807113963e-28,-0.0027592182541528,0.0025986132724101,421.37002779438,421.37002779438,428.99761665764,428.99761665764,421.37002779438,426.39410202705,426.39410202705,426.39410202705,424.43938310828,424.43938310828,424.43938310828,428.99761665764,0.027037408933142,0.087565024732588,0.05663008940733,0.070919818230829,460.9834579312,-0.016614053645855,0.00090248815772407,-0.00063180518014484,460.85764524482,0.004875609822886,-0.016424020599022,0,2.2792478854146e-14,4.5890402035732e-18,0,0,3.8867800436865e-18,3.4000652952216e-18,3.8841191039483e-18,0,3.7491336601691e-18,3.1946408991707e-18,0,4.1273321072618e-18,3.4617162185178e-18,2.3561155603661e-15,0,0,2.3017108017176e-15,2.2272496289582e-15,2.2999207005682e-15,0,2.2604594357234e-15,2.1771531847191e-15,0,2.3136340526642e-15,2.2204422013933e-15
7.4,811344774.62252,811344774.62252,811344774.62252,233566996.84473,233566996.84473,233566996.84473,1,1,1,394476396.88446,6.9118202404627e-05,0.00021772402688412,6.0579985044112e-05,1.0704357004954,267.05313545563,267.05313545563,274.69935528098,274.69935528098,267.05313545563,272.0842424811,272.0842424811,272.0842424811,270.1245235863,270.1245235863,270.1245235863,274.69935528098,0.0032728768651198,2.5701078743138e-28,-2.0506141586215e-28,-0.0027142751296176,-0.0032023586110985,-0.002722802861147,8.14328719624e-28,-0.0028620077260848,-0.0028688213493081,4.3174038709739e-28,-0.002757056762604,0.002596415210446,421.06541382764,421.06541382764,428.71163365299,428.71163365299,421.06541382764,426.09652085311,426.09652085311,426.09652085311,424.13680195831,424.13680195831,424.13680195831,428.71163365299,0.026984625432987,0.088153642182514,0.057025393793974,0.071385391717076,460.62086811778,-0.016862767481343,0.00093946635122931,-0.00063242802845326,460.49471779398,0.0049157176521155,-0.016674327827352,0,2.2855154329457e-14,4.5470322396058e-18,0,0,3.8382170474191e-18,3.3547174687186e-18,3.8374052256443e-18,0,3.7015485869289e-18,3.1512549051468e-18,0,4.079998130276e-18,3.4147838620819e-18,2.3625460350279e-15,0,0,2.3071388603214e-15,2.2319939159004e-15,2.3053476110826e-15,0,2.2656942159368e-15,2.1816097321445e-15,0,2.3194040413545e-15,2.2252714350436e-15
7.45,809306058.06305,809306058.06305,809306058.06305,231528280.28526,231528280.28526,231528280.28526,1,1,1,394661606.46624,6.9618620885473e-05,0.00021919666032478,6.100604279734e-05,1.0709357926571,266.70012798421,266.70012798421,274.36437210355,274.36437210355,266.70012798421,271.7377441862,271.7377441862,271.7377441862,269.77313716465,269.77313716465,269.77313716465,274.36437210355,0.0032697156280465,2.6136195183377e-28,-2.3616647199789e-28,-0.0027140848128833,-0.0031992297374163,-0.0027218858873023,8.5724743043631e-28,-0.0028622845628506,-0.0028685860433544,4.5601306762968e-28,-0.0027549184270023,0.0025942111206857,420.76384824087,420.76384824087,428.42809236021,428.42809236021,420.76384824087,425.80146444286,425.80146444286,425.80146444286,423.83685742132,423.83685742132,423.83685742132,428.42809236021,0.026934513391052,0.088742050791724,0.057420577927133,0.071850748325163,460.26233394893,-0.017096570545368,0.00095985531263483,-0.00064177093593254,460.13586605754,0.004938941413347,-0.016940441930934,0,2.2916594455835e-14,4.5060767366882e-18,0,0,3.7908243717421e-18,3.3105876482744e-18,3.7918385815863e-18,0,3.6550562297287e-18,3.109000589485e-18,0,4.0337758659989e-18,3.3689897105222e-18,2.3689185898621e-15,0,0,2.3124998955605e-15,2.236675793852e-15,2.310710080631e-15,0,2.2708632460281e-15,2.1860065229435e-15,0,2.3251086618918e-15,2.2300359059838e-15
7.5,807293978.43214,807293978.43214,807293978.43214,229516200.65436,229516200.65436,229516200.65436,1,1,1,394840295.04981,7.0117693049213e-05,0.00022066928344817,6.1431711741552e-05,1.0714358441213,266.35163754715,266.35163754715,274.03330949863,274.03330949863,266.35163754715,271.39524938557,271.39524938557,271.39524938557,269.42586520481,269.42586520481,269.42586520481,274.03330949863,0.0032668738805011,2.6653781205214e-28,-2.7103054683746e-28,-0.0027142086827452,-0.0031955748916851,-0.0027208459983978,8.9257899360569e-28,-0.0028632772858974,-0.0028683466210446,4.8345014700728e-28,-0.0027523092069403,0.0025917830824492,420.46530388176,420.46530388176,428.14697583324,428.14697583324,420.46530388176,425.50891572018,425.50891572018,425.50891572018,423.53953153942,423.53953153942,423.53953153942,428.14697583324,0.026884872205343,0.08933024955479,0.057815639301015,0.072315888209837,459.90786493195,-0.017715299494956,0.0012212172914908,-0.00025925796841629,459.78089377101,0.0095158689704657,-0.017218043012055,0,2.2976899503597e-14,4.4680419158207e-18,0,0,3.745762540635e-18,3.2669286741981e-18,3.7492941062398e-18,0,3.6083337827929e-18,3.0664543358788e-18,0,3.9893186656638e-18,3.3227442755456e-18,2.3752373553367e-15,0,0,2.3177972037469e-15,2.2412959286904e-15,2.3160123832054e-15,0,2.2759662006013e-15,2.1903431442537e-15,0,2.3307504104534e-15,2.2347349760025e-15
7.55,805308102.76176,805308102.76176,805308102.76176,227530324.98397,227530324.98397,227530324.98397,1,1,1,395012580.38786,7.0613854969587e-05,0.00022214191540612,6.1855691501037e-05,1.0719358550869,266.00762159579,266.00762159579,273.70609849232,273.70609849232,266.00762159579,271.05667068448,271.05667068448,271.05667068448,269.08267711647,269.08267711647,269.08267711647,273.70609849232,0.0032633176636048,2.6962286500896e-28,-3.1145334558275e-28,-0.0027137441377497,-0.003192882192993,-0.0027200341129989,9.4097172107816e-28,-0.0028628754305374,-0.0028681493175347,5.0979801791242e-28,-0.0027506998225077,0.0025898054564953,420.16978163032,420.16978163032,427.86825852684,427.86825852684,420.16978163032,425.218830719,425.218830719,425.218830719,423.244837151,423.244837151,423.244837151,427.86825852684,0.026816347606843,0.089918231670981,0.058210570162655,0.072780811736406,459.55733466521,-0.01759122520702,0.0010660770617374,-0.00063381969326781,459.43031534679,0.0050119430052643,-0.017402604490429,0,2.3035942165415e-14,4.4271640845969e-18,0,0,3.6993535807037e-18,3.2258002548519e-18,3.7040301194996e-18,0,3.5651727151148e-18,3.0278648958419e-18,0,3.9444303811186e-18,3.2807579839631e-18,2.381498310828e-15,0,0,2.3230288797527e-15,2.2458578991603e-15,2.3212506728358e-15,0,2.2810081162072e-15,2.1946251918545e-15,0,2.3363286773942e-15,2.2393746684383e-15
7.6,803347882.89632,803347882.89632,803347882.89632,225570105.11854,225570105.11854,225570105.11854,1,1,1,395178935.87957,7.1108111789606e-05,0.00022361454103857,6.2278943980892e-05,1.0724358261072,265.66794781947,265.66794781947,273.38269169277,273.38269169277,265.66794781947,270.72199758422,270.72199758422,270.72199758422,268.74344814932,268.74344814932,268.74344814932,273.38269169277,0.003260089344,2.7408210524661e-28,-3.5703564856124e-28,-0.0027135804445047,-0.0031896439583695,-0.0027191143196101,9.84029407149e-28,-0.0028632066434262,-0.0028679738829263,5.3887070988424e-28,-0.0027486011470904,0.0025876095925716,419.87719370895,419.87719370895,427.59193758226,427.59193758226,419.87719370895,424.93124347371,424.93124347371,424.93124347371,422.9526940388,422.9526940388,422.9526940388,427.59193758226,0.026785247892828,0.090505997186832,0.058605368727776,0.073245519066569,459.21081268268,-0.017854154366478,0.0010906023472374,-0.00063469347625781,459.08352540286,0.0050762471261928,-0.017671962707604,0,2.3093831538116e-14,4.3893052485864e-18,0,0,3.6552702040452e-18,3.1850794811141e-18,3.6618046634875e-18,0,3.5218105446037e-18,2.9888733768312e-18,0,3.9013042007388e-18,3.2381712967068e-18,2.3877057258399e-15,0,0,2.3281982124494e-15,2.2503622817597e-15,2.3264292466537e-15,0,2.2859887084435e-15,2.1988520971202e-15,0,2.3418459547058e-15,2.2439541342034e-15
7.65,801412910.28183,801412910.28183,801412910.28183,223635132.50405,223635132.50405,223635132.50405,1,1,1,395339446.39589,7.1600333760153e-05,0.00022508716413828,6.2701284050926e-05,1.0729357574413,265.33257970453,265.33257970453,273.06302271269,273.06302271269,265.33257970453,270.39114345421,270.39114345421,270.39114345421,268.40815051908,268.40815051908,268.40815051908,273.06302271269,0.003256883869112,2.7857162974167e-28,-4.0855022650759e-28,-0.0027134002419302,-0.003186402693903,-0.0027181736296695,1.0259448614922e-27,-0.0028635248853521,-0.0028677850956133,5.6992629305097e-28,-0.0027465259334725,0.0025854363293576,419.5875442549,419.5875442549,427.31798726306,427.31798726306,419.5875442549,424.64610800458,424.64610800458,424.64610800458,422.66311506945,422.66311506945,422.66311506945,427.31798726306,0.026733364381315,0.09109354316132,0.059000031058389,0.073710010414788,458.86819085906,-0.018049934965357,0.0012970558617362,-0.00058540223689322,458.74069739634,0.0049930910774981,-0.017925734644723,0,2.3150594881669e-14,4.3522633587704e-18,0,0,3.6122799431123e-18,3.1454997593692e-18,3.6205704831704e-18,0,3.4794050603087e-18,2.9509532800328e-18,0,3.8590870185371e-18,3.1965878859318e-18,2.3938607557089e-15,0,0,2.333306747736e-15,2.2548106901798e-15,2.3315495065345e-15,0,2.2909093302688e-15,2.2030253752707e-15,0,2.3473035279058e-15,2.248474792145e-15
7.7,799502740.02229,799502740.02229,799502740.02229,221724962.24451,221724962.24451,221724962.24451,1,1,1,395494329.90915,7.2096356685588e-05,0.00022655971849607,6.3127275931694e-05,1.0734356528752,265.00144602363,265.00144602363,272.74703295742,272.74703295742,265.00144602363,270.06405071747,270.06405071747,270.06405071747,268.07672582307,268.07672582307,268.07672582307,272.74703295742,0.0032571429167854,2.8983359083014e-28,-4.6110199586252e-28,-0.002715728061802,-0.003179039999078,-0.0027151047245206,1.0167425865025e-27,-0.0028681229162935,-0.0028680071571535,6.1054589000131e-28,-0.0027412540552091,0.0025823654221814,419.30080239296,419.30080239296,427.04638932675,427.04638932675,419.30080239296,424.3634070868,424.3634070868,424.3634070868,422.3760821924,422.3760821924,422.3760821924,427.04638932675,0.026682161102494,0.091680891190475,0.059394587619531,0.074174285077975,458.52810876547,-0.017132317999795,0.0085607886606616,-0.0024224602761105,458.40214417513,0.039330591245326,-0.015834140643017,0,2.320683245145e-14,4.3299334320584e-18,0,0,3.5781725488655e-18,3.1034059667489e-18,3.5934510379566e-18,0,3.4259848540057e-18,2.9038950427693e-18,0,3.821902769086e-18,3.1434258797064e-18,2.3999842062927e-15,0,0,2.3383670478832e-15,2.2591995689876e-15,2.3366314137281e-15,0,2.2957544045138e-15,2.2071321030239e-15,0,2.3527085146359e-15,2.2529202676564e-15
7.75,797617510.52357,797617510.52357,797617510.52357,219839732.74578,219839732.74578,219839732.74578,1,1,1,395643153.76234,7.2583810330781e-05,0.00022803232127494,6.3546889609261e-05,1.0739355023246,264.67476917652,264.67476917652,272.43460138146,272.43460138146,264.67476917652,269.74059550868,269.74059550868,269.74059550868,267.74935907734,267.74935907734,267.74935907734,272.43460138146,0.0032504190746128,2.8871832097061e-28,-5.3098605248669e-28,-0.0027135012546596,-0.0031792027135057,-0.0027159458575405,1.0940954069094e-27,-0.0028645455492864,-0.0028680034674403,6.4306090063757e-28,-0.0027422449319525,0.0025807665514824,419.01722316491,419.01722316491,426.77705536986,426.77705536986,419.01722316491,424.08304949707,424.08304949707,424.08304949707,422.09181306574,422.09181306574,422.09181306574,426.77705536986,0.026516823237354,0.092267992878549,0.05978896118157,0.07463834500308,458.19450134806,-0.019436066545376,0.00083737710767484,-0.0015412049753206,458.06567867909,0.0099283062621212,-0.019289642238247,0,2.3261478883686e-14,4.2829189026615e-18,0,0,3.5297295851589e-18,3.0687689321723e-18,3.5423443888815e-18,0,3.3962512965311e-18,2.8763706424355e-18,0,3.7787606816438e-18,3.1149554160748e-18,2.4060411682914e-15,0,0,2.343358839334e-15,2.2635394636312e-15,2.3416410452054e-15,0,2.3005574291586e-15,2.2111999053969e-15,0,2.3580524892409e-15,2.257325479852e-15
7.8,795755672.05852,795755672.05852,795755672.05852,217977894.28074,217977894.28074,217977894.28074,1,1,1,395787407.46474,7.3069482729524e-05,0.00022950493475675,6.3966171095717e-05,1.0744353142864,264.3519465368,264.3519465368,272.12578464085,272.12578464085,264.3519465368,269.42083847703,269.42083847703,269.42083847703,267.42550998492,267.42550998492,267.42550998492,272.12578464085,0.0032468895046972,2.937193458085e-28,-6.0726031986794e-28,-0.0027130067698551,-0.0031764960149478,-0.0027153449811278,1.1417844935594e-27,-0.002864487540206,-0.0028674332165808,6.7914163393463e-28,-0.002740470541279,0.0025788636896953,418.73625415034,418.73625415034,426.51009225439,426.51009225439,418.73625415034,423.80514609057,423.80514609057,423.80514609057,421.80981759845,421.80981759845,421.80981759845,426.51009225439,0.026578664429436,0.092854861039726,0.060183188861629,0.075102189789156,457.86346038531,-0.018856888175829,0.0012343817518108,-0.0006428693515249,457.73533902008,0.0052539743853512,-0.018657598974795,0,2.3314994403922e-14,4.2464199888324e-18,0,0,3.4887999298557e-18,3.0327640193537e-18,3.5024430399387e-18,0,3.3579410942717e-18,2.8430440671003e-18,0,3.7381410358536e-18,3.0779918068892e-18,2.4120465130311e-15,0,0,2.3482927475112e-15,2.2678284396389e-15,2.346594247654e-15,0,2.3053062749957e-15,2.215220576875e-15,0,2.3633390189919e-15,2.2616784176102e-15
7.85,793917281.44268,793917281.44268,793917281.44268,216139503.6649,216139503.6649,216139503.6649,1,1,1,395926651.25944,7.3553293486226e-05,0.00023097753693082,6.4384821506853e-05,1.0749350895151,264.03311066033,264.03311066033,271.82048324921,271.82048324921,264.03311066033,269.10467762284,269.10467762284,269.10467762284,267.10534535226,267.10534535226,267.10534535226,271.82048324921,0.0032435973383263,2.9864795274053e-28,-6.9192094837276e-28,-0.0027128911676914,-0.0031731025089493,-0.0027144121768985,1.1833538367503e-27,-0.0028648620273341,-0.0028673268977643,7.1898126387661e-28,-0.0027384632511349,0.0025767458146396,418.45806016245,418.45806016245,426.24543275134,426.24543275134,418.45806016245,423.52962712497,423.52962712497,423.52962712497,421.53029485438,421.53029485438,421.53029485438,426.24543275134,0.026531989622635,0.093441501994744,0.060577267471466,0.075565819462642,457.53615696164,-0.019086763287882,0.0012846743429421,-0.0006372320003306,457.40789331783,0.0052761362197666,-0.018912044340559,0,2.3367490517717e-14,4.2130999524318e-18,0,0,3.4496467356636e-18,2.9971043442188e-18,3.465147475688e-18,0,3.3193133991441e-18,2.808952991674e-18,0,3.6996335108704e-18,3.0401114135343e-18,2.4180047361235e-15,0,0,2.3531712847102e-15,2.2720669852503e-15,2.3514947062097e-15,0,2.3100004930226e-15,2.2191930362919e-15,0,2.3685710908787e-15,2.2659777844023e-15
7.9,792101995.2442,792101995.2442,792101995.2442,214324217.46642,214324217.46642,214324217.46642,1,1,1,396061016.89083,7.4035112210871e-05,0.00023245013217685,6.480263768152e-05,1.0754348271585,263.71824952922,263.71824952922,271.51863267209,271.51863267209,263.71824952922,268.79204797452,268.79204797452,268.79204797452,266.78882497512,266.78882497512,266.78882497512,271.51863267209,0.0032403251746509,3.040872539383e-28,-7.8685460623371e-28,-0.0027127653203173,-0.0031696704093296,-0.0027134463696878,1.2221145487844e-27,-0.002865256812691,-0.0028672564109173,7.621548214414e-28,-0.0027364587055228,0.0025745822434521,418.18266371427,418.18266371427,425.98304685714,425.98304685714,418.18266371427,423.25646215956,423.25646215956,423.25646215956,421.25323916016,421.25323916016,421.25323916016,425.98304685714,0.02647558864787,0.094027911433316,0.060971192562963,0.076029234236951,457.21249849619,-0.0193140514309,0.0012743083045598,-0.00060640495147945,457.08407661569,0.0054104303189442,-0.019224971057484,0,2.3418991968168e-14,4.180530518866e-18,0,0,3.4113876871097e-18,2.9623215150501e-18,3.4287131476089e-18,0,3.2814966128833e-18,2.7756457453309e-18,0,3.6620417373921e-18,3.0030454248145e-18,2.4239168990812e-15,0,0,2.3579957154438e-15,2.276256340513e-15,2.3563436388445e-15,0,2.3146412300374e-15,2.2231183921493e-15,0,2.3737499999697e-15,2.2702247319705e-15
7.95,790309414.25877,790309414.25877,790309414.25877,212531636.48098,212531636.48098,212531636.48098,1,1,1,396190689.78075,7.4514877163568e-05,0.0002339227219825,6.521956235517e-05,1.0759345272542,263.40730010136,263.40730010136,271.22018049092,271.22018049092,263.40730010136,268.48289453188,268.48289453188,268.48289453188,266.47589513145,266.47589513145,266.47589513145,271.22018049092,0.0032369979338413,3.101052754267e-28,-8.9362438231691e-28,-0.0027126587821601,-0.0031662359139573,-0.0027124808027684,1.2574332865461e-27,-0.0028656397521879,-0.0028671770042022,8.0878600115491e-28,-0.0027344773396107,0.0025724434292367,417.9100363235,417.9100363235,425.72291671306,425.72291671306,417.9100363235,422.98563075402,422.98563075402,422.98563075402,420.97863135359,420.97863135359,420.97863135359,425.72291671306,0.026420502966262,0.094614086485818,0.06136496052671,0.076492434362498,456.89246388181,-0.019542913101482,0.0013172120304576,-0.00059687449371371,456.76394080468,0.005426494110654,-0.019450969180973,0,2.3469521497902e-14,4.1486703244687e-18,0,0,3.3739581860414e-18,2.9284467153108e-18,3.3930968877559e-18,0,3.2444174411138e-18,2.7432283288096e-18,0,3.6251237726256e-18,2.9668995983541e-18,2.4297840049198e-15,0,0,2.3627672128694e-15,2.2803977895745e-15,2.3611422024816e-15,0,2.3192295291846e-15,2.2269979028566e-15,0,2.3788766991743e-15,2.2744205616207e-15
8,788539138.76889,788539138.76889,788539138.76889,210761360.99111,210761360.99111,210761360.99111,1,1,1,396315844.03086,7.4993109208173e-05,0.00023539529872975,6.5636020887982e-05,1.0764341898009,263.10019790046,263.10019790046,270.92507215419,270.92507215419,263.10019790046,268.17716396893,268.17716396893,268.17716396893,266.16650158166,266.16650158166,266.16650158166,270.92507215419,0.0032339583926073,3.172141677003e-28,-1.0118704566533e-27,-0.0027127127019502,-0.003162497812463,-0.0027114155127478,1.2809624598792e-27,-0.002866509615764,-0.002867019519684,8.6014246040618e-28,-0.0027321596984157,0.0025701805690628,417.64014718447,417.64014718447,425.4650214382,425.4650214382,417.64014718447,422.71711325294,422.71711325294,422.71711325294,420.70645086567,420.70645086567,420.70645086567,425.4650214382,0.026365964114,0.095200025634925,0.061758569302822,0.076955420020276,456.57596559853,-0.019669372942587,0.0018376724737721,-1.8650834975903e-05,456.44763222717,0.0083163032664335,-0.019219002063541,0,2.3519147056828e-14,4.1185710534165e-18,0,0,3.3383042367818e-18,2.8950296652282e-18,3.3595266196262e-18,0,3.2071801883106e-18,2.7107725667524e-18,0,3.5892132419679e-18,2.9306623510889e-18,2.4356085439612e-15,0,0,2.3674882879964e-15,2.2844919797905e-15,2.3658932905903e-15,0,2.3237651669039e-15,2.230831514185e-15,0,2.3839526132193e-15,2.2785651440644e-15
8.05,786790808.92806,786790808.92806,786790808.92806,209013031.15027,209013031.15027,209013031.15027,1,1,1,396436598.18327,7.5468647337071e-05,0.00023686787670124,6.605105398052e-05,1.0769338158342,262.79689620076,262.79689620076,270.63325235047,270.63325235047,262.79689620076,267.87478717052,267.87478717052,267.87478717052,265.86061582553,265.86061582553,265.86061582553,270.63325235047,0.003230280269235,3.2324136831065e-28,-1.1481861151526e-27,-0.0027124993925977,-0.0031593046755097,-0.0027105161641027,1.3203637656094e-27,-0.0028663972529642,-0.0028670457221127,9.134107290931e-28,-0.0027305751297123,0.002568206203489,417.37298173698,417.37298173698,425.20933788669,425.20933788669,417.37298173698,422.45087270674,422.45087270674,422.45087270674,420.43670136175,420.43670136175,420.43670136175,425.20933788669,0.026301299348364,0.095785725539382,0.062152013312188,0.077418191493934,456.26316625139,-0.020061966369745,0.0014446620275559,-0.00064289113294156,456.13445319529,0.0054633483784248,-0.019898223130829,0,2.3567801998886e-14,4.0870898770149e-18,0,0,3.3015582811559e-18,2.8632790139811e-18,3.3242803695436e-18,0,3.1725306765234e-18,2.6808633073205e-18,0,3.553553456294e-18,2.8971034785972e-18,2.4413885618959e-15,0,0,2.3721573964945e-15,2.288541267805e-15,2.370594532974e-15,0,2.3282518028137e-15,2.2346228274331e-15,0,2.3889780967118e-15,2.2826622670954e-15
8.1,785063984.19893,785063984.19893,785063984.19893,207286206.42114,207286206.42114,207286206.42114,1,1,1,396553207.31711,7.5942274937487e-05,0.00023834044315463,6.6465388677724e-05,1.0774334051138,262.49730385272,262.49730385272,270.34467326354,270.34467326354,262.49730385272,267.5757449167,267.5757449167,267.5757449167,265.55813618936,265.55813618936,265.55813618936,270.34467326354,0.0032269172245561,3.3076700747759e-28,-1.2995139588962e-27,-0.0027124043299107,-0.003155787284046,-0.0027095302796902,1.3500473511983e-27,-0.0028667895139558,-0.0028670316738407,9.7129700000911e-28,-0.0027286432929072,0.002566074083282,417.10848143611,417.10848143611,424.95585084694,424.95585084694,417.10848143611,422.1869225001,422.1869225001,422.1869225001,420.16931377276,420.16931377276,420.16931377276,424.95585084694,0.026257449031472,0.096371183721017,0.062545290258308,0.077880748979407,455.95382422798,-0.02028200942151,0.001343730637244,-0.0006564364375316,455.82503442322,0.0054636753189082,-0.020166914513026,0,2.3615557787147e-14,4.0574042422068e-18,0,0,3.2665662885718e-18,2.8319114843257e-18,3.2910702813379e-18,0,3.1378325715842e-18,2.6508058115338e-18,0,3.5189943627109e-18,2.8633395869422e-18,2.4471265980033e-15,0,0,2.3767770188422e-15,2.2925461954335e-15,2.3752488092006e-15,0,2.3326893681929e-15,2.238371632963e-15,0,2.3939547062655e-15,2.2867116407729e-15
8.15,783358326.09189,783358326.09189,783358326.09189,205580548.3141,205580548.3141,205580548.3141,1,1,1,396665773.14143,7.6417172077228e-05,0.00023981295270981,6.6881946347375e-05,1.0779329605631,262.20137916308,262.20137916308,270.05928393727,270.05928393727,262.20137916308,267.27996797931,267.27996797931,267.27996797931,265.25903650467,265.25903650467,265.25903650467,270.05928393727,0.0032251313446097,3.4539111177104e-28,-1.4628303940517e-27,-0.0027144091930546,-0.0031488703909656,-0.002707602205561,1.3323653789583e-27,-0.0028707301049908,-0.0028676370770263,1.0435593331991e-27,-0.0027242923042101,0.0025630746308483,416.84663468016,416.84663468016,424.70453945434,424.70453945434,416.84663468016,421.92522349639,421.92522349639,421.92522349639,419.90429202175,419.90429202175,419.90429202175,424.70453945434,0.026202804383278,0.096956414875246,0.0629384195656,0.078343092174235,455.64754623389,-0.02167341928054,0.0026528692637569,-0.002179865448952,455.51793790791,0.031480939445764,-0.020714270250861,0,2.36627361519e-14,4.0387279317067e-18,0,0,3.2370318166989e-18,2.798060302871e-18,3.2671606169765e-18,0,3.0966711221908e-18,2.6143539710041e-18,0,3.4889370694332e-18,2.8224939388219e-18,2.452838221819e-15,0,0,2.3813548731392e-15,2.2965032502622e-15,2.3798692720556e-15,0,2.3370687224921e-15,2.2420688878056e-15,0,2.3988888083873e-15,2.2907032499809e-15
8.2,781673717.31315,781673717.31315,781673717.31315,203895939.53537,203895939.53537,203895939.53537,1,1,1,396774003.50772,7.6885948771181e-05,0.00024128552009014,6.7293440240961e-05,1.0784324751761,261.90925929914,261.90925929914,269.77697312922,269.77697312922,261.90925929914,266.98731847225,266.98731847225,266.98731847225,264.96340167871,264.96340167871,264.96340167871,269.77697312922,0.003220209512731,3.4778839897459e-28,-1.6575117137097e-27,-0.0027122043800652,-0.0031488380038207,-0.0027074633058873,1.3926009741041e-27,-0.0028675367426369,-0.0028669183287975,1.1033036522409e-27,-0.002724823024778,0.0025618026569397,416.58760618107,416.58760618107,424.45532001116,424.45532001116,416.58760618107,421.66566535419,421.66566535419,421.66566535419,419.64174856065,419.64174856065,419.64174856065,424.45532001116,0.026042209630231,0.097541380254191,0.063331349302672,0.078805222327423,455.34534667384,-0.020781066975426,0.0015493630389848,-0.00064019220795263,455.21643827211,0.0055664399888477,-0.020608344560435,0,2.3708741032435e-14,3.9994656548146e-18,0,0,3.1987067273172e-18,2.7715659016837e-18,3.2266096770671e-18,0,3.0703565007236e-18,2.5930051068744e-18,0,3.4516833800088e-18,2.7982453849949e-18,2.4584943203903e-15,0,0,2.3858785275751e-15,2.3004228363494e-15,2.3844323872214e-15,0,2.3414108622967e-15,2.245735950795e-15,0,2.4037702258364e-15,2.2946605665552e-15
8.25,780009292.03834,780009292.03834,780009292.03834,202231514.26056,202231514.26056,202231514.26056,1,1,1,396878968.65435,7.7353506839434e-05,0.0002427580621414,6.7705265796763e-05,1.07893195632,261.62048150383,261.62048150383,269.49781487315,269.49781487315,261.62048150383,266.69792604065,266.69792604065,266.69792604065,264.67091177293,264.67091177293,264.67091177293,269.49781487315,0.0032168720397941,3.5610453987205e-28,-1.8709348632289e-27,-0.0027121390467848,-0.003145205843102,-0.0027064686392846,1.4200498904826e-27,-0.0028680001058267,-0.0028669203256994,1.1747355940636e-27,-0.0027229186151751,0.0025597441473741,416.33096684694,416.33096684694,424.20830021626,424.20830021626,416.33096684694,421.40841138376,421.40841138376,421.40841138376,419.38139711604,419.38139711604,419.38139711604,424.20830021626,0.026102674687451,0.098126102462872,0.063724109561263,0.07926713914319,455.04642618141,-0.021170163831198,0.0015748444428662,-0.0006311567131587,454.91731009024,0.0056594852561121,-0.021057899599605,0,2.3753905092824e-14,3.9718604497357e-18,0,0,3.1660418826351e-18,2.7425386289322e-18,3.1957327566879e-18,0,3.0378694710139e-18,2.5652100520241e-18,0,3.4192585179513e-18,2.7665997957739e-18,2.4641113793062e-15,0,0,2.3903559869445e-15,2.3043013716737e-15,2.3889518358276e-15,0,2.3457070585034e-15,2.2493637056409e-15,0,2.4086057876057e-15,2.2985731295081e-15
8.3,778364964.23716,778364964.23716,778364964.23716,200587186.45938,200587186.45938,200587186.45938,1,1,1,396980287.95068,7.7819066701123e-05,0.00024423059535898,6.8116271823945e-05,1.0794314030518,261.3352034491,261.3352034491,269.22169829853,269.22169829853,261.3352034491,266.41164805503,266.41164805503,266.41164805503,264.38165571129,264.38165571129,264.38165571129,269.22169829853,0.0032134991708897,3.6581763261874e-28,-2.1085132994945e-27,-0.0027120663450065,-0.0031416240230215,-0.0027054561747814,1.4412500875032e-27,-0.00286842671693,-0.0028669044156446,1.2512177212717e-27,-0.0027210368593455,0.0025576712518548,416.07689983958,416.07689983958,423.96339468901,423.96339468901,416.07689983958,421.15334444551,421.15334444551,421.15334444551,419.12335210177,419.12335210177,419.12335210177,423.96339468901,0.026041837448326,0.098710575131762,0.064116692466441,0.07972884283255,454.75070698975,-0.0214324470399,0.0015868886490491,-0.00059847864702588,454.62154987257,0.0055922322763249,-0.021311353696979,0,2.3798257267078e-14,3.9447057726662e-18,0,0,3.134021031051e-18,2.7141953103911e-18,3.1654466531971e-18,0,3.005974932026e-18,2.538098148484e-18,0,3.3873601137907e-18,2.7357143467638e-18,2.4696900357094e-15,0,0,2.3947881619914e-15,2.3081398234926e-15,2.3934284534155e-15,0,2.3499581490204e-15,2.2529531184652e-15,0,2.4133962382193e-15,2.30244201384e-15
8.35,776740384.63111,776740384.63111,776740384.63111,198962606.85333,198962606.85333,198962606.85333,1,1,1,397078108.78717,7.8282953242401e-05,0.00024570312440982,6.8526683932656e-05,1.0799308140687,261.0533637686,261.0533637686,268.9485766961,268.9485766961,261.0533637686,266.12843825336,266.12843825336,266.12843825336,264.09558459487,264.09558459487,264.09558459487,268.9485766961,0.0032102226152783,3.7827712015699e-28,-2.3739153254551e-27,-0.0027122537138604,-0.0031376359587318,-0.0027042910967432,1.46014408295e-27,-0.0028690886287089,-0.0028669867741184,1.332134553543e-27,-0.0027189631933167,0.0025556023104075,415.82537106504,415.82537106504,423.72058399254,423.72058399254,415.82537106504,420.9004455498,420.9004455498,420.9004455498,418.86759189131,418.86759189131,418.86759189131,423.72058399254,0.025984762299504,0.099294797026372,0.064509093743373,0.080190333596607,454.45846074383,-0.021911344809335,0.0019363589749012,-0.0015375750900586,454.32893713244,0.0079561628795274,-0.022006793709711,0,2.3841851478654e-14,3.9192561639942e-18,0,0,3.1029909796428e-18,2.686496589131e-18,3.1364811607859e-18,0,2.9740952357643e-18,2.5109611362837e-18,0,3.3565680453105e-18,2.7046577696771e-18,2.475232700931e-15,0,0,2.3991764539187e-15,2.3119391034042e-15,2.3978641076112e-15,0,2.3541641548386e-15,2.2565041537587e-15,0,2.418143142272e-15,2.3062669775395e-15
8.4,775135234.25619,775135234.25619,775135234.25619,197357456.47841,197357456.47841,197357456.47841,1,1,1,397172518.82795,7.8744827357496e-05,0.00024717564277663,6.8936226408566e-05,1.080430191566,260.77492940613,260.77492940613,268.67839139419,268.67839139419,260.77492940613,265.84824858962,265.84824858962,265.84824858962,263.81265728731,263.81265728731,263.81265728731,268.67839139419,0.0032069043006342,3.8941771514728e-28,-2.6682991735981e-27,-0.0027121710052552,-0.0031340576884284,-0.0027032359165919,1.4724601700397e-27,-0.0028695259832439,-0.0028669493903916,1.4202320971981e-27,-0.0027170946186573,0.0025535400633216,415.57637361691,415.57637361691,423.47983560496,423.47983560496,415.57637361691,420.64969280039,420.64969280039,420.64969280039,418.61410149808,418.61410149808,418.61410149808,423.47983560496,0.025916909664553,0.099878765613453,0.064901313282423,0.080651611658378,454.1692893618,-0.022210602570127,0.0021589242188206,-0.001462070923446,454.03969730838,0.0078626228176284,-0.022305874086304,0,2.3884675891958e-14,3.8930822445741e-18,0,0,3.0723410155618e-18,2.6595534869169e-18,3.1074781550452e-18,0,2.9433969797766e-18,2.4851414364735e-18,0,3.3258263439829e-18,2.6751065597828e-18,2.4807383506407e-15,0,0,2.4035214002512e-15,2.3157002800153e-15,2.4022587453629e-15,0,2.3583267467668e-15,2.2600186744826e-15,0,2.4228465709937e-15,2.3100501495171e-15
8.45,773549164.42746,773549164.42746,773549164.42746,195771386.64968,195771386.64968,195771386.64968,1,1,1,397263690.2948,7.9204454080556e-05,0.00024864814092925,6.9344817042436e-05,1.0809295360788,260.49982178793,260.49982178793,268.41110934087,268.41110934087,260.49982178793,265.57103383662,265.57103383662,265.57103383662,263.5328235414,263.5328235414,263.5328235414,268.41110934087,0.0032034015133316,3.9963305758561e-28,-2.9953751319989e-27,-0.0027119089506875,-0.0031307319777529,-0.0027022971232873,1.4806358487411e-27,-0.0028697583081289,-0.0028669208876122,1.5150289955663e-27,-0.0027154327359533,0.0025514646754598,415.32985481829,415.32985481829,423.24114237123,423.24114237123,415.32985481829,420.40106686698,420.40106686698,420.40106686698,418.36285657175,418.36285657175,418.36285657175,423.24114237123,0.025862193258194,0.10046247793998,0.065293348690649,0.081112677252911,453.88305751079,-0.022010038104377,0.001706901533861,-0.00066039732610039,453.75401646836,0.0058446588163543,-0.02188827838847,0,2.392673152187e-14,3.8666432293371e-18,0,0,3.0419578885081e-18,2.6332086871798e-18,3.0785527661484e-18,0,2.9138486242233e-18,2.460418971283e-18,0,3.295392922306e-18,2.6468531094376e-18,2.4862066099365e-15,0,0,2.4078233783533e-15,2.3194241994533e-15,2.4066124764373e-15,0,2.3624475510099e-15,2.2634982323609e-15,0,2.4275069603578e-15,2.3137933650821e-15
8.5,771981843.87243,771981843.87243,771981843.87243,194204066.09465,194204066.09465,194204066.09465,1,1,1,397351773.56523,7.9662221344412e-05,0.00025012063173926,6.9752729033604e-05,1.0814288463648,260.22797525457,260.22797525457,268.146696542,268.146696542,260.22797525457,265.29674869616,265.29674869616,265.29674869616,263.256032303,263.256032303,263.256032303,268.146696542,0.0032000597888869,4.1235064618302e-28,-3.3581140298825e-27,-0.0027118471453705,-0.0031270565778536,-0.0027012135044309,1.4871743581103e-27,-0.0028702153899259,-0.002866908248054,1.6153996807463e-27,-0.0027135762685449,0.0025494217502671,415.08577393947,415.08577393947,423.0044952269,423.0044952269,415.08577393947,420.15454738106,420.15454738106,420.15454738106,418.11383098791,418.11383098791,418.11383098791,423.0044952269,0.025817391458372,0.10104593397573,0.065685195980646,0.081573530588549,453.60018961459,-0.02217618251533,0.0018214387098505,-0.00068122435472,453.47121424539,0.0058460923826334,-0.022086613635743,0,2.3968052708331e-14,3.8416309906801e-18,0,0,3.012591751672e-18,2.6075163553259e-18,3.0508207876272e-18,0,2.8843551372995e-18,2.4358068843164e-18,0,3.2659203776228e-18,2.6184794450665e-18,2.4916394965851e-15,0,0,2.4120838264664e-15,2.3231117844471e-15,2.4109269885715e-15,0,2.3665266451638e-15,2.266942983492e-15,0,2.4321256692495e-15,2.3174964542261e-15
8.55,770432973.23148,770432973.23148,770432973.23148,192655195.4537,192655195.4537,192655195.4537,1,1,1,397436837.38486,8.011807330799e-05,0.00025159310976123,7.0159890074396e-05,1.0819281236855,259.95935568418,259.95935568418,267.88509853126,267.88509853126,259.95935568418,265.02534877984,265.02534877984,265.02534877984,262.98224547505,262.98224547505,262.98224547505,267.88509853126,0.0031966998137441,4.2615066814034e-28,-3.7611770770187e-27,-0.0027118164149296,-0.0031233830954236,-0.0027001277490339,1.4900256473978e-27,-0.0028706752390385,-0.0028669119094062,1.7221115561492e-27,-0.0027117367040358,0.0025473761250273,414.84412073605,414.84412073605,422.76986358313,422.76986358313,414.84412073605,419.91011383172,419.91011383172,419.91011383172,417.86701052692,417.86701052692,417.86701052692,422.76986358313,0.025760391379274,0.10162913173234,0.066076853634298,0.082034171880028,453.32044891437,-0.022553610967488,0.0018489101503895,-0.00063700639093574,453.19137544734,0.0058790845431869,-0.022412656104733,0,2.4008661615327e-14,3.8171317008562e-18,0,0,2.9837876286827e-18,2.5824296160886e-18,3.0236893578892e-18,0,2.8554383826851e-18,2.4117679549745e-18,0,3.2370063120061e-18,2.5907244123491e-18,2.4970377360058e-15,0,0,2.4163035393981e-15,2.326763891434e-15,2.4152031310698e-15,0,2.3705648448511e-15,2.2703537384432e-15,0,2.4367034874774e-15,2.3211602918264e-15
8.6,768902238.1724,768902238.1724,768902238.1724,191124460.39462,191124460.39462,191124460.39462,1,1,1,397518993.66115,8.0577732355826e-05,0.00025306552943292,7.0570527237746e-05,1.0824273560929,259.69391119057,259.69391119057,267.62627175486,267.62627175486,259.69391119057,264.75678855833,264.75678855833,264.75678855833,262.71141903378,262.71141903378,262.71141903378,267.62627175486,0.0031964646765256,4.5646257636035e-28,-4.2052513621931e-27,-0.0027152371462631,-0.0031148600948625,-0.0026963949099296,1.4381321060321e-27,-0.0028748406754347,-0.0028673212219569,1.8460013783638e-27,-0.0027066145657307,0.0025451034561681,414.60486676675,414.60486676675,422.53722733103,422.53722733103,414.60486676675,419.66774413451,419.66774413451,419.66774413451,417.62237460996,417.62237460996,417.62237460996,422.53722733103,0.025704347410055,0.10221208150469,0.066468335167389,0.082494600716435,453.04368932113,-0.019391774121141,0.011947488691694,-0.0056097962982373,452.91845387402,0.041504920013375,-0.018434711351657,0,2.4049019495205e-14,3.8087606478366e-18,0,0,2.9624309665597e-18,2.5562351587364e-18,3.009556223873e-18,0,2.8159454528787e-18,2.3795022789029e-18,0,3.2122171520856e-18,2.5527972720362e-18,2.5024241369698e-15,0,0,2.4204930494486e-15,2.3303789538641e-15,2.4194592862983e-15,0,2.3745471931015e-15,2.2737188628377e-15,0,2.4412462485392e-15,2.3247704923505e-15
8.65,767389787.93262,767389787.93262,767389787.93262,189612010.15483,189612010.15483,189612010.15483,1,1,1,397598065.09552,8.1033939351206e-05,0.00025453786569589,7.0978695639906e-05,1.0829265676447,259.43187197941,259.43187197941,267.37006628735,267.37006628735,259.43187197941,264.49099203714,264.49099203714,264.49099203714,262.44371257679,262.44371257679,262.44371257679,267.37006628735,0.0031931677662748,4.5270601273371e-28,-4.6410616811896e-27,-0.0027124069877464,-0.0031137989200623,-0.0026955158897135,1.4207624048747e-27,-0.0028725754824309,-0.0028680745924226,1.9687408883974e-27,-0.0027072413128264,0.0025429698728232,414.36826087715,414.36826087715,422.30645518508,422.30645518508,414.36826087715,419.42738093488,419.42738093488,419.42738093488,417.38010147453,417.38010147453,417.38010147453,422.30645518508,0.025557027260196,0.10279477926963,0.066859618043736,0.082954818465784,452.76970822023,-0.019172956584302,0.0094532203380352,-0.0029552250555668,452.64436085982,0.022157421555253,-0.019565759052545,0,2.4088547890206e-14,3.7764433848797e-18,0,0,2.9324019473264e-18,2.5340423678855e-18,2.9777065806232e-18,0,2.7926042152357e-18,2.3595642824243e-18,0,3.1822832143172e-18,2.5300772742855e-18,2.5077648344223e-15,0,0,2.4246400920528e-15,2.3339626309484e-15,2.4236703993294e-15,0,2.378496531857e-15,2.2770557906472e-15,0,2.4457466766202e-15,2.3283485619457e-15
8.7,765894877.68266,765894877.68266,765894877.68266,188117099.90488,188117099.90488,188117099.90488,1,1,1,397674795.48114,8.1483729039635e-05,0.00025601031045189,7.1383573519661e-05,1.083425751489,259.1728188051,259.1728188051,267.11664539945,267.11664539945,259.1728188051,264.22800103539,264.22800103539,264.22800103539,262.17881729893,262.17881729893,262.17881729893,267.11664539945,0.0031870156112522,4.6363491030831e-28,-5.2388947080212e-27,-0.0027119436641913,-0.00311158425692,-0.0026960909878001,1.4670902227054e-27,-0.0028722617476259,-0.002867840978016,2.0814715032615e-27,-0.0027063105526168,0.0025411886375901,414.13390976767,414.13390976767,422.07773636202,422.07773636202,414.13390976767,419.18909199797,419.18909199797,419.18909199797,417.1399082615,417.1399082615,417.1399082615,422.07773636202,0.025615534423348,0.1033772015635,0.067250696233907,0.083414824362217,452.50004087905,-0.023728271971277,0.0028707128361184,-0.0036646538011485,452.37000145064,0.010361722570766,-0.024724715311794,0,2.4127122563988e-14,3.7478098137382e-18,0,0,2.9015268439485e-18,2.5111516594081e-18,2.9462260896336e-18,0,2.7709217530794e-18,2.3415990561287e-18,0,3.1543344323102e-18,2.5091678934791e-18,2.5130650378901e-15,0,0,2.4287434706671e-15,2.3375139356823e-15,2.4278369922232e-15,0,2.3824152069805e-15,2.28036731179e-15,0,2.4502075791546e-15,2.3318970612109e-15
8.75,764416781.71576,764416781.71576,764416781.71576,186639003.93797,186639003.93797,186639003.93797,1,1,1,397748850.99699,8.193170532299e-05,0.00025748273295808,7.1787635612258e-05,1.0839248982057,258.91664754199,258.91664754199,266.86586090496,266.86586090496,258.91664754199,263.96770844837,263.96770844837,263.96770844837,261.91661261699,261.91661261699,261.91661261699,266.86586090496,0.0031833370621799,4.8730582165491e-28,-5.8395411165483e-27,-0.0027116861311791,-0.0031084986896969,-0.0026954979951272,1.466353844057e-27,-0.0028724454505485,-0.0028671067458141,2.2204344479222e-27,-0.0027045968648058,0.0025392183150245,413.90173513482,413.90173513482,421.85094849779,421.85094849779,413.90173513482,418.9527960412,418.9527960412,418.9527960412,416.90170020982,416.90170020982,416.90170020982,421.85094849779,0.025537517995353,0.10395934100798,0.067641565283514,0.083874619687691,452.23209672003,-0.022720728084374,0.0023641062784761,-0.0010053305360585,452.103776965,0.0065527470178038,-0.022850107249712,0,2.4185821032666e-14,3.7231991444239e-18,0,0,2.8743701493827e-18,2.4882420417445e-18,2.9204190377363e-18,0,2.7454540235191e-18,2.3210510167745e-18,0,3.1267452636943e-18,2.4852709249865e-18,2.5183304366155e-15,0,0,2.4328084439157e-15,2.3410328413242e-15,2.4319670884342e-15,0,2.3862978652954e-15,2.2836497736169e-15,0,2.4546294647126e-15,2.3354117650592e-15
8.8,762955579.47127,762955579.47127,762955579.47127,185177801.69348,185177801.69348,185177801.69348,1,1,1,397820422.34158,8.2377921463366e-05,0.00025895514748451,7.2191081449217e-05,1.0844240171718,258.66340343982,258.66340343982,266.61769832281,266.61769832281,258.66340343982,263.71008072242,263.71008072242,263.71008072242,261.65719647539,261.65719647539,261.65719647539,266.61769832281,0.0031798239172133,5.0720627487824e-28,-6.5012848482131e-27,-0.0027116669389471,-0.0031048877010992,-0.0026945685265381,1.4523191101703e-27,-0.0028729793131053,-0.0028670025698953,2.3560474155899e-27,-0.0027027768485038,0.0025372844795766,413.67179884942,413.67179884942,421.62609373242,421.62609373242,413.67179884942,418.71847613202,418.71847613202,418.71847613202,416.66559188499,416.66559188499,416.66559188499,421.62609373242,0.025491761240964,0.10454122001935,0.068032240534111,0.084334204049214,451.96715377504,-0.023688588392231,0.0020471665633043,-0.00065067637188367,451.83827641357,0.0060950045165203,-0.023546739084092,0,2.4263950766133e-14,3.7007116151857e-18,0,0,2.8481890477204e-18,2.4658239331304e-18,2.8958011600119e-18,0,2.7194110285264e-18,2.2998781764691e-18,0,3.1002354317002e-18,2.4605270054962e-18,2.5235640331721e-15,0,0,2.4368363914952e-15,2.3445200429729e-15,2.4360623697086e-15,0,2.3901436932536e-15,2.2869022925259e-15,0,2.4590138597067e-15,2.338891475721e-15
8.85,761511041.47504,761511041.47504,761511041.47504,183733263.69725,183733263.69725,183733263.69725,1,1,1,397889554.17521,8.2822255194284e-05,0.00026042754710203,7.2593852677626e-05,1.084923103889,258.4130851017,258.4130851017,266.37210279465,266.37210279465,258.4130851017,263.45508047548,263.45508047548,263.45508047548,261.40053368839,261.40053368839,261.40053368839,266.37210279465,0.0031764870019809,5.2684901307436e-28,-7.2215559963363e-27,-0.0027115073922118,-0.0031012750482925,-0.00269346764344,1.4366838070436e-27,-0.0028733852858772,-0.0028669311567582,2.5004394366514e-27,-0.0027010233558067,0.0025353086350066,413.44411968108,413.44411968108,421.40313737403,421.40313737403,413.44411968108,418.48611505486,418.48611505486,418.48611505486,416.43156826777,416.43156826777,416.43156826777,421.40313737403,0.025430398279831,0.10512282924362,0.068422712590118,0.084793577635312,451.70511864515,-0.024102961504625,0.0020193892857083,-0.00033256184395508,451.57611056351,0.0051596454513813,-0.023955935036227,0,2.4341807262762e-14,3.6785095636273e-18,0,0,2.8226495610579e-18,2.4440940594299e-18,2.8716588068452e-18,0,2.69399338123e-18,2.2792309663505e-18,0,3.0742590829303e-18,2.4361969651973e-18,2.5287662312863e-15,0,0,2.4408282207862e-15,2.3479765139394e-15,2.4401235085398e-15,0,2.3939535752303e-15,2.2901256118703e-15,0,2.463361518596e-15,2.3423367785097e-15
8.9,760082911.12394,760082911.12394,760082911.12394,182305133.34616,182305133.34616,182305133.34616,1,1,1,397956354.77657,8.3264920843859e-05,0.00026189992950044,7.2996037493358e-05,1.0854221588442,258.16564883116,258.16564883116,266.12904135547,266.12904135547,258.16564883116,263.2026731341,263.2026731341,263.2026731341,261.14658536372,261.14658536372,261.14658536372,266.12904135547,0.0031731325188516,5.4791905418544e-28,-8.0132384082813e-27,-0.0027116050445393,-0.0030972939890348,-0.0026922828511508,1.4110500212904e-27,-0.0028739605415586,-0.0028670028006444,2.6515091424237e-27,-0.0026991901580852,0.0025333333733804,413.21867311314,413.21867311314,421.18206563745,421.18206563745,413.21867311314,418.25569741608,418.25569741608,418.25569741608,416.1996096457,416.1996096457,416.1996096457,421.18206563745,0.02537677107919,0.10570416794721,0.068812980190088,0.0852527406901,451.44589347248,-0.02408706997965,0.0019222865222228,-0.00065397474984888,451.3171722925,0.0060847945501912,-0.02396638261435,0,2.4419449001129e-14,3.6574004607079e-18,0,0,2.7976479970692e-18,2.4226861201736e-18,2.8484503611137e-18,0,2.6684961861797e-18,2.2585522491585e-18,0,3.0490338715833e-18,2.4118784198174e-18,2.5339385766209e-15,0,0,2.4447846925264e-15,2.351402709508e-15,2.4441518256722e-15,0,2.3977273987279e-15,2.2933196870924e-15,0,2.4676735036493e-15,2.3457476896818e-15
8.95,758670931.20393,758670931.20393,758670931.20393,180893153.42615,180893153.42615,180893153.42615,1,1,1,398020891.94351,8.3705873672063e-05,0.0002633722991463,7.3397585050729e-05,1.0859211833554,257.92106633809,257.92106633809,265.8884674134,265.8884674134,257.92106633809,262.95281711131,262.95281711131,262.95281711131,260.89531622598,260.89531622598,260.89531622598,265.8884674134,0.0031698968710724,5.7029101731051e-28,-8.8764538195406e-27,-0.0027115476176546,-0.0030935108166678,-0.0026911000602562,1.3836280502776e-27,-0.002874498692239,-0.0028669783818639,2.8082356390052e-27,-0.0026973829034971,0.0025313479982783,412.99544974072,412.99544974072,420.96285081604,420.96285081604,412.99544974072,418.02720051395,418.02720051395,418.02720051395,415.96969962862,415.96969962862,415.96969962862,420.96285081604,0.02531734213207,0.10628523607347,0.06920304285967,0.085711693397822,451.18951291412,-0.024210869749201,0.00209494633907,-0.00058325626384394,451.06092230517,0.0061237862535386,-0.024150387559929,0,2.4496863510942e-14,3.6362293613811e-18,0,0,2.7731702042503e-18,2.4018867816944e-18,2.8254927074914e-18,0,2.6436823489079e-18,2.2385433039536e-18,0,3.0240863905842e-18,2.3882217744974e-18,2.5390809814997e-15,0,0,2.4487065474401e-15,2.3547994903699e-15,2.4481476757795e-15,0,2.4014661301604e-15,2.2964854653928e-15,0,2.4719502076367e-15,2.3491251453053e-15
9,757274832.38332,757274832.38332,757274832.38332,179497054.60554,179497054.60554,179497054.60554,1,1,1,398083255.99352,8.4144996513911e-05,0.00026484465264308,7.3798438860523e-05,1.0864201783123,257.67928272036,257.67928272036,265.65034881284,265.65034881284,257.67928272036,262.70547499245,262.70547499245,262.70547499245,260.64668838552,260.64668838552,260.64668838552,265.65034881284,0.0031665190574571,5.9339992074998e-28,-9.81459113244e-27,-0.0027115420077076,-0.0030897251698592,-0.0026899444205815,1.3501309611096e-27,-0.0028749821117253,-0.0028669942901174,2.9706293047736e-27,-0.0026956412719598,0.0025294031978634,412.77441313867,412.77441313867,420.74547923114,420.74547923114,412.77441313867,417.80060541076,417.80060541076,417.80060541076,415.74181880383,415.74181880383,415.74181880383,420.74547923114,0.025261678574839,0.10686603156621,0.069592901485561,0.08617043601943,450.93584024641,-0.024502622125103,0.0019921068495489,-0.00065536057000803,450.8072781427,0.0059867609789545,-0.024374110507306,0,2.4574042085717e-14,3.6153881081469e-18,0,0,2.749046638869e-18,2.381542024352e-18,2.8029110003306e-18,0,2.6193053414616e-18,2.2189965192916e-18,0,2.9994879840609e-18,2.36514287762e-18,2.5441939123955e-15,0,0,2.4525942864804e-15,2.3581674994001e-15,2.4521115905303e-15,0,2.4051703872983e-15,2.2996236003652e-15,0,2.4761921242239e-15,2.3524699624398e-15
9.05,755894350.45121,755894350.45121,755894350.45121,178116572.67343,178116572.67343,178116572.67343,1,1,1,398143526.46016,8.4582423908092e-05,0.0002663169920385,7.419867907076e-05,1.0869191437074,257.44025407244,257.44025407244,265.41464735614,265.41464735614,257.44025407244,262.46060946598,262.46060946598,262.46060946598,260.40066132698,260.40066132698,260.40066132698,265.41464735614,0.0031632536452909,6.1850210387245e-28,-1.0837896185211e-26,-0.0027115327454056,-0.003085907414733,-0.002688750274425,1.3129831072621e-27,-0.002875533087523,-0.002866955623397,3.1387377935477e-27,-0.0026938417400777,0.0025274573590106,412.55553728734,412.55553728734,420.52993057103,420.52993057103,412.55553728734,417.57589268087,417.57589268087,417.57589268087,415.51594454187,415.51594454187,415.51594454187,420.52993057103,0.025232937886471,0.10744655335999,0.069982552598576,0.086628968737167,450.68486123582,-0.024771455247473,0.0021842015499657,-0.000641454585854,450.55632166456,0.0061207646365721,-0.024632293055317,0,2.4651006766958e-14,3.5949253530487e-18,0,0,2.7254838382644e-18,2.3616560555748e-18,2.7808591277981e-18,0,2.5952915435849e-18,2.1998373045098e-18,0,2.9753400279918e-18,2.3424024626845e-18,2.5492779045855e-15,0,0,2.4564487026885e-15,2.3615073854236e-15,2.4560443192239e-15,0,2.4088406837975e-15,2.3027346401163e-15,0,2.4803998904442e-15,2.355782619771e-15
9.1,754529237.95678,754529237.95678,754529237.95678,176751460.179,176751460.179,176751460.179,1,1,1,398201774.0051,8.5018130632134e-05,0.00026778931471299,7.4598301169023e-05,1.0874180798001,257.20393795076,257.20393795076,265.18132740468,265.18132740468,257.20393795076,262.21818347595,262.21818347595,262.21818347595,260.15720204847,260.15720204847,260.15720204847,265.18132740468,0.0031599662881222,6.446431724178e-28,-1.1946384649384e-26,-0.002711516774779,-0.003082079962503,-0.0026875516250653,1.2714057002678e-27,-0.0028760698030227,-0.0028669460718011,3.3110153301933e-27,-0.0026920738194807,0.0025255094086725,412.33879704199,412.33879704199,420.31618649591,420.31618649591,412.33879704199,417.35304256718,417.35304256718,417.35304256718,415.2920611397,415.2920611397,415.2920611397,420.31618649591,0.025220389545012,0.10802679984006,0.070371993337544,0.087087291769812,450.43653639694,-0.02499923004248,0.0022182838857833,-0.00064156352420148,450.3080541716,0.0061531154814658,-0.024861259539331,0,2.4727759596119e-14,3.5747429400445e-18,0,0,2.7023302804303e-18,2.3421971155402e-18,2.7591900084494e-18,0,2.5717641064278e-18,2.1810881963917e-18,0,2.951624665547e-18,2.3201298709441e-18,2.5543333545333e-15,0,0,2.4602703748211e-15,2.3648197523501e-15,2.459946403155e-15,0,2.412477707476e-15,2.3058191646244e-15,0,2.4845741180772e-15,2.359063778901e-15
9.15,753179247.06215,753179247.06215,753179247.06215,175401469.28437,175401469.28437,175401469.28437,1,1,1,398258072.77639,8.5452142167777e-05,0.00026926162069255,7.4997319424145e-05,1.0879169870011,256.970292668,256.970292668,264.95035447367,264.95035447367,256.970292668,261.97816052374,261.97816052374,261.97816052374,259.91627355809,259.91627355809,259.91627355809,264.95035447367,0.003156687911256,6.7223679277799e-28,-1.314614480349e-26,-0.0027115039195428,-0.0030782428141434,-0.0026863434846661,1.2252254917792e-27,-0.0028766140796846,-0.0028669316928944,3.4871899798696e-27,-0.0026903104486381,0.0025235701573625,412.1241675093,412.1241675093,420.10422931496,420.10422931496,412.1241675093,417.13203536504,417.13203536504,417.13203536504,415.07014839938,415.07014839938,415.07014839938,420.10422931496,0.025207601496982,0.10860676986335,0.070761222315364,0.087545405331231,450.19082768605,-0.025226300373777,0.0022511047747552,-0.00064174785197994,450.0624028687,0.0061852180134012,-0.025089472360965,0,2.480430724164e-14,3.554857840661e-18,0,0,2.679609108468e-18,2.3231627152765e-18,2.7379314001794e-18,0,2.5486523187075e-18,2.1627371702006e-18,0,2.9283063832532e-18,2.2982803302182e-18,2.5593606827038e-15,0,0,2.4640599143641e-15,2.3681052005697e-15,2.463818422874e-15,0,2.4160820461509e-15,2.3088777368623e-15,0,2.4887153686792e-15,2.3623140381141e-15
9.2,751844135.70633,751844135.70633,751844135.70633,174066357.92855,174066357.92855,174066357.92855,1,1,1,398312491.90428,8.5884477829119e-05,0.00027073390957568,7.5395745773536e-05,1.0884158656751,256.73927691917,256.73927691917,264.72169414733,264.72169414733,256.73927691917,261.74050500549,261.74050500549,261.74050500549,259.67784077552,259.67784077552,259.67784077552,264.72169414733,0.0031534186600179,7.0134152795866e-28,-1.4441880262887e-26,-0.0027114933920844,-0.0030743960831616,-0.0026851259136661,1.174412890912e-27,-0.0028771658994483,-0.0028669116701706,3.6666369791542e-27,-0.0026885511080286,0.0025216395129035,411.91162369481,411.91162369481,419.89404092297,419.89404092297,411.91162369481,416.91285178114,416.91285178114,416.91285178114,414.85018755117,414.85018755117,414.85018755117,419.89404092297,0.025194007359429,0.10918646222729,0.071150238124816,0.088003309634833,449.947694189,-0.025452727573582,0.0022838209080738,-0.000641941148109,449.81932629946,0.0062175484234085,-0.02531695354157,0,2.4880656176806e-14,3.5352584942313e-18,0,0,2.6573081832873e-18,2.3045396796634e-18,2.7170715065839e-18,0,2.5259449580788e-18,2.1447714817006e-18,0,2.9053734504305e-18,2.2768415270088e-18,2.5643602932129e-15,0,0,2.4678179156363e-15,2.3713643118397e-15,2.4676609422485e-15,0,2.4196542717685e-15,2.3119109017799e-15,0,2.4928241872166e-15,2.365533978281e-15
9.25,750523666.92158,750523666.92158,750523666.92158,172745889.14379,172745889.14379,172745889.14379,1,1,1,398365097.94908,8.6315705831386e-05,0.00027220615759893,7.5794183020789e-05,1.0889147148983,256.51085016286,256.51085016286,264.49531267519,264.49531267519,256.51085016286,261.50518199556,261.50518199556,261.50518199556,259.44186928014,259.44186928014,259.44186928014,264.49531267519,0.0031503027309103,7.3251359832447e-28,-1.5788854246995e-26,-0.0027117453861104,-0.0030699869297692,-0.0026838017288969,1.1120857687018e-27,-0.0028782891854642,-0.0028670879154746,3.8326317141872e-27,-0.0026864669974604,0.002519476570791,411.70114088386,411.70114088386,419.68560339619,419.68560339619,411.70114088386,416.69547271656,416.69547271656,416.69547271656,414.63216000114,414.63216000114,414.63216000114,419.68560339619,0.025179622503711,0.10976587584427,0.071539038906952,0.088461004861879,449.70718113475,-0.025668441897888,0.0016361716063264,-0.00043800233277748,449.5789802946,0.0098987094050003,-0.025305551175511,0,2.4956870983471e-14,3.5173712536177e-18,0,0,2.6362144323154e-18,2.2857964013645e-18,2.6977657552341e-18,0,2.503010828976e-18,2.1261597022849e-18,0,2.8834983676196e-18,2.2549301782498e-18,2.5693346073436e-15,0,0,2.4715460858398e-15,2.3745969161113e-15,2.4714761591677e-15,0,2.4231940636296e-15,2.3149177456667e-15,0,2.4969020697151e-15,2.3687229311213e-15
9.3,749217619.98959,749217619.98959,749217619.98959,171439842.2118,171439842.2118,171439842.2118,1,1,1,398415936.10674,8.6744621979029e-05,0.00027367841830869,7.6191265021641e-05,1.0894135382398,256.2849962434,256.2849962434,264.27117064076,264.27117064076,256.2849962434,261.27213579263,261.27213579263,261.27213579263,259.20833984458,259.20833984458,259.20833984458,264.27117064076,0.0031469130577003,7.628422134139e-28,-1.733054994901e-26,-0.0027114981465417,-0.003066701966312,-0.0026826584842327,1.0579750424286e-27,-0.0028782714743931,-0.0028668457415524,4.03433311969e-27,-0.0026850536877725,0.002517805772333,411.49271802045,411.49271802045,419.4788924178,419.4788924178,411.49271802045,416.47985756967,416.47985756967,416.47985756967,414.41606162162,414.41606162162,414.41606162162,419.4788924178,0.025166307910643,0.11034500981937,0.071927624745515,0.088918491269188,449.46902398804,-0.025902138828953,0.0023391107748711,-0.00064240073371351,449.34076884219,0.0062805717821244,-0.025765637886706,0,2.5032835379237e-14,3.4967472287815e-18,0,0,2.6138900810511e-18,2.2684920625413e-18,2.6764380642695e-18,0,2.4816935173612e-18,2.1099750062188e-18,0,2.8606276011908e-18,2.235189920528e-18,2.5742797546988e-15,0,0,2.475242684643e-15,2.3778050483523e-15,2.475261214177e-15,0,2.4267037082595e-15,2.3179017009367e-15,0,2.5009476080656e-15,2.3718839670214e-15
9.35,747925741.48419,747925741.48419,747925741.48419,170147963.70641,170147963.70641,170147963.70641,1,1,1,398465108.44851,8.7172030355733e-05,0.00027515065402206,7.6587971646496e-05,1.0899123335666,256.06162705054,256.06162705054,264.04924792874,264.04924792874,256.06162705054,261.04137608444,261.04137608444,261.04137608444,258.97718911614,258.97718911614,258.97718911614,264.04924792874,0.0031436663264418,7.9740085475589e-28,-1.8947294287051e-26,-0.0027114789553303,-0.0030628175441127,-0.0026814188233986,9.9395324536114e-28,-0.0028788537298182,-0.0028668043440258,4.2183794413184e-27,-0.0026832998224011,0.0025159013883699,411.28628247691,411.28628247691,419.27390335512,419.27390335512,411.28628247691,416.26603151081,416.26603151081,416.26603151081,414.20184454251,414.20184454251,414.20184454251,419.27390335512,0.025147894461884,0.11092386231686,0.072315993161472,0.089375769084117,449.23336870909,-0.026125848180289,0.0023762027728263,-0.00064212466581612,449.10516693937,0.0063083392816155,-0.02599199685389,0,2.5108620661589e-14,3.4779840858604e-18,0,0,2.592784641596e-18,2.2510351048051e-18,2.6567252210342e-18,0,2.4601535825376e-18,2.0930920976152e-18,0,2.8387762042078e-18,2.2149060872313e-18,2.5791983669627e-15,0,0,2.4789094358475e-15,2.3809884927269e-15,2.4790183910161e-15,0,2.4301828908214e-15,2.3208617801685e-15,0,2.5049622438742e-15,2.3750163172493e-15
9.4,746647825.33902,746647825.33902,746647825.33902,168870047.56124,168870047.56124,168870047.56124,1,1,1,398512652.12173,8.7597856216726e-05,0.00027662287157172,7.6984182650535e-05,1.0904111012402,255.8407302426,255.8407302426,263.82950690002,263.82950690002,255.8407302426,260.81284786056,260.81284786056,260.81284786056,258.74840059372,258.74840059372,258.74840059372,263.82950690002,0.0031404853991887,8.336716951077e-28,-2.067468825147e-26,-0.0027114795890391,-0.0030588732577266,-0.0026801525064187,9.2442945498071e-28,-0.0028794782365085,-0.0028667581979238,4.4048753137149e-27,-0.0026815103800772,0.0025140050526885,411.08183602335,411.08183602335,419.07061268077,419.07061268077,411.08183602335,416.05395364132,416.05395364132,416.05395364132,413.98950637447,413.98950637447,413.98950637447,419.07061268077,0.025131491507731,0.11150243259155,0.072704143325273,0.089832838469587,449.00018515108,-0.026204975264445,0.0025255550947889,-0.00067695145463962,448.87209495148,0.006637444694227,-0.026238399002782,0,2.5184241877968e-14,3.4595188789402e-18,0,0,2.5721449935312e-18,2.233943477724e-18,2.6374241772128e-18,0,2.4389374228888e-18,2.0764849352405e-18,0,2.8173912999444e-18,2.1949069892862e-18,2.5840908654806e-15,0,0,2.4825469981817e-15,2.3841477658907e-15,2.4827482720573e-15,0,2.4336320692026e-15,2.3237983733259e-15,0,2.508946636861e-15,2.3781203844817e-15
9.45,745383652.24917,745383652.24917,745383652.24917,167605874.47139,167605874.47139,167605874.47139,1,1,1,398558623.17991,8.8024950404954e-05,0.00027809504140921,7.738259519605e-05,1.0909098362955,255.62226871146,255.62226871146,263.61191500316,263.61191500316,255.62226871146,260.58651815018,260.58651815018,260.58651815018,258.5219430182,258.5219430182,258.5219430182,263.61191500316,0.0031385184533399,8.7713505502185e-28,-2.2288376867219e-26,-0.0027129756832159,-0.0030519136317464,-0.0026784666925224,8.0207579033053e-28,-0.0028832905983059,-0.0028670912481192,4.5990718165629e-27,-0.0026775395863079,0.0025112974813301,410.87935560562,410.87935560562,418.86900189731,418.86900189731,410.87935560562,415.84360504434,415.84360504434,415.84360504434,413.77902991236,413.77902991236,413.77902991236,418.86900189731,0.025113700166138,0.1120807237244,0.073092077403676,0.090289700056512,448.76939539596,-0.025244315466312,0.0030393312594203,-0.00085177401974447,448.64258584068,0.027854208794421,-0.025145835058217,0,2.5260101475836e-14,3.4490289446495e-18,0,0,2.554620357263e-18,2.2145978911508e-18,2.6244494129251e-18,0,2.4132797902198e-18,2.0551910763418e-18,0,2.7991753888919e-18,2.1701051030965e-18,2.5889685289911e-15,0,0,2.4861597769376e-15,2.3872796802635e-15,2.4864598040108e-15,0,2.4370449622118e-15,2.3267048524194e-15,0,2.5129052686595e-15,2.3811893765503e-15
9.5,744133123.38923,744133123.38923,744133123.38923,166355345.61145,166355345.61145,166355345.61145,1,1,1,398602913.60666,8.8447999687736e-05,0.00027956717754665,7.7777932163541e-05,1.0914085503866,255.40632438329,255.40632438329,263.39639744591,263.39639744591,255.40632438329,260.36227707047,260.36227707047,260.36227707047,258.29788112601,258.29788112601,258.29788112601,263.39639744591,0.0031342517102591,9.1046067767078e-28,-2.4298139065979e-26,-0.0027122803491134,-0.0030498619760563,-0.0026774437625967,7.7526297692011e-28,-0.0028819453876048,-0.0028670327271099,4.7660136019581e-27,-0.0026773334811314,0.0025096621556485,410.67893600891,410.67893600891,418.66900907153,418.66900907153,410.67893600891,415.63488869609,415.63488869609,415.63488869609,413.57049275163,413.57049275163,413.57049275163,418.66900907153,0.025091226993768,0.11265872744021,0.073479786164826,0.090746352940664,448.54117119401,-0.02645837873272,0.00083599799569354,-0.00038103823844948,448.41381472178,0.015597449508661,-0.025505240931048,0,2.5335524015666e-14,3.4260778930475e-18,0,0,2.5330588377549e-18,2.1994442531481e-18,2.6021319021233e-18,0,2.3961482406752e-18,2.0422355740347e-18,0,2.777033232555e-18,2.154561221528e-18,2.5938137348132e-15,0,0,2.4897420631003e-15,2.390390164156e-15,2.4901397742378e-15,0,2.4404336275512e-15,2.3295930096657e-15,0,2.5168325867201e-15,2.3842363862507e-15
9.55,742895788.88219,742895788.88219,742895788.88219,165118011.10441,165118011.10441,165118011.10441,1,1,1,398645878.697,8.8868813571028e-05,0.00028103935037428,7.8172027175608e-05,1.0919072418688,255.19266146956,255.19266146956,263.18299529062,263.18299529062,255.19266146956,260.14020219644,260.14020219644,260.14020219644,258.07601330533,258.07601330533,258.07601330533,263.18299529062,0.0031308144350318,9.472934160004e-28,-2.6549742938512e-26,-0.0027114892165599,-0.003047404005351,-0.0026763430076338,6.9073689952556e-28,-0.002881127250697,-0.0028665515743031,4.9413040620635e-27,-0.0026763937440889,0.0025083747694991,410.48035604453,410.48035604453,418.47068986559,418.47068986559,410.48035604453,415.4278967714,415.4278967714,415.4278967714,413.3637078803,413.3637078803,413.3637078803,418.47068986559,0.025086843615578,0.11323644782023,0.073867277952524,0.091202798355194,448.31483801197,-0.0270241046134,0.0024821049846949,-0.00065049124507029,448.18680567842,0.0064987657069693,-0.026892626776127,0,2.5410621623097e-14,3.4046166469956e-18,0,0,2.5118401512299e-18,2.184804332736e-18,2.580940945791e-18,0,2.3775823031595e-18,2.0289509804158e-18,0,2.7547197107942e-18,2.1375947692578e-18,2.5986285898501e-15,0,0,2.4932943415087e-15,2.3934799440745e-15,2.4937897759271e-15,0,2.44379603669e-15,2.3324623796596e-15,0,2.5207283486957e-15,2.3872594017643e-15
9.6,741671563.62225,741671563.62225,741671563.62225,163893785.84447,163893785.84447,163893785.84447,1,1,1,398687482.17897,8.9288334285729e-05,0.00028251148961657,7.8566055503556e-05,1.0924059054141,254.98127317823,254.98127317823,262.97167337203,262.97167337203,254.98127317823,259.92028407509,259.92028407509,259.92028407509,257.85635253672,257.85635253672,257.85635253672,262.97167337203,0.0031275902541785,9.9089081013338e-28,-2.878562144657e-26,-0.0027114537957318,-0.0030434523920946,-0.0026750774639836,6.0593993813153e-28,-0.0028817549910227,-0.0028664575259707,5.1182975192509e-27,-0.0026746377549836,0.002506525942493,410.28362156671,410.28362156671,418.27402176051,418.27402176051,410.28362156671,415.22263246357,415.22263246357,415.22263246357,413.1587009252,413.1587009252,413.1587009252,418.27402176051,0.02508230475356,0.11381387999032,0.074254545446793,0.091659036280875,448.09086831888,-0.027237312224645,0.0025239385429562,-0.00064590174861639,447.96288649238,0.0064920935445565,-0.027108094354411,0,2.548556429481e-14,3.3870420851184e-18,0,0,2.4925364535245e-18,2.1690729477123e-18,2.5629428771346e-18,0,2.3578139166598e-18,2.0136891291148e-18,0,2.7344689718659e-18,2.1190293162488e-18,2.6034185907032e-15,0,0,2.496819320366e-15,2.3965474764549e-15,2.4974143245035e-15,0,2.4471304891085e-15,2.3353101661364e-15,0,2.5245954718016e-15,2.3902561617624e-15
9.65,740460258.81374,740460258.81374,740460258.81374,162682481.03596,162682481.03596,162682481.03596,1,1,1,398727718.14798,8.9706389949516e-05,0.00028398360836419,7.8959618061689e-05,1.092904542678,254.77217682703,254.77217682703,262.7623833355,262.7623833355,254.77217682703,259.70244209761,259.70244209761,259.70244209761,257.63890047524,257.63890047524,257.63890047524,262.7623833355,0.0031244182669114,1.0357226730285e-27,-3.113790591108e-26,-0.002711448559287,-0.0030395133172246,-0.0026737826745532,5.1552110470564e-28,-0.0028823887336487,-0.00286636050712,5.2915368803054e-27,-0.0026728782202999,0.0025046811104548,410.08876183201,410.08876183201,418.07896834047,418.07896834047,410.08876183201,415.01902710259,415.01902710259,415.01902710259,412.95548548022,412.95548548022,412.95548548022,418.07896834047,0.025081150323545,0.11439102545269,0.074641589902625,0.092115066856076,447.86923971088,-0.027444965934641,0.0026323636779994,-0.00068217968023264,447.74129585728,0.006602978786695,-0.027336445290742,0,2.5560357927557e-14,3.3696652239419e-18,0,0,2.4735727181119e-18,2.1536398581731e-18,2.5452622639119e-18,0,2.3382999376235e-18,1.9986754255203e-18,0,2.7145601505685e-18,2.1007647952012e-18,2.6081840169636e-15,0,0,2.5003174804514e-15,2.3995931831508e-15,2.5010138689169e-15,0,2.4504373445931e-15,2.33813672003e-15,0,2.5284344395824e-15,2.3932270918271e-15
9.7,739261674.01452,739261674.01452,739261674.01452,161483896.23674,161483896.23674,161483896.23674,1,1,1,398766636.95592,9.0123007568564e-05,0.00028545570555349,7.9352710521498e-05,1.0934031548156,254.56533703196,254.56533703196,262.55509568439,262.55509568439,254.56533703196,259.48664664813,259.48664664813,259.48664664813,257.42362751442,257.42362751442,257.42362751442,262.55509568439,0.0031212714008752,1.0786314256115e-27,-3.3623678304564e-26,-0.0027114226477021,-0.0030355912334161,-0.0026724899907048,4.2181773826114e-28,-0.0028830450057086,-0.0028662590908445,5.4594683430823e-27,-0.0026711473197986,0.0025028096484283,409.89575361137,409.89575361137,417.88551226379,417.88551226379,409.89575361137,414.81706322753,414.81706322753,414.81706322753,412.75404409382,412.75404409382,412.75404409382,417.88551226379,0.025077487979267,0.11496788384199,0.075028410381195,0.092570890298077,447.64987130073,-0.027893554111549,0.0025841641338221,-0.00059412086963465,447.52174542549,0.0065873843140792,-0.027751867504234,0,2.5634998080995e-14,3.3523164946918e-18,0,0,2.4548845190212e-18,2.1384680020114e-18,2.527823251462e-18,0,2.3191446577403e-18,1.9839649693e-18,0,2.6949549981948e-18,2.0828887452952e-18,2.6129249084157e-15,0,0,2.5037892114323e-15,2.402617433602e-15,2.5045887508424e-15,0,2.4537171104212e-15,2.3409424701968e-15,0,2.5322456814908e-15,2.3961727413396e-15
9.75,738075613.12848,738075613.12848,738075613.12848,160297835.35069,160297835.35069,160297835.35069,1,1,1,398804286.96632,9.0538125137684e-05,0.00028692778207275,7.9745328671508e-05,1.0939017421412,254.36071879548,254.36071879548,262.34978397074,262.34978397074,254.36071879548,259.27286696914,259.27286696914,259.27286696914,257.21050407875,257.21050407875,257.21050407875,262.34978397074,0.0031180763054512,1.1275469431319e-27,-3.6197501709127e-26,-0.0027114354268238,-0.0030316732536835,-0.0026712026605807,3.3024019491924e-28,-0.0028836734966412,-0.0028661418912806,5.6153530659601e-27,-0.0026694057262495,0.0025009977586975,409.70457366752,409.70457366752,417.69363884278,417.69363884278,409.70457366752,414.61672184118,414.61672184118,414.61672184118,412.55435895079,412.55435895079,412.55435895079,417.69363884278,0.025073371107701,0.11554445338901,0.075415006537745,0.093026506793768,447.43255588033,-0.027887593124632,0.0026040870943392,-0.00064493236651112,447.30467217735,0.006568747198879,-0.027758209973092,0,2.5709497251458e-14,3.3351006615195e-18,0,0,2.4365135145556e-18,2.1236120511534e-18,2.5106095029016e-18,0,2.300264095951e-18,1.9695087907987e-18,0,2.6756074020562e-18,2.0652762672135e-18,2.6176414530031e-15,0,0,2.5072349618895e-15,2.4056206745659e-15,2.5081392888512e-15,0,2.4569701751028e-15,2.34372777624e-15,0,2.5360295617664e-15,2.3990934830468e-15
9.8,736901891.1225,736901891.1225,736901891.1225,159124113.34471,159124113.34471,159124113.34471,1,1,1,398840709.92086,9.0957898617527e-05,0.00028839974070139,8.0142464617383e-05,1.09440029764,254.15828898275,254.15828898275,262.1464196221,262.1464196221,254.15828898275,259.06107816168,259.06107816168,259.06107816168,256.99950190803,256.99950190803,256.99950190803,262.1464196221,0.0031187256578428,1.1885630697105e-27,-3.8535957702841e-26,-0.0027134583544194,-0.0030237304843245,-0.0026672100245492,1.3717324713951e-28,-0.0028875979929565,-0.0028663764674517,5.7917269780654e-27,-0.0026650503494099,0.0024989428566799,409.51520026521,409.51520026521,417.50333090457,417.50333090457,409.51520026521,414.41798944415,414.41798944415,414.41798944415,412.35641319049,412.35641319049,412.35641319049,417.50333090457,0.025070562561575,0.11612075842808,0.075801403123764,0.093481916859009,447.21745949675,-0.027082268072974,0.013820044295176,-0.0031079842329768,447.09090454631,0.033080193033865,-0.026471392639583,0,2.5784554954e-14,3.3284126101259e-18,0,0,2.424591530696e-18,2.1085024674313e-18,2.5028205344899e-18,0,2.2735290775825e-18,1.9497992543121e-18,0,2.6588252754489e-18,2.0404505987545e-18,2.6223485392575e-15,0,0,2.5106638521154e-15,2.4086025473517e-15,2.5116788115953e-15,0,2.4601854307587e-15,2.3464852087893e-15,0,2.5397897085309e-15,2.4019791159569e-15
9.85,735740592.99711,735740592.99711,735740592.99711,157962815.21932,157962815.21932,157962815.21932,1,1,1,398875908.28714,9.1369141266525e-05,0.00028987192914564,8.053290557191e-05,1.0948988397582,253.95820133197,253.95820133197,261.94490190191,261.94490190191,253.95820133197,258.85119940218,258.85119940218,258.85119940218,256.79075500185,256.79075500185,256.79075500185,261.94490190191,0.0031121373098342,1.2176476612221e-27,-4.1663624151903e-26,-0.0027115625223787,-0.0030235824680425,-0.0026685114445309,1.2125674227237e-28,-0.0028855137326368,-0.0028658580081157,5.9128118200647e-27,-0.0026655414025454,0.0024972174316199,409.32779701327,409.32779701327,417.31449758321,417.31449758321,409.32779701327,414.22079508348,414.22079508348,414.22079508348,412.16035068316,412.16035068316,412.16035068316,417.31449758321,0.024867981999319,0.11669675048545,0.076187544087626,0.093937119822092,447.00478128418,-0.028891370299792,0.00363171144729,-0.00045249782349427,446.87597838539,0.0098589834545978,-0.029509412512749,0,2.5858815184976e-14,3.3011867776521e-18,0,0,2.4011083645289e-18,2.0947424296755e-18,2.4774014434398e-18,0,2.2626185799898e-18,1.9409773433977e-18,0,2.6379442535169e-18,2.0303279759342e-18,2.6270171223704e-15,0,0,2.5140595321292e-15,2.4115649605054e-15,2.5151823863161e-15,0,2.463385256641e-15,2.3492301652726e-15,0,2.543520325071e-15,2.4048504333165e-15
9.9,734590972.49327,734590972.49327,734590972.49327,156813194.71549,156813194.71549,156813194.71549,1,1,1,398909979.98496,9.1779734819249e-05,0.00029134403436222,8.0923993053632e-05,1.095397354276,253.76004629819,253.76004629819,261.74534406048,261.74534406048,253.76004629819,258.64329742692,258.64329742692,258.64329742692,256.58391966251,256.58391966251,256.58391966251,261.74534406048,0.0031085960647567,1.27172778819e-27,-4.4716690053463e-26,-0.0027114676903468,-0.0030199402850453,-0.0026672488592655,4.4115000816739e-29,-0.0028855704894343,-0.0028657754989705,6.0497678600815e-27,-0.002664249087766,0.0024954966077787,409.14196778329,409.14196778329,417.12726554559,417.12726554559,409.14196778329,414.02521891203,414.02521891203,414.02521891203,411.96584114762,411.96584114762,411.96584114762,417.12726554559,0.025063393637187,0.11727244865818,0.076573459576536,0.094392116798172,446.79364402758,-0.028550504144653,0.0027024831718734,-0.00065727396877401,446.66578538148,0.0067597368359757,-0.028428991428649,0,2.5932855329209e-14,3.283976556217e-18,0,0,2.3830570025958e-18,2.0808059541814e-18,2.4603665811457e-18,0,2.2453964785644e-18,1.9277258794971e-18,0,2.6192338973227e-18,2.0143760890067e-18,2.6316613665547e-15,0,0,2.5174296836622e-15,2.4145076645065e-15,2.5186618701035e-15,0,2.4665607267939e-15,2.351956381356e-15,0,2.5472244811716e-15,2.4076991913013e-15
9.95,733453154.20209,733453154.20209,733453154.20209,155675376.4243,155675376.4243,155675376.4243,1,1,1,398942983.90983,9.2189112346479e-05,0.00029281612217522,8.1314773122016e-05,1.0958958451237,253.56398202974,253.56398202974,261.54766410914,261.54766410914,253.56398202974,258.43731281164,258.43731281164,258.43731281164,256.37911285855,256.37911285855,256.37911285855,261.54766410914,0.0031054907105172,1.3238338748846e-27,-4.7847472831234e-26,-0.0027114537525316,-0.0030159975443952,-0.0026659495939603,-4.6146484596608e-29,-0.0028862626368117,-0.0028655775124573,6.1687030714574e-27,-0.0026624945123551,0.0024937121813406,408.95787937725,408.95787937725,416.94156145666,416.94156145666,408.95787937725,413.83121015916,413.83121015916,413.83121015916,411.77301020606,411.77301020606,411.77301020606,416.94156145666,0.025059896129578,0.11784785758228,0.076959148615921,0.094846907707486,446.58480224712,-0.028751991997647,0.0027082048048899,-0.00064847336284208,446.45696505723,0.0067121985537898,-0.028624006432843,0,2.6006764187052e-14,3.2674820924674e-18,0,0,2.3658649476814e-18,2.0670138327917e-18,2.4443247796468e-18,0,2.2277628325505e-18,1.914302481284e-18,0,2.6010056656495e-18,1.9979070546512e-18,2.6362822840447e-15,0,0,2.520775521958e-15,2.4174308635024e-15,2.5221186673577e-15,0,2.4697112592055e-15,2.3546636138875e-15,0,2.5509028586598e-15,2.4105246585544e-15
10,732326956.69001,732326956.69001,732326956.69001,154549178.91223,154549178.91223,154549178.91223,1,1,1,398974920.96978,9.2597158182596e-05,0.00029428818355944,8.1705149926282e-05,1.0963943125353,253.36997963952,253.36997963952,261.35182850688,261.35182850688,253.36997963952,258.23320966924,258.23320966924,258.23320966924,256.17631946795,256.17631946795,256.17631946795,261.35182850688,0.003102402704934,1.3755841432034e-27,-5.1091924068748e-26,-0.002711448267416,-0.0030120478315604,-0.0026646278118467,-1.3387998736707e-28,-0.002886963307408,-0.0028653860961028,6.2770173388464e-27,-0.0026607400365019,0.0024919207582605,408.77551323234,408.77551323234,416.7573620997,416.7573620997,408.77551323234,413.63874326206,413.63874326206,413.63874326206,411.58185306077,411.58185306077,411.58185306077,416.7573620997,0.025049406458058,0.11842297507607,0.077344610008189,0.095301492731476,446.37798726802,-0.028959823085108,0.002729322556744,-0.0006473861514773,446.2501538885,0.0067310259733153,-0.028830756875665,0,2.6080543487046e-14,3.2510858853336e-18,0,0,2.3489463638188e-18,2.0534709008322e-18,2.4285096198893e-18,0,2.2103271829993e-18,1.901076534158e-18,0,2.5830215312978e-18,1.9816953198767e-18,2.6408800137962e-15,0,0,2.524097433763e-15,2.4203349099003e-15,2.5255530985985e-15,0,2.4728371338849e-15,2.3573521421052e-15,0,2.5545558027413e-15,2.4133271989522e-15
