time,H_1,H_2,H_3,Hs_1,Hs_2,Hs_3,cry_1,cry_2,cry_3,disloc_density,disp_x,disp_y,disp_z,fp_yy,gd_0,gd_1,gd_10,gd_11,gd_2,gd_3,gd_4,gd_5,gd_6,gd_7,gd_8,gd_9,slip_increment_0,slip_increment_1,slip_increment_10,slip_increment_11,slip_increment_2,slip_increment_3,slip_increment_4,slip_increment_5,slip_increment_6,slip_increment_7,slip_increment_8,slip_increment_9,slip_resistance_0,slip_resistance_1,slip_resistance_10,slip_resistance_11,slip_resistance_2,slip_resistance_3,slip_resistance_4,slip_resistance_5,slip_resistance_6,slip_resistance_7,slip_resistance_8,slip_resistance_9,sliprate,strain_eff,strain_shear,strain_yy,stress_vm,stress_xx,stress_xy,stress_xz,stress_yy,stress_yz,stress_zz,surface_react_y,total_twin_volume,twin_slip_increment_0,twin_slip_increment_1,twin_slip_increment_10,twin_slip_increment_11,twin_slip_increment_2,twin_slip_increment_3,twin_slip_increment_4,twin_slip_increment_5,twin_slip_increment_6,twin_slip_increment_7,twin_slip_increment_8,twin_slip_increment_9,twin_twin_system_volume_fraction_0,twin_twin_system_volume_fraction_1,twin_twin_system_volume_fraction_10,twin_twin_system_volume_fraction_11,twin_twin_system_volume_fraction_2,twin_twin_system_volume_fraction_3,twin_twin_system_volume_fraction_4,twin_twin_system_volume_fraction_5,twin_twin_system_volume_fraction_6,twin_twin_system_volume_fraction_7,twin_twin_system_volume_fraction_8,twin_twin_system_volume_fraction_9
0.05,1733333333.3334,1733333333.3334,1733333333.3334,1155555555.5556,1155555555.5556,1155555555.5556,1,1,1,20000000,2.7478808777091e-07,1.4683332190497e-06,2.7196323230013e-07,1,396.83236659,396.83236659,396.86998783179,396.86998783179,396.83236659,397.04591765507,397.04591765507,397.04591765507,397.65725152399,397.65725152399,397.65725152399,396.86998783179,2.0153828149392e-52,4.2289361682784e-206,2.421009069344e-205,-1.9961428155349e-52,-1.9990004617754e-52,-1.9345744935336e-52,-1.8282823125709e-207,-1.9486682461331e-52,-1.813040602589e-52,-1.7108503851397e-205,-1.8267383803874e-52,2.0148458886582e-52,435.55489555804,435.55489555804,435.59251679982,435.59251679982,435.55489555804,435.76844662311,435.76844662311,435.76844662311,436.37978049203,436.37978049203,436.37978049203,435.59251679982,0,0.00056170609530836,0.00034053619386639,0.00049987487523467,69.547800462307,-0.00033693919424486,0.011499652434359,-0.0010305310902914,69.547002725177,-0.00035838158120637,-0.0012431704139319,0,1.8675773807105e-34,1.5060214815672e-35,0,0,1.5214534973464e-35,1.5226628897734e-35,1.5150988286998e-35,0,1.5017941074072e-35,1.5166171411223e-35,0,1.502373134143e-35,1.505751151066e-35,2.2841072432962e-35,0,0,2.3075125453271e-35,2.30934680146e-35,2.2978746104821e-35,0,2.277695732168e-35,2.3001774168818e-35,0,2.2785738903659e-35,2.2836972959907e-35
0.1,1733333333.3334,1733333333.3334,1733333333.3334,1155555555.5556,1155555555.5556,1155555555.5556,1,1,1,20000000,5.493001531678e-07,2.9366346451515e-06,5.4407931688279e-07,1,396.83236659,396.83236659,396.86998783179,396.86998783179,396.83236659,397.04591765507,397.04591765507,397.04591765507,397.65725152399,397.65725152399,397.65725152399,396.86998783179,2.2875952896511e-37,3.8493990021656e-206,1.9969077205262e-205,-2.2755241111947e-37,-2.2782658750329e-37,-2.2150116540502e-37,-1.543027374778e-207,-2.2230312683512e-37,-2.0739749242937e-37,-1.2489418579153e-205,-2.0817537997186e-37,2.2861546791123e-37,435.55489555804,435.55489555804,435.59251679982,435.59251679982,435.55489555804,435.76844662311,435.76844662311,435.76844662311,436.37978049203,436.37978049203,436.37978049203,435.59251679982,1.6618042631341e-51,0.0011232893134043,0.0006810064285993,0.0009995000004995,139.25014462132,-0.00029403172486258,0.011493741711729,-0.0010223677931715,139.24938508056,-0.00035697078044577,-0.0012173704115916,0,1.4547936043252e-27,1.2718691015113e-28,0,0,1.2783667058823e-28,1.2788716416789e-28,1.2756898118017e-28,0,1.2700997661782e-28,1.2763237481411e-28,0,1.2703440549411e-28,1.2717537600704e-28,1.7986947613313e-28,0,0,1.8078837638962e-28,1.8085978511314e-28,1.8040980630186e-28,0,1.7961925426657e-28,1.8049945846177e-28,0,1.7965380192352e-28,1.7985316438603e-28
0.15,1733333333.3334,1733333333.3334,1733333333.3334,1155555555.5556,1155555555.5556,1155555555.5556,1,1,1,20000000,8.2353570874764e-07,4.4049052911222e-06,8.1633081972704e-07,1,396.83236659,396.83236659,396.86998783179,396.86998783179,396.83236659,397.04591765507,397.04591765507,397.04591765507,397.65725152399,397.65725152399,397.65725152399,396.86998783179,1.4710009002719e-28,4.7458585412594e-256,3.0936291678374e-258,-1.4689844121411e-28,-1.4708800316949e-28,-1.4362031334946e-28,-1.7881133707795e-255,-1.4362870142208e-28,-1.3434343996559e-28,-2.6435328776066e-259,-1.3437242698662e-28,1.4693582189438e-28,435.55489555804,435.55489555804,435.59251679982,435.59251679982,435.55489555804,435.76844662311,435.76844662311,435.76844662311,436.37978049203,436.37978049203,436.37978049203,435.59251679982,1.8597201945851e-36,0.001684750366887,0.001021412847009,0.0014988756252322,209.10734335465,-1.2829118000441e-05,0.00065813886019043,0.00014548745435967,209.10730296396,-0.00035858854521166,-6.7920428442484e-05,0,4.8219244725292e-24,4.2573072775077e-25,0,0,4.2584408489378e-25,4.2586132989057e-25,4.2579604216923e-25,0,4.2576637906512e-25,4.2584242514894e-25,0,4.2572534709799e-25,4.2580089818436e-25,6.0225403858025e-25,0,0,6.0241526868953e-25,6.024397282066e-25,6.0234694744681e-25,0,6.0230420693064e-25,6.0241263253794e-25,0,6.0224621351389e-25,6.0235325824735e-25
0.2,1733333333.3334,1733333333.3334,1733333333.3334,1155555555.5556,1155555555.5556,1155555555.5556,1,1,1,20000000,1.0985150479358e-06,5.8732334011496e-06,1.088829099788e-06,1,396.83236659,396.83236659,396.86998783179,396.86998783179,396.83236659,397.04591765507,397.04591765507,397.04591765507,397.65725152399,397.65725152399,397.65725152399,396.86998783179,2.6344028894135e-22,1.0039567814487e-211,1.3009270572151e-209,-2.6252266558627e-22,-2.6315877496382e-22,-2.5651484824346e-22,3.2083284237776e-213,-2.5679305526108e-22,-2.3986428440852e-22,-1.3009483178294e-214,-2.4028313693393e-22,2.6299598428851e-22,435.55489555804,435.55489555804,435.59251679982,435.59251679982,435.55489555804,435.76844662311,435.76844662311,435.76844662311,436.37978049203,436.37978049203,436.37978049203,435.59251679982,1.1937194984225e-27,0.0022460934936969,0.0013618039430735,0.0019980019984957,279.12025258329,-0.00073533865714922,0.0081138565026555,0.0015262503410735,279.11944545538,-0.0020487896834177,-0.00087684682234441,0,1.5384687358145e-21,1.3480935182513e-22,0,0,1.3509741688664e-22,1.3510725499135e-22,1.3499532258035e-22,0,1.3482424727387e-22,1.3504465224587e-22,0,1.3475512961186e-22,1.3491799342433e-22,1.9125146772441e-22,0,0,1.9165901447135e-22,1.9167295211198e-22,1.9151456299751e-22,0,1.9127258323839e-22,1.915843913646e-22,0,1.9117477810995e-22,1.914052093671e-22
0.25,1733333333.3334,1733333333.3334,1733333333.3334,1155555555.5556,1155555555.5556,1155555555.5556,1,1,1,20000000,1.3734551483029e-06,7.3415257247499e-06,1.3614659891523e-06,1,396.83236659,396.83236659,396.86998783179,396.86998783179,396.83236659,397.04591765507,397.04591765507,397.04591765507,397.65725152399,397.65725152399,397.65725152399,396.86998783179,1.8674214779088e-17,1.7509653898421e-221,4.4800372060013e-214,-1.8625969394893e-17,-1.8668252095088e-17,-1.8210820734958e-17,2.415910882804e-215,-1.8218943447176e-17,-1.7028922395551e-17,-4.4698222465531e-218,-1.7047579020938e-17,1.8644826975506e-17,435.55489555804,435.55489555804,435.59251679982,435.59251679982,435.55489555804,435.76844662311,435.76844662311,435.76844662311,436.37978049203,436.37978049203,436.37978049203,435.59251679982,2.1340568252932e-21,0.0028073150367691,0.0017021338358674,0.0024968793689881,349.28848570722,-0.00086575152905868,0.0051601808271727,0.0017565628788268,349.2877692415,-0.0024293356725439,-0.00056620060535223,0,1.3496215126035e-19,1.1755442016055e-20,0,0,1.1769223868893e-20,1.1770102865018e-20,1.1764741641153e-20,0,1.1758647163355e-20,1.1768881227203e-20,0,1.1753006944724e-20,1.1764344709198e-20,1.681595699852e-20,0,0,1.6835855028465e-20,1.6837112054347e-20,1.6829371749732e-20,0,1.6820510876815e-20,1.6835295836833e-20,0,1.6812436598005e-20,1.6828701049547e-20
0.3,1733333333.3334,1733333333.3334,1733333333.3334,1155555555.5556,1155555555.5556,1155555555.5556,1,1,1,20000000,1.6486474615985e-06,8.8098268996538e-06,1.6342543523486e-06,1,396.83236659,396.83236659,396.86998783179,396.86998783179,396.83236659,397.04591765507,397.04591765507,397.04591765507,397.65725152399,397.65725152399,397.65725152399,396.86998783179,1.7199893834491e-13,3.2909695234531e-218,5.9351919991268e-218,-1.7172132444578e-13,-1.7189716000382e-13,-1.6776339198763e-13,4.8164605951634e-221,-1.6784749079978e-13,-1.5698219874394e-13,-5.38981853528e-221,-1.5708579411493e-13,1.7186142440537e-13,435.55489555804,435.55489555804,435.59251679982,435.59251679982,435.55489555804,435.76844662311,435.76844662311,435.76844662311,436.37978049203,436.37978049203,436.37978049203,435.59251679982,1.5132157538705e-16,0.0033684150056957,0.0020424154134583,0.002995507985024,419.61223944596,0.00069506395105429,0.0055094521518528,-0.00078617056647113,419.61271551825,-0.00080031778839253,0.00025784457839058,0,5.2719764720026e-18,4.5306662906291e-19,0,0,4.5343312560144e-19,4.5350155948525e-19,4.5326907370147e-19,0,4.529938037876e-19,4.5337164099424e-19,0,4.5299392367436e-19,4.5310065302587e-19,6.5754892847794e-19,0,0,6.5808713088324e-19,6.5818516803574e-19,6.5784864318264e-19,0,6.5745049186421e-19,6.5799961932623e-19,0,6.5744258713089e-19,6.5760978967885e-19
0.35,1733333333.3328,1733333333.3328,1733333333.3328,1155555555.555,1155555555.555,1155555555.555,1,1,1,20000000.000363,1.9241989394415e-06,1.0278141970638e-05,1.9072792352745e-06,1.0000000000615,396.83236658994,396.83236658994,396.86998783173,396.86998783173,396.83236658994,397.04591765501,397.04591765501,397.04591765501,397.65725152394,397.65725152394,397.65725152394,396.86998783173,3.8774390798964e-10,1.9709112443826e-208,5.9856410458606e-205,-3.8681692912566e-10,-3.8742644395972e-10,-3.7782447408648e-10,-4.5744066585531e-208,-3.7815879240352e-10,-3.5348759140964e-10,-2.3679098760195e-211,-3.5394314398381e-10,3.8733303564385e-10,435.55489555827,435.55489555827,435.59251680006,435.59251680006,435.55489555827,435.76844662334,435.76844662334,435.76844662334,436.37978049226,436.37978049226,436.37978049226,435.59251680006,1.3934984935468e-12,0.0039293994983761,0.0023826633530303,0.0034938880945516,490.0926497622,-0.00042087770984108,0.010808588561514,-7.5396765257474e-05,490.09220312387,-0.0021807621977501,-0.00047048860117701,0,1.180647664911e-16,9.9345284410422e-18,0,0,9.9484796281438e-18,9.9502991847971e-18,9.9431805639303e-18,0,9.9328050408275e-18,9.9467554839614e-18,0,9.9311115744165e-18,9.9379781195556e-18,1.4707093785581e-17,0,0,1.4727361945997e-17,1.4730033224846e-17,1.4719629449817e-17,0,1.470455809301e-17,1.4724836126353e-17,0,1.4702155265111e-17,1.4712033228921e-17
0.4,1733333332.1142,1733333332.1142,1733333332.1142,1155555554.3364,1155555554.3364,1155555554.3364,1,1,1,20000000.818753,2.1995256127735e-06,1.1746414458309e-05,2.1804722895257e-06,1.0000000494453,396.83236644743,396.83236644743,396.86998768921,396.86998768921,396.83236644743,397.04591751519,397.04591751519,397.04591751519,397.65725139001,397.65725139001,397.65725139001,396.86998768921,3.1106655709066e-07,7.1006671777359e-247,3.8000673079023e-247,-3.1069041862454e-07,-3.11031825807e-07,-3.0371803634937e-07,-1.6789194157301e-245,-3.037447147915e-07,-2.8412737831051e-07,-7.2259422260668e-247,-2.8417024642884e-07,3.107532854918e-07,435.55489607719,435.55489607719,435.59251731896,435.59251731896,435.55489607719,435.76844714495,435.76844714495,435.76844714495,436.37978101976,436.37978101976,436.37978101976,435.59251731896,3.142694732742e-09,0.0044902669862379,0.0027228444657291,0.003992019945153,560.72198751566,0.00017430609622133,0.0015955488197779,-6.6030421511703e-05,560.72206370112,-0.00042857081917238,-2.1895534929136e-05,0,1.7512995069464e-15,1.4430073128934e-16,0,0,1.4432970751484e-16,1.4433476913617e-16,1.4431631960371e-16,0,1.4430152822319e-16,1.4432575453829e-16,0,1.4429784236539e-16,1.4430879070366e-16,2.1877914503531e-16,0,0,2.1884039176682e-16,2.188502212592e-16,2.1881372590516e-16,0,2.1877773637742e-16,2.1883227559413e-16,0,2.1877012095942e-16,2.1879548221169e-16
0.45,1733332353.5114,1733332353.5114,1733332353.5114,1155554575.7336,1155554575.7336,1155554575.7336,1,1,1,20000657.900143,2.4786208754733e-06,1.3214819533588e-05,2.4578301482425e-06,1.0000152637481,396.83225205889,396.83225205889,396.86987327519,396.86987327519,396.83225205889,397.04580518969,397.04580518969,397.04580518969,397.65714381585,397.65714381585,397.65714381585,396.86987327519,9.5813912028912e-05,-1.6351455970509e-166,1.6486562223088e-169,-9.5686320627626e-05,-9.5817547609527e-05,-9.3576946937402e-05,-5.0051722588827e-170,-9.3598239959373e-05,-8.755235457893e-05,1.1361781950693e-169,-8.7570612034712e-05,9.5718462255778e-05,435.55531282359,435.55531282359,435.59293403989,435.59293403989,435.55531282359,435.76886595438,435.76886595438,435.76886595438,436.38020458054,436.38020458054,436.38020458054,435.59293403989,2.5232577659838e-06,0.0050523281174205,0.0030642692606513,0.0044899037837931,629.34899372002,0.00020170213365269,0.0019862090145177,-0.0001314999738146,629.34905722963,-7.3271012718907e-05,-7.3572309920826e-06,0,1.7996201091761e-14,1.4285644905226e-15,0,0,1.428817429534e-15,1.4288471501486e-15,1.4287066950662e-15,0,1.4285320463382e-15,1.4287465313858e-15,0,1.4285194434804e-15,1.4285872908002e-15,2.239074422257e-15,0,0,2.2394933787688e-15,2.2395452395575e-15,2.239310110721e-15,0,2.2390271305936e-15,2.2393849974734e-15,0,2.2390016920431e-15,2.2391230038952e-15
0.5,1733030854.1641,1733030854.1641,1733030854.1641,1155253076.3864,1155253076.3864,1155253076.3864,1,1,1,20202605.181523,2.8088185895369e-06,1.4684912661159e-05,2.7941249835013e-06,1.0002586805419,396.79701180486,396.79701180486,396.83462793759,396.83462793759,396.79701180486,397.01119397367,397.01119397367,397.01119397367,397.62399504654,397.62399504654,397.62399504654,396.83462793759,0.0015326711043647,-3.5676003071794e-122,-4.9415540331362e-126,-0.0015261679323333,-0.0015349407934391,-0.0014979829706342,4.3722767176061e-123,-0.0014984621053648,-0.0014000713277259,3.1079586396974e-122,-0.0014019929131878,0.0015296143387859,435.68330906781,435.68330906781,435.72092520054,435.72092520054,435.68330906781,435.89749123663,435.89749123663,435.89749123663,436.5102923095,436.5102923095,436.5102923095,435.72092520054,0.00077548785896025,0.0056341276273138,0.003424494743165,0.0049875397950151,665.5740739331,-0.0013291394849637,0.0092913219849829,0.0024041480635084,665.57029820338,-0.0039887592911023,-0.0027247535978884,0,6.8424036759392e-14,4.3376418135883e-15,0,0,4.3408346444799e-15,4.3418811031311e-15,4.3395946072044e-15,0,4.3410807271256e-15,4.3411793400821e-15,0,4.3377141899632e-15,4.3416612179801e-15,8.3734263037502e-15,0,0,8.3783606050113e-15,8.379892381817e-15,8.3764236594305e-15,0,8.378242370251e-15,8.3787396969114e-15,0,8.3734559291873e-15,8.379159181592e-15
0.55,1728208247.7897,1728208247.7897,1728208247.7897,1150430470.0119,1150430470.0119,1150430470.0119,1,1,1,23517557.28287,3.181564083125e-06,1.6156322190683e-05,3.179164058905e-06,1.0006987266164,396.23265746533,396.23265746533,396.27117804068,396.27117804068,396.23265746533,396.45689250918,396.45689250918,396.45689250918,397.09332784503,397.09332784503,397.09332784503,396.27117804068,0.002767003949881,-1.6974651971526e-112,-4.1429410415075e-116,-0.0027554374690012,-0.002775833726302,-0.0027103072687799,1.6389968738845e-113,-0.0027087784411269,-0.0025307335626433,7.6739608579634e-112,-0.0025333714711537,0.0027614691075208,437.63892543848,437.63892543848,437.67744601383,437.67744601383,437.63892543848,437.86316048233,437.86316048233,437.86316048233,438.49959581818,438.49959581818,438.49959581818,437.67744601383,0.0127087404761,0.0062335314014341,0.0038005251234112,0.0054849279720635,673.78199280674,0.0002082154694063,0.0063192183068215,0.0016814797842602,673.7781502916,-0.0014518712084428,-0.00020243053644477,0,1.330824038184e-13,5.5388281938903e-15,0,0,5.5360530687049e-15,5.5377614958046e-15,5.5379769239661e-15,0,5.5456546537765e-15,5.5388543456805e-15,0,5.5394683383465e-15,5.5444870763766e-15,1.6206512255204e-14,0,0,1.6207521936791e-14,1.6211469794371e-14,1.6208305733413e-14,0,1.6220982393859e-14,1.6211862632582e-14,0,1.6207447181613e-14,1.6220248001406e-14
0.6,1719529679.0593,1719529679.0593,1719529679.0593,1141751901.2815,1141751901.2815,1141751901.2815,1,1,1,29930078.145573,3.5599583993511e-06,1.7627836535109e-05,3.5714360917224e-06,1.001168625035,395.21516422106,395.21516422106,395.25584684724,395.25584684724,395.21516422106,395.45690718209,395.45690718209,395.45690718209,396.13640276351,396.13640276351,396.13640276351,395.25584684724,0.0029547053986324,-4.3260967818223e-110,-1.0334653361454e-112,-0.0029415383641174,-0.0029680359995159,-0.0028952861212313,1.7297861152868e-110,-0.0028905380461607,-0.0026965716752919,3.2270513484873e-108,-0.0026985801561551,0.0029485004132762,440.98139929897,440.98139929897,441.02208192515,441.02208192515,440.98139929897,441.22314226001,441.22314226001,441.22314226001,441.90263784142,441.90263784142,441.90263784142,441.02208192515,0.023285995026513,0.0068361651384038,0.0041789166403612,0.0059820684600687,677.73097979872,0.00017767448366215,0.006555088877815,0.0016060551103333,677.72590782057,-0.0017355929838628,-0.00029619382013641,0,2.0598119663219e-13,6.2234167921615e-15,0,0,6.2155678568646e-15,6.2186295173333e-15,6.2197431267521e-15,0,6.2355369125699e-15,6.2218217142459e-15,0,6.2258664521184e-15,6.2324531532237e-15,2.500775268698e-14,0,0,2.4997662297819e-14,2.5005939997158e-14,2.5004350817742e-14,0,2.5039363264294e-14,2.5010847283536e-14,0,2.5012151955723e-14,2.503426777755e-14
0.65,1710338034.7032,1710338034.7032,1710338034.7032,1132560256.9254,1132560256.9254,1132560256.9254,1,1,1,37311860.584446,3.9357471777578e-06,1.909912849059e-05,3.9623019610171e-06,1.0016311054699,394.13390511911,394.13390511911,394.17747509934,394.17747509934,394.13390511911,394.39480757739,394.39480757739,394.39480757739,395.12138391773,395.12138391773,395.12138391773,394.17747509934,0.0029103989392218,5.1666916135527e-107,-7.8186460432483e-111,-0.002896396508842,-0.0029276302922112,-0.0028504952685427,7.1959863833741e-109,-0.0028426951871522,-0.0026440815669025,2.9485222544191e-106,-0.0026449548058913,0.0029038566747283,444.39642383297,444.39642383297,444.43999381319,444.43999381319,444.39642383297,444.65732629125,444.65732629125,444.65732629125,445.38390263158,445.38390263158,445.38390263158,444.43999381319,0.024764703343922,0.0074385172641508,0.0045568219363891,0.0064789614852853,682.73270064052,0.00019043459117511,0.0064344904551318,0.0017100769653545,682.7268312346,-0.0017335624663535,-0.00029620303424463,0,2.9094233941938e-13,7.2040706934346e-15,0,0,7.1892824330793e-15,7.1942413361073e-15,7.1964393897443e-15,0,7.2233587356215e-15,7.2004786882419e-15,0,7.2092219073316e-15,7.2176503349999e-15,3.5195847165929e-14,0,0,3.5164843018411e-14,3.5180133665666e-14,3.5181653003515e-14,0,3.5254735154096e-14,3.5193861900026e-14,0,3.5207531351229e-14,3.5241566769774e-14
0.7,1701370734.3457,1701370734.3457,1701370734.3457,1123592956.5679,1123592956.5679,1123592956.5679,1,1,1,44990998.663064,4.3105408367777e-06,2.0570284927756e-05,4.3533149049666e-06,1.0020916481897,393.07481974091,393.07481974091,393.12187103592,393.12187103592,393.07481974091,393.35567902574,393.35567902574,393.35567902574,394.13062528361,394.13062528361,394.13062528361,393.12187103592,0.0029007966397339,4.3577653537514e-105,-1.7554940292802e-109,-0.002885674138119,-0.0029222962300822,-0.0028395445454373,9.8772108068279e-108,-0.0028285173594136,-0.0026225110462043,7.5444778223513e-105,-0.0026223010128361,0.0028939548363878,447.6120006267,447.6120006267,447.65905192171,447.65905192171,447.6120006267,447.89285991154,447.89285991154,447.89285991154,448.66780616941,448.66780616941,448.66780616941,447.65905192171,0.024132433581008,0.0080409377444741,0.0049347386510754,0.0069756072332028,688.00620400312,0.00019741254162013,0.0064851391553628,0.0017231541646382,687.99964230643,-0.0020197963568113,-0.00034436197371571,0,3.9069561346876e-13,8.3952079097377e-15,0,0,8.3713161981679e-15,8.3792618963536e-15,8.3822070448367e-15,0,8.4243137915817e-15,8.3897627261003e-15,0,8.4042578674856e-15,8.4152143279374e-15,4.7068464050822e-14,0,0,4.7003671920773e-14,4.7030199482165e-14,4.7035883888942e-14,0,4.7168513971837e-14,4.7058778132369e-14,0,4.7092946809107e-14,4.7142477002619e-14
0.75,1692518322.3107,1692518322.3107,1692518322.3107,1114740544.5329,1114740544.5329,1114740544.5329,1,1,1,52977306.508096,4.6854382808759e-06,2.2041367944487e-05,4.7454038731804e-06,1.0025536388418,392.02506223633,392.02506223633,392.07624218514,392.07624218514,392.02506223633,392.3269695791,392.3269695791,392.3269695791,393.15223309013,393.15223309013,393.15223309013,392.07624218514,0.0029124407846918,1.3241107373325e-103,-2.2452635884372e-108,-0.0028961509068408,-0.0029383858332248,-0.0028496985173612,-2.8320998651852e-107,-0.0028353062259031,-0.0026202461019711,1.0867771154089e-103,-0.0026188489284109,0.0029051418596049,450.6674186252,450.6674186252,450.71859857401,450.71859857401,450.6674186252,450.96932596797,450.96932596797,450.96932596797,451.794589479,451.794589479,451.794589479,450.71859857401,0.023886036814242,0.0086436507230157,0.0053129760614198,0.0074720058756268,693.06932454605,0.00017950019617919,0.0063386800391083,0.0017764058720572,693.06216749345,-0.0017635758087718,-0.00031151647042658,0,5.0686809395698e-13,9.7133096117585e-15,0,0,9.6772942407397e-15,9.688928019136e-15,9.6931791512527e-15,0,9.7546006116075e-15,9.705126794432e-15,0,9.7274478782402e-15,9.7410663720298e-15,6.08051582393e-14,0,0,6.0689432683102e-14,6.0732412891684e-14,6.0744109307156e-14,0,6.0963602452305e-14,6.0783900069606e-14,0,6.0849635525792e-14,6.091842517792e-14
0.8,1683714904.8017,1683714904.8017,1683714904.8017,1105937127.0239,1105937127.0239,1105937127.0239,1,1,1,61280588.34501,5.0607484850037e-06,2.3512424092104e-05,5.1387007445735e-06,1.0030173094634,390.97690152734,390.97690152734,391.03288562092,391.03288562092,390.97690152734,391.30102240705,391.30102240705,391.30102240705,392.17894783617,392.17894783617,392.17894783617,391.03288562092,0.0029257400941016,2.2274930309636e-102,-2.1112786748648e-107,-0.0029079227946748,-0.0029562464823933,-0.0028614177895512,-4.0888602611615e-105,-0.0028434218160625,-0.0026190944192833,1.1825958194234e-102,-0.0026165525799323,0.0029177192829693,453.58560946756,453.58560946756,453.64159356115,453.64159356115,453.58560946756,453.90973034727,453.90973034727,453.90973034727,454.7876557764,454.7876557764,454.7876557764,453.64159356115,0.023913068800458,0.0092466181358827,0.0056915873591324,0.0079681575827391,697.88922054613,0.00017121389075152,0.006330163880842,0.0018210773384505,697.88148697612,-0.0017609902750893,-0.00032266526038128,0,6.4098458154395e-13,1.1148824226359e-14,0,0,1.1097708730137e-14,1.1114210189741e-14,1.1119672985002e-14,0,1.1205574391844e-14,1.1137761283407e-14,0,1.1169622185443e-14,1.1186544596804e-14,7.6571976664731e-14,0,0,7.6383962880528e-14,7.6450279677081e-14,7.6469701651699e-14,0,7.6810677731432e-14,7.6535073131074e-14,0,7.6645866707029e-14,7.6738588262812e-14
0.85,1674956410.8804,1674956410.8804,1674956410.8804,1097178633.1026,1097178633.1026,1097178633.1026,1,1,1,69858266.745274,5.4365805791216e-06,2.4983482978466e-05,5.5332713278977e-06,1.0034824959604,389.92982537691,389.92982537691,389.99136562603,389.99136562603,389.92982537691,390.27737240538,390.27737240538,390.27737240538,391.21034569838,391.21034569838,391.21034569838,389.99136562603,0.0029383127559632,2.6000563877666e-101,-1.6801678741253e-106,-0.0029185435627358,-0.0029734586539343,-0.002872219161996,-1.1302026655461e-103,-0.0028504111781313,-0.0026166817731764,1.1201552527608e-101,-0.0026130304917026,0.0029292780983555,456.36882682342,456.36882682342,456.43036707253,456.43036707253,456.36882682342,456.71637385188,456.71637385188,456.71637385188,457.64934714488,457.64934714488,457.64934714488,456.43036707253,0.024006071179934,0.009849782163498,0.0060705928574865,0.0084640625189769,702.48945383978,0.00013172349425924,0.0065336873782933,0.0018722591562086,702.48106679744,-0.0019564051164428,-0.00048129377989628,0,7.9463552422642e-13,1.2705176348815e-14,0,0,1.2635669121162e-14,1.26583362532e-14,1.2664921442947e-14,0,1.2781180897409e-14,1.2691039429023e-14,0,1.2734490462657e-14,1.2755336311403e-14,9.4539809369567e-14,0,0,9.4253497521334e-14,9.4351870483436e-14,9.4380605322704e-14,0,9.4885997099693e-14,9.448291321221e-14,0,9.465515582923e-14,9.4777357867029e-14
0.9,1666246355.2427,1666246355.2427,1666246355.2427,1088468577.4649,1088468577.4649,1088468577.4649,1,1,1,78658557.520434,5.8129935832122e-06,2.6454548497321e-05,5.9291759447754e-06,1.003949150827,388.88420120645,388.88420120645,388.95213130579,388.95213130579,388.88420120645,389.25644617519,389.25644617519,389.25644617519,390.24687310147,390.24687310147,390.24687310147,388.95213130579,0.0029507124008986,2.4176594028384e-100,-1.231346813257e-105,-0.0029289072612464,-0.0029906846361479,-0.0028829294895008,-2.2161753196787e-102,-0.0028571209416335,-0.0026137640494589,1.0041808945427e-100,-0.0026088379047121,0.0029404287775259,459.0177574644,459.0177574644,459.08568756374,459.08568756374,459.0177574644,459.39000243314,459.39000243314,459.39000243314,460.38042935942,460.38042935942,460.38042935942,459.08568756374,0.024117607069933,0.010453107782025,0.006450020294604,0.0089597208409042,706.87686044066,0.00020229163567655,0.0061663925986708,0.0018862672789255,706.86803138534,-0.0017051406711722,-0.00032128062471708,0,9.6938363845174e-13,1.4381354946575e-14,0,0,1.4288133535711e-14,1.4317995389416e-14,1.4327043066575e-14,0,1.4480062396233e-14,1.4362357259547e-14,0,1.4420958215553e-14,1.4445712681431e-14,1.1487811658031e-13,0,0,1.1445996974853e-13,1.1460057374914e-13,1.1464210393616e-13,0,1.1536389772445e-13,1.1479435363631e-13,0,1.1504947052008e-13,1.1520668065925e-13
0.95,1657585994.9549,1657585994.9549,1657585994.9549,1079808217.1771,1079808217.1771,1079808217.1771,1,1,1,87630304.741447,6.1900541684458e-06,2.7925640350358e-05,6.3265282835318e-06,1.0044172625224,387.8401620257,387.8401620257,387.91536117314,387.91536117314,387.8401620257,388.23838046134,388.23838046134,388.23838046134,389.28872890274,389.28872890274,389.28872890274,387.91536117314,0.0029633344767583,1.8836962364858e-99,-8.6042407651114e-105,-0.0029391016563087,-0.0030082767247325,-0.0028936560705495,-3.7061265702471e-101,-0.0028636324840748,-0.0026104434567694,8.7706992513978e-100,-0.0026042437769094,0.00295153756797,461.53453116936,461.53453116936,461.60973031681,461.60973031681,461.53453116936,461.932749605,461.932749605,461.932749605,462.9830980464,462.9830980464,462.9830980464,461.60973031681,0.024234770972599,0.011056574344778,0.0068299033036763,0.0094551326969714,711.05328285641,0.00027630493722494,0.0057622205596825,0.0018659444344825,711.04398347044,-0.0014624786483756,-0.00019613544320388,0,1.166746516912e-12,1.6171168814413e-14,0,0,1.6049265517343e-14,1.6087756305256e-14,1.6099929682859e-14,0,1.6297019878192e-14,1.614631314229e-14,0,1.622334617055e-14,1.6252294332937e-14,1.3774760283708e-13,0,0,1.3715705870929e-13,1.3735209690419e-13,1.3741084284691e-13,0,1.3841136426246e-13,1.3762868866446e-13,0,1.3799274670155e-13,1.3819089572457e-13
1,1648975915.832,1648975915.832,1648975915.832,1071198138.0542,1071198138.0542,1071198138.0542,1,1,1,96728285.894408,6.5679004377325e-06,2.939678588288e-05,6.7254935264861e-06,1.0048868135422,386.79772804518,386.79772804518,386.88115370948,386.88115370948,386.79772804518,387.22326413511,387.22326413511,387.22326413511,388.33604118212,388.33604118212,388.33604118212,386.88115370948,0.0029764511553572,1.2568481239094e-98,-5.6859674420716e-104,-0.0029488360020415,-0.0030263949439962,-0.0029042252148829,-5.69448357144e-100,-0.0028698812049915,-0.0026064545011151,7.3239311226228e-99,-0.002599244687817,0.0029626846232806,463.9219084503,463.9219084503,464.0053341146,464.0053341146,463.9219084503,464.34744454023,464.34744454023,464.34744454023,465.46022158724,465.46022158724,465.46022158724,464.0053341146,0.02436090940462,0.011660168428754,0.0072102792662114,0.0099502982260741,715.02144360263,0.00014929338610594,0.0065207357784491,0.0020946924916378,715.01138940375,-0.0018211667362493,-0.00040580121502202,0,1.3882046141354e-12,1.8065839153915e-14,0,0,1.7912089236255e-14,1.7961049978691e-14,1.7975913051953e-14,0,1.8224359834556e-14,1.8036197156893e-14,0,1.8132958934273e-14,1.8167855294142e-14,1.632965575842e-13,0,0,1.6248857823764e-13,1.6275285737852e-13,1.6283262288102e-13,0,1.6418450110605e-13,1.6313572329737e-13,0,1.6363662315235e-13,1.6388412308078e-13
1.05,1640416829.7097,1640416829.7097,1640416829.7097,1062639051.9319,1062639051.9319,1062639051.9319,1,1,1,105917022.40708,6.9465310149919e-06,3.0867978069402e-05,7.1260780129464e-06,1.0053577771611,385.7568771604,385.7568771604,385.84963771251,385.84963771251,385.7568771604,386.21122052678,386.21122052678,386.21122052678,387.38897533206,387.38897533206,387.38897533206,385.84963771251,0.0029893723409553,7.1876387269373e-98,-3.8019656624822e-103,-0.0029584981285304,-0.0030445906999088,-0.0029148591364631,-8.0251850307812e-99,-0.0028758978745258,-0.0026022630831408,6.2431003434308e-98,-0.0025937675460678,0.0029735319769743,466.18287712367,466.18287712367,466.27563767579,466.27563767579,466.18287712367,466.63722049006,466.63722049006,466.63722049006,467.81497529533,467.81497529533,467.81497529533,466.27563767579,0.024510274432824,0.012263879337346,0.0075911771020801,0.010445217557982,718.78517056148,0.00014337969106496,0.0060871057004627,0.0019017043803612,718.77452633838,-0.0015391998091915,-0.00035318344323865,0,1.6350440437787e-12,2.0059181483995e-14,0,0,1.9864966608664e-14,1.9925812444638e-14,1.9945781391336e-14,0,2.0254672041689e-14,2.0021179423398e-14,0,2.0144001529626e-14,2.0183404677039e-14,1.9166452408897e-13,0,0,1.905818834317e-13,1.9093221157902e-13,1.9104021743678e-13,0,1.9282893300883e-13,1.9144994677265e-13,0,1.9212454331601e-13,1.9242776770991e-13
1.1,1631909624.9856,1631909624.9856,1631909624.9856,1054131847.2078,1054131847.2078,1054131847.2078,1,1,1,115155067.48188,7.3260246700193e-06,3.2339238637237e-05,7.5284659325083e-06,1.0058301248769,384.71773167715,384.71773167715,384.82094478978,384.82094478978,384.71773167715,385.20235069219,385.20235069219,385.20235069219,386.44765730895,386.44765730895,386.44765730895,384.82094478978,0.0030026766108608,2.9908388889522e-97,-2.5637496806272e-102,-0.0029676716082635,-0.0030632687584346,-0.0029253545666903,-1.0705439418777e-97,-0.0028816681696648,-0.0025973880030996,5.269160425983e-97,-0.0025877394818008,0.0029842046256851,468.32073074398,468.32073074398,468.42394385662,468.42394385662,468.32073074398,468.80534975902,468.80534975902,468.80534975902,470.05065637579,470.05065637579,470.05065637579,468.42394385662,0.024656205764539,0.01286770312123,0.0079726358566659,0.010939890813903,722.34870362701,0.00014743036163733,0.0061449215316375,0.0020802062214954,722.33746549869,-0.0013476990865395,-0.00025790697529706,0,1.9084840834479e-12,2.2138753802826e-14,0,0,2.1898542691872e-14,2.1972711412426e-14,2.1999313249949e-14,0,2.2376971760371e-14,2.2091611865046e-14,0,2.224386829291e-14,2.2288751634443e-14,2.2297344997096e-13,0,0,2.2155109950275e-13,2.2200631806059e-13,2.2215194459775e-13,0,2.2447474995719e-13,2.2269220388688e-13,0,2.2358212353549e-13,2.2394882255971e-13
1.15,1623455232.418,1623455232.418,1623455232.418,1045677454.6402,1045677454.6402,1045677454.6402,1,1,1,124409976.69638,7.7064704945281e-06,3.381057761355e-05,7.9327424860167e-06,1.0063038254812,383.68030333351,383.68030333351,383.79524268504,383.79524268504,383.68030333351,384.19678425717,384.19678425717,384.19678425717,385.5122803414,385.5122803414,385.5122803414,383.79524268504,0.0030161339481067,-7.8096644194027e-98,-1.7466928344114e-101,-0.0029763294977752,-0.0030823096609296,-0.0029357557560007,-1.3622502905763e-96,-0.0028870438578025,-0.002592071089532,4.4582994706834e-96,-0.0025813251288744,0.0029946525697389,470.33879812812,470.33879812812,470.45373747965,470.45373747965,470.33879812812,470.85527905178,470.85527905178,470.85527905178,472.170775136,472.170775136,472.170775136,470.45373747965,0.024812988414314,0.013471639104882,0.0083546918770929,0.011434318102444,725.71664566063,0.00014532183340266,0.0061500904523735,0.0022067398785533,725.70470349575,-0.0015138956986645,-0.0003042199147872,0,2.2095890818158e-12,2.4292643658145e-14,0,0,2.3999673237742e-14,2.4089348671545e-14,2.4123470987384e-14,0,2.4580405195435e-14,2.4235565087245e-14,0,2.4421662797834e-14,2.4472339369638e-14,2.5732843609821e-13,0,0,2.5549176288809e-13,2.5607380166062e-13,2.5626768443962e-13,0,2.592366923532e-13,2.5696646872503e-13,0,2.5811957027988e-13,2.5855793679924e-13
1.2,1615054643.7538,1615054643.7538,1615054643.7538,1037276865.976,1037276865.976,1037276865.976,1,1,1,133652860.55469,8.0879448608583e-06,3.5282008675097e-05,8.3390047744156e-06,1.0067788459176,382.64465157812,382.64465157812,382.77271102493,382.77271102493,382.64465157812,383.19466658286,383.19466658286,383.19466658286,384.58299331914,384.58299331914,384.58299331914,382.77271102493,0.0030298091218185,-2.4628417074621e-95,-1.2178517612997e-100,-0.0029844885683199,-0.0031017157679948,-0.0029459800083876,-1.6860207128095e-95,-0.0028920685492485,-0.0025862465120291,3.7827829926091e-95,-0.0025744593600881,0.0030048802031755,472.24054358713,472.24054358713,472.36860303394,472.36860303394,472.24054358713,472.79055859187,472.79055859187,472.79055859187,474.17888532815,474.17888532815,474.17888532815,472.36860303394,0.024981158103502,0.014075689707007,0.0087373813586023,0.011928499520589,728.89380303605,0.00018794545080347,0.0063000143774896,0.0023141362393499,728.8811417618,-0.0017381479283704,-0.00033888121798295,0,2.5392471626939e-12,2.6508115994503e-14,0,0,2.6155178916832e-14,2.6262223891147e-14,2.6305659395343e-14,0,2.6851759410135e-14,2.6439690129446e-14,0,2.6664399034981e-14,2.6720794412574e-14,2.9481657325059e-13,0,0,2.9248077163856e-13,2.9321419486556e-13,2.9346950472368e-13,0,2.9721081468459e-13,2.9435783709104e-13,0,2.9582872502768e-13,2.9634684665489e-13
1.25,1606708894.2212,1606708894.2212,1606708894.2212,1028931116.4434,1028931116.4434,1028931116.4434,1,1,1,142856773.93155,8.470461888004e-06,3.675352753563e-05,8.7473264556192e-06,1.0072551517321,381.61083408778,381.61083408778,381.75352921169,381.75352921169,381.61083408778,382.19615009682,382.19615009682,382.19615009682,383.65996288956,383.65996288956,383.65996288956,381.75352921169,0.0030435157637787,-4.7010312988034e-94,-8.981447023158e-100,-0.0029923296731973,-0.0031212949970499,-0.0029560942316565,-2.0256722535124e-94,-0.0028968144104931,-0.002580041626505,3.2819675153496e-94,-0.0025670896992599,0.0030148116627812,474.02948384687,474.02948384687,474.17217897078,474.17217897078,474.02948384687,474.61479985591,474.61479985591,474.61479985591,476.07861264865,476.07861264865,476.07861264865,474.17217897078,0.025157740730802,0.014679860127318,0.0091207395394098,0.012422435153665,731.88523713142,6.0086106784905e-05,0.0059149422933467,0.002205022990723,731.8717065228,-0.0013223317467187,-0.00039947814753257,0,2.8981431601836e-12,2.8773218425415e-14,0,0,2.8349983078061e-14,2.847551696369e-14,2.8532650348522e-14,0,2.9177511898135e-14,2.8688786943885e-14,0,2.8959840776601e-14,2.9019678497979e-14,3.3550804898094e-13,0,0,3.3257370220061e-13,3.334846571512e-13,3.3382076581701e-13,0,3.3847404772723e-13,3.3492990867511e-13,0,3.3678412461812e-13,3.3738686956244e-13
1.3,1598419050.843,1598419050.843,1598419050.843,1020641273.0652,1020641273.0652,1020641273.0652,1,1,1,151996034.84818,8.8541422479593e-06,3.8225157690436e-05,9.1578814272484e-06,1.0077327085658,380.57895686274,380.57895686274,380.73786697679,380.73786697679,380.57895686274,381.20137353433,381.20137353433,381.20137353433,382.7433488949,382.7433488949,382.7433488949,380.73786697679,0.003057675386292,-7.1817671126226e-93,-6.9016510742789e-99,-0.0029993565587058,-0.0031414810476652,-0.0029659801833349,-2.4064709471225e-93,-0.0029011519416592,-0.0025732078792969,2.8304884856817e-93,-0.0025593407551671,0.0030244730558673,475.70920982076,475.70920982076,475.86811993482,475.86811993482,475.70920982076,476.33162649236,476.33162649236,476.33162649236,477.87360185293,477.87360185293,477.87360185293,475.86811993482,0.025338467182816,0.015284158827718,0.0095048104017615,0.012916125076113,734.69588657482,0.00011720002553821,0.0060880702218462,0.0024537618241878,734.68156743518,-0.0015102975474909,-0.00037316590110269,0,3.286829310089e-12,3.1069964981337e-14,0,0,3.0570281207937e-14,3.07163634221e-14,3.0788878698422e-14,0,3.1543056424327e-14,3.0969865664971e-14,0,3.1290805987896e-14,3.1355353092092e-14,3.7944761484e-13,0,0,3.7580660849043e-13,3.7692415488951e-13,3.7736281564258e-13,0,3.8308266592122e-13,3.7872791272339e-13,0,3.8103600682379e-13,3.8173003515827e-13
1.35,1590186196.1632,1590186196.1632,1590186196.1632,1012408418.3854,1012408418.3854,1012408418.3854,1,1,1,161051970.02435,9.2390621609477e-06,3.9696903763874e-05,9.570719136766e-06,1.0082114813394,379.54903339939,379.54903339939,379.7259485214,379.7259485214,379.54903339939,380.21050592664,380.21050592664,380.21050592664,381.83332766529,381.83332766529,381.83332766529,379.7259485214,0.0030719768012842,-1.0268248327297e-91,-5.5544070426602e-98,-0.0030058649561539,-0.0031619491822657,-0.0029756580734827,-2.818160137714e-92,-0.0029051071064512,-0.0025659951028729,2.4662741025791e-92,-0.0025512320016641,0.0030338637551421,477.28322759106,477.28322759106,477.46014271307,477.46014271307,477.28322759106,477.94470011831,477.94470011831,477.94470011831,479.56752185696,479.56752185696,479.56752185696,477.46014271307,0.025535575119821,0.015888596954157,0.0098896333429196,0.013409569344131,737.33091907165,6.5918072480582e-05,0.0061007031935928,0.0024632236327568,737.3156376091,-0.0015229723144954,-0.00045298901164134,0,3.7056059433573e-12,3.3385642452216e-14,0,0,3.2799790981313e-14,3.2968003910484e-14,3.3059729597642e-14,0,3.393340290237e-14,3.3266530908248e-14,0,3.3644471704673e-14,3.371156882428e-14,4.2666204318447e-13,0,0,4.2219251773921e-13,4.2354795314409e-13,4.2411633360795e-13,0,4.3107174452322e-13,4.2577389190694e-13,0,4.2861647500741e-13,4.2940539299844e-13
1.4,1582011438.2722,1582011438.2722,1582011438.2722,1004233660.4944,1004233660.4944,1004233660.4944,1,1,1,170005140.66156,9.6252589996486e-06,4.1168767815446e-05,9.9857416400982e-06,1.0086914347442,378.521155938,378.521155938,378.71796615735,378.71796615735,378.521155938,379.22371324156,379.22371324156,379.22371324156,380.9300469178,380.9300469178,380.9300469178,378.71796615735,0.0030859109045636,-1.4293333790541e-90,-4.7058271343505e-97,-0.0030120684846954,-0.0031823662721226,-0.0029853164729016,-3.2534221204746e-91,-0.002908622651385,-0.0025588505401213,2.2046712850724e-91,-0.0025429710727368,0.0030428253693715,478.75510704935,478.75510704935,478.9519172687,478.9519172687,478.75510704935,479.45766435291,479.45766435291,479.45766435291,481.16399802915,481.16399802915,481.16399802915,478.9519172687,0.025740697073526,0.016493187402333,0.010275248395777,0.013902768005089,739.79545191965,-9.2363640223402e-05,0.0043125437421584,0.0016189681765501,739.77904575864,-0.00099897596378834,-0.00059570292435846,0,4.154544113796e-12,3.5707945318754e-14,0,0,3.5019946645709e-14,3.5212023128771e-14,3.5329051681848e-14,0,3.6335394153797e-14,3.5561792694792e-14,0,3.6009604076729e-14,3.6072990773655e-14,4.7716070373873e-13,0,0,4.7171820123915e-13,4.7334527381139e-13,4.740791576422e-13,0,4.8245775172969e-13,4.7606586143821e-13,0,4.7954174546841e-13,4.8042030578591e-13
1.45,1573895910.8636,1573895910.8636,1573895910.8636,996118133.08584,996118133.08584,996118133.08584,1,1,1,178836950.78222,1.0012898370874e-05,4.2640772479727e-05,1.0403551688714e-05,1.0091725339708,377.49551587415,377.49551587415,377.71410905462,377.71410905462,377.49551587415,378.24114944048,378.24114944048,378.24114944048,380.03358486878,380.03358486878,380.03358486878,377.71410905462,0.0031014582903941,-2.0344739782283e-89,-4.3073164733499e-96,-0.0030168118192473,-0.0032041890504674,-0.002994324024465,-3.9030183856374e-90,-0.0029118861361368,-0.0025502152002242,1.925130579868e-90,-0.00253400193777,0.0030516655417894,480.12848762508,480.12848762508,480.34708080555,480.34708080555,480.12848762508,480.87412119141,480.87412119141,480.87412119141,482.66655661971,482.66655661971,482.66655661971,480.34708080555,0.025950012791573,0.017097946410862,0.010661707154467,0.014395721082637,742.09443794656,3.6288603064979e-05,0.0060365954743639,0.0026007901576941,742.07709745309,-0.0015317160409361,-0.00048705341673391,0,4.6336413337773e-12,3.8011417264873e-14,0,0,3.7225412381144e-14,3.7441539587726e-14,3.7585678624302e-14,0,3.8727628667116e-14,3.784555246907e-14,0,3.8357628794503e-14,3.8424639525314e-14,5.3091696555973e-13,0,0,5.2436288429349e-13,5.2629560689248e-13,5.2723333410369e-13,0,5.3722688942928e-13,5.2958755501547e-13,0,5.3378762433007e-13,5.347609521319e-13
1.5,1565840733.696,1565840733.696,1565840733.696,988062955.91819,988062955.91819,988062955.91819,1,1,1,187538778.33218,1.0402003549138e-05,4.4112909690743e-05,1.0823688281778e-05,1.0096547445942,376.47192519422,376.47192519422,376.71465790297,376.71465790297,376.47192519422,377.26301716553,377.26301716553,377.26301716553,379.14425518127,379.14425518127,379.14425518127,376.71465790297,0.0031159389054438,-2.8207962361019e-88,-4.0883354165294e-95,-0.0030216102982562,-0.0032254518492439,-0.0030034617762873,-4.7637285303448e-89,-0.0029146581727012,-0.0025422407712967,1.7306257227087e-89,-0.0025252058041035,0.0030599733115808,481.40659161002,481.40659161002,481.64932431877,481.64932431877,481.40659161002,482.19768358133,482.19768358133,482.19768358133,484.07892159708,484.07892159708,484.07892159708,481.64932431877,0.026187273829161,0.017702892361429,0.011049051044484,0.014888428592913,744.23302715757,-0.00028248161148772,0.004262589907164,0.0017550382794153,744.21430797114,-0.00093108977023666,-0.00061670380146485,0,5.1424809177946e-12,4.0295690481477e-14,0,0,3.9387269741258e-14,3.9629136513563e-14,3.981011521995e-14,0,4.1102907264959e-14,4.0095543929268e-14,0,4.0692128629604e-14,4.075034122881e-14,5.8790367754382e-13,0,0,5.8006489534643e-13,5.823396692151e-13,5.8353333896738e-13,0,5.9535517833634e-13,5.8629121703097e-13,0,5.9133498451988e-13,5.9239063736901e-13
1.55,1557845017.8587,1557845017.8587,1557845017.8587,980067240.08095,980067240.08095,980067240.08095,1,1,1,196092881.9247,1.079269519448e-05,4.5585197386074e-05,1.1246597451217e-05,1.01013802982,375.45056639837,375.45056639837,375.71943366745,375.71943366745,375.45056639837,376.28927068537,376.28927068537,376.28927068537,378.26172832028,378.26172832028,378.26172832028,375.71943366745,0.0031314911117081,-1.7112205664996e-86,-9.1058829198351e-94,-0.003025140291939,-0.0032476969290108,-0.0030121022770259,-1.7347788336267e-87,-0.0029170106413187,-0.0025333293032456,1.5521635491747e-88,-0.0025159833583041,0.003068036221164,482.59350114143,482.59350114143,482.86236841052,482.86236841052,482.59350114143,483.43220542843,483.43220542843,483.43220542843,485.40466306334,485.40466306334,485.40466306334,482.86236841052,0.026420801860534,0.018308045187906,0.011437328253207,0.015380890527601,746.21641182886,-0.0003601339954667,0.0042758862089199,0.0018522537584632,746.19632462147,-0.0010328606650599,-0.00074501021756801,0,5.6805970559884e-12,4.253514510705e-14,0,0,4.1502646257449e-14,4.1770576341349e-14,4.1992233828265e-14,0,4.3441462482846e-14,4.2303334258585e-14,0,4.2985030178825e-14,4.3036441594354e-14,6.4805745663172e-13,0,0,6.3875850055809e-13,6.4141218478517e-13,6.4291932556165e-13,0,6.5679068374891e-13,6.4611716607306e-13,0,6.5212499717779e-13,6.5325335674803e-13
1.6,1549890912.7661,1549890912.7661,1549890912.7661,972113134.98831,972113134.98831,972113134.98831,1,1,1,204491180.20873,1.1185060466721e-05,4.7057632196106e-05,1.1672312635009e-05,1.0106223333796,374.42932474799,374.42932474799,374.72598123271,374.72598123271,374.42932474799,375.31800768581,375.31800768581,375.31800768581,377.38382256952,377.38382256952,377.38382256952,374.72598123271,0.0031472827832688,-1.3356332817144e-84,-1.384174855816e-92,-0.0030278168987259,-0.0032703538125216,-0.0030202205375126,-8.4199775955521e-86,-0.0029188056621273,-0.0025238348470751,4.2405986435451e-87,-0.0025063124477188,0.0030757413870644,483.69516790909,483.69516790909,483.99182439381,483.99182439381,483.69516790909,484.58385084691,484.58385084691,484.58385084691,486.64966573062,486.64966573062,486.64966573062,483.99182439381,0.026674827748496,0.018913425628957,0.011826584303485,0.015873106857608,748.05269761102,-0.00041391993216709,0.0042842991029016,0.0018363817812989,748.03116372567,-0.00084075273514944,-0.00075022565489553,0,6.2471988173991e-12,4.4726050409106e-14,0,0,4.3558006612302e-14,4.3851133232722e-14,4.4123782545625e-14,0,4.5736881613885e-14,4.4456822977977e-14,0,4.5232549152264e-14,4.5273744962209e-14,7.1130964371166e-13,0,0,7.0035882425914e-13,7.0342705212832e-13,7.0531977726087e-13,0,7.2147240202792e-13,7.0898860806854e-13,0,7.1609348164963e-13,7.17280100893e-13
1.65,1541749479.88,1541749479.88,1541749479.88,963971702.10219,963971702.10219,963971702.10219,1,1,1,216973606.78069,1.1606463805915e-05,4.8530228123316e-05,1.2101329129731e-05,1.0111073743021,373.37786684314,373.37786684314,373.70640565247,373.70640565247,373.37786684314,374.32390164649,374.32390164649,374.32390164649,376.48207495618,376.48207495618,376.48207495618,373.70640565247,0.0031635110155127,-1.318614402002e-82,-3.2975536513492e-91,-0.0030273754819097,-0.0032940247496244,-0.0030258567393727,-5.7705537069741e-84,-0.00291822372805,-0.0025111799943419,1.5079818453328e-85,-0.0024943446943247,0.0030819061665318,484.74086564695,484.74086564695,485.06940445627,485.06940445627,484.74086564695,485.68690045029,485.68690045029,485.68690045029,487.84507375998,487.84507375998,487.84507375998,485.06940445627,0.026934270137466,0.019519044516022,0.012216897056334,0.016365077418134,749.78189313854,-0.00023604341130197,0.0058907305238321,0.0026252438521759,749.75868627194,-0.0011414018306387,-0.0008372929332794,0,6.8413916527809e-12,4.6901466333694e-14,0,0,4.5590246850317e-14,4.5902588190263e-14,4.6246202744599e-14,0,4.8034002561595e-14,4.6589083250007e-14,0,4.7471858142755e-14,4.7500936921119e-14,7.7763833349596e-13,0,0,7.648331696668e-13,7.6834311489501e-13,7.7072178439054e-13,0,7.8940273990559e-13,7.7487552145923e-13,0,7.8322882726617e-13,7.8445657011228e-13
1.7,1532155556.4708,1532155556.4708,1532155556.4708,954377778.693,954377778.693,954377778.693,1,1,1,231300545.18017,1.2027941265945e-05,5.0002887066956e-05,1.2534416285075e-05,1.0115919374934,372.11413041917,372.11413041917,372.51131065814,372.51131065814,372.11413041917,373.16309590073,373.16309590073,373.16309590073,375.40929226097,375.40929226097,375.40929226097,372.51131065814,0.0031785686129625,-1.7183875879595e-80,-1.5556274001624e-89,-0.0030172240100478,-0.0033189122031662,-0.0030188352905157,-7.785581749e-82,-0.002904046013707,-0.002487819053523,5.363628633298e-84,-0.0024755939269486,0.0030829299487502,485.85056779064,485.85056779064,486.24774802961,486.24774802961,485.85056779064,486.8995332722,486.8995332722,486.8995332722,489.14572963245,489.14572963245,489.14572963245,486.24774802961,0.027208958895693,0.020124903209628,0.012608537242479,0.016856801562553,751.57669150408,-0.0009589159284236,0.0049080932969911,0.0017362565282535,751.55035763776,-0.00061252703639174,-0.001264069661287,0,7.4679008132749e-12,4.9323978406022e-14,0,0,4.7784584215995e-14,4.8113678420782e-14,4.8582228754497e-14,0,5.0590129078258e-14,4.8909822610435e-14,0,4.9974325083671e-14,4.9949463923176e-14,8.4739297270795e-13,0,0,8.3241077673741e-13,8.3638613145334e-13,8.3942743118546e-13,0,8.6094798657027e-13,8.4404445592817e-13,0,8.5390319556994e-13,8.550957794257e-13
1.75,1520447383.7149,1520447383.7149,1520447383.7149,942669605.93711,942669605.93711,942669605.93711,1,1,1,245343559.25123,1.2455112502205e-05,5.1475764363475e-05,1.2971844343168e-05,1.0120756674823,370.56405707129,370.56405707129,371.03906684898,371.03906684898,370.56405707129,371.7318176458,371.7318176458,371.7318176458,374.11173465023,374.11173465023,374.11173465023,371.03906684898,0.0031977376276923,-1.9485162387418e-78,-1.8647173102412e-87,-0.0030000288876515,-0.0033512001952099,-0.0030054169639614,-1.5814730560173e-79,-0.0028854198291938,-0.0024601058849486,3.1130321792993e-82,-0.0024537269361758,0.0030810993060458,487.05856379796,487.05856379796,487.53357357564,487.53357357564,487.05856379796,488.22632437247,488.22632437247,488.22632437247,490.6062413769,490.6062413769,490.6062413769,487.53357357564,0.02721240772857,0.020731141237193,0.013001974494615,0.017348278494335,753.48696666031,-0.00070421330024522,0.0054979726776813,0.0017786429681911,753.45727998223,-0.0013899438093631,-0.00076626535761867,0,8.1351900852519e-12,5.2049379855944e-14,0,0,5.0246392103963e-14,5.0618964814132e-14,5.1214433932872e-14,0,5.3490192143833e-14,5.1549523366008e-14,0,5.2800801183656e-14,5.2727690520345e-14,9.2100191161334e-13,0,0,9.0346990591116e-13,9.0797215800678e-13,9.1185557824259e-13,0,9.3659454175402e-13,9.1694649100624e-13,0,9.2857480470803e-13,9.2966399447218e-13
1.8,1506454868.208,1506454868.208,1506454868.208,928677090.43023,928677090.43023,928677090.43023,1,1,1,258614016.4634,1.2897961354419e-05,5.294922893449e-05,1.3413928734258e-05,1.012559024089,368.70685183986,368.70685183986,369.26711978282,369.26711978282,368.70685183986,369.9963772798,369.9963772798,369.9963772798,372.5714227713,372.5714227713,372.5714227713,369.26711978282,0.0032209390728722,-2.1162448968751e-76,-4.0926736442541e-85,-0.0029837803874972,-0.003390172082073,-0.0029979438732372,-3.7490193839479e-77,-0.0028718783680092,-0.0024296389536037,1.5455239803422e-80,-0.0024312572854234,0.0030828053117609,488.32123474236,488.32123474236,488.88150268531,488.88150268531,488.32123474236,489.6107601823,489.6107601823,489.6107601823,492.18580567379,492.18580567379,492.18580567379,488.88150268531,0.027493757551719,0.021338021664927,0.013397797846042,0.017839507131523,755.4474652323,-0.00097712674282826,0.0054146852183499,0.00202017508249,755.41273110823,-0.0013277070461355,-0.001144822583682,0,8.8414685044426e-12,5.49931484967e-14,0,0,5.293655935816e-14,5.3366497303743e-14,5.4078146649664e-14,0,5.6628147246233e-14,5.4442104729565e-14,0,5.5869764264074e-14,5.574513046348e-14,9.9877396805497e-13,0,0,9.7833350610083e-13,9.8344378227008e-13,9.8833362666255e-13,0,1.0166788356017e-12,9.9393925387893e-13,0,1.0075865830569e-12,1.0084995140099e-12
1.85,1491774975.1301,1491774975.1301,1491774975.1301,913997197.35235,913997197.35235,913997197.35235,1,1,1,271289462.25533,1.3364489606192e-05,5.4423292957352e-05,1.3860590137261e-05,1.0130440649401,366.73271193888,366.73271193888,367.39762062152,367.39762062152,366.73271193888,368.17293150044,368.17293150044,368.17293150044,370.95507666608,370.95507666608,370.95507666608,367.39762062152,0.0032593612045229,-2.3067927649928e-74,-1.4270722899291e-82,-0.0029774399750501,-0.0034434364035845,-0.0030035994186976,-8.1045591105586e-75,-0.0028720417983854,-0.0024082408888135,6.1512431067965e-79,-0.0024208261955382,0.0030972002051607,489.42565918862,489.42565918862,490.09056787126,490.09056787126,489.42565918862,490.86587875018,490.86587875018,490.86587875018,493.64802391581,493.64802391581,493.64802391581,490.09056787126,0.028478253951143,0.021945960555609,0.013796570728895,0.018330486270916,757.16672704886,-0.00060956317326207,0.006434796850143,0.00050368249371427,757.12648676944,0.00065392875407726,-0.0013537165048925,0,9.5845690845635e-12,5.7749021421725e-14,0,0,5.5461048827798e-14,5.5929215044779e-14,5.6779578421719e-14,0,5.9557002054945e-14,5.7151864285488e-14,0,5.8742939233136e-14,5.855078244778e-14,1.0804434173633e-12,0,0,1.0567672735365e-12,1.0625396367193e-12,1.0686320765324e-12,0,1.1009051556421e-12,1.0747641954664e-12,0,1.090661644414e-12,1.0913028246351e-12
1.9,1477355584.137,1477355584.137,1477355584.137,899577806.35923,899577806.35923,899577806.35923,1,1,1,283445053.04578,1.3846035263567e-05,5.5898076954248e-05,1.4324855636072e-05,1.0135320357817,364.7677616594,364.7677616594,365.5512308483,365.5512308483,364.7677616594,366.37278053146,366.37278053146,366.37278053146,369.36812925621,369.36812925621,369.36812925621,365.5512308483,0.0033058933120005,-2.8178932087826e-72,-7.0784229672322e-80,-0.0029748286493375,-0.0035072750553976,-0.0030174206408127,-1.5886236678484e-72,-0.0028783259923337,-0.002394987960698,2.3397582668957e-77,-0.002420651679261,0.0031170627414006,490.29045218809,490.29045218809,491.07392137698,491.07392137698,490.29045218809,491.89547106014,491.89547106014,491.89547106014,494.89081978489,494.89081978489,494.89081978489,491.07392137698,0.029707303566893,0.022555257925643,0.014198668323692,0.018821214842181,758.46972422812,-0.0014794744867402,0.00098544376337985,0.00097416570361566,758.42220531915,-0.00093292989655481,-0.0012318419877663,0,1.0434793377958e-11,6.0024361113342e-14,0,0,5.7498842550947e-14,5.7991636271026e-14,5.9017045125349e-14,0,6.2021088826157e-14,5.9390908509939e-14,0,6.1135420488325e-14,6.0892091430327e-14,1.1653306829226e-12,0,0,1.1380829164928e-12,1.144552195238e-12,1.1520947821598e-12,0,1.1886162206132e-12,1.1587556237628e-12,0,1.17712018521e-12,1.1774172461771e-12
1.95,1463190466.5881,1463190466.5881,1463190466.5881,885412688.81029,885412688.81029,885412688.81029,1,1,1,295033371.08685,1.4358825170838e-05,5.7373617949447e-05,1.4790722947603e-05,1.014022997502,362.81123966722,362.81123966722,363.72863265975,363.72863265975,362.81123966722,364.59532937048,364.59532937048,364.59532937048,367.80847086444,367.80847086444,367.80847086444,363.72863265975,0.0033566981956589,-3.8145343155383e-70,-3.9582030098611e-77,-0.0029690186239975,-0.0035755447942184,-0.0030283554487084,-2.6213970303371e-70,-0.0028836055798047,-0.0023804456767446,8.9192774693783e-76,-0.0024220554429596,0.0031382211722216,490.93620991689,490.93620991689,491.85360290942,491.85360290942,490.93620991689,492.72029962015,492.72029962015,492.72029962015,495.93344111411,495.93344111411,495.93344111411,491.85360290942,0.031085619849893,0.023166083190578,0.014604302872504,0.019311691670208,759.34858899891,-0.0011415008490324,0.003090050831873,0.00010623028488121,759.29243718268,-0.001228855211756,-0.001402080866631,0,1.1323595744864e-11,6.1758351074249e-14,0,0,5.9035416799957e-14,5.9541855982287e-14,6.0753960348908e-14,0,6.3913356888578e-14,6.110399586835e-14,0,6.2973516148318e-14,6.2658542973768e-14,1.2526701806016e-12,0,0,1.2215716035917e-12,1.228757095497e-12,1.2380138568531e-12,0,1.2790033567418e-12,1.245169723435e-12,0,1.2661781858173e-12,1.2660298074492e-12
2,1449289584.2933,1449289584.2933,1449289584.2933,871511806.51547,871511806.51547,871511806.51547,1,1,1,305956153.668,1.489385436365e-05,5.884991480028e-05,1.5265400927919e-05,1.0145168153847,360.86350721015,360.86350721015,361.93158442486,361.93158442486,360.86350721015,362.84269678117,362.84269678117,362.84269678117,366.27722641374,366.27722641374,366.27722641374,361.93158442486,0.0034105114087919,-5.3889513352824e-68,-2.2603704403858e-74,-0.00295834411652,-0.0036489497296043,-0.00303550354207,-3.3462384899208e-68,-0.0028884828617612,-0.0023621143937161,3.3190025756159e-74,-0.0024228020225596,0.0031584806897567,491.38016366581,491.38016366581,492.44824088052,492.44824088052,491.38016366581,493.35935323683,493.35935323683,493.35935323683,496.7938828694,496.7938828694,496.7938828694,492.44824088052,0.032617804667356,0.023778588055958,0.015013640837357,0.019801915512062,759.82307065392,0.00017305821813813,0.012808623112262,0.002096888495293,759.75752544824,0.0016061624688216,0.00051739915655146,0,1.2245923954252e-11,6.2954112078735e-14,0,0,6.0071940688705e-14,6.0563285002471e-14,6.2005743863609e-14,0,6.5228946423387e-14,6.228308126264e-14,0,6.4244052858037e-14,6.3855655274766e-14,1.3417007397105e-12,0,0,1.3065261568317e-12,1.3144065145294e-12,1.3257032207701e-12,0,1.3712510174331e-12,1.333251301663e-12,0,1.3570329966709e-12,1.356335341173e-12
2.05,1435667673.3143,1435667673.3143,1435667673.3143,857889895.53656,857889895.53656,857889895.53656,1,1,1,316124346.30915,1.5459093385613e-05,6.0326913005392e-05,1.5748278647606e-05,1.015013339482,358.92537255122,358.92537255122,360.16263087025,360.16263087025,358.92537255122,361.11723678358,361.11723678358,361.11723678358,364.77661963292,364.77661963292,364.77661963292,360.16263087025,0.0034544759630767,-6.5819731644015e-66,-1.4139854547462e-71,-0.0029455167607804,-0.0037173637149463,-0.0030453666782473,-3.2123481061589e-66,-0.0028900122347908,-0.0023505118176983,1.2553360244327e-72,-0.0024310402415114,0.0031751968875912,491.6380867488,491.6380867488,492.87534506784,492.87534506784,491.6380867488,493.82995098117,493.82995098117,493.82995098117,497.4893338305,497.4893338305,497.4893338305,492.87534506784,0.034275019808475,0.024392918439373,0.015426776110918,0.020291885306441,759.91660187915,-0.0015215499249185,0.0020085063229488,-0.00045679416948374,759.83518824719,4.9280311197404e-06,-0.0021041790353146,0,1.3201109970027e-11,6.3647092803793e-14,0,0,6.0547825975246e-14,6.1026973505097e-14,6.2722910569923e-14,0,6.6078698607776e-14,6.2947907023363e-14,0,6.5043273195907e-14,6.4560446208743e-14,1.4317113215593e-12,0,0,1.3921537134981e-12,1.4007116881308e-12,1.4144068115696e-12,0,1.4647004091881e-12,1.4222730854985e-12,0,1.4490180757657e-12,1.4476375997942e-12
2.1,1422340167.2959,1422340167.2959,1422340167.2959,844562389.5181,844562389.5181,844562389.5181,1,1,1,325586953.71721,1.6053381643491e-05,6.1804698455829e-05,1.6237264446052e-05,1.0155124011996,357.00198625188,357.00198625188,358.42442039487,358.42442039487,357.00198625188,359.4207305788,359.4207305788,359.4207305788,363.30551183247,363.30551183247,363.30551183247,358.42442039487,0.0035023099199477,-6.1623004028111e-64,-7.9211615851536e-69,-0.0029279492734134,-0.003791616792577,-0.0030505720046498,-2.2446978944533e-64,-0.0028917139458948,-0.0023334194449375,4.4600246317875e-71,-0.0024374156081097,0.0031908802697114,491.72889146896,491.72889146896,493.15132561196,493.15132561196,491.72889146896,494.14763579588,494.14763579588,494.14763579588,498.03241704955,498.03241704955,498.03241704955,493.15132561196,0.036009038124039,0.025009202735965,0.015843794963174,0.020781599576404,759.65306164504,-0.0033119240545858,0.0050047504194461,0.00015896230966772,759.55308819371,0.0015318753474137,-0.0032435526740015,0,1.4183183041708e-11,6.3856069168474e-14,0,0,6.0609144595621e-14,6.1040428230153e-14,6.302766455377e-14,0,6.6385847722689e-14,6.315291979369e-14,0,6.5310494372255e-14,6.4749842796462e-14,1.5220174406172e-12,0,0,1.4778679877891e-12,1.487035889587e-12,1.5035413895862e-12,0,1.5585841753872e-12,1.5115848011742e-12,0,1.5413810626723e-12,1.5392077056385e-12
2.15,1409320406.9989,1409320406.9989,1409320406.9989,831542629.22107,831542629.22107,831542629.22107,1,1,1,335219371.60077,1.6672131277407e-05,6.3283208013757e-05,1.6736638042038e-05,1.0160138312372,355.09382513679,355.09382513679,356.7192552443,356.7192552443,355.09382513679,357.75553838575,357.75553838575,357.75553838575,361.86656007904,361.86656007904,361.86656007904,356.7192552443,0.0035465976549072,-4.3101734323749e-62,-4.406509131945e-66,-0.0029079774157568,-0.0038645366952902,-0.0030546771482149,-1.1303374937583e-62,-0.0028927798621623,-0.0023169159759782,1.4848009795116e-69,-0.0024461597213989,0.0032046893583186,491.66638744231,491.66638744231,493.29181754982,493.29181754982,491.66638744231,494.32810069127,494.32810069127,494.32810069127,498.43912238456,498.43912238456,498.43912238456,493.29181754982,0.037912319070659,0.025627550690602,0.016264706006977,0.021271057150917,759.05732479467,-0.0026860689629784,0.0061370262627833,0.002096213300875,758.93617236814,0.0035041287805899,-0.0040860008592915,0,1.5187883857253e-11,6.3636469005325e-14,0,0,6.0270370645952e-14,6.0626333453265e-14,6.2933042603103e-14,0,6.6264474656701e-14,6.2935989258771e-14,0,6.5147218542408e-14,6.4503210868539e-14,1.612012998146e-12,0,0,1.5631031633658e-12,1.5727744725936e-12,1.5925421519569e-12,0,1.6522962941502e-12,1.6005897307453e-12,0,1.6335131426858e-12,1.6304290212654e-12
2.2,1396620572.6654,1396620572.6654,1396620572.6654,818842794.88765,818842794.88765,818842794.88765,1,1,1,344111345.36905,1.7317739576294e-05,6.4762444500549e-05,1.724328897615e-05,1.0165174391494,353.20394279433,353.20394279433,355.04910079677,355.04910079677,353.20394279433,356.12343499276,356.12343499276,356.12343499276,360.46044022258,360.46044022258,360.46044022258,355.04910079677,0.0035859706547562,-2.1972809581832e-60,-3.7294684863441e-63,-0.0028868860152518,-0.0039379524279907,-0.0030564168993631,-4.1493492752405e-61,-0.0028925698912554,-0.0023012410712488,4.6164923173486e-68,-0.0024565010814902,0.003216277001061,491.4660593766,491.4660593766,493.31121737905,493.31121737905,491.4660593766,494.38555157504,494.38555157504,494.38555157504,498.72255680486,498.72255680486,498.72255680486,493.31121737905,0.039846270153702,0.026248049445128,0.016689454763792,0.021760256787461,758.15799736563,-0.0034437395117452,0.0033454970943245,0.0017594109147239,758.0108371344,0.005464876363741,-0.0036391320201039,0,1.6357692005837e-11,6.3088279466296e-14,0,0,5.9575237570438e-14,5.9838051241004e-14,6.2511577632814e-14,0,6.5776104552374e-14,6.2379482963797e-14,0,6.4622669000848e-14,6.3903180628137e-14,1.701233298594e-12,0,0,1.6473552723196e-12,1.6573982562046e-12,1.6809468728506e-12,0,1.7453177532883e-12,1.6888076415665e-12,0,1.7249033976236e-12,1.7208017659885e-12
2.25,1384251094.4609,1384251094.4609,1384251094.4609,806473316.68308,806473316.68308,806473316.68308,1,1,1,352171844.76395,1.7989714428146e-05,6.6242536353878e-05,1.7756578762514e-05,1.017023047926,351.33516719042,351.33516719042,353.41550229632,353.41550229632,351.33516719042,354.52637365578,354.52637365578,354.52637365578,359.08775635304,359.08775635304,359.08775635304,353.41550229632,0.0036237795945624,-7.9846677134007e-59,-5.5143623323622e-60,-0.0028621095399169,-0.0040116098031648,-0.0030565275588737,-1.1133900971989e-59,-0.0028933105390076,-0.0022841438130658,1.3560819667359e-66,-0.0024676792613881,0.0032257658645578,491.14246944756,491.14246944756,493.22280455346,493.22280455346,491.14246944756,494.33367591291,494.33367591291,494.33367591291,498.89505861017,498.89505861017,498.89505861017,493.22280455346,0.04170823653024,0.026870771942404,0.017117965911215,0.022249197203556,756.98117212348,-0.0031595187190278,0.010638813311672,0.0035731286850717,756.80311102987,0.0039140705996321,-0.0030953319535963,0,1.7685012904855e-11,6.2239523638622e-14,0,0,5.8645521219649e-14,5.8786443868075e-14,6.1837620071082e-14,0,6.4958239715972e-14,6.1563308498279e-14,0,6.375910304326e-14,6.3000838935959e-14,1.7892532770394e-12,0,0,1.7302925638008e-12,1.7405348424065e-12,1.76839847382e-12,0,1.8371825768825e-12,1.7758713073893e-12,0,1.8150723858721e-12,1.8098984068526e-12
2.3,1372220041.6391,1372220041.6391,1372220041.6391,794442263.86131,794442263.86131,794442263.86131,1,1,1,359433991.51134,1.8686328640493e-05,6.772322285585e-05,1.8276345936291e-05,1.0175304471462,349.48952730246,349.48952730246,351.82020575835,351.82020575835,349.48952730246,352.96566872932,352.96566872932,352.96566872932,357.74942789957,357.74942789957,357.74942789957,351.82020575835,0.0036508453728359,-2.1281825318501e-57,-6.7728321971146e-57,-0.0028410814949729,-0.0040794101305276,-0.0030564131761738,-2.3177801212577e-58,-0.0028915829443787,-0.0022720223299718,3.8153263678184e-65,-0.0024814209705536,0.0032332542807045,490.70870661021,490.70870661021,493.0393850661,493.0393850661,490.70870661021,494.18484803707,494.18484803707,494.18484803707,498.96860720732,498.96860720732,498.96860720732,493.0393850661,0.043788800362247,0.027495739643853,0.017550049246745,0.022737877502967,755.55826681912,-0.0039166204576132,0.0011752155922872,0.00094784040749735,755.34181722595,0.0031510404904075,-0.0039486169913384,0,1.9163090685345e-11,6.1228964864444e-14,0,0,5.7472488932413e-14,5.7473252659738e-14,6.0949249749339e-14,0,6.396762027036e-14,6.0529383477629e-14,0,6.2726303642624e-14,6.1902790670498e-14,1.8758441095608e-12,0,0,1.8115709371124e-12,1.8218142957916e-12,1.854593729432e-12,0,1.9276464530216e-12,1.8614727824255e-12,0,1.903780775201e-12,1.8974421729676e-12
2.35,1360533408.3239,1360533408.3239,1360533408.3239,782755630.54613,782755630.54613,782755630.54613,1,1,1,365844015.19764,1.9405459253093e-05,6.9204598062281e-05,1.880116335808e-05,1.0180394390764,347.67135917457,347.67135917457,350.26346313091,350.26346313091,347.67135917457,351.4426497339,351.4426497339,351.4426497339,356.44481072617,356.44481072617,356.44481072617,350.26346313091,0.0036779554621106,-5.3749208259902e-56,-5.1437008419485e-54,-0.0028185605690084,-0.0041473061648268,-0.0030535685083157,-4.5017828086372e-57,-0.0028920758456857,-0.002256719653815,-1.4974085039404e-64,-0.0024930431022076,0.0032384644570727,490.17942423493,490.17942423493,492.77152819128,492.77152819128,490.17942423493,493.95071479427,493.95071479427,493.95071479427,498.95287578654,498.95287578654,498.95287578654,492.77152819128,0.045458522623995,0.028122965938482,0.017985571674269,0.023226296482516,753.91831713994,-0.0054991790540296,0.0024729461550945,0.0015006491392123,753.65582791868,0.003281720440548,-0.0052833961916135,0,2.0823513958058e-11,6.0093186263817e-14,0,0,5.620810401797e-14,5.6024636377339e-14,5.9971886490162e-14,0,6.2794028685996e-14,5.9362934264794e-14,0,6.1510846840214e-14,6.0636668378319e-14,1.9608287085813e-12,0,0,1.8910612001299e-12,1.9010450963834e-12,1.9394067846675e-12,0,2.0164506200253e-12,1.945424649165e-12,0,1.9907702490355e-12,1.9831953717653e-12
2.375,1354989283.0824,1354989283.0824,1354989283.0824,777211505.30462,777211505.30462,777211505.30462,1,1,1,368719017.87879,1.9781318994627e-05,6.9945739953189e-05,1.9066981197688e-05,1.018297031435,346.79780937267,346.79780937267,349.52284389146,349.52284389146,346.79780937267,350.71796069939,350.71796069939,350.71796069939,355.82489410703,355.82489410703,355.82489410703,349.52284389146,0.0037310394773645,-5.351355285593e-55,-1.4987920331896e-52,-0.0028273882804895,-0.0042382419336022,-0.0030816572990637,-2.8032319640756e-56,-0.0029210447187359,-0.0022744456616105,-2.8003245492895e-62,-0.0025312213451634,0.0032701966883838,489.90128820288,489.90128820288,492.62632272168,492.62632272168,489.90128820288,493.8214395296,493.8214395296,493.8214395296,498.92837293725,498.92837293725,498.92837293725,492.62632272168,0.047310448855208,0.028438009376734,0.018205380916199,0.023470405553932,752.67029481009,-0.0052043182141415,0.00053374984106413,1.5647906108754e-06,752.37851680291,0.0024081525896716,-0.0050320440623105,0,2.1710981988966e-11,2.9534013702877e-14,0,0,2.7576473594154e-14,2.7434759305377e-14,2.9516559129588e-14,0,3.0869309234471e-14,2.9174670458105e-14,0,3.0202616221198e-14,2.977621332657e-14,2.0025961113112e-12,0,0,1.9300602230891e-12,1.9398437050735e-12,1.9811495029031e-12,0,2.0601064158058e-12,1.9866838638046e-12,0,2.0334831985147e-12,2.0253052964879e-12
2.425,1343733075.7739,1343733075.7739,1343733075.7739,765955297.99607,765955297.99607,765955297.99607,1,1,1,374155527.50368,2.0527019589255e-05,7.1427949161846e-05,1.9596795264069e-05,1.0188057823091,345.00476065985,345.00476065985,348.01472497118,348.01472497118,345.00476065985,349.24141554729,349.24141554729,349.24141554729,354.56148252144,354.56148252144,354.56148252144,348.01472497118,0.0036900637312991,-8.1669841133956e-53,-4.24923118373e-50,-0.0027746404501433,-0.0042234255960084,-0.0030332278301523,-6.3104956538612e-55,-0.0028800770385849,-0.0022274648372374,-5.0773158398845e-60,-0.0025006404052259,0.0032287109416932,489.24222149573,489.24222149573,492.25218580706,492.25218580706,489.24222149573,493.47887638316,493.47887638316,493.47887638316,498.79894335732,498.79894335732,498.79894335732,492.25218580706,0.049970184797045,0.029068141990809,0.018645116788188,0.023958432143133,751.07445638627,-0.0071998492359362,0.00035048064410421,-0.00041395327160827,750.72654029202,0.0021355518374531,-0.0069317596553336,0,2.3722102432434e-11,5.8354255016911e-14,0,0,5.4193513911871e-14,5.3679642650004e-14,5.8424675590492e-14,0,6.0912572804081e-14,5.7484579580488e-14,0,5.9552977894691e-14,5.8591946715771e-14,2.0851214901783e-12,0,0,2.006701425456e-12,2.0157581837325e-12,2.0637744715004e-12,0,2.1462498023844e-12,2.0679793358747e-12,0,2.117703827533e-12,2.1081668221792e-12
2.475,1332962607.6713,1332962607.6713,1332962607.6713,755184829.89355,755184829.89355,755184829.89355,1,1,1,378597104.13732,2.1294123873626e-05,7.2910811321026e-05,2.0130924608864e-05,1.0193175875367,343.27065755011,343.27065755011,346.56295399812,346.56295399812,343.27065755011,347.82197489088,347.82197489088,347.82197489088,353.3487463792,353.3487463792,353.3487463792,346.56295399812,0.0037218938448623,-1.4108377567337e-50,-8.1550598300173e-48,-0.0027653060572498,-0.0043002978276884,-0.0030382173343891,-1.5978028444878e-53,-0.0028938091242863,-0.0022226956884441,-5.7104376842294e-58,-0.0025196951013013,0.0032388906322108,488.52615323124,488.52615323124,491.81844967925,491.81844967925,488.52615323124,493.07747057201,493.07747057201,493.07747057201,498.60424206032,498.60424206032,498.60424206032,491.81844967925,0.049259836185884,0.029700840831353,0.019088291506237,0.024446193897582,749.0605768512,-0.007498433965977,0.0004819471075818,0.0022224632432351,748.64694679887,0.004882165970878,-0.0082353447998458,0,2.6002765490598e-11,5.7318527092173e-14,0,0,5.2920800152319e-14,5.2135716027521e-14,5.7486596553043e-14,0,5.9722177138305e-14,5.6251475325552e-14,0,5.8323519194534e-14,5.7258378585626e-14,2.1661821285673e-12,0,0,2.081542738763e-12,2.0894892204227e-12,2.1450727960004e-12,0,2.2307097152678e-12,2.1475309351835e-12,0,2.2001857393833e-12,2.1891423977344e-12
2.525,1322496617.978,1322496617.978,1322496617.978,744718840.20027,744718840.20027,744718840.20027,1,1,1,382424737.47551,2.2076286835417e-05,7.4394156583574e-05,2.066732879943e-05,1.0198304881586,341.56335278404,341.56335278404,345.14569492915,345.14569492915,341.56335278404,346.43608228159,346.43608228159,346.43608228159,352.16575493267,352.16575493267,352.16575493267,345.14569492915,0.003735327488519,-4.8073558997453e-49,-3.7567611915911e-46,-0.0027484959226517,-0.0043592121122909,-0.0030296590792157,-3.3596005716048e-52,-0.0028969510275604,-0.0022115582618715,-3.7974479785452e-56,-0.0025296774995496,0.0032377898237604,487.74990297326,487.74990297326,491.33224511837,491.33224511837,487.74990297326,492.62263247081,492.62263247081,492.62263247081,498.35230512188,498.35230512188,498.35230512188,491.33224511837,0.051263905153753,0.03033567213649,0.019534169437705,0.024933691408251,746.90326110022,-0.0087263259160503,0.0012974721719992,0.0006054464822339,746.41510104245,0.0042763787921451,-0.0074524183905434,0,2.8586025841269e-11,5.6335928517626e-14,0,0,5.1666800307231e-14,5.0603727840698e-14,5.6585871992182e-14,0,5.8544064541737e-14,5.5050618797627e-14,0,5.7105386781156e-14,5.5918592025919e-14,2.2458531627258e-12,0,0,2.1546106284819e-12,2.1610536986416e-12,2.2250973036105e-12,0,2.3135035253392e-12,2.2253842669042e-12,0,2.2809449518537e-12,2.2682232289663e-12
2.575,1312370487.3702,1312370487.3702,1312370487.3702,734592709.59237,734592709.59237,734592709.59237,1,1,1,385648559.51311,2.2872356359142e-05,7.5877964804265e-05,2.1205377695632e-05,1.0203441875944,339.89057241946,339.89057241946,343.76723013406,343.76723013406,339.89057241946,345.08977211962,345.08977211962,345.08977211962,351.01685078047,351.01685078047,351.01685078047,343.76723013406,0.0037443673032315,-1.398440355392e-47,-1.4526837633473e-44,-0.0027320268464497,-0.0044121532223092,-0.0030213118122275,-5.1722417818145e-51,-0.0029001628153623,-0.0022013129393036,-1.9038447029108e-54,-0.0025376639125375,0.0032332539957925,486.92487835954,486.92487835954,490.80153607414,490.80153607414,486.92487835954,492.12407805969,492.12407805969,492.12407805969,498.05115672054,498.05115672054,498.05115672054,490.80153607414,0.052572070347247,0.030972540955685,0.019982526219222,0.025420923888046,744.64553781789,-0.010157137832251,0.000397088461371,0.00012495695254851,744.07121330287,0.0031952330959842,-0.010142404332818,0,3.15027279065e-11,5.5483361898595e-14,0,0,5.051155579535e-14,4.913572758491e-14,5.5779399956195e-14,0,5.7476724263486e-14,5.390596310387e-14,0,5.5990509100002e-14,5.4643128225717e-14,2.3243184856089e-12,0,0,2.2260447557443e-12,2.2305421109893e-12,2.3039812875295e-12,0,2.3947878883134e-12,2.3016188110185e-12,0,2.3601274891871e-12,2.3455002819936e-12
2.625,1302582457.3379,1302582457.3379,1302582457.3379,724804679.56008,724804679.56008,724804679.56008,1,1,1,388342299.63408,2.3677478346025e-05,7.7365432719024e-05,2.1744441907211e-05,1.0208584336124,338.25416705283,338.25416705283,342.42769734086,342.42769734086,338.25416705283,343.78305377242,343.78305377242,343.78305377242,349.9020614442,349.9020614442,349.9020614442,342.42769734086,0.0037538398382962,-5.9356822951573e-46,-7.1428388942391e-43,-0.0027167832912933,-0.0044642526608113,-0.003009006638468,-5.9177500813829e-50,-0.0029042429583361,-0.0021878200965935,-1.3400196159671e-52,-0.0025410360093327,0.003226661891624,486.05983096787,486.05983096787,490.2333612559,490.2333612559,486.05983096787,491.58871768746,491.58871768746,491.58871768746,497.70772535923,497.70772535923,497.70772535923,490.2333612559,0.053806082925581,0.031611320516797,0.020433103445321,0.025907891187366,742.32221479169,-0.010945147188668,0.0041823900228281,0.0012769367732473,741.65357998498,0.0050494041428242,-0.010049223395367,0,3.4777318955915e-11,5.4836152414866e-14,0,0,4.9494053878361e-14,4.7770029984009e-14,5.5129620020656e-14,0,5.6518349781485e-14,5.2862956177854e-14,0,5.4997840800947e-14,5.3464640003318e-14,2.4018685160623e-12,0,0,2.2960399179959e-12,2.2980991352676e-12,2.3819463438512e-12,0,2.4747169050973e-12,2.3763783205923e-12,0,2.4379061815491e-12,2.4211107009937e-12
2.675,1293125290.7559,1293125290.7559,1293125290.7559,715347512.97807,715347512.97807,715347512.97807,1,1,1,390571383.30852,2.4491845498911e-05,7.8854566982457e-05,2.2283892176616e-05,1.0213731046503,336.65411293087,336.65411293087,341.12647406997,341.12647406997,336.65411293087,342.51553501225,342.51553501225,342.51553501225,348.82151262428,348.82151262428,348.82151262428,341.12647406997,0.0037583454299858,-2.5120346519596e-44,-3.0604278783685e-41,-0.0027023455398656,-0.0045113603161493,-0.0029998653593909,-5.0769025186083e-49,-0.0029080955171775,-0.0021780410876273,-1.2501026868761e-50,-0.0025456061309018,0.0032155241708199,485.16145567218,485.16145567218,489.63381681128,489.63381681128,485.16145567218,491.02287775356,491.02287775356,491.02287775356,497.32885536558,497.32885536558,497.32885536558,489.63381681128,0.054834828163968,0.032251933545415,0.020885694381409,0.02639459241559,739.95188088384,-0.013324491666112,-0.00086154527390705,0.0015060082896206,739.17628098702,0.0031090555649637,-0.013590565240332,0,3.8430745336463e-11,5.4409018732184e-14,0,0,4.8622149914807e-14,4.6516248985387e-14,5.4613987681719e-14,0,5.5758858326604e-14,5.1932123554288e-14,0,5.4191952377775e-14,5.2427174921025e-14,2.4788144882688e-12,0,0,2.3648020218371e-12,2.3638830454535e-12,2.459182185926e-12,0,2.5535718387652e-12,2.4498214340456e-12,0,2.5145451755732e-12,2.4952539228039e-12
2.7,1288666136.5504,1288666136.5504,1288666136.5504,710888358.77257,710888358.77257,710888358.77257,1,1,1,391511704.51072,2.4909187713807e-05,7.959949474155e-05,2.2556029220195e-05,1.0216340079172,335.89445807615,335.89445807615,340.51035082189,340.51035082189,335.89445807615,341.91554330182,341.91554330182,341.91554330182,348.31024354953,348.31024354953,348.31024354953,340.51035082189,0.0038139358510737,-1.7484430133704e-43,-2.0266367394844e-40,-0.0027246126929597,-0.0046094956676663,-0.0030311850325548,-1.5697717518491e-48,-0.0029501473247453,-0.002201398259788,-1.1967738667851e-49,-0.002583267595466,0.0032477334566107,484.72382990952,484.72382990952,489.33972265527,489.33972265527,484.72382990952,490.74491513519,490.74491513519,490.74491513519,497.13961538291,497.13961538291,497.13961538291,489.33972265527,0.055731018427876,0.032573785576109,0.021113820930926,0.026637839193974,738.27936570785,-0.014726504831478,-0.0029680465069818,0.0015379462488632,737.43956177016,0.0067962256918352,-0.013558343084252,0,4.0361114045039e-11,2.6901760619585e-14,0,0,2.3905015508656e-14,2.2748092114599e-14,2.6972717849096e-14,0,2.7468185913768e-14,2.552324202705e-14,0,2.666368696773e-14,2.5737340559119e-14,2.5168593229887e-12,0,0,2.3986088189782e-12,2.3960537058401e-12,2.4973273693223e-12,0,2.5924177198183e-12,2.485916749076e-12,0,2.5522533233058e-12,2.531652018882e-12
2.75,1279592501.29,1279592501.29,1279592501.29,701814723.51225,701814723.51225,701814723.51225,1,1,1,393214789.39288,2.5725697538307e-05,8.1089127090664e-05,2.3100944819514e-05,1.0221459758363,334.32993101525,334.32993101525,339.253829264,339.253829264,334.32993101525,340.69219040464,340.69219040464,340.69219040464,347.26723481931,347.26723481931,347.26723481931,339.253829264,0.003743251717859,-4.3151199886011e-42,-5.0140980323914e-39,-0.0026688869598363,-0.0045518506810346,-0.0029636952021363,-8.417279505292e-48,-0.0028978475551272,-0.0021462812434399,-6.91628231381e-48,-0.0025305880570362,0.0031787771719186,483.77564455715,483.77564455715,488.6995428059,488.6995428059,483.77564455715,490.13790394654,490.13790394654,490.13790394654,496.71294836121,496.71294836121,496.71294836121,488.6995428059,0.057666984728536,0.033216217611809,0.02156814260776,0.027124144319377,736.30049586737,-0.0172710243793,-0.0034423137420129,0.0037458948701103,735.34437978057,0.0047649146005703,-0.015287876945821,0,4.4614887661514e-11,5.4214960867958e-14,0,0,4.7670379991709e-14,4.4888986949534e-14,5.4187953386968e-14,0,5.49107226642e-14,5.0793806112584e-14,0,5.329175399663e-14,5.1110826892839e-14,2.5935308559317e-12,0,0,2.466024916886e-12,2.4595363199853e-12,2.5739607079193e-12,0,2.6700732085297e-12,2.557750038565e-12,0,2.6276192445705e-12,2.603933643458e-12
2.8,1270971447.8714,1270971447.8714,1270971447.8714,693193670.09366,693193670.09366,693193670.09366,1,1,1,394545482.27754,2.6550210301817e-05,8.2579212006145e-05,2.3790575232837e-05,1.022660698158,332.8316941715,332.8316941715,338.05264427428,338.05264427428,332.8316941715,339.52509023412,339.52509023412,339.52509023412,346.2733885346,346.2733885346,346.2733885346,338.05264427428,0.0037684929296859,-7.4962902544398e-41,-9.7795009599849e-38,-0.0026708129595547,-0.0046167530269625,-0.0029659333371996,-1.54897510134e-46,-0.0029174538862594,-0.0021457798947988,-2.8157922799819e-46,-0.0025421958154281,0.0031817159207795,482.82733790537,482.82733790537,488.04828800814,488.04828800814,482.82733790537,489.52073396799,489.52073396799,489.52073396799,496.26903226847,496.26903226847,496.26903226847,488.04828800814,0.056312786002236,0.033860818986331,0.022024717651988,0.027610180220937,733.95092033652,-0.018662671801263,0.00055835919224714,0.00014022462931888,732.86567655711,0.0047220450214781,-0.017650967451381,0,4.9248765666599e-11,5.4425768452464e-14,0,0,4.7364722440099e-14,4.4063793428557e-14,5.4161113654958e-14,0,5.4601568778215e-14,5.0281812400461e-14,0,5.2987205427562e-14,5.0447285254173e-14,2.6705005158198e-12,0,0,2.5330087497388e-12,2.5218519342615e-12,2.6505560894034e-12,0,2.7472914876227e-12,2.6288592596024e-12,0,2.7025544691184e-12,2.6752768784493e-12
2.85,1262606959.674,1262606959.674,1262606959.674,684829181.89621,684829181.89621,684829181.89621,1,1,1,395633479.45004,2.7376372067459e-05,8.4069612894489e-05,2.4488607043333e-05,1.0231756955874,331.36307317426,331.36307317426,336.88118823878,336.88118823878,331.36307317426,338.38826839731,338.38826839731,338.38826839731,345.30610049701,345.30610049701,345.30610049701,336.88118823878,0.0037755244998203,-6.5521491358448e-40,-1.5075633790337e-36,-0.0026620532693701,-0.0046592742444838,-0.0029550531296268,-1.3671668537845e-44,-0.0029238211783083,-0.0021339627042804,-8.253549940928e-45,-0.0025391233518079,0.0031685734142692,481.86157897387,481.86157897387,487.37969403839,487.37969403839,481.86157897387,488.88677419692,488.88677419692,488.88677419692,495.80460629662,495.80460629662,495.80460629662,487.37969403839,0.057345911250685,0.034506921609659,0.022482669154291,0.028095949479423,731.57412636979,-0.020307880514745,-0.0019024904954305,0.0011400297560754,730.35029058611,0.0044709888880476,-0.020487550392374,0,5.4244727796372e-11,5.4819834390353e-14,0,0,4.7238430520136e-14,4.333021722367e-14,5.4254431517583e-14,0,5.4449529294408e-14,4.9859636316205e-14,0,5.2840888057693e-14,4.9901227121083e-14,2.7480274691016e-12,0,0,2.5998139788456e-12,2.5831301151198e-12,2.7272834422744e-12,0,2.8242947504157e-12,2.6993714334958e-12,0,2.7772827696575e-12,2.745847870623e-12
2.9,1254525560.8978,1254525560.8978,1254525560.8978,676747783.12004,676747783.12004,676747783.12004,1,1,1,396511189.18267,2.8202903630082e-05,8.5560270906723e-05,2.519437861107e-05,1.0236907301361,329.93037022829,329.93037022829,335.7437052085,335.7437052085,329.93037022829,337.2855120028,337.2855120028,337.2855120028,344.3689166279,344.3689166279,344.3689166279,335.7437052085,0.0037813158062409,8.2172538184787e-39,-1.8615692625228e-35,-0.0026528067766526,-0.0046973193123382,-0.0029425565245284,-1.0372839622143e-42,-0.0029299440934762,-0.0021215202853953,-1.8456369620272e-43,-0.0025344483258091,0.003154232072414,480.88661758885,480.88661758885,486.69995256906,486.69995256906,480.88661758885,488.24175936336,488.24175936336,488.24175936336,495.32516398846,495.32516398846,495.32516398846,486.69995256906,0.057846896791996,0.035154401525304,0.022941839747194,0.028581451898165,729.20296284178,-0.02215026560452,0.00036360464181258,-0.0010752929807197,727.83221709254,0.0032535339312508,-0.022038998125625,0,5.9575302512912e-11,5.5445530164678e-14,0,0,4.7366466043858e-14,4.2747282990321e-14,5.4510806480386e-14,0,5.4436015071401e-14,4.9602612338776e-14,0,5.2865399969146e-14,4.9485052211192e-14,2.8264392898335e-12,0,0,2.6668002775265e-12,2.6435839024793e-12,2.8043733640949e-12,0,2.9012789012112e-12,2.7695201205944e-12,0,2.8520457352741e-12,2.8158303025948e-12
2.95,1246719826.3982,1246719826.3982,1246719826.3982,668942048.62042,668942048.62042,668942048.62042,1,1,1,397216206.41723,2.9025780213919e-05,8.7051098992678e-05,2.5904953403083e-05,1.0242056226689,328.53365725438,328.53365725438,334.6397035055,334.6397035055,328.53365725438,336.21614927024,336.21614927024,336.21614927024,343.46119817792,343.46119817792,343.46119817792,334.6397035055,0.0037888275579027,4.2625173881766e-37,-1.9397463955596e-34,-0.0026442834241386,-0.0047356115895429,-0.0029293840616763,-5.6901843648707e-41,-0.0029349753213524,-0.0021058705268268,-3.224587728898e-42,-0.0025253530955494,0.0031379270311331,479.90650702738,479.90650702738,486.0125532785,486.0125532785,479.90650702738,487.58899904324,487.58899904324,487.58899904324,494.83404795092,494.83404795092,494.83404795092,486.0125532785,0.05820954709856,0.035803118497351,0.023402032292083,0.029066688724594,726.86163977178,-0.024125851711084,-0.0024574787658651,0.0010934618005972,725.33537415156,0.0044933486232924,-0.025283393281601,0,6.5200746595148e-11,5.6294750850477e-14,0,0,4.7747848937846e-14,4.2299615419547e-14,5.4919308952166e-14,0,5.4608991723811e-14,4.9476855439254e-14,0,5.3096860397945e-14,4.9212925068383e-14,2.9060520899767e-12,0,0,2.7343259330685e-12,2.7034045922888e-12,2.8820409956512e-12,0,2.9785076779345e-12,2.8394909605802e-12,0,2.9271360353683e-12,2.8854278886706e-12
3,1239182265.6517,1239182265.6517,1239182265.6517,661404487.87391,661404487.87391,661404487.87391,1,1,1,397780297.01765,2.9844156358934e-05,8.8541988324775e-05,2.6619122562703e-05,1.0247203089677,327.17303796465,327.17303796465,333.56847468858,333.56847468858,327.17303796465,335.17919407249,335.17919407249,335.17919407249,342.5828419931,342.5828419931,342.5828419931,333.56847468858,0.0037941343304386,9.5099744883291e-36,-1.7105404000042e-33,-0.0026378113751159,-0.004770610439667,-0.0029158088778736,-2.305027789583e-39,-0.0029392304061077,-0.0020906267971658,-4.6276889342647e-41,-0.0025159917956325,0.0031229985491727,478.92498395914,478.92498395914,485.32042068307,485.32042068307,478.92498395914,486.93114006698,486.93114006698,486.93114006698,494.33478798758,494.33478798758,494.33478798758,485.32042068307,0.058431508230188,0.036452975760556,0.023863166470704,0.029551660039301,724.5583381413,-0.029086415137206,-0.0056758658825947,-0.00066253673713381,722.86907403285,0.0063629388995001,-0.026111180458789,0,7.1074872549531e-11,5.739019998117e-14,0,0,4.8420007805754e-14,4.1986527505681e-14,5.5493977119756e-14,0,5.493383381246e-14,4.9532915170816e-14,0,5.351555580808e-14,4.9091046854786e-14,2.9872140891373e-12,0,0,2.8028021647977e-12,2.7627825089243e-12,2.960521330724e-12,0,3.0561958507453e-12,2.9095410809986e-12,0,3.00281846019e-12,2.9548531129237e-12
3.05,1231901527.4007,1231901527.4007,1231901527.4007,654123749.62292,654123749.62292,654123749.62292,1,1,1,398230233.399,3.0657902749662e-05,9.0033066959435e-05,2.7338473297225e-05,1.0252347626415,325.84836285343,325.84836285343,332.52836318949,332.52836318949,325.84836285343,334.1735654184,334.1735654184,334.1735654184,341.73251946517,341.73251946517,341.73251946517,332.52836318949,0.003803616529782,1.4894428390099e-34,-1.2866476427804e-32,-0.0026288423716201,-0.0048038639547559,-0.0029040203964604,-7.2167445314091e-38,-0.0029468470092428,-0.0020731546680782,-5.5043396108793e-40,-0.002504399968978,0.0031061577770364,477.94544077964,477.94544077964,484.6254411157,484.6254411157,477.94544077964,486.27064334461,486.27064334461,486.27064334461,493.82959739138,493.82959739138,493.82959739138,484.6254411157,0.058502862134959,0.037103888114682,0.024325104368535,0.030036365561939,722.29559130001,-0.030086578073339,-0.0019122569461874,0.0026163233751562,720.43784039596,0.0074432847159632,-0.029156285829089,0,7.7147083314334e-11,5.8696810679964e-14,0,0,4.9419907253269e-14,4.1830273498093e-14,5.6232408857981e-14,0,5.5406712715966e-14,4.9733050812884e-14,0,5.4114707580514e-14,4.908346293367e-14,3.070223914869e-12,0,0,2.8726924678864e-12,2.8219394490231e-12,3.0400459659758e-12,0,3.1345527753147e-12,2.9798742359564e-12,0,3.0793482135742e-12,3.0242676118928e-12
3.1,1224867367.0156,1224867367.0156,1224867367.0156,647089589.2378,647089589.2378,647089589.2378,1,1,1,398588748.05991,3.1468037805863e-05,9.152423034699e-05,2.8061040183566e-05,1.0257489300553,324.5586544505,324.5586544505,331.51892259662,331.51892259662,324.5586544505,333.19747061377,333.19747061377,333.19747061377,340.90963367213,340.90963367213,340.90963367213,331.51892259662,0.0038115399880983,1.8439365042209e-33,-8.705360053721e-32,-0.0026212830681464,-0.0048344470295343,-0.0028919249319734,-1.7502824563058e-36,-0.002949520271711,-0.0020576545529797,-5.6626949751508e-39,-0.00249417023384,0.0030914311781627,476.97000307375,476.97000307375,483.93027121987,483.93027121987,476.97000307375,485.60881923702,485.60881923702,485.60881923702,493.32098229537,493.32098229537,493.32098229537,483.93027121987,0.058524184190182,0.03775576494166,0.024787745773961,0.030520806487033,720.08046764392,-0.032160463549245,0.0005360873409488,-0.00038890529242378,718.04822976784,0.0024748315332402,-0.031786198061472,0,8.3375929172632e-11,6.02582863763e-14,0,0,5.075714422688e-14,4.1807857315413e-14,5.7126362553443e-14,0,5.6029516868412e-14,5.0111703702842e-14,0,5.4901045733684e-14,4.9214998400319e-14,3.1554420007077e-12,0,0,2.9444739096394e-12,2.8810646878523e-12,3.120834842668e-12,0,3.2137904779632e-12,3.0507428869666e-12,0,3.1569900170393e-12,3.0938681301027e-12
3.15,1218069578.8978,1218069578.8978,1218069578.8978,640291801.12003,640291801.12003,640291801.12003,1,1,1,398875701.51362,3.2270517747159e-05,9.3015387492535e-05,2.8784363188065e-05,1.0262627567519,323.30335388021,323.30335388021,330.5385140397,330.5385140397,323.30335388021,332.2506758667,332.2506758667,332.2506758667,340.11272428984,340.11272428984,340.11272428984,330.5385140397,0.003820472347489,1.8848064956326e-32,-5.2024244553571e-31,-0.0026156376610291,-0.004863753655632,-0.0028803490513417,-3.397313758218e-35,-0.0029530499546807,-0.0020398894208524,-4.930410255881e-38,-0.0024804274877754,0.0030768294457174,476.00099122095,476.00099122095,483.23615138044,483.23615138044,476.00099122095,484.94831320744,484.94831320744,484.94831320744,492.81036163058,492.81036163058,492.81036163058,483.23615138044,0.058811432539892,0.038408504819743,0.025250955598492,0.03100498362948,717.9194561633,-0.035182614793186,-0.0014351886649783,-0.00052657454646387,715.70716399692,0.0026227007242305,-0.035086549153907,0,8.9701471729998e-11,6.2042123917858e-14,0,0,5.2422526539894e-14,4.1887580705643e-14,5.8178890194205e-14,0,5.6818687422389e-14,5.0630039839883e-14,0,5.5891203641005e-14,4.9470970137943e-14,3.2431828137908e-12,0,0,3.018610557646e-12,2.9403026725812e-12,3.2031122182244e-12,0,3.2941442363122e-12,3.1223445759716e-12,0,3.2360321152458e-12,3.1638306470155e-12
3.2,1211500015.123,1211500015.123,1211500015.123,633722237.34525,633722237.34525,633722237.34525,1,1,1,399103418.45883,3.3064095511067e-05,9.4506528865023e-05,2.9507513942047e-05,1.0267762169693,322.08140958301,322.08140958301,329.58634440694,329.58634440694,322.08140958301,331.33264578921,331.33264578921,331.33264578921,339.34141858322,339.34141858322,339.34141858322,329.58634440694,0.0038326325166255,1.633951787383e-31,-2.84520229373e-30,-0.0026093029520177,-0.0048933813279787,-0.0028678688073423,-5.332400247359e-34,-0.0029562169521842,-0.0020199516729651,-3.5596963819941e-37,-0.0024652193971712,0.0030630125041123,475.0400007969,475.0400007969,482.54493562083,482.54493562083,475.0400007969,484.29123700311,484.29123700311,484.29123700311,492.30000979711,492.30000979711,492.30000979711,482.54493562083,0.058632731772378,0.039062022340878,0.025714620282496,0.031488898288101,715.81462122514,-0.036529385452823,0.00081394107963446,-0.00065555364292584,713.41978455827,0.0036574315354311,-0.037241984534868,0,9.6069045157463e-11,6.4051351458014e-14,0,0,5.4447663322795e-14,4.2093312026018e-14,5.9395151174678e-14,0,5.773784683457e-14,5.130813813546e-14,0,5.7059603800274e-14,4.9833835285369e-14,3.333765103711e-12,0,0,3.0956111815566e-12,2.9998316053336e-12,3.2871096465549e-12,0,3.3757978823679e-12,3.1949052407829e-12,0,3.3167265808037e-12,3.2343063327411e-12
3.25,1205149906.9653,1205149906.9653,1205149906.9653,627372129.18751,627372129.18751,627372129.18751,1,1,1,399284493.78012,3.3849285462623e-05,9.5997644293112e-05,3.022953547097e-05,1.0272893108358,320.89288780593,320.89288780593,328.66121049197,328.66121049197,320.89288780593,330.44191188495,330.44191188495,330.44191188495,338.59503917475,338.59503917475,338.59503917475,328.66121049197,0.0038432840408306,1.2202501704689e-30,-1.4232147798447e-29,-0.0026049806839193,-0.0049201953989143,-0.0028575114030837,-6.9638078419648e-33,-0.0029582019228175,-0.0020010557960716,-1.9995236545052e-36,-0.0024502075968532,0.0030493213990165,474.0894018695,474.0894018695,481.85772455554,481.85772455554,474.0894018695,483.63842594852,483.63842594852,483.63842594852,491.79155323833,491.79155323833,491.79155323833,481.85772455554,0.0585242348127,0.039716254189871,0.026178674418668,0.031972551024987,713.76609408678,-0.041141729823889,-0.0016240714499221,9.0600563647661e-05,711.18316627546,0.0027376113161709,-0.040674193018531,0,1.024284190301e-10,6.6289864360697e-14,0,0,5.6827444533741e-14,4.239024905022e-14,6.0775024551434e-14,0,5.8816013717382e-14,5.2139443799761e-14,0,5.8419037847626e-14,5.0325280475381e-14,3.4275131289378e-12,0,0,3.1759773243313e-12,3.0597804704528e-12,3.3730585105291e-12,0,3.4589762866517e-12,3.2686415493391e-12,0,3.3993435764286e-12,3.3054770269197e-12
3.3,1199009972.5722,1199009972.5722,1199009972.5722,621232194.79441,621232194.79441,621232194.79441,1,1,1,399428426.54803,3.462417227093e-05,9.7488678174601e-05,3.0949414307307e-05,1.027802006038,319.73631221779,319.73631221779,327.76250691948,327.76250691948,319.73631221779,329.57761998925,329.57761998925,329.57761998925,337.87264676991,337.87264676991,337.87264676991,327.76250691948,0.0038572306441493,8.0311934084698e-30,-6.6270263858483e-29,-0.002599872182822,-0.0049470844230713,-0.0028462493308719,-7.5953947762995e-32,-0.0029600689303153,-0.0019800174977534,-5.411356724498e-36,-0.0024331089515706,0.0030367311024613,473.14990495249,473.14990495249,481.17609965417,481.17609965417,473.14990495249,482.99121272394,482.99121272394,482.99121272394,491.28623950461,491.28623950461,491.28623950461,481.17609965417,0.058346959245925,0.040371117426787,0.026643028638541,0.032455943020352,711.77662587108,-0.044142946794317,0.00047961544582472,0.00052691146283549,709.00395560521,0.0039036114322287,-0.043985527753501,0,1.088536783406e-10,6.8755456777224e-14,0,0,5.9588419544193e-14,4.2794178538806e-14,6.2330121828927e-14,0,6.0028770313349e-14,5.3121156513641e-14,0,5.996847560706e-14,5.090893158613e-14,3.5247480283993e-12,0,0,3.260248075411e-12,3.120300578133e-12,3.4612066141639e-12,0,3.5438697877614e-12,3.3437662093296e-12,0,3.484151807947e-12,3.3774731284147e-12
3.35,1193076909.7212,1193076909.7212,1193076909.7212,615299131.94338,615299131.94338,615299131.94338,1,1,1,399542866.49746,3.5388944662104e-05,9.8979626447987e-05,3.1666194751046e-05,1.0283142911974,318.61216496949,318.61216496949,326.88994165435,326.88994165435,318.61216496949,328.73924106758,328.73924106758,328.73924106758,337.17429870878,337.17429870878,337.17429870878,326.88994165435,0.0038705556769981,4.6962316020659e-29,-2.9073797739674e-28,-0.0025955641961783,-0.004972497216173,-0.0028356690012524,-7.0026521754897e-31,-0.0029606477498342,-0.0019589807775221,5.4519890668462e-35,-0.0024161056143018,0.0030253875459959,472.22383819938,472.22383819938,480.50161488424,480.50161488424,472.22383819938,482.35091429747,482.35091429747,482.35091429747,490.78597193867,490.78597193867,490.78597193867,480.50161488424,0.058127871582529,0.041026544669818,0.027107610955155,0.032939075697013,709.8470487222,-0.047401295200819,0.0017099879050414,0.00068497283887974,706.8833952115,0.003276587095333,-0.045720481288892,0,1.2068032577037e-10,7.145978016128e-14,0,0,6.27347892454e-14,4.3289151599772e-14,6.4070816692881e-14,0,6.1383591652521e-14,5.4259146656814e-14,0,6.1710053508203e-14,5.1605476509147e-14,3.6258074186676e-12,0,0,3.3489684651945e-12,3.181520683429e-12,3.5518164320833e-12,0,3.6306792955836e-12,3.4205002304145e-12,0,3.5714230025531e-12,3.4504542931866e-12
3.4,1187334900.8086,1187334900.8086,1187334900.8086,609557123.03081,609557123.03081,609557123.03081,1,1,1,399633920.67944,3.6142549877314e-05,0.00010047042422245,3.2378365751508e-05,1.0288261621401,317.51814175634,317.51814175634,326.0416280139,326.0416280139,317.51814175634,327.92493079809,327.92493079809,327.92493079809,336.49803471407,336.49803471407,336.49803471407,326.0416280139,0.0038838208911004,2.4742032733801e-28,-1.2015180439779e-27,-0.0025927523376902,-0.0049951902345639,-0.0028267321292124,-5.5299540851228e-30,-0.0029597893654998,-0.0019381674418947,1.1381909625135e-33,-0.0023983465543304,0.0030154409961749,471.3108001345,471.3108001345,479.83428639206,479.83428639206,471.3108001345,481.71758917625,481.71758917625,481.71758917625,490.29069309224,490.29069309224,490.29069309224,479.83428639206,0.057883757690716,0.041682467287647,0.027572326891954,0.033421950248804,707.97727634147,-0.050163541230685,-0.00084097335987243,0.00049936950146738,704.82075566295,0.0045309843206695,-0.049352454871185,0,1.3343046753196e-10,7.4385128894058e-14,0,0,6.6270737181689e-14,4.3861043298969e-14,6.5998741065544e-14,0,6.2895204352169e-14,5.5533407762854e-14,0,6.3671271482556e-14,5.2402105462388e-14,3.7310038767884e-12,0,0,3.4426894405053e-12,3.2435495657223e-12,3.6451527467977e-12,0,3.7196265465867e-12,3.4990363288375e-12,0,3.6614677782172e-12,3.5245620614285e-12
3.45,1181779164.7778,1181779164.7778,1181779164.7778,604001387.00006,604001387.00006,604001387.00006,1,1,1,399706316.35846,3.6884211376315e-05,0.00010196103121682,3.3085427128653e-05,1.0293376180209,316.4543760495,316.4543760495,325.21669930598,325.21669930598,316.4543760495,327.13461539995,327.13461539995,327.13461539995,335.8431630508,335.8431630508,335.8431630508,325.21669930598,0.0038993487341225,1.1762076176534e-27,-4.7042691393594e-27,-0.0025904622733227,-0.0050174087441911,-0.0028170251465362,-3.7793526157224e-29,-0.0029591239592637,-0.0019159894757365,1.288652974769e-32,-0.0023793816575446,0.0030062952919621,470.41241437361,470.41241437361,479.17473763009,479.17473763009,470.41241437361,481.09265372405,481.09265372405,481.09265372405,489.80120137491,489.80120137491,489.80120137491,479.17473763009,0.057520988356791,0.042338828348623,0.028037117783844,0.033904567436503,706.16654313655,-0.053493666679686,0.0005571067934828,0.00035614440437293,702.81620343542,0.0084436889157859,-0.053148048371304,0,1.5361939709864e-10,7.7542168169954e-14,0,0,7.0191306677532e-14,4.4513594373796e-14,6.8134497717229e-14,0,6.4531627647403e-14,5.6958090025648e-14,0,6.582901581401e-14,5.3280795539906e-14,3.8406650626702e-12,0,0,3.5419549383694e-12,3.3065012945957e-12,3.7415094775349e-12,0,3.8108880496076e-12,3.5795872322387e-12,0,3.7545640651791e-12,3.599912485095e-12
3.5,1176407201.2471,1176407201.2471,1176407201.2471,598629423.46936,598629423.46936,598629423.46936,1,1,1,399763962.17084,3.7613877399704e-05,0.00010345148973122,3.3786331133977e-05,1.029848668458,315.42146632898,315.42146632898,324.41480253021,324.41480253021,315.42146632898,326.36751587191,326.36751587191,326.36751587191,335.21005124396,335.21005124396,335.21005124396,324.41480253021,0.0039146514940871,5.1031919573473e-27,-1.7714139633242e-26,-0.0025878172093218,-0.0050388258490847,-0.0028087675246253,-2.2624658557458e-28,-0.0029568096929043,-0.0018944330073761,1.1517779726109e-31,-0.0023609154925534,0.0029980538514269,469.53061234103,469.53061234103,478.52394854227,478.52394854227,469.53061234103,480.47666188396,480.47666188396,480.47666188396,489.31919725601,489.31919725601,489.31919725601,478.52394854227,0.057143411817028,0.042995583893026,0.028501948943306,0.034386929245822,704.41256737141,-0.055434229176777,0.0017747669643121,0.0018597448965123,700.86941055227,0.0084303356352878,-0.055777194469716,0,1.7929015208147e-10,8.0939215189309e-14,0,0,7.4518216401155e-14,4.5242640061318e-14,7.0478418874574e-14,0,6.6307368417723e-14,5.8545680091584e-14,0,6.8193899206633e-14,5.4258791659052e-14,3.9551303985187e-12,0,0,3.6473396106477e-12,3.3704840497679e-12,3.8411810133619e-12,0,3.9046608293092e-12,3.6623833270425e-12,0,3.8510048023082e-12,3.6766460041372e-12
3.55,1171210595.9405,1171210595.9405,1171210595.9405,593432818.16275,593432818.16275,593432818.16275,1,1,1,399809933.59277,3.833298585904e-05,0.00010494178053523,3.4481459807393e-05,1.0303592978709,314.41795394467,314.41795394467,323.634942658,323.634942658,314.41795394467,325.62325866962,325.62325866962,325.62325866962,334.59764645161,334.59764645161,334.59764645161,323.634942658,0.0039278528428138,2.0134156783948e-26,-6.421827973501e-26,-0.0025863638900592,-0.0050582070587893,-0.0028012018019887,-1.1883373444769e-27,-0.002951598346521,-0.0018745925715235,8.6742178401868e-31,-0.0023442277004746,0.0029907029214118,468.66524608883,468.66524608883,477.88223480217,477.88223480217,468.66524608883,479.87055081378,479.87055081378,479.87055081378,488.84493859577,488.84493859577,488.84493859577,477.88223480217,0.056757769145747,0.043652676967614,0.028966745637707,0.034869036009601,702.71767977388,-0.059636576944279,0.00084937991455667,0.00038145956968005,698.98053359293,0.0033463561856308,-0.058860556870274,0,2.0844083520661e-10,8.4606262148479e-14,0,0,7.925093041922e-14,4.6036352974304e-14,7.3069192809205e-14,0,6.8246191927486e-14,6.0304248130265e-14,0,7.0774060218914e-14,5.5347996959727e-14,4.0747817219108e-12,0,0,3.7594173512773e-12,3.4355892845064e-12,3.9445164568244e-12,0,4.0011755195134e-12,3.7476664126171e-12,0,3.951094438134e-12,3.7549198920879e-12
3.6,1166182375.1363,1166182375.1363,1166182375.1363,588404597.35856,588404597.35856,588404597.35856,1,1,1,399846693.86178,3.9039040203623e-05,0.00010643176647167,3.516864127332e-05,1.0308694844046,313.44308155668,313.44308155668,322.87636985442,322.87636985442,313.44308155668,324.90108812686,324.90108812686,324.90108812686,334.00505302504,334.00505302504,334.00505302504,322.87636985442,0.0039432480734086,7.2908348364515e-26,-2.2304141409938e-25,-0.002586460554769,-0.0050753983756852,-0.0027932330224415,-5.5294367501982e-27,-0.0029462200617082,-0.001853314907254,5.7072827235954e-30,-0.0023249416418697,0.0029853516126711,467.81670034773,467.81670034773,477.24998864546,477.24998864546,467.81670034773,479.2747069179,479.2747069179,479.2747069179,488.37867181609,488.37867181609,488.37867181609,477.24998864546,0.056416236555092,0.044310034650221,0.02943145053528,0.035350889404086,701.08300639887,-0.060795017472715,0.0014849136313978,-0.0013854683917337,697.15444294158,0.0046319624716992,-0.061627372386815,0,2.4124202978708e-10,8.8517849643218e-14,0,0,8.4345871755131e-14,4.6886738466045e-14,7.5880760217265e-14,0,7.0335150904292e-14,6.2212414074778e-14,0,7.3602482652435e-14,5.6492204130862e-14,4.1999648653884e-12,0,0,3.8787004270436e-12,3.5018971459405e-12,4.0518280570468e-12,0,4.1006444438338e-12,3.8356480523496e-12,0,4.0551840673254e-12,3.8348119333381e-12
3.65,1161316781.168,1161316781.168,1161316781.168,583539003.3902,583539003.3902,583539003.3902,1,1,1,399876032.83659,3.9732098538262e-05,0.00010792153727769,3.5847070644465e-05,1.0313792875456,312.49598726634,312.49598726634,322.13853257353,322.13853257353,312.49598726634,324.20016797531,324.20016797531,324.20016797531,333.4321525742,333.4321525742,333.4321525742,322.13853257353,0.0039591474088222,2.4276537005095e-25,-7.4932419556733e-25,-0.0025864617281095,-0.0050946260804954,-0.0027864318575761,-2.3109008915782e-26,-0.0029409576873087,-0.0018320309341717,3.3472151098338e-29,-0.0023058374988745,0.0029789725961295,466.98523016352,466.98523016352,476.62777547071,476.62777547071,466.98523016352,478.68941087249,478.68941087249,478.68941087249,487.92139547138,487.92139547138,487.92139547138,476.62777547071,0.055870522996506,0.044967662294979,0.029896085650212,0.035832490490015,699.50108086364,-0.065742446816624,-0.00019811437677934,0.0014983568962324,695.37985555967,0.0035433512084277,-0.064992804095037,0,2.7783536469586e-10,9.2669787987443e-14,0,0,8.9771053058021e-14,4.7764481858869e-14,7.8944340681508e-14,0,7.2574310779486e-14,6.4287650694456e-14,0,7.6657196744399e-14,5.7736901321395e-14,4.3310197363824e-12,0,0,4.0056558677867e-12,3.5694463239851e-12,4.1634722143112e-12,0,4.203280018418e-12,3.9265645198548e-12,0,4.1635937146148e-12,3.9164642422362e-12
3.7,1156608185.7781,1156608185.7781,1156608185.7781,578830408.00031,578830408.00031,578830408.00031,1,1,1,399899520.50969,4.0411923992118e-05,0.0001094109775916,3.6516726274211e-05,1.0318886610991,311.57606506158,311.57606506158,321.42136384343,321.42136384343,311.57606506158,323.51975889883,323.51975889883,323.51975889883,332.87782223378,332.87782223378,332.87782223378,321.42136384343,0.0039748986338799,7.4833459475405e-25,-2.4165260451828e-24,-0.0025883262000669,-0.005109865104024,-0.0027796080498043,-8.6717459024255e-26,-0.0029343975562834,-0.0018108210344007,1.7682573330925e-28,-0.0022861384678777,0.0029744709228341,466.17116183526,466.17116183526,476.01646061711,476.01646061711,466.17116183526,478.11485567251,478.11485567251,478.11485567251,487.47291900746,487.47291900746,487.47291900746,476.01646061711,0.055367676293222,0.045625472494803,0.030360539172753,0.036313840159711,697.97665573281,-0.068849631213748,-0.0016069528584964,0.0023313086084272,693.66542175414,0.006120222539804,-0.067942565247863,0,3.1835317484659e-10,9.707653584266e-14,0,0,9.5540376473073e-14,4.870209493879e-14,8.2275379679989e-14,0,7.4991273292768e-14,6.6541377300971e-14,0,7.9978134304757e-14,5.9045429822633e-14,4.4683066899593e-12,0,0,4.1407703639492e-12,3.6383214871635e-12,4.279827172104e-12,0,4.3093336941683e-12,4.0206682380928e-12,0,4.2766998768419e-12,3.9999670898875e-12
3.725,1154710290.9552,1154710290.9552,1154710290.9552,576932513.17737,576932513.17737,576932513.17737,1,1,1,399908506.89346,4.0750253596727e-05,0.00011015572335663,3.6851875137247e-05,1.0321451081307,311.20539125887,311.20539125887,321.13049021138,321.13049021138,311.20539125887,323.24253040064,323.24253040064,323.24253040064,332.65584620048,332.65584620048,332.65584620048,321.13049021138,0.0040160216326347,1.3377398426754e-24,-4.3219881622311e-24,-0.0026047366609737,-0.0051625447850836,-0.0027955706861012,-1.6831530997795e-25,-0.0029531873999237,-0.0018103805483788,4.0100719891687e-28,-0.0022910747295436,0.002991845578434,465.84276643853,465.84276643853,475.76786539104,475.76786539104,465.84276643853,477.87990558031,477.87990558031,477.87990558031,487.29322138015,487.29322138015,487.29322138015,475.76786539104,0.05475930553173,0.045955081469015,0.030593384134152,0.036554415195551,696.9780403962,-0.07000918373345,-0.0010393484818461,-0.0011199280516114,692.56498037598,0.0037025417047269,-0.069462506461886,0,3.3954530949517e-10,4.9505610716058e-14,0,0,4.907866103353e-14,2.4491951379944e-14,4.1849247259411e-14,0,3.7964614737944e-14,3.3720212868983e-14,0,4.067851877451e-14,2.9722541666039e-14,4.5383181960475e-12,0,0,4.2101780720059e-12,3.672958336974e-12,4.3390109451534e-12,0,4.363023767221e-12,4.0683558204582e-12,0,4.3342279897901e-12,4.0420011114198e-12
3.775,1150184518.1991,1150184518.1991,1150184518.1991,572406740.42127,572406740.42127,572406740.42127,1,1,1,399925651.91769,4.1412102288611e-05,0.00011164462758231,3.7507611389168e-05,1.0326513719609,310.3148212432,310.3148212432,320.43707395206,320.43707395206,310.3148212432,322.58648601634,322.58648601634,322.58648601634,332.12383741571,332.12383741571,332.12383741571,320.43707395206,0.003974156133218,3.5697721913412e-24,-1.3013565989176e-23,-0.0025792322917305,-0.0051002593301876,-0.0027578863342445,-5.2517382364154e-25,-0.0029092279047394,-0.001775957153551,1.8428834312257e-27,-0.0022506397733047,0.0029538240289184,465.0463635539,465.0463635539,475.16861626275,475.16861626275,465.0463635539,477.31802832704,477.31802832704,477.31802832704,486.8553797264,486.8553797264,486.8553797264,475.16861626275,0.054801173276849,0.0466124146057,0.031056777725956,0.037035391400793,695.8760131344,-0.073611282311005,-0.00083878910104287,0.0011927989020613,691.28051483714,0.0038814912116771,-0.072269509152472,0,3.8622432267768e-10,1.0440427535814e-13,0,0,1.0497258857407e-13,5.0297596852459e-14,8.7924325812241e-14,0,7.9079325537315e-14,7.0429489827974e-14,0,8.5599082115326e-14,6.1266640917664e-14,4.6859681382288e-12,0,0,4.3586317304448e-12,3.7440898805975e-12,4.4633547191796e-12,0,4.4748588218992e-12,4.167958160164e-12,0,4.4552833726443e-12,4.1286452259266e-12
3.825,1145842641.4021,1145842641.4021,1145842641.4021,568064863.62427,568064863.62427,568064863.62427,1,1,1,399938390.15532,4.2062819065263e-05,0.00011313326095033,3.815586546067e-05,1.0331594081364,309.46090519826,309.46090519826,319.76737193946,319.76737193946,309.46090519826,321.95555263563,321.95555263563,321.95555263563,331.61287751672,331.61287751672,331.61287751672,319.76737193946,0.0040081102994818,9.3043359224454e-24,-3.8113570358111e-23,-0.0025927912272992,-0.0051351169737941,-0.002763495873878,-1.520980511363e-24,-0.0029132928481481,-0.0017642263684634,7.8662911264985e-27,-0.002241051114479,0.0029628641477651,464.27767164196,464.27767164196,474.58413838316,474.58413838316,464.27767164196,476.77231907933,476.77231907933,476.77231907933,486.42964396042,486.42964396042,486.42964396042,474.58413838316,0.053789661519737,0.047270445319913,0.031520564912683,0.037516114030298,694.52972815298,-0.076285868231369,0.00085844856496011,0.0010373113110619,689.7502868146,0.0034344706067362,-0.075696039517596,0,4.372287624265e-10,1.0958584183175e-13,0,0,1.1170916073575e-13,5.1408413545351e-14,9.1979106870694e-14,0,8.1991553368751e-14,7.3263110019635e-14,0,8.9637094714503e-14,6.2806304078114e-14,4.8409459219913e-12,0,0,4.5166123405986e-12,3.8167923562534e-12,4.5934328195711e-12,0,4.5908123886733e-12,4.2715678439754e-12,0,4.5820493676812e-12,4.2174667529564e-12
3.875,1141623153.9994,1141623153.9994,1141623153.9994,563845376.22163,563845376.22163,563845376.22163,1,1,1,399948782.44093,4.2701773004469e-05,0.00011462149953524,3.8794210420358e-05,1.0336673434772,308.62794685956,308.62794685956,319.11336698127,319.11336698127,308.62794685956,321.34174519859,321.34174519859,321.34174519859,331.11643037277,331.11643037277,331.11643037277,319.11336698127,0.0040253689684776,2.2722827337484e-23,-1.0794941115598e-22,-0.0026004500122345,-0.005147797980767,-0.0027588208913123,-4.0252093717346e-24,-0.0029055209421488,-0.0017472707860948,3.1275652330707e-26,-0.0022238112637137,0.0029617450082935,463.52311870101,463.52311870101,474.00853882272,474.00853882272,463.52311870101,476.23691704004,476.23691704004,476.23691704004,486.01160221422,486.01160221422,486.01160221422,474.00853882272,0.053232399056243,0.04792862415641,0.031984179553462,0.037996586942133,693.19543712744,-0.07964964646646,-0.0029581667864514,0.0012343662717906,688.23326663506,0.0076377815430198,-0.078409984614311,0,4.9258624957608e-10,1.150017636849e-13,0,0,1.1867317973442e-13,5.254692023109e-14,9.6272053935099e-14,0,8.5063244863482e-14,7.6270013331587e-14,0,9.39350246952e-14,6.4393083243501e-14,5.0035829758913e-12,0,0,4.6844415608689e-12,3.8911049235052e-12,4.7295820639236e-12,0,4.7111099832187e-12,4.3794299312313e-12,0,4.714893553587e-12,4.3085323246024e-12
3.925,1137528762.4402,1137528762.4402,1137528762.4402,559750984.66239,559750984.66239,559750984.66239,1,1,1,399957257.10281,4.3329669644037e-05,0.00011610940105648,3.9423699213661e-05,1.0341750069501,307.81746568631,307.81746568631,318.4757710851,318.4757710851,307.81746568631,320.74473707876,320.74473707876,320.74473707876,330.63499474833,330.63499474833,330.63499474833,318.4757710851,0.004042825918954,5.2058442538656e-23,-2.9627560972545e-22,-0.0026034394195622,-0.0051600914541829,-0.00275341904607,-9.8019592479356e-24,-0.0028967033806742,-0.0017302686277163,1.1675855011285e-25,-0.002206579969745,0.0029590712024794,462.78465720491,462.78465720491,473.4429626037,473.4429626037,462.78465720491,475.71192859736,475.71192859736,475.71192859736,485.60218626693,485.60218626693,485.60218626693,473.4429626037,0.05250215218825,0.048586902287347,0.032447586249813,0.038476810211928,691.89673113083,-0.082631557377706,0.0020308535609015,0.00071720014798128,686.75322654108,0.0053772352181138,-0.082140195731933,0,5.5215006282358e-10,1.2075204926944e-13,0,0,1.2584283229599e-13,5.3785146347009e-14,1.0085696320136e-13,0,8.8275387355962e-14,7.958056501619e-14,0,9.8464527636381e-14,6.6039359159702e-14,5.1743521616525e-12,0,0,4.8624102010294e-12,3.9671686069233e-12,4.8722153491427e-12,0,4.8359502332412e-12,4.4919738455785e-12,0,4.8541434239831e-12,4.4019260819765e-12
3.975,1133562802.1141,1133562802.1141,1133562802.1141,555785024.33628,555785024.33628,555785024.33628,1,1,1,399964218.42043,4.3946805623206e-05,0.00011759691476859,4.0043173594692e-05,1.0346823074168,307.030337404,307.030337404,317.85558485938,317.85558485938,307.030337404,320.16541424168,320.16541424168,320.16541424168,330.16855876798,330.16855876798,330.16855876798,317.85558485938,0.0040563265816245,1.1236605059995e-22,-7.8981961844121e-22,-0.0026085821069091,-0.0051684711844732,-0.0027491135929456,-2.2021005761694e-23,-0.002885528663379,-0.0017150300264238,4.1136551367846e-25,-0.0021903898478459,0.0029561676012718,462.06357639419,462.06357639419,472.88882384957,472.88882384957,462.06357639419,475.19865323187,475.19865323187,475.19865323187,485.20179775818,485.20179775818,485.20179775818,472.88882384957,0.05199392332302,0.04924520114475,0.032910711137837,0.038956785434581,690.64542058712,-0.084431764928325,-0.00076020937984801,0.00010088750851708,685.32381763445,0.0036139588462274,-0.083976573068259,0,6.1566887376621e-10,1.2683453008558e-13,0,0,1.3313208722055e-13,5.5114889982807e-14,1.0576080746738e-13,0,9.1710704102546e-14,8.3187705604141e-14,0,1.0333798715802e-13,6.7814100800034e-14,5.3537232742767e-12,0,0,5.0506874043637e-12,4.0451128318257e-12,5.0217837174306e-12,0,4.9656487547978e-12,4.6096190270666e-12,0,5.0002854069303e-12,4.497829703048e-12
4.025,1129718422.403,1129718422.403,1129718422.403,551940644.62524,551940644.62524,551940644.62524,1,1,1,399969941.35223,4.4554337142266e-05,0.00011908400762072,4.0653319575456e-05,1.0351892640412,306.26570276789,306.26570276789,317.25188765998,317.25188765998,306.26570276789,319.60276850584,319.60276850584,319.60276850584,329.71626332353,329.71626332353,329.71626332353,317.25188765998,0.0040699037611598,2.2699461690185e-22,-2.0365295610977e-21,-0.0026146295973394,-0.0051756277452172,-0.0027441908982831,-4.5656273004422e-23,-0.0028744866920794,-0.0017007219775799,1.3543896020944e-24,-0.0021739844392005,0.0029541979406563,461.35952582787,461.35952582787,472.34571071996,472.34571071996,461.35952582787,474.69659156582,474.69659156582,474.69659156582,484.81008638351,484.81008638351,484.81008638351,472.34571071996,0.051387770157725,0.049903515554587,0.033373566742616,0.039436511641829,689.43930714499,-0.088256003094774,-0.0012252362593635,0.00018314932901945,683.93967247473,0.0017032684788754,-0.087686267775622,0,6.82623417147e-10,1.3327856961231e-13,0,0,1.4037886519582e-13,5.6542060711266e-14,1.1101068596644e-13,0,9.533827860528e-14,8.7150546805606e-14,0,1.085127280885e-13,6.968772235316e-14,5.5422076349962e-12,0,0,5.2492130993942e-12,4.1250753809281e-12,5.1787765350927e-12,0,5.1004774414147e-12,4.7328685123273e-12,0,5.1537455786831e-12,4.5963830251308e-12
4.075,1125995113.974,1125995113.974,1125995113.974,548217336.19622,548217336.19622,548217336.19622,1,1,1,399974658.79149,4.5151260351058e-05,0.0001205706342628,4.1253618422214e-05,1.0356958563635,305.52390331936,305.52390331936,316.66426162625,316.66426162625,305.52390331936,319.05664477474,319.05664477474,319.05664477474,329.27866032364,329.27866032364,329.27866032364,316.66426162625,0.0040843311038082,4.3101673690666e-22,-5.1007481017034e-21,-0.0026206138713422,-0.0051821798889522,-0.0027388219795031,-8.8058393456695e-23,-0.0028636330875823,-0.0016859324961513,4.2303846694018e-24,-0.0021567291196211,0.0029526458807799,460.67331398097,460.67331398097,471.81367228785,471.81367228785,460.67331398097,474.20605543634,474.20605543634,474.20605543634,484.42807098525,484.42807098525,484.42807098525,471.81367228785,0.050751921932603,0.050561800119501,0.033836120089982,0.039915989522065,688.28030486514,-0.090529150649162,0.00020336088577562,-0.00012970126358736,682.60618032005,0.002126743625758,-0.090018015973099,0,7.5240397410482e-10,1.4007416055798e-13,0,0,1.4755338965129e-13,5.8106119451101e-14,1.1660079811705e-13,0,9.9114194622441e-14,9.1502970537842e-14,0,1.1400758549399e-13,7.1656263153371e-14,5.7403024125953e-12,0,0,5.4578851042132e-12,4.2072498431127e-12,5.3436749651734e-12,0,5.2406460796735e-12,4.8622732542593e-12,0,5.3149766523021e-12,4.6977202843112e-12
4.125,1122373216.653,1122373216.653,1122373216.653,544595438.87521,544595438.87521,544595438.87521,1,1,1,399978559.97772,4.5739685680747e-05,0.00012205681192399,4.1844925382957e-05,1.0362021313047,304.80099607683,304.80099607683,316.09011144601,316.09011144601,304.80099607683,318.52488625564,318.52488625564,318.52488625564,328.85280190721,328.85280190721,328.85280190721,316.09011144601,0.0040966488865315,7.7039873597596e-22,-1.2369294319088e-20,-0.0026284083241851,-0.0051861686704162,-0.0027350182293755,-1.5820697205108e-22,-0.0028521434606746,-0.0016734367805477,1.2525003146247e-23,-0.0021411765878875,0.0029512302506486,460.00158548815,460.00158548815,471.29070085733,471.29070085733,460.00158548815,473.72547566697,473.72547566697,473.72547566697,484.05339131853,484.05339131853,484.05339131853,471.29070085733,0.050128894617382,0.051220043541811,0.034298354050481,0.040395218648941,687.16223873974,-0.093818862460808,-0.0012296950102907,-0.00015901808407274,681.31507061079,0.0017422574554095,-0.09291336517697,0,8.2444079979406e-10,1.4728100136267e-13,0,0,1.5469855669073e-13,5.9818230249324e-14,1.2254848346469e-13,0,1.0305850517238e-13,9.6283117193626e-14,0,1.1983703285461e-13,7.3745277308092e-14,5.9485892022022e-12,0,0,5.6766619011647e-12,4.2918455956085e-12,5.5169846925374e-12,0,5.3863928154062e-12,4.9984381444221e-12,0,5.4844518094397e-12,4.8020118556413e-12
4.175,1118857586.3851,1118857586.3851,1118857586.3851,541079808.60729,541079808.60729,541079808.60729,1,1,1,399981799.0795,4.6320995910194e-05,0.00012354270916521,4.2431527937185e-05,1.0367081202272,304.0988132206,304.0988132206,315.53074741628,315.53074741628,304.0988132206,318.00754264866,318.00754264866,318.00754264866,328.43894861364,328.43894861364,328.43894861364,315.53074741628,0.0041126120361668,1.2962857958188e-21,-2.9040457249957e-20,-0.0026288832338534,-0.0051950705134779,-0.0027314191612968,-2.6723371375888e-22,-0.0028433603870851,-0.0016605561548473,3.5628281549716e-23,-0.0021260624067642,0.0029471039363611,459.34637606633,459.34637606633,470.778310262,470.778310262,459.34637606633,473.25510549439,473.25510549439,473.25510549439,483.68651145937,483.68651145937,483.68651145937,470.778310262,0.049548166498048,0.051878289362185,0.034760325194061,0.040874196348169,686.08141058235,-0.097315474495572,0.01441082642763,0.004019167592203,680.06328346983,-0.0089797550607293,-0.09559666309158,0,8.9809132687183e-10,1.5496143468103e-13,0,0,1.6182628105164e-13,6.1768698823995e-14,1.287755305732e-13,0,1.070072371663e-13,1.0162052450097e-13,0,1.2590806753769e-13,7.5944031407388e-14,6.167737764773e-12,0,0,5.9055188225764e-12,4.3791997272155e-12,5.6991007943758e-12,0,5.5377239014788e-12,5.1421512683869e-12,0,5.6625127061637e-12,4.9094129348389e-12
4.225,1115437296.7051,1115437296.7051,1115437296.7051,537659518.92733,537659518.92733,537659518.92733,1,1,1,399984514.98814,4.6892993283623e-05,0.00012502783576742,4.3003651845524e-05,1.0372137512339,303.41479133545,303.41479133545,314.98469472877,314.98469472877,303.41479133545,317.50327409383,317.50327409383,317.50327409383,328.03608050566,328.03608050566,328.03608050566,314.98469472877,0.0041203191685188,2.042077893495e-21,-6.6138893774876e-20,-0.0026445710871549,-0.0051910757558545,-0.0027264341377238,-4.1857556912666e-22,-0.0028293934690589,-0.0016507530016433,9.5709461450193e-23,-0.0021107232974291,0.0029491451727079,458.70553743223,458.70553743223,470.27544082555,470.27544082555,458.70553743223,472.79402019061,472.79402019061,472.79402019061,483.32682660245,483.32682660245,483.32682660245,470.27544082555,0.049310976240891,0.052536367034305,0.03522184866507,0.041352929005424,685.0459267567,-0.10049664901731,-0.00079239920808893,0.0011009207925076,678.8590274811,0.0013824593822786,-0.099236356445013,0,9.7275917029881e-10,1.62964674008e-13,0,0,1.6889107730322e-13,6.3810698865587e-14,1.3531280898878e-13,0,1.1126755468322e-13,1.0732390315942e-13,0,1.3258727714726e-13,7.8277064315789e-14,6.3982046169428e-12,0,0,6.1443668746624e-12,4.4694416829757e-12,5.8904620040106e-12,0,5.6950799863639e-12,5.2939301878017e-12,0,5.8500194317034e-12,5.020113420817e-12
4.275,1112110160.2997,1112110160.2997,1112110160.2997,534332382.52191,534332382.52191,534332382.52191,1,1,1,399986762.58415,4.7457068078094e-05,0.00012651249548092,4.3567929692773e-05,1.0377190859006,302.74948925394,302.74948925394,314.45085958966,314.45085958966,302.74948925394,317.01255309531,317.01255309531,317.01255309531,327.64339065893,327.64339065893,327.64339065893,314.45085958966,0.0041328433514826,3.0215094828407e-21,-1.4448846581308e-19,-0.0026529396642953,-0.0051929863137777,-0.0027219495885086,-6.200312402646e-22,-0.0028175472983357,-0.0016403543894908,2.4538422185087e-22,-0.0020962474152286,0.0029478328161481,458.07999797953,458.07999797953,469.78136831525,469.78136831525,458.07999797953,472.3430618209,472.3430618209,472.3430618209,482.97389938451,482.97389938451,482.97389938451,469.78136831525,0.048336249413979,0.053194343908235,0.035683013184786,0.041831412625157,684.04756920693,-0.10240995311187,-0.00011229010872927,0.00067224075984226,677.69570538496,0.0020916513689879,-0.1015426140191,0,1.0478496180878e-09,1.7144959224557e-13,0,0,1.7605683723493e-13,6.6152722633025e-14,1.4205817756614e-13,0,1.155225366276e-13,1.136853831289e-13,0,1.3954776898782e-13,8.0711469282292e-14,6.6406709555598e-12,0,0,6.3933488416285e-12,4.5629957605113e-12,6.0913626053706e-12,0,5.8584535244224e-12,5.4547055984662e-12,0,6.0473697792049e-12,5.1342566753151e-12
4.325,1108883009.2832,1108883009.2832,1108883009.2832,531105231.50546,531105231.50546,531105231.50546,1,1,1,399988649.33942,4.801419040654e-05,0.00012799664147842,4.4123837583064e-05,1.0382241135259,302.10368740672,302.10368740672,313.93111398263,313.93111398263,302.10368740672,316.53613283693,316.53613283693,316.53613283693,327.26213206208,327.26213206208,327.26213206208,313.93111398263,0.0041446714633765,4.1546946232658e-21,-2.9727646659337e-19,-0.0026611478219188,-0.0051939023445738,-0.0027175962226348,-8.6747115595877e-22,-0.0028063032540258,-0.001630547011668,6.0765163604255e-22,-0.0020821059709387,0.002946173081769,457.47064373343,457.47064373343,469.29807030933,469.29807030933,457.47064373343,471.90308916363,471.90308916363,471.90308916363,482.62908838878,482.62908838878,482.62908838878,469.29807030933,0.047850142389362,0.0538522023705,0.036143817218823,0.042309647500559,683.08825940463,-0.10518672511154,0.0016502387856432,0.0017390877989568,676.57356390375,0.0025046417282783,-0.10396870268848,0,1.1228051822322e-09,1.8039585042081e-13,0,0,1.8331841584726e-13,6.87280115839e-14,1.4893862506691e-13,0,1.1984079242573e-13,1.2065023530758e-13,0,1.4695813784853e-13,8.3272640516262e-14,6.8957892138207e-12,0,0,6.6526002315525e-12,4.6601918466081e-12,6.3019936289014e-12,0,6.0279339983964e-12,5.6253307975417e-12,0,6.2551999708514e-12,5.2520219729078e-12
4.375,1105741116.945,1105741116.945,1105741116.945,527963339.16722,527963339.16722,527963339.16722,1,1,1,399990237.7736,4.8565873685726e-05,0.0001294802732048,4.467240535135e-05,1.0387288504635,301.47462082183,301.47462082183,313.42341126733,313.42341126733,301.47462082183,316.07179422847,316.07179422847,316.07179422847,326.89039341559,326.89039341559,326.89039341559,313.42341126733,0.0041538821607213,5.2127544576978e-21,-5.4156606950943e-19,-0.0026707429277308,-0.0051916726414461,-0.002713463786992,-1.144331998212e-21,-0.0027940554325536,-0.0016233544999696,1.3965842870131e-21,-0.0020701698621204,0.0029455942582459,456.87515041893,456.87515041893,468.82394086443,468.82394086443,456.87515041893,471.47232382556,471.47232382556,471.47232382556,482.29092301269,482.29092301269,482.29092301269,468.82394086443,0.047372334603742,0.054509919749158,0.036604258404199,0.042787632786668,682.16545252094,-0.1077979798389,0.0020855279281409,0.00080152253389517,675.49023296682,0.0013524119250239,-0.10755282926704,0,1.1971619173483e-09,1.8985003426849e-13,0,0,1.9074216082648e-13,7.1589011990031e-14,1.558974447431e-13,0,1.2431181699077e-13,1.2825923988094e-13,0,1.5481560135957e-13,8.5969415960438e-14,7.1642777071002e-12,0,0,6.9223503823096e-12,4.7614339982813e-12,6.5224659095964e-12,0,6.203737455948e-12,5.806716754081e-12,0,6.4741422939611e-12,5.3736010869084e-12
4.425,1102685953.6679,1102685953.6679,1102685953.6679,524908175.89011,524908175.89011,524908175.89011,1,1,1,399991578.77564,4.9110877007055e-05,0.0001309633297981,4.5212547802139e-05,1.0392333014966,300.86281730327,300.86281730327,312.92808279075,312.92808279075,300.86281730327,315.61940310029,315.61940310029,315.61940310029,326.52878755709,326.52878755709,326.52878755709,312.92808279075,0.0041652860651793,5.6942031187962e-21,-7.0728938378821e-19,-0.00267963215249,-0.0051905614581563,-0.0027086073227951,-1.4456001966864e-21,-0.0027827723135355,-0.0016152822427614,3.0633758443896e-21,-0.0020567416214932,0.0029447782834091,456.29420269935,456.29420269935,468.35946818683,468.35946818683,456.29420269935,471.05078849636,471.05078849636,471.05078849636,481.96017295317,481.96017295317,481.96017295317,468.35946818683,0.046889019120278,0.055167482945599,0.037064336504045,0.043265368807205,681.2785654318,-0.10985651706706,0.0042036337834825,0.00030995563446182,674.44588089136,0.0024874662809243,-0.11085252708402,0,1.2703450015405e-09,1.9967782806007e-13,0,0,1.9823633382579e-13,7.4739838322642e-14,1.6289430780832e-13,0,1.2889486871337e-13,1.3657287843019e-13,0,1.6319652266292e-13,8.8771562290969e-14,7.446664799648e-12,0,0,7.2026988941612e-12,4.8671320912868e-12,6.7528332489323e-12,0,6.3860223274028e-12,5.9998599710093e-12,0,6.7049370296431e-12,5.4991430342533e-12
4.475,1099710575.7871,1099710575.7871,1099710575.7871,521932798.0093,521932798.0093,521932798.0093,1,1,1,399992713.42828,4.9651736988247e-05,0.00013244589045116,4.5746432390204e-05,1.0397374724135,300.26713484024,300.26713484024,312.44434736064,312.44434736064,300.26713484024,315.17832483677,315.17832483677,315.17832483677,326.17593195925,326.17593195925,326.17593195925,312.44434736064,0.0041729117876326,4.7446289440635e-21,2.1200636927449e-19,-0.0026899197564018,-0.0051866512844652,-0.0027046230479212,-1.7694710489884e-21,-0.0027716006086051,-0.0016096633089907,6.4756730331678e-21,-0.0020458688861863,0.0029433435169673,455.7269014446,455.7269014446,467.904113965,467.904113965,455.7269014446,470.63809144113,470.63809144113,470.63809144113,481.63569856361,481.63569856361,481.63569856361,467.904113965,0.046384368973022,0.055824870643613,0.037524016893861,0.0437428549887,680.42634711675,-0.11294358059805,0.0028178940069563,0.00035608961109106,673.43921524866,0.002794607712423,-0.11327777622927,0,1.342051221541e-09,2.1004449525114e-13,0,0,2.0605333122356e-13,7.8179807800498e-14,1.6998032156347e-13,0,1.3371754311099e-13,1.4555952198528e-13,0,1.7221382143157e-13,9.1727747650142e-14,7.7437125735339e-12,0,0,7.4941023097497e-12,4.977695035782e-12,6.9932217250239e-12,0,6.5751274903975e-12,6.2057122211334e-12,0,6.9484841515397e-12,5.6288656590261e-12
4.525,1096811377.2927,1096811377.2927,1096811377.2927,519033599.51493,519033599.51493,519033599.51493,1,1,1,399993678.14437,5.0188244716265e-05,0.00013392796534629,4.6273832062815e-05,1.0402413826961,299.68759445399,299.68759445399,311.97107071199,311.97107071199,299.68759445399,314.74808162396,314.74808162396,314.74808162396,325.83137755654,325.83137755654,325.83137755654,311.97107071199,0.0041807150119941,9.9279661507766e-22,6.648070348552e-18,-0.0026995589725965,-0.005182921954387,-0.0027011217676394,-2.2942906431788e-21,-0.0027604736193368,-0.0016043320523862,1.295772346541e-20,-0.0020353061600383,0.0029419790380527,455.17347947128,455.17347947128,467.45695572929,467.45695572929,455.17347947128,470.23396664126,470.23396664126,470.23396664126,481.31726257384,481.31726257384,481.31726257384,467.45695572929,0.04597613648868,0.056482073676085,0.037983297812641,0.044220091501362,679.60626053725,-0.11555060160096,0.0031260555235404,0.0013450964627033,672.46777815366,0.0015720415489442,-0.11558629116651,0,1.4119136250538e-09,2.2083978976424e-13,0,0,2.1415924224641e-13,8.1987744834432e-14,1.7714620615036e-13,0,1.387899661478e-13,1.5532296749569e-13,0,1.8187592128585e-13,9.4776682744462e-14,8.0560271993302e-12,0,0,7.7969692146421e-12,5.0936432164752e-12,7.2437442922847e-12,0,6.7714061428451e-12,6.4253720683138e-12,0,7.2056955460913e-12,5.76290012916e-12
4.575,1093982216.724,1093982216.724,1093982216.724,516204438.94621,516204438.94621,516204438.94621,1,1,1,399994500.49986,5.0721234436649e-05,0.00013540957874938,4.6794790290732e-05,1.0407450354438,299.12257845324,299.12257845324,311.50799198856,311.50799198856,299.12257845324,314.32766168527,314.32766168527,314.32766168527,325.49446576011,325.49446576011,325.49446576011,311.50799198856,0.0041871119542595,-7.892581212152e-21,3.415168625592e-17,-0.0027094303701693,-0.0051782593552238,-0.0026981930678662,-3.9810839060629e-21,-0.0027490591942947,-0.0016004653952481,2.4135252754601e-20,-0.0020264115002112,0.0029393970154164,454.63253477447,454.63253477447,467.01794830979,467.01794830979,454.63253477447,469.8376180065,469.8376180065,469.8376180065,481.00442208134,481.00442208134,481.00442208134,467.01794830979,0.04556994926351,0.057139072319547,0.03844216494737,0.044697078884055,678.81746470897,-0.11828712176626,0.0003308417587925,0.0017645936561088,671.53120990951,-0.0017668783576448,-0.11728364535982,0,1.4796237072544e-09,2.3209404319879e-13,0,0,2.2253747402553e-13,8.6160062626598e-14,1.8449651497045e-13,0,1.4420206229981e-13,1.6587628140875e-13,1.4313941408775e-55,1.9224968176086e-13,9.7952062749183e-14,8.3842577429679e-12,0,0,8.1116847285453e-12,5.2154919455767e-12,7.5046617659665e-12,0,6.9753386550716e-12,6.6599565551581e-12,2.0242970071303e-55,7.4775776533994e-12,5.9014252647624e-12
4.625,1091227943.8631,1091227943.8631,1091227943.8631,513450166.08532,513450166.08532,513450166.08532,1,1,1,399995204.25023,5.1249471394059e-05,0.00013689064768447,4.7309908948563e-05,1.0412484335603,298.57360921647,298.57360921647,311.0556284596,311.0556284596,298.57360921647,313.91789074285,313.91789074285,313.91789074285,325.16575844589,325.16575844589,325.16575844589,311.0556284596,0.0041954166973643,-2.4394683825493e-20,1.3410762700531e-16,-0.0027188260547887,-0.005174398251773,-0.0026934045428776,-1.0958535269067e-20,-0.0027390359456069,-0.0015950979466012,4.1940792907255e-20,-0.0020152767082252,0.0029389466487987,454.10573438737,454.10573438737,466.5877536305,466.5877536305,454.10573438737,469.45001591375,469.45001591375,469.45001591375,480.69788361679,480.69788361679,480.69788361679,466.5877536305,0.045225682062442,0.057795863667833,0.038900619887176,0.045173815638227,678.06013663515,-0.12167170693156,0.0021825512062732,0.0030508873097672,670.62810957228,0.0003483666432557,-0.12016219884655,0,1.5448922508844e-09,2.4368777586714e-13,0,0,2.3135392097353e-13,9.0798844935837e-14,1.9200475447409e-13,0,1.5004155663954e-13,1.7721684445942e-13,7.4056478845903e-49,2.0348401185991e-13,1.0112422107497e-13,8.7288843005837e-12,0,0,8.4388685812943e-12,5.3439009035327e-12,7.7761974937839e-12,0,7.1875294593908e-12,6.9105790200736e-12,1.0473169700844e-48,7.7653475026978e-12,6.044436509691e-12
4.675,1088536498.9315,1088536498.9315,1088536498.9315,510758721.15374,510758721.15374,510758721.15374,1,1,1,399995806.94036,5.1775377874861e-05,0.00013837123779985,4.782109794258e-05,1.0417515633318,298.03759407903,298.03759407903,310.61243154637,310.61243154637,298.03759407903,313.51722262347,313.51722262347,313.51722262347,324.84387398242,324.84387398242,324.84387398242,310.61243154637,0.0042009272031039,-5.1074519794941e-20,4.5716311206879e-16,-0.0027293735899336,-0.0051649816275048,-0.0026895636326799,-3.9192717644382e-20,-0.002729056172448,-0.001592824163356,6.4555703698291e-20,-0.0020065287654098,0.0029384883133577,453.59015026142,453.59015026142,466.16498772876,466.16498772876,453.59015026142,469.06977880587,469.06977880587,469.06977880587,480.39643016481,480.39643016481,480.39643016481,466.16498772876,0.044804107851989,0.058452406746092,0.03935863293069,0.045650300331035,677.33493039261,-0.12280233453943,0.0041078596324577,0.00077673983300266,669.76178155797,0.0022794967659218,-0.12349384419625,0,1.607583695497e-09,2.5571960618311e-13,5.4760912380775e-58,0,2.4061563262952e-13,9.5940956522137e-14,1.9985376487305e-13,0,1.5642673321524e-13,1.893656793304e-13,2.9127964704761e-45,2.1556927805261e-13,1.0434159449615e-13,9.0905264358126e-12,7.7443624976817e-58,0,8.7791504722779e-12,5.4795819054334e-12,8.0588333985587e-12,0,7.4087502670215e-12,7.1783825320306e-12,4.1203635899499e-45,8.0702084993507e-12,6.1919978077471e-12
4.725,1085910754.8404,1085910754.8404,1085910754.8404,508132977.06263,508132977.06263,508132977.06263,1,1,1,399996325.33558,5.2299212915712e-05,0.00013985144256709,4.8327749310297e-05,1.0422544763896,297.51595820397,297.51595820397,310.17880614402,310.17880614402,297.51595820397,313.12604117408,313.12604117408,313.12604117408,324.52877030763,324.52877030763,324.52877030763,310.17880614402,0.0042057860052405,-8.87270643107e-20,1.4064000802872e-15,-0.0027388921306301,-0.0051589644846595,-0.0026864820303662,-1.4315705821352e-19,-0.0027191892729959,-0.0015908190408524,7.6034062888021e-20,-0.0019990381636799,0.002936330809842,453.08731488112,453.08731488112,465.75016282117,465.75016282117,453.08731488112,468.69739785123,468.69739785123,468.69739785123,480.10012698478,480.10012698478,480.10012698478,465.75016282117,0.044460487256604,0.059108726172323,0.039816244796464,0.046126534893234,676.63538926401,-0.12645507508666,0.003762028933328,0.0017704384973645,668.92399591139,-0.0004161555952837,-0.12568941834614,0,1.6675854014859e-09,2.6809852203893e-13,2.1587670622673e-49,0,2.5036366647582e-13,1.015425775436e-13,2.0810608352955e-13,0,1.6342212703462e-13,2.0241490960196e-13,7.8420937584391e-43,2.2855301187372e-13,1.0759893060347e-13,9.4696750017322e-12,3.0529576652071e-49,0,9.1332181649334e-12,5.6231847957539e-12,8.3531398442985e-12,0,7.6398640554658e-12,7.4646404424162e-12,1.1131598986486e-42,8.3934312684638e-12,6.3441656747033e-12
4.775,1083347841.3521,1083347841.3521,1083347841.3521,505570063.57429,505570063.57429,505570063.57429,1,1,1,399996772.76606,5.2812746469428e-05,0.00014133127237837,4.8823526975334e-05,1.0427571367183,297.00795848836,297.00795848836,309.75418249678,309.75418249678,297.00795848836,312.74405858765,312.74405858765,312.74405858765,324.22036462132,324.22036462132,324.22036462132,309.75418249678,0.0042069382231514,-1.2834716210264e-19,3.9783310800829e-15,-0.0027497870621866,-0.0051482809754405,-0.0026844194507279,-4.8957266727959e-19,-0.0027087472050771,-0.0015913227088976,6.8139296239146e-21,-0.0019937266090886,0.002934268227746,452.59663933916,452.59663933916,465.34286334759,465.34286334759,452.59663933916,468.33273943846,468.33273943846,468.33273943846,479.80904547213,479.80904547213,479.80904547213,465.34286334759,0.044179205322691,0.059764771762207,0.040273414074215,0.046602518283735,675.96565805387,-0.12956435671249,-8.8784601449948e-05,0.00042021733257847,668.12002142615,-0.0055821171161131,-0.12836698230226,0,1.7248102031258e-09,2.8079248767941e-13,5.9302831875825e-45,0,2.6059755485017e-13,1.0767977125746e-13,2.1682018926453e-13,0,1.7113884041658e-13,2.1653391434791e-13,5.5142823106178e-41,2.4242549843528e-13,1.1084319933631e-13,9.8667755460209e-12,8.3869922083588e-45,0,9.5017587613238e-12,5.7754669886594e-12,8.6597698965527e-12,0,7.8818909246317e-12,7.7708656408008e-12,7.9096888202947e-41,8.736272696216e-12,6.5009216305016e-12
4.825,1080843550.4404,1080843550.4404,1080843550.4404,503065772.66261,503065772.66261,503065772.66261,1,1,1,399997159.65948,5.3332283245035e-05,0.000142810508089,4.9320855606581e-05,1.0432595813392,296.51249561804,296.51249561804,309.33854338387,309.33854338387,296.51249561804,312.37089223437,312.37089223437,312.37089223437,323.91782432304,323.91782432304,323.91782432304,309.33854338387,0.0042137985509691,-1.371322443222e-19,1.0807669999405e-14,-0.0027625754855186,-0.0051390759938614,-0.0026797670921345,-1.5169235743877e-18,-0.0027008579156368,-0.0015878872036093,-2.877381337163e-19,-0.001981875600516,0.0029354424859849,452.11714606978,452.11714606978,464.94319383562,464.94319383562,452.11714606978,467.97554268612,467.97554268612,467.97554268612,479.52247477479,479.52247477479,479.52247477479,464.94319383562,0.04388766477218,0.060420536683414,0.040730142960438,0.047078250270291,675.3210867761,-0.1310672678479,-0.00082666437979601,0.00093981513441371,667.34492802488,0.0093192525592818,-0.13113590267165,0,1.7792516560556e-09,2.932743145142e-13,4.1330067236064e-42,0,2.7157519982774e-13,1.146353625172e-13,2.2606656357898e-13,0,1.7988744451848e-13,2.3156270966221e-13,1.9690788977366e-39,2.5758409640339e-13,1.1388975893417e-13,1.0281528059103e-11,5.8533411541117e-42,0,9.8858240921244e-12,5.9375858730588e-12,8.9794762967652e-12,0,8.1362901883704e-12,8.098344765345e-12,2.8637949707647e-39,9.1005516188013e-12,6.6619860722017e-12
4.875,1078393151.7086,1078393151.7086,1078393151.7086,500615373.93081,500615373.93081,500615373.93081,1,1,1,399997492.94007,5.3850713664545e-05,0.00014428956356588,4.9816582618695e-05,1.043761814145,296.02896077314,296.02896077314,308.93085294627,308.93085294627,296.02896077314,312.00477704238,312.00477704238,312.00477704238,323.62166725206,323.62166725206,323.62166725206,308.93085294627,0.004217081501162,-4.3049402665119e-20,2.730620814994e-14,-0.0027697192880639,-0.0051324416227718,-0.0026768141678287,-4.3942470186283e-18,-0.0026912279744384,-0.0015884479998263,-1.3396043904596e-18,-0.001977366411731,0.0029320890928401,451.64835966767,451.64835966767,464.55025184079,464.55025184079,451.64835966767,467.62417593691,467.62417593691,467.62417593691,479.24106614659,479.24106614659,479.24106614659,464.55025184079,0.043347762867552,0.061076048585263,0.041186475611101,0.047553731979993,674.70062826432,-0.1342380072908,-0.0003913082664469,0.00049183687333136,666.59815562775,0.00069429285241131,-0.13327487797883,0,1.8308558918304e-09,3.0624972565801e-13,5.1568419424819e-40,0,2.8306878178675e-13,1.2213299189541e-13,2.3569593127596e-13,0,1.8922750528623e-13,2.4813780137513e-13,4.9533252975852e-38,2.7344407477407e-13,1.1697891813187e-13,1.0714630574601e-11,7.3514092256135e-40,0,1.0286143802412e-11,6.1103080066105e-12,9.3128006793718e-12,0,8.4038982927202e-12,8.4492646093871e-12,7.2914393117672e-38,9.4872599378974e-12,6.8274192447355e-12
4.925,1075996762.5364,1075996762.5364,1075996762.5364,498218984.75861,498218984.75861,498218984.75861,1,1,1,399997783.16318,5.4367354609974e-05,0.00014576825903377,5.0308848122437e-05,1.0442638365447,295.55705764906,295.55705764906,308.53153198728,308.53153198728,295.55705764906,311.64645372551,311.64645372551,311.64645372551,323.33119108371,323.33119108371,323.33119108371,308.53153198728,0.0042210450441644,3.4752152066579e-19,6.5186810380107e-14,-0.0027787361626801,-0.0051233425867544,-0.0026738916182547,-1.185308784097e-17,-0.0026830703123252,-0.0015881736371791,-4.2867811438318e-18,-0.0019704507147224,0.0029304109842903,451.19005137501,451.19005137501,464.16452571322,464.16452571322,451.19005137501,467.27944745146,467.27944745146,467.27944745146,478.96418480966,478.96418480966,478.96418480966,464.16452571322,0.043165900494887,0.061731266738047,0.041642381521878,0.048028962964452,674.10429303053,-0.13681854611014,0.00046102484104923,0.00068642821901268,665.87962721138,-0.00043987905895013,-0.1354277664505,0,1.8796267899829e-09,3.1925063319262e-13,2.2808798460451e-38,0,2.9535891468856e-13,1.3042612077183e-13,2.4583652371106e-13,0,1.9965555479779e-13,2.661210155749e-13,8.9244964657662e-37,2.9050281172968e-13,1.1992018322286e-13,1.1166119149858e-11,3.2991653046766e-38,0,1.0703844385332e-11,6.2947583954937e-12,9.6604660253306e-12,0,8.6862538861184e-12,8.8256165588456e-12,1.3350287870414e-36,9.898092954153e-12,6.9970119942515e-12
4.975,1073650549.9782,1073650549.9782,1073650549.9782,495872772.20037,495872772.20037,495872772.20037,1,1,1,399998035.68616,5.4883062358354e-05,0.00014724664213447,5.0798651289371e-05,1.0447656656336,295.09666921226,295.09666921226,308.13968887039,308.13968887039,295.09666921226,311.29512138701,311.29512138701,311.29512138701,323.04597441417,323.04597441417,323.04597441417,308.13968887039,0.0042251191435265,1.4124626949711e-18,1.491213104777e-13,-0.0027869004414504,-0.0051143199394716,-0.0026714130844757,-3.0136694820098e-17,-0.0026756903848076,-0.0015882599317383,-1.1845230235573e-17,-0.0019636407844587,0.0029285081656623,450.74220125585,450.74220125585,463.78522091397,463.78522091397,450.74220125585,466.94065343059,466.94065343059,466.94065343059,478.69150645776,478.69150645776,478.69150645776,463.78522091397,0.042868526904366,0.062386205682461,0.042097881290774,0.04850394261031,673.52965131524,-0.1398667629977,0.00243356000811,0.0020051927021949,665.18628599717,-0.0010815378159069,-0.1386217768902,0,1.9256259071535e-09,3.3231133883606e-13,5.0438112577496e-37,0,3.0838357923469e-13,1.3963669243831e-13,2.5650698043732e-13,0,2.1116026681199e-13,2.8557174376776e-13,1.1319233009736e-35,3.0868129966502e-13,1.2273522139052e-13,1.1636078352171e-11,7.4629428172272e-37,0,1.1139964625499e-11,6.4922344997449e-12,1.0023221675908e-11,0,8.9848795992782e-12,9.2294759919125e-12,1.7342841625071e-35,1.033463423459e-11,7.1705858089229e-12
5.025,1071353769.2005,1071353769.2005,1071353769.2005,493575991.42267,493575991.42267,493575991.42267,1,1,1,399998233.81288,5.5397930580568e-05,0.00014872474004766,5.1285935471881e-05,1.0452672872003,294.64743537489,294.64743537489,307.7552641037,307.7552641037,294.64743537489,310.95064724858,310.95064724858,310.95064724858,322.76612029458,322.76612029458,322.76612029458,307.7552641037,0.004227798870356,3.9516109973682e-18,3.2839672063864e-13,-0.0027959628888719,-0.0051034028996899,-0.0026687003285813,-7.2939696903903e-17,-0.0026683206986136,-0.0015893238201466,-3.0171632999899e-17,-0.0019572922480494,0.0029270761380897,450.30453555342,450.30453555342,463.41236428224,463.41236428224,450.30453555342,466.60774742712,466.60774742712,466.60774742712,478.42322047312,478.42322047312,478.42322047312,463.41236428224,0.042636813501087,0.063040828292063,0.042552936188172,0.048978671108344,672.97840995778,-0.14225953230043,0.0031128261215393,0.0015669737878409,664.52086490338,-0.00056767543926321,-0.14142963903542,0,1.9688837688326e-09,3.4528719693397e-13,6.8998074375119e-36,0,3.2215828610862e-13,1.4979264351254e-13,2.6764985834841e-13,0,2.237237479705e-13,3.0668830786692e-13,1.0559372302423e-34,3.2805673696862e-13,1.2542168629176e-13,1.2124388188989e-11,1.0504095537615e-35,0,1.1595565242945e-11,6.704073287744e-12,1.0401735735552e-11,0,9.301272757883e-12,9.6631987563192e-12,1.6667491682741e-34,1.0798576521239e-11,7.3479588586924e-12
5.075,1069098651.1367,1069098651.1367,1069098651.1367,491320873.35895,491320873.35895,491320873.35895,1,1,1,399998403.98263,5.5910934391599e-05,0.00015020257505449,5.1771033016281e-05,1.0457687327728,294.20743247109,294.20743247109,307.37710014911,307.37710014911,294.20743247109,310.61237803896,310.61237803896,310.61237803896,322.49055274523,322.49055274523,322.49055274523,307.37710014911,0.0042315545837897,9.4521370077049e-18,6.9599885859125e-13,-0.0028045866289238,-0.0050925878812977,-0.002665830721586,-1.690487697718e-16,-0.0026617439635267,-0.0015906550756137,-7.2362381779267e-17,-0.0019506113965663,0.0029258103749788,449.8752358538,449.8752358538,463.04490353182,463.04490353182,449.8752358538,466.28018142167,466.28018142167,466.28018142167,478.15835612794,478.15835612794,478.15835612794,463.04490353182,0.042306861795778,0.063695141998843,0.043007559604935,0.049453148139963,672.44630002327,-0.14475686306362,0.0059565906279686,0.001035996868325,663.87827264614,0.00074394671803537,-0.1454271002101,0,2.0094509269868e-09,3.5819114330714e-13,6.6126526037754e-35,0,3.3668668027653e-13,1.6100253048221e-13,2.7922761379207e-13,0,2.372445805822e-13,3.29586369617e-13,7.6340467011468e-34,3.4865135412452e-13,1.2795539464511e-13,1.2630946961775e-11,1.0402112549282e-34,0,1.2071712112462e-11,6.9317652499284e-12,1.0796623213966e-11,0,9.6367872613419e-12,1.0129304270205e-11,1.2462921548825e-33,1.1291643994782e-11,7.5289151131783e-12
5.125,1066892668.5311,1066892668.5311,1066892668.5311,489114890.75329,489114890.75329,489114890.75329,1,1,1,399998548.54608,5.6426022120901e-05,0.00015168020680432,5.2254384578224e-05,1.0462699811425,293.77871407235,293.77871407235,307.00679824909,307.00679824909,293.77871407235,310.28081653332,310.28081653332,310.28081653332,322.22005651411,322.22005651411,322.22005651411,307.00679824909,0.0042297842811631,2.0542697990062e-17,1.4045041890855e-12,-0.0028149125146884,-0.0050796022139696,-0.0026647468769315,-3.7731145641926e-16,-0.0026541472307523,-0.0015941485499061,-1.6417492923305e-16,-0.001946824710705,0.0029236640367626,449.45638805348,449.45638805348,462.68447223021,462.68447223021,449.45638805348,465.95849051445,465.95849051445,465.95849051445,477.89773049523,477.89773049523,477.89773049523,462.68447223021,0.041975433665632,0.06434910980443,0.043461730713408,0.049927375394946,671.935390002,-0.14721002392267,0.00018554060090845,0.00027660722813207,663.26242864576,0.00052695322328511,-0.146620274126,0,2.239606825408e-09,3.708333265551e-13,4.6733243245238e-34,0,3.5182083654092e-13,1.7323788723147e-13,2.9155127175361e-13,0,2.5233928526527e-13,3.5404462200954e-13,4.3266544947099e-33,3.706531478923e-13,1.3045090571476e-13,1.315538448157e-11,7.6492898960379e-34,0,1.2569261911024e-11,7.176760619568e-12,1.1208938976607e-11,0,9.9936489008836e-12,1.0629998976336e-11,7.3651056210038e-33,1.1815826703467e-11,7.713400553264e-12
5.175,1064726073.8712,1064726073.8712,1064726073.8712,486948296.09346,486948296.09346,486948296.09346,1,1,1,399998678.36961,5.6938741351015e-05,0.00015315761479266,5.2735624328149e-05,1.0467710699557,293.3590934407,293.3590934407,306.64237832476,306.64237832476,293.3590934407,309.95493127398,309.95493127398,309.95493127398,321.95370429315,321.95370429315,321.95370429315,306.64237832476,0.004234988343402,4.1881786056651e-17,2.7736589607679e-12,-0.00282022258232,-0.0050720451994576,-0.0026625328748334,-8.1319414398276e-16,-0.0026480322667258,-0.0015949451539032,-3.589758907505e-16,-0.0019399514806687,0.0029213782600272,449.04589674822,449.04589674822,462.32918163228,462.32918163228,449.04589674822,465.6417345815,465.6417345815,465.6417345815,477.64050760067,477.64050760067,477.64050760067,462.32918163228,0.041743995488247,0.065002763319187,0.043915481603762,0.050401352560421,671.4412573158,-0.14861883790015,0.005194043430077,0.0011120962296652,662.66763523401,-0.0011128560821347,-0.14894197620106,0,2.5307865420308e-09,3.8314663755642e-13,2.6861475608753e-33,0,3.6762178415904e-13,1.868408024377e-13,3.0426058527917e-13,0,2.6825707897398e-13,3.8051281750955e-13,2.0780829421883e-32,3.9387467440745e-13,1.3275575411751e-13,1.3697235652779e-11,4.5637153007291e-33,0,1.3089157624005e-11,7.44099341638e-12,1.1639228422804e-11,0,1.0373021700171e-11,1.1168125363515e-11,3.6753636426792e-32,1.237284960989e-11,7.90114554122e-12
5.225,1062602018.0407,1062602018.0407,1062602018.0407,484824240.26294,484824240.26294,484824240.26294,1,1,1,399998795.09292,5.7453230717193e-05,0.00015463479773375,5.3216070870823e-05,1.0472719774395,292.94865063398,292.94865063398,306.28485379951,306.28485379951,292.94865063398,309.63521615282,309.63521615282,309.63521615282,321.69201837647,321.69201837647,321.69201837647,306.28485379951,0.0042324633567377,8.1542922992725e-17,5.2360256917586e-12,-0.0028306481947984,-0.0050574556794357,-0.0026619744304681,-1.7045695024596e-15,-0.0026415554764632,-0.0015994882922691,-7.5784811585567e-16,-0.0019360354248095,0.0029196093924962,448.64388980113,448.64388980113,461.98009296666,461.98009296666,448.64388980113,465.33045531996,465.33045531996,465.33045531996,477.38725754361,477.38725754361,477.38725754361,461.98009296666,0.041538010066887,0.065656062956959,0.044368783796989,0.050875078636045,670.96661054774,-0.15256921044226,0.00058583715565571,0.0011395903888852,662.09501898268,-0.0016025939647493,-0.15191540991458,0,2.8533302824738e-09,3.9530199209503e-13,1.2717297554383e-32,0,3.8385643260787e-13,2.0167790201271e-13,3.1771825684988e-13,0,2.8582658253114e-13,4.0873884604647e-13,8.4958870849903e-32,4.1858571580829e-13,1.3502778124976e-13,1.4256277091233e-11,2.2548689978872e-32,0,1.3632012597003e-11,7.7262090406374e-12,1.2088549890655e-11,0,1.0777241529673e-11,1.1746169383062e-11,1.5690362382663e-31,1.2964819206201e-11,8.0921036607606e-12
5.275,1060517815.5463,1060517815.5463,1060517815.5463,482740037.76854,482740037.76854,482740037.76854,1,1,1,399998897.08101,5.7967282887464e-05,0.00015611176014744,5.3695661787814e-05,1.0477727152399,292.54760340807,292.54760340807,305.93343854616,305.93343854616,292.54760340807,309.32117224058,309.32117224058,309.32117224058,321.43441262602,321.43441262602,321.43441262602,305.93343854616,0.0042343782965961,1.5272985378355e-16,9.6480596102197e-12,-0.0028379788915184,-0.005046384193751,-0.0026601760923462,-3.4466469484325e-15,-0.0026359429205178,-0.0016022032581087,-1.5421749529237e-15,-0.001930203212851,0.0029176851608203,448.25064432096,448.25064432096,461.63647945905,461.63647945905,448.25064432096,465.02421315347,465.02421315347,465.02421315347,477.13745353891,477.13745353891,477.13745353891,461.63647945905,0.041286456106776,0.066309012093451,0.044821645816242,0.051348554094615,670.50954394474,-0.15506964690388,0.0025701234049203,0.0012451872540929,661.54523637232,-0.00098988221988122,-0.15425390730118,0,3.2092793292208e-09,4.0700312302549e-13,5.185674216056e-32,0,4.0048810461065e-13,2.1809737395783e-13,3.3179300266596e-13,0,3.0446796797403e-13,4.3879499550919e-13,3.0605931258108e-31,4.4470348330243e-13,1.3712308187807e-13,1.4831866427744e-11,9.588519804282e-32,0,1.4198388306113e-11,8.0346453048065e-12,1.2557776054926e-11,0,1.1207824259291e-11,1.2366719216813e-11,5.8973685456937e-31,1.3593724903522e-11,8.2860249828669e-12
5.325,1058472637.2981,1058472637.2981,1058472637.2981,480694859.52031,480694859.52031,480694859.52031,1,1,1,399998989.47106,5.8481412870618e-05,0.00015758855108243,5.4174196202421e-05,1.0482732922376,292.15572564211,292.15572564211,305.58812588116,305.58812588116,292.15572564211,309.01249220528,309.01249220528,309.01249220528,321.18097935742,321.18097935742,321.18097935742,305.58812588116,0.0042355433947206,2.7670359574804e-16,1.7383174362889e-11,-0.0028449960539401,-0.0050350305545741,-0.0026591342459147,-6.7822780235659e-15,-0.002630765880759,-0.0016054233841368,-3.0510212905348e-15,-0.0019246744291447,0.0029154974551185,447.86598441691,447.86598441691,461.29838465596,461.29838465596,447.86598441691,464.72275098009,464.72275098009,464.72275098009,476.89123813222,476.89123813222,476.89123813222,461.29838465596,0.04107027894068,0.066961607612137,0.045274067375438,0.051821779683828,670.06925382286,-0.15800831566792,0.0034355353699412,0.001878465675644,661.01582019712,-0.0010716425342512,-0.15741306764024,0,3.6009100986128e-09,4.1828425454198e-13,1.8698199688189e-31,0,4.1731792754107e-13,2.3603496589048e-13,3.4656779557747e-13,0,3.2403807554903e-13,4.707439303549e-13,9.9161589801106e-31,4.7227476671516e-13,1.3909905485951e-13,1.5423409693445e-11,3.6031767395279e-31,0,1.4788564979063e-11,8.3684491547631e-12,1.3047896931713e-11,0,1.1666083300457e-11,1.3032451667526e-11,1.9920935062014e-30,1.4261622283777e-11,8.4827407527625e-12
5.375,1056462949.705,1056462949.705,1056462949.705,478685171.92724,478685171.92724,478685171.92724,1,1,1,399999073.3164,5.8996496843483e-05,0.00015906521873368,5.4652825067177e-05,1.0487737212148,291.77243156816,291.77243156816,305.24806275806,305.24806275806,291.77243156816,308.7087814578,308.7087814578,308.7087814578,320.93131177875,320.93131177875,320.93131177875,305.24806275806,0.004236765958347,4.8648271611988e-16,3.0522980177311e-11,-0.0028508524509489,-0.0050241099571453,-0.002658276189075,-1.3007138204275e-14,-0.0026262917638258,-0.0016090083382384,-5.8826005903373e-15,-0.0019195523664434,0.0029129092099732,447.48937677163,447.48937677163,460.96500796152,460.96500796152,447.48937677163,464.42572666126,464.42572666126,464.42572666126,476.64825698221,476.64825698221,476.64825698221,460.96500796152,0.040893351140463,0.067613851995162,0.04572605922922,0.052294755710913,669.6435678204,-0.16073388547954,0.0062269237236183,0.0033401518744601,660.50589256191,-0.0033518276371606,-0.15972450620212,0,4.0305430765849e-09,4.2919125393425e-13,6.0035754051938e-31,0,4.3423648939827e-13,2.5540278642386e-13,3.6207862403743e-13,0,3.4428099356093e-13,5.0468971735015e-13,2.902107253727e-30,5.0131631350322e-13,1.40988770734e-13,1.603037778561e-11,1.2093514500283e-30,0,1.5402668111647e-11,8.7296432391916e-12,1.3559953432472e-11,0,1.2152970150818e-11,1.3746190710593e-11,6.0962929438835e-30,1.4970590613372e-11,8.6821289844769e-12
5.425,1054486143.472,1054486143.472,1054486143.472,476708365.69425,476708365.69425,476708365.69425,1,1,1,399999149.59251,5.951240421717e-05,0.00016054160809449,5.5130488464041e-05,1.0492739792332,291.39698308065,291.39698308065,304.91348367731,304.91348367731,291.39698308065,308.4095640723,308.4095640723,308.4095640723,320.68483733076,320.68483733076,320.68483733076,304.91348367731,0.0042331858846942,8.3574814393849e-16,5.2511567657155e-11,-0.0028610905739266,-0.0050079935143108,-0.0026579719884706,-2.4211710798672e-14,-0.0026203374495534,-0.0016150102637116,-1.09939526645e-14,-0.0019157725732607,0.0029119379470157,447.12013218544,447.12013218544,460.6366327821,460.6366327821,447.12013218544,464.13271317709,464.13271317709,464.13271317709,476.40798643554,476.40798643554,476.40798643554,460.6366327821,0.040771162234608,0.068265685274314,0.0461775729792,0.05276748215366,669.23538726821,-0.16264802131641,0.00092902724219737,0.0002156491983198,660.01767381257,-0.00034709944723838,-0.1624103045305,0,4.5000014738761e-09,4.3942839866184e-13,1.7526393040547e-30,0,4.5127905264539e-13,2.7654716572726e-13,3.7854299075214e-13,0,3.6564318833668e-13,5.402165597464e-13,7.7921432628678e-30,5.3202417874395e-13,1.4269716716753e-13,1.665182338669e-11,3.6879577237705e-30,0,1.6040873068313e-11,9.1207399915989e-12,1.4095294063935e-11,0,1.2670067706753e-11,1.4510172296004e-11,1.7116047626185e-29,1.5722986422463e-11,8.8839332535974e-12
5.475,1052540466.3243,1052540466.3243,1052540466.3243,474762688.54648,474762688.54648,474762688.54648,1,1,1,399999218.84197,6.0028704244757e-05,0.00016201785535634,5.5607847528603e-05,1.0497741138023,291.028956132,291.028956132,304.58353339025,304.58353339025,291.028956132,308.11479718698,308.11479718698,308.11479718698,320.44171674018,320.44171674018,320.44171674018,304.58353339025,0.0042333695101609,1.4017422728071e-15,8.8542039861966e-11,-0.0028678269209098,-0.0049966013232958,-0.0026579092895288,-4.4021149315165e-14,-0.0026157173545594,-0.0016193595571271,-2.0094911478317e-14,-0.001910858571601,0.0029094645414835,446.75786331836,446.75786331836,460.31244057662,460.31244057662,446.75786331836,463.84370437334,463.84370437334,463.84370437334,476.17062392654,476.17062392654,476.17062392654,460.31244057662,0.040523114199447,0.068917154970185,0.046628655476162,0.053239959902758,668.83857925811,-0.16543121111133,0.00058696350886134,0.00065591023228905,659.54462181983,-0.00063285316702077,-0.16490092135963,0,5.0115415765793e-09,4.4910699688956e-13,4.7142320882993e-30,0,4.6851638653362e-13,2.992271986887e-13,3.9590882772373e-13,0,3.8730447231977e-13,5.7785544439937e-13,1.9481717847895e-29,5.6398223005127e-13,1.4424756732781e-13,1.7286956592648e-11,1.0354888679218e-29,0,1.6703455296343e-11,9.5439111542154e-12,1.4655193697565e-11,0,1.3217798944276e-11,1.5327383302565e-11,4.4667357225004e-29,1.6520577741139e-11,9.0879301196517e-12
5.525,1050628329.9825,1050628329.9825,1050628329.9825,472850552.20473,472850552.20473,472850552.20473,1,1,1,399999281.95666,6.0545159793936e-05,0.00016349394699587,5.6084869599304e-05,1.0502741099395,290.66878162248,290.66878162248,304.25877597056,304.25877597056,290.66878162248,307.8247921077,307.8247921077,307.8247921077,320.20226480281,320.20226480281,320.20226480281,304.25877597056,0.0042341608603739,2.3018971708367e-15,1.4771046526424e-10,-0.002873571333258,-0.004985500791272,-0.002657515896454,-7.8229109962378e-14,-0.0026113441322317,-0.0016236269489029,-3.598810928021e-14,-0.0019055082186217,0.002906976912931,446.40303142345,446.40303142345,459.99302577153,459.99302577153,446.40303142345,463.55904190867,463.55904190867,463.55904190867,475.93651460378,475.93651460378,475.93651460378,459.99302577153,0.040389642507095,0.069568248751983,0.047079297492959,0.053712188884902,668.45538473074,-0.1680828270132,0.0017673081309847,0.00074355134589797,659.08901945788,-0.00091153467731692,-0.16775393616628,0,5.5675385404997e-09,4.5814000317952e-13,1.1776867565382e-29,0,4.8587893824396e-13,3.2363159845328e-13,4.1427765912455e-13,0,4.0910215882415e-13,6.1768676449906e-13,4.56164555244e-29,5.9741272573957e-13,1.4563608185835e-13,1.793486439861e-11,2.7009894512453e-29,0,1.7390591880479e-11,1.000159534996e-11,1.5241070781687e-11,0,1.3796356765681e-11,1.6200924302218e-11,1.09178767295e-28,1.7365446920214e-11,9.2938906417867e-12
5.575,1048748601.2121,1048748601.2121,1048748601.2121,470970823.43429,470970823.43429,470970823.43429,1,1,1,399999339.52953,6.1062233061173e-05,0.00016496990676307,5.6561937685058e-05,1.0507739766777,290.31618637459,290.31618637459,303.93913054704,303.93913054704,290.31618637459,307.53938701105,307.53938701105,307.53938701105,319.96623721823,319.96623721823,319.96623721823,303.93913054704,0.0042350323438556,3.6939893713292e-15,2.4343236716429e-10,-0.0028787345565775,-0.0049743148145135,-0.0026576002628201,-1.360103138131e-13,-0.0026075933397182,-0.0016278931611787,-6.3234212058062e-14,-0.0019001675753747,0.0029043645051222,446.05539449538,446.05539449538,459.67833866783,459.67833866783,446.05539449538,463.27859513184,463.27859513184,463.27859513184,475.70544533902,475.70544533902,475.70544533902,459.67833866783,0.040254836643496,0.070218967915456,0.047529508659629,0.054184169510417,668.0845545573,-0.17103437906892,0.0044597122009426,0.0024263832683322,658.64944263561,-0.001518348894921,-0.17091685601344,0,6.1703375539555e-09,4.6658614401674e-13,2.7599539229759e-29,0,5.0336492443685e-13,3.4961967959772e-13,4.3364208403739e-13,0,4.3057777267337e-13,6.597763184414e-13,1.0081810833325e-28,6.320907502444e-13,1.4688204661793e-13,1.8594716851494e-11,6.6041537206427e-29,0,1.8102457383441e-11,1.049603224252e-11,1.5854333298149e-11,0,1.4405285691452e-11,1.713398891989e-11,2.5175710343268e-28,1.825935823186e-11,9.5016132241829e-12
5.625,1046900416.2932,1046900416.2932,1046900416.2932,469122638.51538,469122638.51538,469122638.51538,1,1,1,399999392.13642,6.158099891607e-05,0.00016644572132152,5.7039318195313e-05,1.0512736860315,289.97120757684,289.97120757684,303.62443615096,303.62443615096,289.97120757684,307.25841221663,307.25841221663,307.25841221663,319.73357421269,319.73357421269,319.73357421269,303.62443615096,0.0042314809744521,5.8295019192353e-15,3.953977380944e-10,-0.0028867283153099,-0.004959196140273,-0.002657926046195,-2.3059920771878e-13,-0.0026029145272187,-0.0016345143206605,-1.0825834068388e-13,-0.0018965363966682,0.0029024907091134,445.71501884446,445.71501884446,459.36824741858,459.36824741858,445.71501884446,463.00222348425,463.00222348425,463.00222348425,475.47738548032,475.47738548032,475.47738548032,459.36824741858,0.040152077263982,0.07086925962141,0.047979244339748,0.054655902671424,667.72927072045,-0.17324402142403,0.00045718011555688,0.00056553380386925,658.23013295685,-0.00034357872563825,-0.17295996592017,0,6.8217888642348e-09,4.7445192155823e-13,6.0644821202582e-29,0,5.2077192707096e-13,3.7702771478262e-13,4.5421962461194e-13,0,4.5201710261527e-13,7.0373482542608e-13,2.1010728211706e-28,6.682439171933e-13,1.4802777866826e-13,1.9265693193655e-11,1.5180626583881e-28,0,1.8838940105607e-11,1.1029229950156e-11,1.6496696851571e-11,0,1.5044534408395e-11,1.8129220254322e-11,5.4889367135597e-28,1.9204397842528e-11,9.7109561163835e-12
5.675,1045081668.9588,1045081668.9588,1045081668.9588,467303891.18103,467303891.18103,467303891.18103,1,1,1,399999440.14718,6.2100215087612e-05,0.00016792143923477,5.7516855335966e-05,1.0517732768423,289.63335145865,289.63335145865,303.31455197223,303.31455197223,289.63335145865,306.98156134883,306.98156134883,306.98156134883,319.50386103175,319.50386103175,319.50386103175,303.31455197223,0.0042319915556617,9.0453815959977e-15,6.3505913702721e-10,-0.002891813878693,-0.0049476955708109,-0.0026579781025871,-3.8298658987659e-13,-0.0025989357131058,-0.0016395531274034,-1.8210671831353e-13,-0.0018916166382922,0.0029001516849174,445.38143225251,445.38143225251,459.0626327661,459.0626327661,445.38143225251,462.7296421427,462.7296421427,462.7296421427,475.25194182562,475.25194182562,475.25194182562,459.0626327661,0.039968743311126,0.071519161468903,0.048428551327434,0.055127388252019,667.38469558616,-0.17572116384297,0.0021681864022996,0.00078970244834655,657.82512111425,-0.0010764112411623,-0.17538373218764,0,7.5240196410268e-09,4.8161763480008e-13,1.2724875792563e-28,0,5.384733044311e-13,4.0579385271839e-13,4.7588685862218e-13,0,4.725352191366e-13,7.4999300224419e-13,4.2007303353358e-28,7.0541723352611e-13,1.4898717799368e-13,1.9946803384668e-11,3.3176318509237e-28,0,1.960045635571e-11,1.1603109120198e-11,1.716970250119e-11,0,1.5712800123997e-11,1.9189870529781e-11,1.1429666525664e-27,2.0202008461312e-11,9.9216558041218e-12
5.725,1043293719.5244,1043293719.5244,1043293719.5244,465515941.74663,465515941.74663,465515941.74663,1,1,1,399999484.08542,6.2620875389697e-05,0.00016939706017626,5.7994995988141e-05,1.0522727331113,289.30262379168,289.30262379168,303.00982641155,303.00982641155,289.30262379168,306.70908577507,306.70908577507,306.70908577507,319.27738051678,319.27738051678,319.27738051678,303.00982641155,0.004230191625351,1.3790023666106e-14,1.004078669464e-09,-0.0028976997090768,-0.0049342387801987,-0.0026590275610808,-6.2176299226327e-13,-0.0025949994578143,-0.0016458269155493,-2.9981043513302e-13,-0.0018873972253112,0.0028974904964503,445.05466831433,445.05466831433,458.7618709342,458.7618709342,445.05466831433,462.46113029773,462.46113029773,462.46113029773,475.02942503944,475.02942503944,475.02942503944,458.7618709342,0.039861290593574,0.07216864584832,0.048877405828432,0.055598627016305,667.05295114235,-0.17870458361801,0.00074116626970213,0.00085449415957625,657.43620141432,-0.0009831822310641,-0.17837045658844,0,8.278642356702e-09,4.8810806419467e-13,2.5444426849369e-28,0,5.5618823928178e-13,4.3566124618033e-13,4.98822556136e-13,0,4.920912812005e-13,7.9821231826563e-13,8.034573919896e-28,7.4357515092515e-13,1.4981758739484e-13,2.0637092428955e-11,6.9160172046424e-28,0,2.0387025306935e-11,1.2219227163147e-11,1.7875144125295e-11,0,1.6408722287796e-11,2.0318713215925e-11,2.279226993107e-27,2.1253582524394e-11,1.0133529868098e-11
5.775,1041535672.5371,1041535672.5371,1041535672.5371,463757894.75929,463757894.75929,463757894.75929,1,1,1,399999524.31529,6.3141814881264e-05,0.00017087260093654,5.8473548719832e-05,1.0527720674744,288.97876755213,288.97876755213,302.7101047676,302.7101047676,288.97876755213,306.44071185715,306.44071185715,306.44071185715,319.05427753132,319.05427753132,319.05427753132,302.7101047676,0.0042314894902614,2.0649785586542e-14,1.5644933208395e-09,-0.0029011983064165,-0.0049235292872381,-0.0026594552044601,-9.9063419276627e-13,-0.0025915884770883,-0.0016507908885128,-4.8523077315965e-13,-0.0018819343181173,0.0028946470632989,444.73450510161,444.73450510161,458.46584231708,458.46584231708,444.73450510161,462.19644940663,462.19644940663,462.19644940663,474.8100150808,474.8100150808,474.8100150808,458.46584231708,0.039743519867519,0.072817728837593,0.049325827870368,0.056069618662758,666.73228623314,-0.18125322194836,0.0039984476163076,0.0021232275008807,657.062677331,-0.0016575841451091,-0.18085860728432,0,9.0871491720354e-09,4.9380882170105e-13,4.889461633359e-28,0,5.7394116417612e-13,4.6646072116704e-13,5.2293371307854e-13,0,5.0985012211671e-13,8.4845710805813e-13,1.4839014605483e-27,7.8229543804302e-13,1.5044392650696e-13,2.1335443561824e-11,1.3830760159242e-27,0,2.1198700685317e-11,1.2878902241336e-11,1.8614684074553e-11,0,1.7129759245271e-11,2.1518612765233e-11,4.3777805638396e-27,2.2359915342657e-11,1.034628970934e-11
5.825,1039803554.1034,1039803554.1034,1039803554.1034,462025776.32564,462025776.32564,462025776.32564,1,1,1,399999561.21345,6.3664504308312e-05,0.00017234803873658,5.895274284268e-05,1.0532712753474,288.66125293193,288.66125293193,302.41434549868,302.41434549868,288.66125293193,306.17597253957,306.17597253957,306.17597253957,318.83406626955,318.83406626955,318.83406626955,302.41434549868,0.0042281287508922,3.0404943327282e-14,2.3877821963121e-09,-0.0029080111384303,-0.0049089228879088,-0.0026606349425608,-1.5395117147994e-12,-0.0025873453993979,-0.0016581788287744,-7.6621655088582e-13,-0.0018780989009334,0.0028927472255562,444.4204298146,444.4204298146,458.17352238135,458.17352238135,444.4204298146,461.93514942224,461.93514942224,461.93514942224,474.59324315222,474.59324315222,474.59324315222,458.17352238135,0.039667801364106,0.073466369274443,0.049773777893183,0.056540364498306,666.42316686324,-0.18405563276269,0.00081237139755286,0.00093699766757562,656.70399096656,-0.00080297935862382,-0.1836456612632,0,9.9501937045737e-09,4.9884424388114e-13,9.0310857679085e-28,0,5.9161624532116e-13,4.9764034024694e-13,5.4831427984009e-13,0,5.2658453066048e-13,9.0013921237584e-13,2.6395308277843e-27,8.2160141667581e-13,1.5090014757386e-13,2.2040915857033e-11,2.6602644135173e-27,0,2.203537240317e-11,1.3582671959697e-11,1.9390117565545e-11,0,1.7874462230267e-11,2.2791601847399e-11,8.1106408587941e-27,2.3521835208985e-11,1.0559694744604e-11
5.875,1038098749.9774,1038098749.9774,1038098749.9774,460320972.19962,460320972.19962,460320972.19962,1,1,1,399999595.01236,6.4187792123654e-05,0.00017382340091439,5.9432266681113e-05,1.0537703711118,288.35034444715,288.35034444715,302.1231438087,302.1231438087,288.35034444715,305.91505137415,305.91505137415,305.91505137415,318.61663519383,318.61663519383,318.61663519383,302.1231438087,0.0042275663032021,4.4100451518541e-14,3.5804354822655e-09,-0.0029125392904502,-0.0048968475191346,-0.0026617150561068,-2.346095408081e-12,-0.0025834906182498,-0.0016644540712308,-1.1885024089238e-12,-0.0018731437050683,0.0028904349487111,444.11271963882,444.11271963882,457.88551900037,457.88551900037,444.11271963882,461.67742656581,461.67742656581,461.67742656581,474.3790103855,474.3790103855,474.3790103855,457.88551900037,0.039517542700587,0.074114585344617,0.050221276429414,0.057010864458562,666.12348926981,-0.18633381504052,0.00057064412439924,0.001350128191082,656.35877566656,-0.00051913557117274,-0.18647537390168,0,1.0868625991052e-08,5.0297626684891e-13,1.6131579615124e-27,0,6.0923588114083e-13,5.2932907042507e-13,5.7511359821705e-13,0,5.4193490156323e-13,9.5365365089451e-13,4.5636210077606e-27,8.6088605494804e-13,1.511484896519e-13,2.2752231715162e-11,4.9416142809382e-27,0,2.2896962048964e-11,1.433125631005e-11,2.0203451016049e-11,0,1.8640873917981e-11,2.4140271774301e-11,1.45645755815e-26,2.4739311943551e-11,1.0773450988601e-11
5.925,1036420045.3939,1036420045.3939,1036420045.3939,458642267.61613,458642267.61613,458642267.61613,1,1,1,399999624.40757,6.4712791283045e-05,0.00017529871820727,5.9913085493556e-05,1.0542693460109,288.04548695994,288.04548695994,301.83633199469,301.83633199469,288.04548695994,305.65795082459,305.65795082459,305.65795082459,318.4019023181,318.4019023181,318.4019023181,301.83633199469,0.0042253603279465,6.2834283450015e-14,5.2328743307945e-09,-0.0029170084473768,-0.0048837788579519,-0.0026631579708836,-3.501057343173e-12,-0.0025794457042696,-0.0016718154198675,-1.8066562592661e-12,-0.0018692641645186,0.0028879970340189,443.81084233901,443.81084233901,457.60168737376,457.60168737376,443.81084233901,461.42330620366,461.42330620366,461.42330620366,474.16725769717,474.16725769717,474.16725769717,457.60168737376,0.03941173166358,0.074762357709925,0.05066830781242,0.057481118916572,665.83442542784,-0.18949039874532,8.8916272656282e-05,0.0009148570672894,656.02760227999,-0.0017430503218158,-0.18927405202328,0,1.1842620934923e-08,5.063758214828e-13,2.7810791532499e-27,0,6.2680788191438e-13,5.6063924662684e-13,6.0332679887098e-13,0,5.5531861507847e-13,1.0084968734185e-12,7.6356173949868e-27,8.9975360265409e-13,1.5121620244298e-13,2.3468355269561e-11,8.8746541374972e-27,0,2.3783402256569e-11,1.5124119936229e-11,2.1056683957555e-11,0,1.9426213034864e-11,2.55665017303e-11,2.5362969258582e-26,2.6011755691218e-11,1.0987302992947e-11
5.975,1034762189.9152,1034762189.9152,1034762189.9152,456984412.13746,456984412.13746,456984412.13746,1,1,1,399999651.60691,6.5238112961749e-05,0.00017677395332043,6.0394389135595e-05,1.0547682243289,287.74582660748,287.74582660748,301.55277159373,301.55277159373,287.74582660748,305.4039833862,305.4039833862,305.4039833862,318.18921069083,318.18921069083,318.18921069083,301.55277159373,0.0042263812182797,8.8386011294335e-14,7.4632573350171e-09,-0.0029207075071512,-0.0048726068706439,-0.0026633779897568,-5.127954119419e-12,-0.0025756380382131,-0.0016778514775952,-2.6935089840246e-12,-0.0018639037963171,0.0028861597955355,443.51396236809,443.51396236809,457.32090735434,457.32090735434,443.51396236809,461.17211914681,461.17211914681,461.17211914681,473.95734645144,473.95734645144,473.95734645144,457.32090735434,0.039319273517461,0.075409696827214,0.051114882939695,0.057951128444632,665.55276931709,-0.1919638768407,0.0022315936705195,0.0011084509020873,655.70807831883,-0.0013146880467218,-0.19161745024063,0,1.2871551798361e-08,5.0879854813313e-13,4.6553966023236e-27,0,6.4427208454648e-13,5.9148552823563e-13,6.3319373285663e-13,0,5.661721016532e-13,1.0643698601562e-12,1.2430478271008e-26,9.38057126135e-13,1.5106337087827e-13,2.4187905076847e-11,1.5458379150729e-26,0,2.4694540576393e-11,1.5960606792207e-11,2.1952155122171e-11,0,2.0226901299659e-11,2.7071748021914e-11,4.2942320216226e-26,2.7338368801279e-11,1.1200938860821e-11
6.025,1033124196.1693,1033124196.1693,1033124196.1693,455346418.39149,455346418.39149,455346418.39149,1,1,1,399999676.75064,6.5764952840183e-05,0.00017824913269495,6.087689045358e-05,1.0552669999726,287.45090690128,287.45090690128,301.27253873974,301.27253873974,287.45090690128,305.1528757264,305.1528757264,305.1528757264,317.97862654654,317.97862654654,317.97862654654,301.27253873974,0.0042246048220792,1.2245669908645e-13,1.0310824647986e-08,-0.0029252910067558,-0.0048590852300812,-0.0026649972894848,-7.3685357075933e-12,-0.0025714686773452,-0.0016855718630677,-3.9409930364888e-12,-0.001859784235161,0.00288423173188,443.22163969238,443.22163969238,457.04327153084,457.04327153084,443.22163969238,460.9236085175,460.9236085175,460.9236085175,473.74935933764,473.74935933764,473.74935933764,457.04327153084,0.039191143259056,0.076056578595445,0.051560984427303,0.058420893663129,665.27896901488,-0.19423350035826,0.00095930176294821,0.00041314936826124,655.40028402241,-0.00071513547859283,-0.19399345647271,0,1.3955074287248e-08,5.1039636542723e-13,7.5450225823983e-27,0,6.6152929452618e-13,6.2070990487151e-13,6.6497047344918e-13,0,5.7424066734165e-13,1.1214246642234e-12,1.9647929041298e-26,9.749232951732e-13,1.507496605955e-13,2.490971453902e-11,2.6128652415168e-26,0,2.5630084276619e-11,1.6838423157975e-11,2.28925653843e-11,0,2.103900023948e-11,2.8657681991238e-11,7.0728687938974e-26,2.8717118547586e-11,1.1414131075358e-11
6.075,1031509734.3715,1031509734.3715,1031509734.3715,453731956.59373,453731956.59373,453731956.59373,1,1,1,399999700.00878,6.6292320529298e-05,0.0001797242682728,6.1360037787139e-05,1.0557656831806,287.16124900972,287.16124900972,300.99636742686,300.99636742686,287.16124900972,304.90524671059,304.90524671059,304.90524671059,317.77064281008,317.77064281008,317.77064281008,300.99636742686,0.0042253554659429,1.6768536270879e-13,1.3863634940727e-08,-0.0029282281865382,-0.004848149533265,-0.0026662169343498,-1.0414179292467e-11,-0.0025670546487675,-0.0016921563846192,-5.6662367193314e-12,-0.0018547392950466,0.0028820241910177,442.93440659454,442.93440659454,456.76952501168,456.76952501168,442.93440659454,460.6784042954,460.6784042954,460.6784042954,473.5438003949,473.5438003949,473.5438003949,456.76952501168,0.039075017427786,0.076703019309336,0.052006633770671,0.058890414956792,665.01227847134,-0.19720760452073,0.0020943812557251,0.0014337891600396,655.10254113326,-0.0012592098201818,-0.19692319190888,0,1.5092264678982e-08,5.111827302049e-13,1.1892113674433e-26,0,6.7867555653781e-13,6.4846072647597e-13,6.9858240516371e-13,0,5.8018517729605e-13,1.1794042587419e-12,3.023093446834e-26,1.0101254853253e-12,1.5027672372272e-13,2.5632636088927e-11,4.2946640858833e-26,0,2.6589876453126e-11,1.7755485112024e-11,2.3880510096118e-11,0,2.18595059859e-11,3.0325611489472e-11,1.1348168546731e-25,3.0145651708632e-11,1.1626654456156e-11
6.125,1029913747.1654,1029913747.1654,1029913747.1654,452135969.38758,452135969.38758,452135969.38758,1,1,1,399999721.53016,6.6820665142228e-05,0.00018119934247251,6.1844172430049e-05,1.0562642681582,286.87601661854,286.87601661854,300.723290056,300.723290056,286.87601661854,304.66022224656,304.66022224656,304.66022224656,317.5646689273,317.5646689273,317.5646689273,300.723290056,0.0042247519435798,2.2640093288922e-13,1.8045036048834e-08,-0.0029316457084458,-0.004835896139748,-0.0026677010720812,-1.4474557300284e-11,-0.0025625422134498,-0.0016994926116847,-8.0028628229248e-12,-0.001850103206434,0.0028803489884367,442.65144055498,442.65144055498,456.49871399244,456.49871399244,442.65144055498,460.435646183,460.435646183,460.435646183,473.34009286374,473.34009286374,473.34009286374,456.49871399244,0.038964742418887,0.077348994354179,0.052451815395426,0.059359692822175,664.75287477324,-0.19981737343876,0.0018242586580427,0.0013624663385128,654.81611481857,-0.0014182628117627,-0.19948577197644,0,1.6281785785928e-08,5.1123900847698e-13,1.8221896425409e-26,0,6.9550758318951e-13,6.7368769512039e-13,7.338160478442e-13,0,5.8346816963632e-13,1.2380470120615e-12,4.5316468495067e-26,1.043586528617e-12,1.4965919622573e-13,2.6355637228329e-11,6.8716293915804e-26,0,2.7573472710006e-11,1.8708223387267e-11,2.4918282703266e-11,0,2.2684654584612e-11,3.2076474364785e-11,1.7756884981189e-25,3.1621505930912e-11,1.1838304521192e-11
6.175,1028336071.0203,1028336071.0203,1028336071.0203,450558293.24255,450558293.24255,450558293.24255,1,1,1,399999741.44033,6.7344751133102e-05,0.00018267432895563,6.2326769831624e-05,1.0567627893071,286.59527517872,286.59527517872,300.4533517522,300.4533517522,286.59527517872,304.41764551397,304.41764551397,304.41764551397,317.36068200477,317.36068200477,317.36068200477,300.4533517522,0.0042340368046027,3.0282612874284e-13,2.2906722294609e-08,-0.0029290615493476,-0.0048333721447243,-0.0026662903890457,-1.9818228678862e-11,-0.0025592466844676,-0.0017014448278954,-1.115485023143e-11,-0.0018405683950129,0.0028787732946976,442.3728192368,442.3728192368,456.23089581028,456.23089581028,442.3728192368,460.19518957205,460.19518957205,460.19518957205,473.13822606285,473.13822606285,473.13822606285,456.23089581028,0.038836005333421,0.077994566571132,0.052896582583716,0.059828727162027,664.49776941972,-0.20169764948567,0.013620323115898,0.0050891968937334,654.53779118077,-0.0013950429814452,-0.20142121091444,0,1.7522759622212e-08,5.1045166254224e-13,2.7318697580556e-26,0,7.1249731595031e-13,6.965990366985e-13,7.6997415263572e-13,0,5.830336196799e-13,1.2981886289222e-12,6.6642948865232e-26,1.0754383591617e-12,1.4884359672894e-13,2.7077524892432e-11,1.073507665406e-25,0,2.8581096077378e-11,1.9693363192502e-11,2.6007190592601e-11,0,2.3509188636883e-11,3.3912390330325e-11,2.7181621193364e-25,3.3142405443935e-11,1.2048801154358e-11
6.225,1026778644.0231,1026778644.0231,1026778644.0231,449000866.24532,449000866.24532,449000866.24532,1,1,1,399999759.85869,6.7875922602513e-05,0.00018415054849143,6.2813269397255e-05,1.057261181049,286.31909138087,286.31909138087,300.18682982323,300.18682982323,286.31909138087,304.17788338394,304.17788338394,304.17788338394,317.15909135051,317.15909135051,317.15909135051,300.18682982323,0.0042225695863173,3.9714236037992e-13,2.7845109771706e-08,-0.002937845159629,-0.0048100637593116,-0.0026718464432979,-2.6571704638019e-11,-0.0025537219177404,-0.001714959901309,-1.5199626080512e-11,-0.0018409744355953,0.0028776352884477,442.09861910908,442.09861910908,455.96635755144,455.96635755144,442.09861910908,459.95741111215,459.95741111215,459.95741111215,472.93861907872,472.93861907872,472.93861907872,455.96635755144,0.038703798679274,0.078639592109412,0.053340812886252,0.060297520260657,664.25274598706,-0.20469315450932,0.0019853912564536,0.0019674332143164,654.27218400558,-0.00092987917038405,-0.20500112755964,0,1.8812813206547e-08,5.0951853229342e-13,3.9290403383032e-26,0,7.2829297732496e-13,7.1495301740464e-13,8.0680783967948e-13,0,5.8200407519997e-13,1.3579065004855e-12,9.3877716360279e-26,1.1046815570772e-12,1.4809505083423e-13,2.7798092911082e-11,1.6291578787599e-25,0,2.9611057883292e-11,2.0704459446175e-11,2.7148189181704e-11,0,2.4332266693387e-11,3.5832760119746e-11,4.0457935161496e-25,3.4704661084057e-11,1.2258239183768e-11
6.275,1025239384.1908,1025239384.1908,1025239384.1908,447461606.41298,447461606.41298,447461606.41298,1,1,1,399999776.91357,6.8403968522015e-05,0.00018562719733832,6.3299000007019e-05,1.057759506107,286.04758314148,286.04758314148,299.9235151821,299.9235151821,286.04758314148,303.94049563924,303.94049563924,303.94049563924,316.95923778987,316.95923778987,316.95923778987,299.9235151821,0.0042290760789793,5.1692423932169e-13,3.306240771698e-08,-0.0029369370055524,-0.0048045339233807,-0.0026711281265033,-3.5173344614765e-11,-0.0025495508802968,-0.0017191036967539,-2.0497870761043e-11,-0.0018332728202224,0.002876103825291,441.82896551068,441.82896551068,455.7048975513,455.7048975513,441.82896551068,459.72187800844,459.72187800844,459.72187800844,472.74062015907,472.74062015907,472.74062015907,455.7048975513,0.038580147576895,0.079284187610674,0.053784605596749,0.060766070015086,664.01176936961,-0.2076563140296,0.0097935973730952,0.0040036047117798,654.01441617348,-0.0013519064240824,-0.20708053879743,0,2.015076072941e-08,5.0763777179108e-13,5.6129911701055e-26,0,7.440743969905e-13,7.3021286226382e-13,8.4333701256535e-13,0,5.7743052530561e-13,1.4192142556561e-12,1.3186476593829e-25,1.1315733929239e-12,1.4708055952056e-13,2.8516001132722e-11,2.4229547025843e-25,0,3.066333798693e-11,2.1737136379408e-11,2.8340847822525e-11,0,2.5148876773603e-11,3.7839832168008e-11,5.9106429200404e-25,3.630494752315e-11,1.2466242505804e-11
6.325,1023717564.1864,1023717564.1864,1023717564.1864,445939786.40857,445939786.40857,445939786.40857,1,1,1,399999792.6949,6.8935546085002e-05,0.00018710384146144,6.3787284341737e-05,1.0582577282748,285.77996827809,285.77996827809,299.66329842625,299.66329842625,285.77996827809,303.7057221349,303.7057221349,303.7057221349,316.7612016137,316.7612016137,316.7612016137,299.66329842625,0.0042246787491821,6.6264556713904e-13,3.7951211413248e-08,-0.0029415061796648,-0.0047878676951672,-0.0026743634114985,-4.5914198802179e-11,-0.0025446853358774,-0.0017292879811795,-2.7152762350514e-11,-0.0018302896274702,0.0028751407693386,441.56308676444,441.56308676444,455.44641691259,455.44641691259,441.56308676444,459.48884062124,459.48884062124,459.48884062124,472.54432010004,472.54432010004,472.54432010004,455.44641691259,0.038434053550857,0.07992826795779,0.054227892687145,0.061234378263411,663.7781753793,-0.21005083370451,0.0064546958772605,0.0023210622156117,653.76735596371,-0.0011305064309717,-0.21029726659706,0,2.1533635241214e-08,5.0540146919648e-13,7.7534910885044e-26,0,7.589992376275e-13,7.4121952100043e-13,8.7954244359431e-13,0,5.7179133364613e-13,1.4800453527814e-12,1.7900065095257e-25,1.1567315245194e-12,1.4603407340953e-13,2.9230746744903e-11,3.5194639278944e-25,0,3.1736725002614e-11,2.2785379078703e-11,2.9584708674939e-11,0,2.5957511832492e-11,3.9932932378839e-11,8.4420944025477e-25,3.794081293315e-11,1.2672765872988e-11
6.375,1022210788.5635,1022210788.5635,1022210788.5635,444433010.7857,444433010.7857,444433010.7857,1,1,1,399999807.30623,6.9468902931384e-05,0.00018858045942441,6.427686027134e-05,1.0587558696011,285.51641244385,285.51641244385,299.4054899269,299.4054899269,285.51641244385,303.47288173722,303.47288173722,303.47288173722,316.56471408323,316.56471408323,316.56471408323,299.4054899269,0.0042213466561299,8.3840998702254e-13,4.2360257121714e-08,-0.002945730260013,-0.0047733636356807,-0.002677317105505,-5.9044552393309e-11,-0.0025393096220117,-0.0017387839128638,-3.5432498573261e-11,-0.0018267639570892,0.0028743349022583,441.30115621716,441.30115621716,455.19023370021,455.19023370021,441.30115621716,459.25762551053,459.25762551053,459.25762551053,472.34945785654,472.34945785654,472.34945785654,455.19023370021,0.03829042215341,0.080571837894419,0.054670678342914,0.06170244654506,663.54904624282,-0.21274876245001,0.0012171237204956,0.0011483511211856,653.52822255274,-0.0014188489983052,-0.21285684114802,0,2.2958919184434e-08,5.0248716767133e-13,1.0478702710114e-25,0,7.733440759854e-13,7.4851716255228e-13,9.1509220639134e-13,0,5.6475201818834e-13,1.5410468893132e-12,2.3759513202726e-25,1.1797849869298e-12,1.4488370166765e-13,2.9941370912342e-11,5.0013762767663e-25,0,3.2830398683253e-11,2.3843942201653e-11,3.087884448404e-11,0,2.6756191795992e-11,4.2112301789959e-11,1.1802196983216e-24,3.960928086235e-11,1.2877662368853e-11
6.425,1020720336.9711,1020720336.9711,1020720336.9711,442942559.19329,442942559.19329,442942559.19329,1,1,1,399999820.8234,7.0040776215305e-05,0.0001900571264951,6.4766680147526e-05,1.0592539339593,285.25640979717,285.25640979717,299.1505775599,299.1505775599,285.25640979717,303.24252780733,303.24252780733,303.24252780733,316.3700236303,316.3700236303,316.3700236303,299.1505775599,0.0042250525494578,1.0512725576246e-12,4.6270836521394e-08,-0.0029455067400304,-0.0047646510899504,-0.0026792440532618,-7.5581832447332e-11,-0.0025351585331647,-0.0017443837292198,-4.6001285014445e-11,-0.0018198936144547,0.0028724103182952,441.04267488564,441.04267488564,454.93684264837,454.93684264837,441.04267488564,459.0287928958,459.0287928958,459.0287928958,472.15628871877,472.15628871877,472.15628871877,454.93684264837,0.038107049364973,0.081214921365636,0.055112987997081,0.06217027546045,663.32420270677,-0.21470289517726,0.005597896317109,0.0030901463530436,653.29793289907,-0.0011554358310726,-0.21390829958633,0,2.4426627358623e-08,4.9882383099057e-13,1.3839159797987e-25,0,7.8752214107085e-13,7.5266259686521e-13,9.4996189310671e-13,0,5.5608202059236e-13,1.6043726838617e-12,3.0885253007366e-25,1.1998613849179e-12,1.4360404303349e-13,3.0646814339364e-11,6.9585290245825e-25,0,3.3944123175825e-11,2.4908367854031e-11,3.2222293477009e-11,0,2.7542610531305e-11,4.4381227398577e-11,1.617003135125e-24,4.1306141105869e-11,1.3080749154123e-11
6.475,1019245947.962,1019245947.962,1019245947.962,441468170.18424,441468170.18424,441468170.18424,1,1,1,399999833.35542,7.0698393767135e-05,0.0001915337152118,6.525747534621e-05,1.0597519229332,284.99993093999,284.99993093999,298.89854471594,298.89854471594,284.99993093999,303.01449644179,303.01449644179,303.01449644179,316.17717143448,316.17717143448,316.17717143448,298.89854471594,0.0042249285106016,1.298582365936e-12,4.9473495305325e-08,-0.0029471789065751,-0.0047532288486068,-0.0026809656657224,-9.4301133147592e-11,-0.0025302268603685,-0.0017519379836922,-5.8362444290552e-11,-0.0018148317623373,0.0028724075084122,440.78762307664,440.78762307664,454.68623685259,454.68623685259,440.78762307664,458.80218857845,458.80218857845,458.80218857845,471.96486357114,471.96486357114,471.96486357114,454.68623685259,0.037995044249684,0.081857514268555,0.055554822468756,0.06263786339083,663.1040662446,-0.21745670387253,0.0066458516440668,0.0025266628909267,653.07414254312,-0.00077886726180315,-0.21646369798676,0,2.5931617111137e-08,4.9462390299405e-13,1.7823443171006e-25,0,8.0104108793291e-13,7.5304735796924e-13,9.8242589002799e-13,0,5.4690203038592e-13,1.6663496690085e-12,3.9076579761872e-25,1.2185173961801e-12,1.4221388185894e-13,3.1346318171252e-11,9.4791445306448e-25,0,3.5076966346398e-11,2.597333764078e-11,3.3611653494713e-11,0,2.8316046799967e-11,4.6737801700144e-11,2.1696294258289e-24,4.3029384933535e-11,1.3281869954606e-11
6.525,1017786115.9376,1017786115.9376,1017786115.9376,440008338.15978,440008338.15978,440008338.15978,1,1,1,399999844.94731,7.135223018537e-05,0.00019301032032203,6.5750071496125e-05,1.060249830796,284.74686138876,284.74686138876,298.64902525661,298.64902525661,284.74686138876,302.78848289385,302.78848289385,302.78848289385,315.98599024526,315.98599024526,315.98599024526,298.64902525661,0.0042229998525557,1.5895599996697e-12,5.1751957742825e-08,-0.0029498294304619,-0.0047392318236621,-0.0026841766877758,-1.1650212887387e-10,-0.0025251771187924,-0.0017608759830932,-7.3192560351672e-11,-0.0018104287937762,0.0028719998648101,440.53589179653,440.53589179653,454.43805566438,454.43805566438,440.53589179653,458.57751330161,458.57751330161,458.57751330161,471.77502065302,471.77502065302,471.77502065302,454.43805566438,0.037785950631512,0.082499583290614,0.055996146954535,0.063105212302657,662.88853678923,-0.21995043589589,0.0042896498549728,0.0017949718324382,652.85799660732,-0.00081831766340109,-0.21959094467436,0,2.7472065276046e-08,4.9003136668715e-13,2.2325214283017e-25,0,8.1381632961363e-13,7.5016023036274e-13,1.0132444696068e-12,0,5.3738478507764e-13,1.7292383798863e-12,4.8230697279615e-25,1.2342930349025e-12,1.4077769306289e-13,3.2039327176009e-11,1.2636406612838e-24,0,3.6227876437018e-11,2.7034224412512e-11,3.5044597565631e-11,0,2.9076023651236e-11,4.9183314069556e-11,2.8517144879843e-24,4.4774938883436e-11,1.3480959677415e-11
6.575,1016340852.0432,1016340852.0432,1016340852.0432,438563074.26542,438563074.26542,438563074.26542,1,1,1,399999855.68437,7.2002677167121e-05,0.00019448684107716,6.6243386886951e-05,1.060747664563,284.49737578427,284.49737578427,298.40210464849,298.40210464849,284.49737578427,302.56458098589,302.56458098589,302.56458098589,315.79610268452,315.79610268452,315.79610268452,298.40210464849,0.0042196022460553,1.9288037791081e-12,5.3030820709051e-08,-0.0029545162653526,-0.0047245484605952,-0.0026878450573107,-1.4193452346178e-10,-0.0025193791863275,-0.0017703867949303,-9.0483930723986e-11,-0.0018060329069924,0.0028716758321672,440.28766222159,440.28766222159,454.19239108581,454.19239108581,440.28766222159,458.35486742322,458.35486742322,458.35486742322,471.58638912185,471.58638912185,471.58638912185,454.19239108581,0.037610914196601,0.083141112206969,0.056436954082963,0.063572323774082,662.67667145731,-0.22301342274852,-0.0034227477567077,0.00088119385433986,652.6481636561,0.001110502587072,-0.22246459569115,0,2.9044819782325e-08,4.84614489718e-13,2.7407606546308e-25,0,8.260827019405e-13,7.4370393869596e-13,1.0424251714419e-12,0,5.2800092164573e-13,1.7923858729224e-12,5.8282645737932e-25,1.248228815449e-12,1.3928442184638e-13,3.2724675559891e-11,1.6512427501835e-24,0,3.7396133797744e-11,2.8085980609006e-11,3.6518809380843e-11,0,2.9822729715573e-11,5.1718130480049e-11,3.67595556852e-24,4.6540201003189e-11,1.3677937595817e-11
6.625,1014909654.6466,1014909654.6466,1014909654.6466,437131876.8688,437131876.8688,437131876.8688,1,1,1,399999865.60632,7.265080041179e-05,0.00019596341803117,6.6739066435932e-05,1.0612454190918,284.25136436247,284.25136436247,298.15747763586,298.15747763586,284.25136436247,302.34260904321,302.34260904321,302.34260904321,315.60778564957,315.60778564957,315.60778564957,298.15747763586,0.0042209807853454,2.3110717414339e-12,5.359878781045e-08,-0.0029536696351073,-0.0047135341936401,-0.0026907738366378,-1.7101888791196e-10,-0.0025147889203385,-0.0017779247003496,-1.1070204662792e-10,-0.0018006645023111,0.0028707248621888,440.04282813898,440.04282813898,453.94894141236,453.94894141236,440.04282813898,458.13407281971,458.13407281971,458.13407281971,471.39924942608,471.39924942608,471.39924942608,453.94894141236,0.037337994863955,0.08378213268998,0.056877273832914,0.064039195757029,662.46894128194,-0.22548783040175,0.00069800561985414,0.0010514111981999,652.44622254564,-0.0010134755679165,-0.22563457797525,0,3.0647468778628e-08,4.7855195535979e-13,3.2735588803301e-25,0,8.375226784926e-13,7.340759470685e-13,1.0692748694157e-12,0,5.1841172421947e-13,1.8564833916723e-12,6.8615214863411e-25,1.2598938350799e-12,1.376791214049e-13,3.3401450225461e-11,2.1141938867625e-24,0,3.8580569728463e-11,2.9124120769162e-11,3.8030992403075e-11,0,3.0555874606858e-11,5.4343594470872e-11,4.6463212429698e-24,4.8321959951909e-11,1.3872645276564e-11
6.675,1013491810.4568,1013491810.4568,1013491810.4568,435714032.67898,435714032.67898,435714032.67898,1,1,1,399999874.83202,7.3296738828486e-05,0.00019743997582923,6.7235817670586e-05,1.0617431010475,284.00850427491,284.00850427491,297.91529124708,297.91529124708,284.00850427491,302.12250050867,302.12250050867,302.12250050867,315.42089201723,315.42089201723,315.42089201723,297.91529124708,0.0042209819346471,2.7443147453709e-12,5.3400669239248e-08,-0.0029545324307411,-0.0047017894857552,-0.0026939102400323,-2.0359704710401e-10,-0.0025100410308292,-0.0017857085063092,-1.3384529544537e-10,-0.0017949627459262,0.0028704435925681,439.80107290527,439.80107290527,453.70785987744,453.70785987744,439.80107290527,457.91506913903,457.91506913903,457.91506913903,471.21346064759,471.21346064759,471.21346064759,453.70785987744,0.03727356479454,0.084422619667499,0.057317082565244,0.064505830580954,662.26487542294,-0.22787814503707,0.0011224389336548,0.001047274442625,652.25095704768,-0.0010220383562187,-0.2284473208933,0,3.2277380317526e-08,4.7171553900651e-13,3.8289341912855e-25,0,8.4822678172323e-13,7.2153857983733e-13,1.0940992175184e-12,0,5.0933395182648e-13,1.9211776001607e-12,7.9022559904325e-25,1.2695257237125e-12,1.3601560794635e-13,3.4068556738306e-11,2.6556869530375e-24,0,3.9780143547144e-11,3.0144530414544e-11,3.9578282355071e-11,0,3.1276181589308e-11,5.7060549888747e-11,5.7638690024712e-24,5.0117340448165e-11,1.4065000394016e-11
6.725,1012087976.5793,1012087976.5793,1012087976.5793,434310198.80149,434310198.80149,434310198.80149,1,1,1,399999883.38433,7.3940279537587e-05,0.00019891653836609,6.7733652010625e-05,1.0622407149724,283.76876934547,283.76876934547,297.67589620046,297.67589620046,283.76876934547,301.90433960029,301.90433960029,301.90433960029,315.23534537866,315.23534537866,315.23534537866,297.67589620046,0.0042209402037363,3.2309106963885e-12,5.2452279368188e-08,-0.0029554188805165,-0.004690452590471,-0.0026972139919146,-2.3921567347733e-10,-0.0025051182951198,-0.0017934228890642,-1.5964020319569e-10,-0.0017893822988472,0.0028699059834578,439.56237597145,439.56237597145,453.46950282644,453.46950282644,439.56237597145,457.69794622627,457.69794622627,457.69794622627,471.02895200464,471.02895200464,471.02895200464,453.46950282644,0.037091100848925,0.08506257686623,0.057756389302054,0.06497222891952,662.06382273092,-0.23055508497402,0.0011034574937988,0.0013258343077193,652.06166608684,-0.0012278917534994,-0.23069892277808,0,3.3930926662788e-08,4.6415478537134e-13,4.3559874532128e-25,0,8.5827316621041e-13,7.0578337645904e-13,1.1170319551532e-12,0,5.0055421124448e-13,1.9859502552004e-12,8.8644874220855e-25,1.2770290556435e-12,1.3432311501011e-13,3.4724970730818e-11,3.2717166064235e-24,0,4.099392509902e-11,3.114265883763e-11,4.1158004095653e-11,0,3.1984072143553e-11,5.9869107673849e-11,7.0174968360511e-24,5.1923332258201e-11,1.4254961965003e-11
6.775,1010698159.2759,1010698159.2759,1010698159.2759,432920381.49811,432920381.49811,432920381.49811,1,1,1,399999891.31317,7.4582646315243e-05,0.00020039309402954,6.8232132795626e-05,1.0627382527259,283.53230886159,283.53230886159,297.43911735903,297.43911735903,283.53230886159,301.68796941099,301.68796941099,301.68796941099,315.05131736218,315.05131736218,315.05131736218,297.43911735903,0.0042244365900886,3.7662140036346e-12,5.1055840674372e-08,-0.002954287263348,-0.0046808713593159,-0.002700101457961,-2.787072508747e-10,-0.002500929736528,-0.0017993964450125,-1.8891986601374e-10,-0.0017817568745983,0.0028691971035279,439.32689036187,439.32689036187,453.23369885931,453.23369885931,439.32689036187,457.48255091127,457.48255091127,457.48255091127,470.84589886247,470.84589886247,470.84589886247,453.23369885931,0.036902704552067,0.085702009644593,0.058195202267501,0.065438390172228,661.86724592032,-0.23276078583416,0.0068589924101516,0.0031977848147412,651.87931377284,-0.0007010879382777,-0.23435254082646,0,3.5605938330567e-08,4.5586172082337e-13,4.8811527785762e-25,0,8.6749248977548e-13,6.8685630938443e-13,1.13808743672e-12,0,4.9160375224172e-13,2.0522331983054e-12,9.7935971777971e-25,1.2823981063744e-12,1.3257767010408e-13,3.5369656558973e-11,3.9620158523713e-24,0,4.2220744743317e-11,3.2114020345763e-11,4.2767502783829e-11,0,3.2679304837286e-11,6.2771403696045e-11,8.4025206313771e-24,5.3736917052597e-11,1.4442455104132e-11
6.825,1009321477.6918,1009321477.6918,1009321477.6918,431543699.914,431543699.914,431543699.914,1,1,1,399999898.6751,7.5221788839385e-05,0.00020186965856545,6.8732355017575e-05,1.0632357270016,283.29882379526,283.29882379526,297.20451579098,297.20451579098,283.29882379526,301.47343348504,301.47343348504,301.47343348504,314.86890682333,314.86890682333,314.86890682333,297.20451579098,0.004221218035062,4.3606648547748e-12,4.9128126095042e-08,-0.0029561756133635,-0.0046684699613036,-0.0027040188492911,-3.1944232641536e-10,-0.0024951402929363,-0.0018086658707109,-2.1887094433378e-10,-0.0017776108197423,0.0028692639516959,439.09432221651,439.09432221651,453.00001421223,453.00001421223,439.09432221651,457.26893190629,457.26893190629,457.26893190629,470.66440524458,470.66440524458,470.66440524458,453.00001421223,0.036759367494685,0.086340892137284,0.05863350351704,0.065904316639751,661.67288838955,-0.23568765184902,0.0026980759441774,0.0014901038118308,651.70223663125,-0.0015137398039974,-0.23592478946233,0,3.7296736747989e-08,4.4709185300807e-13,5.2934635271439e-25,0,8.7600161721165e-13,6.6455229313813e-13,1.1575466082348e-12,0,4.8402193365909e-13,2.1162852291548e-12,1.0460189783074e-24,1.2858743260539e-12,1.3088605178709e-13,3.6001939921124e-11,4.7106246435727e-24,0,4.3459598111039e-11,3.3053839211625e-11,4.4404520896274e-11,0,3.3363815220353e-11,6.5764282968966e-11,9.881814856999e-24,5.555541796401e-11,1.4627555933695e-11
6.875,1007956520.4744,1007956520.4744,1007956520.4744,430178742.69664,430178742.69664,430178742.69664,1,1,1,399999905.49795,7.5858566988545e-05,0.00020334620850191,6.9233614205747e-05,1.0637331270616,283.06811187411,283.06811187411,296.97191386318,296.97191386318,283.06811187411,301.26046186978,301.26046186978,301.26046186978,314.68784844202,314.68784844202,314.68784844202,296.97191386318,0.0042214445948132,5.0012692553232e-12,4.6854348131094e-08,-0.0029565310658693,-0.00465703964047,-0.0027081810984863,-3.6413934976372e-10,-0.0024903447036939,-0.0018161861866025,-2.5201205093133e-10,-0.0017709137473652,0.002869000113223,438.86447603454,438.86447603454,452.76827802361,452.76827802361,438.86447603454,457.05682603021,457.05682603021,457.05682603021,470.48421260245,470.48421260245,470.48421260245,452.76827802361,0.036531984354184,0.086979220990781,0.059071293708396,0.066370007767207,661.48239008852,-0.23809297730266,0.0033503263702831,0.0018940731689223,651.53101712437,-0.0012284367110627,-0.23933191348097,0,3.9001544090497e-08,4.3752758209469e-13,5.6265530719302e-25,0,8.835701685545e-13,6.3929553125954e-13,1.1757737123322e-12,0,4.765361377001e-13,2.1823157790046e-12,1.0962958231797e-24,1.2874426246028e-12,1.2916369333414e-13,3.6620697361635e-11,5.5063394099463e-24,0,4.4709155026717e-11,3.3957939622296e-11,4.6067316026536e-11,0,3.403773908925e-11,6.8850543541015e-11,1.1432211278513e-23,5.73761367845e-11,1.4810220980574e-11
6.925,1006602506.1563,1006602506.1563,1006602506.1563,428824728.37848,428824728.37848,428824728.37848,1,1,1,399999911.8319,7.6493169138286e-05,0.00020482278648081,6.9735971689053e-05,1.0642304694498,282.8399586244,282.8399586244,296.74118817862,296.74118817862,282.8399586244,301.04901418266,301.04901418266,301.04901418266,314.50799056686,314.50799056686,314.50799056686,296.74118817862,0.0042198590426318,5.687509230381e-12,4.4458683812381e-08,-0.0029577940631119,-0.0046458830722988,-0.0027120650479687,-4.1007494981024e-10,-0.0024850261826253,-0.0018244635482098,-2.8605753539367e-10,-0.0017652829309712,0.0028690621506698,438.63713865193,438.63713865193,452.53836820615,452.53836820615,438.63713865193,456.84619421019,456.84619421019,456.84619421019,470.30517059439,470.30517059439,470.30517059439,452.53836820615,0.036357262456813,0.087616997838171,0.059508574633643,0.066835465129998,661.29321969518,-0.24074883203311,0.00095599947210716,0.0013936062197711,651.36434630282,-0.001380529910758,-0.24081277784792,0,4.0716470960605e-08,4.2761246685388e-13,5.8068820653475e-25,0,8.901381244529e-13,6.1137124857542e-13,1.1927404670854e-12,0,4.6976097608911e-13,2.2476580705336e-12,1.1160857464947e-24,1.2873587738779e-12,1.2748056227058e-13,3.7225432711699e-11,6.3275565471378e-24,0,4.5968000434703e-11,3.4822549133677e-11,4.7754105771479e-11,0,3.4702081432708e-11,7.2029212067941e-11,1.3010594877977e-23,5.9196737022159e-11,1.4990505720676e-11
6.975,1005258252.6205,1005258252.6205,1005258252.6205,427480474.84272,427480474.84272,427480474.84272,1,1,1,399999917.70729,7.712578141342e-05,0.00020629940180556,7.0239175912656e-05,1.0647277524207,282.61406799717,282.61406799717,296.51218759912,296.51218759912,282.61406799717,300.83874582541,300.83874582541,300.83874582541,314.32935904903,314.32935904903,314.32935904903,296.51218759912,0.0042206022492687,6.4288464225161e-12,4.2071485911484e-08,-0.0029575524634768,-0.0046357785917762,-0.0027163920657457,-4.5746545840473e-10,-0.0024802917476528,-0.0018313589279736,-3.2147933370551e-10,-0.0017583113492316,0.0028688495082511,438.41201797573,438.41201797573,452.31013757769,452.31013757769,438.41201797573,456.63669580397,456.63669580397,456.63669580397,470.12730902759,470.12730902759,470.12730902759,452.31013757769,0.036132600860097,0.088254227666347,0.05994535227246,0.0673006889445,661.105926631,-0.2432976869827,0.0019128167139781,0.0024155459738226,651.20158747912,-0.0014377607669383,-0.24339147035743,0,4.2438400989861e-08,4.1724783622102e-13,5.8367103970685e-25,0,8.9611434782977e-13,5.8149964339396e-13,1.2084396123797e-12,0,4.6347666911156e-13,2.313793594156e-12,1.1079555668385e-24,1.2856710306516e-12,1.2581287246963e-13,3.7815510260554e-11,7.1529920474557e-24,0,4.7235297498841e-11,3.564491381588e-11,4.9463097460615e-11,0,3.5357536424009e-11,7.5301410349328e-11,1.4577480667107e-23,6.1014950430456e-11,1.5168431991244e-11
7.025,1003925728.835,1003925728.835,1003925728.835,426147951.05724,426147951.05724,426147951.05724,1,1,1,399999923.16471,7.7756223762711e-05,0.00020777602977354,7.0743598713174e-05,1.0652249632787,282.39090279199,282.39090279199,296.28536912061,296.28536912061,282.39090279199,300.62978477272,300.62978477272,300.62978477272,314.15221263283,314.15221263283,314.15221263283,296.28536912061,0.0042199401283223,7.2088469220796e-12,3.9785317725899e-08,-0.0029581479818026,-0.0046243789017477,-0.0027205489499583,-5.0511240898954e-10,-0.0024751539724897,-0.0018390702888817,-3.5689307913148e-10,-0.0017518061454618,0.0028691437948957,438.18957703538,438.18957703538,452.084043364,452.084043364,438.18957703538,456.42845901611,456.42845901611,456.42845901611,469.95088687622,469.95088687622,469.95088687622,452.084043364,0.035956867260987,0.088890891380648,0.060381609153922,0.067765679132995,660.92219520372,-0.24571292597433,0.0018509214369654,0.0018191998651802,651.04464761913,-0.0016256470567125,-0.24600398855513,0,4.4163798940503e-08,4.0663458363826e-13,5.7084288193184e-25,0,9.0124528068079e-13,5.5011960858442e-13,1.2227516797115e-12,0,4.578883288001e-13,2.3796630469675e-12,1.0704639465775e-24,1.282445817354e-12,1.2422879170484e-13,3.8390578403665e-11,7.9602857930678e-24,0,4.8509850797805e-11,3.6422900427267e-11,5.1192329469478e-11,0,3.6005088308651e-11,7.8666762104228e-11,1.6091345298388e-23,6.2828602698367e-11,1.534411803331e-11
7.075,1002603972.3046,1002603972.3046,1002603972.3046,424826194.52686,424826194.52686,424826194.52686,1,1,1,399999928.23147,7.8390350881509e-05,0.00020925267480202,7.1246064095626e-05,1.0657221506998,282.17018803833,282.17018803833,296.06050844439,296.06050844439,282.17018803833,300.42233951668,300.42233951668,300.42233951668,313.97627417724,313.97627417724,313.97627417724,296.06050844439,0.0042305835854326,8.0753766392234e-12,3.7911148238175e-08,-0.0029524419211337,-0.0046241919036685,-0.002721937393508,-5.5623977661186e-10,-0.002470478098047,-0.0018401073228255,-3.9396427156939e-10,-0.0017406012643024,0.0028694583293058,437.96954298708,437.96954298708,451.85986339314,451.85986339314,437.96954298708,456.22169446544,456.22169446544,456.22169446544,469.775629126,469.775629126,469.775629126,451.85986339314,0.035741623963784,0.089527109759521,0.060817462293285,0.068230434654381,660.73768441965,-0.24743225699506,0.015082468761598,0.0078124958329592,650.88857498318,-0.0039531198126856,-0.24946515156705,0,4.5890124664267e-08,3.9573718871051e-13,5.4671398863537e-25,0,9.0654207996592e-13,5.1842030542532e-13,1.2363220667416e-12,0,4.5225652083938e-13,2.4464081887995e-12,1.0143074550661e-24,1.2782146063987e-12,1.2262099004627e-13,3.8950235303075e-11,8.733456130535e-24,0,4.9791894902155e-11,3.7156057454209e-11,5.2940752903725e-11,0,3.6644675614094e-11,8.2126505743928e-11,1.7525792657759e-23,6.4636271130359e-11,1.5517530300465e-11
7.125,1001293375.191,1001293375.191,1001293375.191,423515597.41326,423515597.41326,423515597.41326,1,1,1,399999932.93329,7.9015103494495e-05,0.00021072935332415,7.1752870036671e-05,1.0662192078628,281.95199413904,281.95199413904,295.83759702957,295.83759702957,281.95199413904,300.21639227027,300.21639227027,300.21639227027,313.80164152843,313.80164152843,313.80164152843,295.83759702957,0.0042175856039853,8.8937181680766e-12,3.5720940526981e-08,-0.0029592650094154,-0.0046006015960635,-0.0027299252913469,-6.012731169945e-10,-0.0024653677180972,-0.0018545064170096,-4.2669490178845e-10,-0.0017386988658236,0.002869717929181,437.75199158839,437.75199158839,451.63759447892,451.63759447892,437.75199158839,456.01638971962,456.01638971962,456.01638971962,469.60163897778,469.60163897778,469.60163897778,451.63759447892,0.035509916085781,0.090162610757201,0.061252659481449,0.068694960657838,660.56227599807,-0.25021866828635,0.0015846124601995,0.0012748714307955,650.74462137314,-0.00064653761214708,-0.25106673984275,0,4.7612947264297e-08,3.8526783164091e-13,5.0117328704707e-25,0,9.0981176235334e-13,4.8623135601264e-13,1.2493914279992e-12,0,4.4857828826676e-13,2.5112929175406e-12,9.1951574076418e-25,1.2725121504722e-12,1.2122266892761e-13,3.9495086295727e-11,9.4422221901761e-24,0,5.1078563035681e-11,3.7843692432333e-11,5.4707659205914e-11,0,3.7279061113147e-11,8.5678010247006e-11,1.8826184289163e-23,6.6435875071842e-11,1.568896504293e-11
7.175,999991223.52821,999991223.52821,999991223.52821,422213445.75043,422213445.75043,422213445.75043,1,1,1,399999937.30684,7.9639396996036e-05,0.0002122061007738,7.225994557756e-05,1.0667162310873,281.73619382295,281.73619382295,295.61602569257,295.61602569257,281.73619382295,300.01151070215,300.01151070215,300.01151070215,313.62783415322,313.62783415322,313.62783415322,295.61602569257,0.0042190912218934,9.7680833684473e-12,3.3522230135281e-08,-0.0029589104152698,-0.0045915101098684,-0.002734350605225,-6.4842613583157e-10,-0.0024605782489601,-0.0018610151679141,-4.5892643192098e-10,-0.0017313210751865,0.002869675359953,437.53679894884,437.53679894884,451.41663081846,451.41663081846,437.53679894884,455.81211582804,455.81211582804,455.81211582804,469.42843927911,469.42843927911,469.42843927911,451.41663081846,0.035323486862857,0.090797587033809,0.061687384195758,0.069159255239055,660.38529576313,-0.25307619991117,0.001644553868438,0.0017521996987669,650.60089222843,-0.0011425674938671,-0.25331815673998,0,4.9329758060739e-08,3.7445126729181e-13,4.4761677491626e-25,0,9.1271484964243e-13,4.5477888426039e-13,1.2624528147518e-12,0,4.4508100894941e-13,2.5778716079064e-12,8.1459356752857e-25,1.2648323861592e-12,1.1975387767239e-13,4.0024640356379e-11,1.0075247904008e-23,0,5.2369336754625e-11,3.8486846898335e-11,5.6493037098392e-11,0,3.7908500712358e-11,8.9323671236964e-11,1.9978193560184e-23,6.8224618186477e-11,1.5858322600881e-11
7.225,998698174.43518,998698174.43518,998698174.43518,420920396.6574,420920396.6574,420920396.6574,1,1,1,399999941.37116,8.0261647441938e-05,0.0002136829510283,7.2768262594202e-05,1.067213194853,281.5223259894,281.5223259894,295.39620303993,295.39620303993,281.5223259894,299.80796228985,299.80796228985,299.80796228985,313.45500809635,313.45500809635,313.45500809635,295.39620303993,0.0042216322631624,1.0684532038751e-11,3.1413532116771e-08,-0.0029568818442486,-0.004581512784323,-0.0027386318980228,-6.856319959186e-10,-0.0024564743475229,-0.0018673302605389,-4.8586244505225e-10,-0.0017239595629855,0.0028695403487712,437.32350305164,437.32350305164,451.19738010217,451.19738010217,437.32350305164,455.60913935208,455.60913935208,455.60913935208,469.25618515859,469.25618515859,469.25618515859,451.19738010217,0.03511060459306,0.091432008252261,0.062121610442406,0.069623318915094,660.21020219455,-0.25488603661582,0.006401942565316,0.0026945715304097,650.46169254724,-0.0029456464744842,-0.25582732437804,0,5.1034360499296e-08,3.6392126175268e-13,3.8622964855363e-25,0,9.1532840897155e-13,4.2482222760336e-13,1.2744033655839e-12,0,4.4234110186008e-13,2.6442365379232e-12,6.9777153060704e-25,1.2564830178371e-12,1.1832671634174e-13,4.0539302740386e-11,1.0621459111184e-23,0,5.3663806604618e-11,3.9087636254209e-11,5.8295315621935e-11,0,3.8534065497803e-11,9.3063186411017e-11,2.0964991522206e-23,7.0001553511193e-11,1.6025661847922e-11
7.275,997414040.1307,997414040.1307,997414040.1307,419636262.35292,419636262.35292,419636262.35292,1,1,1,399999945.15847,8.0885445467097e-05,0.00021515982544431,7.3275396066992e-05,1.0677101222711,281.31069626584,281.31069626584,295.17819463162,295.17819463162,281.31069626584,299.60544605148,299.60544605148,299.60544605148,313.2829570067,313.2829570067,313.2829570067,295.17819463162,0.0042277532435237,1.1622126110859e-11,2.9647912474933e-08,-0.002952064827627,-0.0045791064476311,-0.0027423806573528,-7.2789300698853e-10,-0.0024515157063272,-0.0018706367473811,-5.1259884503016e-10,-0.0017142017917602,0.0028690664917455,437.11241300192,437.11241300192,450.97991136771,450.97991136771,437.11241300192,455.40716278757,455.40716278757,455.40716278757,469.08467374278,469.08467374278,469.08467374278,450.97991136771,0.034976896303609,0.092065939176652,0.062555396432076,0.070087151788748,660.03567268053,-0.25606230764099,0.011846239823148,0.0078481592975343,650.32489736301,-0.0069931168160331,-0.25769487606741,0,5.2726661808288e-08,3.5344673098254e-13,3.2402767313119e-25,0,9.1743756088042e-13,3.9651702538465e-13,1.2867667848254e-12,0,4.4004469886244e-13,2.7119323234113e-12,5.8211462776875e-25,1.2467815342938e-12,1.1693823746425e-13,4.1039151900918e-11,1.107970344111e-23,0,5.4961259245845e-11,3.964839600922e-11,6.0115078660646e-11,0,3.9156382678985e-11,9.6898437883023e-11,2.1788225923652e-23,7.1764768866308e-11,1.6191037489304e-11
7.325,996142528.23943,996142528.23943,996142528.23943,418364750.46165,418364750.46165,418364750.46165,1,1,1,399999948.67855,8.1502687523268e-05,0.0002166366576261,7.3785884482039e-05,1.0682069498677,281.1014417938,281.1014417938,294.96285761105,294.96285761105,281.1014417938,299.40469773336,299.40469773336,299.40469773336,313.11223777115,313.11223777115,313.11223777115,294.96285761105,0.0042181008234857,1.2495229075257e-11,2.7469190701079e-08,-0.0029582642235052,-0.0045574354834967,-0.0027494815547948,-7.5187742683593e-10,-0.0024461666728693,-0.0018834349684025,-5.2691902456443e-10,-0.0017105507316725,0.0028705211234645,436.90366816955,436.90366816955,450.7650839868,450.7650839868,436.90366816955,455.20692410911,455.20692410911,455.20692410911,468.9144641469,468.9144641469,468.9144641469,450.7650839868,0.034754950043653,0.092699192073346,0.062988565631687,0.070550755668243,659.86775933831,-0.26005280021919,0.0013873637146602,0.0014326119191119,650.19405768286,-0.0012519546523892,-0.26085381116111,0,5.4400100965476e-08,3.4342005961931e-13,2.5790985099238e-25,0,9.1822114048879e-13,3.6977085811879e-13,1.2988086494424e-12,0,4.3936685024586e-13,2.7784598944086e-12,4.6144003359476e-25,1.2365939251725e-12,1.1566637751101e-13,4.1524821206822e-11,1.1444443050253e-23,0,5.6259820035982e-11,4.0171330971742e-11,6.1951871467615e-11,0,3.977774123746e-11,1.0082777354821e-10,2.2440800677384e-23,7.3513576766435e-11,1.6354614449091e-11
7.375,994878554.54452,994878554.54452,994878554.54452,417100776.76674,417100776.76674,417100776.76674,1,1,1,399999951.95189,8.2119824461752e-05,0.0002181135840768,7.4296825595976e-05,1.0687037326687,280.8942566386,280.8942566386,294.74892859986,294.74892859986,280.8942566386,299.2047889465,299.2047889465,299.2047889465,312.94220464624,312.94220464624,312.94220464624,294.74892859986,0.0042219257783661,1.3395465905726e-11,2.5388060220741e-08,-0.0029555380854431,-0.0045495727307884,-0.0027539981424726,-7.7824345946448e-10,-0.0024420482060512,-0.0018885962901138,-5.4187233247092e-10,-0.0017021500802443,0.0028702932176276,436.69696385859,436.69696385859,450.55163581985,450.55163581985,436.69696385859,455.00749616649,455.00749616649,455.00749616649,468.74491186623,468.74491186623,468.74491186623,450.55163581985,0.034515852399625,0.093331919347038,0.063421264960084,0.071014130076573,659.69990858899,-0.26309053867557,0.0064476426497078,0.0031088288829256,650.06584378492,-0.0021186354070807,-0.26370859555826,0,5.6053912350215e-08,3.3346740273679e-13,1.9900992876384e-25,0,9.1878692895053e-13,3.4495410104279e-13,1.3106080641981e-12,0,4.3899613451363e-13,2.8487498489073e-12,3.5547602608633e-25,1.2248152599281e-12,1.1439191696188e-13,4.1996415330382e-11,1.1725885590558e-23,0,5.7559180971835e-11,4.0659169739833e-11,6.3805351166959e-11,0,4.0398575524718e-11,1.0485651422034e-10,2.2943519694574e-23,7.5245727118427e-11,1.6516389049484e-11
7.425,993622582.88447,993622582.88447,993622582.88447,415844805.10668,415844805.10668,415844805.10668,1,1,1,399999955.00374,8.2734512311079e-05,0.00021959054109872,7.4808235399125e-05,1.0692004556245,280.68888191072,280.68888191072,294.53642096148,294.53642096148,280.68888191072,299.00585389121,299.00585389121,299.00585389121,312.77318904985,312.77318904985,312.77318904985,294.53642096148,0.0042214574769305,1.4254329120319e-11,2.3197038510281e-08,-0.0029554865309315,-0.0045382426408486,-0.0027599821644076,-7.9539272711847e-10,-0.0024373329181454,-0.0018957812009922,-5.5125779237626e-10,-0.0016947162963066,0.0028704014886191,436.49204390718,436.49204390718,450.33958295793,450.33958295793,436.49204390718,454.80901588767,454.80901588767,454.80901588767,468.57635104631,468.57635104631,468.57635104631,450.33958295793,0.034370259106898,0.093964057672206,0.063853435023341,0.071477277949276,659.53426897389,-0.26575129733784,0.0046290641692472,0.0028672015168845,649.9414992683,-0.00068405383814894,-0.26605964436244,0,5.7685863422142e-08,3.2383002560704e-13,1.4676647149593e-25,2.580177521075e-74,9.1894176227888e-13,3.2194889251374e-13,1.3213517020826e-12,0,4.3948565335547e-13,2.9205414534644e-12,2.6187321623242e-25,1.2125498857004e-12,1.1320778209462e-13,4.2454380144499e-11,1.1933444725049e-23,3.6489220436345e-74,5.8858760875081e-11,4.1114474230017e-11,6.5674024664709e-11,0,4.1020102096162e-11,1.089867835533e-10,2.3313864348592e-23,7.6960531611838e-11,1.6676489030289e-11
7.475,992377444.75387,992377444.75387,992377444.75387,414599666.97608,414599666.97608,414599666.97608,1,1,1,399999957.84509,8.3346559420982e-05,0.00022106757135557,7.5321267749937e-05,1.0696971168235,280.48588789668,280.48588789668,294.32594922598,294.32594922598,280.48588789668,298.80815928293,298.80815928293,298.80815928293,312.60550432922,312.60550432922,312.60550432922,294.32594922598,0.0042200482141303,1.5072933068044e-11,2.1009997280356e-08,-0.0029556029502349,-0.0045248233903986,-0.0027662664884658,-8.0496073326334e-10,-0.002432386431902,-0.0019046060687406,-5.5505127348801e-10,-0.0016883375384035,0.0028704965471852,436.28947963584,436.28947963584,450.12954096513,450.12954096513,436.28947963584,454.61175102209,454.61175102209,454.61175102209,468.40909606837,468.40909606837,468.40909606837,450.12954096513,0.034163915693297,0.094595615875261,0.064285085204913,0.071940197919707,659.37083818711,-0.26749354738063,0.0016452834580415,0.0018412177357321,649.82114203661,-0.001476842674789,-0.26812178718375,0,5.9293366646864e-08,3.1438731085273e-13,1.0339960095954e-25,6.939462978351e-60,9.1832398347419e-13,3.0103003084365e-13,1.3306311377599e-12,0,4.4068566408655e-13,2.9936224398373e-12,1.8494413967798e-25,1.199365440347e-12,1.1209122916373e-13,4.2898990943345e-11,1.207967384307e-23,9.81388265957e-60,6.0157467107163e-11,4.1540194982318e-11,6.7555821266245e-11,0,4.1643325739056e-11,1.1322040500834e-10,2.3575414859206e-23,7.8656690483819e-11,1.6835009966795e-11
7.525,991138993.03155,991138993.03155,991138993.03155,413361215.25377,413361215.25377,413361215.25377,1,1,1,399999960.4916,8.395715914343e-05,0.00022254465965277,7.5834942696975e-05,1.070193724729,280.28432813201,280.28432813201,294.11684490631,294.11684490631,280.28432813201,298.61142209039,298.61142209039,298.61142209039,312.43842349106,312.43842349106,312.43842349106,294.11684490631,0.0042217257663608,1.586159707652e-11,1.8783068297449e-08,-0.0029543846683,-0.0045140000796994,-0.0027718369158668,-8.1113778625771e-10,-0.0024280395062826,-0.0019110352994982,-5.560340578686e-10,-0.0016802951348332,0.0028708150818765,436.08832707388,436.08832707388,449.92084384818,449.92084384818,436.08832707388,454.41542103226,454.41542103226,454.41542103226,468.24242243293,468.24242243293,468.24242243293,449.92084384818,0.033957983102187,0.09522660353515,0.06471622274794,0.072402890615735,659.20900337155,-0.26964527197857,0.0034440452955359,0.0020245617712026,649.70328177756,-0.0014116711896397,-0.27038648814642,0,6.0875269346279e-08,3.0526851765154e-13,6.9779787760952e-26,8.154693992191e-55,9.1749209287499e-13,2.8186121946753e-13,1.3387536666411e-12,0,4.4245046724103e-13,3.0694836322475e-12,1.2532018330111e-25,1.1856937023665e-12,1.1100801799232e-13,4.3330705821173e-11,1.2178357365301e-23,1.1532576979586e-54,6.1454996868277e-11,4.1938806941596e-11,6.9449104858286e-11,0,4.2269045190507e-11,1.1756131039055e-10,2.3752644362069e-23,8.0333514598526e-11,1.6991999011372e-11
7.575,989908721.05859,989908721.05859,989908721.05859,412130943.2808,412130943.2808,412130943.2808,1,1,1,399999962.96017,8.4565474921278e-05,0.00022402177819905,7.6349550234675e-05,1.0706902753113,280.08449816289,280.08449816289,293.90924852984,293.90924852984,280.08449816289,298.41583660902,298.41583660902,298.41583660902,312.27227713907,312.27227713907,312.27227713907,293.90924852984,0.0042212532079563,1.6591702494954e-11,1.6570097184203e-08,-0.0029542770942341,-0.0045018633114463,-0.0027783816775463,-8.0640789619181e-10,-0.0024232535563941,-0.0019187805944174,-5.5091656142764e-10,-0.0016728041139439,0.0028707856004768,435.88888167696,435.88888167696,449.71363204392,449.71363204392,435.88888167696,454.2202201231,454.2202201231,454.2202201231,468.07666065315,468.07666065315,468.07666065315,449.71363204392,0.033791939998149,0.095857001024217,0.065146832613047,0.072865357945216,659.04934283819,-0.27247135058054,0.0014964767454563,0.0015427356560629,649.58791076986,-0.0009179645059174,-0.27326807411358,0,6.2429350246793e-08,2.9641303447083e-13,4.4781457628562e-26,1.1964801352091e-51,9.1622091050752e-13,2.6448304182885e-13,1.3445934442427e-12,6.5742907961864e-70,4.4472007853995e-13,3.1469870583288e-12,8.0904559908716e-26,1.1718553538729e-12,1.0999865607956e-13,4.3749897154586e-11,1.2241687910022e-23,1.6932316920206e-51,6.2750728906046e-11,4.2312842446368e-11,7.1350647143012e-11,9.2974512069514e-70,4.2897974357038e-11,1.2201182216905e-10,2.386706068795e-23,8.1990768333112e-11,1.7147560602643e-11
7.625,988685025.24551,988685025.24551,988685025.24551,410907247.46773,410907247.46773,410907247.46773,1,1,1,399999965.26213,8.5171960209402e-05,0.00022549894732091,7.6864703249093e-05,1.0711867728409,279.88615439215,279.88615439215,293.70311401918,293.70311401918,279.88615439215,298.22094538604,298.22094538604,298.22094538604,312.10679414878,312.10679414878,312.10679414878,293.70311401918,0.0042218201891087,1.7260295090994e-11,1.4394755338823e-08,-0.002953681544567,-0.0044903680392905,-0.0027847374636485,-7.9742318355798e-10,-0.0024185837087104,-0.0019257958795701,-5.4188068620737e-10,-0.0016648865035547,0.0028709617794177,435.69090144587,435.69090144587,449.5078610729,449.5078610729,435.69090144587,454.02569243976,454.02569243976,454.02569243976,467.9115412025,467.9115412025,467.9115412025,449.5078610729,0.033607713003522,0.096486810749661,0.065576916931952,0.073327600332081,658.89085056566,-0.27466859887483,0.0011201625653971,0.0016293667725351,649.47539644464,-0.00077620885057338,-0.2753280381726,0,6.39541784324e-08,2.8776642082913e-13,2.7390200029438e-26,2.2972970064589e-49,9.145701724273e-13,2.4866481036773e-13,1.3487558676935e-12,1.9272385684884e-60,4.4746879333036e-13,3.2266918142212e-12,4.9885702435202e-26,1.1573442463462e-12,1.0904003877726e-13,4.4156860329718e-11,1.228042350238e-23,3.2658009002535e-49,6.4044126447635e-11,4.2664507593675e-11,7.3258075983434e-11,2.7255269224145e-60,4.3530790793304e-11,1.2657505349432e-10,2.3937609724902e-23,8.362750026263e-11,1.7301766504323e-11
7.675,987469095.97828,987469095.97828,987469095.97828,409691318.2005,409691318.2005,409691318.2005,1,1,1,399999967.40911,8.5778950248834e-05,0.00022697680544295,7.7380333174748e-05,1.0716832182898,279.68967954485,279.68967954485,293.49816523493,293.49816523493,279.68967954485,298.02701396016,298.02701396016,298.02701396016,311.94233887987,311.94233887987,311.94233887987,293.49816523493,0.0042286007291271,1.7881409500958e-11,1.243805796344e-08,-0.0029494349508867,-0.0044827768254309,-0.0027891703451252,-7.8413086542601e-10,-0.0024155149104899,-0.0019291483506667,-5.3048585157714e-10,-0.0016548319197932,0.0028710029218125,435.49477075564,435.49477075564,449.30325644572,449.30325644572,435.49477075564,453.83210517095,453.83210517095,453.83210517095,467.74743009066,467.74743009066,467.74743009066,449.30325644572,0.033418928096271,0.09711608484091,0.066006522275692,0.07378961527202,658.73451598644,-0.27676836135077,0.012746783465553,0.00405485041596,649.36609049804,-0.001062879053042,-0.27763862042836,0,6.5448929585438e-08,2.7931604655995e-13,1.5994576721015e-26,1.2602637540227e-47,9.1268628078344e-13,2.3470871046948e-13,1.3510447894138e-12,3.7206330082386e-56,4.5036051318522e-13,3.3093294302442e-12,2.9458107948712e-26,1.1420955556316e-12,1.0808631288828e-13,4.4551872870952e-11,1.2303043249703e-23,1.8149401021087e-47,6.5334859764111e-11,4.2996435835228e-11,7.5168741847997e-11,5.2620422135563e-56,4.4167696739008e-11,1.3125515205693e-10,2.3979269780685e-23,8.524266728693e-11,1.7454623633917e-11
7.725,986258847.64637,986258847.64637,986258847.64637,408481069.86858,408481069.86858,408481069.86858,1,1,1,399999969.41784,8.6381192828269e-05,0.00022845512782171,7.7896383379124e-05,1.0721796139854,279.49432815187,279.49432815187,293.29441616951,293.29441616951,279.49432815187,297.83369324452,297.83369324452,297.83369324452,311.77864337807,311.77864337807,311.77864337807,293.29441616951,0.0042244503086424,1.8438961123142e-11,1.0479264565838e-08,-0.0029511798150011,-0.0044679090766948,-0.0027985289834469,-7.6416206157428e-10,-0.0024098923624778,-0.0019388829232839,-5.1384715454776e-10,-0.001648465816721,0.0028704828922778,435.2997456837,435.2997456837,449.09983370135,449.09983370135,435.2997456837,453.63911077635,453.63911077635,453.63911077635,467.5840609099,467.5840609099,467.5840609099,449.09983370135,0.033327682623529,0.097744717974254,0.066435562875633,0.074251411020506,658.57893047142,-0.27971556889823,0.0036878668446344,0.0044004359181356,649.25712947881,-0.0010714791672174,-0.28082984880277,0,6.6911983213285e-08,2.709897202994e-13,8.7954990161712e-27,3.7470209577818e-46,9.104852140993e-13,2.2201133789043e-13,1.351352908444e-12,2.5638064119533e-53,4.5390797226288e-13,3.3922655413324e-12,1.639062487311e-26,1.1270295655906e-12,1.0730838744992e-13,4.4935110208663e-11,1.2315481963699e-23,5.4805818672022e-46,6.662248030223e-11,4.3310407280273e-11,7.7079843458671e-11,3.631031841297e-53,4.4809619549452e-11,1.3605253999266e-10,2.4002449624677e-23,8.6836527783783e-11,1.7606380610805e-11
7.775,985054485.4975,985054485.4975,985054485.4975,407276707.71972,407276707.71972,407276707.71972,1,1,1,399999971.28869,8.6982365268533e-05,0.00022993342404512,7.8413997144512e-05,1.0726759540866,279.30045410178,279.30045410178,293.09179570773,293.09179570773,279.30045410178,297.64093662279,297.64093662279,297.64093662279,311.61562142365,311.61562142365,311.61562142365,293.09179570773,0.004225038404163,1.8805289447682e-11,8.7001274262362e-09,-0.0029505390641122,-0.004454680585766,-0.0028045215146793,-7.3975116900159e-10,-0.0024055230176588,-0.0019462400338372,-4.9455302301922e-10,-0.0016407987123061,0.00287165520636,435.10618037691,435.10618037691,448.89752198285,448.89752198285,435.10618037691,453.44666289791,453.44666289791,453.44666289791,467.42134769877,467.42134769877,467.42134769877,448.89752198285,0.033073927791959,0.098372759862646,0.066864072149561,0.074712980750894,658.4244993685,-0.2819765777455,0.0061412919262308,0.002728236123064,649.15113904509,-0.0016727636354872,-0.28284909515942,0,6.8342060027943e-08,2.6285325041729e-13,4.5448090347235e-27,6.1654424941399e-45,9.0708618684148e-13,2.1085373768191e-13,1.350057978254e-12,3.0256224835521e-51,4.5752871003098e-13,3.4776953586589e-12,8.6150660031492e-27,1.1106611456152e-12,1.0652779828813e-13,4.5306840840317e-11,1.2321909294275e-23,9.2673105799643e-45,6.7905293889903e-11,4.360859949578e-11,7.8989113761507e-11,4.3151866692733e-51,4.5456662856353e-11,1.4097074393467e-10,2.4014633167859e-23,8.8407239839113e-11,1.7757033667913e-11
7.825,983855843.30886,983855843.30886,983855843.30886,406078065.53108,406078065.53108,406078065.53108,1,1,1,399999973.17964,8.7581051194238e-05,0.00023141177880099,7.8932041220631e-05,1.0731722402863,279.10797099359,279.10797099359,292.89017671804,292.89017671804,279.10797099359,297.44874721553,297.44874721553,297.44874721553,311.45338855466,311.45338855466,311.45338855466,292.89017671804,0.0042247667659233,1.913316548615e-11,7.1003613747002e-09,-0.0029501192956467,-0.0044415470214589,-0.0028120972679299,-7.1051654345333e-10,-0.0024009827405895,-0.0019536884049657,-4.7262282371976e-10,-0.0016330227168243,0.0028718989690966,434.91398970846,434.91398970846,448.6961954329,448.6961954329,434.91398970846,453.2547659304,453.2547659304,453.2547659304,467.25940726952,467.25940726952,467.25940726952,448.6961954329,0.032999776365137,0.099000182295829,0.067292033409561,0.075174329628724,658.2713201952,-0.28423743824429,0.0047991155218222,0.0024296882910985,649.0470795887,-0.0019321789325527,-0.28492591602544,0,6.9738513055915e-08,2.5480660698247e-13,2.2074650338391e-27,6.9409886245067e-44,9.0367105120463e-13,2.0102849895346e-13,1.3472484299715e-12,1.4287010698101e-49,4.6150252667873e-13,3.565744470769e-12,4.2646743575855e-27,1.093841075737e-12,1.0582081822296e-13,4.5667191799694e-11,1.2325031121264e-23,1.0742771307051e-43,6.918327774644e-11,4.3892896725423e-11,8.0894410763059e-11,2.0636402961951e-49,4.6109325988651e-11,1.4601346812519e-10,2.4020664328175e-23,8.9954164723501e-11,1.7906686904226e-11
7.875,982663491.40817,982663491.40817,982663491.40817,404885713.63038,404885713.63038,404885713.63038,1,1,1,399999975.50543,8.8181065747647e-05,0.00023289019358123,7.9447998430015e-05,1.0736684835477,278.9167269936,278.9167269936,292.68986610159,292.68986610159,278.9167269936,297.25740642845,297.25740642845,297.25740642845,311.29181094088,311.29181094088,311.29181094088,292.68986610159,0.0042311448716955,1.9425467883605e-11,5.7251595418954e-09,-0.0029456280626207,-0.0044358967281942,-0.0028183672013887,-6.8516297499679e-10,-0.0023968582881378,-0.0019565767346233,-4.5279217320146e-10,-0.0016225939756307,0.002870894579529,434.72302299142,434.72302299142,448.4961620994,448.4961620994,434.72302299142,453.06370242626,453.06370242626,453.06370242626,467.0981069387,467.0981069387,467.0981069387,448.4961620994,0.032924926406946,0.099627052228598,0.067719511476203,0.075635457719109,658.11892254565,-0.28604583617497,0.0091823315652109,0.0071136606451655,648.94514250625,-0.0041936631607432,-0.28606943596207,0,7.1102538638513e-08,2.4696623014606e-13,1.0147193761673e-27,5.9738257007193e-43,9.0033315181334e-13,1.9245516162849e-13,1.3436896008513e-12,3.8171324904574e-48,4.6533054587553e-13,3.6573962994037e-12,2.0038393452951e-27,1.0766757385434e-12,1.0515210644645e-13,4.6016454791815e-11,1.2326466151168e-23,9.5225424559153e-43,7.0456541100389e-11,4.4165069425147e-11,8.2794674820203e-11,5.6046045669993e-48,4.6767402757615e-11,1.5118580757478e-10,2.4023498184954e-23,9.1476814155228e-11,1.8055394439274e-11
7.925,981477699.2359,981477699.2359,981477699.2359,403699921.45812,403699921.45812,403699921.45812,1,1,1,399999977.60823,8.8780015982294e-05,0.00023436861050847,7.9964923568041e-05,1.0741646686109,278.72700373556,278.72700373556,292.49076872368,292.49076872368,278.72700373556,297.06681519675,297.06681519675,297.06681519675,311.13097397057,311.13097397057,311.13097397057,292.49076872368,0.0042330689178446,1.9591920055464e-11,4.572606845089e-09,-0.0029438350434502,-0.0044233151953919,-0.0028242979696876,-6.514910811013e-10,-0.0023932832802354,-0.0019626239822108,-4.2907428193352e-10,-0.0016141204612198,0.0028723286766525,434.53356327369,434.53356327369,448.2973282618,448.2973282618,434.53356327369,452.87337473487,452.87337473487,452.87337473487,466.9375335087,466.9375335087,466.9375335087,448.2973282618,0.03284673836441,0.10025330807714,0.068146437280595,0.07609636235981,657.96928330684,-0.28979609491836,0.015712991964548,0.0061727007377187,648.84437181396,-0.0027698068426467,-0.28943359879667,0,7.2432319188602e-08,2.3937448550639e-13,4.3340319370269e-28,3.4297317064826e-42,8.9658404393221e-13,1.8537686305744e-13,1.3383052084342e-12,5.3797213313191e-47,4.6911438974399e-13,3.7485915719113e-12,8.7925381139258e-28,1.0584227171018e-12,1.0449225964403e-13,4.6354981435704e-11,1.2327079075842e-23,5.8026273402003e-42,7.1724502415125e-11,4.4427231899033e-11,8.4687324196565e-11,8.1685353252393e-47,4.7430830689895e-11,1.5648711661558e-10,2.4024741637618e-23,9.2973649916477e-11,1.8203168810026e-11
7.975,980296681.07434,980296681.07434,980296681.07434,402518903.29656,402518903.29656,402518903.29656,1,1,1,399999979.51537,8.9371383638595e-05,0.00023584704565084,8.048465983762e-05,1.0746607987202,278.53833280505,278.53833280505,292.29290705316,292.29290705316,278.53833280505,296.87648126887,296.87648126887,296.87648126887,310.97075425602,310.97075425602,310.97075425602,292.29290705316,0.004225592064531,1.9565276473764e-11,3.5299062291716e-09,-0.0029469657276084,-0.0044015999607258,-0.0028355282906118,-6.1224469391498e-10,-0.002387796131134,-0.0019754737500545,-4.0105734929533e-10,-0.001609638615448,0.0028728208442239,434.3451421754,434.3451421754,448.09971642352,448.09971642352,434.3451421754,452.68329063923,452.68329063923,452.68329063923,466.77756362637,466.77756362637,466.77756362637,448.09971642352,0.032786032161116,0.10087884358285,0.068572734644918,0.076557051056625,657.81841616108,-0.2913338851563,0.0044094285608256,0.0023501630274677,648.74450782791,-0.0016460602104413,-0.29217385002034,0,7.3725594356472e-08,2.3199156251726e-13,1.6654924766529e-28,1.8424451066892e-41,8.9150247919557e-13,1.7909487433124e-13,1.3318453562037e-12,7.3436321965467e-46,4.7402557516328e-13,3.8400285437551e-12,3.4803615141732e-28,1.0398896464102e-12,1.0399198515646e-13,4.6683067049772e-11,1.2327314612047e-23,3.1858735918279e-41,7.2985277312093e-11,4.4680510299264e-11,8.6570837962292e-11,1.120231778196e-45,4.8101204087203e-11,1.6191773706205e-10,2.4025233835064e-23,9.4444275957801e-11,1.8350235685812e-11
8.025,979119597.88807,979119597.88807,979119597.88807,401341820.11029,401341820.11029,401341820.11029,1,1,1,399999981.24658,8.996210427182e-05,0.00023732551407387,8.1004183930346e-05,1.0751568651519,278.35069525681,278.35069525681,292.09599184145,292.09599184145,278.35069525681,296.68633385449,296.68633385449,296.68633385449,310.81093495841,310.81093495841,310.81093495841,292.09599184145,0.0042289454372282,1.9522476067303e-11,2.6810411200092e-09,-0.0029443178224251,-0.004389181204463,-0.002843344129238,-5.732709285025e-10,-0.0023839795708312,-0.0019809050946048,-3.7394668514586e-10,-0.0016007133492852,0.0028724743455022,434.15774140553,434.15774140553,447.90303799017,447.90303799017,434.15774140553,452.49338000321,452.49338000321,452.49338000321,466.61798110713,466.61798110713,466.61798110713,447.90303799017,0.03266923524919,0.10150374182097,0.068998474180359,0.077017521189514,657.66953106739,-0.29308499117874,0.0068550757329,0.0037862645853734,648.64744003384,-0.00045670753950625,-0.29493168847137,0,7.4982091320789e-08,2.2487893764842e-13,5.9571422488054e-29,7.9518551525e-41,8.864658507907e-13,1.7374545076613e-13,1.3243915411092e-12,6.8091157799477e-45,4.7891029294669e-13,3.9346691024676e-12,1.2910234846143e-28,1.0205448346757e-12,1.0344084304286e-13,4.7001093893286e-11,1.2327398858761e-23,1.443149499452e-40,7.4238929340861e-11,4.4926223472138e-11,8.8443810441621e-11,1.0749775661967e-44,4.8778485518648e-11,1.6748219947021e-10,2.4025416413356e-23,9.588754430401e-11,1.8496523128947e-11
8.075,977945790.74196,977945790.74196,977945790.74196,400168012.96417,400168012.96417,400168012.96417,1,1,1,399999982.81777,9.0550529173556e-05,0.00023880402619059,8.1525195565863e-05,1.0756528968101,278.16391898641,278.16391898641,291.89989063703,291.89989063703,278.16391898641,296.49642939495,296.49642939495,296.49642939495,310.65138600541,310.65138600541,310.65138600541,291.89989063703,0.0042289293640414,1.9351980147236e-11,1.9932105939291e-09,-0.0029422659615927,-0.0043758100739998,-0.0028519071942133,-5.3395415317703e-10,-0.0023795342878967,-0.0019881202336648,-3.4676286170603e-10,-0.0015937976080653,0.0028731499854842,433.97118936853,433.97118936853,447.70716101915,447.70716101915,433.97118936853,452.30369977707,452.30369977707,452.30369977707,466.45865638753,466.45865638753,466.45865638753,447.70716101915,0.032610631175212,0.10212799991732,0.069423649645495,0.077477773315888,657.51837924837,-0.29612585446698,0.0059572545851494,0.0027831819426215,648.54840477953,-0.0020426973063645,-0.29717730943504,0,7.6201003800519e-08,2.1808214776951e-13,1.9025079715292e-29,2.9990204698812e-40,8.8086059951624e-13,1.6915829711734e-13,1.3159830040339e-12,4.887635886477e-44,4.8373269304071e-13,4.0276001611092e-12,4.3061026134245e-29,1.0003149423556e-12,1.0292592805237e-13,4.7309508624373e-11,1.2327425764287e-23,5.6844049217925e-40,7.5484654347257e-11,4.5165449430109e-11,9.0304891453778e-11,7.9871385247939e-44,4.9462586853709e-11,1.7317808624187e-10,2.4025477310843e-23,9.7302203262133e-11,1.8642082372318e-11
8.125,976776083.76015,976776083.76015,976776083.76015,398998305.98237,398998305.98237,398998305.98237,1,1,1,399999984.24566,9.1136584648084e-05,0.00024028253024686,8.2046264804999e-05,1.0761488678976,277.97848774895,277.97848774895,291.70449738369,291.70449738369,277.97848774895,296.30693586887,296.30693586887,296.30693586887,310.49207790512,310.49207790512,310.49207790512,291.70449738369,0.004228498058472,1.9099447013612e-11,1.4496612517935e-09,-0.0029409109130092,-0.0043613663107017,-0.0028611063489653,-4.9529206899694e-10,-0.0023748629332805,-0.0019950801216094,-3.2027672859224e-10,-0.0015863154142599,0.0028737001769207,433.78597120941,433.78597120941,447.51198084415,447.51198084415,433.78597120941,452.11441932933,452.11441932933,452.11441932933,466.29956136557,466.29956136557,466.29956136557,447.51198084415,0.032513161797872,0.10275157599007,0.069848229220111,0.077937810446523,657.36835621945,-0.29818525698028,0.0026796038573725,0.002069587421777,648.45163766301,-0.0016430143767012,-0.2989766492341,0,7.7381730094429e-08,2.1155356149519e-13,5.433690658917e-30,9.6469135466911e-40,8.7492363295479e-13,1.65240265456e-13,1.3067740523045e-12,2.7448091737685e-43,4.8899479063891e-13,4.1205991279217e-12,1.2932724193339e-29,9.8003504485056e-13,1.0245432985527e-13,4.7608690540208e-11,1.2327433448686e-23,1.9327200894564e-39,7.6721983215023e-11,4.5399134454567e-11,9.2152949041504e-11,4.6804602121489e-43,5.0154129918561e-11,1.7900549341368e-10,2.4025495600477e-23,9.8688182114162e-11,1.8786974675124e-11
8.175,975611364.34759,975611364.34759,975611364.34759,397833586.5698,397833586.5698,397833586.5698,1,1,1,399999985.54198,9.1720770745228e-05,0.00024176105797982,8.2567915657693e-05,1.0766447843923,277.79421891699,277.79421891699,291.51022172427,291.51022172427,277.79421891699,296.1178194344,296.1178194344,296.1178194344,310.33330676084,310.33330676084,310.33330676084,291.51022172427,0.004229892894685,1.877662463286e-11,1.03299028611e-09,-0.0029382564486344,-0.0043477319177066,-0.0028700037725675,-4.5851560311123e-10,-0.0023707481147417,-0.0020011917622344,-2.956297027318e-10,-0.0015784411499457,0.0028741771641955,433.60190411647,433.60190411647,447.31790692375,447.31790692375,433.60190411647,451.92550463388,451.92550463388,451.92550463388,466.14099196032,466.14099196032,466.14099196032,447.31790692375,0.032394002796,0.10337448911396,0.070272231161754,0.078397631503904,657.21871936127,-0.30030218186483,0.0027169001671615,0.0017162100562873,648.35557224924,-0.0014022475345838,-0.30141645571786,0,7.8524018165751e-08,2.0535177484952e-13,1.3601424193345e-30,2.7620368422386e-39,8.6854683928739e-13,1.6194252308874e-13,1.2966257587011e-12,1.2535686981362e-42,4.9442535780632e-13,4.2137477098974e-12,3.4396687444116e-30,9.5943197205345e-13,1.019909470915e-13,4.7899101805258e-11,1.2327435372218e-23,5.8388300515244e-39,7.7950293934699e-11,4.5628155767044e-11,9.3986654774782e-11,2.2408598754855e-42,5.0853352965152e-11,1.8496463257344e-10,2.4025500464903e-23,1.0004502382121e-10,1.893121165574e-11
8.225,974451049.26338,974451049.26338,974451049.26338,396673271.4856,396673271.4856,396673271.4856,1,1,1,399999986.72083,9.2303046831058e-05,0.00024323962912465,8.3089983184262e-05,1.0771406483349,277.61101675324,277.61101675324,291.31683361691,291.31683361691,277.61101675324,295.92918181625,295.92918181625,295.92918181625,310.17500294782,310.17500294782,310.17500294782,291.31683361691,0.0042320132389186,1.8414485481657e-11,7.2222178163843e-10,-0.0029350458857881,-0.0043348536511793,-0.0028789112352127,-4.243022922505e-10,-0.0023667655275417,-0.0020065273731162,-2.7310771034758e-10,-0.0015705178933021,0.0028744758993973,433.41889355022,433.41889355022,447.12471041389,447.12471041389,433.41889355022,451.73705861324,451.73705861324,451.73705861324,465.9828797448,465.9828797448,465.9828797448,447.12471041389,0.032305621501168,0.10399674230605,0.070695660974228,0.078857237463227,657.06925775776,-0.30289790513259,0.004533152650819,0.0026270821478339,648.26017936876,-0.0019803016043328,-0.303648707784,0,7.9627906180055e-08,1.9945944452425e-13,2.9219523470451e-31,6.8757946179494e-39,8.6193345529892e-13,1.5920034324682e-13,1.2853132763054e-12,4.6826596760436e-42,4.9998003189762e-13,4.3052359949504e-12,7.9510087885088e-31,9.386394300588e-13,1.0157117929609e-13,4.8181180056847e-11,1.2327435785444e-23,1.556267205232e-38,7.9169251917046e-11,4.5853299051598e-11,9.5804362242031e-11,8.8631406973239e-42,5.1560431507177e-11,1.9105315570671e-10,2.4025501589346e-23,1.0137246043338e-10,1.9074854995046e-11
8.275,973296148.23863,973296148.23863,973296148.23863,395518370.46085,395518370.46085,395518370.46085,1,1,1,399999987.79385,9.2883569406276e-05,0.00024471821476819,8.3612175388417e-05,1.0776364455546,277.4290463236,277.4290463236,291.12466415713,291.12466415713,277.4290463236,295.74109626918,295.74109626918,295.74109626918,310.0171708395,310.0171708395,310.0171708395,291.12466415713,0.0042338824433061,1.7968334923217e-11,4.9438205102954e-10,-0.0029313692897208,-0.004321555143844,-0.002887831219042,-3.9345082865365e-10,-0.0023630539006687,-0.0020118632124152,-2.5304267714991e-10,-0.0015625976620823,0.0028748887836927,433.23710467564,433.23710467564,446.93272250916,446.93272250916,433.23710467564,451.54915462121,451.54915462121,451.54915462121,465.82522919154,465.82522919154,465.82522919154,446.93272250916,0.032219752555864,0.10461831187289,0.071118491780242,0.079316629341174,656.92172879237,-0.30464954702129,0.0069450950577441,0.0022547782773108,648.16783472033,-0.0018675140433015,-0.30549230598734,0,8.0693428904545e-08,1.9395057110773e-13,5.1816114631726e-32,1.4706921591859e-38,8.5500636140298e-13,1.5694269096361e-13,1.2729576639525e-12,1.4525751674496e-41,5.0576930427132e-13,4.3943347115736e-12,1.5502512998964e-31,9.1797786114673e-13,1.0118594599501e-13,4.8455467584938e-11,1.2327435858723e-23,3.6361400028286e-38,8.0378413509257e-11,4.6075249533674e-11,9.7604596234719e-11,2.9405655719059e-41,5.2275697316709e-11,1.9726768345343e-10,2.4025501808584e-23,1.0267067717457e-10,1.9217953532194e-11
8.325,972143575.10958,972143575.10958,972143575.10958,394365797.33179,394365797.33179,394365797.33179,1,1,1,399999988.76088,9.3462135973083e-05,0.00024619680464062,8.413525860777e-05,1.0781322069907,277.24779294971,277.24779294971,290.93292899284,290.93292899284,277.24779294971,295.55306556351,295.55306556351,295.55306556351,309.85965357494,309.85965357494,309.85965357494,290.93292899284,0.0042349468829036,1.7499861529503e-11,3.3142964777882e-10,-0.0029288442926879,-0.0043077522470903,-0.0028972704572759,-3.6599041242411e-10,-0.0023588024986387,-0.0020180550642632,-2.3566430506294e-10,-0.001554981934918,0.0028757606363803,433.05602403944,433.05602403944,446.74116008257,446.74116008257,433.05602403944,451.36129665325,451.36129665325,451.36129665325,465.66788466467,465.66788466467,465.66788466467,446.74116008257,0.032207021301701,0.10523923528905,0.071540760086322,0.079775806096424,656.77240020807,-0.30750987071714,0.0071325558787317,0.0031156900261865,648.07278265812,-0.0021196162169313,-0.3086805961679,0,8.1720874408891e-08,1.8874669600066e-13,7.4746135491222e-33,2.8940324911606e-38,8.4772612052936e-13,1.5510763011132e-13,1.2593467778114e-12,3.9541019870823e-41,5.1176023069793e-13,4.4778670649073e-12,2.4980325548451e-32,8.9722076887284e-13,1.0082942796875e-13,4.8722395722275e-11,1.2327435869294e-23,7.7289200017763e-38,8.1577279286088e-11,4.6294604847805e-11,9.9385581527631e-11,8.5325102290442e-41,5.2999435575646e-11,2.0360034378712e-10,2.4025501843912e-23,1.0393953895436e-10,1.9360547876714e-11
8.375,970996198.94163,970996198.94163,970996198.94163,393218421.16385,393218421.16385,393218421.16385,1,1,1,399999989.64272,9.4042397746875e-05,0.00024767539139746,8.4655808117574e-05,1.0786279168009,277.06777327803,277.06777327803,290.74248148479,290.74248148479,277.06777327803,295.36523622058,295.36523622058,295.36523622058,309.70270377175,309.70270377175,309.70270377175,290.74248148479,0.0042423977455122,1.7057925876729e-11,2.1898649984559e-10,-0.0029227687480522,-0.004300784400229,-0.0029046801728964,-3.4593058028626e-10,-0.0023553171638614,-0.0020189147242484,-2.2265704253781e-10,-0.0015445936049052,0.0028758284172672,432.87616814052,432.87616814052,446.55087634727,446.55087634727,432.87616814052,451.17363108306,451.17363108306,451.17363108306,465.51109863423,465.51109863423,465.51109863423,446.55087634727,0.032296691682101,0.10585955980009,0.071962511890208,0.08023476863272,656.62387568072,-0.30768538055334,0.015861372612036,0.007908041480765,647.98172918024,-0.0021781841250255,-0.30887295753165,0,8.2712477055701e-08,1.8397407194096e-13,8.4234615879239e-34,5.1440578692566e-38,8.4074736143543e-13,1.5355803082724e-13,1.2456533712559e-12,9.8535615233741e-41,5.1754463443949e-13,4.5579481365814e-12,3.2468751324677e-33,8.7695823601056e-13,1.0046213661166e-13,4.8982574349939e-11,1.2327435870485e-23,1.5003716406111e-37,8.2766275607159e-11,4.6511768697613e-11,1.0114720141928e-10,2.2467550573078e-40,5.3731354216803e-11,2.1004625585847e-10,2.4025501848504e-23,1.0517974518536e-10,1.9502622792815e-11
8.425,969853180.48522,969853180.48522,969853180.48522,392075402.70744,392075402.70744,392075402.70744,1,1,1,399999990.44598,9.462167167945e-05,0.00024915389979009,8.5175885144358e-05,1.0791235723821,276.88870198244,276.88870198244,290.55296075048,290.55296075048,276.88870198244,295.17779255102,295.17779255102,295.17779255102,309.54621325765,309.54621325765,309.54621325765,290.55296075048,0.004241392877146,1.6599261116803e-11,1.4000134274119e-10,-0.0029215375343435,-0.0042872539162278,-0.0029133224576326,-3.2831326619602e-10,-0.0023512997231019,-0.002024593708241,-2.1057146444915e-10,-0.0015369741933768,0.0028772382385882,432.69725263293,432.69725263293,446.36151140097,446.36151140097,432.69725263293,450.9863432015,450.9863432015,450.9863432015,465.35476390813,465.35476390813,465.35476390813,446.36151140097,0.032181963490404,0.10647919334204,0.072383644808652,0.080693519885664,656.47705949571,-0.31188534389631,0.013812691697074,0.0063384643949987,647.8900012249,0.00062466321951817,-0.30908909807873,0,8.3667241225685e-08,1.7965380505897e-13,6.6132367991594e-35,8.0245591600739e-38,8.3431550383858e-13,1.5229505694936e-13,1.2306609079818e-12,2.088112022152e-40,5.2318306703495e-13,4.6260740851074e-12,3.097541774506e-34,8.5676024576844e-13,1.001964934429e-13,4.9236643197585e-11,1.2327435870579e-23,2.6352156802353e-37,8.3946175907986e-11,4.6727146432633e-11,1.0288761876603e-10,5.1997913987894e-40,5.4471246805808e-11,2.1658851257017e-10,2.4025501848942e-23,1.0639138714463e-10,1.9644322032744e-11
8.475,968711160.22269,968711160.22269,968711160.22269,390933382.4449,390933382.4449,390933382.4449,1,1,1,399999991.178,9.5191673963187e-05,0.00025063252680631,8.5701170580913e-05,1.0796191726793,276.71018098684,276.71018098684,290.36391122223,290.36391122223,276.71018098684,294.99017206614,294.99017206614,294.99017206614,309.38959592214,309.38959592214,309.38959592214,290.36391122223,0.0042339255761337,1.5818813843009e-11,8.7368398653413e-11,-0.0029207930088596,-0.0042630420481439,-0.0029277838340369,-3.1279199538242e-10,-0.0023466805722881,-0.0020378295947032,-1.999992040869e-10,-0.0015334819705773,0.0028777920719547,432.51887931828,432.51887931828,446.17260955367,446.17260955367,432.51887931828,450.79887039758,450.79887039758,450.79887039758,465.19829425358,465.19829425358,465.19829425358,446.17260955367,0.032274148391487,0.10709803922417,0.072804086039541,0.081152061781507,656.32836544291,-0.31405367697213,0.0045288567278438,0.0025899067081131,647.79514230555,-0.0025702397659203,-0.31486180225802,0,8.4585147096026e-08,1.7548553588721e-13,3.1411949529167e-36,1.1727769863615e-37,8.2479839586933e-13,1.5165055531451e-13,1.2143028195428e-12,4.7129948002562e-40,5.3014280493095e-13,4.6881700168069e-12,1.8688666282202e-35,8.3638034131175e-13,1.0003049070471e-13,4.9484817222437e-11,1.2327435870583e-23,4.2937727999868e-37,8.5112616985648e-11,4.69416127047e-11,1.0460490228225e-10,1.1864972564706e-39,5.5220981950536e-11,2.2321858619065e-10,2.4025501848968e-23,1.0757420756661e-10,1.978578650935e-11
8.525,967571695.80403,967571695.80403,967571695.80403,389793918.02625,389793918.02625,389793918.02625,1,1,1,399999991.85085,9.5761631845026e-05,0.00025211114878835,8.6225592314511e-05,1.0801147031619,276.53213826193,276.53213826193,290.175670353,290.175670353,276.53213826193,294.80247483013,294.80247483013,294.80247483013,309.23339888234,309.23339888234,309.23339888234,290.175670353,0.0042373307029371,1.51570098888e-11,5.2770702422283e-11,-0.0029158090261952,-0.0042507691566297,-0.0029370150910183,-3.0307722240503e-10,-0.0023438056649032,-0.0020414112635619,-1.9254380622358e-10,-0.0015246816887158,0.0028780414848114,432.34097708566,432.34097708566,445.98450917674,445.98450917674,432.34097708566,450.61131365387,450.61131365387,450.61131365387,465.04223770608,465.04223770608,465.04223770608,445.98450917674,0.032614780786824,0.10771620809431,0.073223934135362,0.081610393326312,656.18119526892,-0.31569905007091,0.0082092515328404,0.003938653899579,647.70445277907,-0.0026526617674708,-0.31720918643896,0,8.5848213173054e-08,1.717273809505e-13,8.3139314872499e-38,1.5454760722444e-37,8.1638483816121e-13,1.509995556475e-13,1.1979606546046e-12,9.8686017332436e-40,5.364725429753e-13,4.7423445341071e-12,6.9793678322394e-37,8.1611487863938e-13,9.9786559070889e-14,4.9727676413608e-11,1.2327435870583e-23,6.4794060216779e-37,8.6267159495891e-11,4.7155158324209e-11,1.0629907448718e-10,2.5821282977517e-39,5.5979668696653e-11,2.2992527414823e-10,2.4025501848969e-23,1.0872836829644e-10,1.992690601453e-11
8.575,966436087.22499,966436087.22499,966436087.22499,388658309.4472,388658309.4472,388658309.4472,1,1,1,399999992.46651,9.632877931979e-05,0.00025358970731866,8.6751263191387e-05,1.0806101926433,276.35497111261,276.35497111261,289.98833223916,289.98833223916,276.35497111261,294.61492840496,294.61492840496,294.61492840496,309.07769313325,309.07769313325,309.07769313325,289.98833223916,0.0042349095476216,1.4477841738295e-11,3.0997252811632e-11,-0.0029147423993978,-0.004233973450168,-0.0029476654774049,-2.9662516649888e-10,-0.0023397450529723,-0.0020492136762394,-1.8633899541728e-10,-0.0015177009365969,0.0028795518457005,432.16394349572,432.16394349572,445.79730462228,445.79730462228,432.16394349572,450.42390078808,450.42390078808,450.42390078808,464.88666551637,464.88666551637,464.88666551637,445.79730462228,0.03256824084693,0.1083336684269,0.073643154158635,0.082068514701662,656.03213654088,-0.31854202244282,0.0038936443516905,0.0016894835629694,647.6109051355,-0.0016667874076834,-0.31968045080393,0,9.0119088603251e-08,1.6827700644672e-13,7.9730330422235e-40,1.9980113161656e-37,8.0753928041136e-13,1.5065248966907e-13,1.1812459858751e-12,2.0719274676574e-39,5.4284916710256e-13,4.7834952946598e-12,1.1669964366278e-38,7.9666441886284e-13,9.9581375211702e-14,4.9965656038361e-11,1.2327435870583e-23,9.3050207227741e-37,8.7409192498398e-11,4.7368213118304e-11,1.0796960858091e-10,5.5122762227662e-39,5.6747373351092e-11,2.3669015806949e-10,2.4025501848969e-23,1.0985502192225e-10,2.0067735345914e-11
8.625,965303554.76673,965303554.76673,965303554.76673,387525776.98894,387525776.98894,387525776.98894,1,1,1,399999993.02977,9.6898180222682e-05,0.00025506831580224,8.7276135740473e-05,1.0811056300326,276.17853011909,276.17853011909,289.80175204876,289.80175204876,276.17853011909,294.42726282383,294.42726282383,294.42726282383,308.92258969953,308.92258969953,308.92258969953,289.80175204876,0.0042442483065144,1.3856128109812e-11,1.7889405834745e-11,-0.0029063501565812,-0.004226691361114,-0.0029545970947133,-2.9343025140919e-10,-0.0023382981946833,-0.0020486491976544,-1.8171000752676e-10,-0.001507155456869,0.0028801580530363,431.98763020748,431.98763020748,445.61085213715,445.61085213715,431.98763020748,450.23636291222,450.23636291222,450.23636291222,464.73168978792,464.73168978792,464.73168978792,445.61085213715,0.03270647731994,0.10895054124547,0.074061858754019,0.082526422333031,655.88385092353,-0.32023556267067,0.020490510817275,0.0068132974294161,647.5194915546,-0.0037733141869419,-0.32243848049332,0,9.4450240637064e-08,1.652343879057e-13,1.756338094429e-42,2.4106811990643e-37,7.9902103528376e-13,1.5039339921637e-13,1.1637691335352e-12,4.1559311246448e-39,5.4855086368584e-13,4.8179123422783e-12,6.448979902278e-41,7.7781556239377e-13,9.9295805237609e-14,5.0199332750708e-11,1.2327435870583e-23,1.2714238769049e-36,8.8539178883118e-11,4.7580901503167e-11,1.0961542667302e-10,1.1389650383527e-38,5.7523141422168e-11,2.4350371504626e-10,2.4025501848969e-23,1.1095501923961e-10,2.0208160820368e-11
8.675,964175223.61524,964175223.61524,964175223.61524,386397445.83746,386397445.83746,386397445.83746,1,1,1,399999993.54647,9.7460139169159e-05,0.00025654688812126,8.7802497333448e-05,1.0816010125779,276.0029870704,276.0029870704,289.61623761156,289.61623761156,276.0029870704,294.23982994014,294.23982994014,294.23982994014,308.76798533249,308.76798533249,308.76798533249,289.61623761156,0.0042356249345712,1.312209051845e-11,9.8171100717578e-12,-0.0029078225759932,-0.0042054912903027,-0.0029684259703966,-2.9265142094581e-10,-0.0023337729085116,-0.0020597316150629,-1.7728853907821e-10,-0.0015021339788417,0.0028805853108431,431.81220844162,431.81220844162,445.42545898278,445.42545898278,431.81220844162,450.04905131136,450.04905131136,450.04905131136,464.57720670372,464.57720670372,464.57720670372,445.42545898278,0.032452925777302,0.10956660333226,0.074479854497917,0.082984128683981,655.73463305165,-0.3227414527661,0.0062554527334581,0.0028006874068429,647.42675242042,-0.0027538420991707,-0.3238321584221,0,9.8821693768355e-08,1.6245294375647e-13,1.5875446419267e-46,2.8937596305175e-37,7.895877331892e-13,1.5037305981626e-13,1.1467686116757e-12,8.5369095105536e-39,5.5450640042827e-13,4.8368241045621e-12,3.8245531297859e-44,7.597418341861e-13,9.9236850749247e-14,5.0429075907015e-11,1.2327435870583e-23,1.6806632884774e-36,8.9655824564077e-11,4.7793561123775e-11,1.1123720239656e-10,2.3462663594104e-38,5.8307331894076e-11,2.5034401729374e-10,2.4025501848969e-23,1.1202945644542e-10,2.0348502920585e-11
8.725,963048767.48969,963048767.48969,963048767.48969,385270989.7119,385270989.7119,385270989.7119,1,1,1,399999994.01996,9.8020285338905e-05,0.0002580254369211,8.8329007263351e-05,1.0820963320417,275.82817060628,275.82817060628,289.43139911221,289.43139911221,275.82817060628,294.05210586455,294.05210586455,294.05210586455,308.6134603219,308.6134603219,308.6134603219,289.43139911221,0.0042342987132256,1.2391907377028e-11,5.2121639615291e-12,-0.0029054367958328,-0.0041900046058916,-0.0029794484131392,-2.9318075778638e-10,-0.0023303690505914,-0.0020656565086986,-1.7371985857941e-10,-0.0014944286745838,0.0028813662761067,431.63750751567,431.63750751567,445.2407360216,445.2407360216,431.63750751567,449.86144277394,449.86144277394,449.86144277394,464.42279723129,464.42279723129,464.42279723129,445.2407360216,0.032807848164326,0.11018195785099,0.074897228312872,0.083441628420337,655.58580876654,-0.32520502690073,0.0028263817054476,0.0020825305727796,647.33416063628,-0.0022142375673445,-0.32643499429291,0,1.0322363938256e-07,1.6003945693034e-13,1.542171694469e-54,3.6012273750883e-37,7.8007574870812e-13,1.5047098162205e-13,1.1296059927528e-12,1.6989503222673e-38,5.6003952021235e-13,4.8494469270393e-12,1.9288204967351e-49,7.4214786233007e-13,9.9130045733565e-14,5.0655405877521e-11,1.2327435870583e-23,2.1899537479813e-36,9.0759018267579e-11,4.8006359226729e-11,1.1283470651165e-10,4.7489449469589e-38,5.9099347379025e-11,2.5720217090797e-10,2.4025501848969e-23,1.1307901201762e-10,2.04886939757e-11
8.775,961923840.95314,961923840.95314,961923840.95314,384146063.17536,384146063.17536,384146063.17536,1,1,1,399999994.45423,9.8579598387558e-05,0.00025950400238204,8.8855309512615e-05,1.0825915899851,275.6537632224,275.6537632224,289.24691656228,289.24691656228,275.6537632224,293.86431855346,293.86431855346,293.86431855346,308.45918994165,308.45918994165,308.45918994165,289.24691656228,0.0042364312123669,1.1664142376579e-11,2.6649352233459e-12,-0.0029006914288448,-0.0041773503649793,-0.0029888704297645,-2.9369532735498e-10,-0.0023283408428937,-0.002068784516205,-1.7031058687872e-10,-0.0014858135704716,0.0028822494298205,431.46320987195,431.46320987195,445.05636321183,445.05636321183,431.46320987195,449.67376520301,449.67376520301,449.67376520301,464.2686365912,464.2686365912,464.2686365912,445.05636321183,0.032871253168951,0.11079661758581,0.075313991797212,0.08389892176547,655.43770758035,-0.32756607194311,0.0083690262446873,0.0026930381358551,647.24314623394,-0.0013911801509815,-0.32813006584902,0,1.0764445771014e-07,1.5803313259232e-13,0,4.6618998979463e-37,7.7048774134088e-13,1.5067527688271e-13,1.1123684236819e-12,3.2671094005087e-38,5.6511915888423e-13,4.8537280101741e-12,3.5989135292344e-66,7.2588703867745e-13,9.901611273496e-14,5.0878898476938e-11,1.2327435870583e-23,2.8492459541915e-36,9.1848652481025e-11,4.821944624681e-11,1.1440783302277e-10,9.3693353709149e-38,5.9898546557876e-11,2.6406637888803e-10,2.4025501848969e-23,1.1410557131246e-10,2.0628723905223e-11
8.825,960800191.10779,960800191.10779,960800191.10779,383022413.33,383022413.33,383022413.33,1,1,1,399999994.85326,9.9135790864214e-05,0.00026098253258948,8.9382749564835e-05,1.0830868103486,275.47992827997,275.47992827997,289.06295893085,289.06295893085,275.47992827997,293.67618881206,293.67618881206,293.67618881206,308.30498148842,308.30498148842,308.30498148842,289.06295893085,0.0042336316584972,1.0910589613265e-11,1.3207195160322e-12,-0.0028988504476367,-0.0041608917806441,-0.0030008107141773,-2.9459875997478e-10,-0.0023248865293767,-0.0020760996409665,-1.6667907223374e-10,-0.001478695002132,0.0028831115739012,431.28947975247,431.28947975247,444.87251040335,444.87251040335,431.28947975247,449.48574028456,449.48574028456,449.48574028456,464.11453296092,464.11453296092,464.11453296092,444.87251040335,0.03280829990849,0.11141057165541,0.075730138575399,0.084356009828646,655.28692877797,-0.3293720237415,0.0031016227150129,0.0021753791054139,647.14898324585,-0.0018063594664884,-0.33071216186418,0,1.12069306921e-07,1.5627843571644e-13,0,6.7489759539663e-37,7.6032296224633e-13,1.5110994600453e-13,1.0951204923017e-12,6.217628960958e-38,5.6996410994738e-13,4.8465068145753e-12,0,7.1050149224888e-13,9.8967307159994e-14,5.1099909560234e-11,1.2327435870583e-23,3.8036952868144e-36,9.2923911526018e-11,4.8433147981859e-11,1.1595656727542e-10,1.8162390573305e-37,6.070459753223e-11,2.7092037455534e-10,2.4025501848969e-23,1.1511037215889e-10,2.0768684813241e-11
8.875,959681169.63869,959681169.63869,959681169.63869,381903391.86091,381903391.86091,381903391.86091,1,1,1,399999995.21978,9.9689997872032e-05,0.00026246108724098,8.99103238471e-05,1.0835819704472,275.30720152456,275.30720152456,288.88022913443,288.88022913443,275.30720152456,293.48799771139,293.48799771139,293.48799771139,308.15139162841,308.15139162841,308.15139162841,288.88022913443,0.0042333538238142,1.0167540958195e-11,6.3020108068285e-13,-0.0028950496096386,-0.004146769183363,-0.0030112890762167,-2.9325272926436e-10,-0.0023222119070859,-0.0020809285119241,-1.6259084008732e-10,-0.0014709188934818,0.0028838502869309,431.11685250092,431.11685250092,444.6898801108,444.6898801108,431.11685250092,449.29764868775,449.29764868775,449.29764868775,463.96104260477,463.96104260477,463.96104260477,444.6898801108,0.032906163757708,0.11202382826249,0.076145677188807,0.08481289392298,655.13670012305,-0.33173470327036,0.0036159343602528,0.0027267997110014,647.05548613821,-0.0024495162427503,-0.3327123164896,0,1.164869521388e-07,1.5484434329979e-13,0,1.0331010282041e-36,7.501277599695e-13,1.5165853949285e-13,1.0780797589349e-12,1.1542539441745e-37,5.7443967518018e-13,4.8308186520856e-12,0,6.9574362503168e-13,9.8939729347267e-14,5.1318892530586e-11,1.2327435870583e-23,5.2647207722022e-36,9.3984752377679e-11,4.864762554526e-11,1.1748120229183e-10,3.4486006396047e-37,6.1516977911635e-11,2.7775218381048e-10,2.4025501848969e-23,1.1609430222934e-10,2.0908606720341e-11
8.925,958566540.15524,958566540.15524,958566540.15524,380788762.37746,380788762.37746,380788762.37746,1,1,1,399999995.55063,0.00010024342033137,0.00026393963225788,9.0438122711224e-05,1.0840770645881,275.13530052868,275.13530052868,288.69841923166,288.69841923166,275.13530052868,293.30027833847,293.30027833847,293.30027833847,307.99825118788,307.99825118788,307.99825118788,288.69841923166,0.0042347825154658,9.4291735866655e-12,2.901552625616e-13,-0.0028899190292521,-0.0041337093475804,-0.0030207005264968,-2.887173693692e-10,-0.0023199065093239,-0.0020848858086327,-1.5795796236148e-10,-0.0014626221760699,0.002885069463363,430.94504603483,430.94504603483,444.50816473781,444.50816473781,430.94504603483,449.11002384461,449.11002384461,449.11002384461,463.80799669402,463.80799669402,463.80799669402,444.50816473781,0.03294136022223,0.11263640406877,0.076560620561832,0.08526957227735,654.9881121774,-0.33318219257097,0.0085589932063395,0.0028546759141416,646.96409536359,-0.0035167309297026,-0.3345085770778,0,1.2088653269406e-07,1.53651433689e-13,0,1.6189205576394e-36,7.3983144388966e-13,1.5232894883315e-13,1.0609453157442e-12,2.0581678572123e-37,5.7854081988751e-13,4.8066344449355e-12,0,6.814406607598e-13,9.8910925106885e-14,5.1536188471987e-11,1.2327435870583e-23,7.5542201812204e-36,9.5031032039498e-11,4.8863051210642e-11,1.1898160554629e-10,6.3592895369147e-37,6.2335158185506e-11,2.8454979143188e-10,2.4025501848969e-23,1.1705800485374e-10,2.1048487892094e-11
8.975,957453455.01335,957453455.01335,957453455.01335,379675677.23557,379675677.23557,379675677.23557,1,1,1,399999995.82025,0.00010079494518584,0.00026541829289675,9.0966558422929e-05,1.0845721087611,274.96396274208,274.96396274208,288.51692849374,288.51692849374,274.96396274208,293.11225736406,293.11225736406,293.11225736406,307.84544232694,307.84544232694,307.84544232694,288.51692849374,0.0042373497981571,8.7307449733175e-12,1.295950895622e-13,-0.0028829909222419,-0.0041215201117323,-0.0030309781110969,-2.8082583236553e-10,-0.0023183569625213,-0.0020886312048987,-1.5234089889928e-10,-0.0014546769934743,0.0028850405251931,430.77379824711,430.77379824711,444.32676399876,444.32676399876,430.77379824711,448.92209286908,448.92209286908,448.92209286908,463.65527783197,463.65527783197,463.65527783197,444.32676399876,0.032884107208968,0.11324832208395,0.076974996064878,0.085726046105324,654.8394826755,-0.33481795356116,0.015190818224036,0.0054902233882242,646.8723483637,-0.0067013650060988,-0.33693292838739,0,1.2525510135481e-07,1.5253099169122e-13,0,2.5467442280847e-36,7.2965526666366e-13,1.5317981947479e-13,1.0439426489924e-12,3.5700373640013e-37,5.8231119294439e-13,4.7714421656551e-12,0,6.6771856488467e-13,9.8912775138958e-14,5.1751899869119e-11,1.2327435870583e-23,1.1155860408473e-35,9.6062920413471e-11,4.9079680188825e-11,1.2045796339883e-10,1.1408084795264e-36,6.315867057209e-11,2.9129762965463e-10,2.4025501848969e-23,1.1800230150405e-10,2.1188371680187e-11
9.025,956344019.21693,956344019.21693,956344019.21693,378566241.43915,378566241.43915,378566241.43915,1,1,1,399999996.07199,0.00010134171785601,0.00026689675487842,9.1494594011302e-05,1.0850671122147,274.79338412583,274.79338412583,288.33645991979,288.33645991979,274.79338412583,292.92440783489,292.92440783489,292.92440783489,307.69299937646,307.69299937646,307.69299937646,288.33645991979,0.0042290570126516,7.994947427987e-12,5.4392453035709e-14,-0.0028852577896171,-0.0041006566240523,-0.003044693562941,-2.7054493806271e-10,-0.0023142149579091,-0.0020977949963134,-1.4624787637579e-10,-0.001448347363364,0.0028872102978538,430.60330521292,430.60330521292,444.14638100688,444.14638100688,430.60330521292,448.73432892198,448.73432892198,448.73432892198,463.50292046355,463.50292046355,463.50292046355,444.14638100688,0.032803209104637,0.11385945577864,0.077388684928896,0.086182322553956,654.68803787301,-0.33837033431666,0.0011597645736081,0.00268578471634,646.77550404084,-0.0018012911798266,-0.33956120717945,0,1.2958159344999e-07,1.5129623135302e-13,0,4.1295791673206e-36,7.1879734013268e-13,1.5417560081438e-13,1.0277718259371e-12,6.1708346130073e-37,5.8591590452608e-13,4.7288269659287e-12,0,6.5459845412243e-13,9.9055600205967e-14,5.1965865051434e-11,1.2327435870583e-23,1.6995967273791e-35,9.7079453360484e-11,4.9297717414484e-11,1.219114522541e-10,2.013496279614e-36,6.3987280790681e-11,2.9798520088396e-10,2.4025501848969e-23,1.1892804351578e-10,2.1328457453428e-11
9.075,955237594.04823,955237594.04823,955237594.04823,377459816.27045,377459816.27045,377459816.27045,1,1,1,399999996.30606,0.00010188878069266,0.00026837529620371,9.2023347110746e-05,1.0855620217357,274.62351009268,274.62351009268,288.15689858203,288.15689858203,274.62351009268,292.73623000842,292.73623000842,292.73623000842,307.54109981313,307.54109981313,307.54109981313,288.15689858203,0.004233760920812,7.2947542091662e-12,2.2050782768813e-14,-0.0028773076478685,-0.0040879044325931,-0.0030534169441901,-2.539511322573e-10,-0.0023127448846741,-0.0021004626755113,-1.3935139850916e-10,-0.0014397305176021,0.0028877956895913,430.43351253818,430.43351253818,443.96690102753,443.96690102753,430.43351253818,448.54623245392,448.54623245392,448.54623245392,463.35110225863,463.35110225863,463.35110225863,443.96690102753,0.033093363044371,0.11446991705431,0.077801790005459,0.086638392067341,654.54146613689,-0.33864476325982,0.011858101171695,0.0039132911492823,646.68575278924,-0.0036409473171795,-0.34191460122346,0,1.3386002404823e-07,1.4996866953662e-13,0,6.5628033555413e-36,7.0769521778903e-13,1.553941595942e-13,1.0112913726485e-12,1.0439200243567e-36,5.8936460554475e-13,4.6815257585457e-12,0,6.4155319745008e-13,9.9111729871064e-14,5.2177952777824e-11,1.2327435870583e-23,2.6277172786386e-35,9.8080285535508e-11,4.9517477942495e-11,1.2334163422881e-10,3.4898221360921e-36,6.4820768209025e-11,3.0460587810429e-10,2.4025501848969e-23,1.198353367486e-10,2.1468622606002e-11
9.125,954133008.8212,954133008.8212,954133008.8212,376355231.04341,376355231.04341,376355231.04341,1,1,1,399999996.52505,0.00010243177258847,0.00026985380106968,9.2552139087232e-05,1.0860569110755,274.45388572504,274.45388572504,287.97783565428,287.97783565428,274.45388572504,292.54790652664,292.54790652664,292.54790652664,307.38973810523,307.38973810523,307.38973810523,287.97783565428,0.0042284990215634,6.635486481589e-12,8.4613527070839e-15,-0.0028767148031143,-0.0040702396169445,-0.003065900977303,-2.3542340054122e-10,-0.002309677249428,-0.0021077962377614,-1.3169285236566e-10,-0.0014333333601509,0.002889680504047,430.2639657599,430.2639657599,443.78791568915,443.78791568915,430.2639657599,448.3579865615,448.3579865615,448.3579865615,463.19981814009,463.19981814009,463.19981814009,443.78791568915,0.032989191957991,0.11507965602182,0.078214266873001,0.087094264473661,654.38995448678,-0.34270482764063,0.0039174065023218,0.0018282569387636,646.58859189947,-0.0017708526447143,-0.34390656093486,0,1.3807702715457e-07,1.4839621193356e-13,0,1.0355211223317e-35,6.968951580135e-13,1.5675154423294e-13,9.9479167288875e-13,1.7363820739127e-36,5.9242975635271e-13,4.6223005203471e-12,0,6.2892001631168e-13,9.9285070048334e-14,5.2387816713345e-11,1.2327435870583e-23,4.0921652939639e-35,9.9065844119523e-11,4.9739158102272e-11,1.2474848210434e-10,5.945437214481e-36,6.5658590405212e-11,3.1114279818953e-10,2.4025501848969e-23,1.2072476396531e-10,2.1609032898605e-11
9.175,953030866.41569,953030866.41569,953030866.41569,375253088.63791,375253088.63791,375253088.63791,1,1,1,399999996.72923,0.00010297443643711,0.00027133237609632,9.308037887571e-05,1.0865517247491,274.28492991319,274.28492991319,287.79916210767,287.79916210767,274.28492991319,292.35957525688,292.35957525688,292.35957525688,307.23882136351,307.23882136351,307.23882136351,287.79916210767,0.0042314506691152,6.0075049400785e-12,3.0988155910999e-15,-0.0028698781253887,-0.0040583176885122,-0.0030749266948125,-2.1295087510816e-10,-0.0023081755108365,-0.00210997003028,-1.2332938425795e-10,-0.0014249944556128,0.0028907237586955,430.09508387909,430.09508387909,443.60931607357,443.60931607357,430.09508387909,448.16972922278,448.16972922278,448.16972922278,463.0489753294,463.0489753294,463.0489753294,443.60931607357,0.033179683149854,0.11568872854319,0.07862616775512,0.087549934676245,654.24128607204,-0.34478460257566,0.0110213780828,0.0037865216603553,646.49549715147,-0.0036417477692157,-0.34547940293552,0,1.4222765283976e-07,1.4674407936365e-13,0,1.5672380241992e-35,6.8570320014036e-13,1.5818637878559e-13,9.7823107379842e-13,2.7849023417916e-36,5.9525475192191e-13,4.5596251536993e-12,0,6.1627661607786e-13,9.9430406672324e-14,5.2595344180579e-11,1.2327435870583e-23,6.3085745632532e-35,1.0003557488492e-10,4.9962867424534e-11,1.2613190975604e-10,9.8838838761272e-36,6.6500407748447e-11,3.1759108192123e-10,2.4025501848969e-23,1.2159631071394e-10,2.1749648728233e-11
9.225,951931576.27513,951931576.27513,951931576.27513,374153798.49734,374153798.49734,374153798.49734,1,1,1,399999996.92035,0.00010351305717208,0.00027281093524146,9.3609470180871e-05,1.0870464995004,274.11683903745,274.11683903745,287.62095083747,287.62095083747,274.11683903745,292.17127615424,292.17127615424,292.17127615424,307.08830317381,307.08830317381,307.08830317381,287.62095083747,0.0042265010622488,5.4239033932835e-12,1.0801646891831e-15,-0.0028685853962898,-0.0040388904502121,-0.0030879317212389,-1.8785789721496e-10,-0.0023049364391326,-0.0021179609527092,-1.1436480621112e-10,-0.0014188027494543,0.0028925759421436,429.92706315967,429.92706315967,443.43117495969,443.43117495969,429.92706315967,447.98150027646,447.98150027646,447.98150027646,462.89852729603,462.89852729603,462.89852729603,443.43117495969,0.033101774541697,0.11629705764887,0.079037419755119,0.08800540645856,654.08998925578,-0.34715248055879,0.00347388890369,0.002618080873389,646.39794071391,-0.0023158862689837,-0.34821200127594,0,1.4630008866463e-07,1.4497208555081e-13,0,2.4133312650732e-35,6.7425680785705e-13,1.6000594072847e-13,9.6158079828386e-13,4.4767407589635e-36,5.9833660650789e-13,4.4866933480035e-12,0,6.0386727949927e-13,9.9694847623067e-14,5.280036567013e-11,1.2327435870583e-23,9.7215403688188e-35,1.0098911800712e-10,5.0189149995972e-11,1.2749179036229e-10,1.6214951372682e-35,6.7346583492235e-11,3.2393622450419e-10,2.4025501848969e-23,1.2245030801049e-10,2.1890638533841e-11
9.275,950835309.73467,950835309.73467,950835309.73467,373057531.95689,373057531.95689,373057531.95689,1,1,1,399999997.09872,0.00010405209584197,0.00027428956796055,9.4137805668247e-05,1.0875411932271,273.9494929275,273.9494929275,287.44357069145,287.44357069145,273.9494929275,291.98278795271,291.98278795271,291.98278795271,306.93817261306,306.93817261306,306.93817261306,287.44357069145,0.0042292387907967,4.8804316321662e-12,3.6204500118054e-16,-0.0028615680091512,-0.0040267199459544,-0.0030963426103405,-1.6085474107674e-10,-0.0023032805611637,-0.002119999500126,-1.0481875814764e-10,-0.0014106905313257,0.0028946125422166,429.75978388666,429.75978388666,443.25386165061,443.25386165061,429.75978388666,447.79307891187,447.79307891187,447.79307891187,462.74846357222,462.74846357222,462.74846357222,443.25386165061,0.033297394737587,0.11690471746596,0.079448089314455,0.088460675924752,653.94231866454,-0.34948230831276,0.012497809204948,0.0034582799180285,646.30451841416,-0.0047089626000703,-0.35002394294126,0,1.5028720113425e-07,1.4333535303493e-13,0,3.5701768098402e-35,6.6248777820639e-13,1.6180445903261e-13,9.4474325719101e-13,6.9608713328697e-36,6.0120320486421e-13,4.4084764980385e-12,0,5.9122680031392e-13,9.992069712779e-14,5.300307247036e-11,1.2327435870583e-23,1.4770532833365e-34,1.0192601720796e-10,5.0417976056389e-11,1.2882785908957e-10,2.605911001756e-35,6.8196813218296e-11,3.3017075175712e-10,2.4025501848969e-23,1.2328642896993e-10,2.2031947738881e-11
9.325,949741553.26243,949741553.26243,949741553.26243,371963775.48465,371963775.48465,371963775.48465,1,1,1,399999997.26588,0.000104587713559,0.00027576820306232,9.4665773434922e-05,1.0880358422247,273.78293892547,273.78293892547,287.26676012715,287.26676012715,273.78293892547,291.79406840614,291.79406840614,291.79406840614,306.7884011047,306.7884011047,306.7884011047,287.26676012715,0.0042271260432749,4.3815787465809e-12,1.1321208267467e-16,-0.0028581579623553,-0.0040096427844869,-0.0031080400896576,-1.3261945107119e-10,-0.0023014954551404,-0.0021257263925659,-9.5087631232981e-11,-0.001403922444232,0.002895853963425,429.59329348443,429.59329348443,443.07711468611,443.07711468611,429.59329348443,447.60442296511,447.60442296511,447.60442296511,462.59875566367,462.59875566367,462.59875566367,443.07711468611,0.033191415056176,0.11751165155957,0.079858128330822,0.088915748310333,653.79279490985,-0.35013123864255,0.0094096534577797,0.0039311463744881,646.20991543101,-0.004214909733695,-0.35068755644462,0,1.5417945378572e-07,1.4164920333722e-13,0,5.2686874520872e-35,6.5058258307029e-13,1.6381384126596e-13,9.278849007034e-13,1.0719822623802e-35,6.035888316067e-13,4.3229974375684e-12,0,5.7882517337439e-13,1.002561562521e-13,5.3203394694819e-11,1.2327435870583e-23,2.2221582084011e-34,1.0284607992039e-10,5.0649643812411e-11,1.3014008650047e-10,4.1219228558375e-35,6.9050416730051e-11,3.3628439336343e-10,2.4025501848969e-23,1.2410501138036e-10,2.2173731354764e-11
9.375,948649245.41854,948649245.41854,948649245.41854,370871467.64076,370871467.64076,370871467.64076,1,1,1,399999997.42216,0.00010512138051734,0.00027724682295264,9.519395794277e-05,1.0885304435568,273.61703575412,273.61703575412,287.09064108242,287.09064108242,273.61703575412,291.60501447744,291.60501447744,291.60501447744,306.6384706708,306.6384706708,306.6384706708,287.09064108242,0.004224604964645,3.9150766155837e-12,3.4259202435058e-17,-0.0028558312779107,-0.0039918182948317,-0.0031185804798665,-1.0650851783159e-10,-0.0022990938397174,-0.0021314398008426,-8.5187923512993e-11,-0.0013972672579362,0.0028986751808668,429.42745105797,429.42745105797,442.90105638627,442.90105638627,429.42745105797,447.41542978129,447.41542978129,447.41542978129,462.44888597465,462.44888597465,462.44888597465,442.90105638627,0.033250712729772,0.11811786502427,0.080267537365343,0.089370620992096,653.64197870173,-0.35288196569278,0.0081104558356296,0.0023249266641387,646.11136802379,-0.0028400230041798,-0.35324146472304,0,1.5796842940298e-07,1.4007686806935e-13,0,7.6059660989694e-35,6.3814243202701e-13,1.6590821296838e-13,9.1123059288549e-13,1.6041289645578e-35,6.0706099710719e-13,4.2302251029447e-12,0,5.6627936024279e-13,1.0055556728791e-13,5.3401493301417e-11,1.2327435870583e-23,3.2978042496124e-34,1.0374854960248e-10,5.08842734573e-11,1.3142876116338e-10,6.3905037933107e-35,6.9908930625348e-11,3.422668350759e-10,2.4025501848969e-23,1.249058513317e-10,2.2315938401794e-11
9.425,947558365.46396,947558365.46396,947558365.46396,369780587.68618,369780587.68618,369780587.68618,1,1,1,399999997.56848,0.00010565271975946,0.00027872553011848,9.572118897673e-05,1.0890249809407,273.45152222952,273.45152222952,286.914915576,286.914915576,273.45152222952,291.41588011254,291.41588011254,291.41588011254,306.4887335574,306.4887335574,306.4887335574,286.914915576,0.0042247057468795,3.4957899551731e-12,1.0281874939741e-17,-0.0028509930850972,-0.0039760761335562,-0.0031287500064961,-8.2730995264179e-11,-0.0022978316902068,-0.0021350117852342,-7.5591896083656e-11,-0.0013900073711462,0.0029004994115683,429.26199569717,429.26199569717,442.72538904364,442.72538904364,429.26199569717,447.22635358019,447.22635358019,447.22635358019,462.29920702505,462.29920702505,462.29920702505,442.72538904364,0.033328590391367,0.11872335595302,0.080676322258701,0.08982529764596,653.49163454061,-0.35459505307876,0.010375565162095,0.0035690800711424,646.01398658391,-0.0032926592658678,-0.35542559551353,0,1.6165080615527e-07,1.3859600161247e-13,0,1.0896925137582e-34,6.2553821386516e-13,1.6801515404182e-13,8.9438059343869e-13,2.3975030546754e-35,6.0978465320616e-13,4.1351675630468e-12,0,5.5369206900963e-13,1.0084454232796e-13,5.3597497646588e-11,1.2327435870583e-23,4.8388621813857e-34,1.0463319422831e-10,5.112188276683e-11,1.3269360632854e-10,9.7810851290636e-35,7.0771296352039e-11,3.4811484512625e-10,2.4025501848969e-23,1.2568889016508e-10,2.2458554121246e-11
9.475,946468080.20668,946468080.20668,946468080.20668,368690302.42889,368690302.42889,368690302.42889,1,1,1,399999997.70575,0.00010618066661058,0.00028020420611924,9.6248954345078e-05,1.0895194746849,273.28624887751,273.28624887751,286.73950671874,286.73950671874,273.28624887751,291.22645414577,291.22645414577,291.22645414577,306.33905307453,306.33905307453,306.33905307453,286.73950671874,0.0042211916699956,3.1046053810679e-12,3.6110492981732e-18,-0.0028490895971149,-0.0039566626315269,-0.0031400202384079,-6.2154437617934e-11,-0.0022956598861924,-0.0021414652398132,-6.6401295310405e-11,-0.0013838387839014,0.0029032007189643,429.09677783776,429.09677783776,442.550035679,442.550035679,429.09677783776,447.03698310603,447.03698310603,447.03698310603,462.14958203478,462.14958203478,462.14958203478,442.550035679,0.03330330077212,0.11932809563213,0.081084451706391,0.090279776883008,653.33862565146,-0.35737876873144,0.0069059751734836,0.0017157878432018,645.91217732988,-0.0022179143955328,-0.35874505766259,0,1.65218707926e-07,1.3723441553255e-13,0,1.5678667785407e-34,6.1249051276576e-13,1.7038201508084e-13,8.7715350560894e-13,3.5735718092373e-35,6.1227194264088e-13,4.0320778838844e-12,0,5.4100511291296e-13,1.0107339141315e-13,5.3791576418259e-11,1.2327435870583e-23,7.0561606435921e-34,1.0549938661829e-10,5.1362839323342e-11,1.3393408871246e-10,1.4834878847801e-34,7.1637179637182e-11,3.5381706435418e-10,2.4025501848969e-23,1.2645398693307e-10,2.2601493482177e-11
9.525,945379261.52099,945379261.52099,945379261.52099,367601483.7432,367601483.7432,367601483.7432,1,1,1,399999997.83446,0.00010671087445751,0.00028168299186318,9.6772873658223e-05,1.0900139029637,273.12159545871,273.12159545871,286.56455241016,286.56455241016,273.12159545871,291.03672105945,291.03672105945,291.03672105945,306.1894684978,306.1894684978,306.1894684978,286.56455241016,0.0042270152062742,2.7701007648071e-12,2.0038816356092e-18,-0.0028404484205746,-0.0039478401397881,-0.0031479237829114,-4.565920445671e-11,-0.0022947383923017,-0.00214039877767,-5.778486952249e-11,-0.0013750846934482,0.002904636425406,428.93217749525,428.93217749525,442.3751344467,442.3751344467,428.93217749525,446.84730309599,446.84730309599,446.84730309599,462.00005053434,462.00005053434,462.00005053434,442.3751344467,0.033416811891853,0.11993222694289,0.081492063740202,0.09073405959808,653.18766193738,-0.35816661517501,0.017159113234563,0.0081806885912567,645.8145495376,-0.0070114585055207,-0.36007804005608,0,1.6866990877839e-07,1.361121825874e-13,0,2.1615959077058e-34,6.0005024020222e-13,1.7233209033255e-13,8.6005586118033e-13,5.119142538249e-35,6.1322574752568e-13,3.9269456482268e-12,0,5.28340205384e-13,1.0121023435236e-13,5.3984068112878e-11,1.2327435870583e-23,1.011311889264e-33,1.0634798580609e-10,5.1606553702723e-11,1.3515039137574e-10,2.2074439653114e-34,7.2504411806129e-11,3.5937060414861e-10,2.4025501848969e-23,1.2720117281707e-10,2.2744626368249e-11
9.575,944294619.94656,944294619.94656,944294619.94656,366516842.16877,366516842.16877,366516842.16877,1,1,1,399999997.95506,0.00010723717961673,0.00028316179855594,9.7301254266255e-05,1.0905082786073,272.95789157072,272.95789157072,286.39047857355,286.39047857355,272.95789157072,290.84714624506,290.84714624506,290.84714624506,306.04042263971,306.04042263971,306.04042263971,286.39047857355,0.0042245348136431,2.4523962329237e-12,1.9015837789735e-18,-0.0028376010163527,-0.0039295659048962,-0.0031580732529011,-3.2554579483978e-11,-0.0022927590922602,-0.0021464491587839,-4.9717665868909e-11,-0.0013688754434188,0.0029069278933785,428.76852425841,428.76852425841,442.20111126124,442.20111126124,428.76852425841,446.65777893276,446.65777893276,446.65777893276,461.85105532741,461.85105532741,461.85105532741,442.20111126124,0.03314876367426,0.12053558368378,0.081898997489092,0.091188147054047,653.0360536985,-0.35994909380733,0.015855516350914,0.0071649431566913,645.71448308493,-0.0089480923250559,-0.36188251786205,0,1.7199748677122e-07,1.3519483079559e-13,0,2.9805764773535e-34,5.865055879629e-13,1.7459111638866e-13,8.4262798915932e-13,7.3107154523952e-35,6.1286248659858e-13,3.8158200184652e-12,0,5.1586646155831e-13,1.0139691117251e-13,5.4175262476152e-11,1.2327435870583e-23,1.4328290570603e-33,1.07177429963e-10,5.1853462827389e-11,1.3634204730604e-10,3.2413352596542e-34,7.3371130246547e-11,3.647669885703e-10,2.4025501848969e-23,1.2793071816338e-10,2.2888023255212e-11
9.625,943213030.81251,943213030.81251,943213030.81251,365435253.03473,365435253.03473,365435253.03473,1,1,1,399999998.06834,0.00010775748120854,0.00028464054422099,9.7837027419013e-05,1.0910026136417,272.7947707189,272.7947707189,286.21731787989,286.21731787989,272.7947707189,290.65753091222,290.65753091222,290.65753091222,305.89178269566,305.89178269566,305.89178269566,286.21731787989,0.0042157639631584,2.1631605357156e-12,2.2983866640878e-18,-0.0028403010331445,-0.0039044618469141,-0.0031707313000625,-2.2529681049549e-11,-0.0022908544524091,-0.0021556431843197,-4.2433981517607e-11,-0.001363452951726,0.0029103557881816,428.60545154554,428.60545154554,442.02799870653,442.02799870653,428.60545154554,446.46821173886,446.46821173886,446.46821173886,461.7024635223,461.7024635223,461.7024635223,442.02799870653,0.033298026942759,0.12113812738613,0.082305224399372,0.09164204274718,652.88005521475,-0.36400023361926,0.0040357778413011,0.0025086520070218,645.60744821315,-0.0025699154377376,-0.36505940519143,0,1.7519750680723e-07,1.344574880237e-13,0,4.1042616603763e-34,5.7283750338459e-13,1.7692449833885e-13,8.2469693163281e-13,1.0354561234278e-34,6.10911043345e-13,3.7000009651044e-12,0,5.0357725166655e-13,1.0161748650957e-13,5.4365414079278e-11,1.2327435870583e-23,2.0132593074235e-33,1.0798754452932e-10,5.2103671852456e-11,1.375083448916e-10,4.7056913526481e-34,7.4235088929449e-11,3.6999958011594e-10,2.4025501848969e-23,1.2864288394239e-10,2.3031732082808e-11
9.675,942132140.1283,942132140.1283,942132140.1283,364354362.35051,364354362.35051,364354362.35051,1,1,1,399999998.17461,0.00010827668406477,0.00028611931330923,9.8371646670432e-05,1.0914968629658,272.63187267282,272.63187267282,286.04443445971,286.04443445971,272.63187267282,290.46739688646,290.46739688646,290.46739688646,305.74352655459,305.74352655459,305.74352655459,286.04443445971,0.0042150215219615,1.9039261135069e-12,2.9213879596816e-18,-0.0028365411345365,-0.0038875607476962,-0.003180530985213,-1.522516137207e-11,-0.0022897968494367,-0.0021590407184827,-3.5905348197284e-11,-0.0013559376595922,0.0029123931304208,428.44259930667,428.44259930667,441.85516109357,441.85516109357,428.44259930667,446.27812352031,446.27812352031,446.27812352031,461.55425318844,461.55425318844,461.55425318844,441.85516109357,0.033558547902268,0.12173994257466,0.082710822907578,0.09209574468902,652.72677241353,-0.36631160433676,0.0041068467110001,0.0030276737785733,645.50420740238,-0.0017182804798738,-0.36727027957944,0,1.7827006593497e-07,1.3395172647341e-13,0,5.6280469802786e-34,5.5916495373641e-13,1.7897100173708e-13,8.0631658779871e-13,1.4658152031144e-34,6.0716285884716e-13,3.5836746129901e-12,0,4.9136395067882e-13,1.0179866265307e-13,5.455485042756e-11,1.2327435870583e-23,2.8091853443418e-33,1.087783231905e-10,5.2356775070384e-11,1.3864864874564e-10,6.7786670928252e-34,7.5093746879e-11,3.7506766135676e-10,2.4025501848969e-23,1.293377775055e-10,2.3175697132164e-11
9.725,941050751.6589,941050751.6589,941050751.6589,363272973.88111,363272973.88111,363272973.88111,1,1,1,399999998.27445,0.00010879520975357,0.00028759816632511,9.8904916261595e-05,1.0919910404662,272.46903221687,272.46903221687,285.87168551366,285.87168551366,272.46903221687,290.27667869904,290.27667869904,290.27667869904,305.59533096198,305.59533096198,305.59533096198,285.87168551366,0.0042166660589747,1.6811089939468e-12,3.7193484813924e-18,-0.0028310994042451,-0.003872401683007,-0.0031879707107211,-1.0109729282346e-11,-0.0022895545405177,-0.0021612350787419,-3.0046299998022e-11,-0.0013485808036333,0.0029153488237516,428.27980254749,428.27980254749,441.68245584428,441.68245584428,428.27980254749,446.08744902967,446.08744902967,446.08744902967,461.4061012926,461.4061012926,461.4061012926,441.68245584428,0.033518815616116,0.12234105075398,0.083115811328226,0.092549252761963,652.57498635813,-0.36722971387917,0.011539708456273,0.0028102579623188,645.40377422547,-0.0030836420794363,-0.36763935197158,0,1.8121375372763e-07,1.3366069699716e-13,0,7.4808144115379e-34,5.4593020020443e-13,1.8077233505869e-13,7.8674279676161e-13,2.0148881462237e-34,6.0145261128004e-13,3.4649418107833e-12,0,4.796363380447e-13,1.0198682350111e-13,5.4743875198009e-11,1.2327435870583e-23,3.8671322641812e-33,1.0955038508373e-10,5.2612425758326e-11,1.3976127107892e-10,9.6281492358795e-34,7.5944329318997e-11,3.7996782905841e-10,2.4025501848969e-23,1.3001608571977e-10,2.3319928281143e-11
9.775,939971090.74932,939971090.74932,939971090.74932,362193312.97153,362193312.97153,362193312.97153,1,1,1,399999998.36837,0.00010930975630989,0.00028907701771923,9.9438393309978e-05,1.0924851957108,272.30674532562,272.30674532562,285.69935522386,285.69935522386,272.30674532562,290.08582286069,290.08582286069,290.08582286069,305.44734342389,305.44734342389,305.44734342389,285.69935522386,0.0042130463747692,1.4795770385282e-12,4.7541388315227e-18,-0.0028293723825548,-0.0038529823710989,-0.0031992467448705,-6.60276761459e-12,-0.0022881066817264,-0.0021675734700659,-2.4857782523996e-11,-0.001342339895086,0.0029180408852495,428.11755721823,428.11755721823,441.51016711647,441.51016711647,428.11755721823,445.8966347533,445.8966347533,445.8966347533,461.2581553165,461.2581553165,461.2581553165,441.51016711647,0.033410550505624,0.1229414346721,0.083520179969414,0.093002568959694,652.41838412586,-0.37023888522741,0.0072071557946606,0.0021914556052847,645.29480457488,-0.0026014484812765,-0.37152704444994,0,1.8402503519362e-07,1.3333664640853e-13,0,9.9196914102411e-34,5.3236349517976e-13,1.8257384560805e-13,7.6636763210666e-13,2.7458260088689e-34,5.9453333946813e-13,3.3415219932854e-12,0,4.6858512868025e-13,1.0226975713867e-13,5.4932441691721e-11,1.2327435870583e-23,5.269988476873e-33,1.1030326075873e-10,5.287062416692e-11,1.40845078578e-10,1.3511333617539e-33,7.6785126430956e-11,3.8469345478028e-10,2.4025501848969e-23,1.3067876516388e-10,2.3464559558709e-11
9.825,938891759.42352,938891759.42352,938891759.42352,361113981.64574,361113981.64574,361113981.64574,1,1,1,399999998.45666,0.00010982254431666,0.00029055592288947,9.9971290426932e-05,1.0929792805141,272.14479456039,272.14479456039,285.52704416687,285.52704416687,272.14479456039,289.89449464362,289.89449464362,289.89449464362,305.29955333721,305.29955333721,305.29955333721,285.52704416687,0.0042125041702126,1.3017043687471e-12,6.0171051491491e-18,-0.0028249458132074,-0.0038361012459278,-0.0032081494018981,-4.315755911522e-12,-0.002287569892858,-0.0021709322855018,-2.0329252422539e-11,-0.0013354092834928,0.0029209324906655,427.955646126,427.955646126,441.33789573247,441.33789573247,427.955646126,445.70534620922,445.70534620922,445.70534620922,461.11040490282,461.11040490282,461.11040490282,441.33789573247,0.03355120080821,0.12354110007739,0.083923937239746,0.09345569304592,652.26281740809,-0.37230923127494,0.010831028792261,0.0024642199830954,645.18760111996,-0.0040354521662948,-0.37381193140975,0,1.8670475498356e-07,1.3313824823718e-13,0,1.2980736000866e-33,5.1865444004739e-13,1.8410808205505e-13,7.4440294799033e-13,3.7067805373827e-34,5.8670495935371e-13,3.2175583676625e-12,0,4.5814318316031e-13,1.0258859149684e-13,5.5120727608049e-11,1.2327435870583e-23,7.105741767074e-33,1.1103674890203e-10,5.3130992313504e-11,1.4189782332292e-10,1.8753512926246e-33,7.7614852541585e-11,3.8924376946156e-10,2.4025501848969e-23,1.3132667746701e-10,2.3609641736148e-11
9.875,937814573.36394,937814573.36394,937814573.36394,360036795.58615,360036795.58615,360036795.58615,1,1,1,399999998.53978,0.00011033319429729,0.00029203486887692,0.0001005034219735,1.0934732894341,271.9834809198,271.9834809198,285.35528243891,285.35528243891,271.9834809198,289.70308914786,289.70308914786,289.70308914786,305.15186809718,305.15186809718,305.15186809718,285.35528243891,0.0042131473283993,1.1445462277681e-12,7.5392210775717e-18,-0.002819304007473,-0.0038188532763841,-0.0032180909036325,-2.8507322727124e-12,-0.002287690391339,-0.0021741366931064,-1.6425625497441e-11,-0.0013282940391251,0.0029226573948759,427.79437040644,427.79437040644,441.16617192555,441.16617192555,427.79437040644,445.5139786345,445.5139786345,445.5139786345,460.96275758382,460.96275758382,460.96275758382,441.16617192555,0.033531062810772,0.12414004565878,0.084327081580042,0.093908624239909,652.10908524285,-0.37220118370626,0.015038397397631,0.0048887275632255,645.08270388759,-0.0043510994181277,-0.37585513738864,0,1.8925359546187e-07,1.3299923837223e-13,0,1.6951660543424e-33,5.0455102545677e-13,1.8543069742161e-13,7.2117048996164e-13,4.9947253838607e-34,5.7868114113314e-13,3.0928302753105e-12,0,4.4848661803796e-13,1.029693161759e-13,5.530881693474e-11,1.2327435870583e-23,9.5030685915995e-33,1.1175029180514e-10,5.3393230920678e-11,1.4291771241061e-10,2.5817121304431e-33,7.8433231259665e-11,3.9361769198302e-10,2.4025501848969e-23,1.3196093332478e-10,2.3755262339592e-11
9.925,936739625.43716,936739625.43716,936739625.43716,358961847.65938,358961847.65938,358961847.65938,1,1,1,399999998.61808,0.00011084141089084,0.00029351379065674,0.00010103406785184,1.0939672572371,271.82279718701,271.82279718701,285.18386724445,285.18386724445,271.82279718701,289.51147860777,289.51147860777,289.51147860777,305.00461356177,305.00461356177,305.00461356177,285.18386724445,0.0042071428310599,1.0026657670929e-12,9.4093891961219e-18,-0.0028188665355802,-0.0038004363624963,-0.0032278149024276,-1.9363913949546e-12,-0.0022862094646239,-0.0021799517460244,-1.315839674025e-11,-0.0013222999282707,0.0029262615381652,427.63372285338,427.63372285338,440.99479291082,440.99479291082,427.63372285338,445.32240427414,445.32240427414,445.32240427414,460.81553922814,460.81553922814,460.81553922814,440.99479291082,0.033453371812912,0.12473825851645,0.08472959347699,0.094361368763452,651.95325791086,-0.37643650030614,0.0095685895594935,0.0018336452559112,644.97263210205,-0.0027537882161687,-0.3772415433479,0,1.9167075041655e-07,1.3295286711579e-13,0,2.154940344937e-33,4.9046909376262e-13,1.8645022415636e-13,6.9665702948186e-13,6.5304131584133e-34,5.7000639632691e-13,2.9648582393223e-12,0,4.393093665919e-13,1.0347690232081e-13,5.5496840682572e-11,1.2327435870583e-23,1.2550614453514e-32,1.1244391984946e-10,5.3656911356388e-11,1.4390293423003e-10,3.5052520160959e-33,7.923934203599e-11,3.9781063471558e-10,2.4025501848969e-23,1.3258221058909e-10,2.3901600778247e-11
9.975,935665832.0965,935665832.0965,935665832.0965,357888054.31872,357888054.31872,357888054.31872,1,1,1,399999998.69164,0.00011134852078705,0.00029499278136205,0.00010156304913466,1.094461160492,271.66284613228,271.66284613228,285.01281751152,285.01281751152,271.66284613228,289.31912934393,289.31912934393,289.31912934393,304.85755706412,304.85755706412,304.85755706412,285.01281751152,0.0042077078355504,8.7831740899078e-13,1.1584005247019e-17,-0.0028134205460832,-0.0037851090354335,-0.0032381035028138,-1.3558483765848e-12,-0.0022859773218877,-0.0021821033334131,-1.0450097748173e-11,-0.0013148441022186,0.0029278677264372,427.47380637034,427.47380637034,440.82377774957,440.82377774957,427.47380637034,445.13008958198,445.13008958198,445.13008958198,460.66851730218,460.66851730218,460.66851730218,440.82377774957,0.033557445935629,0.12533579787162,0.085131530412241,0.094813922342326,651.79775101132,-0.37667040676811,0.012372387941539,0.0055987528730023,644.86410160937,-0.0043118107237397,-0.37907933338227,0,1.9396108815482e-07,1.328756076619e-13,0,2.7631540356312e-33,4.7640200471882e-13,1.8719772725454e-13,6.7172753918122e-13,8.6172958835081e-34,5.6162907508311e-13,2.8397432705351e-12,0,4.3026811045078e-13,1.0403889241425e-13,5.5684755169036e-11,1.2327435870583e-23,1.645830436563e-32,1.1311765402568e-10,5.3921648921117e-11,1.4485290042616e-10,4.7239216870398e-33,8.0033605490996e-11,4.0182663816243e-10,2.4025501848969e-23,1.3319070158635e-10,2.4048733990913e-11
10,935210556.24141,935210556.24141,935210556.24141,357432778.46362,357432778.46362,357432778.46362,1,1,1,399999998.72631,0.00011160080245028,0.00029573233500704,0.00010182963016992,1.0947085882239,271.59358607596,271.59358607596,284.94012363819,284.94012363819,271.59358607596,289.23766973191,289.23766973191,289.23766973191,304.79577597293,304.79577597293,304.79577597293,284.94012363819,0.0042136856891582,8.1774482532345e-13,1.292456099176e-17,-0.0028176698795893,-0.0037785338036879,-0.0032506476879955,-1.1419766464391e-12,-0.002289823272806,-0.0021908760493321,-9.26251003095e-12,-0.001314190944346,0.0029346372923762,427.40456188314,427.40456188314,440.75109944537,440.75109944537,427.40456188314,445.04864553909,445.04864553909,445.04864553909,460.60675178011,460.60675178011,460.60675178011,440.75109944537,0.033472344014751,0.12563434193728,0.085332288087354,0.095040126435792,651.6530272288,-0.37876395674455,0.018697219958018,0.0047008584891468,644.74146919425,-0.0068459816979093,-0.38063093917824,0,1.9507359798421e-07,6.6333868146506e-14,0,1.5879130475604e-33,2.3440293736751e-13,9.3937939537662e-14,3.2929652779747e-13,5.0236132995785e-34,2.7880563415156e-13,1.3873405562988e-12,0,2.1244172027221e-13,5.2104818307193e-14,5.5778565425013e-11,1.2327435870583e-23,1.8703952533359e-32,1.1344914983876e-10,5.4054497229232e-11,1.4531859604181e-10,5.4343678930779e-33,8.0427896200079e-11,4.0378863399278e-10,2.4025501848969e-23,1.3349113954837e-10,2.4122421331628e-11
