time,H_1,H_2,H_3,Hs_1,Hs_2,Hs_3,cry_1,cry_2,cry_3,disloc_density,disp_x,disp_y,disp_z,fp_yy,gd_0,gd_1,gd_10,gd_11,gd_2,gd_3,gd_4,gd_5,gd_6,gd_7,gd_8,gd_9,slip_increment_0,slip_increment_1,slip_increment_10,slip_increment_11,slip_increment_2,slip_increment_3,slip_increment_4,slip_increment_5,slip_increment_6,slip_increment_7,slip_increment_8,slip_increment_9,slip_resistance_0,slip_resistance_1,slip_resistance_10,slip_resistance_11,slip_resistance_2,slip_resistance_3,slip_resistance_4,slip_resistance_5,slip_resistance_6,slip_resistance_7,slip_resistance_8,slip_resistance_9,sliprate,strain_eff,strain_shear,strain_yy,stress_vm,stress_xx,stress_xy,stress_xz,stress_yy,stress_yz,stress_zz,surface_react_y,total_twin_volume,twin_slip_increment_0,twin_slip_increment_1,twin_slip_increment_10,twin_slip_increment_11,twin_slip_increment_2,twin_slip_increment_3,twin_slip_increment_4,twin_slip_increment_5,twin_slip_increment_6,twin_slip_increment_7,twin_slip_increment_8,twin_slip_increment_9,twin_twin_system_volume_fraction_0,twin_twin_system_volume_fraction_1,twin_twin_system_volume_fraction_10,twin_twin_system_volume_fraction_11,twin_twin_system_volume_fraction_2,twin_twin_system_volume_fraction_3,twin_twin_system_volume_fraction_4,twin_twin_system_volume_fraction_5,twin_twin_system_volume_fraction_6,twin_twin_system_volume_fraction_7,twin_twin_system_volume_fraction_8,twin_twin_system_volume_fraction_9
0.05,1733333333.3334,1733333333.3334,1733333333.3334,1155555555.5556,1155555555.5556,1155555555.5556,1,1,1,20000000,2.7478808778746e-07,1.4683332190507e-06,2.719632323084e-07,1,397.18182944674,397.18182944674,397.33853657107,397.33853657107,397.18182944674,396.79941390037,396.79941390037,396.79941390037,397.08357277882,397.08357277882,397.08357277882,397.33853657107,1.9594411185293e-52,4.720372531997e-206,1.088526827427e-205,-1.8886254588605e-52,-1.9419687394589e-52,-2.0027813845478e-52,-2.0529343798684e-207,-2.0174320370904e-52,-1.9268393721872e-52,-9.0520571034134e-206,-1.9412897257746e-52,1.9057610265402e-52,435.90435841478,435.90435841478,436.0610655391,436.0610655391,435.90435841478,435.52194286841,435.52194286841,435.52194286841,435.80610174686,435.80610174686,435.80610174686,436.0610655391,0,0.00056170609530833,0.00034053619386687,0.00049987487523467,69.547800462302,-0.00033693910480859,0.011499652677151,-0.001030531029922,69.54700272519,-0.00035838160680369,-0.0012431704689142,0,1.8675773809659e-34,1.5060214813203e-35,0,0,1.5214534976707e-35,1.522662890067e-35,1.5150988287164e-35,0,1.5017941073307e-35,1.5166171411311e-35,0,1.5023731339913e-35,1.5057511509163e-35,2.2841072429218e-35,0,0,2.3075125458189e-35,2.3093468019053e-35,2.2978746105071e-35,0,2.277695732052e-35,2.3001774168953e-35,0,2.2785738901358e-35,2.2836972957637e-35
0.1,1733333333.3334,1733333333.3334,1733333333.3334,1155555555.5556,1155555555.5556,1155555555.5556,1,1,1,20000000,5.4930051608894e-07,2.9366346657208e-06,5.4407950283668e-07,1,397.18182944674,397.18182944674,397.33853657107,397.33853657107,397.18182944674,396.79941390037,396.79941390037,396.79941390037,397.08357277882,397.08357277882,397.08357277882,397.33853657107,2.2251040812919e-37,4.4277481845571e-206,9.0323270007689e-206,-2.1515913287973e-37,-2.2151570884908e-37,-2.2920369220876e-37,-1.830119184091e-207,-2.3003749018312e-37,-2.2037070083184e-37,-7.0980175167182e-206,-2.2119062817408e-37,2.1613362411305e-37,435.90435841478,435.90435841478,436.0610655391,436.0610655391,435.90435841478,435.52194286841,435.52194286841,435.52194286841,435.80610174686,435.80610174686,435.80610174686,436.0610655391,1.7134025074007e-51,0.0011232893127457,0.00068100643892547,0.0009995000004995,139.25014452028,-0.00029220259607626,0.011499367441811,-0.0010211716705344,139.24938535803,-0.00035749180210947,-0.0012184346904851,0,1.4547958438064e-27,1.2718668639884e-28,0,0,1.2783696885876e-28,1.2788743743725e-28,1.2756900673582e-28,0,1.2700988254765e-28,1.276323948214e-28,0,1.2703424824059e-28,1.2717523443405e-28,1.7986915969961e-28,0,0,1.8078879820786e-28,1.8086017157437e-28,1.8040984244301e-28,0,1.7961912123125e-28,1.8049948675635e-28,0,1.7965357953345e-28,1.7985296417159e-28
0.15,1733333333.3334,1733333333.3334,1733333333.3334,1155555555.5556,1155555555.5556,1155555555.5556,1,1,1,20000000,8.2354007726963e-07,4.4049053143192e-06,8.16338392114e-07,1,397.18182944674,397.18182944674,397.33853657107,397.33853657107,397.18182944674,396.79941390037,396.79941390037,396.79941390037,397.08357277882,397.08357277882,397.08357277882,397.33853657107,1.4314509382289e-28,6.735991316454e-257,3.511505238036e-258,-1.3881550397406e-28,-1.4313122385839e-28,-1.4854889159528e-28,-1.0593936323187e-256,-1.4855739160217e-28,-1.4271640853045e-28,-2.830942912283e-259,-1.4274751301534e-28,1.3885029894221e-28,435.90435841478,435.90435841478,436.0610655391,436.0610655391,435.90435841478,435.52194286841,435.52194286841,435.52194286841,435.80610174686,435.80610174686,435.80610174686,436.0610655391,1.939481333721e-36,0.0016847503592881,0.001021412834408,0.0014988756252322,209.10734216522,-7.0381173981795e-06,0.00064978451544677,0.00013838709519003,209.10730611737,-0.00035707030730078,-6.5026186849074e-05,0,4.8218744557792e-24,4.2573125298167e-25,0,0,4.2584330899169e-25,4.2586100987608e-25,4.2579531113433e-25,0,4.2576682979273e-25,4.2584202537716e-25,0,4.2572650280567e-25,4.2580059355836e-25,6.0225478105247e-25,0,0,6.0241417182009e-25,6.0243927602423e-25,6.0234591364349e-25,0,6.0230484422271e-25,6.0241206720356e-25,0,6.0224784770897e-25,6.0235282724092e-25
0.2,1733333333.3334,1733333333.3334,1733333333.3334,1155555555.5556,1155555555.5556,1155555555.5556,1,1,1,20000000,1.0985229625126e-06,5.8732334542318e-06,1.0888400937058e-06,1,397.18182944674,397.18182944674,397.33853657107,397.33853657107,397.18182944674,396.79941390037,396.79941390037,396.79941390037,397.08357277882,397.08357277882,397.08357277882,397.33853657107,2.5629973272105e-22,1.5724153050961e-211,1.1024764883371e-209,-2.4810083538174e-22,-2.5599526487578e-22,-2.6534823372842e-22,6.1271888977881e-213,-2.6562533711387e-22,-2.5484439427683e-22,-1.4903349090629e-214,-2.5528014269148e-22,2.4856178539324e-22,435.90435841478,435.90435841478,436.0610655391,436.0610655391,435.90435841478,435.52194286841,435.52194286841,435.52194286841,435.80610174686,435.80610174686,435.80610174686,436.0610655391,1.2446368764745e-27,0.0022460934754381,0.0013618039069992,0.0019980019984957,279.12024973643,-0.00072121548045571,0.0081285391860067,0.0015080132495193,279.1194530297,-0.0020571383486982,-0.00087012621375684,0,1.5385008154606e-21,1.3480909352209e-22,0,0,1.3509752268742e-22,1.3510787632438e-22,1.3499499160983e-22,0,1.3482394872904e-22,1.3504499622696e-22,0,1.347550257033e-22,1.3491769993497e-22,1.9125110317122e-22,0,0,1.9165916299937e-22,1.9167383035739e-22,1.9151409390071e-22,0,1.9127216166953e-22,1.9158487726199e-22,0,1.9117463279526e-22,1.9140479387946e-22
0.25,1733333333.3334,1733333333.3334,1733333333.3334,1155555555.5556,1155555555.5556,1155555555.5556,1,1,1,20000000,1.3734611758292e-06,7.3415256418337e-06,1.3614752540782e-06,1,397.18182944674,397.18182944674,397.33853657107,397.33853657107,397.18182944674,396.79941390037,396.79941390037,396.79941390037,397.08357277882,397.08357277882,397.08357277882,397.33853657107,1.8169967250494e-17,1.1639247263981e-221,6.7553172690196e-214,-1.7601400870936e-17,-1.8163403895009e-17,-1.8836727181219e-17,2.5935484447715e-215,-1.8844713981176e-17,-1.8090922781215e-17,-5.2310373245991e-218,-1.8110350619065e-17,1.7619836111985e-17,435.90435841478,435.90435841478,436.0610655391,436.0610655391,435.90435841478,435.52194286841,435.52194286841,435.52194286841,435.80610174686,435.80610174686,435.80610174686,436.0610655391,2.2257054514237e-21,0.0028073150321767,0.001702133876808,0.0024968793689881,349.28848499274,-0.00087388947097871,0.0051144403549403,0.0017684803323181,349.2877711446,-0.0024379439926844,-0.00055282980496789,0,1.3495965955398e-19,1.175547436203e-20,0,0,1.1769142461047e-20,1.1770016821044e-20,1.1764728844294e-20,0,1.1758699938285e-20,1.1768875358829e-20,0,1.175303201147e-20,1.1764416333844e-20,1.6816002378084e-20,0,0,1.6835740048913e-20,1.6836991248037e-20,1.6829353183143e-20,0,1.6820585090267e-20,1.6835288023597e-20,0,1.6812471902421e-20,1.6828801926605e-20
0.3,1733333333.3334,1733333333.3334,1733333333.3334,1155555555.5556,1155555555.5556,1155555555.5556,1,1,1,20000000,1.6486494363586e-06,8.809826986113e-06,1.6342578436408e-06,1,397.18182944674,397.18182944674,397.33853657107,397.33853657107,397.18182944674,396.79941390037,396.79941390037,396.79941390037,397.08357277882,397.08357277882,397.08357277882,397.33853657107,1.6736276544875e-13,3.4250797569875e-218,4.6131943814732e-218,-1.6228166022604e-13,-1.6725543390111e-13,-1.7352578974497e-13,4.2028773648623e-221,-1.7361180566745e-13,-1.6677890228285e-13,-6.7544203081312e-222,-1.6688998525223e-13,1.6241157732148e-13,435.90435841478,435.90435841478,436.0610655391,436.0610655391,435.90435841478,435.52194286841,435.52194286841,435.52194286841,435.80610174686,435.80610174686,435.80610174686,436.0610655391,1.5779603505345e-16,0.0033684149979652,0.0020424154326454,0.0029955079850241,419.61223825113,0.00069591072760431,0.0055244587423895,-0.00078267020483938,419.61271872296,-0.00079807897561641,0.00026580202860706,0,5.2720335625019e-18,4.5306653787559e-19,0,0,4.5343363182747e-19,4.535018164712e-19,4.5326977348321e-19,0,4.5299293592145e-19,4.5337199580099e-19,0,4.5299299988411e-19,4.5310052158261e-19,6.5754884489917e-19,0,0,6.5808773181542e-19,6.5818541066244e-19,6.5784961425688e-19,0,6.5744933872959e-19,6.5800011328552e-19,0,6.574413159986e-19,6.5760970466706e-19
0.35,1733333333.333,1733333333.333,1733333333.333,1155555555.5552,1155555555.5552,1155555555.5552,1,1,1,20000000.000252,1.9241800939939e-06,1.0278140766526e-05,1.9072794139159e-06,1.0000000000617,397.1818294467,397.1818294467,397.33853657102,397.33853657102,397.1818294467,396.79941390033,396.79941390033,396.79941390033,397.08357277878,397.08357277878,397.08357277878,397.33853657102,3.7724066201981e-10,5.3786687661887e-209,4.2926642377352e-205,-3.6556309514907e-10,-3.7691670684064e-10,-3.9083905509084e-10,-9.4565229945824e-209,-3.9116521738519e-10,-3.7556472340354e-10,-1.4857212708949e-211,-3.7602529137789e-10,3.6602876596569e-10,435.90435841493,435.90435841493,436.06106553925,436.06106553925,435.90435841493,435.52194286856,435.52194286856,435.52194286856,435.80610174701,435.80610174701,435.80610174701,436.06106553925,1.452964837956e-12,0.003929399533775,0.002382663129303,0.0034938880945517,490.09265518434,-0.00045363130638667,0.010395410365974,-7.1232522952774e-05,490.09218842937,-0.0022102720931775,-0.00047806944673104,0,1.1805534624857e-16,9.9346863338487e-18,0,0,9.9481225037623e-18,9.9499626146006e-18,9.9430089583317e-18,0,9.9331378651827e-18,9.9466284718783e-18,0,9.9314169943037e-18,9.9381874126904e-18,1.4707316996151e-17,0,0,1.4726857496785e-17,1.4729557485336e-17,1.4719387733927e-17,0,1.4705027624593e-17,1.4724656998102e-17,0,1.4702585922925e-17,1.4712329129099e-17
0.4,1733333332.4168,1733333332.4168,1733333332.4168,1155555554.639,1155555554.639,1155555554.639,1,1,1,20000000.569058,2.199520777942e-06,1.1746414473248e-05,2.1804681603125e-06,1.0000000495543,397.18182934169,397.18182934169,397.33853646814,397.33853646814,397.18182934169,396.79941379286,396.79941379286,396.79941379286,397.08357267401,397.08357267401,397.08357267401,397.33853646814,3.0270857030224e-07,8.8637653971368e-246,1.4653792503116e-248,-2.9359054105016e-07,-3.0266372310542e-07,-3.1413470197059e-07,-2.3744853078713e-245,-3.1416722899195e-07,-3.0183126172811e-07,-4.5518138440576e-247,-3.0188385060204e-07,2.93654903561e-07,435.90435875184,435.90435875184,436.06106587829,436.06106587829,435.90435875184,435.52194320301,435.52194320301,435.52194320301,435.80610208416,435.80610208416,435.80610208416,436.06106587829,3.2764000326473e-09,0.0044902669981347,0.002722844639048,0.003992019945153,560.72197241998,0.00019079289445687,0.0018282815246879,-1.6775391302373e-05,560.72204721463,-0.00045689192042634,-4.115760620955e-05,0,1.7513654248622e-15,1.4429863949e-16,0,0,1.4433241094493e-16,1.4433724614932e-16,1.4431712755895e-16,0,1.4429974300206e-16,1.4432662221072e-16,0,1.4429525847285e-16,1.4430778367989e-16,2.1877640999489e-16,0,0,2.1884371054511e-16,2.1885324854528e-16,2.1881462681052e-16,0,2.1877568122505e-16,2.1883332354e-16,0,2.1876689744136e-16,2.187943539652e-16
0.45,1733332596.6878,1733332596.6878,1733332596.6878,1155554818.9101,1155554818.9101,1155554818.9101,1,1,1,20000457.341937,2.4788488367493e-06,1.3214796734194e-05,2.4585932257379e-06,1.0000152912192,397.18174504318,397.18174504318,397.33845387675,397.33845387675,397.18174504318,396.79932746385,396.79932746385,396.79932746385,397.08348853158,397.08348853158,397.08348853158,397.33845387675,9.3154202268764e-05,1.6432184428655e-168,7.4957980638697e-160,-9.0382355243664e-05,-9.3190710024962e-05,-9.6759627799449e-05,-1.1913372118088e-169,-9.6767191117234e-05,-9.2991508436518e-05,1.5155507667833e-159,-9.3024243933871e-05,9.0404978206077e-05,435.90462932466,435.90462932466,436.06133815823,436.06133815823,435.90462932466,435.52221174532,435.52221174532,435.52221174532,435.80637281306,435.80637281306,435.80637281306,436.06133815823,2.6310778156301e-06,0.0050523310107819,0.0030643186357298,0.0044899037838706,629.3451648502,-0.00017454418996095,0.00065126518498671,0.00018934464295335,629.34493831639,-0.0028686292600878,-0.00020184493444824,0,1.8004697313741e-14,1.4282024565845e-15,0,0,1.4284389388813e-15,1.4286839184461e-15,1.4282734101954e-15,0,1.4285752901347e-15,1.4287713848525e-15,0,1.428301394821e-15,1.4287245537975e-15,2.2385596939113e-15,0,0,2.2389614309329e-15,2.239317422356e-15,2.2386982542858e-15,0,2.2390862314046e-15,2.239421193529e-15,0,2.2386901011536e-15,2.239315994841e-15
0.5,1733106015.6693,1733106015.6693,1733106015.6693,1155328237.8915,1155328237.8915,1155328237.8915,1,1,1,20140242.656499,2.8110401870825e-06,1.468443059152e-05,2.8098164990532e-06,1.0002587859159,397.15579092305,397.15579092305,397.31302305212,397.31302305212,397.15579092305,396.77273669817,396.77273669817,396.77273669817,397.05756581738,397.05756581738,397.05756581738,397.31302305212,0.0014835064041043,5.8930100096384e-122,1.7155087063062e-113,-0.0014436081416931,-0.0014851734820909,-0.0015452861040439,8.339843073662e-123,-0.0015478487953497,-0.0014876064788881,5.9075613278495e-113,-0.001489066507228,0.0014436213581957,435.98778275756,435.98778275756,436.14501488663,436.14501488663,435.98778275756,435.60472853267,435.60472853267,435.60472853267,435.88955765188,435.88955765188,435.88955765188,436.14501488663,0.00080517713532079,0.005634136968848,0.0034252760614965,0.0049875398194854,665.55887014169,9.9828888212129e-05,0.0025259575142437,4.046906807504e-05,665.55683196922,-0.0010044790548199,9.5456660485694e-05,0,6.8558533685669e-14,4.3391044625103e-15,0,0,4.3392298337949e-15,4.3406862714231e-15,4.3382822058072e-15,0,4.3386546584171e-15,4.3394754277036e-15,0,4.3387206260822e-15,4.3380662415011e-15,8.374980073347e-15,0,0,8.3755591121396e-15,8.3779748174094e-15,8.3739557871402e-15,0,8.3748704917913e-15,8.3763661969722e-15,0,8.3745676539069e-15,8.3742681080448e-15
0.55,1729486789.5628,1729486789.5628,1729486789.5628,1151709011.785,1151709011.785,1151709011.785,1,1,1,22382843.985406,3.1861456048249e-06,1.6155020476293e-05,3.224287561997e-06,1.0006992517076,396.74173011824,396.74173011824,396.9066316042,396.9066316042,396.74173011824,396.34758557679,396.34758557679,396.34758557679,396.64279410166,396.64279410166,396.64279410166,396.9066316042,0.0026794825588365,1.2422888283033e-112,7.9664496841751e-104,-0.0026111887821487,-0.0026826967102047,-0.0027929290436308,3.8984653805777e-112,-0.0027999519805166,-0.0026908062721818,1.8353252421381e-103,-0.0026954589755191,0.0026109531652505,437.27477401791,437.27477401791,437.43967550388,437.43967550388,437.27477401791,436.88062947646,436.88062947646,436.88062947646,437.17583800133,437.17583800133,437.17583800133,437.43967550388,0.012913836799908,0.0062336052896835,0.0038026190878784,0.0054849281528988,673.70816247197,8.9867297512331e-05,0.0059626181302128,0.0016007122172524,673.70326007456,-0.0011723092909506,-0.00020056549622512,0,1.3346979302611e-13,5.5308706774065e-15,0,0,5.5313327186864e-15,5.5349842754584e-15,5.528500676056e-15,0,5.5293974901804e-15,5.5311622242204e-15,0,5.5302166453145e-15,5.527161760053e-15,1.6196812397067e-14,0,0,1.6198044860904e-14,1.6205624647284e-14,1.6192436422807e-14,0,1.6194619414156e-14,1.619861083015e-14,0,1.6195475036572e-14,1.6190855230542e-14
0.6,1722962578.3093,1722962578.3093,1722962578.3093,1145184800.5315,1145184800.5315,1145184800.5315,1,1,1,26645141.447101,3.5704801679686e-06,1.7625562442844e-05,3.650097307916e-06,1.0011754013228,395.99477539888,395.99477539888,396.17281605091,396.17281605091,395.99477539888,395.580092042,395.580092042,395.580092042,395.8936771218,395.8936771218,395.8936771218,396.17281605091,0.0028938574899151,7.225494091384e-110,7.0910213855223e-101,-0.0028195302372351,-0.0028977294860392,-0.0030195362566727,5.9357950991419e-109,-0.0030286427493848,-0.0029076083111769,1.9046885119579e-100,-0.0029141488984588,0.0028184256126605,439.50986069555,439.50986069555,439.68790134758,439.68790134758,439.50986069555,439.09517733866,439.09517733866,439.09517733866,439.40876241847,439.40876241847,439.40876241847,439.68790134758,0.023601288173117,0.0068368522500279,0.0041828119589858,0.0059820689690925,676.76687505136,6.4788157583741e-05,0.0062779450709201,0.0016627094365661,676.76044186363,-0.0013857976717317,-0.00022045878433139,0,2.0468736079084e-13,6.0556747714943e-15,0,0,6.0554612965135e-15,6.0610311117136e-15,6.0512362113483e-15,0,6.0531721488519e-15,6.055604033072e-15,0,6.0553903740645e-15,6.0496734821962e-15,2.4760829788235e-14,0,0,2.4761760352859e-14,2.4777217047435e-14,2.4750176742019e-14,0,2.4755097562442e-14,2.4762528182082e-14,0,2.4759090229038e-14,2.4746385516992e-14
0.65,1715953695.002,1715953695.002,1715953695.002,1138175917.2242,1138175917.2242,1138175917.2242,1,1,1,31496274.063735,3.9574011849202e-06,1.9095843144137e-05,4.075229591482e-06,1.0016491566404,395.19095383643,395.19095383643,395.38330136901,395.38330136901,395.19095383643,394.7535271955,394.7535271955,394.7535271955,395.08713758815,395.08713758815,395.08713758815,395.38330136901,0.0028773272497689,1.1923255142453e-108,1.1889727522563e-99,-0.0027993433702398,-0.002881592756917,-0.0030071440967619,1.2480431696248e-107,-0.0030178354694008,-0.0028913361265247,6.311368312032e-99,-0.0028993999988029,0.0027975543055199,441.84830496161,441.84830496161,442.04065249418,442.04065249418,441.84830496161,441.41087832068,441.41087832068,441.41087832068,441.74448871333,441.74448871333,441.74448871333,442.04065249418,0.025334493876509,0.0074403116641667,0.0045628257429732,0.0064789624976588,680.16318458354,0.00010533307304396,0.0061385948342161,0.0017007414443204,680.15582594308,-0.0013606525159773,-0.00020565302927519,0,2.8367739591868e-13,6.6911260016337e-15,0,0,6.6911761216856e-15,6.6984829185984e-15,6.6851040472307e-15,0,6.6875234935544e-15,6.6912911522529e-15,0,6.691300319736e-15,6.6831334321825e-15,3.4223510927292e-14,0,0,3.4224512372373e-14,3.4250302438241e-14,3.4204341551488e-14,0,3.4212683985715e-14,3.4225442879385e-14,0,3.422201789112e-14,3.4197763455934e-14
0.7,1709027104.1597,1709027104.1597,1709027104.1597,1131249326.3819,1131249326.3819,1131249326.3819,1,1,1,36523900.53765,4.3469044097008e-06,2.0565921828604e-05,4.5004627752795e-06,1.0021215741416,394.39500825612,394.39500825612,394.60232044408,394.60232044408,394.39500825612,393.93410551827,393.93410551827,393.93410551827,394.28831631047,394.28831631047,394.28831631047,394.60232044408,0.0028675533105753,6.9400370080221e-108,5.4882869899061e-99,-0.0027847356681245,-0.0028720992467794,-0.0030019281335832,7.3104196967958e-107,-0.0030143783387363,-0.0028811362717319,7.2110460486838e-98,-0.002891000062157,0.0027825743581255,444.10218391274,444.10218391274,444.3094961007,444.3094961007,444.10218391274,443.64128117489,443.64128117489,443.64128117489,443.99549196709,443.99549196709,443.99549196709,444.3094961007,0.024905378192922,0.0080439240538148,0.0049428019569625,0.0069756089535872,683.74668544427,5.5609871271269e-05,0.0062272342318493,0.0016899486950951,683.73853614007,-0.0013663249974254,-0.00025830161328594,0,3.7176219831999e-13,7.4286900743173e-15,0,0,7.4301456912968e-15,7.4394249348286e-15,7.4215720769406e-15,0,7.4237784725294e-15,7.4300832648874e-15,0,7.4293070040213e-15,7.4188965246145e-15,4.4729265181058e-14,0,0,4.4732325179413e-14,4.4771238077333e-14,4.4700029436827e-14,0,4.4711492185619e-14,4.473316740215e-14,0,4.472864461524e-14,4.4689667538886e-14
0.75,1702166590.957,1702166590.957,1702166590.957,1124388813.1792,1124388813.1792,1124388813.1792,1,1,1,41713238.299121,4.7386273434557e-06,2.2035862805109e-05,4.9271558110165e-06,1.0025945258537,393.60506383088,393.60506383088,393.82816753781,393.82816753781,393.60506383088,393.11986059153,393.11986059153,393.11986059153,393.49542842117,393.49542842117,393.49542842117,393.82816753781,0.0028694492580125,2.6976078860042e-107,1.5415551869658e-98,-0.0027808512843869,-0.0028742227005916,-0.003008812999283,2.75942587771e-106,-0.0030232235892325,-0.0028818975144443,5.3084772985147e-97,-0.0028938532117068,0.0027785205803582,446.27696476781,446.27696476781,446.50006847474,446.50006847474,446.27696476781,445.79176152846,445.79176152846,445.79176152846,446.1673293581,446.1673293581,446.1673293581,446.50006847474,0.024609463457336,0.0086477595682464,0.0053229271045398,0.0074720085441069,687.25079986499,4.7897773162737e-05,0.0066132624437993,0.0018178626016745,687.24207483091,-0.0014103660618729,-0.00012341778151789,0,4.6966444101339e-13,8.2235209705976e-15,0,0,8.2274873362397e-15,8.2389867470023e-15,8.2158412024894e-15,0,8.2170086293705e-15,8.2271537483175e-15,0,8.2244850295971e-15,8.2120985970904e-15,5.6359080068137e-14,0,0,5.6367749354576e-14,5.6422924875155e-14,5.6318983491691e-14,0,5.6332097231412e-14,5.636811981275e-14,0,5.6359822887631e-14,5.6303328750437e-14
0.8,1695344561.1083,1695344561.1083,1695344561.1083,1117566783.3306,1117566783.3306,1117566783.3306,1,1,1,47068971.52386,5.1323942388515e-06,2.3505718445935e-05,5.3556057369733e-06,1.0030682785157,392.81791747168,392.81791747168,393.05777799172,393.05777799172,392.81791747168,392.30750328042,392.30750328042,392.30750328042,392.70536916499,392.70536916499,392.70536916499,393.05777799172,0.0028729521272349,8.5029911642755e-107,3.469806854634e-98,-0.0027782366403472,-0.0028780059154333,-0.0030177538874293,8.3963256290604e-106,-0.0030340238561281,-0.0028842891283161,3.1955556741361e-96,-0.0028982696711742,0.0027757415607225,448.3815314969,448.3815314969,448.62139201695,448.62139201695,448.3815314969,447.87111730565,447.87111730565,447.87111730565,448.26898319022,448.26898319022,448.26898319022,448.62139201695,0.024494765987173,0.009251771634674,0.005703246867342,0.0079681614800125,690.63775624194,1.9772665155879e-05,0.006282241386778,0.0017652633900653,690.62834730568,-0.0014154007896065,-0.00028423720654155,0,5.7799761864583e-13,9.0679268345469e-15,0,0,9.0749463817036e-15,9.0890796648133e-15,9.059598737014e-15,0,9.0598084129819e-15,9.0742568826183e-15,0,9.0696915053563e-15,9.0547281553681e-15,6.918306518016e-14,0,0,6.920166160539e-14,6.9276824606624e-14,6.9131190895235e-14,0,6.9144601161553e-14,6.9201056964606e-14,0,6.9186303621046e-14,6.910864811136e-14
0.85,1688557136.3275,1688557136.3275,1688557136.3275,1110779358.5498,1110779358.5498,1110779358.5498,1,1,1,52578368.631589,5.5277089887137e-06,2.4975513402474e-05,5.7863415145784e-06,1.0035427975046,392.0331322108,392.0331322108,392.29076653156,392.29076653156,392.0331322108,391.4965414146,391.4965414146,391.4965414146,391.91770669318,391.91770669318,391.91770669318,392.29076653156,0.0028765121365388,2.2576762688871e-106,7.0115482110338e-98,-0.0027750445275011,-0.0028818019256973,-0.0030266677512672,2.3499513488822e-105,-0.0030449937611156,-0.0028860913499875,1.6612878104885e-95,-0.0029023649733378,0.0027725258287142,450.41749928557,450.41749928557,450.67513360634,450.67513360634,450.41749928557,449.88090848937,449.88090848937,449.88090848937,450.30207376795,450.30207376795,450.30207376795,450.67513360634,0.024446695426614,0.0098559044347024,0.0060837838402713,0.0084640679657119,693.91252709233,-1.2244608847764e-05,0.0064423339918318,0.001860349802312,693.90254154505,-0.0015372224709537,-0.00027993552875611,0,6.9738200785275e-13,9.9619088214705e-15,0,0,9.9732794187203e-15,9.9904404920452e-15,9.9535327029542e-15,0,9.9517964416269e-15,9.9721911694218e-15,0,9.9644015224992e-15,9.9470422237707e-15,8.3271331742608e-14,0,0,8.3306008620681e-14,8.3405441044556e-14,8.3207611837277e-14,0,8.3218566659278e-14,8.3303864962979e-14,0,8.3278095395095e-14,8.3175890129714e-14
0.9,1681804834.8224,1681804834.8224,1681804834.8224,1104027057.0446,1104027057.0446,1104027057.0446,1,1,1,58223608.667393,5.9244574214682e-06,2.6445273132478e-05,6.219640181094e-06,1.0040180629676,391.25073518188,391.25073518188,391.52724368327,391.52724368327,391.25073518188,390.68700891543,390.68700891543,390.68700891543,391.13255489721,391.13255489721,391.13255489721,391.52724368327,0.0028800292086103,4.4829297033793e-106,1.343909032869e-97,-0.0027714209495054,-0.0028855574374568,-0.0030356893665262,6.3431982419979e-105,-0.0030561584038818,-0.0028876504958372,8.0523240943613e-95,-0.0029063219465425,0.0027689168860443,452.38534653779,452.38534653779,452.66185503918,452.66185503918,452.38534653779,451.82162027134,451.82162027134,451.82162027134,452.26716625313,452.26716625313,452.26716625313,452.66185503918,0.024426605015804,0.010460117754395,0.0064645602797621,0.0089597282071712,697.07804277905,8.7363129492052e-06,0.0066029211515568,0.0018098248758683,697.06753697027,-0.0016806229298141,-0.00024086036678522,0,8.2843683053716e-13,1.0905172632254e-14,0,0,1.0921868045508e-14,1.0942623305879e-14,1.0896993152593e-14,0,1.0892669312697e-14,1.0920420630939e-14,0,1.0908607776531e-14,1.0888450802238e-14,9.8693574779161e-14,0,0,9.8751862537087e-14,9.8880647331669e-14,9.861828734276e-14,0,9.8623127331739e-14,9.8747671926072e-14,0,9.8705196459274e-14,9.8574484927472e-14
0.95,1675087953.3916,1675087953.3916,1675087953.3916,1097310175.6138,1097310175.6138,1097310175.6138,1,1,1,63987339.769895,6.3227730634976e-06,2.7915008510306e-05,6.6554465393973e-06,1.0044940682122,390.47075946053,390.47075946053,390.76729327146,390.76729327146,390.47075946053,389.87891678471,389.87891678471,389.87891678471,390.34997041732,390.34997041732,390.34997041732,390.76729327146,0.0028835174456913,-8.5628748468756e-107,2.4713106770976e-97,-0.002767457811206,-0.002889321249794,-0.0030450522433479,1.6314994180926e-104,-0.0030677193480642,-0.0028891642367387,3.5214330156535e-94,-0.002910120790063,0.0027647921209124,454.28585314398,454.28585314398,454.58238695491,454.58238695491,454.28585314398,453.69401046815,453.69401046815,453.69401046815,454.16506410077,454.16506410077,454.16506410077,454.58238695491,0.024426328003722,0.011064383277578,0.0068456020456018,0.0094551424070432,700.13538219865,-3.9762573204806e-05,0.0062102305289822,0.0018696270342831,700.12426298218,-0.0014087678764713,-0.00032374644686361,0,9.7175600204336e-13,1.1896747915971e-14,0,0,1.1919376885518e-14,1.1943887366662e-14,1.1888834782692e-14,0,1.1881312762813e-14,1.1917103852494e-14,0,1.1901396146052e-14,1.1877480805837e-14,1.1551811703006e-13,0,0,1.1560840698362e-13,1.1577185483306e-13,1.1543163873326e-13,0,1.1542584097971e-13,1.1560100181848e-13,0,1.155363123002e-13,1.1537177936991e-13
1,1668406600.211,1668406600.211,1668406600.211,1090628822.4332,1090628822.4332,1090628822.4332,1,1,1,69851618.019513,6.7224809875315e-06,2.9384840935286e-05,7.0941042969573e-06,1.0049708057667,389.69322559541,389.69322559541,390.01099369396,390.01099369396,389.69322559541,389.07223048264,389.07223048264,389.07223048264,389.56998641606,389.56998641606,389.56998641606,390.01099369396,0.0028871333956673,-9.0108161159333e-105,4.4781000752303e-97,-0.0027630530562209,-0.0028932232340905,-0.0030545631570224,4.0895080849154e-104,-0.0030795611591735,-0.0028904011368555,1.4739640351911e-93,-0.0029138846571559,0.0027603484469073,456.12001394442,456.12001394442,456.43778204296,456.43778204296,456.12001394442,455.49901883164,455.49901883164,455.49901883164,455.99677476507,455.99677476507,455.99677476507,456.43778204296,0.024435276828868,0.011668679652509,0.0072269312397479,0.0099503107665259,703.08564900155,-5.705338134764e-05,0.0061604102502131,0.0019029864214928,703.07396738667,-0.0013950847083941,-0.00033385993602386,0,1.1279262717984e-12,1.2934213546439e-14,0,0,1.2964305563497e-14,1.299332304148e-14,1.2927117760334e-14,0,1.2915445984283e-14,1.2961346010756e-14,0,1.2940287222061e-14,1.2912435917971e-14,1.3380985724606e-13,0,0,1.3394270373827e-13,1.3414718849861e-13,1.3371334399231e-13,0,1.3369103985478e-13,1.339311131335e-13,0,1.3383664199064e-13,1.3363272136838e-13
1.05,1661760899.7153,1661760899.7153,1661760899.7153,1083983121.9376,1083983121.9376,1083983121.9376,1,1,1,75800538.868571,7.1235483443504e-06,3.085468233883e-05,7.5358063659478e-06,1.005448266775,388.91812962665,388.91812962665,389.25841478895,389.25841478895,388.91812962665,388.26694548453,388.26694548453,388.26694548453,388.79264642681,388.79264642681,388.79264642681,389.25841478895,0.0028908608646567,-8.1051154627813e-104,8.0173941098336e-97,-0.0027581907257052,-0.0028972366863106,-0.0030642801951517,9.9898336465624e-104,-0.0030917192990372,-0.0028913890468455,5.8725444845352e-93,-0.0029175562839225,0.0027555157047892,457.88890515016,457.88890515016,458.22919031247,458.22919031247,457.88890515016,457.23772100805,457.23772100805,457.23772100805,457.76342195033,457.76342195033,457.76342195033,458.22919031247,0.024455314854825,0.012272991974162,0.0076085701531738,0.010445233482681,705.93021767942,-0.00012168930478723,0.0063358720029357,0.001982372587233,705.91788673082,-0.0015068290224349,-0.00045966508750379,0,1.2975071101494e-12,1.4015444390002e-14,0,0,1.4054692417107e-14,1.40889020554e-14,1.4009742422912e-14,0,1.3992963030372e-14,1.4050923132156e-14,0,1.4023306229927e-14,1.3991030759981e-14,1.5363068878509e-13,0,0,1.5381904036952e-13,1.5407190486431e-13,1.5352611173215e-13,0,1.5348007795011e-13,1.5380211919086e-13,0,1.5366859185031e-13,1.5341902682072e-13
1.1,1655150999.5851,1655150999.5851,1655150999.5851,1077373221.8073,1077373221.8073,1077373221.8073,1,1,1,81818812.866875,7.5261161486398e-06,3.2324537799804e-05,7.9805901975078e-06,1.0059264404557,388.14547329197,388.14547329197,388.50963427958,388.50963427958,388.14547329197,387.46305111518,387.46305111518,387.46305111518,388.01799749005,388.01799749005,388.01799749005,388.50963427958,0.0028945076774192,-5.7838919135903e-103,1.391799099476e-96,-0.0027529650309079,-0.0029012520240699,-0.0030742515101576,2.296129712745e-103,-0.0031042335527476,-0.0028922909481265,2.2764290059444e-92,-0.0029211434647054,0.0027501517239559,459.59368501577,459.59368501577,459.95784600337,459.95784600337,459.59368501577,458.91126283898,458.91126283898,458.91126283898,459.46620921385,459.46620921385,459.46620921385,459.95784600337,0.024502426353391,0.012877308866573,0.0079905416231979,0.010939910752521,708.67063219687,-9.6820700822949e-05,0.0060889111093001,0.0019816087679496,708.65780045543,-0.0013697037340963,-0.00035849274605808,0,1.4810200567882e-12,1.5138669800415e-14,0,0,1.5187655093913e-14,1.5227592197132e-14,1.5134422189943e-14,0,1.511146381599e-14,1.5183079140977e-14,0,1.514856114025e-14,1.5110750794695e-14,1.7504000093313e-13,0,0,1.7529762818398e-13,1.7560697227178e-13,1.7492941685185e-13,0,1.74850915026e-13,1.7527423563061e-13,0,1.7509189246529e-13,1.7478885553222e-13
1.15,1648577075.2149,1648577075.2149,1648577075.2149,1070799297.4371,1070799297.4371,1070799297.4371,1,1,1,87891591.72057,7.9301351388487e-06,3.3794413239468e-05,8.4286711302662e-06,1.006405315891,387.37528706492,387.37528706492,387.76473451243,387.76473451243,387.37528706492,386.66053089283,386.66053089283,386.66053089283,387.24607261447,387.24607261447,387.24607261447,387.76473451243,0.0028982784339152,-3.7506936414825e-102,2.2168087247929e-96,-0.0027472354092349,-0.0029054110880654,-0.0030844331972732,4.7943812353525e-103,-0.0031170782649878,-0.0028929120854968,8.5431036749244e-92,-0.0029246153555856,0.0027443421352176,461.23559445292,461.23559445292,461.62504190043,461.62504190043,461.23559445292,460.52083828083,460.52083828083,460.52083828083,461.10638000247,461.10638000247,461.10638000247,461.62504190043,0.024562839163267,0.013481623629267,0.0083728696859008,0.011434342767506,711.30856522993,-7.1413865611584e-05,0.006062538593219,0.0020834490961093,711.29519469415,-0.0013719226192033,-0.00030923105558033,0,1.6789604977592e-12,1.6300384633358e-14,0,0,1.6361020701631e-14,1.640746364334e-14,1.6298268550869e-14,0,1.6267941445653e-14,1.6355507331254e-14,0,1.6312753841575e-14,1.6268743217402e-14,1.9809222595352e-13,0,0,1.9843560555449e-13,1.9881062988033e-13,1.9797864927969e-13,0,1.9785725845033e-13,1.9840441591796e-13,0,1.981616101877e-13,1.9779633283304e-13
1.2,1642039310.1127,1642039310.1127,1642039310.1127,1064261532.3349,1064261532.3349,1064261532.3349,1,1,1,94005087.151367,8.3357019238726e-06,3.5264314376926e-05,8.8801315785059e-06,1.0068848813596,386.60757170497,386.60757170497,387.0238021831,387.0238021831,386.60757170497,385.85937681861,385.85937681861,385.85937681861,386.47692523429,386.47692523429,386.47692523429,387.0238021831,0.0029020641169556,-2.3027491956081e-101,2.236223575359e-96,-0.0027410691134369,-0.0029096031203686,-0.0030948245868924,8.5019793474993e-103,-0.0031302346840633,-0.0028933694465836,3.1342461118058e-91,-0.0029280184650322,0.0027380593634304,462.8158891135,462.8158891135,463.23211959163,463.23211959163,462.8158891135,462.06769422714,462.06769422714,462.06769422714,462.68524264283,462.68524264283,462.68524264283,463.23211959163,0.024650641026391,0.01408593226537,0.0087555755135975,0.011928529718323,713.84577178115,-0.00013442307748658,0.0060132111195581,0.0020648228966177,713.83174233429,-0.0013418720854423,-0.00038073310953885,0,1.8917867401153e-12,1.7497831790132e-14,0,0,1.7571563187228e-14,1.7625417272113e-14,1.7498201866624e-14,0,1.7459226723978e-14,1.7565080410179e-14,0,1.7513207246288e-14,1.746169451802e-14,2.2283789698325e-13,0,0,2.2328554852597e-13,2.2373673402904e-13,2.2272484367661e-13,0,2.2254833367193e-13,2.2324519085821e-13,0,2.2292902539605e-13,2.2249089804244e-13
1.25,1635537901.5448,1635537901.5448,1635537901.5448,1057760123.767,1057760123.767,1057760123.767,1,1,1,100146843.4597,8.7428329546308e-06,3.6734244990726e-05,9.3351441519853e-06,1.0073651242362,385.84234883413,385.84234883413,386.28692021533,386.28692021533,385.84234883413,385.05958430857,385.05958430857,385.05958430857,385.7105950582,385.7105950582,385.7105950582,386.28692021533,0.0029059133929404,-1.3617655373048e-100,-6.5474185609599e-96,-0.0027344074516255,-0.0029139144852778,-0.0031054549692705,7.0696985208466e-103,-0.0031437488704942,-0.0028935837146891,1.1304421931133e-90,-0.0029312921217781,0.0027312510140495,464.33587491796,464.33587491796,464.78044629916,464.78044629916,464.33587491796,463.5531103924,463.5531103924,463.5531103924,464.20412114203,464.20412114203,464.20412114203,464.78044629916,0.024769554244378,0.014690232735599,0.0091386823479241,0.01242247178999,716.28406697381,-0.00015270494720601,0.0059750445255302,0.0021081668411349,716.2694132692,-0.0013276204786633,-0.00039155605297099,0,2.1199111084062e-12,1.8727584879245e-14,0,0,1.8816066566961e-14,1.8878187688751e-14,1.8730965854956e-14,0,1.8681908333195e-14,1.8808539893654e-14,0,1.8746489597615e-14,1.8686293930941e-14,2.4932270150997e-13,0,0,2.4989548505548e-13,2.504345230915e-13,2.4921442962503e-13,0,2.4896854180774e-13,2.4984448306425e-13,0,2.4944056523189e-13,2.4891730835006e-13
1.3,1629073063.9591,1629073063.9591,1629073063.9591,1051295286.1813,1051295286.1813,1051295286.1813,1,1,1,106304670.80153,9.1515456694301e-06,3.8204208362853e-05,9.7938876828281e-06,1.0078460317043,385.07962972774,385.07962972774,385.55418117303,385.55418117303,385.07962972774,384.26114460986,384.26114460986,384.26114460986,384.94713482634,384.94713482634,384.94713482634,385.55418117303,0.0029098394110383,-7.7985771578199e-100,-7.4494575234504e-95,-0.0027272333809733,-0.0029183682598134,-0.0031163212002863,-3.2011470281482e-102,-0.0031576311020341,-0.0028935314681098,4.0303679730202e-90,-0.002934437984035,0.0027239066480134,465.79686537406,465.79686537406,466.27141681935,466.27141681935,465.79686537406,464.97838025618,464.97838025618,464.97838025618,465.66437047266,465.66437047266,465.66437047266,466.27141681935,0.024899167380036,0.015294525420243,0.0095222143565337,0.012916169163701,718.62532698994,-0.00012956420925497,0.0060014443110031,0.0022257287053077,718.61009635657,-0.001368710273811,-0.00030761897592549,0,2.3637038071477e-12,1.9986026499367e-14,0,0,2.0091027825742e-14,2.0162377561071e-14,1.9993022993663e-14,0,1.9932243224949e-14,2.0082486315079e-14,0,2.000899256965e-14,1.9938907482889e-14,2.7758721124332e-13,0,0,2.7830848908866e-13,2.7894843088805e-13,2.7748883389551e-13,0,2.7715699050498e-13,2.7824540757721e-13,0,2.7773755389331e-13,2.7711518173127e-13
1.35,1622645019.0605,1622645019.0605,1622645019.0605,1044867241.2827,1044867241.2827,1044867241.2827,1,1,1,112467305.60903,9.5619729432542e-06,3.9674208664854e-05,1.0256419394449e-05,1.008327591156,384.319423787,384.319423787,384.82567940324,384.82567940324,384.319423787,383.46405036513,383.46405036513,383.46405036513,384.18659951385,384.18659951385,384.18659951385,384.82567940324,0.002913784348137,-4.3618868860761e-99,-4.9939842607478e-94,-0.0027196007157179,-0.0029228611148338,-0.0031274318314162,-2.6577581429348e-101,-0.0031718396715836,-0.0028933358547603,1.4229630009421e-89,-0.0029374834375064,0.0027160298012804,467.20018512236,467.20018512236,467.70644073861,467.70644073861,467.20018512236,466.34481170049,466.34481170049,466.34481170049,467.06736084921,467.06736084921,467.06736084921,467.70644073861,0.025040232397805,0.015898813074094,0.0099061949310885,0.013409622018642,720.87145482826,-0.00019357613435092,0.0059137013940906,0.0022052449912133,720.85548349865,-0.0013007525369285,-0.0004153697831247,0,2.6234868059157e-12,2.1269621098147e-14,0,0,2.13926550457e-14,2.1474339346459e-14,2.1280455138095e-14,0,2.1206426773408e-14,2.1382917112419e-14,0,2.1297530524536e-14,2.1215283082147e-14,3.0766699786686e-13,0,0,3.0856227198946e-13,3.0931773283481e-13,3.0758394216528e-13,0,3.0714740685741e-13,3.0848541896069e-13,0,3.0785681040616e-13,3.0711812279562e-13
1.4,1616253989.1893,1616253989.1893,1616253989.1893,1038476211.4116,1038476211.4116,1038476211.4116,1,1,1,118624507.13388,9.9741302959012e-06,4.1144247540658e-05,1.0722945548746e-05,1.0088097890965,383.56175541844,383.56175541844,384.10150340083,384.10150340083,383.56175541844,382.66829849666,382.66829849666,382.66829849666,383.42903127793,383.42903127793,383.42903127793,384.10150340083,0.0029178055933058,-2.3834299475524e-98,-3.0098633703615e-93,-0.0027114495746253,-0.0029275000197617,-0.0031387894214639,-1.30042959776e-100,-0.0031864407406759,-0.0028928691788384,5.0261597264061e-89,-0.0029403849525655,0.0027075790176149,468.54718232236,468.54718232236,469.08693030475,469.08693030475,468.54718232236,467.65372540057,467.65372540057,467.65372540057,468.41445818184,468.41445818184,468.41445818184,469.08693030475,0.025187469011887,0.016503099027952,0.010290647675331,0.013902830528047,723.02435767444,-0.00021711154366443,0.0058620502596404,0.002238987897148,723.00770245691,-0.0012170880503581,-0.00039629326618721,0,2.8995322900389e-12,2.2574328493777e-14,0,0,2.2717059802501e-14,2.2810168619814e-14,2.2589535170479e-14,0,2.2500216861349e-14,2.270617227591e-14,0,2.2607810214732e-14,2.2511605728609e-14,3.3959191938423e-13,0,0,3.4068904605939e-13,3.4157618265697e-13,3.3953036917107e-13,0,3.3896751869906e-13,3.4059679574286e-13,0,3.3982908222739e-13,3.3895434092782e-13
1.45,1609900214.6458,1609900214.6458,1609900214.6458,1032122436.868,1032122436.868,1032122436.868,1,1,1,124766576.25713,1.0388034757827e-05,4.2614330842456e-05,1.1193608019398e-05,1.0092926123773,382.80663642725,382.80663642725,383.38175028434,383.38175028434,382.80663642725,381.87388276775,381.87388276775,381.87388276775,382.67448794481,382.67448794481,382.67448794481,383.38175028434,0.0029219353880256,-1.275318710101e-97,-1.7678061786847e-92,-0.0027027241002687,-0.0029323346763711,-0.0031503967237916,-5.3049129183083e-100,-0.0032013762252237,-0.002892134962281,1.7759523214558e-88,-0.0029431726238351,0.0026985705167088,469.83918947867,469.83918947867,470.41430333576,470.41430333576,469.83918947867,468.90643581918,468.90643581918,468.90643581918,469.70704099624,469.70704099624,469.70704099624,470.41430333576,0.025346425710627,0.017107388785618,0.010675598660495,0.014395794860968,725.0859597653,-0.00017623552218852,0.0059086293729068,0.0023081655377268,725.06863350228,-0.0013657914991443,-0.00035751844507066,0,3.1920644741043e-12,2.3895629290467e-14,0,0,2.4060219510293e-14,2.4166283930506e-14,2.3915757383902e-14,0,2.380955295721e-14,2.4048444506393e-14,0,2.3935722625264e-14,2.3823743730329e-14,3.7338544240824e-13,0,0,3.7471533480452e-13,3.7575246914365e-13,3.7335235761781e-13,0,3.7263931140519e-13,3.7460643211778e-13,0,3.7367930578924e-13,3.7264620241775e-13
1.5,1603583937.2304,1603583937.2304,1603583937.2304,1025806159.4527,1025806159.4527,1025806159.4527,1,1,1,130884758.37321,1.080371791455e-05,4.4084458886884e-05,1.1668564168509e-05,1.0097760485236,382.05407285842,382.05407285842,382.66651974918,382.66651974918,382.05407285842,381.08080360121,381.08080360121,381.08080360121,381.92302460046,381.92302460046,381.92302460046,382.66651974918,0.0029261702431021,-6.6089256962432e-97,-1.0272583834587e-91,-0.0026935291495254,-0.0029372840477911,-0.0031622818652471,-2.1235736313571e-99,-0.0032167499418372,-0.0028911418782634,6.3547097226759e-88,-0.0029457422985713,0.002688983936605,471.07753149569,471.07753149569,471.68997838645,471.68997838645,471.07753149569,470.10426223848,470.10426223848,470.10426223848,470.94648323773,470.94648323773,470.94648323773,471.68997838645,0.025516592579596,0.017711690051254,0.011061076779148,0.014888515176951,727.0581684869,-0.00045209656174626,0.0060140289926205,0.0024096009990347,727.03983390937,-0.0011951693104769,-0.0006092583767908,0,3.5017547710848e-12,2.5230107552308e-14,0,0,2.5418175894508e-14,2.5538120824996e-14,2.5255634726205e-14,0,2.5129699145416e-14,2.5404948652281e-14,0,2.5277486420469e-14,2.5146763522784e-14,4.0906620268885e-13,0,0,4.1066206388532e-13,4.1186882597188e-13,4.0906921877395e-13,0,4.0817807275499e-13,4.1053445505323e-13,0,4.0942706990777e-13,4.0820909644146e-13
1.55,1597305396.1829,1597305396.1829,1597305396.1829,1019527618.4051,1019527618.4051,1019527618.4051,1,1,1,137072590.23383,1.122137161113e-05,4.5554634940666e-05,1.2147913379053e-05,1.0102600827579,381.30407911141,381.30407911141,381.95590322231,381.95590322231,381.30407911141,380.28905197351,380.28905197351,380.28905197351,381.17470458039,381.17470458039,381.17470458039,381.95590322231,0.002930390274374,-3.4492915670131e-96,-6.0215021713452e-91,-0.0026837620188454,-0.002942365274284,-0.0031744455643652,-7.6367831642643e-99,-0.003232423953552,-0.0028900226788949,2.3377827938136e-87,-0.0029482652641887,0.0026787496946774,472.26353737123,472.26353737123,472.91536148212,472.91536148212,472.26353737123,471.24851023332,471.24851023332,471.24851023332,472.1341628402,472.1341628402,472.1341628402,472.91536148212,0.025703832502742,0.018316008656654,0.011447104254683,0.015380991644403,728.94292733601,-0.00028819236036398,0.0057765638651676,0.0023963585407699,728.92396037603,-0.0012488580002614,-0.00047431426197436,0,3.8317716537349e-12,2.6573155298839e-14,0,0,2.6785792151397e-14,2.6921570695824e-14,2.6603821505145e-14,0,2.6457170946439e-14,2.6771869427401e-14,0,2.6629502830277e-14,2.6476957851765e-14,4.4664631930751e-13,0,0,4.4854289442474e-13,4.499416763703e-13,4.4669270395748e-13,0,4.4559416272947e-13,4.4839559588754e-13,0,4.470868739696e-13,4.4565316932581e-13
1.6,1591064861.5471,1591064861.5471,1591064861.5471,1013287083.7693,1013287083.7693,1013287083.7693,1,1,1,143356125.85685,1.164091755616e-05,4.7024861345704e-05,1.2631894212046e-05,1.0107447030317,380.55668044306,380.55668044306,381.25000703695,381.25000703695,380.55668044306,379.49863314201,379.49863314201,379.49863314201,380.42956670986,380.42956670986,380.42956670986,381.25000703695,0.0029348047123763,-1.7515831139372e-95,-3.5712826684001e-90,-0.0026734398223427,-0.0029476939548802,-0.0031868634530503,-2.7184689909957e-98,-0.0032485260782461,-0.0028885486844108,8.8912669775041e-87,-0.0029505864619509,0.002667942791691,473.39852838079,473.39852838079,474.09185497469,474.09185497469,473.39852838079,472.34048107974,472.34048107974,472.34048107974,473.2714146476,473.2714146476,473.2714146476,474.09185497469,0.025889703139163,0.018920355152736,0.011833709375033,0.015873224410856,730.74212373599,-0.0002865554853541,0.0058492289390274,0.0024921789903775,730.72235625762,-0.0013053212194294,-0.00043357957047037,0,4.1796922207254e-12,2.792034562039e-14,0,0,2.8159760544179e-14,2.8312892661894e-14,2.7956883810924e-14,0,2.7786493899682e-14,2.8145110772177e-14,0,2.7986527337448e-14,2.7809420312613e-14,4.8613165075001e-13,0,0,4.8836680969949e-13,4.8998215316277e-13,4.8622970820458e-13,0,4.848901992532e-13,4.8819879325605e-13,0,4.8666580049394e-13,4.8498162869364e-13
1.65,1584862580.5891,1584862580.5891,1584862580.5891,1007084802.8113,1007084802.8113,1007084802.8113,1,1,1,149625425.84323,1.206242053898e-05,4.8495144373581e-05,1.3120656737411e-05,1.0112298966717,379.81187510489,379.81187510489,380.54892784718,380.54892784718,379.81187510489,378.7095455043,378.7095455043,378.7095455043,379.68768178402,379.68768178402,379.68768178402,380.54892784718,0.002939350671387,-8.72942800956e-95,-2.1475622299699e-89,-0.0026625842908021,-0.0029531833391819,-0.0031995649966519,-9.6725490029054e-98,-0.0032650046841068,-0.0028868237846136,3.5750738287059e-86,-0.002952731045409,0.0026565576405413,474.48379534601,474.48379534601,475.2208480883,475.2208480883,474.48379534601,473.38146574542,473.38146574542,473.38146574542,474.35960202514,474.35960202514,474.35960202514,475.2208480883,0.026093727562992,0.01952474005068,0.012220921259822,0.016365213625098,732.45759726665,-0.00042159353363916,0.0060364830222276,0.0025723416360793,732.43681528733,-0.0012980719157801,-0.00059364368392978,0,4.5456572602177e-12,2.9267532527103e-14,0,0,2.953556295112e-14,2.9707770355824e-14,2.9310216680375e-14,0,2.9113419459777e-14,2.9520081467096e-14,0,2.9344967756547e-14,2.9139443700431e-14,5.2752219218704e-13,0,0,5.3013640339729e-13,5.3199528490784e-13,5.2768061415006e-13,0,5.2606279190027e-13,5.2994649282917e-13,0,5.2816585188265e-13,5.261910251748e-13
1.7,1578697265.041,1578697265.041,1578697265.041,1000919487.2632,1000919487.2632,1000919487.2632,1,1,1,155876292.75237,1.2485975413135e-05,4.9965477772427e-05,1.3614319574379e-05,1.0117156475212,379.06942686989,379.06942686989,379.85255882698,379.85255882698,379.06942686989,377.92165811659,377.92165811659,377.92165811659,378.94894603958,378.94894603958,378.94894603958,379.85255882698,0.0029439413898654,-4.3157562106709e-94,-1.3217497717896e-88,-0.0026511507462526,-0.0029588873802561,-0.0032125323319717,-2.7788015788463e-97,-0.0032818648356012,-0.0028848793056669,2.018584269363e-85,-0.0029547102140112,0.0026444773704885,475.52081318859,475.52081318859,476.30394514568,476.30394514568,475.52081318859,474.37304443529,474.37304443529,474.37304443529,475.40033235827,475.40033235827,475.40033235827,476.30394514568,0.026315450480527,0.020129173076815,0.012608764875321,0.016856959427207,734.09156811505,-0.0004112791192867,0.005919387949151,0.0026120720940372,734.06991366774,-0.0012822400021122,-0.00051209067284235,0,4.9297688024952e-12,3.0611441634063e-14,0,0,3.0908249201271e-14,3.1101447750744e-14,3.0659567184789e-14,0,3.0434538275629e-14,3.089265206726e-14,0,3.0701990055276e-14,3.0463312642747e-14,5.7081330810972e-13,0,0,5.7384726860694e-13,5.7597937412638e-13,5.7103978987928e-13,0,5.6910372869423e-13,5.7363530036036e-13,0,5.7158502261067e-13,5.6927265506898e-13
1.75,1572547981.6678,1572547981.6678,1572547981.6678,994770203.88998,994770203.88998,994770203.88998,1,1,1,162102746.64401,1.291204187627e-05,5.1435868546053e-05,1.4112404045271e-05,1.0122019143427,378.32576175926,378.32576175926,379.15817058164,379.15817058164,378.32576175926,377.13320396425,377.13320396425,377.13320396425,378.21132237587,378.21132237587,378.21132237587,379.15817058164,0.0029484929520144,-2.144705652815e-93,-8.9488216368542e-88,-0.0026389844949833,-0.0029644590119354,-0.0032253187331647,-6.3636122895966e-97,-0.0032987913526632,-0.0028826557396741,1.5058792274376e-84,-0.0029567217692057,0.0026317023190799,476.51311365189,476.51311365189,477.34552247427,477.34552247427,476.51311365189,475.32055585688,475.32055585688,475.32055585688,476.39867426849,476.39867426849,476.39867426849,477.34552247427,0.026546224964344,0.020733664285586,0.012997266288114,0.017348461998731,735.65004280955,-0.00061993580321542,0.0054310559318812,0.0021979489998417,735.62717713314,-0.0010348846518915,-0.0007208325512447,0,5.3317507587903e-12,3.1954059916244e-14,0,0,3.227642125879e-14,3.2492782451714e-14,3.2003781338118e-14,0,3.1751327428738e-14,3.2261059475037e-14,0,3.2063363959344e-14,3.1778841980865e-14,6.1600317301616e-13,0,0,6.1949302129598e-13,6.2193110774883e-13,6.1629997149487e-13,0,6.140068865673e-13,6.1925932820649e-13,0,6.1692946677728e-13,6.1421472439483e-13
1.8,1566380112.4204,1566380112.4204,1566380112.4204,988602334.64262,988602334.64262,988602334.64262,1,1,1,170765946.64797,1.3341040798952e-05,5.2906309962293e-05,1.4614655780471e-05,1.0126886419854,377.5744497894,377.5744497894,378.46140247083,378.46140247083,377.5744497894,376.34110551441,376.34110551441,376.34110551441,377.4717735463,377.4717735463,377.4717735463,378.46140247083,0.0029537072849512,-1.0671896062065e-92,-6.5304708545035e-87,-0.0026253395894544,-0.0029706720070615,-0.0032376004761051,-3.5457135283677e-97,-0.0033159464237736,-0.0028794152737746,1.342132028855e-83,-0.0029584407952173,0.0026180677257451,477.46462294092,477.46462294092,478.35157562234,478.35157562234,477.46462294092,476.23127866592,476.23127866592,476.23127866592,477.36194669782,477.36194669782,477.36194669782,478.35157562234,0.026773393242927,0.021338224108398,0.013386458357883,0.017839721548838,737.14072099673,-0.00054593028534299,0.0056108747858317,0.0026558667589248,737.11679220353,-0.0011390179798354,-0.00069284231383603,0,5.7514249532872e-12,3.3296801182415e-14,0,0,3.3643352196582e-14,3.3883596616118e-14,3.3344744459282e-14,0,3.3067812755935e-14,3.3626179636184e-14,0,3.34345983598e-14,3.3087715174899e-14,6.6309196083197e-13,0,0,6.6707190625609e-13,6.6984974962533e-13,6.6345656134305e-13,0,6.6077183584476e-13,6.6681392749877e-13,0,6.642131292302e-13,6.6100781994311e-13
1.85,1560125882.5519,1560125882.5519,1560125882.5519,982348104.77411,982348104.77411,982348104.77411,1,1,1,181499494.63311,1.3774798455237e-05,5.4376794819303e-05,1.5119476283307e-05,1.0131757481551,376.80382541242,376.80382541242,377.75419832921,377.75419832921,376.80382541242,375.53776794809,375.53776794809,375.53776794809,376.72432747781,376.72432747781,376.72432747781,377.75419832921,0.0029590331657464,-5.6645344981144e-92,-9.8217819812112e-86,-0.0026100869727278,-0.0029772377896358,-0.0032488882446749,-6.3705831891597e-96,-0.0033327066589709,-0.0028759069650458,1.340471622117e-82,-0.0029602168673108,0.0026032652099687,478.38204268585,478.38204268585,479.33241560263,479.33241560263,478.38204268585,477.11598522152,477.11598522152,477.11598522152,478.30254475124,478.30254475124,478.30254475124,479.33241560263,0.027000197239685,0.021942867811841,0.013776384697708,0.018330738378512,738.57545660714,-0.00076084962713391,0.0044378257347575,0.001614162510456,738.54999338823,-0.0010392443449133,-0.00095146636064582,0,6.1949612705229e-12,3.4654010164806e-14,0,0,3.5012660195289e-14,3.5281855595593e-14,3.468703392865e-14,0,3.4390123953912e-14,3.4994225204006e-14,0,3.4832666916975e-14,3.4393468050234e-14,7.1210013199765e-13,0,0,7.1658728515902e-13,7.197458283143e-13,7.1251143516344e-13,0,7.0940681555207e-13,7.1630323538701e-13,0,7.1347395919782e-13,7.096475289168e-13
1.9,1553732653.0565,1553732653.0565,1553732653.0565,975954875.27869,975954875.27869,975954875.27869,1,1,1,191842057.76474,1.4213968774395e-05,5.584734563377e-05,1.5628411656688e-05,1.0136631680638,376.01329598093,376.01329598093,377.03177514577,377.03177514577,376.01329598093,374.71031211161,374.71031211161,374.71031211161,375.96128827813,375.96128827813,375.96128827813,377.03177514577,0.002964606277431,-4.1579215765002e-91,-1.785145287547e-84,-0.0025940888414254,-0.0029847606301301,-0.0032601843503582,-4.3508377629338e-95,-0.0033497468698256,-0.0028716596204257,1.6738244985238e-81,-0.002960658542186,0.0025867431138885,479.27608963519,479.27608963519,480.29456880003,480.29456880003,479.27608963519,477.97310576587,477.97310576587,477.97310576587,479.22408193239,479.22408193239,479.22408193239,480.29456880003,0.027191040907151,0.022547610554355,0.014167098176751,0.01882151256807,739.96336569964,-0.0011015765113919,0.0037261230138885,0.00107211159116,739.9361050131,-0.0010545432339467,-0.0010880558563501,0,6.6695930615111e-12,3.6022528557102e-14,0,0,3.6400469330044e-14,3.6709873490828e-14,3.6038278152578e-14,0,3.5719333394396e-14,3.6385984299866e-14,0,3.6249745129664e-14,3.5708936711549e-14,7.6304368043408e-13,0,0,7.6806532256232e-13,7.7166142927803e-13,7.6347725689139e-13,0,7.5992158127735e-13,7.6776078786418e-13,0,7.6473884039275e-13,7.6014759151219e-13
1.95,1546825513.3154,1546825513.3154,1546825513.3154,969047735.5376,969047735.5376,969047735.5376,1,1,1,201805990.08989,1.4660332285517e-05,5.7317896265558e-05,1.6143829741344e-05,1.014150493686,375.16200814887,375.16200814887,376.25050042004,376.25050042004,375.16200814887,373.80392394215,373.80392394215,373.80392394215,375.13848439637,375.13848439637,375.13848439637,376.25050042004,0.0029678652527599,-5.0311475678978e-90,-4.2942712324093e-83,-0.0025746340007788,-0.0029910362899669,-0.0032710548569299,-4.8345771632683e-95,-0.003366596847547,-0.0028643433924567,2.4548235671333e-80,-0.0029568860872532,0.0025655533266947,480.19750345337,480.19750345337,481.28599572454,481.28599572454,480.19750345337,478.83941924665,478.83941924665,478.83941924665,480.17397970087,480.17397970087,480.17397970087,481.28599572454,0.027368571220765,0.023152443183935,0.014558653795272,0.019312043781002,741.36195863567,-0.00074430545900515,0.0023981891321049,-0.00077452329473589,741.33300039801,-0.00118844891127,-0.00085554935789023,0,7.1751831494284e-12,3.7455492130423e-14,0,0,3.7863925577542e-14,3.8241946976282e-14,3.7447378351911e-14,0,3.7113794402752e-14,3.787491442998e-14,0,3.774398785558e-14,3.7098330309165e-14,8.1601374539028e-13,0,0,8.2161299963876e-13,8.2574370934344e-13,8.1643584723198e-13,0,8.1240841267285e-13,8.2132400552478e-13,0,8.1811689991616e-13,8.1261255337681e-13
2,1538697246.7562,1538697246.7562,1538697246.7562,960919468.97846,960919468.97846,960919468.97846,1,1,1,211422707.38314,1.5114193160594e-05,5.8788204267924e-05,1.6666666021678e-05,1.0146370037348,374.15607093434,374.15607093434,375.32870496358,375.32870496358,374.15607093434,372.72753563529,372.72753563529,372.72753563529,374.17524541857,374.17524541857,374.17524541857,375.32870496358,0.0029679647127266,-4.8102688528459e-89,-1.3534856593556e-81,-0.0025459655799969,-0.0029948532020957,-0.0032817657623814,1.3764624283937e-94,-0.0033844452732226,-0.0028513052808035,3.2714247053485e-79,-0.0029467826366294,0.0025358156910196,481.21611732744,481.21611732744,482.38875135669,482.38875135669,481.21611732744,479.78758202839,479.78758202839,479.78758202839,481.23529181167,481.23529181167,481.23529181167,482.38875135669,0.027499808902669,0.023757363595692,0.014951199499486,0.019802331776575,742.8730787416,-0.0006808201435126,0.0010218398263859,-0.00035910462708373,742.84153877444,-0.0012594682266695,-0.00096226730072065,0,7.7120743857212e-12,3.906260885786e-14,0,0,3.9518336581471e-14,3.9985491261492e-14,3.9033464583448e-14,0,3.8695946735014e-14,3.9571554611374e-14,0,3.9425571350568e-14,3.8683196864033e-14,8.7125661661874e-13,0,0,8.775003671947e-13,8.8229173338359e-13,8.716375022323e-13,0,8.6713274535437e-13,8.7728663474037e-13,0,8.7387307762444e-13,8.6731885501787e-13
2.05,1529043383.2398,1529043383.2398,1529043383.2398,951265605.46204,951265605.46204,951265605.46204,1,1,1,220754194.65621,1.5575626312531e-05,6.0258074769777e-05,1.7204102859907e-05,1.0151225491141,372.95555337571,372.95555337571,374.24441919308,374.24441919308,372.95555337571,371.43489079576,371.43489079576,371.43489079576,373.0255585199,373.0255585199,373.0255585199,374.24441919308,0.00296900726006,-7.892128994814e-88,-5.0673489280213e-80,-0.0025101515019758,-0.0030027645149577,-0.0032987904238471,-3.513376132105e-93,-0.0034077104341655,-0.0028334282428604,5.0794611118784e-78,-0.0029326583382901,0.0024984876163609,482.34168639376,482.34168639376,483.63055221113,483.63055221113,482.34168639376,480.82102381381,480.82102381381,480.82102381381,482.41169153795,482.41169153795,482.41169153795,483.63055221113,0.027579668275872,0.024362473410895,0.015345066838488,0.020292375845974,744.5173417332,-0.0010852614795901,0.0014739363522438,-0.00046088479705764,744.48241836139,-0.00089934745151647,-0.0010628500960838,0,8.2808124644259e-12,4.0896504423601e-14,0,0,4.1411569097877e-14,4.1979541499234e-14,4.08470794781e-14,0,4.0483455795794e-14,4.1507701593201e-14,0,4.1331330524463e-14,4.0485139287159e-14,9.2909300782825e-13,0,0,9.3606516985207e-13,9.4165977031402e-13,9.2940399601356e-13,0,9.2438499759252e-13,9.3598738927641e-13,0,9.3232440580306e-13,9.2457348807234e-13
2.1,1518193584.0696,1518193584.0696,1518193584.0696,940415806.29181,940415806.29181,940415806.29181,1,1,1,229860301.26672,1.6035550324822e-05,6.1728045404357e-05,1.7757552946691e-05,1.0156077602178,371.5986724727,371.5986724727,373.03866543012,373.03866543012,371.5986724727,369.9717955058,369.9717955058,369.9717955058,371.71965505725,371.71965505725,371.71965505725,373.03866543012,0.0029784376260083,-1.1145042895303e-86,-1.9456911392202e-78,-0.0024703549929586,-0.0030191557720117,-0.0033266283683028,-1.5524658622755e-91,-0.003440991337412,-0.0028141346981866,1.046568609907e-76,-0.0029205724344441,0.0024576516005184,483.50687018925,483.50687018925,484.94686314667,484.94686314667,483.50687018925,481.87999322235,481.87999322235,481.87999322235,483.6278527738,483.6278527738,483.6278527738,484.94686314667,0.027848883452734,0.024967988159027,0.015740693259645,0.020782175599854,746.20540503719,-0.0023223809908859,0.0047686237977598,-0.00025538784887763,746.16593880852,-0.00094175135849502,-0.002043845432443,0,8.9089287882602e-12,4.2874711413381e-14,0,0,4.3447810157309e-14,4.4122533506213e-14,4.2807561290311e-14,0,4.2390212624119e-14,4.3586570279586e-14,0,4.3389985790024e-14,4.2405553372805e-14,9.8972700619189e-13,0,0,9.9750965223195e-13,1.0040584556048e-12,9.8994302976244e-13,0,9.8433381119743e-13,9.9762810810313e-13,0,9.9368711217849e-13,9.845439967721e-13
2.15,1506982299.2748,1506982299.2748,1506982299.2748,929204521.49705,929204521.49705,929204521.49705,1,1,1,238744815.31427,1.6491541611396e-05,6.319861461007e-05,1.8327376732511e-05,1.0160937941226,370.19445874513,370.19445874513,371.79432772946,371.79432772946,370.19445874513,368.45448586151,368.45448586151,368.45448586151,370.35364056054,370.35364056054,370.35364056054,371.79432772946,0.0029977641753654,-7.0486389703754e-86,-7.6485510625344e-77,-0.0024305981693922,-0.0030461626164066,-0.0033672893264642,-5.930334849379e-90,-0.0034845650862278,-0.0028013775235124,2.5323508137856e-75,-0.0029153261885076,0.0024159146305769,484.60756517037,484.60756517037,486.20743415469,486.20743415469,484.60756517037,482.86759228675,482.86759228675,482.86759228675,484.76674698577,484.76674698577,484.76674698577,486.20743415469,0.028721498945394,0.025574163612329,0.016138470148254,0.02127173051311,747.77353057375,-0.0017563268661702,0.0044926049066418,0.0017179908580669,747.73053240254,-0.0025738693720494,-0.0020622876950435,0,9.5739990201405e-12,4.481876646869e-14,0,0,4.5426116807607e-14,4.6211924668408e-14,4.4723182469591e-14,0,4.4255134915042e-14,4.5611915396881e-14,0,4.5432212550339e-14,4.4272332042091e-14,1.0531103135807e-12,0,0,1.0617518827072e-12,1.0694119862142e-12,1.0531911609634e-12,0,1.0469200231989e-12,1.0621330974632e-12,0,1.0579379633358e-12,1.0471545291839e-12
2.2,1495882645.4095,1495882645.4095,1495882645.4095,918104867.63168,918104867.63168,918104867.63168,1,1,1,247392111.12656,1.6946436821929e-05,6.4669738652989e-05,1.8916205366896e-05,1.0165813293192,368.7942343482,368.7942343482,370.56873057265,370.56873057265,368.7942343482,366.93583540506,366.93583540506,366.93583540506,368.99664732889,368.99664732889,368.99664732889,370.56873057265,0.0030228678118058,-5.4715532270081e-85,-3.0958984905789e-75,-0.0023928660920905,-0.0030772609075868,-0.0034132952353837,-2.3669533965221e-88,-0.0035339517907008,-0.0027926104754038,6.6950349892877e-74,-0.0029142044837383,0.0023759287068246,485.58399002639,485.58399002639,487.35848625083,487.35848625083,485.58399002639,483.72559108324,483.72559108324,483.72559108324,485.78640300707,485.78640300707,485.78640300707,487.35848625083,0.030008389543898,0.026181166822508,0.016538589395025,0.021761040244836,749.1269499156,-0.0017747278852088,0.0081293749411302,0.001178398003493,749.07953375836,-0.001812442761958,-0.0019275357888644,0,1.0273179992205e-11,4.6617715569254e-14,0,0,4.7239805968772e-14,4.8148919647977e-14,4.6482446548455e-14,0,4.592885579782e-14,4.747368769964e-14,0,4.7331997221259e-14,4.5948920529578e-14,1.1190377191856e-12,0,0,1.1285590569921e-12,1.137504841394e-12,1.1189272672845e-12,0,1.1118732339725e-12,1.1292710304639e-12,0,1.1248755157403e-12,1.1121361157732e-12
2.25,1484935218.432,1484935218.432,1484935218.432,907157440.65419,907157440.65419,907157440.65419,1,1,1,255785654.30144,1.7402007920763e-05,6.614139132407e-05,1.9524372108217e-05,1.017070469668,367.40118555301,367.40118555301,369.36725602411,369.36725602411,367.40118555301,365.42050306764,365.42050306764,365.42050306764,367.65546758548,367.65546758548,367.65546758548,369.36725602411,0.0030497269161297,-8.2336993647827e-83,-1.2732616464371e-73,-0.0023525468465246,-0.0031113887149007,-0.003462410419813,-1.0033400407889e-86,-0.0035837767890692,-0.0027847954250156,1.7830418099489e-72,-0.0029139333194449,0.002333568337489,486.43695579376,486.43695579376,488.40302626485,488.40302626485,486.43695579376,484.45627330839,484.45627330839,484.45627330839,486.69123782622,486.69123782622,486.69123782622,488.40302626485,0.031422749919044,0.026789094994422,0.016941193016539,0.022250104309416,750.25091277957,-7.977363081938e-05,0.008824670348147,-0.00071301530736763,750.19971431368,-0.0058416205804297,-0.00050987382245124,0,1.1005872959241e-11,4.8225750538044e-14,0,0,4.8832105977163e-14,4.9892243760723e-14,4.8021379239173e-14,0,4.7402443046528e-14,4.913895562658e-14,0,4.9065390925233e-14,4.7422091640091e-14,1.1872392296522e-12,0,0,1.1976180835443e-12,1.2080631291776e-12,1.1868397530884e-12,0,1.1789104118185e-12,1.1987640079519e-12,0,1.1942644570299e-12,1.1792010809268e-12
2.3,1474141067.1419,1474141067.1419,1474141067.1419,896363289.36411,896363289.36411,896363289.36411,1,1,1,263901669.00458,1.7856397057482e-05,6.7613343544076e-05,2.0148957680464e-05,1.0175611795244,366.01515471707,366.01515471707,368.19058676401,368.19058676401,366.01515471707,363.90875671472,363.90875671472,363.90875671472,366.33005836744,366.33005836744,366.33005836744,368.19058676401,0.0030784824680826,-7.8927452793605e-80,-5.3647927155399e-72,-0.0023087712230804,-0.0031496987743188,-0.0035143513613158,-4.7382401763853e-85,-0.0036339519305726,-0.0027759159127808,4.723913122001e-71,-0.0029115424042755,0.0022870423852472,487.17352088983,487.17352088983,489.34895293677,489.34895293677,487.17352088983,485.06712288748,485.06712288748,485.06712288748,487.4884245402,487.4884245402,487.4884245402,489.34895293677,0.032967361862555,0.027398038007792,0.017346383694714,0.022738921883948,751.15207314133,-0.0016571247990265,0.0025490351620364,0.0010725269367283,751.09293229116,-0.011219888810001,-0.0019694446456772,0,1.1771959736792e-11,4.964395511939e-14,0,0,5.0190038629636e-14,5.1411141617487e-14,4.9339692455284e-14,0,4.8677255055652e-14,5.0582256821009e-14,0,5.0634923632924e-14,4.8685799551637e-14,1.2574463842718e-12,0,0,1.2685975168703e-12,1.2807694629101e-12,1.256616615322e-12,0,1.2477504460973e-12,1.2702981215636e-12,0,1.2658730527613e-12,1.2480531989477e-12
2.35,1463504521.4054,1463504521.4054,1463504521.4054,885726743.62761,885726743.62761,885726743.62761,1,1,1,271735496.2638,1.8314814664012e-05,6.9085667634577e-05,2.0797227430266e-05,1.0180533889011,364.63599569672,364.63599569672,367.0399310683,367.0399310683,364.63599569672,362.40107031643,362.40107031643,362.40107031643,365.02128835122,365.02128835122,365.02128835122,367.0399310683,0.0031071077599177,-7.7411148549671e-77,-2.2717602600619e-70,-0.002265367124494,-0.0031850632111479,-0.0035651319100104,-2.7216540817871e-83,-0.0036867800400369,-0.0027682562872786,1.1635804981324e-69,-0.0029064087817228,0.002240040930613,487.79969786701,487.79969786701,490.20363323859,490.20363323859,487.79969786701,485.56477248672,485.56477248672,485.56477248672,488.18499052151,488.18499052151,488.18499052151,490.20363323859,0.034279792974788,0.028008062663589,0.017754247336992,0.023227492535575,751.83931981622,-0.0018978671256099,0.00096391301209378,-0.00026391891785834,751.77254371463,1.0063705936749e-05,-0.0018556708993955,0,1.2571220076136e-11,5.0901501860846e-14,0,0,5.1354329066567e-14,5.2719397355983e-14,5.0478401805351e-14,0,4.9688482559213e-14,5.177864243589e-14,0,5.2028177420679e-14,4.9671745393373e-14,1.3294319785486e-12,0,0,1.3412235055228e-12,1.3553259496511e-12,1.3280038557621e-12,0,1.3180205720263e-12,1.3435241799377e-12,0,1.3394520068952e-12,1.3182996549497e-12
2.4,1453030534.2925,1453030534.2925,1453030534.2925,875252756.5147,875252756.5147,875252756.5147,1,1,1,279286444.778,1.8772972626597e-05,7.0558407150465e-05,2.1467954167481e-05,1.0185470579012,363.26495821465,363.26495821465,365.91534173023,365.91534173023,363.26495821465,360.89823687771,360.89823687771,360.89823687771,363.72983933038,363.72983933038,363.72983933038,365.91534173023,0.0031397017707972,-7.1781147327474e-74,-9.0883261980951e-69,-0.0022174444824638,-0.0032260209064474,-0.0036175216587849,-1.6606006612885e-81,-0.0037378799725554,-0.0027567640100391,2.7163190699169e-68,-0.0029003069005269,0.002191193381087,488.32254388367,488.32254388367,490.97292739924,490.97292739924,488.32254388367,485.95582254672,485.95582254672,485.95582254672,488.7874249994,488.7874249994,488.7874249994,490.97292739924,0.035605900290757,0.028619263516003,0.018164850663125,0.023715815374868,752.31926936205,-0.0023438651361225,0.0032065807444715,-0.00041418633494373,752.24250519016,0.00052877967718741,-0.0034205327829739,0,1.3404267882529e-11,5.1929424383853e-14,0,0,5.2288249760276e-14,5.384783354248e-14,5.1366277009413e-14,0,5.0480331227865e-14,5.2784871214054e-14,0,5.3229358062718e-14,5.0446597346676e-14,1.4028712747985e-12,0,0,1.4151702574866e-12,1.4314782861513e-12,1.4006467413574e-12,0,1.3894105410818e-12,1.4181732606967e-12,0,1.4147296869839e-12,1.389641917093e-12
2.45,1442724031.5528,1442724031.5528,1442724031.5528,864946253.77504,864946253.77504,864946253.77504,1,1,1,289118635.71256,1.9232846004198e-05,7.2031518215367e-05,2.2162262143193e-05,1.0190421144998,361.90148944416,361.90148944416,364.81782715085,364.81782715085,361.90148944416,359.40138538772,359.40138538772,359.40138538772,362.45685429254,362.45685429254,362.45685429254,364.81782715085,0.0031719462350862,-5.3494413022271e-71,-3.1764100922006e-67,-0.0021685328989033,-0.0032668878714979,-0.0036698978523885,-1.1794830196237e-79,-0.0037894548030621,-0.0027453270893549,5.7499959337067e-67,-0.0028931409184088,0.0021410353385341,488.74697309078,488.74697309078,491.66331079747,491.66331079747,488.74697309078,486.24686903434,486.24686903434,486.24686903434,489.30233793916,489.30233793916,489.30233793916,491.66331079747,0.037133657806,0.029231709807833,0.018578247199964,0.02420388970337,752.60197044918,-0.0032993036650071,0.0041586194449155,-0.0026454899693593,752.51444792404,0.0063949436518496,-0.0027895905733962,0,1.4301499866031e-11,5.279191809886e-14,0,0,5.2996039108236e-14,5.4764942614585e-14,5.2048799178144e-14,0,5.1035681883985e-14,5.357202093706e-14,0,5.4264956158872e-14,5.0986373758809e-14,1.4775303213576e-12,0,0,1.4901179747455e-12,1.5089276107394e-12,1.4742548590603e-12,0,1.4615858945671e-12,1.4939355392696e-12,0,1.4914719239454e-12,1.4617475383589e-12
2.5,1432589807.7356,1432589807.7356,1432589807.7356,854812029.95781,854812029.95781,854812029.95781,1,1,1,298733475.31473,1.9690778891382e-05,7.3504993400585e-05,2.2878090648889e-05,1.0195385137662,360.54648567318,360.54648567318,363.7477469084,363.7477469084,360.54648567318,357.9114932726,357.9114932726,357.9114932726,361.20290447308,361.20290447308,361.20290447308,363.7477469084,0.003207309958503,-3.1055837083091e-68,-1.0227974515714e-65,-0.002114339673086,-0.0033148149729875,-0.0037256695739206,-8.6520327249521e-78,-0.0038368878609583,-0.0027309725922095,1.1457414572615e-65,-0.0028859839892454,0.0020876846094331,489.07919649622,489.07919649622,492.28045773144,492.28045773144,489.07919649622,486.44420409564,486.44420409564,486.44420409564,489.73561529612,489.73561529612,489.73561529612,492.28045773144,0.038607032770488,0.029845485689627,0.018994494077148,0.024691714462048,752.69446784101,-0.0031538529043285,-0.00076515650907852,0.00019276900582067,752.59434147819,-0.0030809945824856,-0.0030192335883223,0,1.5282207226213e-11,5.3438789474642e-14,0,0,5.3461037597365e-14,5.5497002102226e-14,5.2474380247138e-14,0,5.1423133328562e-14,5.4173366289206e-14,0,5.5144283361957e-14,5.1353213945032e-14,1.5531041821894e-12,0,0,1.5657232991742e-12,1.5874122237834e-12,1.548464839283e-12,0,1.5343091871401e-12,1.5705482485952e-12,0,1.5694577173632e-12,1.5343719499914e-12
2.55,1422632323.2543,1422632323.2543,1422632323.2543,844854545.47651,844854545.47651,844854545.47651,1,1,1,307918012.14162,2.0148709555303e-05,7.4978790730984e-05,2.3619157424392e-05,1.020036191548,359.19937419674,359.19937419674,362.70634854791,362.70634854791,359.19937419674,356.42972367688,356.42972367688,356.42972367688,359.96879687096,359.96879687096,359.96879687096,362.70634854791,0.003243097504575,-1.2431021877979e-65,-2.838702195068e-64,-0.0020619510807373,-0.0033598879296991,-0.0037792444141852,-7.2862516633741e-76,-0.0038877538725781,-0.0027156233022302,2.0425128036146e-64,-0.002874944489848,0.002035693076741,489.32373341708,489.32373341708,492.83070776825,492.83070776825,489.32373341708,486.55408289722,486.55408289722,486.55408289722,490.0931560913,490.0931560913,490.0931560913,492.83070776825,0.0400934726529,0.030460659701216,0.01941360164384,0.025179288539863,752.6063001686,-0.0038009886745652,0.002874803785848,0.0014115921849717,752.49112769624,0.0063252228980272,-0.0030757742594646,0,1.631675459425e-11,5.3959994189313e-14,0,0,5.3764287603442e-14,5.6053247764642e-14,5.2751874449145e-14,0,5.1557369152546e-14,5.4556598438146e-14,0,5.5882097162594e-14,5.1458515058995e-14,1.6294151377975e-12,0,0,1.6417574838743e-12,1.6666834869873e-12,1.6230672555696e-12,0,1.6072223178359e-12,1.6477029300234e-12,0,1.6484869370644e-12,1.6071452798874e-12
2.6,1412855983.5968,1412855983.5968,1412855983.5968,835078205.81902,835078205.81902,835078205.81902,1,1,1,316624831.03355,2.0603944221131e-05,7.645300613867e-05,2.4381712788009e-05,1.0205350802569,357.86137965465,357.86137965465,361.69312217527,361.69312217527,357.86137965465,354.95696702709,354.95696702709,354.95696702709,358.75564075186,358.75564075186,358.75564075186,361.69312217527,0.0032802043171519,-3.529507237701e-63,-6.5747943425858e-63,-0.0020062102112096,-0.0034093516701643,-0.0038337917265884,-5.8765380318103e-74,-0.0039320041383501,-0.0026989200984365,3.2741444510059e-63,-0.0028663787646325,0.0019828066774406,489.48663243469,489.48663243469,493.31837495531,493.31837495531,489.48663243469,486.58221980714,486.58221980714,486.58221980714,490.38089353191,490.38089353191,490.38089353191,493.31837495531,0.041530236449043,0.031077290714263,0.01983556247279,0.025666611153949,752.34742405031,-0.0038064307793536,0.0016142763054573,-0.00036790021810911,752.21472122609,-0.0014168378398722,-0.0036954442902594,0,1.7408028859974e-11,5.4303610951254e-14,0,0,5.3839582821081e-14,5.6471815529663e-14,5.2785757795165e-14,0,5.1536326749751e-14,5.4805434150217e-14,0,5.6499460493621e-14,5.1415154536507e-14,1.7062120408906e-12,0,0,1.7178981520924e-12,1.7465466944011e-12,1.6977175901436e-12,0,1.6801056900803e-12,1.7252095182904e-12,0,1.7283892403612e-12,1.6798572887444e-12
2.625,1408172465.2988,1408172465.2988,1408172465.2988,830394687.52102,830394687.52102,830394687.52102,1,1,1,320783643.30261,2.0867635717929e-05,7.7190275612071e-05,2.4775878627181e-05,1.0207855962638,357.21322274768,357.21322274768,361.21299197987,361.21299197987,357.21322274768,354.24385385164,354.24385385164,354.24385385164,358.1742487214,358.1742487214,358.1742487214,361.21299197987,0.0033191605706685,-5.7573907666113e-62,-3.4791725366648e-62,-0.0019639064153197,-0.0034592850710733,-0.0038904571257033,-7.0446603889218e-73,-0.0039830166383797,-0.0026907790285672,1.5399904206776e-62,-0.0028615212367018,0.0019422270213251,489.55223931076,489.55223931076,493.55200854295,493.55200854295,489.55223931076,486.58287041472,486.58287041472,486.58287041472,490.51326528448,490.51326528448,490.51326528448,493.55200854295,0.04304461728223,0.031386353479177,0.020047883650804,0.025910177029375,752.06929132755,-0.0038374597041623,0.0015553095246122,0.0019589914727369,751.92531513395,0.0012391258062058,-0.0034990321762485,0,1.7971078726027e-11,2.718657022176e-14,0,0,2.6869713867207e-14,2.8274425221992e-14,2.6337087123591e-14,0,2.5686561754032e-14,2.7389703872123e-14,0,2.8358475751353e-14,2.5619415605683e-14,1.7446596572126e-12,0,0,1.7558976658605e-12,1.7865327700184e-12,1.7349638559472e-12,0,1.7164319740836e-12,1.7639444089757e-12,0,1.768494181377e-12,1.7160886137541e-12
2.675,1398657376.3944,1398657376.3944,1398657376.3944,820879598.61663,820879598.61663,820879598.61663,1,1,1,328916781.70912,2.1425705601832e-05,7.8664903841418e-05,2.5574729795936e-05,1.0212855432884,355.8830763165,355.8830763165,360.24649776643,360.24649776643,355.8830763165,352.78002143168,352.78002143168,352.78002143168,356.99272033981,356.99272033981,356.99272033981,360.24649776643,0.0033323460201323,-8.8366255172502e-60,-6.0350995290019e-61,-0.0019212873309144,-0.0034809030952973,-0.0039085699808347,-4.9590518884542e-71,-0.0039924435623245,-0.0026677511119454,1.8206617252355e-61,-0.0028454542818274,0.0019019149985537,489.59956848559,489.59956848559,493.96298993552,493.96298993552,489.59956848559,486.49651360077,486.49651360077,486.49651360077,490.7092125089,490.7092125089,490.7092125089,493.96298993552,0.044749185143589,0.032005153941686,0.020473925476413,0.026397119842788,751.66105966839,-0.0046075504223517,9.9138247801842e-05,6.1754790378014e-05,751.49547251887,0.0014494771398583,-0.00467212799317,0,1.91540283996e-11,5.4656491265426e-14,0,0,5.3676027903326e-14,5.68582105879e-14,5.2577083697353e-14,0,5.119652350843e-14,5.488954739379e-14,0,5.7294177049348e-14,5.1024071991664e-14,1.8219556084319e-12,0,0,1.8318070324957e-12,1.8669424225641e-12,1.809319080782e-12,0,1.7888347919755e-12,1.8415699513325e-12,0,1.8495203836052e-12,1.7882475483722e-12
2.725,1389360287.5342,1389360287.5342,1389360287.5342,811582509.75637,811582509.75637,811582509.75637,1,1,1,336283874.02968,2.1993829692258e-05,8.0139928020612e-05,2.6399191264552e-05,1.021787140054,354.57076441243,354.57076441243,359.30569506634,359.30569506634,354.57076441243,351.33811532761,351.33811532761,351.33811532761,355.83519357696,355.83519357696,355.83519357696,359.30569506634,0.0033768249368507,-9.8041103387221e-58,-9.7804535924216e-60,-0.0018640456747256,-0.00354151669346,-0.0039687619865054,-3.6041065156987e-69,-0.0040374073059627,-0.0026476689945693,2.0908741150886e-60,-0.002837341528973,0.0018502263164789,489.57951200208,489.57951200208,494.31444265599,494.31444265599,489.57951200208,486.34686291726,486.34686291726,486.34686291726,490.84394116661,490.84394116661,490.84394116661,494.31444265599,0.044912828216238,0.032625665085845,0.020902915548247,0.026883807416961,751.02268065424,-0.0045852581323897,0.0011440794621323,0.0017731619488001,750.83196995915,-0.012213623600224,-0.0054421791201549,0,2.0398766808076e-11,5.4708459335983e-14,0,0,5.3359517927139e-14,5.6993309185039e-14,5.2211244368312e-14,0,5.0807197024847e-14,5.482237727179e-14,0,5.7699712933401e-14,5.0613163278939e-14,1.8993250536014e-12,0,0,1.90726878643e-12,1.9475431333781e-12,1.8831569306761e-12,0,1.8606870190742e-12,1.9191005007918e-12,0,1.9311201001807e-12,1.8598253703159e-12
2.775,1380246575.8061,1380246575.8061,1380246575.8061,802468798.02834,802468798.02834,802468798.02834,1,1,1,343149121.46388,2.2571026258569e-05,8.1615160175193e-05,2.7247985421713e-05,1.0222897563452,353.26689973934,353.26689973934,358.39299245289,358.39299245289,353.26689973934,349.90824316994,349.90824316994,349.90824316994,354.69946520894,354.69946520894,354.69946520894,358.39299245289,0.0034124262553194,-8.2308618612153e-56,-2.4711551879341e-58,-0.0018113336248546,-0.0035911074638127,-0.0040189859016477,-2.6188337013885e-67,-0.004079489806479,-0.0026289974117615,2.1202185839506e-59,-0.0028242705260422,0.0018000373662393,489.49405641004,489.49405641004,494.62014912359,494.62014912359,489.49405641004,486.13539984063,486.13539984063,486.13539984063,490.92662187963,490.92662187963,490.92662187963,494.62014912359,0.046503215690943,0.033247791060083,0.021334595692498,0.02737023851538,750.24271636851,-0.0054464812262243,0.00082896269924502,-0.0011074978685104,750.02288829851,0.0010990187432065,-0.0058223876944465,0,2.1705285466718e-11,5.4769816166494e-14,0,0,5.2943892772896e-14,5.7000918054635e-14,5.177775488336e-14,0,5.0250457947497e-14,5.4595135285251e-14,0,5.8078147370176e-14,5.001483137911e-14,1.9767812704327e-12,0,0,1.9821427576342e-12,2.0281546047586e-12,1.9563817338613e-12,0,1.931751898219e-12,1.9963096815518e-12,0,2.0132550038691e-12,1.930557023172e-12
2.825,1371327242.6703,1371327242.6703,1371327242.6703,793549464.89251,793549464.89251,793549464.89251,1,1,1,349451497.0306,2.3157309756781e-05,8.3090931562578e-05,2.8122214782526e-05,1.022793340827,351.97515517644,351.97515517644,357.50772707744,357.50772707744,351.97515517644,348.49312464538,348.49312464538,348.49312464538,353.58654154574,353.58654154574,353.58654154574,357.50772707744,0.0034531081817369,-5.6449480505813e-54,-1.9964940731269e-56,-0.0017555734778754,-0.0036463878403676,-0.0040676007273993,-1.7445363690405e-65,-0.0041187844067715,-0.0026034217571438,1.8439523846643e-58,-0.0028109652110787,0.0017513596273215,489.34950831838,489.34950831838,494.88208021937,494.88208021937,489.34950831838,485.86747778732,485.86747778732,485.86747778732,490.96089468767,490.96089468767,490.96089468767,494.88208021937,0.047662627698557,0.03387157496067,0.021768913407569,0.027856412062732,749.32919990403,-0.0069779381293908,0.0160235579448,0.0041717548099154,749.07497781276,-0.0011391550173161,-0.0080775405956838,0,2.307392704303e-11,5.4693189619244e-14,0,0,5.2446371996101e-14,5.700294377615e-14,5.1216407728817e-14,0,4.9590637267293e-14,5.4346501887821e-14,0,5.8354161221474e-14,4.9345635065024e-14,2.0541291209617e-12,0,0,2.0563131282084e-12,2.1087689409421e-12,2.0288126722875e-12,0,2.0018836500092e-12,2.0731672415891e-12,0,2.0957802500894e-12,2.0003422895249e-12
2.875,1362604827.9333,1362604827.9333,1362604827.9333,784827050.15551,784827050.15551,784827050.15551,1,1,1,355232609.35886,2.3752153886244e-05,8.4566743872702e-05,2.9014609568608e-05,1.0232977426681,350.69490923826,350.69490923826,356.64997789546,356.64997789546,350.69490923826,347.09426428044,347.09426428044,347.09426428044,352.49753747265,352.49753747265,352.49753747265,356.64997789546,0.0034873379733275,-3.8561776956168e-52,-3.295270504438e-54,-0.0017023311743203,-0.0037013166867221,-0.0041167589292382,-9.9044118114612e-64,-0.004148608299099,-0.0025818724702363,1.4921889039628e-57,-0.0028004810562946,0.0017018953159982,489.14883594732,489.14883594732,495.10390460452,495.10390460452,489.14883594732,485.54819098949,485.54819098949,485.54819098949,490.9514641817,490.9514641817,490.9514641817,495.10390460452,0.04901383020308,0.034496992014549,0.022205718963923,0.028342326074166,748.3031892493,-0.0075472543331428,0.0035594428337432,0.0022415993449583,748.01189784934,-0.0058995833315151,-0.0076158179145457,0,2.4506180465011e-11,5.4652787415862e-14,0,0,5.178483920287e-14,5.6894600935787e-14,5.0545937051521e-14,0,4.8919731192026e-14,5.4026569396538e-14,0,5.8739759729504e-14,4.864111038091e-14,2.1314198341467e-12,0,0,2.1295479501344e-12,2.1892300572113e-12,2.1002954219886e-12,0,2.0710665973286e-12,2.1495723487582e-12,0,2.1788508149494e-12,2.0691312075144e-12
2.925,1354080444.3002,1354080444.3002,1354080444.3002,776302666.52242,776302666.52242,776302666.52242,1,1,1,360468770.79022,2.435473377496e-05,8.6042741095345e-05,2.9930899513952e-05,1.0238029303705,349.42764375276,349.42764375276,355.81929168866,355.81929168866,349.42764375276,345.71325080155,345.71325080155,345.71325080155,351.4315210599,351.4315210599,351.4315210599,355.81929168866,0.0035213097077425,-2.3769773975424e-50,-4.2567358202181e-52,-0.0016516703355696,-0.0037552972235706,-0.0041615965492,-5.069775964442e-62,-0.0041810642831528,-0.0025589335340711,1.061212219273e-56,-0.0027871202382992,0.0016556146740792,488.897273352,488.897273352,495.2889212879,495.2889212879,488.897273352,485.18288040078,485.18288040078,485.18288040078,490.90115065913,490.90115065913,490.90115065913,495.2889212879,0.049976477427181,0.035124057403427,0.022644920365543,0.028827978654235,747.17006274036,-0.0077782638627515,0.0022869056756878,0.0024667110245022,746.83712443501,0.0017355033095644,-0.0074025871708314,0,2.5999848999308e-11,5.4615051119155e-14,0,0,5.1114860778561e-14,5.6784690158528e-14,4.9850909652522e-14,0,4.8155670604182e-14,5.3673583794622e-14,0,5.9118645735279e-14,4.784964154003e-14,2.2086571801491e-12,0,0,2.2018352794862e-12,2.2695357361686e-12,2.1707952545158e-12,0,2.1391689998022e-12,2.2254782589017e-12,0,2.2624572055373e-12,2.136800819535e-12
2.975,1345754451.2783,1345754451.2783,1345754451.2783,767976673.5005,767976673.5005,767976673.5005,1,1,1,365184530.93175,2.496460096819e-05,8.7518951868832e-05,3.0866609776343e-05,1.0243088173188,348.17414471508,348.17414471508,355.01462999116,355.01462999116,348.17414471508,344.35089477912,344.35089477912,344.35089477912,350.389069066,350.389069066,350.389069066,355.01462999116,0.0035536337761479,-1.2295572218138e-48,-3.8712605841789e-50,-0.0016021237583048,-0.0038094933972288,-0.0042044059777618,-2.2145585469617e-60,-0.0042077765687171,-0.0025362816681608,6.702961549964e-56,-0.0027756894882083,0.0016111283737331,488.59903825711,488.59903825711,495.43952353319,495.43952353319,488.59903825711,484.77578832115,484.77578832115,484.77578832115,490.81396260803,490.81396260803,490.81396260803,495.43952353319,0.050836667127135,0.035752760639559,0.02308640891428,0.029313368795296,745.94271883923,-0.0087730090291029,-0.0019986938857267,0.0022015526592827,745.56219315174,0.0023152469875444,-0.0085925099232471,0,2.755253575572e-11,5.4574352415256e-14,0,0,5.0391917630796e-14,5.6676742846852e-14,4.9094783775845e-14,0,4.7370138492426e-14,5.333225118902e-14,0,5.9529989982046e-14,4.7051234109841e-14,2.2858369694925e-12,0,0,2.2731002128337e-12,2.3496887545738e-12,2.2402257635734e-12,0,2.2061604921097e-12,2.3009014518451e-12,0,2.3466453247379e-12,2.2033413129396e-12
3.025,1337626617.9757,1337626617.9757,1337626617.9757,759848840.19789,759848840.19789,759848840.19789,1,1,1,369416784.2241,2.5581265482323e-05,8.8995348798448e-05,3.1822556916087e-05,1.0248153457173,346.93503560002,346.93503560002,354.23534920908,354.23534920908,346.93503560002,343.00857222013,343.00857222013,343.00857222013,349.36980861024,349.36980861024,349.36980861024,354.23534920908,0.0035856498588771,-4.8537648119004e-47,-2.4357609703702e-48,-0.001555075533447,-0.0038628980556751,-0.0042436707345036,-8.4242381297869e-59,-0.0042316938543329,-0.0025120789150909,3.751998174363e-55,-0.0027646953226819,0.0015699851599909,488.2581100105,488.2581100105,495.55842361956,495.55842361956,488.2581100105,484.33164663061,484.33164663061,484.33164663061,490.69288302072,490.69288302072,490.69288302072,495.55842361956,0.051686611242335,0.036383082419025,0.0235300401322,0.029798494336531,744.62973836033,-0.010077694986202,-0.0011413477110651,-0.00095598278244881,744.19598073831,0.0021843893888773,-0.010301989303113,0,2.9164106733158e-11,5.4564949027911e-14,0,0,4.9654301312481e-14,5.660267908086e-14,4.8314162662111e-14,0,4.6552937523696e-14,5.3024746402041e-14,0,6.0013107310468e-14,4.6237169380274e-14,2.363003460438e-12,0,0,2.34332199918e-12,2.4297370309966e-12,2.3085523076648e-12,0,2.271996287724e-12,2.3758897673483e-12,0,2.4315166750165e-12,2.2687305449629e-12
3.075,1329696414.4671,1329696414.4671,1329696414.4671,751918636.68929,751918636.68929,751918636.68929,1,1,1,373198059.16474,2.6204367325691e-05,9.047193404932e-05,3.2796292549731e-05,1.0253224317945,345.71094914777,345.71094914777,353.48040046488,353.48040046488,345.71094914777,341.68747794313,341.68747794313,341.68747794313,348.37375359031,348.37375359031,348.37375359031,353.48040046488,0.003615341142372,-1.4467816874491e-45,-1.1016911694383e-46,-0.0015095467243051,-0.0039159126331444,-0.0042805466233225,-2.8206494947212e-57,-0.0042527478718455,-0.0024881668240561,1.6422622671913e-54,-0.0027541751502811,0.0015305638971842,487.87820268152,487.87820268152,495.64765399863,495.64765399863,487.87820268152,483.85473147688,483.85473147688,483.85473147688,490.54100712406,490.54100712406,490.54100712406,495.64765399863,0.05246402933601,0.03701499280357,0.023975705639835,0.03028335409046,743.24307004114,-0.01131084572783,-0.0010947232905151,-0.00075339159279886,742.75116629821,0.0012935320765762,-0.011225262951389,0,3.0829105873074e-11,5.4593156940827e-14,0,0,4.8920886481157e-14,5.6552134574274e-14,4.753146939253e-14,0,4.5738778716418e-14,5.2751663186512e-14,0,6.0546186605791e-14,4.5445675980565e-14,2.4402098433965e-12,0,0,2.4125065803249e-12,2.5097138266926e-12,2.3757719563193e-12,0,2.3366806889111e-12,2.4504918848644e-12,0,2.5171419132644e-12,2.3330004362858e-12
3.125,1321962512.5421,1321962512.5421,1321962512.5421,744184734.76431,744184734.76431,744184734.76431,1,1,1,376559507.29759,2.6833309634896e-05,9.1948624211637e-05,3.378719067433e-05,1.0258300166938,344.50254163794,344.50254163794,352.74906558334,352.74906558334,344.50254163794,340.3884200343,340.3884200343,340.3884200343,347.40063446326,347.40063446326,347.40063446326,352.74906558334,0.0036429007769261,-3.3018192072621e-44,-3.6848322407577e-45,-0.001466764760661,-0.0039690053192808,-0.0043145956283381,-8.2759763123316e-56,-0.0042712558917007,-0.0024647188446504,2.865980993445e-54,-0.0027428128123637,0.0014934092552123,487.46304319976,487.46304319976,495.70956714516,495.70956714516,487.46304319976,483.34892159612,483.34892159612,483.34892159612,490.36113602508,490.36113602508,490.36113602508,495.70956714516,0.053124167106306,0.037648461865808,0.024423291446002,0.030767945557761,741.79190320299,-0.013058227519241,-0.002681245769499,-0.00044679199889543,741.23530281184,0.0033539072341838,-0.013588365115728,0,3.2543295749611e-11,5.4691801558076e-14,0,0,4.8205919040095e-14,5.6539306411506e-14,4.6759400056581e-14,0,4.4939334769364e-14,5.2525587133698e-14,0,6.1174959549702e-14,4.4680221845082e-14,2.5175557309105e-12,0,0,2.4806800448181e-12,2.589672480627e-12,2.4418997340477e-12,0,2.400234505626e-12,2.5247742825605e-12,0,2.6036563707372e-12,2.396187811989e-12
3.175,1314423102.6227,1314423102.6227,1314423102.6227,736645324.84489,736645324.84489,736645324.84489,1,1,1,379531537.2472,2.7468545054328e-05,9.3425336316349e-05,3.4791445609963e-05,1.0263380049343,343.31042117432,343.31042117432,352.04038039479,352.04038039479,343.31042117432,339.11215128529,339.11215128529,339.11215128529,346.45025670847,346.45025670847,346.45025670847,352.04038039479,0.0036673541610119,-5.8827795134567e-43,-9.5406694807754e-44,-0.0014262318606461,-0.0040193844141909,-0.0043468484766433,-2.093132319088e-54,-0.0042839807119706,-0.002443332256589,-6.540732574856e-53,-0.00273354033618,0.0014586927825302,487.01610581624,487.01610581624,495.7460650367,495.7460650367,487.01610581624,482.8178359272,482.8178359272,482.8178359272,490.15594135038,490.15594135038,490.15594135038,495.7460650367,0.053616116317509,0.038283430046329,0.024872660026961,0.031252267596418,740.28910114131,-0.011885550593892,-0.0095703236489457,-0.002595129870365,739.66421896161,0.0037991728941925,-0.014555710669429,0,3.4302721055096e-11,5.4860245421879e-14,0,0,4.7515438078622e-14,5.6581963780364e-14,4.600411006099e-14,0,4.4177302263875e-14,5.2363275046929e-14,0,6.192385153166e-14,4.3969515032291e-14,2.5951398340213e-12,0,0,2.547877021771e-12,2.6696914611909e-12,2.5069593704209e-12,0,2.4627106456366e-12,2.5988271363021e-12,0,2.6912299214076e-12,2.4583700964786e-12
3.225,1307075711.4473,1307075711.4473,1307075711.4473,729297933.66954,729297933.66954,729297933.66954,1,1,1,382145021.93109,2.8107409527979e-05,9.4902245788249e-05,3.5812401060072e-05,1.0268463958101,342.13543006887,342.13543006887,351.35341561811,351.35341561811,342.13543006887,337.85947536934,337.85947536934,337.85947536934,345.52184329934,345.52184329934,345.52184329934,351.35341561811,0.0036924923566439,-8.2530682185585e-42,-1.8991009820038e-42,-0.0013879786496025,-0.0040714043459974,-0.0043734791304668,-4.9130993569164e-53,-0.0042988769212424,-0.0024188234582987,-1.6672016867575e-51,-0.0027227806758195,0.0014273734033481,486.54105944145,486.54105944145,495.75904499069,495.75904499069,486.54105944145,482.26510474192,482.26510474192,482.26510474192,489.92747267192,489.92747267192,489.92747267192,495.75904499069,0.053910056839903,0.038919883780712,0.025323724477957,0.031736318027615,738.73649196667,-0.015440035946814,-0.0032601788699663,-0.0014860620717762,738.03485645631,0.0033223265561695,-0.016030168163477,0,3.6101618860818e-11,5.5106144699831e-14,0,0,4.6895918052404e-14,5.6700878119422e-14,4.5288823730783e-14,0,4.3410445801541e-14,5.2307937730603e-14,0,6.2713193529762e-14,4.3313620848089e-14,2.6730716912259e-12,0,0,2.6141978651006e-12,2.7498786120258e-12,2.5710074391649e-12,0,2.5241022868378e-12,2.6728017312605e-12,0,2.7799197702372e-12,2.5196248065175e-12
3.275,1299917721.4358,1299917721.4358,1299917721.4358,722139943.65799,722139943.65799,722139943.65799,1,1,1,384448909.82745,2.8750473991756e-05,9.6379165485239e-05,3.6845890599395e-05,1.0273550785812,340.9775390271,340.9775390271,350.68713363972,350.68713363972,340.9775390271,336.63089533036,336.63089533036,336.63089533036,344.61565920031,344.61565920031,344.61565920031,350.68713363972,0.003713661288445,-9.3950360184878e-41,-3.0483664733334e-41,-0.0013519953359787,-0.0041210906262329,-0.0043987618537283,-9.9654023356199e-52,-0.0043087392316808,-0.0023964327426211,-3.7406491494697e-50,-0.0027132056505792,0.0013978572600145,486.04036168047,486.04036168047,495.74995629309,495.74995629309,486.04036168047,481.69371798372,481.69371798372,481.69371798372,489.67848185368,489.67848185368,489.67848185368,495.74995629309,0.054410310071311,0.039557747984084,0.025776349778931,0.032220095128882,737.14890549118,-0.017060478863346,-0.0031117803587444,-0.0015579296692377,736.36571864571,0.003337746957066,-0.017143384187658,0,3.7955005631613e-11,5.5443873722726e-14,0,0,4.6327589848713e-14,5.6883880741789e-14,4.4614627054808e-14,0,4.2700542788642e-14,5.2328086349053e-14,0,6.3636257243571e-14,4.2736630449106e-14,2.751481169395e-12,0,0,2.6797149709767e-12,2.8303245676513e-12,2.634102049826e-12,0,2.5844899735702e-12,2.7468048206684e-12,0,2.8699150282897e-12,2.5800635289087e-12
3.325,1292946221.746,1292946221.746,1292946221.746,715168443.96818,715168443.96818,715168443.96818,1,1,1,386464980.11585,2.9397276549445e-05,9.7856129502814e-05,3.7889862936701e-05,1.0278640078056,339.83756577964,339.83756577964,350.0406934255,350.0406934255,339.83756577964,335.42686159588,335.42686159588,335.42686159588,343.73097870469,343.73097870469,343.73097870469,350.0406934255,0.0037327833177629,-8.8184929387473e-40,-4.0124750813406e-40,-0.001317676767199,-0.0041713475039499,-0.004421657340901,-1.7982948028092e-50,-0.0043165711007301,-0.0023747615453253,-9.5130551166783e-49,-0.0027032553789242,0.001370030264944,485.51736365044,485.51736365044,495.7204912963,495.7204912963,485.51736365044,481.10665946668,481.10665946668,481.10665946668,489.41077657549,489.41077657549,489.41077657549,495.7204912963,0.054594665302561,0.040196979177656,0.026230437604489,0.032703597284303,735.53338727172,-0.019528763855409,-0.0038970361202929,0.001689104972199,734.66231463861,0.0028961565118231,-0.018238853180292,0,4.0460858631664e-11,5.5867333296692e-14,0,0,4.5838636602149e-14,5.7141283895761e-14,4.3997245397126e-14,0,4.2040847740651e-14,5.2446151615868e-14,0,6.4622470773383e-14,4.2254174083376e-14,2.8304895098368e-12,0,0,2.7445405925402e-12,2.9111345463081e-12,2.6963235509737e-12,0,2.6439447106187e-12,2.8209748795778e-12,0,2.9613050028915e-12,2.6398199549643e-12
3.375,1286157489.068,1286157489.068,1286157489.068,708379711.2902,708379711.2902,708379711.2902,1,1,1,388224213.38478,3.0047200075503e-05,9.9332984847196e-05,3.8943734305137e-05,1.0283731255638,338.71571932193,338.71571932193,349.41332799215,349.41332799215,338.71571932193,334.24753263379,334.24753263379,334.24753263379,342.86739938361,342.86739938361,342.86739938361,349.41332799215,0.0037497055413034,-6.9994117434174e-39,-4.4130081709157e-39,-0.0012863587786423,-0.0042176189263474,-0.0044426753665083,-2.8354357481603e-49,-0.0043221521277732,-0.0023543806448761,-2.7397782564318e-47,-0.0026936827128688,0.0013450186355403,484.97469786238,484.97469786238,495.6723065326,495.6723065326,484.97469786238,480.50651117424,480.50651117424,480.50651117424,489.12637792406,489.12637792406,489.12637792406,495.6723065326,0.054665206937383,0.040837510904615,0.026685849473817,0.0331868223637,733.89818197818,-0.021249268028714,-0.0064473456321395,0.0012170321762776,732.93299260174,0.0065491837849921,-0.020623755918714,0,4.3097375584803e-11,5.6404829411866e-14,0,0,4.5432508536654e-14,5.7479303758079e-14,4.3439600615341e-14,0,4.1435063938381e-14,5.2653275829655e-14,0,6.5773550932035e-14,4.1853193923813e-14,2.9102579845744e-12,0,0,2.8087918622853e-12,2.9924225572385e-12,2.757756423308e-12,0,2.7025427399981e-12,2.8954378563595e-12,0,3.054322850665e-12,2.69900930944e-12
3.425,1279547761.1974,1279547761.1974,1279547761.1974,701769983.41965,701769983.41965,701769983.41965,1,1,1,389755744.97139,3.0699975053852e-05,0.00010080984968037,4.0005343378922e-05,1.028882396282,337.61265566521,337.61265566521,348.80398009914,348.80398009914,337.61265566521,333.09304334147,333.09304334147,333.09304334147,342.02434510809,342.02434510809,342.02434510809,348.80398009914,0.0037664401835366,-4.7136543236771e-38,-4.1113245589669e-38,-0.0012560498165269,-0.0042653570879883,-0.0044612951988365,-3.9471540360434e-48,-0.0043255944962551,-0.0023327991608931,-7.9726201829013e-46,-0.0026842186805902,0.0013216051495004,484.4152584536,484.4152584536,495.60658288753,495.60658288753,484.4152584536,479.89564612986,479.89564612986,479.89564612986,488.82694789648,488.82694789648,488.82694789648,495.60658288753,0.054632794747571,0.041479296362428,0.027142502442505,0.033669769145821,732.24828432275,-0.023660170757039,-0.0055238484350753,0.0042241757338884,731.18338885322,0.0040025058798538,-0.021907359387202,0,4.5856028103062e-11,5.7010287266054e-14,0,0,4.5121427195069e-14,5.7918570277322e-14,4.2940604657511e-14,0,4.0881398883835e-14,5.2987160319853e-14,0,6.6971015981671e-14,4.1567015485497e-14,2.9908827060209e-12,0,0,2.8726031965782e-12,3.0743317848379e-12,2.8184836087911e-12,0,2.7603577687485e-12,2.9703730171154e-12,0,3.1490341697522e-12,2.757793946487e-12
3.475,1273113622.5546,1273113622.5546,1273113622.5546,695335844.7768,695335844.7768,695335844.7768,1,1,1,391089373.31407,3.1355002942422e-05,0.00010228663373271,4.1073840661677e-05,1.0293917494571,336.52833086524,336.52833086524,348.21201759021,348.21201759021,336.52833086524,331.96363425588,331.96363425588,331.96363425588,341.20156668577,341.20156668577,341.20156668577,348.21201759021,0.0037813039932436,-2.760840357634e-37,-3.3072368128922e-37,-0.0012287387024872,-0.004308254134052,-0.0044774038286812,-4.8053770866064e-47,-0.0043256322825678,-0.002312869253965,-2.0982901869844e-44,-0.002676017271402,0.001301446931932,483.84106542166,483.84106542166,495.52475214663,495.52475214663,483.84106542166,479.27636881229,479.27636881229,479.27636881229,488.51430124219,488.51430124219,488.51430124219,495.52475214663,0.054623238777213,0.042122258553728,0.027600241576836,0.034152436036122,730.59366709868,-0.024410939456704,-0.0025757519161,-0.0002979719219783,729.42341021828,0.0027445011962108,-0.024448759130651,0,4.8742152395313e-11,5.773382370114e-14,0,0,4.4910987108857e-14,5.8468357213419e-14,4.2504917342591e-14,0,4.0379623253438e-14,5.3424899902404e-14,0,6.8327350417411e-14,4.1368558799336e-14,3.0725306625067e-12,0,0,2.9361169236472e-12,3.1570185285788e-12,2.8785946393646e-12,0,2.817463179597e-12,3.0459272351259e-12,0,3.2456636353935e-12,2.8162979233968e-12
3.525,1266851151.088,1266851151.088,1266851151.088,689073373.31018,689073373.31018,689073373.31018,1,1,1,392248108.37046,3.2011994902267e-05,0.000103763225859,4.2146555152513e-05,1.0299011740172,335.46332402354,335.46332402354,347.63635668192,347.63635668192,335.46332402354,330.85956474739,330.85956474739,330.85956474739,340.39835369438,340.39835369438,340.39835369438,347.63635668192,0.0037927945910098,-1.4179028089695e-36,-2.3352013763079e-36,-0.0012021196687608,-0.0043541987131181,-0.0044933455615854,-5.1625400644478e-46,-0.0043259130705555,-0.0022935792953145,-4.7338970487917e-43,-0.0026665148950544,0.0012809680888373,483.25468899815,483.25468899815,495.42772165653,495.42772165653,483.25468899815,478.650929722,478.650929722,478.650929722,488.18971866899,488.18971866899,488.18971866899,495.42772165653,0.054499762174344,0.042766368140463,0.028059044877021,0.034634820795325,728.93637677455,-0.028534786608049,-0.0074088179518593,0.0040155732037752,727.65346085607,0.0034943943604048,-0.027309581881318,0,5.1739690194163e-11,5.8544015299019e-14,0,0,4.4798148318308e-14,5.906864267101e-14,4.2154146306841e-14,0,3.9957133846469e-14,5.3948940894963e-14,0,6.9708001428318e-14,4.1296132046831e-14,3.1553244029383e-12,0,0,2.9994710725681e-12,3.2405542041552e-12,2.938209604782e-12,0,2.8739711001962e-12,3.1222225590152e-12,0,3.3442456364193e-12,2.874699473411e-12
3.575,1260756789.762,1260756789.762,1260756789.762,682979011.98426,682979011.98426,682979011.98426,1,1,1,393197091.03294,3.2670296282557e-05,0.00010523969381549,4.32230357115e-05,1.0304105966099,334.41805341281,334.41805341281,347.07664806095,347.07664806095,334.41805341281,329.78020408066,329.78020408066,329.78020408066,339.61450620761,339.61450620761,339.61450620761,347.07664806095,0.0038042749772107,-6.4568719162057e-36,-1.4446074711492e-35,-0.001177932111527,-0.0043938189947175,-0.0045062564106668,-4.9607347679888e-45,-0.0043239180563256,-0.0022750172720047,-9.065140421592e-42,-0.0026585457056684,0.0012638332868356,482.65856699432,482.65856699432,495.31716164246,495.31716164246,482.65856699432,478.02071766217,478.02071766217,478.02071766217,487.85501978912,487.85501978912,487.85501978912,495.31716164246,0.054181373190292,0.043411533499018,0.028518762026166,0.035116923038743,727.28561385927,-0.029910134071242,-0.0045142784982296,0.0014052096757095,725.88660109077,0.0034170375339217,-0.02880980832777,0,5.536405770676e-11,5.9454544884919e-14,0,0,4.4802361724467e-14,5.980359945081e-14,4.1876146058506e-14,0,3.9577121786244e-14,5.4599473503842e-14,0,7.1206029701549e-14,4.1316210534536e-14,3.2394058266593e-12,0,0,3.0628311801452e-12,3.3251292655772e-12,2.9974314184778e-12,0,2.929941602586e-12,3.1994378749427e-12,0,3.444946169346e-12,2.9331294186948e-12
3.625,1254826023.505,1254826023.505,1254826023.505,677048245.72722,677048245.72722,677048245.72722,1,1,1,394023322.25572,3.3330330141571e-05,0.00010671639445004,4.430352145962e-05,1.0309200650876,333.39260390103,333.39260390103,346.53188201616,346.53188201616,333.39260390103,328.72568340102,328.72568340102,328.72568340102,338.84938297945,338.84938297945,338.84938297945,346.53188201616,0.0038163078147615,-2.6260952109087e-35,-7.9417801273125e-35,-0.0011542900719933,-0.0044385479371965,-0.0045183321718574,-4.2151529559136e-44,-0.0043226028444897,-0.0022533245392118,-1.5003668440485e-40,-0.0026492043725079,0.0012473764462208,482.05447135364,482.05447135364,495.19374946876,495.19374946876,482.05447135364,477.38755085362,477.38755085362,477.38755085362,487.51125043205,487.51125043205,487.51125043205,495.19374946876,0.053853380454292,0.04405775082136,0.028979372483936,0.035598738918355,725.6358537852,-0.033832438448859,0.0026491905031726,0.0042992766448904,724.11419755492,-0.0030659302998516,-0.030394049991849,0,5.9360070383786e-11,6.0419148622804e-14,0,0,4.4909488227294e-14,6.0634095177861e-14,4.1658573652478e-14,0,3.9263640109837e-14,5.5374185385216e-14,0,7.2743788816821e-14,4.1452828888466e-14,3.3248514060687e-12,0,0,3.1263427874755e-12,3.41087882532e-12,3.0563455383263e-12,0,2.9854687749375e-12,3.2777487989199e-12,0,3.5478214220692e-12,2.9917525715076e-12
3.675,1249054994.1103,1249054994.1103,1249054994.1103,671277216.33253,671277216.33253,671277216.33253,1,1,1,394744543.81669,3.4086945350722e-05,0.00010819284040569,4.5381915455615e-05,1.031429359132,332.38659512373,332.38659512373,346.00161195434,346.00161195434,332.38659512373,327.69559512553,327.69559512553,327.69559512553,338.10302431587,338.10302431587,338.10302431587,346.00161195434,0.003822075683829,-9.8489918874659e-35,-4.0151372738624e-34,-0.0011336195087554,-0.0044711853659211,-0.0045299387439648,-3.2007431852865e-43,-0.0043155907889323,-0.0022393043742195,-2.0867196328388e-39,-0.0026417492315291,0.0012323494930075,481.44368711601,481.44368711601,495.05870394662,495.05870394662,481.44368711601,476.75268711782,476.75268711782,476.75268711782,487.16011630815,487.16011630815,487.16011630815,495.05870394662,0.053641366433786,0.044704871274609,0.029440699339859,0.036080271332953,724.01650576673,-0.034118150050378,-0.0043983955102182,0.00016097624868158,722.36826454342,0.003310350031296,-0.03381653151544,0,6.3557128753649e-11,6.1549301610862e-14,0,0,4.5135106465503e-14,6.1556148616459e-14,4.1557022626376e-14,0,3.9033366908896e-14,5.6210184236531e-14,0,7.4406328777697e-14,4.1680557040847e-14,3.4118952631614e-12,0,0,3.1901734671781e-12,3.4979323655408e-12,3.1151160433363e-12,0,3.0406702918051e-12,3.3572420038107e-12,0,3.653047861353e-12,3.050697780562e-12
3.7,1246455718.5257,1246455718.5257,1246455718.5257,668677940.74795,668677940.74795,668677940.74795,1,1,1,395023811.20839,3.451480795631e-05,0.00010893097016342,4.5928393602941e-05,1.0316863057002,331.93644539046,331.93644539046,345.75952109223,345.75952109223,331.93644539046,327.23057191452,327.23057191452,327.23057191452,337.76402406975,337.76402406975,337.76402406975,345.75952109223,0.0038635808636147,-1.8804439626344e-34,-8.888449988506e-34,-0.0011247516669558,-0.0045491257231822,-0.0045832243492135,-8.9942238742338e-43,-0.0043605498278207,-0.0022441377871576,-8.1622979278936e-39,-0.0026543133002047,0.001224179542553,481.1705110587,481.1705110587,494.99358676047,494.99358676047,481.1705110587,476.46463758276,476.46463758276,476.46463758276,486.998089738,486.998089738,486.998089738,494.99358676047,0.053021239319053,0.045029475077308,0.029672452493446,0.036320920717007,722.89827712418,-0.035602088542017,-0.0175167354704,-0.0018293279894927,721.17771329872,0.015089933235089,-0.033621834621337,0,6.5702739526932e-11,3.094600071014e-14,0,0,2.2493662509482e-14,3.0839644106871e-14,2.0644096194864e-14,0,1.9356916709117e-14,2.8177607674138e-14,0,3.7488323289797e-14,2.0789370942002e-14,3.4556595170669e-12,0,0,3.2219843097665e-12,3.5415462084955e-12,3.144311204158e-12,0,3.0680451059409e-12,3.3970911587387e-12,0,3.70606435658e-12,3.0800983909014e-12
3.75,1240871608.7012,1240871608.7012,1240871608.7012,663093830.92343,663093830.92343,663093830.92343,1,1,1,395572724.62973,3.5360695355818e-05,0.00011040696142319,4.6999679529937e-05,1.0321931504046,330.95080870977,330.95080870977,345.24786802244,345.24786802244,330.95080870977,326.22652839282,326.22652839282,326.22652839282,337.03931934924,337.03931934924,337.03931934924,345.24786802244,0.0038122339652711,-6.161743449195e-34,-3.8342637841888e-33,-0.00110098720023,-0.0045035342465508,-0.0045229742330845,-5.6653966005013e-42,-0.0042875188309783,-0.0022050225978485,-8.5590776026672e-38,-0.0026182238914167,0.0012090279172504,480.5477653124,480.5477653124,494.84482462508,494.84482462508,480.5477653124,475.82348499545,475.82348499545,475.82348499545,486.63627595187,486.63627595187,486.63627595187,494.84482462508,0.053185080328976,0.045677310469051,0.030134084058722,0.036802027874479,721.62395962682,-0.039251706468119,-0.0055546561535747,0.0029850657396917,719.7725121976,0.0037472911333141,-0.038138927784602,0,7.0184828560019e-11,6.342229177476e-14,0,0,4.5715539616851e-14,6.3239934317245e-14,4.1581729768434e-14,0,3.8831612699739e-14,5.7804527456578e-14,0,7.6969642800738e-14,4.2253742300694e-14,3.5453521822515e-12,0,0,3.2866358459038e-12,3.6309809812905e-12,3.2031166503435e-12,0,3.1229612992697e-12,3.4788391054343e-12,0,3.8149158693199e-12,3.1398542063241e-12
3.8,1235493658.0282,1235493658.0282,1235493658.0282,657715880.25044,657715880.25044,657715880.25044,1,1,1,396046253.92273,3.6218456473039e-05,0.00011188264057234,4.807402618175e-05,1.0327019192151,329.99838269907,329.99838269907,344.75193043016,344.75193043016,329.99838269907,325.25858732578,325.25858732578,325.25858732578,336.33818357414,336.33818357414,336.33818357414,344.75193043016,0.0038351169294294,-1.8975106838352e-33,-1.5361454524379e-32,-0.0010857814307823,-0.0045570485600041,-0.0045512039257103,-3.2992369028144e-41,-0.0042995137821305,-0.0021966304158307,-8.2009427611132e-37,-0.0026206843463637,0.001199795832565,479.9319179093,479.9319179093,494.68546564039,494.68546564039,479.9319179093,475.192122536,475.192122536,475.192122536,486.27171878436,486.27171878436,486.27171878436,494.68546564039,0.051919391158622,0.046326502848488,0.030596929665658,0.037282841192405,720.0915949417,-0.041596171281149,-0.0040027103907362,0.0014896960109889,718.10353931495,0.0033244587009347,-0.041030706215869,0,7.4835856753578e-11,6.4776909970286e-14,0,0,4.6241816121379e-14,6.4471917490821e-14,4.1702702070189e-14,0,3.8790442084871e-14,5.8967435478555e-14,0,7.875493471706e-14,4.2754805049901e-14,3.6369605668601e-12,0,0,3.3520316494115e-12,3.7221580413983e-12,3.2620931771988e-12,0,3.1778192685565e-12,3.5622316524265e-12,0,3.9262921661005e-12,3.2003186314823e-12
3.85,1230239552.0004,1230239552.0004,1230239552.0004,652461774.22266,652461774.22266,652461774.22266,1,1,1,396464362.68803,3.7083413879437e-05,0.00011335885056549,4.9145381392598e-05,1.0332108066602,329.06215220418,329.06215220418,344.26676068948,344.26676068948,329.06215220418,324.30969409365,324.30969409365,324.30969409365,335.65104032427,335.65104032427,335.65104032427,344.26676068948,0.0038423429734764,-5.5503221715663e-33,-5.7303082926306e-32,-0.0010687199555065,-0.0045917328297221,-0.0045626961010137,-1.7615710913724e-40,-0.004294099112723,-0.0021820600660674,-6.9236188557199e-36,-0.0026154726620864,0.001188365174344,479.31297206235,479.31297206235,494.51758054765,494.51758054765,479.31297206235,474.56051395182,474.56051395182,474.56051395182,485.90186018244,485.90186018244,485.90186018244,494.51758054765,0.051715182287502,0.046976548956609,0.031060418569121,0.037763365267247,718.5491141062,-0.04445900088507,-0.0037767170683861,0.0018691165105933,716.41999629429,0.001940384721125,-0.043889062596438,0,7.9637754604089e-11,6.61739000833e-14,0,0,4.683401982202e-14,6.57644308871e-14,4.1877452736559e-14,0,3.8798243374375e-14,6.020694958868e-14,0,8.0500282774502e-14,4.3321820404466e-14,3.730544593833e-12,0,0,3.4182649554242e-12,3.8151629914806e-12,3.3213168388164e-12,0,3.2326882705328e-12,3.6473771370839e-12,0,4.0401367577751e-12,3.2615849374449e-12
3.9,1225123595.2327,1225123595.2327,1225123595.2327,647345817.45494,647345817.45494,647345817.45494,1,1,1,396815029.99145,3.7955112173568e-05,0.0001148355229704,5.0213026165309e-05,1.0337196264786,328.14549255591,328.14549255591,343.79332947988,343.79332947988,328.14549255591,323.38312110906,323.38312110906,323.38312110906,334.9797187871,334.9797187871,334.9797187871,343.79332947988,0.0038480847703324,-1.567838057357e-32,-2.0020707874782e-31,-0.0010524765720028,-0.0046231517919535,-0.0045721149019544,-8.6083646320557e-40,-0.0042862962401868,-0.002166663249845,-5.2053458641599e-35,-0.002609759224619,0.0011776855070223,478.69443197154,478.69443197154,494.34226889551,494.34226889551,478.69443197154,473.9320605247,473.9320605247,473.9320605247,485.52865820273,485.52865820273,485.52865820273,494.34226889551,0.051245937930491,0.047627363183316,0.031524444362874,0.038243599102884,717.02193931122,-0.047529334286523,-0.0023714900054914,0.001178185873526,714.74752704831,5.5630186632063e-05,-0.047612805628017,0,8.4577304427885e-11,6.7652570735482e-14,0,0,4.7513842598859e-14,6.713954369057e-14,4.2125539071858e-14,0,3.8872145701456e-14,6.155270539267e-14,0,8.2271174018052e-14,4.3968548757773e-14,3.8262197768966e-12,0,0,3.485459676028e-12,3.9101126447393e-12,3.3808913474941e-12,0,3.2876617861824e-12,3.7344258078509e-12,0,4.1564857678638e-12,3.323765855416e-12
3.95,1220143589.0002,1220143589.0002,1220143589.0002,642365811.22238,642365811.22238,642365811.22238,1,1,1,397126572.93186,3.883353952709e-05,0.00011631175768365,5.1278623526365e-05,1.0342283455649,327.24886499105,327.24886499105,343.33127245843,343.33127245843,327.24886499105,322.47855170068,322.47855170068,322.47855170068,334.32401450364,334.32401450364,334.32401450364,343.33127245843,0.0038536352417961,-4.2503850906855e-32,-6.4157482933793e-31,-0.0010364180542812,-0.0046558974664601,-0.0045795791161242,-3.8545593746509e-39,-0.0042805264490406,-0.0021490777536724,-3.5228306573806e-34,-0.0026028151826752,0.0011673715245202,478.07784289001,478.07784289001,494.16025035739,494.16025035739,478.07784289001,473.30752959965,473.30752959965,473.30752959965,485.15299240261,485.15299240261,485.15299240261,494.16025035739,0.050987460482475,0.048278906795781,0.031988981122922,0.038723539536432,715.51479667966,-0.051179670490189,0.0067444964071277,0.0048903748893991,713.09208523856,-0.0054480969304114,-0.049806250642574,0,8.9643810679042e-11,6.9185424308114e-14,0,0,4.8306659659309e-14,6.8688460344572e-14,4.2442349814354e-14,0,3.9025719200432e-14,6.3085276616486e-14,0,8.4041187430966e-14,4.4703501627444e-14,3.9240627422716e-12,0,0,3.5537756092711e-12,4.0072527969371e-12,3.4409138942206e-12,0,3.342852487557e-12,3.823641861628e-12,0,4.2753379549266e-12,3.3869861537031e-12
4,1215296652.9706,1215296652.9706,1215296652.9706,637518875.1928,637518875.1928,637518875.1928,1,1,1,397400580.86565,3.9711692602366e-05,0.00011778704976929,5.2340600005252e-05,1.034736770622,326.3715768137,326.3715768137,342.88049616044,342.88049616044,326.3715768137,321.59559998725,321.59559998725,321.59559998725,333.68415537897,333.68415537897,333.68415537897,342.88049616044,0.0038545851752804,-1.1605530557615e-31,-1.9878180869471e-30,-0.0010227348473224,-0.0046766484209216,-0.0045882861563976,-1.5823046943481e-38,-0.0042688061098213,-0.0021376308786135,-2.1346928490542e-33,-0.0025984706514937,0.0011580366532252,477.46348810092,477.46348810092,493.97240744766,493.97240744766,477.46348810092,472.68751127447,472.68751127447,472.68751127447,484.77606666619,484.77606666619,484.77606666619,493.97240744766,0.050076328530727,0.048931054871588,0.032453870587142,0.039203192085586,714.05286993882,-0.053739501202555,0.0020423138739373,0.0013770218717584,711.47869843899,-0.0016065493392131,-0.054457842010549,0,9.4817791149472e-11,7.0893316869279e-14,0,0,4.9171835267655e-14,7.0265204040666e-14,4.2884703704919e-14,0,3.9264861336034e-14,6.4689750510079e-14,0,8.5874435352512e-14,4.5521855956107e-14,4.0243210324698e-12,0,0,3.6233150855934e-12,4.1066228014543e-12,3.5015620238184e-12,0,3.3983813869831e-12,3.9151269841459e-12,0,4.3967827460632e-12,3.4513637797807e-12
4.05,1210579026.3522,1210579026.3522,1210579026.3522,632801248.57438,632801248.57438,632801248.57438,1,1,1,397643831.811,4.0597810526389e-05,0.00011926147547048,5.3392726312152e-05,1.0352450283804,325.51467293432,325.51467293432,342.44044532958,342.44044532958,325.51467293432,320.73389280254,320.73389280254,320.73389280254,333.05899853487,333.05899853487,333.05899853487,342.44044532958,0.0038555388011839,-3.168379382593e-31,-5.8244594126823e-30,-0.0010097057081514,-0.0047026833937773,-0.0045967480289309,-6.1128883545443e-38,-0.0042605899587547,-0.002125108918904,-1.180613591451e-32,-0.0025924435059469,0.0011482778665276,476.85379301561,476.85379301561,493.77956541088,493.77956541088,476.85379301561,472.07301288383,472.07301288383,472.07301288383,484.39811861616,484.39811861616,484.39811861616,493.77956541088,0.049597584862197,0.049583823124931,0.032919138625901,0.039682551745342,712.61835031425,-0.057610258961312,-0.0050515920935103,0.0019231315042547,709.89121794114,0.0043940022241931,-0.056444327438647,0,1.0007832873025e-10,7.2713045398719e-14,0,0,5.010368102295e-14,7.1907069464939e-14,4.3419493310228e-14,0,3.9595232504477e-14,6.6445206140869e-14,0,8.7669610568742e-14,4.6422998908045e-14,4.1271528074341e-12,0,0,3.6941723908209e-12,4.2083147543222e-12,3.5629664601291e-12,0,3.4543775017963e-12,4.009094695825e-12,0,4.5207662983375e-12,3.5170158144425e-12
4.1,1205983051.315,1205983051.315,1205983051.315,628205273.53725,628205273.53725,628205273.53725,1,1,1,397859451.76329,4.1486889213086e-05,0.00012073513907713,5.4437968783135e-05,1.0357530855091,324.67675228909,324.67675228909,342.01040397852,342.01040397852,324.67675228909,319.89225945124,319.89225945124,319.89225945124,332.44796518539,332.44796518539,332.44796518539,342.01040397852,0.0038572090867379,-8.6308615604017e-31,-1.6248494331779e-29,-0.00099640262814591,-0.0047258490633215,-0.0046052910036216,-2.2674364892849e-37,-0.0042498565912344,-0.0021128501206884,-6.0623506392657e-32,-0.0025886276033838,0.0011392927536607,476.24839953753,476.24839953753,493.58205122695,493.58205122695,476.24839953753,471.46390669967,471.46390669967,471.46390669967,484.01961243383,484.01961243383,484.01961243383,493.58205122695,0.048937254032964,0.050237170763728,0.033384740635939,0.040161620774534,711.21509440481,-0.058961752704018,-0.0086765519239903,0.0032948088853743,708.334273706,0.0035245515353423,-0.05909954797458,0,1.0599541332766e-10,7.4589885546757e-14,0,0,5.1110492894932e-14,7.3657769591853e-14,4.4023682289993e-14,0,3.9999317474618e-14,6.8347170742728e-14,0,8.9399461515583e-14,4.7401778605599e-14,4.2326388351902e-12,0,0,3.7664535430525e-12,4.3124825710531e-12,3.6252253486892e-12,0,3.5109450790545e-12,4.1057521916392e-12,0,4.6471962292817e-12,3.5840520526271e-12
4.15,1201508999.1533,1201508999.1533,1201508999.1533,623731221.3755,623731221.3755,623731221.3755,1,1,1,398051328.30631,4.2382242649536e-05,0.00012220787645888,5.5482163931547e-05,1.0362610986482,323.85853615039,323.85853615039,341.59048586829,341.59048586829,323.85853615039,319.07094517635,319.07094517635,319.07094517635,331.85084603843,331.85084603843,331.85084603843,341.59048586829,0.0038616039751995,-2.333134521244e-30,-4.2198942420694e-29,-0.00098489914679496,-0.0047528592266509,-0.0046115430923091,-8.2670823968058e-37,-0.0042442949452061,-0.0020964647111351,-3.038701856551e-31,-0.0025836692649424,0.0011315797123013,475.64887299595,475.64887299595,493.38082271385,493.38082271385,475.64887299595,470.86128202191,470.86128202191,470.86128202191,483.64118288399,483.64118288399,483.64118288399,493.38082271385,0.04836752663769,0.050891135569105,0.033850691359185,0.0406403889088,709.82374568245,-0.063934269425153,-0.0016599454220649,0.0045376858039797,706.78465723456,0.0046407166297038,-0.062080428763162,0,1.1366295083209e-10,7.6546388923086e-14,0,0,5.2195938140417e-14,7.547144616509e-14,4.4657045066551e-14,0,4.0494548113681e-14,7.0435936985714e-14,0,9.128874907216e-14,4.842273473232e-14,4.3408917765559e-12,0,0,3.8402697466714e-12,4.4192153137917e-12,3.6883799474779e-12,0,3.5682130181991e-12,4.2053636490029e-12,0,4.7762980163116e-12,3.6525321408127e-12
4.2,1197153243.6393,1197153243.6393,1197153243.6393,619375465.86151,619375465.86151,619375465.86151,1,1,1,398211342.28824,4.327289169398e-05,0.00012367965769659,5.6513374795416e-05,1.0367685982232,323.05960705425,323.05960705425,341.17988165396,341.17988165396,323.05960705425,318.26911720392,318.26911720392,318.26911720392,331.2680445781,331.2680445781,331.2680445781,341.17988165396,0.00386029849533,-6.290384886404e-30,-1.0794295304041e-28,-0.00097296842508467,-0.0047602743558488,-0.0046184901168229,-3.2316861819699e-36,-0.0042292416054687,-0.0020879096479594,-1.4775965176523e-30,-0.0025828413797248,0.0011243424551494,475.05546185091,475.05546185091,493.17573645062,493.17573645062,475.05546185091,470.26497200058,470.26497200058,470.26497200058,483.26389937476,483.26389937476,483.26389937476,493.17573645062,0.047911436745645,0.051545486654325,0.034316769469356,0.041118879750732,708.50491762419,-0.068046833245724,-0.0019318158924246,0.0026791357617995,705.30704973626,0.0010230632544906,-0.067740990521904,0,1.2159043326295e-10,7.860621244735e-14,0,0,5.3344109388758e-14,7.7393482469195e-14,4.5439261181369e-14,0,4.1059809544135e-14,7.2671586555605e-14,0,9.2929995738088e-14,4.9552782025469e-14,4.4520577482857e-12,0,0,3.9157097096417e-12,4.5286662263389e-12,3.7526407669048e-12,0,3.6262803577248e-12,4.308136792309e-12,0,4.9077208766357e-12,3.7226103572065e-12
4.25,1192911252.4852,1192911252.4852,1192911252.4852,615133474.70739,615133474.70739,615133474.70739,1,1,1,398354954.79201,4.4168039002411e-05,0.0001251506220055,5.7535773818459e-05,1.0372759860151,322.28008356059,322.28008356059,340.77864559367,340.77864559367,322.28008356059,317.48631607406,317.48631607406,317.48631607406,330.69832613744,330.69832613744,330.69832613744,340.77864559367,0.0038646340297812,-1.6510049004535e-29,-2.6169095813848e-28,-0.00096202515831376,-0.0047768441063966,-0.0046258022502113,-1.2273135059703e-35,-0.0042198742246502,-0.0020756746799831,-7.2858528837426e-30,-0.0025818644098786,0.0011180842619912,474.46958812155,474.46958812155,492.96815015463,492.96815015463,474.46958812155,469.67582063502,469.67582063502,469.67582063502,482.8878306984,482.8878306984,482.8878306984,492.96815015463,0.047295453143818,0.052200340542689,0.034783098118214,0.041597079389427,707.20425855729,-0.071525158862309,0.0078371840257455,0.0029191544309846,703.84768087868,-0.0047782776547437,-0.072102337263854,0,1.2976695901329e-10,8.0724681778874e-14,0,0,5.4564203695321e-14,7.9396414045953e-14,4.6247830747324e-14,0,4.1709807431053e-14,7.5096564183434e-14,0,9.4635056936842e-14,5.0728903609524e-14,4.5662196880757e-12,0,0,3.9928751465277e-12,4.6409497118865e-12,3.818045076378e-12,0,3.6852669330778e-12,4.4143393718648e-12,0,5.0415550576318e-12,3.7943518606954e-12
4.3,1188776356.6703,1188776356.6703,1188776356.6703,610998578.89247,610998578.89247,610998578.89247,1,1,1,398477436.08097,4.5059272566051e-05,0.00012662020734397,5.855313957329e-05,1.0377831473426,321.51835355017,321.51835355017,340.38615369667,340.38615369667,321.51835355017,316.7216466514,316.7216466514,316.7216466514,330.14125681327,330.14125681327,330.14125681327,340.38615369667,0.00386174092752,-4.2494730002368e-29,-6.1343111524594e-28,-0.0009527925918033,-0.0047905846803514,-0.0046349230857319,-3.9260056023432e-35,-0.0042096759851173,-0.0020671829318279,-3.6639375571934e-29,-0.0025805746898538,0.0011103237050424,473.89035692167,473.89035692167,492.75815706818,492.75815706818,473.89035692167,469.0936500229,469.0936500229,469.0936500229,482.51326018478,482.51326018478,482.51326018478,492.75815706818,0.046882266956711,0.052855625567491,0.035249616346538,0.042074987285221,705.93686825103,-0.074913282395291,-0.0041858065262976,0.0023198733875068,702.42241620473,0.0031493227607232,-0.074147056438989,0,1.381569828192e-10,8.3070748450583e-14,0,0,5.5801427229964e-14,8.1317810485045e-14,4.7170675090116e-14,0,4.2462261682873e-14,7.7619458309542e-14,0,9.6379964723065e-14,5.1972194455229e-14,4.683699467171e-12,0,0,4.0717902817161e-12,4.7559504623369e-12,3.8847544848367e-12,0,3.7453176394388e-12,4.5241098625102e-12,0,5.1778569108842e-12,3.8678516429603e-12
4.35,1184750671.0579,1184750671.0579,1184750671.0579,606972893.28012,606972893.28012,606972893.28012,1,1,1,398588039.37328,4.5947788142044e-05,0.00012808874685176,5.9562203348521e-05,1.0382900340831,320.77602953277,320.77602953277,340.00295421061,340.00295421061,320.77602953277,315.97462360427,315.97462360427,315.97462360427,329.59698027693,329.59698027693,329.59698027693,340.00295421061,0.0038620877734635,-1.0574822440093e-28,-1.3879654398671e-27,-0.00094300645561378,-0.0047993012181182,-0.004642597430932,-4.9535407190649e-35,-0.0041983327581791,-0.0020582272427765,-1.8290538797503e-28,-0.0025808708000539,0.0011041030417331,473.31993710439,473.31993710439,492.54686178223,492.54686178223,473.31993710439,468.51853117589,468.51853117589,468.51853117589,482.14088784855,482.14088784855,482.14088784855,492.54686178223,0.046114794996185,0.053511303200644,0.035716290302749,0.042552610907549,704.70902334182,-0.079054097042581,-0.0035153497708969,0.0024947873822451,701.03549885291,0.001678985501904,-0.078916622671157,0,1.4670672244334e-10,8.5434481798436e-14,0,0,5.712240513319e-14,8.336199177491e-14,4.8140698678601e-14,0,4.3275421829763e-14,8.0362856679478e-14,0,9.8004671059665e-14,5.3278810170576e-14,4.8045220700246e-12,0,0,4.1525735617709e-12,4.8738421216914e-12,3.9528357138101e-12,0,3.8065183279078e-12,4.6377601043374e-12,0,5.3164564458726e-12,3.9431992588906e-12
4.4,1180829415.7417,1180829415.7417,1180829415.7417,603051637.96387,603051637.96387,603051637.96387,1,1,1,398683571.30412,4.6834191047331e-05,0.00012955662612061,6.0564090555322e-05,1.0387967148015,320.0527360001,320.0527360001,339.62829921898,339.62829921898,320.0527360001,315.24490602165,315.24490602165,315.24490602165,329.06478027067,329.06478027067,329.06478027067,339.62829921898,0.0038616656000251,-2.5287925863825e-28,-3.0131533281895e-27,-0.0009338976178708,-0.004809810719929,-0.0046495357800299,6.6591339489851e-34,-0.0041895566461525,-0.0020489735651432,-8.8061975843794e-28,-0.0025813164078887,0.0010977343577042,472.75874073159,472.75874073159,492.33430395046,492.33430395046,472.75874073159,467.95091075313,467.95091075313,467.95091075313,481.77078500215,481.77078500215,481.77078500215,492.33430395046,0.045540853148838,0.054167368629822,0.036183114303226,0.043029946056841,703.51065430001,-0.082969972070606,-0.0034436862611446,0.0043336788303477,699.68005667509,0.0023486997753699,-0.080712662537052,0,1.5537661060057e-10,8.7896236162098e-14,0,0,5.8493315014481e-14,8.541614048627e-14,4.9166226739513e-14,0,4.4173311774764e-14,8.3270911797888e-14,0,9.9613287049621e-14,5.4639994992335e-14,4.9288261192866e-12,0,0,4.2352956011725e-12,4.9946387860127e-12,4.0223672584758e-12,0,3.8689888245146e-12,4.7555229571531e-12,0,5.4573309074108e-12,4.0204718808567e-12
4.45,1177009524.3012,1177009524.3012,1177009524.3012,599231746.52338,599231746.52338,599231746.52338,1,1,1,398763232.02058,4.771696055544e-05,0.0001310263929896,6.1557555860577e-05,1.0393031282282,319.34705782552,319.34705782552,339.26205069197,339.26205069197,319.34705782552,314.5325719979,314.5325719979,314.5325719979,328.5446912,328.5446912,328.5446912,339.26205069197,0.0038620747406293,-5.8616037848737e-28,-6.3496048866496e-27,-0.00092536998205179,-0.0048145907351242,-0.0046563728811064,7.432709961215e-33,-0.0041779769677901,-0.0020409172083634,-4.04380861578e-27,-0.0025837619059716,0.0010924910106901,472.20587931112,472.20587931112,492.12087217758,492.12087217758,472.20587931112,467.39139348351,467.39139348351,467.39139348351,481.40351268561,481.40351268561,481.40351268561,492.12087217758,0.04499595088123,0.05482377268483,0.036650055027186,0.043506997728474,702.35036782984,-0.086571717573623,-0.00081229782920792,0.0035170694115344,698.36188572088,-0.0011237353657531,-0.08578391042703,0,1.6410797852182e-10,9.0459897324485e-14,0,0,5.991574807778e-14,8.7513474983019e-14,5.0235715409442e-14,0,4.5139343009236e-14,8.6356393809763e-14,0,1.0123262224564e-13,5.6071488720422e-14,5.0567557329338e-12,0,0,4.3200292647038e-12,5.1184015292241e-12,4.0934112885234e-12,0,3.9328254955949e-12,4.8776493404765e-12,0,5.6004954547452e-12,4.0997689406676e-12
4.5,1173288639.6175,1173288639.6175,1173288639.6175,595510861.83977,595510861.83977,595510861.83977,1,1,1,398837009.81854,4.8595416458519e-05,0.00013249560035154,6.2542229239066e-05,1.0398092977872,318.65886928957,318.65886928957,338.90389370612,338.90389370612,318.65886928957,313.83727773995,313.83727773995,313.83727773995,328.03662707016,328.03662707016,328.03662707016,338.90389370612,0.0038595852528765,-1.3099617871991e-27,-1.2972478195194e-26,-0.00091777862207866,-0.0048184115963375,-0.004663959055752,5.081643410519e-32,-0.0041678957915508,-0.0020350700446625,-1.7237036455036e-26,-0.0025861728337709,0.0010869021613815,471.66187406285,471.66187406285,491.9068984794,491.9068984794,471.66187406285,466.84028251324,466.84028251324,466.84028251324,481.03963184344,481.03963184344,481.03963184344,491.9068984794,0.044517189772314,0.055480495831905,0.037117088353282,0.043983765284498,701.22396935353,-0.090627894924483,-0.0063635671450528,0.0028445496402464,697.0789950655,0.0029643665096862,-0.089752629595279,0,1.7546935096812e-10,9.3186804127644e-14,0,0,6.1379108377582e-14,8.9580771763672e-14,5.1389741560814e-14,0,4.6170341823223e-14,8.9573950444105e-14,0,1.0281956095425e-13,5.7563938936093e-14,5.1885417751653e-12,0,0,4.4068324322178e-12,5.2450878715801e-12,4.1660873580055e-12,0,3.9981202191807e-12,5.0043260360299e-12,0,5.7459042723239e-12,4.1811766438147e-12
4.55,1169664303.519,1169664303.519,1169664303.519,591886525.74123,591886525.74123,591886525.74123,1,1,1,398905229.49585,4.9468671000492e-05,0.00013396449002443,6.3518489897076e-05,1.0403152144832,317.9883014806,317.9883014806,338.55373837673,338.55373837673,317.9883014806,313.1583237109,313.1583237109,313.1583237109,327.54022543376,327.54022543376,327.54022543376,338.55373837673,0.0038590691856481,-2.8147976137785e-27,-2.5610206910025e-26,-0.0009101180290823,-0.0048195421841469,-0.0046703911776526,2.7725051731536e-31,-0.004158501045733,-0.0020285610697815,-6.6770636599333e-26,-0.002589263161093,0.0010821339404583,471.12743764185,471.12743764185,491.69287453798,491.69287453798,471.12743764185,466.29745987214,466.29745987214,466.29745987214,480.679361595,480.679361595,480.679361595,491.69287453798,0.043927690631789,0.056137508831199,0.037584182372477,0.044460252680572,700.13222109931,-0.095233793165889,-0.003889266113564,0.0030154023898038,695.83194332072,0.0030491185280742,-0.094076550135749,0,1.8932800773583e-10,9.5963586251471e-14,0,0,6.2920651186897e-14,9.1710109770629e-14,5.2580727424053e-14,0,4.7235035603351e-14,9.2958470572308e-14,0,1.0432212921995e-13,5.9126969102363e-14,5.3242547803361e-12,0,0,4.4958156704796e-12,5.3747855526245e-12,4.2404477358481e-12,0,4.0649206471501e-12,5.1357891658507e-12,0,5.8934380423224e-12,4.2647948054212e-12
4.6,1166129989.5192,1166129989.5192,1166129989.5192,588352211.7414,588352211.7414,588352211.7414,1,1,1,398964768.10343,5.033829784353e-05,0.00013543298556694,6.4487527499549e-05,1.0408209670756,317.33429043124,317.33429043124,338.21091380574,338.21091380574,317.33429043124,312.49470726984,312.49470726984,312.49470726984,327.05473338737,327.05473338737,327.05473338737,338.21091380574,0.0038591708948169,-5.8252026552221e-27,-4.8674197041385e-26,-0.00090254235078979,-0.0048259564432475,-0.0046763714116865,1.294377509574e-30,-0.0041501150216414,-0.0020202922256133,-2.3664861756489e-25,-0.0025921087074213,0.0010770037302565,470.60210875417,470.60210875417,491.47873212868,491.47873212868,470.60210875417,465.76252559277,465.76252559277,465.76252559277,480.3225517103,480.3225517103,480.3225517103,491.47873212868,0.043515369462001,0.056794839534848,0.038051382905691,0.044936454102984,699.06314071915,-0.098848253817015,-0.00045790385385557,0.0075714760596173,694.61064506772,0.00032852457848885,-0.095479314754347,0,2.0400076842231e-10,9.8822876166505e-14,0,0,6.4505163786766e-14,9.3845564225719e-14,5.3793410919173e-14,0,4.8368457171765e-14,9.6474015781973e-14,0,1.0579954358603e-13,6.0771340675802e-14,5.4640114320835e-12,0,0,4.58703974795e-12,5.507503222321e-12,4.3165231071363e-12,0,4.1333239752735e-12,5.2722240273862e-12,0,6.0430611917546e-12,4.3507384596085e-12
4.65,1162686623.0869,1162686623.0869,1162686623.0869,584908845.30916,584908845.30916,584908845.30916,1,1,1,399020450.25065,5.1203592856257e-05,0.00013690097182511,6.5448667795041e-05,1.041326518032,316.69638804062,316.69638804062,337.87586202607,337.87586202607,316.69638804062,311.84700743792,311.84700743792,311.84700743792,326.58041562649,326.58041562649,326.58041562649,337.87586202607,0.0038555356612919,-1.1738454971176e-26,-8.928739131097e-26,-0.00089711450072857,-0.0048269148567735,-0.0046801160361901,5.3156508428098e-30,-0.0041449032722192,-0.0020159170731022,-7.6614313729838e-25,-0.002594561076306,0.0010726286306043,470.08574385619,470.08574385619,491.26521784164,491.26521784164,470.08574385619,465.23636325349,465.23636325349,465.23636325349,479.96977144206,479.96977144206,479.96977144206,491.26521784164,0.043022949850725,0.057452443007229,0.038518631313147,0.045412369407033,698.02258881948,-0.10473618547569,-0.0043506161627064,0.0069654972914837,693.41735190169,0.010759670063739,-0.097520018097817,0,2.1948796782722e-10,1.0189418835893e-13,0,0,6.6124335633625e-14,9.5912261948264e-14,5.5058962206173e-14,0,4.9562393359921e-14,1.0005569087623e-13,0,1.0734971468771e-13,6.2484575079896e-14,5.6081115751877e-12,0,0,4.6805536802059e-12,5.6431436439661e-12,4.3943882382184e-12,0,4.2034157841468e-12,5.413724142416e-12,0,6.1948766141829e-12,4.4391049931257e-12
4.7,1159325801.1786,1159325801.1786,1159325801.1786,581548023.40078,581548023.40078,581548023.40078,1,1,1,399072533.06244,5.205698252421e-05,0.00013836880003096,6.6396514652114e-05,1.0418316062048,316.0736142375,316.0736142375,337.54760222674,337.54760222674,316.0736142375,311.21347183119,311.21347183119,311.21347183119,326.11644952134,326.11644952134,326.11644952134,337.54760222674,0.0038554866190093,-2.3069516693274e-26,-1.6290703617732e-25,-0.00088955259540489,-0.0048160329995124,-0.0046873398118537,1.9207515091871e-29,-0.0041282221222989,-0.002012378589706,-2.181433874001e-24,-0.0026017300427866,0.001069044942212,469.57792143532,469.57792143532,491.05190942456,491.05190942456,469.57792143532,464.71777902901,464.71777902901,464.71777902901,479.62075671916,479.62075671916,479.62075671916,491.05190942456,0.04252765534754,0.058110165146264,0.038985793452208,0.045888025542718,697.04260178813,-0.1070411683631,-0.0016273685723962,0.0051508360994358,692.28731772999,0.00017059334413229,-0.10515670999646,0,2.3565310564984e-10,1.0502357854146e-13,0,0,6.780210501017e-14,9.8132071315584e-14,5.6407986195416e-14,0,5.0718014988352e-14,1.0363895540417e-13,0,1.087643765968e-13,6.4344482570152e-14,5.75663734433e-12,0,0,4.7764403366688e-12,5.7819233501244e-12,4.4741611773221e-12,0,4.2751418888e-12,5.5602917587387e-12,0,6.3486926706691e-12,4.5301018330402e-12
4.75,1156043623.4593,1156043623.4593,1156043623.4593,578265845.68155,578265845.68155,578265845.68155,1,1,1,399121417.83311,5.2903180566432e-05,0.00013983625363978,6.733569560049e-05,1.0423365498049,315.46539409443,315.46539409443,337.2259369068,337.2259369068,315.46539409443,310.59402147703,310.59402147703,310.59402147703,325.66187191173,325.66187191173,325.66187191173,337.2259369068,0.0038559477144952,-4.4305175167644e-26,-2.8605544025374e-25,-0.00088407145071357,-0.0048115140301177,-0.0046926687794077,6.2458940418246e-29,-0.004119113623747,-0.002009366058692,-5.743412686517e-24,-0.0026081560327278,0.0010659947278404,469.07878433505,469.07878433505,490.83932714743,490.83932714743,469.07878433505,464.20741171766,464.20741171766,464.20741171766,479.27526215236,479.27526215236,479.27526215236,490.83932714743,0.042174438065681,0.058768111241561,0.039452979728786,0.046363405772418,696.08072097578,-0.11027115870965,-0.0011549947319542,0.0029176441679042,691.17853126164,0.0005513281983162,-0.10946445264378,0,2.525125085869e-10,1.0834497680894e-13,0,0,6.9509033686287e-14,1.0026348979954e-13,5.7806466437723e-14,0,5.1925109745571e-14,1.0719812991326e-13,0,1.1023968218889e-13,6.6289003723023e-14,5.9098602799482e-12,0,0,4.8747409548154e-12,5.9237173372098e-12,4.5559118661512e-12,0,4.3485750832299e-12,5.7118928079231e-12,0,6.5045951243324e-12,4.6238486411415e-12
4.8,1152839024.7219,1152839024.7219,1152839024.7219,575061246.94415,575061246.94415,575061246.94415,1,1,1,399167244.31941,5.3741952602864e-05,0.00014130342591756,6.8265760071115e-05,1.0428413081156,314.87190036549,314.87190036549,336.9106957899,336.9106957899,314.87190036549,309.98830426224,309.98830426224,309.98830426224,325.21653520735,325.21653520735,325.21653520735,336.9106957899,0.0038552581745126,-8.3412361047289e-26,-4.8460326355052e-25,-0.00087846692470058,-0.0048069368560866,-0.0046977540277871,1.8632017807062e-28,-0.0041108789771404,-0.002005990458056,-1.3599015508385e-23,-0.0026139822707688,0.0010627142319541,468.58866856916,468.58866856916,490.62746399356,490.62746399356,468.58866856916,463.70507246591,463.70507246591,463.70507246591,478.93330341102,478.93330341102,478.93330341102,490.62746399356,0.041738004141122,0.059426262550556,0.039920183989096,0.046838513605189,695.14270615101,-0.11499299033292,-0.00025405375715343,0.0044463661640289,690.09551535044,0.00013068979016141,-0.11348232099312,0,2.6999709757062e-10,1.1177320648781e-13,0,0,7.1255469697248e-14,1.023747732157e-13,5.924393825514e-14,0,5.3135467773778e-14,1.1064154363443e-13,0,1.1165546666854e-13,6.8340845517566e-14,6.0679314644732e-12,0,0,4.9755114064545e-12,6.0684971299363e-12,4.63969544712e-12,0,4.4237199823986e-12,5.8683635794928e-12,0,6.6624997996081e-12,4.7204971917365e-12
4.85,1149707627.5993,1149707627.5993,1149707627.5993,571929849.82151,571929849.82151,571929849.82151,1,1,1,399210285.17252,5.4571444623424e-05,0.00014277050834956,6.918540015514e-05,1.0433458118431,314.29225795208,314.29225795208,336.60130648807,336.60130648807,314.29225795208,309.39543865458,309.39543865458,309.39543865458,324.78035874941,324.78035874941,324.78035874941,336.60130648807,0.0038547444578793,-1.5611668367434e-25,-7.9390271644149e-25,-0.00087328726085505,-0.0047977400296607,-0.0047016746752215,5.1075227510129e-28,-0.004101022960587,-0.0020040936113026,-2.9357377740531e-23,-0.0026210637393178,0.0010602855963753,468.10708187672,468.10708187672,490.41613041271,490.41613041271,468.10708187672,463.21026257922,463.21026257922,463.21026257922,478.59518267405,478.59518267405,478.59518267405,490.41613041271,0.04136114362692,0.060084554275398,0.04038734589706,0.047313356227099,694.23708891361,-0.11857058651713,0.0016374654243892,0.0034827303077579,689.04786233651,-0.0014945666449396,-0.1178735627098,0,2.880428954027e-10,1.1535447256296e-13,0,0,7.3035098591269e-14,1.044901231793e-13,6.07342245097e-14,0,5.4341917407546e-14,1.1393599976758e-13,0,1.1309185979641e-13,7.0525214375489e-14,6.2310673240521e-12,0,0,5.0787986334115e-12,6.2162684792705e-12,4.7255866111219e-12,0,4.5005710590017e-12,6.0294934156066e-12,0,6.8224358415262e-12,4.8202349063956e-12
4.9,1146649174.8034,1146649174.8034,1146649174.8034,568871397.02561,568871397.02561,568871397.02561,1,1,1,399250766.76157,5.5392902045818e-05,0.00014423760482337,7.009567484567e-05,1.0438501307393,313.72642799597,313.72642799597,336.29789880961,336.29789880961,313.72642799597,308.81531439435,308.81531439435,308.81531439435,324.35361725369,324.35361725369,324.35361725369,336.29789880961,0.0038530151196515,-2.9256043179073e-25,-1.2391936361441e-24,-0.00086853031468231,-0.0047921314438132,-0.0047058886148526,1.2987643910261e-27,-0.004093726282817,-0.0020020796569542,-5.6854506144497e-23,-0.002626534374213,0.0010572457880823,467.63429178997,467.63429178997,490.2057626036,490.2057626036,467.63429178997,462.72317818834,462.72317818834,462.72317818834,478.26148104769,478.26148104769,478.26148104769,490.2057626036,0.041029024881134,0.060743010999431,0.040854507003013,0.047787929077294,693.35431330623,-0.12239116390141,-0.00012301105940822,0.0056132350792371,688.02699777247,-0.0009633321299433,-0.11994689596664,0,3.0657062083708e-10,1.1908666476319e-13,0,0,7.4854104181596e-14,1.0655406289958e-13,6.2279745125231e-14,0,5.5551731023618e-14,1.1693205023816e-13,0,1.1449948611957e-13,7.2845243472753e-14,6.399481300458e-12,0,0,5.1846583227444e-12,6.366958680149e-12,4.8136634713391e-12,0,4.5791330704286e-12,6.1948603069295e-12,0,6.9843625676812e-12,4.9232536376692e-12
4.95,1143661820.1861,1143661820.1861,1143661820.1861,565884042.40831,565884042.40831,565884042.40831,1,1,1,399288799.48402,5.6204912394821e-05,0.0001457044978742,7.0996015343282e-05,1.0443542128432,313.17377578154,313.17377578154,336.00061601972,336.00061601972,313.17377578154,308.24792015981,308.24792015981,308.24792015981,323.9357871419,323.9357871419,323.9357871419,336.00061601972,0.0038532608446903,-5.6024482041117e-25,-1.8478202195784e-24,-0.00086459616225314,-0.0047809763641027,-0.0047084771603014,3.0571564588551e-27,-0.004084501918583,-0.0020013614928078,-9.9905939241665e-23,-0.0026332222025949,0.0010555558176878,467.16994604513,467.16994604513,489.9967862833,489.9967862833,467.16994604513,462.24409042339,462.24409042339,462.24409042339,477.93195740548,477.93195740548,477.93195740548,489.9967862833,0.040635350294684,0.061401579616083,0.041321588027819,0.048262238819663,692.50188562323,-0.12657523180157,0.00088749438777459,0.0042819726950511,687.03710792936,-0.00056502614484605,-0.12538996963146,0,3.2552824380418e-10,1.2300880446829e-13,0,0,7.6684910250098e-14,1.0862250023629e-13,6.3893493108957e-14,0,5.6747008368287e-14,1.1963399914132e-13,0,1.1603116211405e-13,7.5322583734487e-14,6.5734420200283e-12,0,0,5.2931071628495e-12,6.5205740931621e-12,4.9040225158412e-12,0,4.6593854592871e-12,6.3640483310361e-12,0,7.1484554108008e-12,5.0297758571394e-12
5,1140738100.2295,1140738100.2295,1140738100.2295,562960322.4517,562960322.4517,562960322.4517,1,1,1,399324602.1322,5.7006447126548e-05,0.0001471712364436,7.1885494639996e-05,1.0448580659086,312.63334770471,312.63334770471,335.70836915954,335.70836915954,312.63334770471,307.69214774588,307.69214774588,307.69214774588,323.52576345088,323.52576345088,323.52576345088,335.70836915954,0.0038529404854597,-1.1030341346209e-24,-2.6218539655304e-24,-0.0008606785494782,-0.0047683069811327,-0.0047117102836284,6.6796845409469e-27,-0.0040754419357304,-0.0020017453261015,-1.5927186217538e-22,-0.0026404851199511,0.0010539384593645,466.71349404881,466.71349404881,489.78851550364,489.78851550364,466.71349404881,461.77229408999,461.77229408999,461.77229408999,477.60590979498,477.60590979498,477.60590979498,489.78851550364,0.040308726893474,0.062060241152801,0.04178858424702,0.048736291210186,691.67709052702,-0.13028227600683,0.00060827986825022,0.0040868001881512,686.07886660761,-0.0011335135504761,-0.12971532718465,0,3.4483492118683e-10,1.2710612354551e-13,0,0,7.8547320592608e-14,1.1066736777662e-13,6.5591381477752e-14,0,5.7934163867867e-14,1.2197356816541e-13,0,1.1754869254997e-13,7.7979873823588e-14,6.7531972238071e-12,0,0,5.4041898489196e-12,6.6770813855839e-12,4.9967827371018e-12,0,4.7413167395538e-12,6.5365450053867e-12,0,7.3146943660442e-12,5.1400560522929e-12
5.05,1137878791.3324,1137878791.3324,1137878791.3324,560101013.55463,560101013.55463,560101013.55463,1,1,1,399358328.18045,5.7798023573104e-05,0.00014863771960696,7.2765285194509e-05,1.0453617306321,312.10526578223,312.10526578223,335.42129381589,335.42129381589,312.10526578223,307.14832378104,307.14832378104,307.14832378104,323.12360105759,323.12360105759,323.12360105759,335.42129381589,0.003850873267187,-2.2527925818546e-24,-3.4895739959127e-24,-0.00085761812404371,-0.0047569471931282,-0.0047149130450603,1.3625681567518e-26,-0.0040682950710724,-0.0020035955804641,-2.302058139939e-22,-0.0026463337650345,0.0010518757438828,466.26522574703,466.26522574703,489.58125378068,489.58125378068,466.26522574703,461.30828374584,461.30828374584,461.30828374584,477.28356102238,477.28356102238,477.28356102238,489.58125378068,0.039992884489552,0.062718993461623,0.042255487725169,0.049210082593095,690.87480763951,-0.13375300366649,-0.0078096201174679,0.0043076605806195,685.14663291844,0.0049499084452863,-0.13324579945592,0,3.6693265945511e-10,1.3147012622639e-13,0,0,8.043061713031e-14,1.1262645940924e-13,6.7373167458795e-14,0,5.9125977384432e-14,1.2388977604021e-13,0,1.1916088435115e-13,8.0818806949202e-14,6.9391240593633e-12,0,0,5.5179359184953e-12,6.8363592519625e-12,5.0920627842621e-12,0,4.8249334986594e-12,6.7117516069021e-12,0,7.483213304798e-12,5.2543511051753e-12
5.1,1135081327.3651,1135081327.3651,1135081327.3651,557303549.58731,557303549.58731,557303549.58731,1,1,1,399390047.78932,5.8579649020973e-05,0.00015010415379554,7.3634964458903e-05,1.0458652033067,311.58931773473,311.58931773473,335.13954906239,335.13954906239,311.58931773473,306.61537797932,306.61537797932,306.61537797932,322.72905125034,322.72905125034,322.72905125034,335.13954906239,0.0038524117209378,-4.705400196709e-24,-4.3199840387129e-24,-0.00085403164368171,-0.0047446017769086,-0.0047153217110859,2.6111803932767e-26,-0.0040600763747501,-0.0020032559909449,-3.087113863772e-22,-0.0026546544177938,0.001051177115992,465.82523224361,465.82523224361,489.37546357127,489.37546357127,465.82523224361,460.8512924882,460.8512924882,460.8512924882,476.96496575922,476.96496575922,476.96496575922,489.37546357127,0.039657490805375,0.063377831008764,0.042722299163141,0.049683619839818,690.09585594088,-0.13861698956652,-0.00074923243494521,0.0053870723702354,684.23944165525,-0.00012035536946045,-0.13674739770818,0,3.9988585562439e-10,1.359303650558e-13,0,0,8.2348217617542e-14,1.1465146401529e-13,6.9212199547874e-14,0,6.0300235414852e-14,1.2554540209802e-13,0,1.2078192499301e-13,8.3853024227048e-14,7.1313586251636e-12,0,0,5.6343938846873e-12,6.9985009073188e-12,5.1899436155444e-12,0,4.9102109093974e-12,6.8892996172427e-12,0,7.6540247412127e-12,5.3729371892832e-12
5.15,1132342107.3645,1132342107.3645,1132342107.3645,554564329.5867,554564329.5867,554564329.5867,1,1,1,399420030.15352,5.9351039624425e-05,0.00015157048597885,7.4495506328993e-05,1.0463684990494,311.08431925785,311.08431925785,334.86235996755,334.86235996755,311.08431925785,306.09324211947,306.09324211947,306.09324211947,322.34209634395,322.34209634395,322.34209634395,334.86235996755,0.0038532847366367,-9.9821968451262e-24,-4.8029104588065e-24,-0.00085097785390203,-0.0047325180232345,-0.0047162268450921,4.6999248513445e-26,-0.0040530979311676,-0.002003469273607,-3.7608798165878e-22,-0.0026612934914583,0.0010504430596808,465.39252454903,465.39252454903,489.17056525873,489.17056525873,465.39252454903,460.40144741065,460.40144741065,460.40144741065,476.65030163513,476.65030163513,476.65030163513,489.17056525873,0.039533971374135,0.064036735281377,0.043189009205964,0.050156902001219,689.33772541565,-0.14349134775399,0.0042965444542313,0.0074587755205863,683.35604041073,-0.002464977999561,-0.14045599464857,0,4.3267054627606e-10,1.4058778463297e-13,0,0,8.4311514737916e-14,1.1662731631787e-13,7.1129225406128e-14,0,6.1460685766196e-14,1.2678256109073e-13,0,1.2249485877241e-13,8.7096009235715e-14,7.3301797768955e-12,0,0,5.7536283722939e-12,7.1634368397987e-12,5.2905355307948e-12,0,4.9971294447607e-12,7.0685972346096e-12,0,7.8272586318096e-12,5.4961095467729e-12
5.2,1129656845.3208,1129656845.3208,1129656845.3208,551879067.54301,551879067.54301,551879067.54301,1,1,1,399450384.56276,6.0110243238343e-05,0.00015303670195398,7.5344682548254e-05,1.0468715624566,310.58939372037,310.58939372037,334.58957205508,334.58957205508,310.58939372037,305.58121451377,305.58121451377,305.58121451377,321.96198457158,321.96198457158,321.96198457158,334.58957205508,0.0038523978582159,-2.1537040306382e-23,-5.0763873648086e-24,-0.00084893899445648,-0.0047139038964091,-0.0047179296765312,7.9746042947611e-26,-0.0040441582779215,-0.0020074529021002,-4.1197775910123e-22,-0.0026698096009697,0.0010500118548626,464.96650515216,464.96650515216,488.96668348687,488.96668348687,464.96650515216,459.95832594557,459.95832594557,459.95832594557,476.33909600337,476.33909600337,476.33909600337,488.96668348687,0.039381790341716,0.064695642506721,0.043655545891085,0.050629938468409,688.60696844859,-0.14596642133431,0.0012681927890643,0.0044043274306062,682.50365580291,-0.002015103816198,-0.14518648230229,0,4.6481885730633e-10,1.4557794435469e-13,0,0,8.6257513580416e-14,1.1854017733194e-13,7.318479441499e-14,0,6.2600453004473e-14,1.2759016510733e-13,0,1.2440370291514e-13,9.0608348053155e-14,7.5360580801843e-12,0,0,5.8756149178559e-12,7.3310779662677e-12,5.394034459616e-12,0,5.0856598544103e-12,7.2490369765298e-12,0,8.0031920356816e-12,5.6242491014539e-12
5.25,1127024825.6766,1127024825.6766,1127024825.6766,549247047.89882,549247047.89882,549247047.89882,1,1,1,399478503.4639,6.0858280717968e-05,0.00015450282681634,7.6184045891734e-05,1.0473744667592,310.10498618665,310.10498618665,334.32085296551,334.32085296551,310.10498618665,305.07937690517,305.07937690517,305.07937690517,321.58834349063,321.58834349063,321.58834349063,334.32085296551,0.0038529579723449,-4.624072024681e-23,-5.4556576739148e-24,-0.00084691065836457,-0.0046982286188886,-0.0047187193644081,1.2757870401635e-25,-0.0040373817735369,-0.00201034805338,-3.9025724392049e-22,-0.0026770699700675,0.0010497259385377,464.5478006488,464.5478006488,488.76366742766,488.76366742766,464.5478006488,459.52219136732,459.52219136732,459.52219136732,476.03115795278,476.03115795278,476.03115795278,488.76366742766,0.03930663577046,0.065354581057364,0.04412196649083,0.051102727105489,687.89388481534,-0.14992736109805,0.0011204867085941,0.0049016458815343,681.67169680181,-0.0016806576680662,-0.14896211045413,0,4.9591126360811e-10,1.50784972144e-13,0,0,8.8245673449435e-14,1.2041008077686e-13,7.5364111140309e-14,0,6.370099302483e-14,1.2808100513365e-13,0,1.2637408928895e-13,9.4360715608044e-14,7.7493002327924e-12,0,0,6.0004131460688e-12,7.5013635355488e-12,5.5006154077068e-12,0,5.1757466626827e-12,7.4301708710722e-12,0,8.1819119866866e-12,5.757695305222e-12
5.3,1124443060.9991,1124443060.9991,1124443060.9991,546665283.22127,546665283.22127,546665283.22127,1,1,1,399504683.14161,6.159479702391e-05,0.00015596886488392,7.7013165896348e-05,1.0478771898724,309.63027062927,309.63027062927,334.05592435612,334.05592435612,309.63027062927,304.58720537641,304.58720537641,304.58720537641,321.22109133467,321.22109133467,321.22109133467,334.05592435612,0.0038530311762188,-9.8434602296643e-23,-7.443641685856e-24,-0.00084541496401662,-0.0046809276424316,-0.0047188333892665,1.9231507766742e-25,-0.0040303466612506,-0.0020140915027095,-2.4296307170815e-22,-0.0026846719260008,0.001049732451624,464.13572572362,464.13572572362,488.56137945047,488.56137945047,464.13572572362,459.09266047076,459.09266047076,459.09266047076,475.72654642902,475.72654642902,475.72654642902,488.56137945047,0.03934884750349,0.066013515283708,0.044588243174286,0.051575271497806,687.20109649675,-0.15353240133348,-0.00028445781752854,0.0036034247439948,680.86332598291,-0.00083241383235878,-0.15242383493808,0,5.2559528863124e-10,1.56276506305e-13,0,0,9.0246008028727e-14,1.222249497681e-13,7.7693931963302e-14,0,6.4750791512756e-14,1.2828039687822e-13,0,1.2850941814808e-13,9.8398749837381e-14,7.9703085874892e-12,0,0,6.1280402745731e-12,7.6742157171712e-12,5.6104912200034e-12,0,5.2673181102144e-12,7.611586748124e-12,0,8.3636517487243e-12,5.8968521517626e-12
5.35,1121912206.0908,1121912206.0908,1121912206.0908,544134428.31303,544134428.31303,544134428.31303,1,1,1,399529079.90586,6.2320263710253e-05,0.00015743487006609,7.7832466737457e-05,1.0483797479031,309.16528304165,309.16528304165,333.79491830779,333.79491830779,309.16528304165,304.10493365074,304.10493365074,304.10493365074,320.86042198575,320.86042198575,320.86042198575,333.79491830779,0.003853641986058,-2.0536475915454e-22,-1.3395642193183e-23,-0.00084397525696593,-0.0046641356084783,-0.0047184417972216,2.7473946529353e-25,-0.0040241245744436,-0.0020177275185606,2.6298140193994e-22,-0.0026916798071081,0.001049807691947,463.73043722782,463.73043722782,488.36007249396,488.36007249396,463.73043722782,458.67008783691,458.67008783691,458.67008783691,475.42557617192,475.42557617192,475.42557617192,488.36007249396,0.039407651540676,0.066672444402518,0.04505436188452,0.0520475729312,686.52646575612,-0.15742008483446,-0.00066625727927393,0.0042837843147928,680.07590390226,-0.00095789707716181,-0.15621656263016,0,5.5353896132003e-10,1.6200179690842e-13,0,0,9.2279337379886e-14,1.2398797464168e-13,8.0184912607886e-14,0,6.5754794116841e-14,1.2824610132862e-13,0,1.3077884693548e-13,1.027348412869e-13,8.1994137258059e-12,0,0,6.2585429650225e-12,7.8495611924806e-12,5.7238898109112e-12,0,5.3603094318455e-12,7.7929541239444e-12,0,8.5486009677319e-12,6.0421411576388e-12
5.4,1119428230.445,1119428230.445,1119428230.445,541650452.66723,541650452.66723,541650452.66723,1,1,1,399551860.01981,6.3034607900372e-05,0.00015890095276378,7.8642424714881e-05,1.0488821345696,308.70933935814,308.70933935814,333.53755565213,333.53755565213,308.70933935814,303.63194418827,303.63194418827,303.63194418827,320.50555096493,320.50555096493,320.50555096493,333.53755565213,0.0038547202997786,-4.1689426283905e-22,-2.7634793162222e-23,-0.00084266056429049,-0.0046478947621903,-0.004716605010991,3.7073652966972e-25,-0.00401804587257,-0.0020207906518099,1.92883752273e-21,-0.0026986544831938,0.0010503641428041,463.33148763294,463.33148763294,488.15970392693,488.15970392693,463.33148763294,458.25409246306,458.25409246306,458.25409246306,475.12769923973,475.12769923973,475.12769923973,488.15970392693,0.039412115889268,0.067331349404366,0.045520300517381,0.05251963430978,685.87059122914,-0.1618210506219,0.0036486518703553,0.0055091108935659,679.31079079603,-0.0039923957804883,-0.15889789037309,0,5.7951548918945e-10,1.6794346446258e-13,0,0,9.4354363066762e-14,1.2573538476834e-13,8.2822309661778e-14,0,6.6671846120586e-14,1.2808388315181e-13,0,1.3317541242854e-13,1.0738713138211e-13,8.4369216509608e-12,0,0,6.3919801849406e-12,8.0273778788902e-12,5.8410182445019e-12,0,5.4545976608577e-12,7.9740920886191e-12,0,8.736939442163e-12,6.1940094952637e-12
5.45,1116990165.084,1116990165.084,1116990165.084,539212387.30619,539212387.30619,539212387.30619,1,1,1,399573188.61193,6.3737389707412e-05,0.00016036694082123,7.9443138973493e-05,1.0493843619952,308.26218491851,308.26218491851,333.28364002408,333.28364002408,308.26218491851,303.16820271446,303.16820271446,303.16820271446,320.15638654126,320.15638654126,320.15638654126,333.28364002408,0.003855128617666,-8.3507730157182e-22,-5.7565372292352e-23,-0.0008421807642248,-0.0046280337242821,-0.0047162991739209,4.7316230572077e-25,-0.0040116477082071,-0.0020263214623165,7.5496503716651e-21,-0.0027061161634142,0.0010507860492036,462.93868432739,462.93868432739,487.96013943296,487.96013943296,462.93868432739,457.84470212335,457.84470212335,457.84470212335,474.83288595015,474.83288595015,474.83288595015,487.96013943296,0.039286624418078,0.06799020629725,0.045986033941135,0.052991456876638,685.23177002767,-0.16442760220096,0.00016094726171177,0.0048321165343737,678.56548351696,-0.0015539848958392,-0.16330465779656,0,6.0338125393287e-10,1.7422270091104e-13,0,0,9.6421893381241e-14,1.273499681954e-13,8.5726531767989e-14,0,6.7534513132217e-14,1.2776537233959e-13,0,1.3593142892354e-13,1.1238546370159e-13,8.6833097574625e-12,0,0,6.5283413342701e-12,8.2074779310799e-12,5.9622538683834e-12,0,5.5501058852575e-12,8.1547796109834e-12,0,8.9291755124994e-12,6.3529465422441e-12
5.5,1114597525.0566,1114597525.0566,1114597525.0566,536819747.27881,536819747.27881,536819747.27881,1,1,1,399602385.30035,6.4429929885873e-05,0.00016183298837291,8.0233868380485e-05,1.0498864143434,307.82386228542,307.82386228542,333.03323849843,333.03323849843,307.82386228542,302.71298448016,302.71298448016,302.71298448016,319.81333880649,319.81333880649,319.81333880649,333.03323849843,0.0038560102563286,-1.6276006170602e-21,-1.120008291859e-22,-0.00084198446702592,-0.0046085977661987,-0.0047142202654765,5.6792672678275e-25,-0.0040061369438461,-0.0020313710596465,2.6290572193664e-20,-0.0027123812496468,0.0010518551133695,462.55219825412,462.55219825412,487.76157446713,487.76157446713,462.55219825412,457.44132044886,457.44132044886,457.44132044886,474.54167477519,474.54167477519,474.54167477519,487.76157446713,0.039308392260199,0.068648992867031,0.046451546294577,0.053463043973688,684.61182318507,-0.16737931097542,0.0012484375174531,0.0037975363569602,677.84244480544,-0.00018102226503493,-0.1668566294231,0,6.250117148799e-10,1.8074883862122e-13,0,0,9.8538131616562e-14,1.2893927889122e-13,8.8870705607954e-14,0,6.8306807940107e-14,1.2741860119707e-13,0,1.3888193342355e-13,1.1774579303807e-13,8.9389272164238e-12,0,0,6.6676952964131e-12,8.3898256080105e-12,6.0879360255518e-12,0,5.6467062994488e-12,8.3349767248949e-12,0,9.1255842263156e-12,6.5194642396709e-12
5.55,1112247548.5942,1112247548.5942,1112247548.5942,534469770.81646,534469770.81646,534469770.81646,1,1,1,399634121.7785,6.5110344266373e-05,0.0001632989968662,8.1050436120418e-05,1.0503883298959,307.39371001207,307.39371001207,332.7861383371,332.7861383371,307.39371001207,302.26614648491,302.26614648491,302.26614648491,319.47583907444,319.47583907444,319.47583907444,332.7861383371,0.0038563799557112,-3.0909184521825e-21,-2.0401362532533e-22,-0.00084184511043727,-0.0045909072816779,-0.0047139868419421,6.270485351317e-25,-0.0039990770683759,-0.0020364558869725,8.8146987705892e-20,-0.0027197998826563,0.0010520359072592,462.17151505854,462.17151505854,487.56394338357,487.56394338357,462.17151505854,457.04395153138,457.04395153138,457.04395153138,474.25364412091,474.25364412091,474.25364412091,487.56394338357,0.039159198692923,0.06930772914207,0.046916862375625,0.053934396918827,684.00575468902,-0.17093258070824,-0.0061705406568377,0.0049552824137965,677.13566878655,-0.0021557886707708,-0.17095322366532,0,6.444037891828e-10,1.8759592379242e-13,0,0,1.0061660687842e-13,1.3038925287477e-13,9.2316541045646e-14,0,6.9026791243161e-14,1.2706619448088e-13,0,1.4212137463476e-13,1.2354808620764e-13,9.2042279160969e-12,0,0,6.8099886664605e-12,8.5742238578137e-12,6.21849132993e-12,0,5.744324923792e-12,8.5146754604489e-12,0,9.3265742018272e-12,6.694187618791e-12
5.6,1109940855.7585,1109940855.7585,1109940855.7585,532163077.98074,532163077.98074,532163077.98074,1,1,1,399663033.83887,6.5778604033201e-05,0.00016476524570798,8.1893075913305e-05,1.0508900707543,306.97199818813,306.97199818813,332.54250716545,332.54250716545,306.97199818813,301.82783011184,301.82783011184,301.82783011184,319.14377337944,319.14377337944,319.14377337944,332.54250716545,0.0038584441094325,-5.6880658751441e-21,-3.4057817996333e-22,-0.00084204590564039,-0.004570557939953,-0.0047090531779987,5.8217957430856e-25,-0.0039952396941154,-0.0020416458512172,2.868157132414e-19,-0.0027254618138534,0.0010541057042444,461.79700156731,461.79700156731,487.36751054463,487.36751054463,461.79700156731,456.65283349102,456.65283349102,456.65283349102,473.96877675862,473.96877675862,473.96877675862,487.36751054463,0.039097562488039,0.069966362292271,0.047381931177354,0.054405519401679,683.41823453587,-0.1752370589247,0.0029693591893756,0.0048889466333316,676.45070815362,-0.0026676671044872,-0.17422610090225,0,6.6159506591721e-10,1.9456906848947e-13,0,0,1.0283420092042e-13,1.3188799237353e-13,9.6041378414625e-14,0,6.9601659184371e-14,1.2686212218377e-13,0,1.4560688707655e-13,1.296969716336e-13,9.479390131573e-12,0,0,6.955418188078e-12,8.7607416453425e-12,6.3543143498329e-12,0,5.8427565341742e-12,8.6940855941926e-12,0,9.5324934363058e-12,6.8776068350739e-12
5.65,1107677216.2514,1107677216.2514,1107677216.2514,529899438.4736,529899438.4736,529899438.4736,1,1,1,399689532.79696,6.6434513826632e-05,0.00016623151840637,8.27261526917e-05,1.0513916512817,306.55867683918,306.55867683918,332.30207255062,332.30207255062,306.55867683918,301.39808833225,301.39808833225,301.39808833225,318.81733649127,318.81733649127,318.81733649127,332.30207255062,0.0038583084211091,-1.0280385722617e-20,-5.4301756750885e-22,-0.00084285986731111,-0.0045493571931717,-0.0047070954236829,2.6228841534771e-25,-0.0039897276187827,-0.0020484238926772,9.1549079233516e-19,-0.0027323633291635,0.0010552635627055,461.42864304534,461.42864304534,487.17203875678,487.17203875678,461.42864304534,456.26805453841,456.26805453841,456.26805453841,473.68730269743,473.68730269743,473.68730269743,487.17203875678,0.038799472217225,0.07062488582729,0.047846747604923,0.054876413893847,682.8473134853,-0.17798883815464,-0.00082821445269069,0.0042570513314747,675.78578375759,-0.0011972857640964,-0.17745513951284,0,6.767276001092e-10,2.0194740891938e-13,0,0,1.0501707828863e-13,1.3323147173513e-13,1.0019331841099e-13,0,7.0119966179418e-14,1.2672471994922e-13,0,1.495642295637e-13,1.3635133451383e-13,9.7649868961529e-12,0,0,7.1039347644746e-12,8.9491593996052e-12,6.4960090995889e-12,0,5.9419211413383e-12,8.8733014118328e-12,0,9.7440091982007e-12,7.0704367415911e-12
5.7,1105452194.5493,1105452194.5493,1105452194.5493,527674416.77157,527674416.77157,527674416.77157,1,1,1,399713709.63793,6.7087306172232e-05,0.00016769795475548,8.3560078889343e-05,1.0518932251774,306.15283680618,306.15283680618,332.06451057625,332.06451057625,306.15283680618,300.97632803329,300.97632803329,300.97632803329,318.49566338125,318.49566338125,318.49566338125,332.06451057625,0.0038653235947541,-1.7879926141578e-20,-7.9130185748195e-22,-0.00084315728849026,-0.0045462623025581,-0.0046995103221869,-7.4130793732216e-25,-0.0039863268319038,-0.0020449329586828,2.8239801067674e-18,-0.0027334418283136,0.0010577687491136,461.06572225162,461.06572225162,486.97739602169,486.97739602169,461.06572225162,455.88921347873,455.88921347873,455.88921347873,473.40854882669,473.40854882669,473.40854882669,486.97739602169,0.038657082297959,0.071283397847767,0.048311413020764,0.05534704318171,682.27589333841,-0.18336833948368,0.020753376082061,0.0089408231848985,675.12138020406,-0.010303989335216,-0.18020529265795,0,6.8993295955207e-10,2.0903084177813e-13,0,0,1.0741831827241e-13,1.3469015724273e-13,1.0429387765101e-13,0,7.0573605652079e-14,1.2690456672702e-13,0,1.5397935898465e-13,1.4325336545664e-13,1.006060114755e-11,0,0,7.2558472070227e-12,9.1396400466961e-12,6.6435029158355e-12,0,6.041727291597e-12,9.0527715712252e-12,0,9.9617688960023e-12,7.2730275938754e-12
5.75,1103267744.1603,1103267744.1603,1103267744.1603,525489966.38254,525489966.38254,525489966.38254,1,1,1,399736097.93672,6.7719689912577e-05,0.00016916451136932,8.4375441073912e-05,1.0523944342854,305.75434174325,305.75434174325,331.82968561181,331.82968561181,305.75434174325,300.56307510515,300.56307510515,300.56307510515,318.17967823556,318.17967823556,318.17967823556,331.82968561181,0.0038580079837607,-3.0971210740391e-20,-1.1751445502664e-21,-0.00084498546744193,-0.0045076030254478,-0.0046998313763856,-3.7810896149084e-24,-0.0039804347227413,-0.0020604844619885,8.6222630674394e-18,-0.0027448445749971,0.0010584045814318,460.70796817416,460.70796817416,486.78331204272,486.78331204272,460.70796817416,455.51670153606,455.51670153606,455.51670153606,473.13330466647,473.13330466647,473.13330466647,486.78331204272,0.03833259330366,0.071941656710702,0.048775702933305,0.055817488888343,681.74566397381,-0.18509495254016,0.00015981658521137,0.0045561468186047,674.5028067493,-0.0017268601084993,-0.18413703305343,0,7.0136593901865e-10,2.172836051581e-13,0,0,1.0962588704247e-13,1.357933160233e-13,1.0956709394711e-13,0,7.091356105084e-14,1.2689341041124e-13,0,1.5878423246481e-13,1.5102251092607e-13,1.0367886568846e-11,0,0,7.4108816232654e-12,9.3316807958958e-12,6.7984541860853e-12,0,6.1420142113913e-12,9.2322259532045e-12,0,1.0186323711045e-11,7.4866056770507e-12
5.8,1101116020.3666,1101116020.3666,1101116020.3666,523338242.58879,523338242.58879,523338242.58879,1,1,1,399756306.56859,6.8348821318795e-05,0.00017063173468555,8.5197830137149e-05,1.0528957427143,305.36309037567,305.36309037567,331.59739184693,331.59739184693,305.36309037567,300.15611969599,300.15611969599,300.15611969599,317.86739840744,317.86739840744,317.86739840744,331.59739184693,0.003867800441896,-4.9563856473036e-20,-1.6092822207524e-21,-0.00084482197598869,-0.0045077554711228,-0.0046898778086667,-1.1367842355341e-23,-0.0039872125247784,-0.0020535117793428,2.5102825937132e-17,-0.0027398819558,0.0010621298114001,460.35582482939,460.35582482939,486.59012630064,486.59012630064,460.35582482939,455.1488541497,455.1488541497,455.1488541497,472.86013286115,472.86013286115,472.86013286115,486.59012630064,0.038213233581135,0.072599945852933,0.049239931669867,0.056287664107081,681.19870796821,-0.1917606205094,0.038924313166104,0.027937936574378,673.87426437774,-0.0064228280341015,-0.17773655981514,0,7.1114473075526e-10,2.2457301610155e-13,0,0,1.1234957290432e-13,1.3723612560619e-13,1.1439127431074e-13,0,7.1131575561908e-14,1.2759309233898e-13,0,1.6352183966441e-13,1.5863004364336e-13,1.068548077396e-11,0,0,7.5697679129935e-12,9.5257619859756e-12,6.9602278776327e-12,0,6.2426094502639e-12,9.4126698348555e-12,0,1.0417578514443e-11,7.710942436171e-12
5.85,1099005045.5013,1099005045.5013,1099005045.5013,521227267.72353,521227267.72353,521227267.72353,1,1,1,399775196.66182,6.8961498363423e-05,0.00017209838534742,8.5996032564905e-05,1.0533966494432,304.97922510615,304.97922510615,331.36788082874,331.36788082874,304.97922510615,299.75764665889,299.75764665889,299.75764665889,317.5608901221,317.5608901221,317.5608901221,331.36788082874,0.0038573594061947,-8.4192337666105e-20,-2.2706161766862e-21,-0.00084835529154923,-0.004466109854888,-0.0046899961442854,-3.3957483228451e-23,-0.0039709205431657,-0.0020743916510221,7.3932423126188e-17,-0.0027598074194027,0.0010619715908884,460.00903581963,460.00903581963,486.39769154222,486.39769154222,460.00903581963,454.78745737237,454.78745737237,454.78745737237,472.59070083558,472.59070083558,472.59070083558,486.39769154222,0.037428450402216,0.073257888046434,0.049703670058369,0.056757661235697,680.70136727527,-0.19180358548276,-0.0013889541129125,0.0041786242410013,673.2885523138,-0.001060935939443,-0.1907876814866,0,7.1957561595741e-10,2.3355779094758e-13,0,0,1.144273708412e-13,1.382044858237e-13,1.2092268454013e-13,0,7.1397466670876e-14,1.2759484275467e-13,0,1.7016369198801e-13,1.6777135103856e-13,1.1015781369516e-11,0,0,7.7315926527438e-12,9.7212126442083e-12,7.1312383781079e-12,0,6.343580715949e-12,9.593116191968e-12,0,1.0658226315476e-11,7.9482069561874e-12
5.9,1096921259.5698,1096921259.5698,1096921259.5698,519143481.79198,519143481.79198,519143481.79198,1,1,1,399792122.72338,6.9565370788289e-05,0.0001735653922103,8.6789603040404e-05,1.0538975185555,304.60198247466,304.60198247466,331.14056733853,331.14056733853,304.60198247466,299.36415375658,299.36415375658,299.36415375658,317.25708166307,317.25708166307,317.25708166307,331.14056733853,0.0038606339596542,-1.3540153053839e-19,-3.1132397832024e-21,-0.00085025709600725,-0.0044475884156065,-0.0046865523780861,-9.3964203104747e-23,-0.0039677045304945,-0.0020800295577444,2.1314528481262e-16,-0.0027642897539561,0.0010643226979774,459.6674895188,459.6674895188,486.20607438267,486.20607438267,459.6674895188,454.42966080072,454.42966080072,454.42966080072,472.32258870721,472.32258870721,472.32258870721,486.20607438267,0.038046139212605,0.073915712305201,0.050167195070515,0.057227430036269,680.20119851756,-0.19468759896707,-0.001482093469451,0.0040250897052457,672.70801905745,-0.0009916987798425,-0.19377549624984,0,7.2675089376767e-10,2.4208399484055e-13,0,0,1.1686041292011e-13,1.3941376042329e-13,1.2769750352738e-13,0,7.1575133598617e-14,1.2805966857666e-13,0,1.7701905934951e-13,1.7703277868582e-13,1.1358139838253e-11,0,0,7.8968582335999e-12,9.9183734749804e-12,7.3118299194775e-12,0,6.4448032406128e-12,9.7742199120621e-12,0,1.0908569070006e-11,8.1985691127895e-12
5.95,1094869202.1021,1094869202.1021,1094869202.1021,517091424.32435,517091424.32435,517091424.32435,1,1,1,399807702.43221,7.0159205345891e-05,0.00017503267024095,8.7576589928302e-05,1.0543982799252,304.23083080396,304.23083080396,330.91528604627,330.91528604627,304.23083080396,298.97739244797,298.97739244797,298.97739244797,316.95755155164,316.95755155164,316.95755155164,330.91528604627,0.0038625331863261,-2.1247315275272e-19,-4.2006974208906e-21,-0.000852317216305,-0.0044273138784912,-0.0046813777515051,-2.5012578001311e-22,-0.0039638175799807,-0.0020863224467129,5.9812012959808e-16,-0.002770045120392,0.0010668166579154,459.33044936048,459.33044936048,486.0149046028,486.0149046028,459.33044936048,454.0770110045,454.0770110045,454.0770110045,472.05717010816,472.05717010816,472.05717010816,486.0149046028,0.037642591789172,0.07457337328626,0.050630458459653,0.057696977756862,679.71049910492,-0.19793269641247,-0.00010316418446515,0.0031306530159385,672.13936593904,-0.0015926496510625,-0.19698080862798,0,7.3855106392012e-10,2.5066700701461e-13,0,0,1.193909680009e-13,1.4064007108629e-13,1.3511465621405e-13,0,7.1699859121805e-14,1.2876796508837e-13,0,1.8463603930759e-13,1.8683909699441e-13,1.1712636519212e-11,0,0,8.0657025597717e-12,1.0117268570924e-11,7.5029108987708e-12,0,6.5462021538031e-12,9.9563253146893e-12,0,1.1169683860898e-11,8.4627994977405e-12
6,1092846287.4532,1092846287.4532,1092846287.4532,515068509.67541,515068509.67541,515068509.67541,1,1,1,399821140.18531,7.0743875385807e-05,0.0001765000769784,8.8356415837264e-05,1.0548989434349,303.86545924777,303.86545924777,330.69186627405,330.69186627405,303.86545924777,298.5970683414,298.5970683414,298.5970683414,316.66147737445,316.66147737445,316.66147737445,330.69186627405,0.0038630222363653,-3.2751176132467e-19,-5.6264191528366e-21,-0.00085453072182547,-0.0044077367344211,-0.0046769761363914,-6.4733080664903e-22,-0.0039607225216706,-0.0020925025550608,1.6508139209414e-15,-0.0027758192079739,0.001068826619792,458.99765318719,458.99765318719,485.82406021347,485.82406021347,458.99765318719,453.72926228081,453.72926228081,453.72926228081,471.79367131386,471.79367131386,471.79367131386,485.82406021347,0.037349773481186,0.07523087179979,0.051093458910261,0.058166303854353,679.22817843601,-0.2007893098346,-0.00209357210617,0.0042746039948948,671.58166638631,-0.00086862536243763,-0.19989493789337,0,8.2105359038956e-10,2.5950516416329e-13,0,0,1.2200347363246e-13,1.4183243918172e-13,1.4330456652297e-13,0,7.1823936896794e-14,1.2953057505864e-13,0,1.932357747457e-13,1.9724475863397e-13,1.2079632241878e-11,0,0,8.2382415268393e-12,1.0317849929999e-11,7.7055741602976e-12,0,6.6477765394656e-12,1.0139509210679e-11,0,1.1442960514279e-11,8.7417457105077e-12
6.05,1090856577.4648,1090856577.4648,1090856577.4648,513078799.68706,513078799.68706,513078799.68706,1,1,1,399833508.87699,7.1320389678702e-05,0.00017796770689298,8.9130797763623e-05,1.0553994818862,303.50664604109,303.50664604109,330.47115461836,330.47115461836,303.50664604109,298.22310316842,298.22310316842,298.22310316842,316.36994855992,316.36994855992,316.36994855992,330.47115461836,0.0038642809874873,-4.9380455700455e-19,-7.4543048831382e-21,-0.00085680287698787,-0.0043896801176941,-0.0046705586526611,-1.622947270513e-21,-0.0039575880134257,-0.0020975499461705,4.4349503129009e-15,-0.0027804229567863,0.0010713871366716,458.6698960763,458.6698960763,485.63440465357,485.63440465357,458.6698960763,453.38635320363,453.38635320363,453.38635320363,471.53319859513,471.53319859513,471.53319859513,485.63440465357,0.03714847607056,0.075888183276125,0.051556178305927,0.058635404675627,678.75802556027,-0.2032438160555,0.00081113764230292,0.0040767561687637,671.03895053738,-0.0015534581981885,-0.20241419222392,0,9.3128640779816e-10,2.6834358029927e-13,0,0,1.2473119106921e-13,1.4308618833821e-13,1.5218103138151e-13,0,7.1935375469303e-14,1.3039669185648e-13,0,2.0284075516419e-13,2.0815655147456e-13,1.2459127372513e-11,0,0,8.4146380689003e-12,1.0520204358135e-11,7.9207906388132e-12,0,6.7495085230687e-12,1.0323917980791e-11,0,1.1729820661234e-11,9.0361235286998e-12
6.1,1088899030.857,1088899030.857,1088899030.857,511121253.07925,511121253.07925,511121253.07925,1,1,1,399844092.72687,7.1887503931151e-05,0.00017943560057798,8.9897527445076e-05,1.0558998908303,303.15423587011,303.15423587011,330.25275007333,330.25275007333,303.15423587011,297.85573559885,297.85573559885,297.85573559885,316.08269303177,316.08269303177,316.08269303177,330.25275007333,0.0038641171643389,-7.2945126455889e-19,-9.8734022835943e-21,-0.00085906663581668,-0.0043694106178358,-0.0046642977977649,-3.9622981426212e-21,-0.0039552516936248,-0.002103921719726,1.1650190138867e-14,-0.0027867444238587,0.0010735807382792,458.34706800782,458.34706800782,485.44558221104,485.44558221104,458.34706800782,453.04856773657,453.04856773657,453.04856773657,471.27552516949,471.27552516949,471.27552516949,485.44558221104,0.036893250608539,0.076545302547414,0.052018620078291,0.05910429130489,678.30034049156,-0.20774463366241,0.00071962403090115,0.005766913749339,670.51019915899,-0.0030145790020209,-0.20487960027264,0,1.0559425288279e-09,2.7738903879486e-13,0,0,1.2748929483733e-13,1.443395508806e-13,1.6199342944068e-13,0,7.2055770510014e-14,1.3132079307855e-13,0,2.1345947478254e-13,2.1966070763696e-13,1.285141471323e-11,0,0,8.5949351587167e-12,1.0724331308577e-11,8.1498839437436e-12,0,6.8514107709712e-12,1.0509633627384e-11,0,1.2031697945489e-11,9.3467706805605e-12
6.15,1086969120.8356,1086969120.8356,1086969120.8356,509191343.05785,509191343.05785,509191343.05785,1,1,1,399853889.48883,7.2446359794174e-05,0.00018090367203048,9.0658009588155e-05,1.0564001854238,302.80715922361,302.80715922361,330.03614384669,330.03614384669,302.80715922361,297.4942453867,297.4942453867,297.4942453867,315.79922521848,315.79922521848,315.79922521848,330.03614384669,0.0038643429660217,-1.0644454422859e-18,-1.3064499555592e-20,-0.00086210489750561,-0.0043488794815532,-0.0046583804298384,-9.4452925815408e-21,-0.00395190571752,-0.002110860273511,3.0016388983118e-14,-0.0027925079256891,0.001076080336144,458.02825497725,458.02825497725,485.25723960034,485.25723960034,458.02825497725,452.71534114034,452.71534114034,452.71534114034,471.02032097212,471.02032097212,471.02032097212,485.25723960034,0.036616593903713,0.077202212214516,0.052480753170212,0.059572960021263,677.8533169479,-0.21008673634239,-0.000697505824899,0.0046038513172388,669.99418087576,-0.0013284017499252,-0.20887450636039,0,1.1967493970736e-09,2.8665385542182e-13,0,0,1.302929226893e-13,1.4559908049079e-13,1.727421620879e-13,0,7.219919179332e-14,1.3223688528073e-13,0,2.2550549159131e-13,2.3173843589724e-13,1.3256804483274e-11,0,0,8.7791971770651e-12,1.0930239502876e-11,8.3941782521619e-12,0,6.9535158471977e-12,1.0696644823994e-11,0,1.2350610870087e-11,9.6744983195295e-12
6.2,1085068784.215,1085068784.215,1085068784.215,507291006.43717,507291006.43717,507291006.43717,1,1,1,399861691.80942,7.2997380228504e-05,0.0001823719564332,9.1412250682729e-05,1.0569003624451,302.46622390833,302.46622390833,329.82161643002,329.82161643002,302.46622390833,297.13889171557,297.13889171557,297.13889171557,315.51945639732,315.51945639732,315.51945639732,329.82161643002,0.003864037720046,-1.5196846991707e-18,-1.7322562517866e-20,-0.00086489973609438,-0.0043299259522409,-0.0046520492074804,-2.1910532098284e-20,-0.003949316107021,-0.0021169398351734,7.573030506603e-14,-0.0027979536804437,0.0010784146852038,457.71427554762,457.71427554762,485.06966806931,485.06966806931,457.71427554762,452.38694335487,452.38694335487,452.38694335487,470.76750803661,470.76750803661,470.76750803661,485.06966806931,0.036466366887475,0.077858907622225,0.052942574130151,0.06004141062581,677.41701646122,-0.21282282082945,-0.0014867023515406,0.0051665579656567,669.49182892416,-0.0015040935174727,-0.21138020768082,0,1.3555485221782e-09,2.9598182611989e-13,0,0,1.3312270055219e-13,1.4688774598499e-13,1.8433110564487e-13,0,7.2371194338807e-14,1.3321821937557e-13,0,2.3895575443854e-13,2.4435478817645e-13,1.3675385995989e-11,0,0,8.9674611056457e-12,1.1137970145395e-11,8.6548618017321e-12,0,7.0558641717567e-12,1.0885043836591e-11,0,1.2688545338821e-11,1.0020068174999e-11
6.25,1083197938.6502,1083197938.6502,1083197938.6502,505420160.87243,505420160.87243,505420160.87243,1,1,1,399867819.06319,7.3540558859253e-05,0.00018384047305168,9.2161706618244e-05,1.057400420888,302.13173522713,302.13173522713,329.60923309218,329.60923309218,302.13173522713,296.78936537109,296.78936537109,296.78936537109,315.24335213104,315.24335213104,315.24335213104,329.60923309218,0.0038637660046528,-2.1263292104724e-18,-2.303201788072e-20,-0.00086772665858119,-0.0043120492159729,-0.0046446676582886,-4.9283497878884e-20,-0.0039475408571792,-0.0021219003881597,1.8701441292853e-13,-0.0028031989432598,0.0010809901175899,457.40547926118,457.40547926118,484.88297712622,484.88297712622,457.40547926118,452.06310940513,452.06310940513,452.06310940513,470.51709616508,470.51709616508,470.51709616508,484.88297712622,0.036251228816565,0.07851537789578,0.0534040700372,0.060509640426815,676.99209594599,-0.21651042574525,0.00034999643051388,0.0052777669875841,669.00280148816,-0.0023843147512456,-0.21346044880829,0,1.5343381025927e-09,3.0528812160804e-13,0,0,1.3597071463324e-13,1.4820603414393e-13,1.966602657835e-13,0,7.2571059944622e-14,1.3426487347122e-13,0,2.5395865396939e-13,2.5749287926955e-13,1.4107128597998e-11,0,0,9.1597527343656e-12,1.1347565128907e-11,8.932981416783e-12,0,7.1584951489662e-12,1.1074923041604e-11,0,1.3047697111546e-11,1.0384218097077e-11
6.3,1081354717.3846,1081354717.3846,1081354717.3846,503576939.60677,503576939.60677,503576939.60677,1,1,1,399873612.04998,7.4076499174022e-05,0.00018530922285409,9.2905344800847e-05,1.057900344481,301.80277679146,301.80277679146,329.39888461599,329.39888461599,301.80277679146,296.44544465086,296.44544465086,296.44544465086,314.97100547147,314.97100547147,314.97100547147,329.39888461599,0.0038641370877033,-2.9201988970578e-18,-3.0840882726261e-20,-0.00087103582829549,-0.0042920894310296,-0.0046368448636684,-1.0829991909154e-19,-0.0039443865470536,-0.0021287186184603,4.5097930787733e-13,-0.0028080635035727,0.0010840680988128,457.10102423298,457.10102423298,484.69713205751,484.69713205751,457.10102423298,451.74369209239,451.74369209239,451.74369209239,470.26925291299,470.26925291299,470.26925291299,484.69713205751,0.036224368255895,0.0791715850808,0.053865202570994,0.060977654523905,676.58024611923,-0.21687776770021,0.0026317575009832,0.0021362921050258,668.53002637253,-0.0020605196284963,-0.21670909677291,0,1.7352213009748e-09,3.1475967871721e-13,0,0,1.3878312586085e-13,1.4957985294028e-13,2.0990688519992e-13,0,7.2797995744516e-14,1.353114835799e-13,0,2.7067858327977e-13,2.7127921646876e-13,1.4552266004528e-11,0,0,9.3560217131866e-12,1.1559102985593e-11,9.2298345806683e-12,0,7.2614470618617e-12,1.1266282376827e-11,0,1.3430494435064e-11,1.0767864844197e-11
6.35,1079540815.78,1079540815.78,1079540815.78,501763038.00225,501763038.00225,501763038.00225,1,1,1,399879092.17092,7.4611273545461e-05,0.00018677817132187,9.364967621643e-05,1.0584002581059,301.47963692546,301.47963692546,329.19080822109,329.19080822109,301.47963692546,296.10759757629,296.10759757629,296.10759757629,314.70249071922,314.70249071922,314.70249071922,329.19080822109,0.003866406207114,-3.9244231979165e-18,-4.1157486355186e-20,-0.00087286281965349,-0.0042878279518669,-0.0046291173778742,-2.2871286958304e-19,-0.0039445404383481,-0.0021263620434835,1.0663848002046e-12,-0.0028089092894825,0.0010862224597303,456.8012047331,456.8012047331,484.51237602873,484.51237602873,456.8012047331,451.42916538393,451.42916538393,451.42916538393,470.02405852686,470.02405852686,470.02405852686,484.51237602873,0.036157988185734,0.0798276823634,0.054326148252669,0.061445420032851,676.16789388812,-0.22434546857543,0.016707186195645,0.015139911744899,668.05585320526,-0.0096013653180766,-0.2194583908613,0,1.960544818798e-09,3.2377013489763e-13,0,0,1.417770382068e-13,1.5092435232762e-13,2.2317608967981e-13,0,7.3076706982617e-14,1.3640604791093e-13,0,2.8921430123412e-13,2.8537149920455e-13,1.5010146120392e-11,0,0,9.5565247234517e-12,1.1772542251547e-11,9.5454532334908e-12,0,7.3647931319701e-12,1.1459189659773e-11,0,1.3839505222302e-11,1.1171441088687e-11
6.4,1077752988.5947,1077752988.5947,1077752988.5947,499975210.81692,499975210.81692,499975210.81692,1,1,1,399884316.28451,7.5131868462758e-05,0.00018824732157855,9.4377836741027e-05,1.0588999432655,301.1614780985,301.1614780985,328.98448169675,328.98448169675,301.1614780985,295.77523770767,295.77523770767,295.77523770767,314.43773221985,314.43773221985,314.43773221985,328.98448169675,0.0038605035654746,-5.2512538660681e-18,-5.7185574997282e-20,-0.00087731259612418,-0.0042536546542757,-0.0046234127117203,-4.8064861037775e-19,-0.0039419614793348,-0.0021413815082819,2.4835378943357e-12,-0.0028193376707095,0.0010883666658078,456.50521077595,456.50521077595,484.3282143742,484.3282143742,456.50521077595,451.11897038513,451.11897038513,451.11897038513,469.7814648973,469.7814648973,469.7814648973,484.3282143742,0.03629986815254,0.080483395403379,0.054786610426566,0.061913009423504,675.77899463651,-0.22387711056849,-0.0005278440578146,0.0044103748868078,667.60973838039,-0.0018627021307524,-0.22283702569934,0,2.2127534480028e-09,3.3414936448265e-13,0,0,1.4433379372148e-13,1.5219418666765e-13,2.3872554911436e-13,0,7.3448089240486e-14,1.3732863427024e-13,0,3.0987111729342e-13,3.0090199450506e-13,1.5482704683502e-11,0,0,9.7606435320414e-12,1.1987777334446e-11,9.8830621427333e-12,0,7.4686644159043e-12,1.165340167686e-11,0,1.4277729158966e-11,1.1596980770261e-11
6.45,1075985553.8735,1075985553.8735,1075985553.8735,498207776.09571,498207776.09571,498207776.09571,1,1,1,399889206.6769,7.5649926418342e-05,0.00018971680810129,9.5110491101426e-05,1.0593995850216,300.84805336784,300.84805336784,328.779632805,328.779632805,300.84805336784,295.44703383444,295.44703383444,295.44703383444,314.17519847543,314.17519847543,314.17519847543,328.779632805,0.0038652756034568,-6.6893441661271e-18,-7.8836443570118e-20,-0.00088039907809495,-0.0042436065189311,-0.004612434661755,-9.6336612181582e-19,-0.0039407491290061,-0.0021419646371267,5.6317266717413e-12,-0.002819762755954,0.0010928546611326,456.21304289713,456.21304289713,484.14462233429,484.14462233429,456.21304289713,450.81202336373,450.81202336373,450.81202336373,469.54018800472,469.54018800472,469.54018800472,484.14462233429,0.035872310740817,0.081138900766483,0.055246791506418,0.062380355273219,675.39227335556,-0.22671849576392,0.017495931620096,0.007748511433248,667.16645913449,-0.0040639528697465,-0.22715913577364,0,2.4943725867296e-09,3.4344483144527e-13,0,0,1.4722496337448e-13,1.5366522409997e-13,2.5348040490923e-13,0,7.387471221686e-14,1.3839190834264e-13,0,3.3249780561697e-13,3.1631943692526e-13,1.5968409022058e-11,0,0,9.9688510719655e-12,1.2205092778434e-11,1.0241537569152e-11,0,7.5731390358378e-12,1.1849117390561e-11,0,1.4747952065129e-11,1.2044324008003e-11
6.5,1074245021.3385,1074245021.3385,1074245021.3385,496467243.56068,496467243.56068,496467243.56068,1,1,1,399893528.69645,7.6156793210095e-05,0.00019118640454514,9.5830073018022e-05,1.0598990787174,300.54001573211,300.54001573211,328.5766161452,328.5766161452,300.54001573211,295.12458315097,295.12458315097,295.12458315097,313.91629234574,313.91629234574,313.91629234574,328.5766161452,0.003857861106609,-8.4164915768777e-18,-1.1234817787936e-19,-0.00088381692250736,-0.0042191238489669,-0.0046086957614146,-1.9283625699463e-18,-0.0039391823200872,-0.0021528010508635,1.2615729157365e-11,-0.002829706324616,0.0010930894638419,455.92519600664,455.92519600664,483.96179641973,483.96179641973,455.92519600664,450.5097634255,450.5097634255,450.5097634255,469.30147262027,469.30147262027,469.30147262027,483.96179641973,0.036174699499314,0.081794094749573,0.055706592915328,0.062847509619819,675.0191330426,-0.22843176182922,-0.00015135526201112,0.0038287464489354,666.74083800224,-0.0028763017213793,-0.2283143801843,0,2.8085909598942e-09,3.5393807545146e-13,0,0,1.4976542585955e-13,1.5494917876682e-13,2.7025959137963e-13,0,7.4430076569555e-14,1.3928624303241e-13,0,3.578779075551e-13,3.3364868921015e-13,1.6468953048602e-11,0,0,1.0180651368391e-11,1.2424224008524e-11,1.0623742348642e-11,0,7.678399059571e-12,1.2046097884509e-11,0,1.5254067855667e-11,1.2516174509352e-11
6.55,1072525936.2784,1072525936.2784,1072525936.2784,494748158.50061,494748158.50061,494748158.50061,1,1,1,399897301.28563,7.6658128315243e-05,0.00019265678546687,9.6547001320312e-05,1.0603984879299,300.23634380847,300.23634380847,328.3754652012,328.3754652012,300.23634380847,294.80615931066,294.80615931066,294.80615931066,313.66038783358,313.66038783358,313.66038783358,328.3754652012,0.0038575540534073,-9.9065438796701e-18,-1.6166193619387e-19,-0.00088744329770761,-0.0042028138813043,-0.0045999084366476,-3.7567120706127e-18,-0.0039381097909424,-0.0021582783388588,2.7706342088805e-11,-0.0028339480867507,0.0010957439799181,455.64084826883,455.64084826883,483.77996966155,483.77996966155,455.64084826883,450.21066377102,450.21066377102,450.21066377102,469.06489229393,469.06489229393,469.06489229393,483.77996966155,0.035693871952972,0.082449025818118,0.056166059238312,0.06331444344285,674.65261741084,-0.23177673063465,0.00035689494957106,0.0029784360668615,666.32253381541,-0.0017503928415036,-0.23090176439691,0,3.158439543279e-09,3.6409724747442e-13,0,0,1.5244639247413e-13,1.5634290448661e-13,2.869186325922e-13,0,7.5054323585562e-14,1.4016329449075e-13,0,3.8575360340719e-13,3.5144354630677e-13,1.6983864314003e-11,0,0,1.0396243124162e-11,1.264532626443e-11,1.1029506570152e-11,0,7.7845419019004e-12,1.2244318716525e-11,0,1.579960583334e-11,1.3013190738947e-11
6.6,1070833098.4826,1070833098.4826,1070833098.4826,493055320.7048,493055320.7048,493055320.7048,1,1,1,399900931.45901,7.7158793733559e-05,0.00019412734644984,9.7264655586626e-05,1.0608978470021,299.93801100406,299.93801100406,328.17610675691,328.17610675691,299.93801100406,294.49351031491,294.49351031491,294.49351031491,313.40786990989,313.40786990989,313.40786990989,328.17610675691,0.0038579322447937,-1.0482862202987e-17,-2.3381840396185e-19,-0.00088998663029393,-0.0041972230884563,-0.004591523837346,-7.0676534924181e-18,-0.0039383208030402,-0.0021574108614016,5.9523930274599e-11,-0.0028342155086464,0.0010978774852438,455.36088028031,455.36088028031,483.59897603317,483.59897603317,455.36088028031,449.91637959116,449.91637959116,449.91637959116,468.83073918614,468.83073918614,468.83073918614,483.59897603317,0.035712240686263,0.083103757577946,0.05662527145487,0.063781132285051,674.29031196102,-0.23704299734737,0.00937356827761,0.011988227919706,665.90982296066,-0.006283725200813,-0.23342625113775,0,3.5472716490686e-09,3.7406768734424e-13,0,0,1.5532042613591e-13,1.5773155394668e-13,3.0307589647645e-13,0,7.583331592611e-14,1.4105400940034e-13,0,4.1655435550799e-13,3.6992271512883e-13,1.7512875910691e-11,0,0,1.0615899377317e-11,1.2868392367236e-11,1.1458120613377e-11,0,7.8917864057628e-12,1.2443799209646e-11,0,1.6388702652365e-11,1.3536340459712e-11
6.65,1069162943.9623,1069162943.9623,1069162943.9623,491385166.18453,491385166.18453,491385166.18453,1,1,1,399904441.60436,7.7646698135757e-05,0.00019559809837359,9.797117730319e-05,1.0613970398592,299.6441107544,299.6441107544,327.97834557958,327.97834557958,299.6441107544,294.18566047707,294.18566047707,294.18566047707,313.15856239559,313.15856239559,313.15856239559,327.97834557958,0.0038526846796365,-8.4331954272872e-18,-3.4663611924602e-19,-0.00089454397771078,-0.0041691419946848,-0.0045841489557445,-1.3201575413513e-17,-0.0039372490374812,-0.0021697047947735,1.2524224742546e-10,-0.0028431264157751,0.0011000705898878,455.0844378487,455.0844378487,483.41867267388,483.41867267388,455.0844378487,449.62598757137,449.62598757137,449.62598757137,468.59888948989,468.59888948989,468.59888948989,483.41867267388,0.035818203945712,0.083758109275747,0.057084029395748,0.064247638612848,673.94353619813,-0.23685834895758,-0.0023710807406382,0.0039285923656144,665.51686181185,-0.00058060536261673,-0.23555218380562,0,3.978249717639e-09,3.8513619570506e-13,0,0,1.5785520738701e-13,1.5908325081611e-13,3.211235605233e-13,0,7.66832800693e-14,1.4180480265351e-13,0,4.5003132807036e-13,3.9032308844513e-13,1.8057540742018e-11,0,0,1.0839140352495e-11,1.3093370058086e-11,1.1912257907867e-11,0,8.0002329404441e-12,1.2644341484768e-11,0,1.7025143060014e-11,1.4088340665099e-11
6.7,1067511769.5841,1067511769.5841,1067511769.5841,489733991.8063,489733991.8063,489733991.8063,1,1,1,399907784.0994,7.8128937048015e-05,0.00019706891656932,9.8673876837374e-05,1.0618961522903,299.35429756459,299.35429756459,327.78195850423,327.78195850423,299.35429756459,293.88182884429,293.88182884429,293.88182884429,312.91160185686,312.91160185686,312.91160185686,327.78195850423,0.0038489031885571,2.7691476018643e-19,-5.1932475751684e-19,-0.00089856048836621,-0.0041518690166609,-0.0045774265719511,-2.4074965886948e-17,-0.0039376608373613,-0.0021767855083374,2.5961598943537e-10,-0.0028472423494151,0.0011017796135592,454.81131915496,454.81131915496,483.23898009461,483.23898009461,454.81131915496,449.33885043466,449.33885043466,449.33885043466,468.36862344724,468.36862344724,468.36862344724,483.23898009461,0.035494737899703,0.084412172348492,0.057542448546863,0.064713925571769,673.6024360566,-0.23880239642757,-0.01199288924385,0.0027811451097662,665.13097016437,0.0055505022546125,-0.23742639619817,0,4.4554069897744e-09,3.963838188419e-13,0,0,1.6052249405597e-13,1.6041768729827e-13,3.3885942582675e-13,0,7.7648561135489e-14,1.4248391755961e-13,0,4.8710937266219e-13,4.1188742581435e-13,1.8618112114529e-11,0,0,1.1066153440655e-11,1.3320234927108e-11,1.2391477503609e-11,0,8.1100445887007e-12,1.2845844173401e-11,0,1.7714019741192e-11,1.4670837448857e-11
6.75,1065884077.965,1065884077.965,1065884077.965,488106300.18725,488106300.18725,488106300.18725,1,1,1,399911111.46565,7.8607648967635e-05,0.00019854015587085,9.9374017545165e-05,1.0623951716167,299.06916601713,299.06916601713,327.58756004873,327.58756004873,299.06916601713,293.58263235715,293.58263235715,293.58263235715,312.66794416723,312.66794416723,312.66794416723,327.58756004873,0.0038507995803782,2.4112196082496e-17,-7.7470753054662e-19,-0.00090160863432228,-0.0041407032845429,-0.0045661296420201,-4.2701939290533e-17,-0.003935153161186,-0.0021789476476946,5.2355521689819e-10,-0.0028508162576642,0.0011049012585773,454.54206497202,454.54206497202,483.06045900362,483.06045900362,454.54206497202,449.05553131204,449.05553131204,449.05553131204,468.14084312213,468.14084312213,468.14084312213,483.06045900362,0.035365389681207,0.085065950840246,0.05800052809925,0.065179991420245,673.26965480665,-0.24229514395667,-0.0011833172918541,0.0044322920496445,664.75434940179,-0.0010893467207554,-0.240904760276,0,4.9824658160957e-09,4.0719638715857e-13,0,0,1.6333847614808e-13,1.6193793875985e-13,3.5595361892841e-13,0,7.8559116014001e-14,1.4328955071311e-13,0,5.2708369902229e-13,4.3468365566652e-13,1.9193974767798e-11,0,0,1.1297148928881e-11,1.3549249756365e-11,1.2894871939073e-11,0,8.2211439560157e-12,1.3048486199366e-11,0,1.8459428656856e-11,1.5285572970042e-11
6.8,1064279280.9994,1064279280.9994,1064279280.9994,486501503.22157,486501503.22157,486501503.22157,1,1,1,399915648.61538,7.9080578317716e-05,0.00020001154484205,0.00010007065160397,1.0628940913054,298.78852456856,298.78852456856,327.39489205609,327.39489205609,298.78852456856,293.28838968036,293.28838968036,293.28838968036,312.42740277763,312.42740277763,312.42740277763,327.39489205609,0.0038484967697681,8.0891895751869e-17,-1.1608071396537e-18,-0.0009053198211344,-0.004125931059685,-0.0045573517712545,-7.4107531551318e-17,-0.0039343239862813,-0.0021839651910796,1.0360742543583e-09,-0.0028549257430264,0.0011072544428852,454.27651131233,454.27651131233,482.88287879986,482.88287879986,454.27651131233,448.77637642413,448.77637642413,448.77637642413,467.9153895214,467.9153895214,467.9153895214,482.88287879986,0.035508062117884,0.085719413487006,0.05845824004969,0.065645838719166,672.94583397933,-0.24495623795027,-0.00057218104591193,0.0027984522946317,664.38921352125,-0.0018174365769045,-0.24398893771282,0,5.5635924079361e-09,4.1856527705683e-13,0,0,1.6620276905942e-13,1.6336764180979e-13,3.731635188314e-13,6.687638036889e-75,7.9502638704287e-14,1.4397951410563e-13,0,5.7088218383466e-13,4.5917273194888e-13,1.978591545935e-11,0,0,1.1532195138989e-11,1.3780286491065e-11,1.3422604848387e-11,9.4577484120105e-75,8.3335776659158e-12,1.3252103980918e-11,0,1.9266777983752e-11,1.5934941275036e-11
6.85,1062694686.9235,1062694686.9235,1062694686.9235,484916909.14575,484916909.14575,484916909.14575,1,1,1,399919686.00214,7.9548613807223e-05,0.00020148312656955,0.00010076357760709,1.0633929296265,298.51200389539,298.51200389539,327.20359825602,327.20359825602,298.51200389539,292.99843977109,292.99843977109,292.99843977109,312.18961959368,312.18961959368,312.18961959368,327.20359825602,0.003845704466826,2.0578744230376e-16,-1.7401415655572e-18,-0.000908965603544,-0.0041130792367815,-0.0045488650716932,-1.259645711235e-16,-0.0039340152618837,-0.0021880359313576,2.0079236717023e-09,-0.0028590788657282,0.0011091622240274,454.01436336146,454.01436336146,482.70595772209,482.70595772209,454.01436336146,448.50079923716,448.50079923716,448.50079923716,467.69197905976,467.69197905976,467.69197905976,482.70595772209,0.035466895967551,0.086372575560984,0.058915608117143,0.066111467354472,672.62821311163,-0.2473919791533,0.00042708555998121,0.0037804441528361,664.03362658055,-0.0038878833158235,-0.24509527368257,0,6.2025222497637e-09,4.3029258476882e-13,0,0,1.6906810203128e-13,1.647969824893e-13,3.9002093997367e-13,4.0172505802042e-54,8.0413764293233e-14,1.4467337558472e-13,0,6.1793477463769e-13,4.854221700705e-13,2.0394441068519e-11,0,0,1.1771293541846e-11,1.401334461874e-11,1.3974177751308e-11,5.6812502539759e-54,8.4472999019807e-12,1.3456703030784e-11,0,2.0140669722706e-11,1.6621431891426e-11
6.9,1061130050.7776,1061130050.7776,1061130050.7776,483352272.99978,483352272.99978,483352272.99978,1,1,1,399923499.36048,8.0011608360424e-05,0.00020295481153881,0.00010145382775878,1.0638916755456,298.23929403237,298.23929403237,327.01385513403,327.01385513403,298.23929403237,292.71260683182,292.71260683182,292.71260683182,311.95481880103,311.95481880103,311.95481880103,327.01385513403,0.0038441276317454,4.7186460139112e-16,-2.6142034209993e-18,-0.0009128685551117,-0.0040992783000335,-0.004540222010062,-2.0898384310735e-16,-0.0039340978043038,-0.0021922476549561,3.8038246345543e-09,-0.0028612278151642,0.0011114633146559,453.75533175699,453.75533175699,482.52989285865,482.52989285865,453.75533175699,448.22864455643,448.22864455643,448.22864455643,467.47085652564,467.47085652564,467.47085652564,482.52989285865,0.035408215451399,0.087025412183293,0.059372605245161,0.066576874516194,672.31910125564,-0.24925146481439,0.0014614834005872,0.0035104022981482,663.68735569588,-0.0015603762131712,-0.2484740357831,0,6.9037049973346e-09,4.4246890031888e-13,0,4.3550946534687e-61,1.7202334513812e-13,1.662251363102e-13,4.0660650030485e-13,1.0076643077378e-48,8.1298738296577e-14,1.4531479323934e-13,0,6.6883622414337e-13,5.1342880088616e-13,2.1020186588278e-11,0,6.159033924354e-61,1.2014571289585e-11,1.4248422460917e-11,1.4549206178588e-11,1.4250582115723e-48,8.5622736802836e-12,1.3662209182197e-11,0,2.1086546981896e-11,1.7347529864952e-11
6.95,1059585871.0182,1059585871.0182,1059585871.0182,481808093.24046,481808093.24046,481808093.24046,1,1,1,399927102.54531,8.0468973049928e-05,0.00020442670428111,0.00010214019001756,1.0643903223512,297.97085316865,297.97085316865,326.82564285092,326.82564285092,297.97085316865,292.43095599265,292.43095599265,292.43095599265,311.72287026855,311.72287026855,311.72287026855,326.82564285092,0.003840674100739,1.0182227714262e-15,-3.9190784982104e-18,-0.00091657716747566,-0.004085927183592,-0.0045307035184231,-3.3943134968008e-16,-0.0039334953467494,-0.0021974012372176,7.0130393239267e-09,-0.0028656989216527,0.0011134553408709,453.49992243165,453.49992243165,482.35471211392,482.35471211392,453.49992243165,447.96002525566,447.96002525566,447.96002525566,467.25193953155,467.25193953155,467.25193953155,482.35471211392,0.035396144440481,0.087677915953597,0.059829230475457,0.067042065727337,672.01857041701,-0.25121966449741,0.0029481678585815,0.0013831411053546,663.35272126259,-0.0033987159621982,-0.25003357519756,0,7.6712735984066e-09,4.5498126135177e-13,0,4.8048822677335e-52,1.7499228319045e-13,1.6770598770896e-13,4.2266270761006e-13,1.3635277392138e-45,8.20776211614e-14,1.4596746006318e-13,0,7.2296183185986e-13,5.4364883865717e-13,2.1663627258708e-11,0,6.7951296747937e-52,1.2262047749784e-11,1.4485594543226e-11,1.5146941511999e-11,1.9297444796797e-45,8.6783489652973e-12,1.3868638343883e-11,0,2.2108969409591e-11,1.811636542575e-11
7,1058060422.042,1058060422.042,1058060422.042,480282644.26421,480282644.26421,480282644.26421,1,1,1,399930505.99486,8.0921595526445e-05,0.00020590400048113,0.00010282390432579,1.0648889075468,297.70618252772,297.70618252772,326.63886406571,326.63886406571,297.70618252772,292.1532119093,292.1532119093,292.1532119093,311.49355896682,311.49355896682,311.49355896682,326.63886406571,0.0038377085844188,2.1166392247022e-15,-5.8809827553686e-18,-0.00092059818471633,-0.0040738272876616,-0.0045226078440828,-5.4386257685451e-16,-0.003934103963146,-0.0022017813562026,1.2539387353675e-08,-0.0028678522113352,0.0011154197445193,453.24767299099,453.24767299099,482.18035452898,482.18035452898,453.24767299099,447.69470237256,447.69470237256,447.69470237256,467.03504943009,467.03504943009,467.03504943009,482.18035452898,0.035335676062809,0.088330110437363,0.060285512420012,0.067507034768128,671.72232373148,-0.25361192885318,0.0015164517349535,0.0021392012001986,663.02322825349,-0.0020692508165486,-0.25330054712774,0,8.5092995221421e-09,4.6794861283227e-13,0,7.6407390058337e-48,1.7804215023379e-13,1.6912324528835e-13,4.3832925193146e-13,2.2521725660079e-43,8.2827183565174e-14,1.4653258975944e-13,0,7.8010230460433e-13,5.7599498144239e-13,2.2325406533469e-11,0,1.0806316241571e-47,1.2513837373319e-11,1.4724770930425e-11,1.5766832684866e-11,3.2043504324498e-43,8.7954842916284e-12,1.4075866719651e-11,0,2.32122006688e-11,1.8930945340365e-11
7.05,1056556262.0492,1056556262.0492,1056556262.0492,478778484.27142,478778484.27142,478778484.27142,1,1,1,399933728.55273,8.1368763129877e-05,0.00020738400383132,0.00010350481007378,1.0653873865672,297.4455776619,297.4455776619,326.4538513867,326.4538513867,297.4455776619,291.87999498115,291.87999498115,291.87999498115,311.267256867,311.267256867,311.267256867,326.4538513867,0.0038340084439787,4.2523246975374e-15,-8.8146511145832e-18,-0.00092468970355079,-0.0040617440453853,-0.0045129825269223,-8.4918567711027e-16,-0.0039344697380737,-0.0022062265969655,2.1615499482727e-08,-0.0028702746969014,0.0011173484970095,452.99886607211,452.99886607211,482.0071397969,482.0071397969,452.99886607211,447.43328339136,447.43328339136,447.43328339136,466.8205452772,466.8205452772,466.8205452772,482.0071397969,0.035292279267497,0.088981952442571,0.060741412178265,0.067971784107181,671.43567518106,-0.25498480063247,0.002011983782202,0.00082817670689827,662.70707999596,-0.0011662964019834,-0.25423190912145,0,9.4218323386411e-09,4.8129143895793e-13,0,3.5974569167073e-45,1.8112692651739e-13,1.7058050064749e-13,4.5307361842345e-13,1.0410227505965e-41,8.3454047600188e-14,1.4710697994175e-13,0,8.3960170634093e-13,6.105409438082e-13,2.3006055413897e-11,0,5.0983786779019e-45,1.276998952931e-11,1.4966008187917e-11,1.6407575540794e-11,1.504271996957e-41,8.9135061375795e-12,1.4283907405804e-11,0,2.4399576788899e-11,1.9794380623482e-11
7.1,1055067923.6134,1055067923.6134,1055067923.6134,477290145.83563,477290145.83563,477290145.83563,1,1,1,399936780.18267,8.1811978689487e-05,0.00020886417685781,0.00010418285246839,1.0658858092434,297.18823018992,297.18823018992,326.27004028161,326.27004028161,297.18823018992,291.60978745888,291.60978745888,291.60978745888,311.04348032664,311.04348032664,311.04348032664,326.27004028161,0.0038306999970006,8.2843053876714e-15,-1.3189412024388e-17,-0.00092857975423335,-0.0040508152107146,-0.0045048660764511,-1.3032849261757e-15,-0.0039354335137269,-0.0022100408714342,3.5584058486267e-08,-0.0028724344764308,0.0011189404068727,452.75277025956,452.75277025956,481.83458035125,481.83458035125,452.75277025956,447.17432752852,447.17432752852,447.17432752852,466.60802039628,466.60802039628,466.60802039628,481.83458035125,0.035253953819605,0.089633478699345,0.061196968856811,0.068436311057237,671.15309031452,-0.25768076581432,0.0010598910205095,0.0032222065129453,662.39503851871,-0.0010852870101783,-0.25741740574078,0,1.041147272933e-08,4.9518673033983e-13,0,3.0512632917173e-43,1.8426269699009e-13,1.7202891475462e-13,4.6708223082026e-13,2.1879899041154e-40,8.4002258725271e-14,1.4760172674322e-13,0,8.9966823368133e-13,6.4759761006582e-13,2.3706355203851e-11,0,4.3661217162968e-43,1.3030576334433e-11,1.5209293812284e-11,1.7068129566363e-11,3.2447121964311e-40,9.0323032711387e-12,1.4492647769594e-11,0,2.5671899806608e-11,2.0710221946598e-11
7.15,1053597591.1701,1053597591.1701,1053597591.1701,475819813.39235,475819813.39235,475819813.39235,1,1,1,399939673.6938,8.2249128815671e-05,0.00021034450609373,0.0001048572406412,1.0663841518019,296.93438171965,296.93438171965,326.08764093529,326.08764093529,296.93438171965,291.34359917688,291.34359917688,291.34359917688,310.82213043291,310.82213043291,310.82213043291,326.08764093529,0.0038264228820073,1.5660715021448e-14,-1.9820298521304e-17,-0.00093254087960842,-0.004038517102415,-0.0044963012209454,-1.9577788996338e-15,-0.0039358763144088,-0.0022148393680677,5.5572456052226e-08,-0.0028759935445336,0.0011203685490144,452.50962561141,452.50962561141,481.66288482704,481.66288482704,452.50962561141,446.91884306863,446.91884306863,446.91884306863,466.39737432467,466.39737432467,466.39737432467,481.66288482704,0.035182486642821,0.090284659485978,0.061652157071152,0.068900622334545,670.8770031253,-0.26167470206643,-0.0018348078077727,0.0038970721634273,662.09082394279,-0.0012885727064766,-0.26077106573109,0,1.1480195797445e-08,5.0958388307467e-13,0,9.2185437896717e-42,1.8740348695007e-13,1.7348599645616e-13,4.8029106945825e-13,2.5717156582249e-39,8.4418689603669e-14,1.4808469872771e-13,0,9.5881157346328e-13,6.870602655943e-13,2.4427015642462e-11,0,1.3473601824314e-41,1.3295604887314e-11,1.5454640061354e-11,1.7747363710678e-11,3.961426382072e-39,9.151689326894e-12,1.4702071158915e-11,0,2.702786413756e-11,2.1681871892369e-11
7.2,1052142866.4145,1052142866.4145,1052142866.4145,474365088.63673,474365088.63673,474365088.63673,1,1,1,399942410.8153,8.2681583248402e-05,0.0002118249556898,0.00010552931555491,1.0668824091497,296.68370909788,296.68370909788,325.90658262826,325.90658262826,296.68370909788,291.08062380098,291.08062380098,291.08062380098,310.60288077186,310.60288077186,310.60288077186,325.90658262826,0.0038225553650013,2.8512198922537e-14,-2.9779903679837e-17,-0.00093670622474649,-0.0040276040731276,-0.0044865977297122,-2.8870085213798e-15,-0.0039366033341093,-0.0022190465403611,8.1539588209764e-08,-0.0028782462218024,0.0011221149178374,452.2691734,452.2691734,481.49204693038,481.49204693038,452.2691734,446.6660881031,446.6660881031,446.6660881031,466.18834507398,466.18834507398,466.18834507398,481.49204693038,0.035117493665595,0.090935482095606,0.062106968592857,0.069364712079289,670.60761783274,-0.2640281454998,-0.0021538144736286,0.0036250480236787,661.79693946634,-0.00097823025432729,-0.26272556293562,0,1.2626585988356e-08,5.2443429235498e-13,0,1.4326039254723e-40,1.906250465415e-13,1.7497897020206e-13,4.9246861807135e-13,2.021311091057e-38,8.4712346196161e-14,1.4855104055549e-13,0,1.0134873810587e-12,7.285586453708e-13,2.5168677731284e-11,0,2.160743919155e-40,1.3565189413461e-11,1.5702097694144e-11,1.8443819509397e-11,3.2547081969551e-38,9.2714906757851e-12,1.4912154055173e-11,0,2.8461151737147e-11,2.2712209409636e-11
7.25,1050706181.9387,1050706181.9387,1050706181.9387,472928404.16088,472928404.16088,472928404.16088,1,1,1,399945008.28636,8.3110032771261e-05,0.00021330548764694,0.00010619996544341,1.0673805824033,296.4366563378,296.4366563378,325.72717479017,325.72717479017,296.4366563378,290.82118325274,290.82118325274,290.82118325274,310.38613944539,310.38613944539,310.38613944539,325.72717479017,0.0038193898846549,4.9663241558165e-14,-4.4798933350635e-17,-0.00094085719132011,-0.0040179976727514,-0.0044765335017376,-4.1551374513625e-15,-0.0039370812779206,-0.0022222624085629,1.1239672707449e-07,-0.0028797105197267,0.0011241732646055,452.03185576341,452.03185576341,481.32237421578,481.32237421578,452.03185576341,446.41638267835,446.41638267835,446.41638267835,465.981338871,465.981338871,465.981338871,481.32237421578,0.035080191773654,0.091585944784539,0.062561403220546,0.069828577110715,670.34558486844,-0.26607966887402,0.0010801088000614,0.0032223351017736,661.51241951784,-0.0019348305043516,-0.26518817477769,0,1.384634952178e-08,5.3961348750753e-13,0,1.4357681271272e-39,1.939528614482e-13,1.7653250172292e-13,5.0316532259011e-13,1.2054671518632e-37,8.4867722199683e-14,1.4902162722085e-13,0,1.0614459285435e-12,7.7172046965969e-13,2.5931806443756e-11,0,2.2465571497218e-39,1.3839480180582e-11,1.595175235228e-11,1.915540273272e-11,2.0302588148557e-37,9.3915117595276e-12,1.5122902461475e-11,0,2.9962262965019e-11,2.380358696419e-11
7.3,1049284835.1707,1049284835.1707,1049284835.1707,471507057.39295,471507057.39295,471507057.39295,1,1,1,399948659.79707,8.3533215927374e-05,0.0002147861649867,0.00010686791535729,1.0678786900374,296.19262345135,296.19262345135,325.54890553098,325.54890553098,296.19262345135,290.56491502895,290.56491502895,290.56491502895,310.17176351072,310.17176351072,310.17176351072,325.54890553098,0.0038149690067043,8.2394634508601e-14,-6.7500456926573e-17,-0.00094531156459101,-0.0040073790413783,-0.0044675436427945,-5.8800271462727e-15,-0.0039380865933028,-0.0022262171914472,1.4611146572512e-07,-0.0028821243963851,0.0011258007742402,451.7970831647,451.7970831647,481.15336524432,481.15336524432,451.7970831647,446.1693747423,446.1693747423,446.1693747423,465.77622322407,465.77622322407,465.77622322407,481.15336524432,0.035082622463807,0.092236047795851,0.063015464956781,0.070292222512972,670.08796924337,-0.26786349811438,0.00093953551291288,0.0023280870259511,661.23473027396,-0.0020129602074008,-0.26710930740465,0,1.5130330910247e-08,5.5528361256735e-13,0,1.017466470129e-38,1.9729450103778e-13,1.7805544669766e-13,5.1301931266e-13,5.6658962035951e-37,8.4937829960442e-14,1.4946977104647e-13,0,1.0993241031908e-12,8.1651781795536e-13,2.6717096059613e-11,0,1.6635705962885e-38,1.4118496739731e-11,1.6203560779854e-11,1.9880921602443e-11,1.0043046068978e-36,9.5116319906162e-12,1.5334284638854e-11,0,3.1516942021195e-11,2.4958317536262e-11
7.35,1047878653.281,1047878653.281,1047878653.281,470100875.50323,470100875.50323,470100875.50323,1,1,1,399953018.55698,8.3952343176955e-05,0.00021626694487401,0.00010753415181192,1.0683767358349,295.95167114985,295.95167114985,325.37177086106,325.37177086106,295.95167114985,290.3118234124,290.3118234124,290.3118234124,309.95959886555,309.95959886555,309.95959886555,325.37177086106,0.0038100919023175,1.297569337841e-13,-1.0217281553234e-16,-0.00094963673833407,-0.0039981705565285,-0.0044588249518037,-8.1426555794784e-15,-0.0039399519051501,-0.0022298053367635,1.806167467835e-07,-0.0028833711648187,0.0011270697925974,451.5649508048,451.5649508048,480.98505051602,480.98505051602,451.5649508048,445.92510306736,445.92510306736,445.92510306736,465.5728785205,465.5728785205,465.5728785205,480.98505051602,0.035039930047548,0.092885801397655,0.063469171105147,0.070755643809741,669.83512744739,-0.2714509706263,-0.00034689502800071,0.0038717172031216,660.96248121063,-0.00089163256379727,-0.26996713989246,0,1.646585062091e-08,5.7160440309394e-13,0,5.4656998003522e-38,2.0071363005574e-13,1.7956806508561e-13,5.2153352727861e-13,2.1838091468459e-36,8.4922637383465e-14,1.4990106689241e-13,0,1.125356380137e-12,8.6198096893251e-13,2.752546675878e-11,0,9.3932373818066e-38,1.4402348677509e-11,1.6457508372867e-11,2.0618481389953e-11,4.0926771200017e-36,9.6317307361564e-12,1.5546276760668e-11,0,3.3108436276488e-11,2.6177342713034e-11
7.4,1046488043.0414,1046488043.0414,1046488043.0414,468710265.26365,468710265.26365,468710265.26365,1,1,1,399957005.04911,8.4366731808432e-05,0.00021774781970772,0.0001081985233263,1.0688747099983,295.71393155714,295.71393155714,325.19567256613,325.19567256613,295.71393155714,290.06222620224,290.06222620224,290.06222620224,309.74950108639,309.74950108639,309.74950108639,325.19567256613,0.0038057130861872,1.9289413168832e-13,-1.5488760379784e-16,-0.00095407460680113,-0.0039889019886556,-0.0044492950792572,-1.1097174679227e-14,-0.0039409125672517,-0.0022332940268751,2.132103686822e-07,-0.0028850146463368,0.0011287179141084,451.33561951887,451.33561951887,480.81736052787,480.81736052787,451.33561951887,445.68391416397,445.68391416397,445.68391416397,465.37118904813,465.37118904813,465.37118904813,480.81736052787,0.034978239607105,0.093535183854807,0.06392250251632,0.071218842800527,669.58768694252,-0.27394312394011,-1.0837795499674e-05,0.004160466294901,660.69835597084,-0.0012735333440889,-0.27238307179134,0,1.7836382128977e-08,5.8827022086045e-13,0,2.4210380375231e-37,2.0413823988411e-13,1.811166814615e-13,5.2887139314778e-13,7.3119048313938e-36,8.4801170008915e-14,1.5034442743986e-13,0,1.1374894476558e-12,9.0791310223544e-13,2.8357406483461e-11,0,4.363188565867e-37,1.4691043744953e-11,1.6713646040162e-11,2.1366418486894e-11,1.443327209934e-35,9.7516577008881e-12,1.575889588898e-11,0,3.4717089280419e-11,2.7461325735671e-11
7.45,1045114076.5905,1045114076.5905,1045114076.5905,467336298.81268,467336298.81268,467336298.81268,1,1,1,399960498.40582,8.4776489571334e-05,0.00021922880869725,0.00010886041985145,1.0693726137702,295.47941308401,295.47941308401,325.0210577889,325.0210577889,295.47941308401,289.81610464093,289.81610464093,289.81610464093,309.541769688,309.541769688,309.541769688,325.0210577889,0.0038003614886741,2.7200702418968e-13,-2.3552773266092e-16,-0.00095862254944393,-0.00397897033937,-0.0044403945040877,-1.4866019340648e-14,-0.0039420795847916,-0.0022375563714765,2.4217929263587e-07,-0.0028870529777739,0.0011299306395367,451.10910660644,451.10910660644,480.65075131133,480.65075131133,451.10910660644,445.44579816336,445.44579816336,445.44579816336,465.17146321044,465.17146321044,465.17146321044,480.65075131133,0.034963901788588,0.094184191654863,0.064375461484426,0.071681821503878,669.34571917873,-0.27638672793133,-0.002311132865154,0.0038564915384574,660.44153509172,-0.00095912902824836,-0.27484737055331,0,1.9224901850021e-08,6.0566686227423e-13,0,9.0290361853159e-37,2.0754673112792e-13,1.8266399272373e-13,5.3522079512007e-13,2.1578891881914e-35,8.460945717413e-14,1.5078924173591e-13,0,1.1363903024525e-12,9.5401728883299e-13,2.9213948774369e-11,0,1.7132173994298e-36,1.498455914694e-11,1.6971971936029e-11,2.2123334994216e-11,4.4950433659726e-35,9.8713135427287e-12,1.5972144079703e-11,0,3.6324187858297e-11,2.8810509924277e-11
7.5,1043755596.2381,1043755596.2381,1043755596.2381,465977818.46035,465977818.46035,465977818.46035,1,1,1,399963700.08998,8.5181666189363e-05,0.00022070988394099,0.00010952421589848,1.0698704413112,295.24827566167,295.24827566167,324.8479292941,324.8479292941,295.24827566167,289.5729489227,289.5729489227,289.5729489227,309.33606393543,309.33606393543,309.33606393543,324.8479292941,0.0037958858774561,3.6481326054869e-13,-3.585354898995e-16,-0.0009632404920247,-0.003969706353707,-0.0044306501745911,-1.9566856565648e-14,-0.0039428587887538,-0.0022412775553873,2.6588772838411e-07,-0.0028885150741315,0.0011314829184211,450.88559357729,450.88559357729,480.48524720973,480.48524720973,450.88559357729,445.21026683833,445.21026683833,445.21026683833,464.97338185106,464.97338185106,464.97338185106,480.48524720973,0.034901685306927,0.094832813599876,0.064828045733819,0.072144577747026,669.10987270244,-0.27839865389441,-0.0019691900119658,0.0030561873039854,660.19296516584,-0.0015327544824636,-0.2774244714234,0,2.0615383841311e-08,6.2341300317503e-13,0,2.9366403427005e-36,2.109445112831e-13,1.8424351034648e-13,5.4040410479987e-13,5.7467279771233e-35,8.4361548729656e-14,1.5126759613445e-13,0,1.1234214467033e-12,9.9973586937839e-13,3.0095587898419e-11,0,5.8662539998888e-36,1.5282879735705e-11,1.7232531607141e-11,2.2887581808387e-11,1.2622144010489e-34,9.990618789085e-12,1.6186068765704e-11,0,3.7912945704485e-11,3.0224349949543e-11
7.55,1042410675.3576,1042410675.3576,1042410675.3576,464632897.57982,464632897.57982,464632897.57982,1,1,1,399966636.1774,8.5583150204134e-05,0.00022219102978451,0.00011021067301843,1.0703681978064,295.01997996615,295.01997996615,324.67571641924,324.67571641924,295.01997996615,289.33278848871,289.33278848871,289.33278848871,309.13223374924,309.13223374924,309.13223374924,324.67571641924,0.0037914246164112,4.6976968928239e-13,-5.4638347151927e-16,-0.00096807676932261,-0.0039614507028347,-0.0044207451679367,-2.5338593552702e-14,-0.0039443199510176,-0.0022440273317255,2.8419525847756e-07,-0.0028888231740346,0.0011334314172345,450.66456763218,450.66456763218,480.32030408527,480.32030408527,450.66456763218,444.97737615474,444.97737615474,444.97737615474,464.77682141527,464.77682141527,464.77682141527,480.32030408527,0.03487544668695,0.09548103926042,0.065280237409974,0.072607108390506,668.87957844585,-0.27976928726253,0.00064769784218397,0.0020636392282942,659.95231461163,-0.0011349315188185,-0.2794966475434,0,2.199476168622e-08,6.4154220718659e-13,0,8.4467602288243e-36,2.1437459006814e-13,1.8581070581852e-13,5.4454864923681e-13,1.3947437195111e-34,8.4058497335173e-14,1.5175439149315e-13,0,1.1012441352742e-12,1.0447503346564e-12,3.1002865588657e-11,0,1.7811776873606e-35,1.5586051188407e-11,1.7495307627343e-11,2.3657689893509e-11,3.2346798852162e-34,1.0109495456049e-11,1.6400681884303e-11,0,3.9470340096074e-11,3.1701850042108e-11
7.6,1041080605.117,1041080605.117,1041080605.117,463302827.33925,463302827.33925,463302827.33925,1,1,1,399969329.35789,8.5979613333666e-05,0.00022367228329144,0.00011089460746289,1.0708659127962,294.79459294619,294.79459294619,324.50462741609,324.50462741609,294.79459294619,289.09585871586,289.09585871586,289.09585871586,308.93056528252,308.93056528252,308.93056528252,324.50462741609,0.003785525613326,5.8650359124671e-13,-8.346451377847e-16,-0.00097266387361064,-0.0039527895614714,-0.0044122479484299,-3.2176103066381e-14,-0.003946782095358,-0.0022477637341723,2.979321971734e-07,-0.0028904424973559,0.0011343410342978,450.44610276136,450.44610276136,480.15613723127,480.15613723127,450.44610276136,444.74736853104,444.74736853104,444.74736853104,464.5820750977,464.5820750977,464.5820750977,480.15613723127,0.034883818520172,0.096128902872603,0.065732070401243,0.073069419072152,668.65140363833,-0.28354759182844,-0.002522204138955,0.0038056061511991,659.71416912359,-0.00046891075644698,-0.28199629584638,0,2.3353819158494e-08,6.6071951652096e-13,0,2.169517273531e-35,2.1770921493721e-13,1.8729022192972e-13,5.4782940350659e-13,3.0766242527154e-34,8.3731726194112e-14,1.5223228421597e-13,0,1.0727999319301e-12,1.0894830134438e-12,3.1937264089846e-11,0,4.8493384393909e-35,1.5893938512825e-11,1.7760175999296e-11,2.4432437665815e-11,7.5856836297323e-34,1.0227909998834e-11,1.6615970845273e-11,0,4.0987508309523e-11,3.3242611695695e-11
7.65,1039763097.5243,1039763097.5243,1039763097.5243,461985319.74652,461985319.74652,461985319.74652,1,1,1,399971795.52464,8.6373481078124e-05,0.00022515354998259,0.00011157806383069,1.0713635505546,294.57189875182,294.57189875182,324.33450516683,324.33450516683,294.57189875182,288.86149617208,288.86149617208,288.86149617208,308.73065155385,308.73065155385,308.73065155385,324.33450516683,0.0037809921452516,7.1216184155931e-13,-1.2744822366424e-15,-0.00097714153368311,-0.0039469063723767,-0.0044006754703936,-3.9867620903129e-14,-0.003948840271697,-0.0022494181812043,3.0624662350388e-07,-0.0028907055188175,0.0011361801245428,450.23001775076,450.23001775076,479.99262416577,479.99262416577,450.23001775076,444.51961517101,444.51961517101,444.51961517101,464.38877055279,464.38877055279,464.38877055279,479.99262416577,0.034856372385774,0.096776365746912,0.066183510048835,0.073531502218057,668.42965632888,-0.28726150706599,0.0035996787301902,0.0051758067586668,659.48540549251,-0.0025787766465483,-0.28281386782488,0,2.468517035991e-08,6.7997350577026e-13,0,5.1097179451402e-35,2.2107879621172e-13,1.8881919203123e-13,5.4910974885013e-13,6.3369584983779e-34,8.3354121217637e-14,1.5281043887183e-13,0,1.0392354794018e-12,1.132894867309e-12,3.2898891843761e-11,0,1.2075570857309e-34,1.6206591144781e-11,1.8027206661503e-11,2.520899611987e-11,1.6547496282334e-33,1.0345790527539e-11,1.6832077440397e-11,0,4.2457209218992e-11,3.4844766981786e-11
7.7,1038458311.2006,1038458311.2006,1038458311.2006,460680533.4228,460680533.4228,460680533.4228,1,1,1,399974059.36847,8.6761924908933e-05,0.00022663500053241,0.00011225741297987,1.0718611468386,294.35167208728,294.35167208728,324.16537945328,324.16537945328,294.35167208728,288.62984693127,288.62984693127,288.62984693127,308.53262514299,308.53262514299,308.53262514299,324.16537945328,0.003771217457854,8.5479040469358e-13,-1.9510477596786e-15,-0.00098307187266994,-0.0039347221253325,-0.004395522218638,-4.8723130159692e-14,-0.0039523989096678,-0.0022568271298263,3.1208617865385e-07,-0.0028906821550067,0.0011364058257021,450.01609890773,450.01609890773,479.82980627372,479.82980627372,450.01609890773,444.29427375172,444.29427375172,444.29427375172,464.19705196343,464.19705196343,464.19705196343,479.82980627372,0.034921014155574,0.097423431578511,0.066634558255709,0.073993363040115,668.21008911371,-0.28811622250274,-0.01354842511846,0.0024614500250965,659.25973938573,0.0067703616535875,-0.28664370448119,0,2.5984722510486e-08,7.0149163438199e-13,0,1.0775343488915e-34,2.2423866728992e-13,1.9010600983287e-13,5.5001345051907e-13,1.1807905091438e-33,8.3071923879122e-14,1.532180501392e-13,0,1.0043238679277e-12,1.1774022524353e-12,3.3890950826995e-11,0,2.7314207758562e-34,1.6523712509271e-11,1.8296057158897e-11,2.5986832601082e-11,3.3246395805859e-33,1.0463271968942e-11,1.7048760484905e-11,0,4.387753765403e-11,3.6509865215549e-11
7.75,1037167216.2422,1037167216.2422,1037167216.2422,459389438.46446,459389438.46446,459389438.46446,1,1,1,399976128.83674,8.7148069837263e-05,0.00022811641999954,0.00011293704675093,1.0723586655734,294.13438723952,294.13438723952,323.99740103943,323.99740103943,294.13438723952,288.40084322921,288.40084322921,288.40084322921,308.33656437295,308.33656437295,308.33656437295,323.99740103943,0.0037697756235489,1.0031749081619e-12,-2.9710727905205e-15,-0.0009874782680018,-0.0039293078733602,-0.00438299899232,-5.8189726897055e-14,-0.0039508576176107,-0.0022572859427108,3.1344821111901e-07,-0.0028922915490982,0.0011390481691623,449.80483258171,449.80483258171,479.66784638162,479.66784638162,449.80483258171,444.07128857139,444.07128857139,444.07128857139,464.00700971514,464.00700971514,464.00700971514,479.66784638162,0.034957198785088,0.098070081391034,0.067085201380079,0.07445500290208,667.99664935461,-0.29062737585117,-0.00038371947536804,0.0034081265556544,659.04223788942,-0.0012460475175385,-0.28936980588495,0,2.7250735624264e-08,7.2171340212341e-13,0,2.3144300524484e-34,2.2745517824109e-13,1.91609204236e-13,5.4785180424152e-13,2.2464871552591e-33,8.2654935031963e-14,1.5386690491821e-13,0,9.6799309556378e-13,1.2199771314473e-12,3.4911607708424e-11,0,6.0045191451925e-34,1.6845382707171e-11,1.8567033494203e-11,2.6761612052811e-11,6.5016521832504e-33,1.0580163699061e-11,1.726636114864e-11,0,4.524648661806e-11,3.8235173420627e-11
7.8,1035889581.0878,1035889581.0878,1035889581.0878,458111803.31005,458111803.31005,458111803.31005,1,1,1,399978033.43756,8.7533508466226e-05,0.00022959781568519,0.00011361876796536,1.0728561337372,293.91968602302,293.91968602302,323.83029192182,323.83029192182,293.91968602302,288.17503909617,288.17503909617,288.17503909617,308.14243733479,308.14243733479,308.14243733479,323.83029192182,0.0037643961036968,1.1623350564164e-12,-4.5570267207864e-15,-0.00099189338172121,-0.0039267952147906,-0.0043729146162693,-6.771429206851e-14,-0.0039547340593949,-0.0022564571770571,3.1263286918061e-07,-0.0028903299392654,0.0011407400930275,449.59586333309,449.59586333309,479.50646923189,479.50646923189,449.59586333309,443.85121640624,443.85121640624,443.85121640624,463.81861464486,463.81861464486,463.81861464486,479.50646923189,0.035058266302194,0.098716358030218,0.067535498159721,0.074916404011483,667.78708920029,-0.29594525353433,0.009264762103723,0.0099353946107204,658.8302006038,-0.002959173609782,-0.29101505724463,0,2.8481946379391e-08,7.4310592166818e-13,0,5.1314584859907e-34,2.3083624009696e-13,1.9287363839602e-13,5.4334248082964e-13,4.2427472050799e-33,8.2246159490998e-14,1.5446314703672e-13,0,9.3143470771846e-13,1.2608575514229e-12,3.5962518181127e-11,0,1.3261497330835e-33,1.7171834448603e-11,1.8839798009447e-11,2.7530014358213e-11,1.2501802822395e-32,1.0696477333266e-11,1.7484805026066e-11,0,4.6563734214181e-11,4.001829527007e-11
7.85,1034623220.7716,1034623220.7716,1034623220.7716,456845442.9938,456845442.9938,456845442.9938,1,1,1,399979779.30529,8.7911432497648e-05,0.00023107940211808,0.0001142956165481,1.0733535332448,293.70743127219,293.70743127219,323.66395539888,323.66395539888,293.70743127219,287.95143131028,287.95143131028,287.95143131028,307.95009199448,307.95009199448,307.95009199448,323.66395539888,0.0037565916506893,1.3474636059117e-12,-6.9398118678104e-15,-0.00099805416274815,-0.0039134924532229,-0.0043644253528789,-7.7876731265365e-14,-0.0039550827391444,-0.0022640581292316,3.103069600981e-07,-0.002893112228106,0.0011421447052845,449.38907591592,449.38907591592,479.34560004261,479.34560004261,449.38907591592,443.633075954,443.633075954,443.633075954,463.6317366382,463.6317366382,463.6317366382,479.34560004261,0.035040383375334,0.099362159235452,0.067985317977441,0.075377597545244,667.58182631434,-0.29388756795846,0.00059559376534596,0.0011090699272302,658.6261304582,-0.0013667046050438,-0.29365910515635,0,2.9678399533552e-08,7.6642907592258e-13,0,1.318687943031e-33,2.3375546731222e-13,1.9401936127323e-13,5.3876934873606e-13,8.865363324589e-33,8.1925843624536e-14,1.5495594697676e-13,0,8.9611664604929e-13,1.3035155882872e-12,3.7046412574894e-11,0,3.1910561066559e-33,1.7502414600755e-11,1.9114182821523e-11,2.8291949278187e-11,2.5039319871394e-32,1.0812337972429e-11,1.7703945827851e-11,0,4.7831034528492e-11,4.186174469379e-11
7.9,1033368989.9847,1033368989.9847,1033368989.9847,455591212.20693,455591212.20693,455591212.20693,1,1,1,399981381.74316,8.8368032427594e-05,0.00023256106928366,0.00011497011375605,1.0738509018579,293.49785312504,293.49785312504,323.49876064343,323.49876064343,293.49785312504,287.73015157992,287.73015157992,287.73015157992,307.75941194063,307.75941194063,307.75941194063,323.49876064343,0.0037502783822875,1.5527488760644e-12,-1.0598578324402e-14,-0.0010032675419049,-0.0039050927737797,-0.0043558905250885,-8.7572768919171e-14,-0.0039575911841541,-0.002267475895919,3.0798383248066e-07,-0.0028947956732024,0.00114292774491,449.18471486047,449.18471486047,479.18562237885,479.18562237885,449.18471486047,443.41701331534,443.41701331534,443.41701331534,463.44627367605,463.44627367605,463.44627367605,479.18562237885,0.035185317610061,0.10000757508854,0.068434770232932,0.075838572354699,667.37732675272,-0.29806834746387,-0.0021527570896963,0.0026793138652825,658.42115229557,-0.0012314412603345,-0.29701335418878,0,3.0841952645848e-08,7.9104446617299e-13,0,4.1870446979052e-33,2.3677535571671e-13,1.9505841885235e-13,5.3249816085065e-13,2.1714053937e-32,8.1554210138232e-14,1.5548065657993e-13,0,8.624563901268e-13,1.3452280079087e-12,3.8165118387396e-11,0,9.1124315046958e-33,1.7837265520045e-11,1.9390037082919e-11,2.9045015399201e-11,5.5747629443199e-32,1.0927673042475e-11,1.7923828681073e-11,0,4.9050732052364e-11,4.3764184387059e-11
7.95,1032125577.4607,1032125577.4607,1032125577.4607,454347799.68295,454347799.68295,454347799.68295,1,1,1,399982783.98284,8.8999919354335e-05,0.00023404276757039,0.00011564416541328,1.0743482016322,293.29042000667,293.29042000667,323.33442143444,323.33442143444,293.29042000667,287.51098772972,287.51098772972,287.51098772972,307.57049004792,307.57049004792,307.57049004792,323.33442143444,0.0037444376229008,1.7785590024108e-12,-1.6219278277553e-14,-0.0010084574502879,-0.0038978245925523,-0.0043459636636183,-9.5930218984962e-14,-0.0039597715078543,-0.002269938693088,3.0397097227422e-07,-0.0028947603008369,0.0011445013175557,448.98226677686,448.98226677686,479.02626820463,479.02626820463,448.98226677686,443.2028344999,443.2028344999,443.2028344999,463.26233681811,463.26233681811,463.26233681811,479.02626820463,0.035208467983669,0.1006525516042,0.06888380157041,0.0762993231721,667.17769664414,-0.30040622680788,-9.4171184199303e-05,0.003139551256473,658.22430776442,-0.0017243636560746,-0.29929455170268,0,3.1973191965813e-08,8.1693347806521e-13,0,1.5064105548923e-32,2.3990171310797e-13,1.9604150831487e-13,5.2441112685491e-13,6.1666022277429e-32,8.1206044684266e-14,1.5601090414876e-13,0,8.2965251623903e-13,1.3858270043912e-12,3.9320436791632e-11,0,3.0416293877003e-32,1.8176537776359e-11,1.9667281642766e-11,2.9786644727058e-11,1.4295655448554e-31,1.1042515732214e-11,1.8144461417599e-11,0,5.0224037892887e-11,4.5724039731772e-11
8,1030892479.7018,1030892479.7018,1030892479.7018,453114701.924,453114701.924,453114701.924,1,1,1,399984074.23137,8.9631098350734e-05,0.0002355245303937,0.00011631699152782,1.0748454520978,293.08529661587,293.08529661587,323.17071091234,323.17071091234,293.08529661587,287.29389203335,287.29389203335,287.29389203335,307.3831731131,307.3831731131,307.3831731131,323.17071091234,0.0037374005642324,2.031099777196e-12,-2.4819054286341e-14,-0.0010139181322392,-0.0038902090658479,-0.0043370200759629,-1.0246902242236e-13,-0.0039628427468203,-0.0022730775980602,2.993327393333e-07,-0.0028947098245337,0.0011457126699238,448.78190876787,448.78190876787,478.86732306433,478.86732306433,448.78190876787,442.99050418535,442.99050418535,442.99050418535,463.07978526509,463.07978526509,463.07978526509,478.86732306433,0.035265884419932,0.10129710238511,0.069332426581411,0.076759851716016,666.98094734042,-0.30305417777865,-0.0020852683199119,0.0035560328304212,658.03161689337,-0.00043954182143449,-0.30194108612421,0,3.3073378154228e-08,8.4474689746967e-13,0,5.4622307335566e-32,2.4305413416931e-13,1.9688005424466e-13,5.151408649008e-13,1.8609359204576e-31,8.0896686844437e-14,1.5648983082644e-13,0,7.9840051425225e-13,1.4256646979107e-12,4.0515089310807e-11,0,1.0766390171907e-31,1.8520268229292e-11,1.9945712085639e-11,3.0515163924734e-11,4.0613263622738e-31,1.1156920923901e-11,1.8365771458727e-11,0,5.1353146728348e-11,4.7740234082954e-11
8.05,1029669474.7167,1029669474.7167,1029669474.7167,451891696.93894,451891696.93894,451891696.93894,1,1,1,399985260.49023,9.0261598648162e-05,0.00023700631539761,0.00011698972910237,1.0753426373671,292.88209417966,292.88209417966,323.00788308853,323.00788308853,292.88209417966,287.07880518636,287.07880518636,287.07880518636,307.1974927634,307.1974927634,307.1974927634,323.00788308853,0.0037313503859991,2.3081838545878e-12,-3.7783509535133e-14,-0.0010195875838584,-0.0038833732930107,-0.0043267866677018,-1.0693407867643e-13,-0.0039646410239779,-0.0022754031875209,2.9389396060734e-07,-0.0028943401129076,0.0011477032682534,448.58326102174,448.58326102174,478.70904993061,478.70904993061,448.58326102174,442.77997202844,442.77997202844,442.77997202844,462.89865960548,462.89865960548,462.89865960548,478.70904993061,0.035303801494368,0.1019411974618,0.069780616784431,0.0772201552293,666.7888552336,-0.30420663654124,0.0013009774670805,0.0019374074428242,657.84605603659,-0.00094779137807105,-0.3043863823719,0,3.4143956440755e-08,8.7378691611627e-13,0,1.9163523651136e-31,2.4635069525052e-13,1.9769206882355e-13,5.0470916450616e-13,5.6485867831859e-31,8.0630935579718e-14,1.569884437733e-13,0,7.6875749561895e-13,1.4645479667201e-12,4.1750810618202e-11,0,3.7867705222201e-31,1.8868660723616e-11,2.0225290890543e-11,3.1228930470232e-11,1.2049634399297e-30,1.1270950286544e-11,1.8587786645047e-11,0,5.2440334004828e-11,4.9811417680235e-11
8.1,1028457142.0625,1028457142.0625,1028457142.0625,450679364.28471,450679364.28471,450679364.28471,1,1,1,399986352.62257,9.0891402628568e-05,0.00023848816645375,0.00011766072891983,1.0758397913148,292.68107542327,292.68107542327,322.84590421546,322.84590421546,292.68107542327,286.86592371958,286.86592371958,286.86592371958,307.01340046304,307.01340046304,307.01340046304,322.84590421546,0.0037239336813006,2.6178289812295e-12,-5.7441597822475e-14,-0.001024965293057,-0.003876246754501,-0.004318092532816,-1.0875223510621e-13,-0.0039678702183786,-0.0022785495290218,2.879871342162e-07,-0.0028949240118503,0.0011486354611154,448.38659796962,448.38659796962,478.55142676181,478.55142676181,448.38659796962,442.57144626593,442.57144626593,442.57144626593,462.71892300939,462.71892300939,462.71892300939,478.55142676181,0.035365048141947,0.1025848735355,0.070228413522065,0.077680239232683,666.59739514753,-0.3074875034181,-0.0011808381530694,0.002914967011324,657.66154423317,-0.0011744561548898,-0.30696829890325,0,3.5186452396682e-08,9.05124779781e-13,0,6.2499606399908e-31,2.496998683776e-13,1.9832832726123e-13,4.9340311174713e-13,1.6428848578573e-30,8.0407871054458e-14,1.5744285846506e-13,0,7.4058039937976e-13,1.5026867142258e-12,4.3030850357409e-11,0,1.2625549623593e-30,1.9221789663998e-11,2.0505769500759e-11,3.1926707842582e-11,3.5283534873288e-30,1.1384664188311e-11,1.8810444470787e-11,0,5.3487672849659e-11,5.1936537611491e-11
8.15,1027255430.9894,1027255430.9894,1027255430.9894,449477653.21165,449477653.21165,449477653.21165,1,1,1,399987356.91723,9.1520435489166e-05,0.00023997003844858,0.0001183316154878,1.0763368839384,292.48231553634,292.48231553634,322.68468138642,322.68468138642,292.48231553634,286.65525465592,286.65525465592,286.65525465592,306.83086540465,306.83086540465,306.83086540465,322.68468138642,0.0037169897248432,2.9609174285938e-12,-8.7090265685265e-14,-0.0010306462842743,-0.0038699901682463,-0.0043078274771958,-1.0759509280952e-13,-0.0039712544895505,-0.0022804502795687,2.8184358723763e-07,-0.0028942846602751,0.0011501841659202,448.19199987573,448.19199987573,478.39436572581,478.39436572581,448.19199987573,442.3649389953,442.3649389953,442.3649389953,462.54054974404,462.54054974404,462.54054974404,478.39436572581,0.035387715852736,0.10322809601234,0.070675789599896,0.078140098340368,666.41036711308,-0.3107368117023,0.00053784728171488,0.0033926978519187,657.48313755897,-0.00069499961183139,-0.3093496672115,0,3.6202300510776e-08,9.3776454927065e-13,0,1.916712276025e-30,2.5327877110337e-13,1.9889384800948e-13,4.8100340699763e-13,4.5476384476641e-30,8.0230795139606e-14,1.5789699614112e-13,0,7.1398984738515e-13,1.5394022151363e-12,4.43570497013e-11,0,3.9731954582809e-30,1.9579979937154e-11,2.0787047878086e-11,3.2606949384306e-11,9.9596854567847e-30,1.1498127666917e-11,1.9033744544188e-11,0,5.4497406975227e-11,5.4113581102084e-11
8.2,1026062267.4206,1026062267.4206,1026062267.4206,448284489.64286,448284489.64286,448284489.64286,1,1,1,399988281.49633,9.2161674186765e-05,0.00024145195386582,0.00011898796262731,1.0768339335386,292.28532362881,292.28532362881,322.52398206338,322.52398206338,292.28532362881,286.44646773023,286.44646773023,286.44646773023,306.6496221301,306.6496221301,306.6496221301,322.52398206338,0.0037106259449119,3.3450106235801e-12,-1.3160169286378e-13,-0.0010361449440506,-0.0038630644695586,-0.004298424814159,-1.0381147526782e-13,-0.0039730932939707,-0.0022829021967547,2.7492259574352e-07,-0.0028947780342879,0.0011518881089721,447.99898526953,447.99898526953,478.2376437041,478.2376437041,447.99898526953,442.16012937095,442.16012937095,442.16012937095,462.36328377082,462.36328377082,462.36328377082,478.2376437041,0.035408311754065,0.10387086649219,0.071122745646703,0.078599739252762,666.22496531332,-0.31181855366275,0.0018467999012381,0.0031192849536716,657.30834713134,-0.0025792792028769,-0.31285671847589,0,3.7192951222237e-08,9.7129692629379e-13,0,5.5195128897692e-30,2.571493421531e-13,1.9939254001194e-13,4.678694608121e-13,1.1989089491272e-29,8.0081464954218e-14,1.5829052863123e-13,0,6.886445513138e-13,1.5753724143157e-12,4.5730670987556e-11,0,1.1778965444686e-29,1.9943644024382e-11,2.1069031512407e-11,3.3268616721206e-11,2.6914818415846e-29,1.161137996075e-11,1.9257601156573e-11,0,5.547129743935e-11,5.6341494136198e-11
8.25,1024878266.0766,1024878266.0766,1024878266.0766,447100488.29884,447100488.29884,447100488.29884,1,1,1,399989093.49916,9.2789227841785e-05,0.00024293390402169,0.00011965768711089,1.0773309318997,292.09035704782,292.09035704782,322.36396774498,322.36396774498,292.09035704782,286.23956996965,286.23956996965,286.23956996965,306.46965953173,306.46965953173,306.46965953173,322.36396774498,0.0037029476425681,3.7729746495212e-12,-1.9789425915252e-13,-0.0010422438481272,-0.0038565764894934,-0.0042880919862323,-9.7943452671369e-14,-0.0039773609738651,-0.0022853487839681,2.6859747343436e-07,-0.0028938066304281,0.0011532686053401,447.80782192586,447.80782192586,478.08143262302,478.08143262302,447.80782192586,441.95703484768,441.95703484768,441.95703484768,462.18712440977,462.18712440977,462.18712440977,478.08143262302,0.035460229280248,0.10451317737871,0.071569284220792,0.079059154320302,666.04275853946,-0.31536078014378,0.0018804601209261,0.0029849711206853,657.13773930216,-0.00079943538007357,-0.31448969839885,0,3.8159336745478e-08,1.0056395738818e-12,0,1.4980464116429e-29,2.6127473626136e-13,1.9975105094214e-13,4.5444385877442e-13,3.0060017141528e-29,8.0010689544305e-14,1.5869502906412e-13,0,6.6497847865735e-13,1.6097776037073e-12,4.7152860111799e-11,0,3.2964540968782e-29,2.0313142299908e-11,2.1351522157748e-11,3.3911297389622e-11,6.9426102342563e-29,1.1724532163039e-11,1.9482029818957e-11,0,5.6411719022553e-11,5.8618063455765e-11
8.3,1023702696.797,1023702696.797,1023702696.797,445924919.01921,445924919.01921,445924919.01921,1,1,1,399989842.51699,9.3416885089156e-05,0.00024441592883458,0.00012032421749401,1.0778278939136,291.89709534829,291.89709534829,322.20453972309,322.20453972309,291.89709534829,286.03443349034,286.03443349034,286.03443349034,306.29109227512,306.29109227512,306.29109227512,322.20453972309,0.0036949096897163,4.2537455445522e-12,-2.9546190867372e-13,-0.0010480020697853,-0.0038490908067425,-0.0042787926401472,-9.0254104841849e-14,-0.0039806234308429,-0.0022885012781146,2.6147118598002e-07,-0.0028951137613803,0.0011542129354225,447.61820147716,447.61820147716,477.92564585197,477.92564585197,447.61820147716,441.75553961922,441.75553961922,441.75553961922,462.01219840399,462.01219840399,462.01219840399,477.92564585197,0.035478296975052,0.10515503266903,0.072015408192085,0.079518354684368,665.86126598796,-0.31766714521336,-0.0025660751582491,0.0028886638381908,656.96944614677,-0.001699038407229,-0.31664291143984,0,3.9102816059082e-08,1.0398289103945e-12,0,3.8482603151059e-29,2.6571835910204e-13,2.0002517568984e-13,4.4074414910906e-13,7.2063105222422e-29,7.9985468531722e-14,1.5901317170469e-13,0,6.4231858054736e-13,1.6433154557313e-12,4.8623400259426e-11,0,8.7387160260432e-29,2.0688924807122e-11,2.1634400474025e-11,3.4534603742829e-11,1.7133872309483e-28,1.1837648697429e-11,1.9706908402978e-11,0,5.7320094670527e-11,6.0942062460518e-11
8.35,1022536197.8081,1022536197.8081,1022536197.8081,444758420.03028,444758420.03028,444758420.03028,1,1,1,399990534.20689,9.404272852297e-05,0.00024589797296155,0.0001209919755799,1.0783248039698,291.70576973568,291.70576973568,322.04596303287,322.04596303287,291.70576973568,285.83096052596,285.83096052596,285.83096052596,306.11387899853,306.11387899853,306.11387899853,322.04596303287,0.0036883316778652,4.7906615998433e-12,-4.3970801368226e-13,-0.0010538242790628,-0.0038424148189171,-0.0042682314441918,-8.0950189087207e-14,-0.0039841673939552,-0.0022904661650997,2.5441479736902e-07,-0.0028945312236129,0.0011558995906889,447.43036155395,447.43036155395,477.77055485114,477.77055485114,447.43036155395,441.55555234424,441.55555234424,441.55555234424,461.83847081681,461.83847081681,461.83847081681,477.77055485114,0.035486905326487,0.10579642365579,0.072461111717261,0.079977333410521,665.68276819538,-0.32027904915091,0.00085197312301081,0.0037621652310933,656.80527256584,-0.001045272931856,-0.31925965672457,0,4.0024683455534e-08,1.0734243226002e-12,0,9.454831658064e-29,2.7078895557807e-13,2.0032826843769e-13,4.2642744930425e-13,1.6588493884794e-28,7.9997182376827e-14,1.5929557202133e-13,0,6.2085037485436e-13,1.6744403527427e-12,5.0141451494628e-11,0,2.2109867186832e-28,2.1071878220641e-11,2.1917707428176e-11,3.5137663225003e-11,4.0593545340702e-28,1.1950781797698e-11,1.9932186361356e-11,0,5.8198109690851e-11,6.3310078716751e-11
8.4,1021378532.7478,1021378532.7478,1021378532.7478,443600754.97001,443600754.97001,443600754.97001,1,1,1,399991173.79457,9.4667827347832e-05,0.00024737990815999,0.00012166674962845,1.0788216920193,291.51627309667,291.51627309667,321.88798235157,321.88798235157,291.51627309667,285.62933358641,285.62933358641,285.62933358641,305.93801883127,305.93801883127,305.93801883127,321.88798235157,0.0036862769946369,5.3372202989105e-12,-6.5261004820756e-13,-0.0010590739510742,-0.0038423848143123,-0.004257934443395,-7.0649345427586e-14,-0.0039894026290288,-0.0022869163233145,2.475211633464e-07,-0.0028863845785926,0.0011589247631977,447.24420246595,447.24420246595,477.61591172085,477.61591172085,447.24420246595,441.35726295569,441.35726295569,441.35726295569,461.66594820055,461.66594820055,461.66594820055,477.61591172085,0.035555920143526,0.10643740519269,0.072906457517417,0.080436063111966,665.5047882849,-0.32445546273624,0.019856100976976,0.013913808557904,656.6409569021,0.0015843598013735,-0.32524668945328,0,4.0925641986099e-08,1.1051833165672e-12,0,2.2502196638149e-28,2.767660318951e-13,2.0057063602983e-13,4.1136116920834e-13,3.706512929884e-28,8.0164642174455e-14,1.5944599484538e-13,0,6.007628270512e-13,1.7015475248574e-12,5.1704416729826e-11,0,5.3932778855688e-28,2.1463284496551e-11,2.2201357141863e-11,3.5719415769531e-11,9.3011553886234e-28,1.2064151721884e-11,2.0157677049732e-11,0,5.9047716628636e-11,6.5716430303427e-11
8.45,1020229359.7977,1020229359.7977,1020229359.7977,442451582.01991,442451582.01991,442451582.01991,1,1,1,399991766.24344,9.5291923786282e-05,0.00024886202649287,0.00012233331296843,1.0793184786369,291.32828936563,291.32828936563,321.7306261619,321.7306261619,291.32828936563,285.42963610354,285.42963610354,285.42963610354,305.7635576988,305.7635576988,305.7635576988,321.7306261619,0.0036702183171571,6.0081705301539e-12,-9.6192447414166e-13,-0.0010663287835533,-0.003830202961244,-0.004247855658285,-6.027197465126e-14,-0.0039934553400217,-0.002294898066766,2.4028801879748e-07,-0.0028919357032328,0.0011590634602621,447.05940622365,447.05940622365,477.46174301992,477.46174301992,447.05940622365,441.16075296156,441.16075296156,441.16075296156,461.49467455682,461.49467455682,461.49467455682,477.46174301992,0.0356793148152,0.1070778098726,0.073351265617149,0.080894597938048,665.3352625477,-0.32533925590234,0.0014343635560888,0.002875140186119,656.49148029455,0.003633414665473,-0.32260698380589,0,4.180675345413e-08,1.1401335723375e-12,0,5.0215822421373e-28,2.8222713960957e-13,2.0072714763698e-13,3.9762298644744e-13,7.8264650883657e-28,8.032420303233e-14,1.5963600730876e-13,0,5.8159667112166e-13,1.7298954742547e-12,5.3316809090743e-11,0,1.2494867596971e-27,2.1862413945057e-11,2.2485228196388e-11,3.6281739589677e-11,2.036944846203e-27,1.2177747299199e-11,2.0383436456312e-11,0,5.9870218528768e-11,6.8162871944606e-11
8.5,1019087485.0286,1019087485.0286,1019087485.0286,441309707.25084,441309707.25084,441309707.25084,1,1,1,399992312.16104,9.5914881055262e-05,0.0002503441284107,0.00012299865538488,1.079815256054,291.14204588352,291.14204588352,321.57389155745,321.57389155745,291.14204588352,285.23142769951,285.23142769951,285.23142769951,305.58996102765,305.58996102765,305.58996102765,321.57389155745,0.0036685907394551,6.7075455278473e-12,-1.4155986713549e-12,-0.0010715277486976,-0.0038225833393905,-0.0042347931850142,-5.0564301892782e-14,-0.0039912330186315,-0.0022965214160819,2.3126554648294e-07,-0.0028983849938926,0.0011611762680093,446.8762228168,446.8762228168,477.30806849074,477.30806849074,446.8762228168,440.96560463279,440.96560463279,440.96560463279,461.32413796094,461.32413796094,461.32413796094,477.30806849074,0.035496664082713,0.10771776434163,0.073795653026616,0.081352927670869,665.16271234261,-0.32735332463993,0.012906718662333,0.00076071981950296,656.33563530913,-0.01053557017193,-0.32741043272164,0,4.26691750717e-08,1.1719089924473e-12,0,1.1121000989067e-27,2.8819516383613e-13,2.0110784144295e-13,3.836444887016e-13,1.6471214791622e-27,8.0490586845055e-14,1.5984922566266e-13,0,5.6275165096487e-13,1.7565377466888e-12,5.4974138681729e-11,0,2.8222338022874e-27,2.2269983454364e-11,2.2769637633256e-11,3.6824294828728e-11,4.3663263809101e-27,1.2291578178759e-11,2.0609497399179e-11,0,6.066606954581e-11,7.0646991448793e-11
8.55,1017954072.9003,1017954072.9003,1017954072.9003,440176295.12253,440176295.12253,440176295.12253,1,1,1,399992821.51919,9.6536801028835e-05,0.00025182631397983,0.00012366404865232,1.0803119907861,290.95755929101,290.95755929101,321.41785332405,321.41785332405,290.95755929101,285.03509410263,285.03509410263,285.03509410263,305.41750614408,305.41750614408,305.41750614408,321.41785332405,0.0036587814267282,7.5399987671307e-12,-2.0997618974569e-12,-0.0010779061190829,-0.0038153211004399,-0.0042275400337589,-4.1575476195195e-14,-0.003998065701771,-0.0022991154081206,2.2463427078337e-07,-0.0028951399638618,0.0011616837546792,446.69466147675,446.69466147675,477.15495550979,477.15495550979,446.69466147675,440.77219628837,440.77219628837,440.77219628837,461.15460832982,461.15460832982,461.15460832982,477.15495550979,0.03566225282973,0.10835725382278,0.07423963308053,0.081811032837886,664.99192514742,-0.3301899374062,0.0048502434183027,0.0031944014714928,656.18375242708,-0.0041876261297529,-0.32939307457004,0,4.3513921666568e-08,1.2084092273874e-12,0,2.310303835979e-27,2.9452502675534e-13,2.0118173067553e-13,3.7016736459885e-13,3.2529299856336e-27,8.0765843099417e-14,1.5980591577967e-13,0,5.4572177588199e-13,1.7801947044191e-12,5.6683087399997e-11,0,6.0894968203315e-27,2.268650474166e-11,2.3054151565279e-11,3.7347790536092e-11,8.9666640840433e-27,1.2405798329446e-11,2.0835497092622e-11,0,6.1437836682545e-11,7.3164566943448e-11
8.6,1016827429.9866,1016827429.9866,1016827429.9866,439049652.20881,439049652.20881,439049652.20881,1,1,1,399993291.32825,9.7158218662591e-05,0.00025330854703939,0.00012432792489106,1.0808086777428,290.77432458953,290.77432458953,321.26229628255,321.26229628255,290.77432458953,284.84012203255,284.84012203255,284.84012203255,305.24633296252,305.24633296252,305.24633296252,321.26229628255,0.0036505267695418,8.4288182903577e-12,-3.0930355222026e-12,-0.0010845369763786,-0.0038077616040671,-0.0042170721604567,-3.3395427173658e-14,-0.0040022469553609,-0.0023021964155436,2.1754364546221e-07,-0.0028949564844889,0.0011629306988253,446.51422640673,446.51422640673,477.00219809974,477.00219809974,446.51422640673,440.58002384975,440.58002384975,440.58002384975,460.98623477972,460.98623477972,460.98623477972,477.00219809974,0.035652780848198,0.10899625527378,0.074683175015695,0.082268924516069,664.82330121594,-0.33342966286029,0.00081857151043417,0.0021785446852263,656.03469952578,-0.0024042950995097,-0.33157765917272,0,4.4341302159026e-08,1.2450681615009e-12,0,4.6960009352518e-27,3.0053395789661e-13,2.0131689066502e-13,3.5707707337062e-13,6.3086203467263e-27,8.1076756569964e-14,1.5977643304922e-13,0,5.2914304599611e-13,1.8021332410198e-12,5.844387968007e-11,0,1.2730645031881e-26,2.3111523940871e-11,2.3338856642392e-11,3.7852773776065e-11,1.7888400538247e-26,1.2520458178181e-11,2.1061455091187e-11,0,6.2186157954628e-11,7.5713168214101e-11
8.65,1015708670.9971,1015708670.9971,1015708670.9971,437930893.21928,437930893.21928,437930893.21928,1,1,1,399993697.81273,9.7778459136944e-05,0.00025479078640006,0.00012499220287935,1.0813053166399,290.59279984221,290.59279984221,321.10736400029,321.10736400029,290.59279984221,284.64671559221,284.64671559221,284.64671559221,305.07631224205,305.07631224205,305.07631224205,321.10736400029,0.0036430262507859,9.3624606548442e-12,-4.5576712711739e-12,-0.0010908462868758,-0.0038014654143777,-0.0042074835014284,-2.615256806926e-14,-0.0040062867677643,-0.0023042566317501,2.1003832633524e-07,-0.002893013776392,0.0011642998909673,446.3353871334,446.3353871334,476.84995129148,476.84995129148,446.3353871334,440.3893028834,440.3893028834,440.3893028834,460.81889953324,460.81889953324,460.81889953324,476.84995129148,0.035695942096166,0.10963477099509,0.075126285322816,0.082726594890812,664.65739689838,-0.33574063828087,-0.0013320423922237,0.0031986964083412,655.88927610968,-0.00079053402975585,-0.33484244322092,0,4.5152067904534e-08,1.2835308506614e-12,0,9.2886227704216e-27,3.062335376229e-13,2.014724845872e-13,3.4436262039706e-13,1.1931676217004e-26,8.1461048318949e-14,1.5970119452311e-13,0,5.1324661679921e-13,1.8221620847948e-12,6.02590664168e-11,0,2.5866741329579e-26,2.3544603563031e-11,2.362378176254e-11,3.8339776064205e-11,3.4762338866179e-26,1.2635661497519e-11,2.1287306686409e-11,0,6.2911998280947e-11,7.829009454726e-11
8.7,1014597322.2202,1014597322.2202,1014597322.2202,436819544.44242,436819544.44242,436819544.44242,1,1,1,399994076.5139,9.8397679191184e-05,0.00025627303680748,0.00012565675082618,1.0818019106355,290.4128116643,290.4128116643,320.95285958718,320.95285958718,290.4128116643,284.45498090603,284.45498090603,284.45498090603,304.90740222618,304.90740222618,304.90740222618,320.95285958718,0.0036358602202098,1.0314316725335e-11,-6.7033713558185e-12,-0.0010973054367052,-0.0037955160212904,-0.0041966283098906,-1.9966621589242e-14,-0.0040100529617483,-0.0023058786349454,2.0237538661597e-07,-0.0028919177362007,0.0011660961491555,446.15796778715,446.15796778715,476.69801571004,476.69801571004,446.15796778715,440.20013702889,440.20013702889,440.20013702889,460.65255834904,460.65255834904,460.65255834904,476.69801571004,0.035721257134671,0.11027279332713,0.075568959356296,0.083184047162677,664.49356650756,-0.33833609192012,0.00024329398411612,0.0036328701686647,655.7471690524,-0.00043907171695621,-0.33726853032744,0,4.5946708700997e-08,1.3232764355741e-12,0,1.7909378572092e-26,3.11281232991e-13,2.0165402647446e-13,3.3240245672902e-13,2.2105205812006e-26,8.1883904014698e-14,1.5959165598479e-13,0,4.9793802058031e-13,1.8399254397926e-12,6.2130461898758e-11,0,5.1194427399905e-26,2.3984821704439e-11,2.3908963621688e-11,3.8809864126677e-11,6.6023820724566e-26,1.2751462825116e-11,2.1513003370745e-11,0,6.3616188982873e-11,8.089214205797e-11
8.75,1013493248.9672,1013493248.9672,1013493248.9672,435715471.18938,435715471.18938,435715471.18938,1,1,1,399994429.79683,9.9015696065359e-05,0.00025775511855157,0.00012633201480744,1.0822984840137,290.23441834328,290.23441834328,320.79884285831,320.79884285831,290.23441834328,284.26456845835,284.26456845835,284.26456845835,304.739863471,304.739863471,304.739863471,320.79884285831,0.0036352021380361,1.1143442005339e-11,-9.8608066989188e-12,-0.0011043751169158,-0.0037956097455049,-0.0041861240236027,-1.4843832915158e-14,-0.0040146355253532,-0.002301173152432,1.9561375852012e-07,-0.0028796836521915,0.0011711666460328,445.98202792469,445.98202792469,476.54645243972,476.54645243972,445.98202792469,440.01217803977,440.01217803977,440.01217803977,460.48747305241,460.48747305241,460.48747305241,476.54645243972,0.035755018790167,0.11091035174808,0.076011239679392,0.083641247404087,664.32977115187,-0.34084141738569,0.025603344648205,0.012292963951748,655.60464804606,0.0061812099803672,-0.3432924136453,0,4.6724936301544e-08,1.3628435021223e-12,0,3.4618580522393e-26,3.1606953296014e-13,2.0190445234466e-13,3.2059884752204e-13,4.0955942189818e-26,8.2414210692889e-14,1.5939409498877e-13,0,4.8373119394848e-13,1.8526464134402e-12,6.4057813662851e-11,0,1.0015249348478e-25,2.4431811524604e-11,2.4194499636497e-11,3.9263259364924e-11,1.2394426962918e-25,1.2868014119611e-11,2.173842066164e-11,0,6.4300288197898e-11,8.3512179742139e-11
8.8,1012397799.2884,1012397799.2884,1012397799.2884,434620021.51059,434620021.51059,434620021.51059,1,1,1,399994760.63871,9.9632361282865e-05,0.0002592374259761,0.00012699404677761,1.0827949840065,290.05755665853,290.05755665853,320.64519120101,320.64519120101,290.05755665853,284.07633174265,284.07633174265,284.07633174265,304.57373489395,304.57373489395,304.57373489395,320.64519120101,0.0036184514278308,1.2010745199473e-11,-1.4317402732802e-11,-0.0011105890452568,-0.0037837075391847,-0.0041756691701109,-1.0933269249749e-14,-0.0040181165508171,-0.0023094458497866,1.8597519064615e-07,-0.0028910658828873,0.0011691652964149,445.80750677444,445.80750677444,476.39514131692,476.39514131692,445.80750677444,439.82628185855,439.82628185855,439.82628185855,460.32368500986,460.32368500986,460.32368500986,476.39514131692,0.03595852687552,0.11154735591182,0.076453018732328,0.084098270950572,664.17125159844,-0.34343293321814,0.0025218949733698,0.0040146814139819,655.47108718499,-0.00070739087655594,-0.34213503934806,0,4.7488302041957e-08,1.4071922718678e-12,0,6.2638878278294e-26,3.1867400082828e-13,2.0196963684528e-13,3.107493822152e-13,7.19837100956e-26,8.2960355559149e-14,1.5919615481015e-13,0,4.6888782449109e-13,1.8704675283871e-12,6.6047884058593e-11,0,1.8873724467778e-25,2.4882484618551e-11,2.4480127836111e-11,3.9702725355752e-11,2.2574460871631e-25,1.2985337779582e-11,2.196355802285e-11,0,6.4963395718525e-11,8.6157420288762e-11
8.85,1011307498.9934,1011307498.9934,1011307498.9934,433529721.21559,433529721.21559,433529721.21559,1,1,1,399995068.00586,0.00010024765666623,0.00026071974267278,0.00012765733864324,1.0832914416486,289.88215271967,289.88215271967,320.4919751478,320.4919751478,289.88215271967,283.88900104433,283.88900104433,283.88900104433,304.40811281694,304.40811281694,304.40811281694,320.4919751478,0.003611572390998,1.2755495610147e-11,-2.1014940714499e-11,-0.0011178749071248,-0.0037758545793382,-0.0041650519405268,-7.9208135062251e-15,-0.0040207068014116,-0.0023119756334081,1.7756181308073e-07,-0.0028904854434816,0.0011711706607074,445.63436133219,445.63436133219,476.24418376032,476.24418376032,445.63436133219,439.64120965685,439.64120965685,439.64120965685,460.16032142946,460.16032142946,460.16032142946,476.24418376032,0.035679540060393,0.11218384735533,0.076894342927335,0.084555078998164,664.01366817779,-0.3451806701417,0.001497936449937,0.0016930077301092,655.33759415597,-0.0009387407802144,-0.34468095335652,0,4.8237333357112e-08,1.4537905081526e-12,0,1.1204285652489e-25,3.2081191667318e-13,2.0215625609966e-13,3.0118282468249e-13,1.2466173463606e-25,8.3578155115008e-14,1.5898890824805e-13,0,4.5518742365264e-13,1.8855361338161e-12,6.8103854312072e-11,0,3.471897719423e-25,2.5336181182081e-11,2.4766019955206e-11,4.0128662191171e-11,4.0204292454757e-25,1.3103535140063e-11,2.2188402293161e-11,0,6.5607127946476e-11,8.882397106155e-11
8.9,1010223273.1922,1010223273.1922,1010223273.1922,432445495.4144,432445495.4144,432445495.4144,1,1,1,399995355.54786,0.00010086234973354,0.00026220206954589,0.00012831980390634,1.0837878731102,289.70820245495,289.70820245495,320.33905358583,320.33905358583,289.70820245495,283.70280158411,283.70280158411,283.70280158411,304.24353734071,304.24353734071,304.24353734071,320.33905358583,0.0036037638381453,1.3279855161811e-11,-3.0950446305494e-11,-0.001124918320833,-0.0037699762252553,-0.0041552964295045,-5.6025357235364e-15,-0.0040254631927061,-0.0023133757439391,1.6925288616451e-07,-0.0028886876416046,0.0011724899063658,445.46257297883,445.46257297883,476.09342410971,476.09342410971,445.46257297883,439.45717210799,439.45717210799,439.45717210799,459.99790786458,459.99790786458,459.99790786458,476.09342410971,0.035812714373444,0.11281985498482,0.077335247803931,0.085011671103575,663.85567647502,-0.3485129521875,-0.0014304773926856,0.0037466497950458,655.20402468769,-5.0539954153615e-05,-0.34695956114532,0,4.8972811539317e-08,1.5041799863121e-12,0,1.9525857729843e-25,3.2213852771677e-13,2.0224679345848e-13,2.9217439994532e-13,2.1114012759698e-25,8.4274242682484e-14,1.586915087749e-13,0,4.4204589097451e-13,1.8992808958646e-12,7.0231086048965e-11,0,6.2332710012741e-25,2.5791753856941e-11,2.5052040113461e-11,4.0541859190152e-11,7.006401565564e-25,1.3222716917024e-11,2.2412825977104e-11,0,6.6232275240684e-11,9.1509959863238e-11
8.95,1009145529.0177,1009145529.0177,1009145529.0177,431367751.23987,431367751.23987,431367751.23987,1,1,1,399995604.58877,0.00010147434713279,0.00026368442009238,0.00012898829163533,1.0842842395544,289.53578048911,289.53578048911,320.18661865152,320.18661865152,289.53578048911,283.51760081754,283.51760081754,283.51760081754,304.08008829117,304.08008829117,304.08008829117,320.18661865152,0.0035972337845786,1.3372584138588e-11,-4.5484890787127e-11,-0.0011327937857235,-0.0037590024616067,-0.0041456283394246,-3.8575495599293e-15,-0.0040325133397871,-0.0023149810409489,1.6141971226546e-07,-0.002881887349497,0.0011767588232995,445.29222754142,445.29222754142,475.94306570384,475.94306570384,445.29222754142,439.27404786986,439.27404786986,439.27404786986,459.83653534348,459.83653534348,459.83653534348,475.94306570384,0.03582487112973,0.11345529716623,0.077775655120376,0.085468037410006,663.70199489852,-0.34791444104843,0.0089565865186606,0.0031002041191471,655.07622232817,0.014333974668177,-0.35176201009372,0,4.9694617531154e-08,1.556445671782e-12,0,3.3736555498546e-25,3.2297126560949e-13,2.024662620561e-13,2.8369344339175e-13,3.5537057219254e-25,8.5054052804622e-14,1.5837023739674e-13,0,4.2974848405291e-13,1.9100428010826e-12,7.2432232627096e-11,0,1.1004340434654e-24,2.6248504201023e-11,2.5338370647184e-11,4.0943062305353e-11,1.2032100394194e-24,1.3343001512035e-11,2.2636795314707e-11,0,6.6840031375241e-11,9.4211168297242e-11
9,1008073856.3755,1008073856.3755,1008073856.3755,430296078.59771,430296078.59771,430296078.59771,1,1,1,399995838.47366,0.00010208548928949,0.00026516675850381,0.00012965067789868,1.0847806038837,289.36447033042,289.36447033042,320.03444996739,320.03444996739,289.36447033042,283.33388208831,283.33388208831,283.33388208831,303.91771520614,303.91771520614,303.91771520614,320.03444996739,0.0035886730275482,1.2821396457113e-11,-6.644978099246e-11,-0.0011389284074196,-0.0037570071864757,-0.0041342070946065,-2.6539582385353e-15,-0.0040325405481579,-0.0023163741490749,1.5195661904589e-07,-0.0028875620666941,0.0011762266340966,445.12290413527,445.12290413527,475.79288377224,475.79288377224,445.12290413527,439.09231589315,439.09231589315,439.09231589315,459.67614901098,459.67614901098,459.67614901098,475.79288377224,0.036111418211017,0.11409026917939,0.078215657662414,0.085924204929858,663.54482823941,-0.35360633570397,0.0013583641016051,0.0029163824335432,654.94416869677,-0.00064375519577599,-0.35283217181033,0,5.0403667937412e-08,1.6101212710647e-12,0,5.6816671323126e-25,3.2250297406843e-13,2.0244931852928e-13,2.7601730211063e-13,5.8328385218822e-25,8.5919554682544e-14,1.5803482465324e-13,0,4.1726183183509e-13,1.9241959033379e-12,7.4709287965701e-11,0,1.903943115006e-24,2.6704592280856e-11,2.5624677219141e-11,4.1333409717448e-11,2.0280979738972e-24,1.346451011154e-11,2.2860290307059e-11,0,6.7430128716882e-11,9.6932392240405e-11
9.05,1007008394.5737,1007008394.5737,1007008394.5737,429230616.79588,429230616.79588,429230616.79588,1,1,1,399996058.48112,0.00010269496645933,0.0002666490968021,0.00013031557566689,1.0852768865576,289.19464470116,289.19464470116,319.88291856649,319.88291856649,289.19464470116,283.15112417896,283.15112417896,283.15112417896,303.75625766485,303.75625766485,303.75625766485,319.88291856649,0.0035808954801218,1.1456763151712e-11,-9.7570517360719e-11,-0.0011466063956416,-0.0037492566926641,-0.0041226367749273,-1.8283715518614e-15,-0.0040366334692868,-0.0023168142098757,1.43060900247e-07,-0.0028859919774149,0.0011789966087196,444.95498812938,444.95498812938,475.64326199471,475.64326199471,444.95498812938,438.91146760717,438.91146760717,438.91146760717,459.51660109306,459.51660109306,459.51660109306,475.64326199471,0.035828677082821,0.1147246713233,0.078655169574972,0.08638015792313,663.39369918825,-0.35572551592391,0.0072432703058823,0.0019215784095647,654.82047170178,0.00041285110072332,-0.35432272007167,0,5.1100714867283e-08,1.667516034994e-12,0,9.3980694015623e-25,3.221651458021e-13,2.0254821538033e-13,2.6883331495086e-13,9.4124079731422e-25,8.6832587087956e-14,1.5774423111318e-13,0,4.0555226722485e-13,1.9356805620157e-12,7.7067511757864e-11,0,3.2330308357873e-24,2.7160202599374e-11,2.5911123652367e-11,4.1713597437469e-11,3.3592134749178e-24,1.3587309933856e-11,2.3083374338085e-11,0,6.8003666233443e-11,9.9669857943629e-11
9.1,1005948230.1623,1005948230.1623,1005948230.1623,428170452.3845,428170452.3845,428170452.3845,1,1,1,399996265.40011,0.00010330298533366,0.00026813145976791,0.0001309805190052,1.0857731621803,289.02590816845,289.02590816845,319.73164950205,319.73164950205,289.02590816845,282.96939638468,282.96939638468,282.96939638468,303.59583903934,303.59583903934,303.59583903934,319.73164950205,0.0035722702647239,8.8220830364037e-12,-1.4193261201076e-10,-0.0011535071078397,-0.0037425650071328,-0.0041141192162009,-1.2768605505031e-15,-0.0040408902386116,-0.0023187800520802,1.3431801568967e-07,-0.0028852296235863,0.0011803444815523,444.78808131682,444.78808131682,475.49382265042,475.49382265042,444.78808131682,438.73156953304,438.73156953304,438.73156953304,459.3580121877,459.3580121877,459.3580121877,475.49382265042,0.035925870884266,0.11535857907517,0.07909425876101,0.086835898109916,663.23943476013,-0.35838600783031,0.005208666965738,0.0025472926686818,654.69327636259,-0.0013140998081765,-0.357001071363,0,5.1785960137979e-08,1.7279868196733e-12,0,1.5241986861066e-24,3.2124815029521e-13,2.024699776421e-13,2.6219668330898e-13,1.4981479684803e-24,8.7858696263483e-14,1.573563594315e-13,0,3.9448030225286e-13,1.9472908373652e-12,7.9511254153848e-11,0,5.3885732894305e-24,2.7614516090408e-11,2.6197459440722e-11,4.2084399543014e-11,5.4779146503844e-24,1.3711560893684e-11,2.3305909835719e-11,0,6.8561545626978e-11,1.0242374305572e-10
9.15,1004894612.8667,1004894612.8667,1004894612.8667,427116835.08896,427116835.08896,427116835.08896,1,1,1,399996459.87965,0.00010390946459698,0.00026961385445372,0.00013164492440322,1.086269382048,288.85845071423,288.85845071423,319.5809158759,319.5809158759,288.85845071423,282.78895411607,282.78895411607,282.78895411607,303.43653568527,303.43653568527,303.43653568527,319.5809158759,0.003564059897472,4.4604508699966e-12,-2.0623594813941e-10,-0.0011610633203326,-0.0037341126498142,-0.004104469225352,-9.2781604042747e-16,-0.0040450011818651,-0.0023208957604889,1.2559212137397e-07,-0.0028834719654221,0.0011820982905703,444.62237724159,444.62237724159,475.34484240327,475.34484240327,444.62237724159,438.55288064344,438.55288064344,438.55288064344,459.20046221264,459.20046221264,459.20046221264,475.34484240327,0.035962907524622,0.11599193068308,0.079532865097568,0.087291430489238,663.08841559984,-0.36047206069488,0.0020549934367718,0.00038371158925007,654.56941070373,3.1556162702275e-05,-0.36055023668177,0,5.2459988834202e-08,1.7920660147796e-12,0,2.4256646723996e-24,3.2020077501438e-13,2.023764022838e-13,2.5673864870884e-13,2.3354331916323e-24,8.8970707088738e-14,1.5698145459776e-13,0,3.8385997923806e-13,1.9598844208802e-12,8.2045618216617e-11,0,8.8189811669072e-24,2.8067348369116e-11,2.6483662893536e-11,4.2447482822003e-11,8.7807159440071e-24,1.3837384474303e-11,2.3527915137852e-11,0,6.9104405615669e-11,1.0519543818441e-10
9.2,1003844150.8169,1003844150.8169,1003844150.8169,426066373.03909,426066373.03909,426066373.03909,1,1,1,399996642.83166,0.00010451438579756,0.00027109623844737,0.00013230964342392,1.0867655709336,288.6920204955,288.6920204955,319.43017598248,319.43017598248,288.6920204955,282.60905465971,282.60905465971,282.60905465971,303.27774450393,303.27774450393,303.27774450393,319.43017598248,0.0035567536503811,-2.2494154366184e-12,-2.969534216292e-10,-0.0011683724160577,-0.0037267471809604,-0.0040947625851425,-7.1960708891211e-16,-0.0040490649776287,-0.0023216905736327,1.1694802456959e-07,-0.0028824072112354,0.0011839615795779,444.45763289405,444.45763289405,475.19578838103,475.19578838103,444.45763289405,438.37466705826,438.37466705826,438.37466705826,459.04335690248,459.04335690248,459.04335690248,475.19578838103,0.036015554344649,0.11662475459005,0.079971019593418,0.087746752928641,662.93677286778,-0.36215074540933,0.0033136116503682,0.0012973932045196,654.44646969402,-0.00095882341222547,-0.3628089710771,0,5.3123278988753e-08,1.8574523037044e-12,0,3.8184352505535e-24,3.1920104662156e-13,2.0224815098712e-13,2.5174526152939e-13,3.6073163320218e-24,9.0162655934153e-14,1.5662107637666e-13,0,3.7362420987474e-13,1.9723168788276e-12,8.4672452455977e-11,0,1.4219064085283e-23,2.8518766818372e-11,2.6769684971627e-11,4.2803504385121e-11,1.3882231624522e-23,1.3964893725144e-11,2.3749410788217e-11,0,6.9632790040504e-11,1.0798471546374e-10
9.25,1002799664.058,1002799664.058,1002799664.058,425021886.2802,425021886.2802,425021886.2802,1,1,1,399996815.12217,0.00010511781367084,0.00027257863197533,0.00013297447381763,1.0872617131199,288.52686918184,288.52686918184,319.27977454382,319.27977454382,288.52686918184,282.43029876398,282.43029876398,282.43029876398,303.12002524654,303.12002524654,303.12002524654,319.27977454382,0.0035481850632143,-1.2194870697858e-11,-4.251159576208e-10,-0.0011757740357238,-0.0037188328896614,-0.0040849092038158,-6.0257275455288e-16,-0.0040536497639781,-0.0023227997006173,1.0859566523788e-07,-0.0028816492370117,0.0011857404502128,444.29409947049,444.29409947049,475.04700483248,475.04700483248,444.29409947049,438.19752905264,438.19752905264,438.19752905264,458.88725553519,458.88725553519,458.88725553519,475.04700483248,0.036039607055136,0.11725702693205,0.080408700113024,0.08820186798242,662.78729722319,-0.3651916657903,0.0025558319770332,0.00089918557275625,654.3252347563,-0.0011558376434039,-0.36529073205655,0,5.3776503023219e-08,1.9255511679236e-12,0,5.9024344415488e-24,3.1827840190282e-13,2.0209126904566e-13,2.4707835640558e-13,5.4829524926295e-24,9.1439450747217e-14,1.5629564298252e-13,0,3.6392171575177e-13,1.9850465841703e-12,8.7395593032698e-11,0,2.256636692354e-23,2.8968880450953e-11,2.7055485185148e-11,4.3152925947719e-11,2.1636297401446e-23,1.4094208636527e-11,2.3970446206263e-11,0,7.0147453066563e-11,1.1079199526502e-10
9.3,1001758951.8084,1001758951.8084,1001758951.8084,423981174.03064,423981174.03064,423981174.03064,1,1,1,399996977.38043,0.00010571988771632,0.00027406103710683,0.00013363908243952,1.0877578360158,288.3626825703,288.3626825703,319.1296561096,319.1296561096,288.3626825703,282.25195223951,282.25195223951,282.25195223951,302.96306968274,302.96306968274,302.96306968274,319.1296561096,0.0035395922180177,-2.6564754472583e-11,-6.0307994652183e-10,-0.0011829784885562,-0.0037113335230941,-0.0040762865729768,-5.422456422281e-16,-0.0040592990932628,-0.0023235622611241,1.0034834332346e-07,-0.0028806651773557,0.0011868844311194,444.13147143961,444.13147143961,474.8984449789,474.8984449789,444.13147143961,438.02074110881,438.02074110881,438.02074110881,458.73185855204,458.73185855204,458.73185855204,474.8984449789,0.036062606066057,0.11788878462609,0.080845948629395,0.08865677554509,662.63623931242,-0.36903530578888,-0.00026189962034588,0.0036145509612001,654.20223363774,-0.0010013895609716,-0.36824180480944,0,5.4420224269745e-08,1.9955822080429e-12,0,8.9862130941936e-24,3.1740152480519e-13,2.0182853872648e-13,2.4276837587016e-13,8.221478792034e-24,9.2833811161978e-14,1.5593247887283e-13,0,3.5455461671613e-13,1.9987342371283e-12,9.0217772456142e-11,0,3.5274791355723e-23,2.9417753992051e-11,2.7340913841889e-11,4.349625227739e-11,3.3263224211904e-23,1.4225495471319e-11,2.41909680327e-11,0,7.0648869014125e-11,1.1361863233075e-10
9.35,1000722945.9262,1000722945.9262,1000722945.9262,422945168.14842,422945168.14842,422945168.14842,1,1,1,399997130.1901,0.00010632036814388,0.00027554344067304,0.00013430433295156,1.088253896117,288.1993747897,288.1993747897,318.97980992572,318.97980992572,288.1993747897,282.074617037,282.074617037,282.074617037,302.80693892626,302.80693892626,302.80693892626,318.97980992572,0.0035312042275718,-4.6606691290042e-11,-8.4714523150699e-10,-0.0011908783181489,-0.0037028829163698,-0.0040651112437913,-5.1610045512814e-16,-0.004062852821035,-0.0023244302895,9.2162666181891e-08,-0.0028804869528128,0.0011895143050055,443.96966138694,443.96966138694,474.75009652296,474.75009652296,443.96966138694,437.84490363424,437.84490363424,437.84490363424,458.5772255235,458.5772255235,458.5772255235,474.75009652296,0.036060333772617,0.11851995092253,0.081282690153214,0.089111477551064,662.48880387996,-0.37159293334058,0.0030132235068026,0.00081693489592819,654.08433142391,-0.001925648357535,-0.37014283167806,0,5.5054424795985e-08,2.0660820220376e-12,0,1.3541931449385e-23,3.1681014114349e-13,2.0166403125094e-13,2.3869214238322e-13,1.219697005147e-23,9.4295283950019e-14,1.5569213018808e-13,0,3.4551168797924e-13,2.0125779499391e-12,9.3139653672683e-11,0,5.442597447217e-23,2.9865791190353e-11,2.7626109849927e-11,4.383381394238e-11,5.0512344678551e-23,1.4358849140749e-11,2.4411149954766e-11,0,7.1137496329223e-11,1.1646484736288e-10
9.4,999692350.47417,999692350.47417,999692350.47417,421914572.69639,421914572.69639,421914572.69639,1,1,1,399997274.40302,0.00010691978204026,0.00027702568149385,0.00013497985283361,1.0887499620909,288.03724035357,288.03724035357,318.83028618081,318.83028618081,288.03724035357,281.8983094016,281.8983094016,281.8983094016,302.65174854061,302.65174854061,302.65174854061,318.83028618081,0.0035297063332888,-7.2728237985918e-11,-1.1811146020161e-09,-0.0011976328508785,-0.003702139374087,-0.0040584323431497,-5.0963409709711e-16,-0.0040695181781196,-0.0023183228989066,8.4653552614061e-08,-0.0028677645863362,0.0011931227155936,443.80896415292,443.80896415292,474.60200998017,474.60200998017,443.80896415292,437.67003320095,437.67003320095,437.67003320095,458.42347233996,458.42347233996,458.42347233996,474.60200998017,0.036112232986611,0.11915064869845,0.081719061838536,0.089565939508429,662.3369989328,-0.37552810295882,0.024528842595811,0.015071518292413,653.9600922066,0.0038650062112782,-0.37752204155827,0,5.567951479824e-08,2.1354501482733e-12,0,2.0209003389703e-23,3.1667919126238e-13,2.0137852887819e-13,2.3474896100027e-13,1.7926519038897e-23,9.5993390098104e-14,1.5531571139917e-13,0,3.3707201025731e-13,2.0234197369245e-12,9.6159636234143e-11,0,8.3005821147932e-23,3.0313643197558e-11,2.7910902096637e-11,4.416579910678e-11,7.5864271029499e-23,1.4494604294924e-11,2.4630799540277e-11,0,7.1614188137626e-11,1.1932639499722e-10
9.45,998666568.02363,998666568.02363,998666568.02363,420888790.24585,420888790.24585,420888790.24585,1,1,1,399997410.7512,0.00010751750723706,0.0002785080969587,0.00013564406592993,1.0892459459193,287.87602080956,287.87602080956,318.68089701636,318.68089701636,287.87602080956,281.7230573102,281.7230573102,281.7230573102,302.49745905391,302.49745905391,302.49745905391,318.68089701636,0.0035139614430151,-1.1028137399232e-10,-1.6070364022101e-09,-0.0012059098362465,-0.0036878522418017,-0.0040467955489902,-5.156635212835e-16,-0.0040730456423207,-0.0023250467483379,7.6665742599987e-08,-0.0028778853901057,0.00119277965491,443.64912517026,443.64912517026,474.45400137706,474.45400137706,443.64912517026,437.4961616709,437.4961616709,437.4961616709,458.27056341461,458.27056341461,458.27056341461,474.45400137706,0.036256599682596,0.11978070589587,0.082154867363521,0.090020232205718,662.19127987971,-0.37781149143855,0.004225599363411,0.0034507901605925,653.84569537289,-0.0020944514335721,-0.37642022124739,0,5.629667678108e-08,2.2062822359371e-12,0,2.94396572156e-23,3.1604264946296e-13,2.0095436010761e-13,2.3135290069838e-13,2.5855006231414e-23,9.7570509510118e-14,1.5502401443163e-13,0,3.2867108908245e-13,2.0440288103096e-12,9.9279790494628e-11,0,1.2463978365385e-22,3.0760594998717e-11,2.8195094478119e-11,4.4492981516642e-11,1.1242877149721e-22,1.4632589832761e-11,2.4850036603979e-11,0,7.2078999249366e-11,1.2221708826264e-10
9.5,997643886.1978,997643886.1978,997643886.1978,419866108.42002,419866108.42002,419866108.42002,1,1,1,399997543.83145,0.00010811399151366,0.00027999050166326,0.00013631038318437,1.0897418970926,287.71566900962,287.71566900962,318.53177654265,318.53177654265,287.71566900962,281.54846560142,281.54846560142,281.54846560142,302.34331869956,302.34331869956,302.34331869956,318.53177654265,0.0035062833122985,-1.5885987619656e-10,-2.17783749444e-09,-0.0012137004421614,-0.0036788047546239,-0.0040377107799613,-5.2979949585925e-16,-0.0040775275666955,-0.0023255181033555,6.9282839384542e-08,-0.0028767924354763,0.0011948992569127,443.49010639231,443.49010639231,474.30621392534,474.30621392534,443.49010639231,437.3229029841,437.3229029841,437.3229029841,458.11775608224,458.11775608224,458.11775608224,474.30621392534,0.036074269343195,0.12041020661936,0.082590207878716,0.090474318744428,662.04453114249,-0.38017158503724,0.0043626425051802,0.0025948958763888,653.72901662317,-0.0019123525738841,-0.37907656539991,0,5.690635050914e-08,2.2759719727323e-12,0,4.2467492929955e-23,3.1617872821841e-13,2.0059148801991e-13,2.2816635754525e-13,3.6884749924532e-23,9.9283452602015e-14,1.5476088804795e-13,0,3.2073187708155e-13,2.0636130911794e-12,1.0249850092605e-10,0,1.8469788811537e-22,3.1207739244297e-11,2.8478773680974e-11,4.4815657473959e-11,1.6459168508522e-22,1.477299783795e-11,2.5068901550782e-11,0,7.253258261982e-11,1.2513547788367e-10
9.55,996625411.44525,996625411.44525,996625411.44525,418847633.66747,418847633.66747,418847633.66747,1,1,1,399997657.63913,0.00010870923813529,0.0002814729024624,0.00013697754947119,1.0902378078945,287.55630662211,287.55630662211,318.38289109658,318.38289109658,287.55630662211,281.37463851555,281.37463851555,281.37463851555,302.18984803637,302.18984803637,302.18984803637,318.38289109658,0.0034988927711922,-2.2320607739729e-10,-2.9242573308076e-09,-0.0012215187219873,-0.0036706370678259,-0.0040281983538148,-5.4908246047977e-16,-0.004082280002877,-0.002325764339512,6.2227902853856e-08,-0.0028743784878211,0.0011970540468387,443.33202535404,443.33202535404,474.15860982852,474.15860982852,443.33202535404,437.15035724749,437.15035724749,437.15035724749,457.96556676831,457.96556676831,457.96556676831,474.15860982852,0.036170267429604,0.12103912998751,0.083025062386232,0.090928200975132,661.89810942583,-0.38160720576619,0.0051898961991051,0.0019533347847456,653.61358550477,-0.0013454716811132,-0.38121973057853,0,5.7508874098076e-08,2.3445397962689e-12,0,6.0573215488063e-23,3.1665280298595e-13,2.0017855157144e-13,2.2520203897173e-13,5.2055093299497e-23,1.0109823990245e-13,1.5446865493891e-13,0,3.1310548263495e-13,2.0861007176673e-12,1.0581418090345e-10,0,2.7036135097514e-22,3.1655553932843e-11,2.8761868903502e-11,4.5134141251747e-11,2.3820870401996e-22,1.4915972339952e-11,2.5287353217558e-11,0,7.2975380639816e-11,1.2808566981107e-10
9.6,995610986.69313,995610986.69313,995610986.69313,417833208.91535,417833208.91535,417833208.91535,1,1,1,399997765.61504,0.00010930312257833,0.00028295523591256,0.00013764787246467,1.0907336791396,287.39782797863,287.39782797863,318.23424141657,318.23424141657,287.39782797863,281.20134275057,281.20134275057,281.20134275057,302.03735142244,302.03735142244,302.03735142244,318.23424141657,0.0034912580118901,-3.0251887861292e-10,-3.8677263684041e-09,-0.0012291395326069,-0.0036640401828491,-0.0040195854842321,-5.6782123725005e-16,-0.0040874982418615,-0.0023238452226105,5.5582738638061e-08,-0.0028710774424726,0.0011996627942869,443.1747792621,443.1747792621,474.01119270004,474.01119270004,443.1747792621,436.97829403404,436.97829403404,436.97829403404,457.81430270591,457.81430270591,457.81430270591,474.01119270004,0.036219960481008,0.12166749392057,0.083459459086771,0.091381872282845,661.7529810989,-0.38574938415446,0.010773493114996,0.004335373144499,653.49803580081,-0.00021739076571053,-0.38506245218969,0,5.8104506008896e-08,2.4107465578726e-12,0,8.561217703662e-23,3.1742833393253e-13,1.9974234717857e-13,2.2236793209685e-13,7.282084931877e-23,1.0301645931117e-13,1.5421858934068e-13,0,3.0581129639395e-13,2.1085550423519e-12,1.0922349138104e-10,0,3.9143525284462e-22,3.2104465387772e-11,2.9044347239862e-11,4.5448616997155e-11,3.411929367501e-22,1.5061659613857e-11,2.5505451238173e-11,0,7.3407863122703e-11,1.3106761694898e-10
9.65,994600881.65511,994600881.65511,994600881.65511,416823103.87733,416823103.87733,416823103.87733,1,1,1,399997868.13123,0.00010990329241747,0.00028443764026774,0.00013831595179655,1.0912295287888,287.24035158655,287.24035158655,318.08584316475,318.08584316475,287.24035158655,281.0286741633,281.0286741633,281.0286741633,301.88568756282,301.88568756282,301.88568756282,318.08584316475,0.0034815661978192,-4.0539096149218e-10,-5.0488739934292e-09,-0.0012370457544046,-0.0036543724311978,-0.0040110922700769,-5.9304320307574e-16,-0.0040928845757207,-0.0023257052699834,4.924069178593e-08,-0.0028712179628994,0.001200755278266,443.0184844743,443.0184844743,473.86397605249,473.86397605249,443.0184844743,436.80680705104,436.80680705104,436.80680705104,457.66382045057,457.66382045057,457.66382045057,473.86397605249,0.036222384234324,0.12229529139265,0.083893380167168,0.091835350343648,661.60527015227,-0.38758215764447,0.0039470855454699,0.0026877732616428,653.38166984248,-0.00058222736745475,-0.38687318791491,0,5.8694062381604e-08,2.4755188733722e-12,0,1.1916954788333e-22,3.1846228317813e-13,1.9917110238048e-13,2.1989094805952e-13,1.00389934417e-22,1.0496226556606e-13,1.5386723866533e-13,0,2.9876448571486e-13,2.1381640990991e-12,1.1272440374567e-10,0,5.5996644368309e-22,3.2554839067747e-11,2.9326017714082e-11,4.5759589758144e-11,4.8316574352836e-22,1.5210098673358e-11,2.5723052373899e-11,0,7.3830379910356e-11,1.340914376165e-10
9.7,993594175.13853,993594175.13853,993594175.13853,415816397.36074,415816397.36074,415816397.36074,1,1,1,399997965.36752,0.00011050206616761,0.00028592005644795,0.00013898402367175,1.0917253374458,287.08367713168,287.08367713168,317.937513309,317.937513309,287.08367713168,280.85666143033,280.85666143033,280.85666143033,301.7346810613,301.7346810613,301.7346810613,317.937513309,0.0034729568720076,-5.3434100810231e-10,-6.5157716929813e-09,-0.001244798873413,-0.0036452775411703,-0.0040025313161783,-6.1936264220378e-16,-0.0040978836991453,-0.002326102411597,4.3302602986884e-08,-0.0028700911768063,0.0012024025233831,442.86294732794,442.86294732794,473.71678350526,473.71678350526,442.86294732794,436.63593162659,436.63593162659,436.63593162659,457.51395125757,457.51395125757,457.51395125757,473.71678350526,0.03624676446106,0.12292251416273,0.084326826722007,0.092288630794882,661.45828162687,-0.39005621230724,0.00093693223212245,0.0026607557326442,653.26521353867,-0.00065164081074321,-0.38976330603851,0,5.9277856894033e-08,2.5367982012663e-12,0,1.6450535967741e-22,3.1989561860591e-13,1.9860293188428e-13,2.1760755704407e-13,1.3747829206514e-22,1.0699501076411e-13,1.5352786824614e-13,0,2.920040553833e-13,2.1710977022813e-12,1.1631197816691e-10,0,7.9261215442195e-22,3.3007239790123e-11,2.960688467388e-11,4.6067333316591e-11,6.7758940869878e-22,1.5361412468687e-11,2.5940173567375e-11,0,7.4243336005747e-11,1.3716183343231e-10
9.75,992590979.55249,992590979.55249,992590979.55249,414813201.7747,414813201.7747,414813201.7747,1,1,1,399998057.69711,0.00011110152700606,0.0002874024610388,0.00013964910829231,1.0922211061444,286.92757015048,286.92757015048,317.78947514284,317.78947514284,286.92757015048,280.6852261358,280.6852261358,280.6852261358,301.58446985597,301.58446985597,301.58446985597,317.78947514284,0.0034653745989687,-6.8963275923484e-10,-8.3064056419207e-09,-0.0012522162282657,-0.0036374024814013,-0.0039936972333833,-6.502918461922e-16,-0.0041025195572955,-0.0023254122126743,3.7712720928921e-08,-0.0028685459434076,0.0012042263571443,442.70793571016,442.70793571016,473.56984070251,473.56984070251,442.70793571016,436.46559169547,436.46559169547,436.46559169547,457.36483541564,457.36483541564,457.36483541564,473.56984070251,0.036267071422924,0.12354916372319,0.08475980221823,0.09274171265231,661.31157914616,-0.39243903965781,0.00066958972703979,0.0034407365491205,653.14931544395,-0.0026276998226607,-0.39252159941803,0,5.9856422451681e-08,2.5951938500466e-12,0,2.2481951981797e-22,3.2173537962237e-13,1.9801820033721e-13,2.1550822004587e-13,1.8640986104864e-22,1.0911831902932e-13,1.5320465637975e-13,0,2.8540422876993e-13,2.2070940479166e-12,1.1998213650663e-10,0,1.1105549684347e-21,3.346224232748e-11,2.9886924698393e-11,4.6372107964183e-11,9.4121276235385e-22,1.5515729075362e-11,2.6156837670246e-11,0,7.4646958536832e-11,1.402831357683e-10
9.8,991590637.316,991590637.316,991590637.316,413812859.53821,413812859.53821,413812859.53821,1,1,1,399998145.44827,0.00011169641913243,0.00028888468368439,0.00014033096119738,1.0927168625247,286.77210875834,286.77210875834,317.64148985503,317.64148985503,286.77210875834,280.5143478583,280.5143478583,280.5143478583,301.43481596345,301.43481596345,301.43481596345,317.64148985503,0.0034612597363467,-8.6781234563433e-10,-1.0477276934766e-08,-0.0012597815028279,-0.0036373381848377,-0.003987619261411,-6.8203815574238e-16,-0.0041096206884564,-0.0023190152422487,3.274410019988e-08,-0.0028533345015104,0.0012088820129287,442.55352531206,442.55352531206,473.42290640875,473.42290640875,442.55352531206,436.29576441201,436.29576441201,436.29576441201,457.21623251717,457.21623251717,457.21623251717,473.42290640875,0.036270493072992,0.12417527743248,0.08519236976674,0.093194554256083,661.16270539736,-0.39625334471472,0.023498551581526,0.016813610259766,653.03114856635,0.006536108048909,-0.39622110606808,0,6.0428648821052e-08,2.6466933291342e-12,0,3.0684664527346e-22,3.2394807527321e-13,1.9749145910049e-13,2.1350439521961e-13,2.5185425740757e-22,1.1163164792142e-13,1.5290819881364e-13,0,2.7923239496073e-13,2.2404240717408e-12,1.2372512610814e-10,0,1.5445016557492e-21,3.3920374089036e-11,3.0166219798306e-11,4.6674048775528e-11,1.297388468921e-21,1.5673600065842e-11,2.6373082518806e-11,0,7.504185277684e-11,1.4345157387603e-10
9.85,990595078.36862,990595078.36862,990595078.36862,412817300.59083,412817300.59083,412817300.59083,1,1,1,399998229.09316,0.00011229068332659,0.00029036704695166,0.00014099946235369,1.0932125289545,286.61731921426,286.61731921426,317.49374879198,317.49374879198,286.61731921426,280.34433982056,280.34433982056,280.34433982056,301.28639306185,301.28639306185,301.28639306185,317.49374879198,0.0034471047780899,-1.0928237736167e-09,-1.2903208327713e-08,-0.001267499958862,-0.0036230466160242,-0.0039752113334313,-7.161696590587e-16,-0.0041118004250864,-0.0023238601638081,2.7844175821451e-08,-0.0028651712406741,0.0012090198362474,442.39974233201,442.39974233201,473.27617190974,473.27617190974,442.39974233201,436.12676293831,436.12676293831,436.12676293831,457.0688161796,457.0688161796,457.0688161796,473.27617190974,0.036384794017234,0.12480072163751,0.085624350124023,0.093647242228732,661.02097618315,-0.39847077388673,0.006267749840201,0.0029841765059059,652.92075457682,-0.005260825514563,-0.39716754722447,0,6.0996491879611e-08,2.6964533105495e-12,0,4.1168673598195e-22,3.2593428906921e-13,1.9688629922936e-13,2.1175686478747e-13,3.3642407709566e-22,1.1379132128595e-13,1.5256773012188e-13,0,2.7311128766378e-13,2.2864299710035e-12,1.2753848695022e-10,0,2.1267146212239e-21,3.438131478108e-11,3.0444659072921e-11,4.6973518205637e-11,1.7731639614586e-21,1.5834525295685e-11,2.6588845871925e-11,0,7.5428090463891e-11,1.4668507415044e-10
9.9,989601826.92018,989601826.92018,989601826.92018,411824049.1424,411824049.1424,411824049.1424,1,1,1,399998308.47487,0.00011288208526728,0.00029184946683567,0.00014167104160895,1.093708180921,286.46317752359,286.46317752359,317.34620355978,317.34620355978,286.46317752359,280.17463671046,280.17463671046,280.17463671046,301.13823762,301.13823762,301.13823762,317.34620355978,0.003438863276647,-1.352314259722e-09,-1.5813016057973e-08,-0.0012753353630675,-0.0036114053380423,-0.0039674060330304,-7.5775081103184e-16,-0.004118522788423,-0.0023247638294313,2.3594220761658e-08,-0.0028642811114277,0.0012104353910105,442.24657507578,442.24657507578,473.12960111197,473.12960111197,442.24657507578,435.95803426265,435.95803426265,435.95803426265,456.92163517219,456.92163517219,456.92163517219,473.12960111197,0.036216352455588,0.12542558731348,0.086055865085622,0.09409973746305,660.87484751259,-0.40094356818577,0.0035679342010764,0.0030990074182908,652.80468804119,-0.0022254820534893,-0.40034126426465,0,6.1560076535273e-08,2.7443646773874e-12,0,5.4902496252315e-22,3.2861235447314e-13,1.9627564368012e-13,2.1036537299645e-13,4.4531599421731e-22,1.1614209583325e-13,1.5216721141291e-13,0,2.6737945772163e-13,2.3306029339093e-12,1.3141960469708e-10,0,2.9031531693056e-21,3.484604282954e-11,3.0722234750177e-11,4.7271019769182e-11,2.4029358800224e-21,1.5998775022775e-11,2.6804042806053e-11,0,7.5806222119301e-11,1.4998104442808e-10
9.95,988611323.39288,988611323.39288,988611323.39288,410833545.61509,410833545.61509,410833545.61509,1,1,1,399998381.16802,0.00011347330263911,0.00029333184449271,0.00014234256944661,1.0942037871058,286.30986865529,286.30986865529,317.19873467144,317.19873467144,286.30986865529,280.00525581742,280.00525581742,280.00525581742,300.99059171498,300.99059171498,300.99059171498,317.19873467144,0.0034304194580962,-1.6441490306707e-09,-1.9113993279539e-08,-0.0012830242022337,-0.0036027251972239,-0.0039599467042169,-7.9997377577075e-16,-0.0041235452380386,-0.0023241931316359,1.9767769815671e-08,-0.0028613817309473,0.0012124113932587,442.09420395644,442.09420395644,472.98306997259,472.98306997259,442.09420395644,435.78959111857,435.78959111857,435.78959111857,456.77492701613,456.77492701613,456.77492701613,472.98306997259,0.036327593190949,0.1260498568942,0.086486899585273,0.094552032833996,660.72950755679,-0.40353757893762,0.0019495990804714,0.0024036785695723,652.68985865334,-0.0014135118655154,-0.40315886466103,0,6.2119651836302e-08,2.7863018546596e-12,0,7.2633207131333e-22,3.3160281837014e-13,1.9563011554311e-13,2.089809609831e-13,5.8559942231958e-22,1.1867189259078e-13,1.5175201908245e-13,0,2.6183964888526e-13,2.3710022680278e-12,1.3536003056881e-10,0,3.9303418353434e-21,3.53150000326e-11,3.0998897512787e-11,4.7566563478482e-11,3.2310985251846e-21,1.6166602422749e-11,2.7018652569557e-11,0,7.6176519301922e-11,1.5333414799194e-10
10,987624149.55969,987624149.55969,987624149.55969,409846371.78191,409846371.78191,409846371.78191,1,1,1,399998450.53253,0.00011406294356671,0.00029481423547904,0.00014301552412949,1.0946993497186,286.15708202195,286.15708202195,317.05147748491,317.05147748491,286.15708202195,279.83645068385,279.83645068385,279.83645068385,300.84371925465,300.84371925465,300.84371925465,317.05147748491,0.0034225270337194,-1.9681290674244e-09,-2.2786793073093e-08,-0.001290485319968,-0.003594614052811,-0.0039510445642074,-8.4948959912505e-16,-0.0041284977663037,-0.0023233875705046,1.6321578427773e-08,-0.0028588838947381,0.00121486567412,441.94231938941,441.94231938941,472.83671485237,472.83671485237,441.94231938941,435.6216880513,435.6216880513,435.6216880513,456.62895662211,456.62895662211,456.62895662211,472.83671485237,0.036339278390414,0.12667351578408,0.08691744308491,0.095004133764198,660.58448661431,-0.40519751422145,0.004937457533461,0.0013354431639864,652.57631029628,-0.0018942382431876,-0.40499685837745,0,6.26751315584e-08,2.8226167029627e-12,0,9.5405492083976e-22,3.3465884826297e-13,1.9504986986146e-13,2.0769019007179e-13,7.6496665680612e-22,1.2133378626635e-13,1.5134682146599e-13,0,2.5633686631672e-13,2.4051916381196e-12,1.3935181339152e-10,0,5.2795792436438e-21,3.5788279114582e-11,3.1274739684084e-11,4.7860281762053e-11,4.312924746003e-21,1.6338194308861e-11,2.7232689297097e-11,0,7.6539034374803e-11,1.5673560262667e-10
