time,H_1,H_2,H_3,Hs_1,Hs_2,Hs_3,cry_1,cry_2,cry_3,disloc_density,disloc_density_m,disp_x,disp_y,disp_z,fp_yy,mesh_quality,mesh_quality_m,sliprate,sliprate_m,strain_eff,strain_shear,strain_shear_m,strain_yy,stress_vm,stress_xx,stress_xy,stress_xz,stress_yy,stress_yz,stress_zz,total_twin_volume
0.025,1732418598.9755,1735934617.8648,1731646783.1597,1153280962.7231,1157716112.1772,1155669591.7664,0.083977448292488,0.038724986678459,-0.065754767911084,20000000,20000000,1.6442007226195e-07,3.8446336743014e-07,1.8890180374692e-07,1,1.4079927238071e-12,6.4382017769649e-19,0,0,0.00028776917080813,0.00018232315316459,0.00073027563389104,0.00024996627971372,57.551877818149,0.86752464634768,-0.45117395080022,0.29264278099371,54.866609799509,0.45569646386114,0.89187245415923,2.5908015561309e-20
0.075,1732418598.9755,1735934617.8644,1731646783.1586,1153280962.723,1157716112.1768,1155669591.7653,0.083977448292488,0.038724986678459,-0.065754767911084,20000000.000244,20000125.127666,5.9865252378635e-07,1.1474740631332e-06,5.2066724752421e-07,1.0000007953687,1.4079927238071e-12,6.4382017769649e-19,3.9147862479627e-12,1.941688172898e-06,0.00084236269040885,0.00053459977463584,0.011097516887237,0.00074970749763469,168.64626974432,4.4521210616983,-1.2977233725566,0.050441379417601,165.94579192298,0.85820427608049,5.0928748523043,1.2627927565977e-12
0.125,1732285613.9588,1735806822.1428,1731505049.1623,1153147977.7063,1157588316.4552,1155527857.769,0.083977448292488,0.038724986678459,-0.065754767911084,20076190.542953,255417012.71047,7.2371517724011e-07,1.9759173717334e-06,1.0730919408141e-06,1.0000155730395,1.4079927238071e-12,6.4382017769649e-19,0.00021067833948201,1.0535208443299,0.0013984779904875,0.00089146893717574,0.010908615693175,0.0012491974312535,276.7872436344,2.3095160441665,-1.4251598539666,0.25455882982972,270.38613166635,1.0813816781414,2.2583217488178,5.8865558887971e-12
0.175,1732075075.5619,1735540062.1523,1731220762.0019,1152937439.3094,1157321556.4647,1155243570.6086,0.083977448292488,0.038724986678459,-0.065754767911084,20213009.636345,255873670.44155,1.3036252981266e-06,2.6583957810431e-06,1.942139437792e-06,1.0002072975741,1.4079927238071e-12,6.4382017769649e-19,0.00081814902464782,1.0160941716728,0.0019915301689219,0.0012886562880847,0.015276013544628,0.0017484103037904,345.91696143819,3.4657263638439,-1.641325012359,0.97508853053627,338.04325903059,1.1321024973559,3.2008552790616,1.7943800274857e-11
0.225,1731173003.6443,1733876563.2598,1729972049.1552,1152035367.3919,1155658057.5722,1153994857.7619,0.083977448292488,0.038724986678459,-0.065754767911084,20804291.010005,255999478.35033,1.98823707358e-06,3.4283864265888e-06,3.0718829003248e-06,1.000596287153,1.4079927238071e-12,6.4382017769649e-19,0.008594949246403,1.2457280071462,0.0026352101289308,0.0017370167253267,0.013303309941437,0.0022473372304864,374.80193190137,4.7142952929737,-1.5737310947173,1.4732813964148,363.77205875556,1.025596964113,4.3182390342816,1.7943941030346e-11
0.275,1729190310.4678,1730430895.1962,1727405630.8862,1150052674.2153,1152212389.5087,1151428439.4929,0.083977448292488,0.038724986678459,-0.065754767911084,22066357.816345,255999528.75604,2.6774124953643e-06,4.4255801250794e-06,4.2526061882317e-06,1.0010559000381,1.4079927238071e-12,6.4382017769649e-19,0.017711878530541,0.89740366503787,0.0032969216515525,0.002200904417413,0.025285721103321,0.0027459918874787,389.64876754022,4.2407735384871,-1.5274921489492,1.7045916223206,373.87859296855,0.97853461392346,3.9826336848893,1.7943959874264e-11
0.325,1726851883.4754,1726406374.3074,1724392097.1333,1147714247.2229,1148187868.6198,1148414905.74,0.083977448292488,0.038724986678459,-0.065754767911084,23568566.294936,255999541.66409,3.5944396117409e-06,4.875e-06,5.4517756378221e-06,1.0015318604123,1.4079927238071e-12,6.4382017769649e-19,0.021333852862268,1.7147645834745,0.0039584057769891,0.0026608128390024,0.023862598024329,0.0032443481656562,401.31012524833,4.2022922448203,-1.7371096975078,2.0261925926294,381.39752951405,1.6012320544457,4.2918671609905,1.8850200944216e-11
0.375,1724273739.1801,1722215686.9013,1721113189.3291,1145136102.9276,1143997181.2137,1145135997.9358,0.083977448292488,0.038724986678459,-0.065754767911084,25225315.292823,255999995.48588,4.3787044773382e-06,5.625e-06,6.5743491430245e-06,1.0020182027037,1.4079927238071e-12,6.4382017769649e-19,0.022553019594773,1.5468784629243,0.0046347538416253,0.0031331610783007,0.020888657454212,0.003742474476759,408.91612598651,4.422924215631,-1.6037355467145,1.9673710743231,385.31378193955,1.1347121294742,4.5656590067836,1.9145759948165e-11
0.425,1721682351.3027,1718010603.4865,1717811142.9201,1142544715.0502,1139792097.7989,1141833951.5268,0.083977448292488,0.038724986678459,-0.065754767911084,26917981.600552,255999997.65932,5.1659547085308e-06,6.375e-06,7.711791571438e-06,1.0025077265572,1.4079927238071e-12,6.4382017769649e-19,0.023308060918871,1.4295993830412,0.0053073880822087,0.0036000071817118,0.017598577232435,0.0042403104424302,416.37575652486,3.8064250745507,-1.6807651485358,1.950726528036,388.57364154157,1.4488182829923,4.0010121305671,2.1561554049965e-11
0.475,1718850155.8663,1713596378.4631,1714242336.8571,1139712519.6139,1135377872.7755,1138265145.4638,0.083977448292488,0.038724986678459,-0.065754767911084,28787117.553728,255999997.88223,5.4074246651207e-06,7.125e-06,8.4208286648277e-06,1.0030119254085,1.4079927238071e-12,6.4382017769649e-19,0.023998332548761,1.4715372586412,0.0059863443480229,0.00407617088398,0.017684232876682,0.0047381238575213,418.28036126087,0.51467342845012,-0.070172892834814,0.12987575935865,386.104894745,0.40978708934766,0.6395738917816,2.1590082998368e-11
0.525,1715920751.6558,1708996009.7856,1710712777.8523,1136783115.4033,1130777504.098,1134735586.459,0.083977448292488,0.038724986678459,-0.065754767911084,30696176.8581,255999997.88269,6.4664018184928e-06,8.0192085013515e-06,9.5718678143252e-06,1.0034901509544,1.4079927238071e-12,6.4382017769649e-19,0.024608933484552,1.2194983381998,0.0066484342408353,0.0045321520730616,0.016099768030665,0.005235396968944,425.52762948225,4.0025133593933,-1.0813734197653,1.3910101372388,393.89385619117,1.1015004342693,4.4271444541704,2.182957097351e-11
0.575,1713159499.6567,1704754088.4815,1707193715.4506,1134021863.4042,1126535582.7939,1131216524.0573,0.083977448292488,0.038724986678459,-0.065754767911084,32576351.948077,255999997.99409,7.32713949774e-06,8.703946470376e-06,1.1000635168222e-05,1.003981744079,1.4079927238071e-12,6.4382017769649e-19,0.023630626545065,1.0931005166889,0.0073205291165355,0.004995589384712,0.031706552748148,0.0057323913745198,431.29698071327,3.5666012451803,-1.3622762039694,1.8665943921938,396.31235451421,1.5194431161487,3.8095642790424,5.3495946228918e-11
0.625,1710298764.3501,1700414397.0468,1703573067.9619,1131161128.0977,1122195891.3593,1127595876.5687,0.083977448292488,0.038724986678459,-0.065754767911084,34550865.650358,255999998.11733,7.6126014837458e-06,9.4240264701239e-06,1.1783164682563e-05,1.0044859729284,1.4079927238071e-12,6.4382017769649e-19,0.024597082171828,1.677329382252,0.0080030512880713,0.0054720001718318,0.021511294916035,0.0062294473220501,432.3421812106,-0.086385691114962,-0.061397948300045,0.26321604183725,393.07047031055,0.4302649180863,0.029782639245321,5.3500558766354e-11
0.675,1707388569.0733,1695941269.5761,1700091168.818,1128250932.8208,1117722763.8885,1124113977.4247,0.083977448292488,0.038724986678459,-0.065754767911084,36528633.733873,255999998.11862,8.2065205862319e-06,1.0282946874825e-05,1.2717511052786e-05,1.0049729628037,1.4079927238071e-12,6.4382017769649e-19,0.02509010207037,1.16497306024,0.0086686885006107,0.0059317015292086,0.034688413695729,0.0067261171853072,436.76035830929,1.4762958007428,-0.48212408469978,0.42266911412794,397.3849876123,0.6232866543984,1.6368560770863,5.3500565500007e-11
0.725,1704531046.2917,1691683500.7159,1696661396.249,1125393410.0392,1113464995.0283,1120684204.8557,0.083977448292488,0.038724986678459,-0.065754767911084,38479442.741422,283406427.64349,9.9273881683072e-06,1.0906691271346e-05,1.3646924191405e-05,1.0054705580081,1.4079927238071e-12,6.4382017769649e-19,0.024423891031341,3.7447047335924,0.009350910728807,0.0064028317498813,0.063335069030635,0.0072224067944371,439.79340194984,0.62110467736605,0.099262080584553,0.55367075750284,397.49401673246,0.57729919942793,1.0195429928421,1.1892724502254e-10
0.775,1700994432.8783,1686676442.0792,1692519242.1581,1121856796.6258,1108457936.3916,1116542050.7648,0.083977448292488,0.038724986678459,-0.065754767911084,40774973.025277,285531416.10656,9.7672311538195e-06,1.1641264085055e-05,1.4824358791544e-05,1.0059570230112,1.4079927238071e-12,6.4382017769649e-19,0.025860433916026,4.9416411361244,0.010009748913314,0.0068554518795428,0.052951181782371,0.0077183379130614,443.8744026679,3.3536093847098,-0.89361279920103,1.4144430078503,402.43133200205,1.1266715629869,3.7637934067849,1.1998233909045e-10
0.825,1697914944.3765,1682307883.6919,1688793495.5831,1118777308.1241,1104089378.0043,1112816304.1898,0.083977448292488,0.038724986678459,-0.065754767911084,42922974.886014,284457904.80422,1.0093776717906e-05,1.2389117816042e-05,1.5766360220925e-05,1.0064540558834,1.4079927238071e-12,6.4382017769649e-19,0.024703998064778,1.4584323334619,0.010682618369981,0.0073222519203748,0.049370213836023,0.0082143772711066,446.05530213651,1.0224892356369,-0.19785149875619,0.24184866940668,401.74363316685,0.36896989986522,1.190887904699,1.2021290939634e-10
0.875,1694771530.897,1677786802.4793,1685131636.9117,1115633894.6445,1099568296.7917,1109154445.5184,0.083977448292488,0.038724986678459,-0.065754767911084,45118993.66877,282827802.55337,1.0599440238103e-05,1.3131367726176e-05,1.6743567583127e-05,1.0069485223272,1.4079927238071e-12,6.4382017769649e-19,0.025036787093772,0.71336157769666,0.011353295029235,0.0077850708239168,0.048493748029124,0.008710017956246,448.94236607204,0.38248823369574,-0.33697775210784,0.32819711741907,402.72518105999,0.52843810800167,0.71260583010204,1.2041395088662e-10
0.925,1691375742.2715,1673099030.6486,1681178503.3072,1112238106.0191,1094880524.961,1105201311.9139,0.083977448292488,0.038724986678459,-0.065754767911084,47486088.176021,282468207.81702,1.1749834523043e-05,1.4102020405771e-05,1.7899582050829e-05,1.0074362548019,1.4079927238071e-12,6.4382017769649e-19,0.025113688571869,1.6507695698818,0.012012690859093,0.0082377127434441,0.04775059850965,0.0092051401894406,452.14370360077,3.7787052487742,-0.79204910472632,1.3921407670594,407.4013944798,1.029299493142,3.8859183749349,1.2061275709164e-10
0.975,1687940696.9232,1668470604.0443,1676998653.7045,1108803060.6707,1090252098.3567,1101021462.3113,0.083977448292488,0.038724986678459,-0.065754767911084,49929265.427554,282159033.455,1.260131598597e-05,1.4688758454381e-05,1.9026468137879e-05,1.0079307467777,1.4079927238071e-12,6.4382017769649e-19,0.024887762656646,2.1792642127449,0.012679580132476,0.0086954713517943,0.04717947486653,0.0097000485096594,455.4516869962,2.7725072586424,-1.1089426651613,1.5684158475308,408.22736882384,1.0661842406051,3.0518088640029,1.2080545669895e-10
1.025,1684357774.659,1663744151.0737,1672747159.3583,1105220138.4066,1085525645.3861,1096769967.9651,0.083977448292488,0.038724986678459,-0.065754767911084,52459640.506253,281733225.50756,1.2935185868923e-05,1.5405238227427e-05,1.9919559134061e-05,1.0084260873182,1.4079927238071e-12,6.4382017769649e-19,0.025431122311959,1.2516457919544,0.013347889945671,0.0091581675362918,0.047027273338579,0.010195080168999,456.65653995473,1.6498189436691,-0.57283045969784,0.40407070972526,408.446622077,0.44796260110624,1.9372779755097,1.2090914807612e-10
1.075,1680843004.385,1658902032.7363,1668679773.9392,1101705368.1326,1080683527.0487,1092702582.546,0.083977448292488,0.038724986678459,-0.065754767911084,54985886.332531,281531816.83139,1.3473791416306e-05,1.6140800558561e-05,2.0955978383381e-05,1.0089179219067,1.4079927238071e-12,6.4382017769649e-19,0.025142087658783,1.1074304566911,0.014012828430792,0.0096161640292273,0.046788927924299,0.01068966396756,459.96020477931,0.67342875268268,-0.64751519560824,0.5483507746859,409.85819224701,0.78603172959762,0.89027669143506,1.2106570654927e-10
1.125,1677306076.252,1654087093.7352,1664568858.4401,1098168439.9995,1075868588.0476,1088591667.0468,0.083977448292488,0.038724986678459,-0.065754767911084,57547144.220434,281218985.33614,1.4280471169072e-05,1.6877821180083e-05,2.2050208621344e-05,1.0094097186401,1.4079927238071e-12,6.4382017769649e-19,0.024939689261292,0.71685444847167,0.014675762394001,0.010071831093271,0.046565346461593,0.011183856279271,462.61140905608,1.4380103503797,-0.91144506843908,1.128663861138,412.1019361956,0.9668370517697,1.5921618885198,1.212374122256e-10
1.175,1673712514.5448,1649234523.2376,1660307952.0035,1094574878.2923,1071016017.55,1084330760.6102,0.083977448292488,0.038724986678459,-0.065754767911084,60182739.147415,280708778.74841,1.4521157506965e-05,1.7625e-05,2.2975619221469e-05,1.0099077183023,1.4079927238071e-12,6.4382017769649e-19,0.025041892772362,1.986689715253,0.015346068235575,0.010534716158877,0.046523451727466,0.01167804515554,463.97135063816,0.80967414119942,-0.28928660010188,0.3636073442646,411.83724348068,0.70763134814743,0.92197845061898,1.2136870421992e-10
1.225,1669694560.1022,1643914398.3564,1655843515.9578,1090556923.8498,1065695892.6688,1079866324.5646,0.083977448292488,0.038724986678459,-0.065754767911084,63025399.994002,273504562.40493,1.5990639923343e-05,1.8375e-05,2.3971449309741e-05,1.0104014079672,1.4079927238071e-12,6.4382017769649e-19,0.025666084357052,2.4381179558609,0.016013723242143,0.010994710003275,0.064970603222058,0.012171753375064,465.79945652109,2.070873383491,-0.017182132234099,0.6504155199892,413.71651186137,0.77553399366883,2.167914886024,2.8444312556683e-10
1.275,1665629525.0242,1638554897.0045,1651134747.3994,1086491888.7718,1060336391.3169,1075157556.0061,0.083977448292488,0.038724986678459,-0.065754767911084,65914117.889838,272018610.05066,1.6233124337992e-05,1.9125e-05,2.5056087429418e-05,1.0108949330425,1.4079927238071e-12,6.4382017769649e-19,0.025842292081655,3.8269037758493,0.016674656498135,0.011449634804957,0.053630740995789,0.012665328522672,468.21412876536,1.2498591360719,-0.329137388204,0.53935631650539,414.67628728579,0.54308140709905,1.430334686067,2.845530165343e-10
1.325,1661629393.3101,1633317233.1423,1646536250.0135,1082491757.0577,1055098727.4548,1070559058.6202,0.083977448292488,0.038724986678459,-0.065754767911084,68796890.228259,290755032.64783,1.6862914679097e-05,1.9875e-05,2.6254051300677e-05,1.0113896323442,1.4079927238071e-12,6.4382017769649e-19,0.02542269200164,1.3544612405271,0.01733612691534,0.011902559396495,0.052978172645506,0.013158311729722,470.56514871937,1.7536280299589,-1.0283779893463,1.217977136018,416.06558574982,1.1861175332736,1.9377368220252,2.8455850557865e-10
1.35,1659763005.2446,1630846268.2341,1644332424.8531,1080625368.9921,1052627762.5465,1068355233.4598,0.083977448292488,0.038724986678459,-0.065754767911084,70214773.250548,290503894.44086,1.6950414768337e-05,2.025e-05,2.6702708253288e-05,1.011636947957,1.4079927238071e-12,6.4382017769649e-19,0.025583295837534,1.6357877048177,0.017668969781419,0.012133316051893,0.052693409937367,0.013405026018701,470.62622033786,1.2517624652503,-0.25330754941329,0.35852554547975,416.15383315073,0.62580099562339,1.405885416149,2.8456019269606e-10
1.4,1655805064.7062,1625496862.7925,1639921002.7949,1076667428.4537,1047278357.1049,1063943811.4017,0.083977448292488,0.038724986678459,-0.065754767911084,73117197.607772,290465479.08675,1.7845910992812e-05,2.1e-05,2.7783247058334e-05,1.0121302588129,1.4079927238071e-12,6.4382017769649e-19,0.025336725615765,2.3621713136557,0.01833246142935,0.012588336521982,0.052590499910454,0.013897729224322,473.51815484423,0.89992470579386,-0.79490246129058,1.057397686039,417.0854968437,1.0076469663868,0.7599533359373,2.845881873277e-10
1.45,1651832654.0038,1620252850.045,1635290845.1187,1072695017.7513,1042034344.3574,1059313653.7254,0.083977448292488,0.038724986678459,-0.065754767911084,76028234.802713,290330764.11075,1.821174068192e-05,2.175e-05,2.8740996338602e-05,1.0126249242552,1.4079927238071e-12,6.4382017769649e-19,0.025509730172631,1.5006174442306,0.018994220570703,0.013044975365662,0.052750469020247,0.014390560306112,474.52187850001,0.51685805530332,-0.20656405632259,0.24501419512996,417.98560091436,0.62076669952642,0.74638931769551,2.8463360396573e-10
1.5,1647783703.7749,1614821450.0671,1630756276.3,1068646067.5224,1036602944.3795,1054779084.9068,0.083977448292488,0.038724986678459,-0.065754767911084,78986571.338029,289988374.88096,1.8793670206517e-05,2.25e-05,2.9779786687864e-05,1.0131179503591,1.4079927238071e-12,6.4382017769649e-19,0.025440414124114,2.321278954619,0.019655866267402,0.013500665476326,0.053070824680832,0.014883069168388,476.37238685754,0.45104902980543,-0.26488177030486,0.095755449582072,419.18594147338,0.58372718204318,0.67270686179365,2.847988560944e-10
1.55,1643731217.733,1609461926.4194,1626264298.1971,1064593581.4806,1031243420.7318,1050287106.8038,0.083977448292488,0.038724986678459,-0.065754767911084,81932689.928315,289801738.33622,1.9339690869763e-05,2.325e-05,3.2164463234304e-05,1.0136112053622,1.4079927238071e-12,6.4382017769649e-19,0.025345886971611,1.960233448507,0.020316656504868,0.013955965152205,0.053651061575419,0.015375318189855,478.27083532734,0.14406571634593,-0.097482043871825,0.10142658959041,420.22936439243,0.34780823957409,0.35914903554482,2.8505446548282e-10
1.6,1639720774.062,1604103462.5081,1621732292.3127,1060583137.8095,1025884956.8205,1045755100.9194,0.083977448292488,0.038724986678459,-0.065754767911084,84882423.616704,357818729.92421,1.9958167320055e-05,2.4e-05,3.2933360137075e-05,1.0141021192898,1.4079927238071e-12,6.4382017769649e-19,0.025273995069509,1.4160540307891,0.020972985759986,0.014406868354795,0.054215016872467,0.015867153844735,480.23136281964,1.3144646776494,-0.44864415638618,0.56883479579845,422.66060919288,0.71900427735391,1.4546245638745,2.854191389031e-10
1.65,1635793669.3751,1598830433.5522,1617155573.6346,1056656033.1227,1020611927.8646,1041178382.2414,0.083977448292488,0.038724986678459,-0.065754767911084,87809267.889268,352459809.96504,2.0526520612814e-05,2.475e-05,3.3930545264437e-05,1.0145959430647,1.4079927238071e-12,6.4382017769649e-19,0.025116861666881,1.1360549287969,0.021633323171891,0.014860890340324,0.05477657602927,0.016358789440158,482.1170760033,0.98747781985484,-0.41516457385683,0.57289595851781,423.47017657324,0.66947033836003,1.0224986933797,2.857381395521e-10
1.7,1631876643.1885,1593567156.2534,1612595533.0443,1052739006.9361,1015348650.5658,1036618341.651,0.083977448292488,0.038724986678459,-0.065754767911084,90736470.048514,350929176.588,2.1176421018031e-05,2.55e-05,3.5041360972815e-05,1.0150951010254,1.4079927238071e-12,6.4382017769649e-19,0.025283872203043,0.7850010226782,0.022297281168211,0.015317644424762,0.055413191567323,0.016850191935281,483.55376332003,-0.14311326999177,-0.25174439885838,0.528854281564,422.60492778881,0.71170799152933,-0.40195049928299,2.8598781965274e-10
1.75,1627753651.6939,1588124892.1906,1607873331.465,1048616015.4415,1009906386.503,1031896140.0717,0.083977448292488,0.038724986678459,-0.065754767911084,93748370.123094,350239211.95574,2.1766986539108e-05,2.625e-05,3.6108535043293e-05,1.0155875972716,1.4079927238071e-12,6.4382017769649e-19,0.025868759422128,2.0936915880347,0.022954228130714,0.01576919755767,0.056199081587669,0.01734121764886,484.30550560357,1.4945159026123,-0.056200225413241,0.59483648970848,424.76295308418,0.71131543157343,1.6092171561948,2.8627119497059e-10
1.8,1623715569.5839,1582758315.8405,1603191930.8863,1044577933.3314,1004539810.1529,1027214739.4931,0.083977448292488,0.038724986678459,-0.065754767911084,96689804.850076,348117475.94271,2.2973056071865e-05,2.7e-05,3.7255724922705e-05,1.0160804654795,1.4079927238071e-12,6.4382017769649e-19,0.025480205654042,1.5272940216254,0.02360190027033,0.016210857681389,0.057110175459648,0.017831638672762,486.03791333789,2.708517643604,-1.0481747839264,1.5127123914001,426.96519007988,1.48642880374,2.9450893882667,2.8671154938671e-10
1.85,1619790916.3544,1577626281.8863,1598493842.7758,1040653280.102,999407776.19869,1022516651.3825,0.083977448292488,0.038724986678459,-0.065754767911084,99567511.74933,342652700.32135,2.3747469090709e-05,2.775e-05,3.8266902861685e-05,1.016579792272,1.4079927238071e-12,6.4382017769649e-19,0.025507051400363,0.65975717850207,0.024271404120874,0.016671202330073,0.057675029834318,0.018322210270414,487.755572261,-0.22237900311389,-0.960922538894,1.1763028819191,424.83097342702,1.0449749425422,-0.36849618607306,2.8700546809819e-10
1.9,1615735777.3071,1572265779.9385,1593776528.6976,1036598141.0547,994047274.25091,1017799337.3043,0.083977448292488,0.038724986678459,-0.065754767911084,102527644.99714,360873249.78853,2.4090747249445e-05,2.85e-05,3.9158194828952e-05,1.0170712813683,1.4079927238071e-12,6.4382017769649e-19,0.025874892530888,1.7192378449772,0.024922860426768,0.017119179668679,0.058449460254945,0.018812645598558,488.17750597816,2.2286333447666,-0.33212523060923,0.51814191474136,427.69042249356,0.34349188027182,2.4279885647446,2.8710415827837e-10
1.95,1611764838.6865,1566941469.3966,1589192418.245,1032627202.4341,988722963.70906,1013215226.8517,0.083977448292488,0.038724986678459,-0.065754767911084,105411669.0458,352579270.29967,2.4791091120806e-05,2.925e-05,4.0232133123342e-05,1.0175647117201,1.4079927238071e-12,6.4382017769649e-19,0.025525200053403,2.6037496931872,0.0255838576543,0.017573772038567,0.059341090208369,0.019302743824164,489.64630224659,1.5509146323848,-0.4858448054472,0.72829032853855,428.11548116275,0.61217615095459,1.7951341650029,2.8726494478171e-10
2,1607743746.5162,1561614851.5767,1584588389.1716,1028606110.2638,983396345.88913,1008611197.7783,0.083977448292488,0.038724986678459,-0.065754767911084,108288721.09048,348639256.47189,2.5933561458842e-05,3e-05,4.1366706123096e-05,1.0180590908929,1.4079927238071e-12,6.4382017769649e-19,0.025605324981361,2.9106885793467,0.026233498771434,0.018017334881557,0.060227269200617,0.019792161364193,491.40462811936,2.3627307465536,-1.0678915898966,1.382722023813,429.63940961104,1.3799769640973,2.6147060236595,2.8753001817362e-10
2.05,1603775612.6963,1556415636.2976,1579919302.7877,1024637976.4438,978197130.61006,1003942111.3944,0.083977448292488,0.038724986678459,-0.065754767911084,111120215.60758,346668858.03017,2.6249915492913e-05,3.075e-05,4.2284761555718e-05,1.0185568363982,1.4079927238071e-12,6.4382017769649e-19,0.025705325895114,1.3779385902914,0.026898220448986,0.018476323342915,0.061025269734421,0.020282132921376,491.94225935096,-0.12493400917502,-0.25397253449341,0.31885064526367,427.94299561002,0.33566498489371,-0.15359755801926,2.8762039043021e-10
2.1,1599810547.7046,1551063581.8847,1575397425.4161,1020672911.4522,972845076.19715,999420234.02278,0.083977448292488,0.038724986678459,-0.065754767911084,113989500.55911,346286541.37514,2.7386334679915e-05,3.15e-05,4.3477775516331e-05,1.0190479550469,1.4079927238071e-12,6.4382017769649e-19,0.025535859705658,0.79850078964365,0.027541812826568,0.018915050861683,0.062110156227668,0.020770930451539,493.81928834865,2.7046073177435,-1.1494324460461,1.5172644225545,431.37884490907,1.3409697414445,2.9305214119979,2.8783401712505e-10
2.15,1595961893.4884,1546024606.8168,1570871590.0501,1016824257.2359,967806101.12922,994894398.65684,0.083977448292488,0.038724986678459,-0.065754767911084,116709787.17975,344220090.3729,2.7741868841188e-05,3.225e-05,4.4510427134754e-05,1.0195442796286,1.4079927238071e-12,6.4382017769649e-19,0.025530475088363,1.1314453216274,0.028204565039382,0.019372374478365,0.062813069980124,0.021260284449599,494.05260172023,1.5911285890503,-0.55180891627339,0.60775214891229,430.68998016332,0.38403170904785,1.7134465043995,2.8790128551343e-10
2.2,1592033925.4146,1540763640.0965,1566348405.083,1012896289.1622,962545134.40893,990371213.68969,0.083977448292488,0.038724986678459,-0.065754767911084,119508725.06753,343636668.26323,2.8793569204627e-05,3.3e-05,4.5487540075707e-05,1.020037532467,1.4079927238071e-12,6.4382017769649e-19,0.025582680249901,2.1956763536794,0.028856077767514,0.019818184933064,0.063657900305756,0.021748675859033,495.88614556253,2.6474810214032,-0.84413584301953,1.3357796793122,432.40306478413,0.9889206857102,2.7926229026862,2.8805866821794e-10
2.25,1588166592.4957,1535686417.1408,1561854215.2122,1009028956.2432,957467911.45318,985877023.81893,0.083977448292488,0.038724986678459,-0.065754767911084,122200189.8577,341897980.5668,2.9123525657552e-05,3.375e-05,4.6544838662615e-05,1.0205351997784,1.4079927238071e-12,6.4382017769649e-19,0.025652348731095,1.9917694242531,0.029516233128326,0.020273338346956,0.064618145978849,0.022237680772537,496.13347452647,0.55498870196529,-0.43932296529316,0.13855562457343,430.9921929879,0.44124073718734,0.82592036894504,2.8810817214063e-10
2.3,1584264528.764,1530430684.4978,1557453849.2087,1005126892.5115,952212178.81026,981476657.81538,0.083977448292488,0.038724986678459,-0.065754767911084,124938028.06322,341503890.136,2.9634469959109e-05,3.45e-05,4.8281713755831e-05,1.0210302031326,1.4079927238071e-12,6.4382017769649e-19,0.025620673684708,1.3195729311111,0.030172274131641,0.020724390532885,0.065572352589447,0.022725939321276,496.88750796849,1.2582158762301,-0.25759138791266,0.37706467979065,431.66757251974,0.041678371152781,1.3545942186962,2.8817683151865e-10
2.35,1580406459.1272,1525261304.4036,1553020985.935,1001268822.8747,947042798.71602,977043794.54168,0.083977448292488,0.038724986678459,-0.065754767911084,127602368.56163,340243831.61959,3.0789996086369e-05,3.525e-05,4.9346857587702e-05,1.0215216833171,1.4079927238071e-12,6.4382017769649e-19,0.025708475411341,2.0113717254701,0.030814051187651,0.021161810979703,0.066759961343079,0.023213469572184,498.64554758775,3.0095424614684,-0.97218682678441,1.4803401479997,434.44309540166,1.3573526258451,3.165448527427,2.8834176295185e-10
2.4,1576606260.2244,1520345366.2249,1548611375.5191,997468623.97194,942126860.53729,972634184.12581,0.083977448292488,0.038724986678459,-0.065754767911084,130153383.76645,335863457.59257,3.1320213854585e-05,3.6e-05,5.0240390742764e-05,1.0220197300646,1.4079927238071e-12,6.4382017769649e-19,0.025580380039703,2.4663544362244,0.031478287691979,0.021618858790328,0.067538785529729,0.023701410303531,499.78653268762,-0.55674415969523,-0.86834604335839,1.0424994433083,432.02045865648,1.0788907939203,-0.47309973898079,2.8841861463701e-10
2.45,1572766510.2298,1515267296.2153,1544216488.8697,993628873.97737,937048790.52767,968239297.47637,0.083977448292488,0.038724986678459,-0.065754767911084,132758948.54352,334900574.74757,3.1958238708582e-05,3.675e-05,5.1283281719769e-05,1.0225169126315,1.4079927238071e-12,6.4382017769649e-19,0.025807835852804,1.9262534799657,0.032132703061355,0.022070356628234,0.068529811831615,0.024189335072931,499.26908004102,-0.037273387825943,-0.1336991251381,0.15510931766765,432.05943539867,0.66160574351347,0.29589417745365,2.8845382515463e-10
2.5,1568885249.7137,1510127997.4725,1539926082.5178,989747613.46125,931909491.78491,963948891.1245,0.083977448292488,0.038724986678459,-0.065754767911084,135348177.07647,334072844.6647,3.2547088823691e-05,3.75e-05,5.3984153085259e-05,1.0230086404663,1.4079927238071e-12,6.4382017769649e-19,0.025672655314875,1.6548981117879,0.032791023244057,0.022522066000096,0.11727726589293,0.024676520437695,500.59543857666,1.4823169352102,-0.35691150884747,0.75186155073411,434.15080525199,0.71017441847257,1.5860287402103,2.8851161694808e-10
2.55,1565010489.8963,1505061972.0466,1535481471.2026,985872853.64382,926843466.35904,959504279.80935,0.083977448292488,0.038724986678459,-0.065754767911084,137853671.26771,332093353.2171,3.3036560794591e-05,3.825e-05,5.4057517490449e-05,1.023504139065,1.4079927238071e-12,6.4382017769649e-19,0.026440827526044,9.9385187824785,0.033443228492726,0.022970335210011,0.085210060062095,0.025163751793993,501.6511072992,0.30466529931883,-0.12187978236986,0.45028332940397,433.78242405041,0.44477884523719,0.44843448556267,2.8856427830687e-10
2.6,1561204934.6357,1500030692.4101,1531153533.3191,982067298.38327,921812186.72256,955176341.92579,0.083977448292488,0.038724986678459,-0.065754767911084,140337219.14541,330345921.73737,3.3781339268352e-05,3.9e-05,5.4843862016753e-05,1.024000712288,1.4079927238071e-12,6.4382017769649e-19,0.025879874699529,3.7415839018487,0.034095692001642,0.023417842419011,0.090670886332362,0.025650232264782,502.06021664856,0.50413309483532,0.17050214725923,1.0190317218608,433.69272583163,0.87616473834648,0.53220577380056,2.8859968634573e-10
2.65,1557387747.1216,1495112077.5507,1526858125.6792,978250110.86913,916893571.86307,950880934.28593,0.083977448292488,0.038724986678459,-0.065754767911084,142727930.71992,327324010.43214,3.4808412251334e-05,3.975e-05,5.5709441305911e-05,1.0244935844588,1.4079927238071e-12,6.4382017769649e-19,0.026046433057637,5.7584809499674,0.03474010606178,0.023858367156102,0.079892622356807,0.026136358643801,502.93761622295,2.3655963580039,-0.56907377527719,1.5364807567264,435.7713511587,1.2988581568815,2.4342672101628,2.8875675049028e-10
2.7,1553659491.6323,1490298207.3374,1522537495.7869,974521855.37981,912079701.6498,946560304.39357,0.083977448292488,0.038724986678459,-0.065754767911084,145095945.37797,324594744.85339,3.5892532113484e-05,4.05e-05,5.6592669442166e-05,1.0249885210702,1.4079927238071e-12,6.4382017769649e-19,0.025647794217635,1.1710918058912,0.035380262723108,0.024294361710882,0.077912184014088,0.026622099114941,504.26262161453,2.8693218357354,-1.1364748332752,1.75812675925,437.01526594531,1.8043388339512,3.1159740244302,2.8888635396452e-10
2.75,1550034687.1979,1485645023.823,1518340625.4663,970897050.94541,907426518.13546,942363434.07302,0.083977448292488,0.038724986678459,-0.065754767911084,147360419.34501,322621130.00788,3.6173857012909e-05,4.125e-05,5.7457796146674e-05,1.0254886642992,1.4079927238071e-12,6.4382017769649e-19,0.025962913045286,1.7799586836246,0.036043483800775,0.024753151679892,0.076414504947237,0.027108859248046,503.1345534586,0.66145650300107,-0.23534093020115,0.17148195619859,434.31025866191,0.31091113742972,0.84720082528438,2.8891028391202e-10
2.8,1546287899.4739,1480624489.5035,1514114226.7492,967150263.22146,902405983.81592,938137035.35589,0.083977448292488,0.038724986678459,-0.065754767911084,149765331.43547,321425808.16688,3.7200829749209e-05,4.2e-05,5.8398926401021e-05,1.0259766716903,1.4079927238071e-12,6.4382017769649e-19,0.025828499394747,1.55212230077,0.036682164388912,0.025188914383692,0.076302387857665,0.027594118766476,504.79524959113,3.3524457027486,-0.817056082755,1.2624050638751,437.94908715556,0.91646663354123,3.5092851137669,2.8898620341129e-10
2.85,1542773541.2202,1476038748.0364,1510046914.429,963635904.96773,897820242.34882,934069723.0357,0.083977448292488,0.038724986678459,-0.065754767911084,151953065.35861,318448980.46474,3.7595826206352e-05,4.275e-05,5.92854086127e-05,1.0264745436348,1.4079927238071e-12,6.4382017769649e-19,0.025318981688846,0.93787884207178,0.037339567215806,0.025642000377756,0.077174528758895,0.02808010380409,505.10594382232,0.47197559014119,-0.38903971582433,0.57804805281713,435.87041496193,0.27737797228213,0.63787756908283,2.8900667453486e-10
2.9,1539148043.8511,1471214977.1145,1505929011.7297,960010407.59866,892996471.42694,929951820.33646,0.083977448292488,0.038724986678459,-0.065754767911084,154215497.3951,317570982.75,3.8141887950223e-05,4.35e-05,6.0284966657728e-05,1.0269738339204,1.4079927238071e-12,6.4382017769649e-19,0.025628187788815,0.77409567221446,0.037991689203148,0.026089895144174,0.078125029271913,0.028565497863076,505.9665940923,-0.46533633368791,-0.34061125131397,0.77073189235483,434.86293918672,0.47537311248783,-0.40838601142815,2.8903726597858e-10
2.925,1537448492.5002,1468963854.7545,1504005736.5853,958310856.24769,890745349.0669,928028545.19201,0.083977448292488,0.038724986678459,-0.065754767911084,155296335.4576,316931440.61625,3.8534225517842e-05,4.3875e-05,6.0834305887103e-05,1.0272238790537,1.4079927238071e-12,6.4382017769649e-19,0.026026531456113,1.0541509203316,0.038318452744469,0.026314284178762,0.078615534949358,0.028808091157381,505.4845811053,-0.44824091886283,-0.078692066944332,0.62362659537119,434.07380838707,0.68886082859962,-0.90954259625796,2.8905434248489e-10
2.975,1533691729.2444,1464100729.7224,1499747871.2925,954554092.99193,885882224.03487,923770679.89923,0.083977448292488,0.038724986678459,-0.065754767911084,157495429.82233,315829469.48389,3.9052674050146e-05,4.4625e-05,6.6541814613679e-05,1.0277166158902,1.4079927238071e-12,6.4382017769649e-19,0.026446162974024,7.0945380714496,0.038974224834938,0.026764232058409,0.13802270145974,0.029292995749682,505.81910350278,0.96865110334508,-0.14830640915232,0.82935958368909,435.51582877983,0.37292708702561,0.65027840744193,4.1842635894263e-10
3.025,1529961782.1134,1459294375.1637,1495578842.9163,950824145.86098,881075869.47612,919601651.52306,0.083977448292488,0.038724986678459,-0.065754767911084,159606702.16623,314385125.20752,3.9754954482842e-05,4.5375e-05,6.8257133303878e-05,1.0282090453538,1.4079927238071e-12,6.4382017769649e-19,0.026588356178234,9.3378060230879,0.039621997213839,0.027208011472523,0.15053535128827,0.029777493382248,506.59691583624,1.4662656262081,-0.029384198331559,0.88463100987827,436.7738888131,0.50668123734887,1.4232832284111,4.6014073479129e-10
3.075,1526491290.4904,1454772944.0931,1491641060.6066,947353654.23793,876554438.40548,915663869.21336,0.083977448292488,0.038724986678459,-0.065754767911084,161649601.96824,312666062.1866,4.0176508433019e-05,4.6125e-05,6.760112916537e-05,1.0287058209429,1.4079927238071e-12,6.4382017769649e-19,0.025640281211766,7.6778822944062,0.040272995241546,0.027656252216675,0.11935121316361,0.030262374289837,506.9804650885,0.18604819519256,0.14026688588972,0.20700513107961,435.94184448304,0.10371683130989,0.4788540296142,4.6177983238927e-10
3.125,1522862999.3395,1450011074.5446,1487606362.2917,943725363.08699,871792568.85705,911629170.89843,0.083977448292488,0.038724986678459,-0.065754767911084,163726556.33004,311494753.23533,4.0727138448649e-05,4.6875e-05,6.8095085998449e-05,1.0291993108658,1.4079927238071e-12,6.4382017769649e-19,0.026355285464254,4.6564788507533,0.040916501572552,0.028098423456447,0.11450147528191,0.0307468167604,507.49054682285,0.22855524532926,0.030321243176743,0.30908362780301,436.47344054562,0.24645411883726,0.46149707424454,4.6200826678424e-10
3.175,1519425366.2523,1445464901.2555,1483740309.7704,940287729.99982,867246395.56794,907763118.37709,0.083977448292488,0.038724986678459,-0.065754767911084,165728193.65779,310492447.24642,4.1216083805416e-05,4.7625e-05,6.8933953552906e-05,1.0296946953068,1.4079927238071e-12,6.4382017769649e-19,0.025541654255626,1.8295505355882,0.041562107285493,0.028541702751156,0.11254773856068,0.031230770451656,507.5345553665,0.7421784266026,0.12975611688613,0.42857897183352,436.65295707963,-0.17050203211232,0.81992802166512,4.6213575359597e-10
3.225,1515967171.1955,1441012550.2371,1479889165.1934,936829534.94301,862794044.54947,903911973.80014,0.083977448292488,0.038724986678459,-0.065754767911084,167673974.34605,309451466.19952,4.1802117837897e-05,4.8375e-05,6.970272318116e-05,1.0301866604514,1.4079927238071e-12,6.4382017769649e-19,0.02564684522472,0.82229489204731,0.0422055310606,0.028983103112397,0.111423546936,0.031714549793771,508.29162347477,1.143607012294,-0.16082964284266,0.41150926240273,437.75887577295,0.36044088881632,1.5190190858074,4.622196190575e-10
3.275,1512594704.9389,1436629714.2101,1476090706.3799,933457068.68641,858411208.52255,900113514.98661,0.083977448292488,0.038724986678459,-0.065754767911084,169575758.83807,307579150.1043,4.2800077510965e-05,4.9125e-05,7.0387879447045e-05,1.0306894016255,1.4079927238071e-12,6.4382017769649e-19,0.025386443090617,0.88687677454137,0.042863661115238,0.029435271586769,0.11200073742458,0.032197189875139,507.66106976101,2.2755081035412,0.19130744309415,0.49620277822053,436.63903132336,0.71011806208886,2.5806229046612,4.6236016075562e-10
3.325,1508885576.1071,1431933145.586,1472025368.9715,929747939.8546,853714639.8984,896048177.5782,0.083977448292488,0.038724986678459,-0.065754767911084,171463080.7973,306814819.6954,4.337568833054e-05,4.9875e-05,7.1347641539727e-05,1.0311821522913,1.4079927238071e-12,6.4382017769649e-19,0.027441619746445,7.895726716575,0.04350492692352,0.029874739867269,0.10980595922693,0.032680577935049,508.80809260481,0.44443187698548,0.084706112497136,0.46784741780732,436.51292332542,0.60380524020916,0.62569183885122,4.623963916895e-10
3.375,1505418814.1302,1427490258.0575,1468194374.9943,926281177.87774,849271752.36987,892217183.60099,0.083977448292488,0.038724986678459,-0.065754767911084,173322501.89276,305793912.34929,4.4512873757174e-05,5.0625e-05,7.4204168877245e-05,1.0316795223115,1.4079927238071e-12,6.4382017769649e-19,0.025745233965315,3.4405991330913,0.044146704115151,0.030311911160975,0.11880805239642,0.033162732302204,509.45291887662,0.51155395975669,-0.58624373600502,1.3602498110086,436.46583192854,1.14845009767,0.57841945407728,4.625370569806e-10
3.425,1502114594.1657,1423315038.3218,1464432725.0602,922976957.91328,845096532.63421,888455533.66688,0.083977448292488,0.038724986678459,-0.065754767911084,175077403.7787,303158766.68931,4.4850235354338e-05,5.1375e-05,7.4276260525666e-05,1.0321717433706,1.4079927238071e-12,6.4382017769649e-19,0.026080309423454,2.8584341391845,0.044792497099072,0.03075720263344,0.11373258339511,0.03364606511733,509.03505471241,0.22716221615974,0.14151759428341,0.3165707309043,436.69263230259,0.46026948447502,0.39234335415873,4.6418652627551e-10
3.475,1498823893.3493,1419015090.809,1460786579.7527,919686257.09683,840796585.12137,884809388.35946,0.083977448292488,0.038724986678459,-0.065754767911084,176855540.39309,302537172.35238,4.5390512621301e-05,5.2125e-05,7.5064269135473e-05,1.0326653297578,1.4079927238071e-12,6.4382017769649e-19,0.025388164164512,1.3095424579739,0.045436813539426,0.031199848779839,0.11240525014615,0.034128858046671,509.79016343958,-0.50227427452688,0.064152051594241,0.21411863559695,436.69801969418,0.43459243238483,-0.36113876085785,4.6428012113493e-10
3.525,1495559346.5324,1414770410.6528,1457156346.6095,916421710.27992,836551904.96522,881179155.21617,0.083977448292488,0.038724986678459,-0.065754767911084,178593196.03254,301515801.5498,4.6475925070734e-05,5.2875e-05,7.5941738083661e-05,1.0331569826837,1.4079927238071e-12,6.4382017769649e-19,0.025388277288782,0.75539940181144,0.046070449299168,0.031631949682678,0.11137801211993,0.034610317713584,510.41436090115,2.6780168891698,-0.50028155259576,1.2277254638328,439.45093145813,0.8931970072507,2.7667758029627,4.6431596994344e-10
3.575,1492372520.7702,1410735198.3533,1453510352.7404,913234884.51773,832516692.66575,877533161.34714,0.083977448292488,0.038724986678459,-0.065754767911084,180230410.53634,299091107.25823,4.7011283190064e-05,5.3625e-05,7.6813239434808e-05,1.033653304698,1.4079927238071e-12,6.4382017769649e-19,0.025532187970701,1.9268808381414,0.046719481562328,0.032078549002548,0.11130493540499,0.035092570301858,510.56720675399,1.4009814454032,-0.32380619581149,0.80171035443122,438.27977605154,0.54029203080585,1.2387386222934,4.6432843254999e-10
3.625,1489086965.1845,1406529687.9955,1449844071.6737,909949328.93202,828311182.30789,873866880.28037,0.083977448292488,0.038724986678459,-0.065754767911084,181897958.6949,298346982.75168,4.7718118354698e-05,5.4375e-05,7.7750610181318e-05,1.034154978551,1.4079927238071e-12,6.4382017769649e-19,0.025839613924052,2.7103224500452,0.047368059315447,0.032521904072364,0.11100644558067,0.035573988777125,511.40224686752,-1.6328678402523,-0.28740745751993,0.96978410878129,435.47761222576,1.0541738502059,-1.9541777468514,4.6434585242874e-10
3.675,1485755117.1442,1402347926.6714,1446109519.167,906617480.89177,824129420.98384,870132327.77368,0.083977448292488,0.038724986678459,-0.065754767911084,183536913.53677,297605810.76102,4.8102902583802e-05,5.5125e-05,7.8602252728386e-05,1.0346449362617,1.4079927238071e-12,6.4382017769649e-19,0.026234250078827,5.8944712929482,0.048005556249721,0.032959728314668,0.11104348267652,0.036055568139284,510.53166964026,1.1963240387911,-0.099036610769501,0.57035715408747,437.97427295931,0.57973931681154,1.4622866711776,4.6436122843089e-10
3.725,1482601078.1881,1398301788.2168,1442571956.9623,903463441.93564,820083282.52919,866594765.56896,0.083977448292488,0.038724986678459,-0.065754767911084,185107792.36854,296462988.71115,4.8824374555631e-05,5.5875e-05,7.9505046363485e-05,1.0351382940057,1.4079927238071e-12,6.4382017769649e-19,0.025377573299101,3.5874927933203,0.048647126039353,0.033399889514627,0.11097636310964,0.0365367881637,511.12085337813,1.7993511622582,-0.12741696671013,0.59435063479737,438.70902607291,0.77892586468476,1.8996999862112,4.6437904787841e-10
3.775,1479392254.6552,1394211826.7194,1438981102.0543,900254618.40276,815993321.03182,863003910.661,0.083977448292488,0.038724986678459,-0.065754767911084,186666778.26467,295451158.20379,4.9884841565818e-05,5.6625e-05,8.0432732209831e-05,1.0356354995567,1.4079927238071e-12,6.4382017769649e-19,0.025798401527081,3.4703632021297,0.049283002225548,0.033832725851624,0.11042712900653,0.037017042666216,512.03982878571,1.190220200354,-0.61490886561142,1.40933151272,438.22893424618,1.3625867890321,1.1164492232972,4.644322000645e-10
3.825,1476253627.2843,1390288497.8277,1435412483.2391,897115991.03187,812069992.14012,859435291.84581,0.083977448292488,0.038724986678459,-0.065754767911084,188155358.02831,293294173.23716,5.0375725032885e-05,5.7375e-05,8.1306248678432e-05,1.0361304538047,1.4079927238071e-12,6.4382017769649e-19,0.026049831567404,1.4863385847125,0.049928343652972,0.034276031167633,0.11043497496964,0.037497865804072,511.72290860153,0.71694802277984,-0.56063822602487,0.88871859443915,437.62619042437,0.49074325369117,0.81419713975013,4.6445455808987e-10
3.875,1473131092.4959,1386313708.5539,1431899363.9285,893993456.24345,808095202.86636,855922172.53522,0.083977448292488,0.038724986678459,-0.065754767911084,189636500.86466,292405559.13236,5.0795758047856e-05,5.8125e-05,8.2252632293482e-05,1.036626999325,1.4079927238071e-12,6.4382017769649e-19,0.026004117727084,3.5121994073286,0.050571867761958,0.034718170591515,0.11063602885915,0.037978648249839,511.45551559373,-0.27668359641738,0.074786501741478,0.46034560163033,436.71797102516,0.30703903825533,0.13594339543009,4.644686329209e-10
3.925,1470040592.9657,1382349515.911,1428476502.2939,890902956.71321,804131010.22341,852499310.90064,0.083977448292488,0.038724986678459,-0.065754767911084,191103748.62497,291770856.79842,5.132829322294e-05,5.8875e-05,8.3119979790441e-05,1.037121814015,1.4079927238071e-12,6.4382017769649e-19,0.025883819900905,2.7592201462608,0.051213348530268,0.035158397480948,0.1107476368815,0.038459229289123,511.7536863183,-0.99202109557301,-0.018443644971025,0.27949240976161,436.2334440847,0.39548079854811,-0.96203598001098,4.6449170447182e-10
3.975,1467047352.523,1378514159.1726,1425152919.6198,887909716.27053,800295653.48505,849175728.22649,0.083977448292488,0.038724986678459,-0.065754767911084,192508162.20451,290839024.20931,5.2349651718227e-05,5.9625e-05,8.4100045321499e-05,1.0376141907243,1.4079927238071e-12,6.4382017769649e-19,0.025592876999443,1.2901725451593,0.051840105863572,0.035584650142444,0.11014818425419,0.038938237891319,512.09534021226,2.0641488622027,-0.6124879881458,1.3584387943157,438.84214503033,1.150827797215,2.3295085327772,4.6454036978829e-10
4.025,1464143482.6341,1374899887.6395,1421874811.1719,885005846.38164,796681381.95194,845897619.77865,0.083977448292488,0.038724986678459,-0.065754767911084,193818186.90813,289905301.76368,5.280743441469e-05,6.0375e-05,8.4965740443843e-05,1.0381127155812,1.4079927238071e-12,6.4382017769649e-19,0.025668502819465,0.8112194161479,0.052490323469075,0.036032116134305,0.11063274862205,0.039418416795594,511.31935672034,0.10384269862599,0.10785076611677,0.22206774970706,436.40666051468,0.055659070788408,0.22175953834687,4.6454786793085e-10
4.075,1461098759.0295,1371002791.6055,1418507747.6212,881961122.77701,792784285.91791,842530556.22791,0.083977448292488,0.038724986678459,-0.065754767911084,195195655.68076,289563406.86786,5.3466965564775e-05,6.1125e-05,8.6008738620965e-05,1.0386045086444,1.4079927238071e-12,6.4382017769649e-19,0.025985992255287,2.3992456067207,0.053127179270884,0.036468557631204,0.1476773819932,0.039897945566065,511.34775660569,1.3819310723117,-0.082947938856414,0.51543294007045,437.65917918743,0.48016460469826,1.5046939808302,4.6456513653558e-10
4.125,1458159788.25,1367286021.6406,1415260108.3682,879022151.9975,789067515.95297,839282916.97491,0.083977448292488,0.038724986678459,-0.065754767911084,196487413.3689,288907696.88312,5.3951941416351e-05,6.1875e-05,8.6962029316861e-05,1.0390996796486,1.4079927238071e-12,6.4382017769649e-19,0.025830806344682,10.218876432137,0.053767594365406,0.036907295853788,0.12402098968114,0.04037727705931,511.7311218523,0.96012233144364,0.062997423431651,0.64363937730046,437.07377805952,0.3165327226858,0.54979250132963,4.6457842174698e-10
4.175,1455233468.4707,1363506638.6185,1411997726.9458,876095832.21823,785288132.93094,836020535.55251,0.083977448292488,0.038724986678459,-0.065754767911084,197757711.8372,288300038.81708,5.509638148003e-05,6.2625e-05,8.7892321662412e-05,1.0395929790727,1.4079927238071e-12,6.4382017769649e-19,0.025934873278242,3.1446095801828,0.054396506961921,0.037335314659673,0.12093081995725,0.040855355233866,512.2052316822,2.1161706315571,-0.39403372483543,1.4322852120885,438.41114769418,1.1023082404221,2.1540302861019,4.6463319621892e-10
4.225,1452451607.0087,1360002161.6035,1408853163.9359,873313970.75621,781783655.91591,832875972.5426,0.083977448292488,0.038724986678459,-0.065754767911084,198954214.0441,287505466.82528,5.5424992090319e-05,6.3375e-05,8.8837437724435e-05,1.0400886493492,1.4079927238071e-12,6.4382017769649e-19,0.025725307566142,1.0045306374672,0.055041370294772,0.037779447096717,0.11640059332893,0.041334911121848,511.68185072145,0.64933932088383,-0.026705499642279,0.41737010471207,436.85246848632,0.40971760065287,0.52563061524667,4.6463459580437e-10
4.275,1449611161.01,1356325268.9249,1405699827.6805,870473524.75754,778106763.23733,829722636.28716,0.083977448292488,0.038724986678459,-0.065754767911084,200203143.82063,286964561.81181,5.6007340851523e-05,6.4125e-05,8.9766847834101e-05,1.0405817418663,1.4079927238071e-12,6.4382017769649e-19,0.025648935073923,3.9647814016742,0.055678702958111,0.038216116469698,0.11440257498653,0.041813262141283,512.30871058953,0.54428640958548,-0.038129808676945,0.6548740094481,437.18817814126,0.34673969259772,0.55014738754528,4.6465259447107e-10
4.325,1446871256.8999,1352838996.2424,1402636806.9755,867733620.64742,774620490.55486,826659615.58217,0.083977448292488,0.038724986678459,-0.065754767911084,201364584.59104,286282106.30262,5.7157896386693e-05,6.4875e-05,9.0760860587755e-05,1.0410730757554,1.4079927238071e-12,6.4382017769649e-19,0.025599246543046,2.2984734937272,0.05629769414977,0.038636142924383,0.1137049694461,0.042290461675663,512.84850483133,3.9676744187886,-0.68604114514614,1.550424217503,440.38298874625,1.4940813993057,4.1699621242346,4.6469909246207e-10
4.375,1444144769.4553,1349488738.4887,1399572873.26,865007133.20288,771270232.80107,823595681.86667,0.083977448292488,0.038724986678459,-0.065754767911084,202478543.37549,285233861.51436,5.7785411091477e-05,6.5625e-05,9.1769030938441e-05,1.0415703882687,1.4079927238071e-12,6.4382017769649e-19,0.025763808804722,1.9618921705153,0.056947825072789,0.039084217507248,0.1114487959977,0.042769382828162,512.22482954152,0.36362528166749,-0.24168695088863,0.3613203770855,437.0456446943,0.43673939612849,0.6938420678867,4.6471842534801e-10
4.425,1441366077.9261,1345900602.9178,1396496210.196,862228441.67363,767682097.23026,820519018.80273,0.083977448292488,0.038724986678459,-0.065754767911084,203657531.07285,285033686.17478,5.8258091952118e-05,6.6375e-05,9.2687150893918e-05,1.0420627419613,1.4079927238071e-12,6.4382017769649e-19,0.025704069024169,1.2255962703584,0.057582129735101,0.039518801770068,0.11192375638199,0.043247268948176,512.53858019697,0.9413586620477,-0.11291521883723,0.50835405158817,437.69865580662,0.50166994609594,1.0432398369518,4.6472618172262e-10
4.475,1438690982.6625,1342481666.72,1393516683.7448,859553346.41008,764263161.0324,817539492.35147,0.083977448292488,0.038724986678459,-0.065754767911084,204766462.79085,284277236.05941,5.8789854428493e-05,6.7125e-05,9.3726762672215e-05,1.0425583492588,1.4079927238071e-12,6.4382017769649e-19,0.025407368354396,0.76961896270144,0.058221800259433,0.039957469596384,0.12555532832365,0.043724877915492,512.53486733798,0.87592169339816,0.077478507710016,0.52608476755461,437.09588523798,0.7038709694138,0.89048876635517,4.6473630751286e-10
4.525,1435983025.1683,1339096477.0104,1390525872.993,856845388.91582,760877971.32283,814548681.59973,0.083977448292488,0.038724986678459,-0.065754767911084,205845331.48583,283771225.70916,5.9787106183072e-05,6.7875e-05,9.4616258463291e-05,1.0430548059064,1.4079927238071e-12,6.4382017769649e-19,0.026121528545071,6.324810712174,0.058859126740571,0.040394012800592,0.11359522888057,0.044202478909492,512.45342023498,0.64198359837602,0.2369668076307,0.33315007443202,436.42334505724,0.542416998643,0.55930814041333,4.6474702456605e-10
4.575,1433266550.4067,1335711309.5537,1387510811.5032,854128914.15421,757492803.86609,811533620.10992,0.083977448292488,0.038724986678459,-0.065754767911084,206908029.04817,283344414.54824,6.0269670214002e-05,6.8625e-05,9.5735898874171e-05,1.0435527839937,1.4079927238071e-12,6.4382017769649e-19,0.026431444344646,5.7540031642635,0.059498129667501,0.040831110230005,0.11465838984423,0.044679358935499,512.91557554362,-1.068751638783,0.23109534050037,0.61435131569903,434.53884982119,0.55646116516263,-1.2092802363694,4.6475433548684e-10
4.625,1430456959.8782,1332289287.9904,1384448458.3268,851319323.62578,754070782.3028,808471266.93352,0.083977448292488,0.038724986678459,-0.065754767911084,207940719.68648,282851375.65709,6.086592281998e-05,6.9375e-05,9.671691821663e-05,1.0440498122778,1.4079927238071e-12,6.4382017769649e-19,0.02695218700379,7.8590738205051,0.060134257645403,0.041268027843077,0.11545278512508,0.045156585647425,511.59762818104,-1.3923814369257,0.40664047242861,0.08706173749077,433.61749867889,0.33015950056023,-1.0861958331263,4.6476577223683e-10
4.675,1427800356.306,1328956011.7149,1381534020.4592,848662720.05355,750737506.02733,805556829.0659,0.083977448292488,0.038724986678459,-0.065754767911084,208942703.82459,282818487.70236,6.1420357718354e-05,7.0125e-05,9.7710044056768e-05,1.0445367930518,1.4079927238071e-12,6.4382017769649e-19,0.026036050120413,3.0311263140645,0.060760488724465,0.04169645041053,0.11682180437256,0.045633153261164,512.02644910403,0.43570987277704,0.13219292947247,0.43380355213367,436.10730227188,0.56105796362957,0.73589317391942,4.6477958330277e-10
4.725,1425313229.1068,1325802324.1083,1378743470.9824,846175592.85434,747583818.42076,802766279.58913,0.083977448292488,0.038724986678459,-0.065754767911084,209906212.34021,282725432.99718,6.2032615982027e-05,7.0875e-05,9.86658487634e-05,1.0450282298673,1.4079927238071e-12,6.4382017769649e-19,0.025157450705036,0.58889863573171,0.061392493307388,0.042129092861866,0.11811163725847,0.046109477134424,512.44402026261,0.39708896240932,0.03856658792413,0.61982381804234,436.45063685477,0.48957668027368,0.42416396693035,4.6479376645398e-10
4.775,1422818460.6728,1322677856.0888,1375995510.1714,843680824.42033,744459350.4012,800018318.7781,0.083977448292488,0.038724986678459,-0.065754767911084,210847119.33749,282274170.34165,6.2477058869957e-05,7.1625e-05,9.9593300827444e-05,1.0455258600409,1.4079927238071e-12,6.4382017769649e-19,0.025346325460273,0.94067853150424,0.062028373669302,0.042564349208879,0.11911596753928,0.046586196583858,512.49341007308,-1.228814996764,-0.33646149821901,0.21870863567932,434.55743560935,0.47603955272528,-1.088022079383,4.648059632769e-10
4.825,1420143611.7452,1319350066.6459,1373145661.0584,841005975.49278,741131560.95831,797168469.66514,0.083977448292488,0.038724986678459,-0.065754767911084,211797413.45236,282022561.09125,6.2995175695493e-05,7.2375e-05,0.00010061200694272,1.046015533796,1.4079927238071e-12,6.4382017769649e-19,0.026178135826578,4.7959144144517,0.062657540951725,0.042995650729599,0.12025785313952,0.047062357109789,512.18044729759,-0.23809822592129,0.093602278128111,0.22641770863468,435.73160098047,0.25573536908782,0.034371027631528,4.6481669963015e-10
4.875,1417707730.5793,1316280244.5369,1370486601.9353,838570094.32684,738061738.84931,794509410.54199,0.083977448292488,0.038724986678459,-0.065754767911084,212701751.98529,281841917.46778,6.3537855638594e-05,7.3125e-05,0.00010151741136624,1.0465092419103,1.4079927238071e-12,6.4382017769649e-19,0.025200607273014,1.0467483650284,0.063289221431823,0.043428225381341,0.12126013382427,0.047538359235353,512.42253038229,-0.57389369709156,-0.037827479965167,0.13268958142769,435.2723758073,0.26740486902269,-0.55329724274347,4.6483076684461e-10
4.925,1415292899.0529,1313221310.0453,1367835115.421,836155262.80048,735002804.35772,791857924.02774,0.083977448292488,0.038724986678459,-0.065754767911084,213588845.37453,281553925.00938,6.409539495839e-05,7.3875e-05,0.00010253003455956,1.0469989654163,1.4079927238071e-12,6.4382017769649e-19,0.025430004577438,1.0921941068544,0.063916192271197,0.043857149245254,0.12250945913849,0.048013781460275,512.51893202121,0.82187496929522,-0.24972593522893,0.4502891322648,436.7642074781,0.33170292179741,0.81082034473993,4.6485335798087e-10
4.975,1412939770.4672,1310265402.0066,1365217655.8408,833802134.21471,732046896.31898,789240464.44749,0.083977448292488,0.038724986678459,-0.065754767911084,214436069.18543,281319443.68932,6.4729745617502e-05,7.4625e-05,0.0001035661909404,1.0474925082938,1.4079927238071e-12,6.4382017769649e-19,0.025226344191862,1.4736339117752,0.06454750827293,0.044289413584851,0.12389200123542,0.048488769078127,512.43504016462,0.82678825306327,-0.0480765587659,0.36190467833475,436.68635697906,0.29665085020665,1.1214887137908,4.6487329933523e-10
5.025,1410615976.3049,1307409053.4478,1362652771.5321,831478340.05241,729190547.76022,786675580.13878,0.083977448292488,0.038724986678459,-0.065754767911084,215247548.43179,280832746.26473,6.5873024046184e-05,7.5375e-05,0.00010458413082279,1.0479882276113,1.4079927238071e-12,6.4382017769649e-19,0.02554483231169,0.94125563250295,0.06517303761753,0.044714369657887,0.12522751731668,0.048962562519401,512.5301556607,1.2400139707392,-0.50039742408851,1.3324631754324,436.4877149261,1.1555292423474,1.1569647858207,4.6490806416872e-10
5.075,1408290111.0034,1304597812.2248,1360057543.8135,829152474.75094,726379306.53717,784080352.42023,0.083977448292488,0.038724986678459,-0.065754767911084,216037768.42386,280422795.28292,6.6227614828042e-05,7.6125e-05,0.00010540359565967,1.0484829383258,1.4079927238071e-12,6.4382017769649e-19,0.025731607967348,0.51289823934257,0.065807734501272,0.045149892353159,0.13216353001159,0.049437896459002,512.59560273159,-0.29935034134005,-0.13720236792326,0.59262451432114,435.13465667868,0.51813186159432,-0.50365044114895,4.6492414964778e-10
5.125,1405959629.7684,1301705996.6207,1357491450.652,826821993.51596,723487490.93312,781514259.25876,0.083977448292488,0.038724986678459,-0.065754767911084,216838352.49824,280227010.00169,6.6766981051124e-05,7.6875e-05,0.00010632385036399,1.0489792349825,1.4079927238071e-12,6.4382017769649e-19,0.025721899558657,6.8989285035985,0.066438639090468,0.045581766861202,0.12744887666874,0.049912671744495,512.99158404823,-1.4600365332675,-0.56431058830807,0.54692044814972,433.9233177157,1.0162955398146,-1.312022357333,4.6493369295153e-10
5.175,1403592574.4925,1298788148.5022,1354874820.6133,824454938.24008,720569642.81458,778897629.22001,0.083977448292488,0.038724986678459,-0.065754767911084,217632211.01611,280037357.91706,6.735701685256e-05,7.7625e-05,0.00010726261866627,1.0494702349606,1.4079927238071e-12,6.4382017769649e-19,0.026203200964443,2.7137782429365,0.067065663104128,0.046010780440371,0.12846049381458,0.050386915403417,512.1210686995,0.025481577425984,-0.072881191629036,0.55267759181105,434.92773598677,0.71336260312219,0.38674968653596,4.6494467609222e-10
5.225,1401264998.5629,1295933666.6385,1352289681.7161,822127362.31041,717715160.9509,776312490.32284,0.083977448292488,0.038724986678459,-0.065754767911084,218389465.78186,279840794.50002,6.7885754228922e-05,7.8375e-05,0.00010812365919904,1.0499611559664,1.4079927238071e-12,6.4382017769649e-19,0.025671414658956,2.2626333215651,0.06769377091463,0.046440777850488,0.12951234730907,0.050861257252077,512.16065203255,-0.10771396579516,-0.11152368700613,0.33690379146594,434.97781688834,0.44466972714965,0.038821501702197,4.6495881434386e-10
5.275,1399025497.5542,1293158978.8129,1349825963.4068,819887861.30174,714940473.12531,773848772.01348,0.083977448292488,0.038724986678459,-0.065754767911084,219131979.73555,279669399.98296,6.8445795125258e-05,7.9125e-05,0.00010909774582607,1.0504525636054,1.4079927238071e-12,6.4382017769649e-19,0.025385419858498,2.6019039366049,0.068320971471827,0.046870072981031,0.13059849102581,0.051335134761996,512.17675866402,0.38225973861164,-0.12372050394915,0.42646814374804,435.31689783587,0.46683979914805,0.30626970697942,4.6497545465499e-10
5.325,1396841708.4013,1290454841.0525,1347416777.8282,817704072.14885,712236335.36488,771439586.43489,0.083977448292488,0.038724986678459,-0.065754767911084,219850340.25696,279478617.17878,6.9051158868801e-05,7.9875e-05,0.00011006140644265,1.0509462946665,1.4079927238071e-12,6.4382017769649e-19,0.025355028020649,1.2820959370988,0.068951287667936,0.047301744167849,0.13152929331798,0.051808992813847,512.23837575998,-0.68847366188818,0.12772232375156,0.14034954383885,434.52078302776,0.6214505598312,-0.30566504008098,4.6498657086089e-10
5.375,1394668055.539,1287770313.3169,1345020190.7942,815530419.2865,709551807.62927,769042999.40094,0.083977448292488,0.038724986678459,-0.065754767911084,220555447.0097,279277289.85302,6.9818997554907e-05,8.0625e-05,0.00011111852257529,1.0514389886865,1.4079927238071e-12,6.4382017769649e-19,0.025636306829348,3.2214745149663,0.069579141314599,0.047731292621001,0.21538972079448,0.052282080344655,511.67446553852,1.0039902777359,-0.098033913467105,0.58785204249069,435.10272391717,0.58032893477484,1.0798080182914,4.650030884903e-10
5.4,1393808609.433,1286731135.6771,1344070740.8807,814670973.18054,708512629.98953,768093549.48741,0.083977448292488,0.038724986678459,-0.065754767911084,220835318.35681,279166722.96456,7.0091263473354e-05,8.1e-05,0.0001116397398935,1.0516899446987,1.4079927238071e-12,6.4382017769649e-19,0.02629388438153,18.240905646487,0.06989632088987,0.047948741148072,0.16024417959647,0.052519002806776,511.62545252281,-0.82465702872541,0.28696879361527,0.024016166502956,433.08606904081,0.30579611396421,-0.91051784023205,4.6500796810753e-10
5.45,1391606109.5078,1284022941.95,1341635898.4066,812468473.25537,705804436.26242,765658707.01334,0.083977448292488,0.038724986678459,-0.065754767911084,221528275.21722,278877686.23427,7.1246634420017e-05,8.175e-05,0.00011280134637227,1.0521816046354,1.4079927238071e-12,6.4382017769649e-19,0.026426388908159,15.95719040014,0.070512228447748,0.048366336228709,0.15864751508396,0.052990492064002,511.75432153894,0.85236803291426,-0.44124096921849,1.335781773829,434.60060089776,1.1672963491083,0.87182879740239,4.6500853887721e-10
5.5,1389483965.4968,1281517632.0772,1339307306.0914,810346329.24437,703299126.38961,763330114.69817,0.083977448292488,0.038724986678459,-0.065754767911084,222163594.5129,278509182.6173,7.1856321629706e-05,8.25e-05,0.00011365145906213,1.0526743145134,1.4079927238071e-12,6.4382017769649e-19,0.025730623220323,1.8282500251805,0.071142818944212,0.048798554356717,0.15922966675294,0.053463355936079,511.70426084845,0.1348116822565,-0.41236878107424,0.78940238150185,433.94893915837,0.4049039969587,0.15771380579856,4.6501280130438e-10
5.55,1387314696.873,1278908892.2872,1336951424.4414,808177060.62056,700690386.59957,760974233.04809,0.083977448292488,0.038724986678459,-0.065754767911084,222816346.51418,278333477.93712,7.2315598333142e-05,8.325e-05,0.0001147238080383,1.053165690749,1.4079927238071e-12,6.4382017769649e-19,0.025862345203483,3.5407761054298,0.071768205411415,0.049226714649995,0.15622707194441,0.053936107639023,511.3283343516,0.031348592365764,0.11417337168753,0.34011297167194,433.83066455445,0.02086444514659,0.10878755416063,4.6502436251347e-10
5.6,1385239741.4394,1276359361.082,1334677041.9993,806102105.18696,698140855.39442,758699850.60605,0.083977448292488,0.038724986678459,-0.065754767911084,223449234.66342,278140669.99178,7.2873171112583e-05,8.4e-05,0.00011560636040473,1.0536571597161,1.4079927238071e-12,6.4382017769649e-19,0.025537757131228,1.5826717363865,0.072392708600665,0.049653910306443,0.15513441620472,0.054408667234321,511.65199648313,-0.074894186541033,-0.086505243990024,0.43840507299157,433.92300116725,0.4891520361214,-0.042094423676271,4.6504391107415e-10
5.65,1383184491.6483,1273848825.229,1332435092.6117,804046855.39587,695630319.54138,756457901.21839,0.083977448292488,0.038724986678459,-0.065754767911084,224071209.58044,277976177.66566,7.3424321003491e-05,8.475e-05,0.00011648948390657,1.0541477237334,1.4079927238071e-12,6.4382017769649e-19,0.025484548936028,3.4637048623778,0.073017379077186,0.05008120928348,0.15535746729739,0.054880864631413,511.59841494959,-0.39224917069067,0.046657718833638,0.44598247768363,434.00316176185,0.47779993151562,-0.23622890287272,4.6505856547256e-10
5.7,1381174300.1861,1271397390.207,1330238364.1419,802036663.93359,693178884.51938,754261172.74858,0.083977448292488,0.038724986678459,-0.065754767911084,224671107.66741,277775303.61018,7.4201076699748e-05,8.55e-05,0.00011735048017753,1.0546389192873,1.4079927238071e-12,6.4382017769649e-19,0.025314772976934,1.7716738451692,0.073639846034765,0.050506277307295,0.15531618551886,0.055352459148274,511.74671467071,0.47401712004506,-0.12826932270544,0.70654726147695,434.5520548992,0.54821781894888,0.3361044571295,4.6507454861822e-10
5.75,1379176931.2142,1268988440.3581,1328047683.0454,800039294.96178,690769934.67054,752070491.65207,0.083977448292488,0.038724986678459,-0.065754767911084,225250808.66082,277572099.14152,7.4941604200286e-05,8.625e-05,0.00011827834370022,1.055133810273,1.4079927238071e-12,6.4382017769649e-19,0.025399374690488,0.79192188554363,0.074268389312517,0.050936222375071,0.15545706143643,0.055824085317639,511.59736264659,-0.4288715161531,-0.082925683143578,0.6019929258249,433.44364663173,0.82346151112757,-0.4533153913373,4.6508951964421e-10
5.8,1377176313.9462,1266564536.9157,1325865191.7076,798038677.69373,688346031.22807,749888000.31428,0.083977448292488,0.038724986678459,-0.065754767911084,225823701.21719,277180030.59402,7.56294713002e-05,8.7e-05,0.00011926644543238,1.0556235660567,1.4079927238071e-12,6.4382017769649e-19,0.025739164567269,3.743399148078,0.074889179210741,0.051360677270376,0.15484539099611,0.056295225200442,511.44451382866,0.4123199899478,0.017597111199369,0.74122962693384,434.20389095203,0.68804165700637,0.40502791552969,4.6511112755037e-10
5.85,1375249440.9409,1264272707.8118,1323761595.117,796111804.6884,686054202.1242,747784403.72376,0.083977448292488,0.038724986678459,-0.065754767911084,226364341.36459,276611918.16049,7.6658204938274e-05,8.775e-05,0.00012021167918174,1.056116320521,1.4079927238071e-12,6.4382017769649e-19,0.025326147730644,0.79269128525294,0.075498868690115,0.051773538116931,0.15519262516272,0.05676476154753,511.40079247458,2.8033097412441,-0.38311430028793,1.4191285128241,435.79178463287,1.372221511507,3.0392206016263,4.6512184291054e-10
5.9,1373302197.4779,1262019246.9346,1321622262.588,794164561.22543,683800741.24703,745645071.19475,0.083977448292488,0.038724986678459,-0.065754767911084,226888573.33544,276180683.5706,7.7065916768735e-05,8.85e-05,0.00012131326121185,1.0566111668891,1.4079927238071e-12,6.4382017769649e-19,0.02586692413435,1.5094242184843,0.07613544980334,0.052210886732551,0.14861453052584,0.057236463415016,510.75563832996,-0.63662307132936,0.19596976223467,0.39460291305469,432.63073168729,0.43923295882992,-0.5946948450185,4.6512480747338e-10
5.95,1371411282.3316,1259728506.6167,1319564178.2826,792273646.07912,681510000.92913,743586986.8893,0.083977448292488,0.038724986678459,-0.065754767911084,227421374.65448,275925052.56963,7.8135387085238e-05,8.925e-05,0.00012218105527581,1.0571026733557,1.4079927238071e-12,6.4382017769649e-19,0.025567067674437,2.7402245796123,0.07674972252913,0.052627325259111,0.14957661674536,0.057705592277909,511.26731447145,0.41177743326932,-0.31385491191607,1.4097489292517,433.62693049198,1.1625461254513,0.60164515462376,4.6515285388387e-10
6,1369524754.6802,1257542360.1082,1317506783.2427,790387118.42775,679323854.42062,741529591.84942,0.083977448292488,0.038724986678459,-0.065754767911084,227920607.61509,275540067.36829,7.850918511526e-05,9e-05,0.00012334226837241,1.0575949800667,1.4079927238071e-12,6.4382017769649e-19,0.025570496177508,0.6693626148437,0.077375966629199,0.05305691227553,0.151563333956,0.058176462441729,510.4018813953,0.78387687710749,0.33681053764671,0.49067550434208,433.22786715504,0.29846946098575,0.92045124077158,4.6515433916394e-10
6.05,1367633758.435,1255295538.551,1315454839.3682,788496122.18254,677077032.8634,739477647.97492,0.083977448292488,0.038724986678459,-0.065754767911084,228426108.44126,275417577.68951,7.9394899199451e-05,9.075e-05,0.00012419324426428,1.0580857199537,1.4079927238071e-12,6.4382017769649e-19,0.025619524986676,1.8527494473408,0.077991201914933,0.053474602739929,0.15126419761618,0.05864569111818,511.20592766352,1.2221875510035,-0.26529787427218,1.0959626438187,434.0125177192,0.91570090251255,1.3302889329398,4.6516260606233e-10
6.1,1365718395.511,1253079281.601,1313380526.8901,786580759.25853,674860775.91342,737403335.49677,0.083977448292488,0.038724986678459,-0.065754767911084,228915653.14521,275105417.0146,7.9996353752971e-05,9.15e-05,0.00012491156670496,1.0585820252732,1.4079927238071e-12,6.4382017769649e-19,0.025685719606916,2.044903500346,0.078620457477565,0.053904307730401,0.15154613493284,0.05911548546962,511.05275337874,-0.99572551538803,-0.24465866974124,1.0375586905641,431.62576711931,1.0500342905565,-1.0801361563119,4.6812947776114e-10
6.15,1363754229.8207,1250787128.1632,1311216241.2042,784616593.56824,672568622.47565,735239049.8109,0.083977448292488,0.038724986678459,-0.065754767911084,229408662.61973,293240225.92431,8.0944570653949e-05,9.225e-05,0.00012589043301406,1.0590705428679,1.4079927238071e-12,6.4382017769649e-19,0.026184754784672,2.5652708742939,0.079228699837064,0.054317074653377,0.15207138198755,0.059583843726938,510.58627734018,2.263820228257,-0.60187006988299,1.5124743163891,434.22914312184,1.2591803532869,2.3578760011154,4.6815187308151e-10
6.2,1361936075.9969,1248709175.8479,1309237416.6628,782798439.74442,670490670.16035,733260225.26948,0.083977448292488,0.038724986678459,-0.065754767911084,229860368.76546,293238983.32841,8.1513041532729e-05,9.3e-05,0.00012665970756766,1.059568065787,1.4079927238071e-12,6.4382017769649e-19,0.025554998869115,1.1967833568959,0.079860825946222,0.054750744495844,0.15261188740001,0.060053640088132,510.080311799,0.54100424322574,-0.1186566214204,0.48071011383677,431.63904857454,0.26948537397873,0.35671700001392,4.6816344671965e-10
6.25,1359916740.9886,1246355301.7115,1307107159.6918,780779104.73611,668136796.02389,731129968.29852,0.083977448292488,0.038724986678459,-0.065754767911084,230344658.79776,293229415.29309,8.2070601838462e-05,9.375e-05,0.00012766861056847,1.0600635005478,1.4079927238071e-12,6.4382017769649e-19,0.026565826133448,3.7649861691328,0.080483843337888,0.055175103281524,0.15187193001584,0.060522569791931,510.57951935265,-1.7746472107528,-0.042125816379543,0.93116491238437,429.55694327318,0.80611040222783,-1.8375892250937,4.6818213830026e-10
6.3,1357959576.6912,1244122206.8209,1305023290.885,778821940.43871,665903701.13336,729046099.49172,0.083977448292488,0.038724986678459,-0.065754767911084,230805990.35284,293210731.76505,8.2478358478807e-05,9.45e-05,0.00012842623501882,1.0605508972448,1.4079927238071e-12,6.4382017769649e-19,0.026435747707137,2.3741559569316,0.081099021325551,0.055596423888427,0.15225067756653,0.060992232237835,509.63557773852,-0.54281843773116,0.044043587711267,0.32523956900133,430.98084645361,0.22727966069421,-0.24396451462828,4.6819034927458e-10
6.35,1356122966.5278,1241962015.6462,1303059783.8464,776985330.27535,663743509.95863,727082592.45309,0.083977448292488,0.038724986678459,-0.065754767911084,231263324.93669,293189817.22774,8.3119150878186e-05,9.5296418940499e-05,0.00012936151300528,1.0610379006167,1.4079927238071e-12,6.4382017769649e-19,0.025491272861858,2.6097009584207,0.08171514802556,0.05601632911412,0.15549313158549,0.061460642891914,510.10497566484,-0.017286566135295,-0.26068129421919,0.7218587111974,432.08230127959,0.5321969428358,0.0057472042435098,4.6820676500252e-10
6.4,1354384299.4942,1239933676.5441,1301176665.0199,775246663.24172,661715170.85648,725199473.62661,0.083977448292488,0.038724986678459,-0.065754767911084,231699168.20528,293041278.11419,8.353366996789e-05,9.6e-05,0.00013029565147999,1.0615299686184,1.4079927238071e-12,6.4382017769649e-19,0.025286434464215,2.6650237485815,0.082335303529643,0.056440705784837,0.15563361742911,0.061929797626448,509.72810862988,-0.15864979544708,-0.27493613037856,0.49908193813862,431.37444460018,0.31534778678589,-0.16020113140177,4.6821807426806e-10
6.45,1352612995.2849,1237842229.116,1299272965.0052,773475359.03244,659623723.42838,723295773.61191,0.083977448292488,0.038724986678459,-0.065754767911084,232134795.7205,300017937.59859,8.4045512752625e-05,9.675e-05,0.0001310927795738,1.0620185276898,1.4079927238071e-12,6.4382017769649e-19,0.025551299432515,1.3838880356616,0.082951160317559,0.056861365116507,0.15638666905357,0.062398468669709,509.85350023619,-0.62064939745657,-0.060397159371281,0.3103130000626,431.64451826835,0.40388840932522,-0.45336531827062,4.6823080637804e-10
6.5,1350921490.068,1235857889.0923,1297447350.8316,771783853.81557,657639383.4047,721470159.43835,0.083977448292488,0.038724986678459,-0.065754767911084,232547129.72791,294991178.6646,8.5140544456477e-05,9.75e-05,0.00013215577752143,1.0625099810376,1.4079927238071e-12,6.4382017769649e-19,0.025178501413306,0.88495690719863,0.083560390180256,0.057273928527593,0.15867169931877,0.062864864388149,509.99507867272,0.59600159232422,-0.59941369776851,1.3809341797582,432.3855233985,1.2930628356855,0.67187092268774,4.6827248049221e-10
6.55,1349249213.9281,1233968004.5429,1295630679.1622,770111577.67561,655749498.85536,719653487.7689,0.083977448292488,0.038724986678459,-0.065754767911084,232933574.74485,292773684.97473,8.5541393874891e-05,9.825e-05,0.00013311588041669,1.0629991260602,1.4079927238071e-12,6.4382017769649e-19,0.025487668001902,0.70123678256867,0.084181554899424,0.057699761390106,0.15895840219912,0.063333740032269,509.62360848287,-0.1442019210465,-0.037310980013843,0.59380135256695,431.871714382,0.58588797943873,0.08420076643252,4.6828913648403e-10
6.6,1347588450.0723,1232004609.1979,1293827662.5439,768450813.81981,653786103.51033,717850471.15066,0.083977448292488,0.038724986678459,-0.065754767911084,233336939.6298,292327816.58953,8.600494415541e-05,9.9e-05,0.00013388418912646,1.0634888415277,1.4079927238071e-12,6.4382017769649e-19,0.025176852811975,0.5790843764854,0.084797305414887,0.058120286963177,0.15959295370603,0.063801487126966,509.60221890396,0.061573998987778,-0.15654589731667,0.44712499946291,432.16775464689,0.34996763895725,0.27674314528676,4.682942214951e-10
6.65,1345941998.7754,1230078539.206,1292030857.1658,766804362.52293,651860033.51844,716053665.77254,0.083977448292488,0.038724986678459,-0.065754767911084,233723050.98752,292007211.60359,8.7071381697452e-05,9.975e-05,0.00013489123117756,1.0639796424383,1.4079927238071e-12,6.4382017769649e-19,0.025208460798128,0.55666244884583,0.085404069874796,0.058531120033033,0.16194400412915,0.06426720983574,509.83695362158,1.6501358490883,-0.57232962927466,1.3953197510298,433.34573495238,1.2960054101106,1.9016384236698,4.6832564256326e-10
6.7,1344305503.1935,1228225283.496,1290236378.3234,765167866.94104,650006777.80845,714259186.93012,0.083977448292488,0.038724986678459,-0.065754767911084,234086351.83457,291527407.78191,8.7715796696201e-05,0.0001005,0.00013575534217234,1.0644744325403,1.4079927238071e-12,6.4382017769649e-19,0.025498435652426,1.0356930875099,0.086028973589787,0.058959068028457,0.16200399550541,0.064735179626233,509.51143875929,-1.1538135296273,-0.27727763521624,0.51590151024379,430.5222661956,0.75249622305598,-0.91712598578999,4.6832885272482e-10
6.75,1342635833.0289,1226283258.1738,1288440575.9888,763498196.77648,648064752.48624,712463384.59556,0.083977448292488,0.038724986678459,-0.065754767911084,234465183.85454,290995252.56321,8.822023446867e-05,0.00010125,0.00013665130004926,1.064964490247,1.4079927238071e-12,6.4382017769649e-19,0.025648516181451,1.579110241699,0.086641460812165,0.059376530325128,0.1628541987706,0.065202212663404,509.05788197179,-0.21288621587408,-0.41028530839046,0.48462941907603,430.88568266797,0.49328109440559,-0.27753631350214,4.6834980803879e-10
6.8,1340993055.9016,1224387420.5484,1286674316.5954,761855419.64918,646168914.86077,710697125.20212,0.083977448292488,0.038724986678459,-0.065754767911084,234825550.25949,290937693.59189,8.9038545868273e-05,0.000102,0.000137570474933,1.0654516535796,1.4079927238071e-12,6.4382017769649e-19,0.025338911051118,0.89308694119539,0.087250984153645,0.059790815481846,0.16446596678908,0.065668057111528,509.23191842581,0.90829314817585,-0.53980435255032,1.2016702174644,432.34385168299,0.81271615145155,1.0466142971499,4.6836162435629e-10
6.85,1339425259.6075,1222604218.8667,1284974324.4743,760287623.35505,644385713.17915,708997133.08098,0.083977448292488,0.038724986678459,-0.065754767911084,235167656.80231,290684230.00635,8.9479053759143e-05,0.00010275,0.00013831887964708,1.0659439835026,1.4079927238071e-12,6.4382017769649e-19,0.025136396619209,1.2242999874425,0.08786944030912,0.060213477353099,0.16520146893811,0.066134630635225,509.14455838561,0.14864377752337,-0.14996769413062,0.84085389071757,431.24383920799,0.51443425059712,0.19920654231524,4.6836590418611e-10
6.9,1337813759.6288,1220745761.5243,1283226288.6326,758676123.37635,642527255.83672,707249097.23932,0.083977448292488,0.038724986678459,-0.065754767911084,235515165.69656,290585891.31807,8.9884521159939e-05,0.0001035,0.000139229630323,1.0664360480347,1.4079927238071e-12,6.4382017769649e-19,0.025678603648252,3.9898375791967,0.088485180387378,0.060633978294065,0.166068119914,0.066601583091053,508.68363964002,-0.69729043177526,-0.028849553291084,0.53526595706066,430.17465812246,0.57845513803258,-0.46971966470046,4.6837465687985e-10
6.95,1336217976.0099,1218904988.6445,1281489527.8064,757080339.75744,640686482.95693,705512336.41307,0.083977448292488,0.038724986678459,-0.065754767911084,235858634.10736,290476817.54777,9.0405031613702e-05,0.00010425,0.00014010134590725,1.0669264041272,1.4079927238071e-12,6.4382017769649e-19,0.025603520550592,3.3375039469472,0.089098263397046,0.06105191246805,0.16696668057952,0.067067577427551,508.71912844282,-0.036473824083999,-0.20730847077852,0.54157973882633,430.4142547452,0.52961155842894,0.02711330043089,4.6838612068917e-10
7,1334504318.9186,1217025213.2709,1279720590.4299,755366682.66616,638806707.58335,703743399.0366,0.083977448292488,0.038724986678459,-0.065754767911084,236191898.85254,290066429.67056,9.1318052056452e-05,0.000105,0.00014109345686069,1.0674201466779,1.4079927238071e-12,6.4382017769649e-19,0.025956327275643,5.0388118459977,0.089708466229536,0.061465621817314,0.16871935837976,0.067532201955912,508.68803424847,-0.52383690121912,-0.61954040254755,1.1020769304465,429.4296655671,1.0154136112253,-0.62356307987832,4.6840673644055e-10
7.05,1332817731.0068,1215219703.2473,1277984704.4532,753680094.75432,637001197.55971,702007513.05996,0.083977448292488,0.038724986678459,-0.065754767911084,236508133.13379,289532486.40054,9.1824986118659e-05,0.00010575,0.00014193909269317,1.0679073700094,1.4079927238071e-12,6.4382017769649e-19,0.02590564936437,1.2474910752612,0.090320618857925,0.061883291738536,0.16949337938261,0.067997861849616,508.44260940027,-0.64874924685099,-0.26714791006898,0.83233377628849,429.7471569628,0.62409387419809,-0.73231625564728,4.6841727124814e-10
7.1,1331287112.6714,1213492807.7895,1276344293.0298,752149476.41894,635274302.10194,700367101.63651,0.083977448292488,0.038724986678459,-0.065754767911084,236820442.3286,289267723.68613,9.217365209245e-05,0.0001065,0.00014279555544078,1.06839716769,1.4079927238071e-12,6.4382017769649e-19,0.025227215220316,1.6656710028281,0.09093207076289,0.062300064087818,0.17018143429115,0.068463279345841,508.35622505847,0.21388529703651,-0.44738882817127,0.49651651826511,430.19865787782,0.4772675866597,0.24248371771551,4.6842757315911e-10
7.15,1329673304.8243,1211671938.5237,1274627959.7299,750535668.57185,633453432.83609,698650768.33661,0.083977448292488,0.038724986678459,-0.065754767911084,237144434.89767,289036172.74133,9.2735686753137e-05,0.00010725,0.0001436608856088,1.0688881161554,1.4079927238071e-12,6.4382017769649e-19,0.02561149151467,1.6897221421734,0.091545390357738,0.062718652646182,0.17078498918173,0.068928487831966,508.13379805518,-1.1030109453763,-0.0032608472474875,0.54393421595083,429.16868184498,0.47426957263329,-0.84062229065646,4.6843778491136e-10
7.2,1328177261.8689,1209960816.9852,1273021603.4413,749039625.61647,631742311.29764,697044412.04803,0.083977448292488,0.038724986678459,-0.065754767911084,237451576.09348,288893001.51691,9.3272360890428e-05,0.000108,0.00014466539067343,1.0693747272908,1.4079927238071e-12,6.4382017769649e-19,0.025368935993334,0.88324364365706,0.092154540229262,0.063134064227348,0.17187231843418,0.069393358122466,508.0869750919,-0.31609834448313,-0.029013066570311,0.70717287286354,430.15618371368,0.38847973614562,-0.11801938330511,4.6845572458354e-10
7.25,1326719935.4455,1208303620.2548,1271456699.1547,747582299.19303,630085114.56721,695479507.76141,0.083977448292488,0.038724986678459,-0.065754767911084,237747369.26199,288739090.01069,9.3817262651075e-05,0.00010875,0.00014559964275842,1.069864123986,1.4079927238071e-12,6.4382017769649e-19,0.02506382308422,1.7728880334688,0.092764313115244,0.063549582232469,0.1729062360321,0.069857965382671,508.31050451758,-0.35425243059624,-0.26748590288957,0.69454137891173,429.96475934521,0.36565693108225,-0.33746251132946,4.6846854715432e-10
7.3,1325188773.3469,1206580206.8617,1269837921.1985,746051137.09441,628361701.17413,693860729.80522,0.083977448292488,0.038724986678459,-0.065754767911084,238042723.87007,288587126.25998,9.4388137506422e-05,0.0001095,0.00014649879006921,1.0703536197957,1.4079927238071e-12,6.4382017769649e-19,0.025461873048554,2.2151795670073,0.093373254075112,0.063963996768197,0.1739153414836,0.070322383452172,508.08734669463,-0.70982903906134,-0.31193662835296,0.74183226905135,429.64041379316,0.4728701326475,-0.61148112560139,4.6848137297864e-10
7.35,1323691129.5916,1204912553.7735,1268229529.1773,744553493.33913,626694048.08587,692252337.78399,0.083977448292488,0.038724986678459,-0.065754767911084,238328059.70201,288388201.78404,9.5013532297039e-05,0.00011025,0.00014732970138518,1.0708426207356,1.4079927238071e-12,6.4382017769649e-19,0.025379044139342,1.1410950093887,0.093982539708827,0.064379099071207,0.17495696919268,0.070786503481599,508.24586695088,-1.1272476495324,-0.34777609526219,0.74922427102626,429.54437571956,0.72856032268322,-0.94226924330461,4.6849351960396e-10
7.4,1322266174.6301,1203303490.798,1266694958.5863,743128538.37768,625084985.1104,690717767.19305,0.083977448292488,0.038724986678459,-0.065754767911084,238605259.20563,288174889.51962,9.5561201052116e-05,0.000111,0.00014830352461361,1.0713317256555,1.4079927238071e-12,6.4382017769649e-19,0.025160264950733,1.6315462186242,0.094592367239421,0.064795600672756,0.1757454644039,0.071250825942757,507.51338772707,-0.35180192196974,-0.031766252151844,0.50573104220341,429.66227701772,0.49109235836947,-0.26069721522764,4.6850388774174e-10
7.45,1320841730.1803,1201690055.0669,1265179428.4885,741704093.92781,623471549.3793,689202237.09523,0.083977448292488,0.038724986678459,-0.065754767911084,238879708.20062,288034013.49917,9.6168563318474e-05,0.00011175,0.00014917190599004,1.0718203153007,1.4079927238071e-12,6.4382017769649e-19,0.025167793437237,1.308454938825,0.095199826354657,0.065208941457074,0.17676184421114,0.071714554814565,507.92873622479,-0.38603616716985,-0.27018712770697,0.58949553586945,429.93861425138,0.57310234094788,0.043069985553567,4.6851697511426e-10
7.5,1319381514.3648,1200065641.6309,1263622354.1199,740243878.11238,621847135.94327,687645162.72661,0.083977448292488,0.038724986678459,-0.065754767911084,239157954.19755,287891104.36618,9.6578240854124e-05,0.0001125,0.00015000766622228,1.0723097052891,1.4079927238071e-12,6.4382017769649e-19,0.025298891441718,1.7345766747563,0.095809395602448,0.065624836272321,0.17734086237804,0.072178864328209,507.60229779175,-1.0404545802208,-0.15729461385288,0.30650971643227,429.10584341183,0.44825561937167,-0.95291532699637,4.6852951498203e-10
7.55,1317965525.656,1198470569.0592,1262102581.7025,738827889.40357,620252063.37164,686125390.30921,0.083977448292488,0.038724986678459,-0.065754767911084,239427750.31148,287770663.43269,9.7303425093473e-05,0.00011325,0.0001509537064765,1.0727998773097,1.4079927238071e-12,6.4382017769649e-19,0.025237732922794,1.2275284969362,0.096417284136272,0.066038286192646,0.17863827530721,0.072641563077359,507.887798697,-1.7540447088106,-0.36239434110427,0.76606448491026,428.58806905101,0.67436481633194,-1.6033628106838,4.6854355258456e-10
7.6,1316565144.3816,1196931483.7219,1260614484.6699,737427508.1291,618712978.03434,684637293.27666,0.083977448292488,0.038724986678459,-0.065754767911084,239683058.20533,287657760.60982,9.7737070438318e-05,0.000114,0.00015181707274885,1.073287170853,1.4079927238071e-12,6.4382017769649e-19,0.025230419286523,0.7600537578328,0.097023931380739,0.066452551477129,0.17914633703255,0.073105618249435,507.14826597766,-0.60465319985877,-0.039993191311558,0.40664396091341,429.06528178751,0.56664735440435,-0.68624543582456,4.6855746594064e-10
7.65,1315185204.8059,1195378314.9298,1259142986.1829,736047568.55346,617159809.24224,683165794.78957,0.083977448292488,0.038724986678459,-0.065754767911084,239940922.46824,287566923.84925,9.8409684490693e-05,0.00011475,0.00015266065455742,1.0737758155035,1.4079927238071e-12,6.4382017769649e-19,0.025092284439861,1.7376302373533,0.09763002762243,0.066865306470001,0.18014506979828,0.073568114979327,507.51340669674,-0.61082394317643,-0.10519358203171,0.76423046120309,429.10503749017,0.61201319074886,-0.73476381643462,4.685688108754e-10
7.7,1313800962.7309,1193859402.7616,1257669060.9233,734663326.47843,615640897.07404,681691869.53004,0.083977448292488,0.038724986678459,-0.065754767911084,240186510.70457,287046108.57006,9.8965003485082e-05,0.0001155,0.00015357989916281,1.0742636247847,1.4079927238071e-12,6.4382017769649e-19,0.025241351597067,0.99119329876771,0.098235718412163,0.067277859130091,0.18111759992163,0.074030765761465,507.1805396237,-0.17850620817138,-0.13415474902618,0.66079772412188,429.51280645147,0.38239109027129,0.075718649042054,4.6858274250629e-10
7.725,1313214488.6793,1193212655.6822,1257049120.3926,734076852.42687,614994149.9946,681071928.99934,0.083977448292488,0.038724986678459,-0.065754767911084,240293514.8238,287017857.54791,9.9171405881182e-05,0.000115875,0.0001539767702564,1.0745086491692,1.4079927238071e-12,6.4382017769649e-19,0.025102626586291,1.0600376503756,0.098539651143925,0.067485415107492,0.18132570091719,0.074262646759627,506.8504567371,-0.50933514098045,-0.14772173554992,0.1525896138871,429.03313386016,0.24705933736249,-0.22848890779383,4.6858914608347e-10
7.775,1311833453.8153,1191657632.5407,1255574465.9092,732695817.56283,613439126.85311,679597274.51594,0.083977448292488,0.038724986678459,-0.065754767911084,240545659.08993,286831135.28253,9.9751684644149e-05,0.000116625,0.00015487745846908,1.0749981095583,1.4079927238071e-12,6.4382017769649e-19,0.025231020666873,0.6872284991115,0.099147550425248,0.067899108300891,0.18227694660183,0.074725078686083,507.1949688333,-1.5991150549813,-0.049453784569945,0.43592304134611,428.1056566123,0.34997444842069,-1.6311448520055,4.6860153922867e-10
7.825,1310454457.2358,1190140875.9114,1254126645.7869,731316820.98338,611922370.22379,678149454.39366,0.083977448292488,0.038724986678459,-0.065754767911084,240785316.25596,286576585.72797,0.00010082008305151,0.000117375,0.00015587060886193,1.0754914383276,1.4079927238071e-12,6.4382017769649e-19,0.025174412318737,0.32413601929471,0.099748825127902,0.068305684047098,0.18433500850362,0.075185240274988,506.77510445063,-0.27162597711065,-0.48507782277847,1.3328388334241,428.07892124616,1.1224461541569,-0.1535681456136,4.686403595048e-10
7.875,1309043943.547,1188654539.6787,1252649489.0505,729906307.29455,610436033.9911,676672297.65717,0.083977448292488,0.038724986678459,-0.065754767911084,241010302.04194,285728612.36682,0.00010196386823429,0.000118125,0.00015665649178503,1.0759791260825,1.4079927238071e-12,6.4382017769649e-19,0.025835414538667,1.8979342506651,0.10036173675316,0.068725961124335,0.18451681593178,0.075648193545203,505.99868589415,-0.93916289947981,-0.2491006757495,0.39943308524292,427.47828535647,0.78063280165454,-0.74174918475325,4.6864415506258e-10
7.925,1307620480.6597,1187106687.9856,1251182973.4973,728482844.40722,608888182.29804,675205782.10397,0.083977448292488,0.038724986678459,-0.065754767911084,241245693.36251,285407219.40453,0.00010255351781952,0.000118875,0.00015750030647936,1.0764650734111,1.4079927238071e-12,6.4382017769649e-19,0.025506981873731,5.9885260597968,0.10096550848068,0.069137596113548,0.18515287444471,0.076110515069399,506.09400651068,-1.1236041675573,-0.12982279718694,0.19333850689807,427.75021015907,0.66589752129449,-0.88330308674258,4.6865411230502e-10
7.975,1306269592.7801,1185615233.56,1249784326.3785,727131956.52762,607396727.87243,673807134.98517,0.083977448292488,0.038724986678459,-0.065754767911084,241472221.32734,285105718.32619,0.00010352290351961,0.000119625,0.00015850901152934,1.0769546252556,1.4079927238071e-12,6.4382017769649e-19,0.025008325944165,1.3114109280681,0.10156272501824,0.069541048380369,0.18722326557801,0.076569911704671,506.35944035548,0.57240547959362,-0.31199507757813,1.2615440804563,428.64741617615,1.2475891302818,0.68911684639038,4.6868682669358e-10
8.025,1304918352.82,1184194178.353,1248354109.8597,725780716.56751,605975672.66537,672376918.46642,0.083977448292488,0.038724986678459,-0.065754767911084,241684454.61251,284282384.83346,0.00010399898602986,0.000120375,0.00015940961197254,1.0774412908264,1.4079927238071e-12,6.4382017769649e-19,0.025516666678389,2.0820142537588,0.1021689091305,0.069954449882483,0.18769234874182,0.077031419042358,505.96636756955,0.24053686037492,-0.40644370391467,0.72233366764482,428.58315077932,0.37745667635685,0.43857738417601,4.6868970879744e-10
8.075,1303542650.0053,1182710374.6946,1246911551.1166,724405013.75283,604491869.00701,670934359.72327,0.083977448292488,0.038724986678459,-0.065754767911084,241902202.09712,283989188.7887,0.00010502360554105,0.000121125,0.00016035017431692,1.0779325132924,1.4079927238071e-12,6.4382017769649e-19,0.025328733466302,1.6691861788459,0.10276393149286,0.070355378097655,0.18977054000479,0.077490230727265,506.28407027655,0.88817582819979,-0.79706112812418,1.5207373093506,428.93608166014,1.6721089204038,1.1204674334314,4.6872320220083e-10
8.125,1302196672.4484,1181317168.3681,1245478002.667,723059036.19598,603098662.68054,669500811.27376,0.083977448292488,0.038724986678459,-0.065754767911084,242105594.45414,283116181.05316,0.00010533724947411,0.000121875,0.00016123774220972,1.0784223671125,1.4079927238071e-12,6.4382017769649e-19,0.025732279916196,2.0842900487829,0.10337678994856,0.07077503822939,0.18982938232082,0.077952483747616,505.20650479493,-0.91412533212631,-0.077122574344728,0.50051562506586,426.80322766666,0.46230036547601,-0.77508402226878,4.6873062386609e-10
8.175,1300895640.3084,1179872436.0439,1244089097.0688,721758004.05597,601653930.35633,668111905.6755,0.083977448292488,0.038724986678459,-0.065754767911084,242319749.54708,282925880.93488,0.00010582704795795,0.000122625,0.000162030564936,1.0789073208686,1.4079927238071e-12,6.4382017769649e-19,0.025300475454811,1.2620035895599,0.10397754001018,0.071183930606805,0.19039439717416,0.078413037451649,505.31623695589,0.018457503425367,0.09738267793939,0.53917195107211,427.79116557119,0.62084585257744,0.063995525451134,4.6873704955288e-10
8.225,1299562630.926,1178438681.8937,1242692539.5185,720424994.67352,600220176.20608,666715348.12518,0.083977448292488,0.038724986678459,-0.065754767911084,242527849.2557,282652118.18929,0.00010628921698273,0.000123375,0.00016290582503444,1.0793951800775,1.4079927238071e-12,6.4382017769649e-19,0.025117358309689,1.9272364686293,0.10458286438354,0.071596640636867,0.19111167748599,0.078874214791604,505.43736244586,-1.7343877251562,0.18604743613046,0.17652555811609,426.65250144222,0.42132099396632,-1.5549575892829,4.6876189071365e-10
8.275,1298282563.7432,1177037048.6601,1241333308.9604,719144927.49075,598818542.97253,665356117.56709,0.083977448292488,0.038724986678459,-0.065754767911084,242732451.41351,282368669.25733,0.00010706585670677,0.000124125,0.00016382239785615,1.0798859397835,1.4079927238071e-12,6.4382017769649e-19,0.025094307873466,1.4943801523014,0.10518461940737,0.072004849115242,0.19258443263505,0.079333337626639,505.57341467791,-1.2917844114226,-0.20358269712992,0.94648557592679,426.34753280109,0.92989560463158,-1.3874847977837,4.6876982741758e-10
8.325,1296993066.493,1175673766.39,1239977823.2009,717855430.24053,597455260.70237,664000631.80757,0.083977448292488,0.038724986678459,-0.065754767911084,242924828.68168,281840588.25171,0.00010758174477815,0.000124875,0.00016459500208834,1.0803711268986,1.4079927238071e-12,6.4382017769649e-19,0.025583412268129,1.6040891986576,0.10578410729566,0.072412920551862,0.1933059430114,0.079793348148473,505.20325622332,-0.30426487134383,-0.3139350710881,0.69659670741025,427.30076599757,0.74574511674508,-0.36857915128279,4.6877575800826e-10
8.375,1295702151.0211,1174301581.2508,1238628756.8258,716564514.76868,596083075.56325,662651565.43248,0.083977448292488,0.038724986678459,-0.065754767911084,243116950.68241,281639829.82686,0.00010806723188677,0.000125625,0.00016542212906869,1.0808571617089,1.4079927238071e-12,6.4382017769649e-19,0.025197651797316,1.5535806064237,0.10638559907806,0.072822510911105,0.19398650943393,0.08025332893966,505.09937638271,-0.4272689507932,0.0055632606060949,0.73507413949912,427.51545341193,0.69640176291542,-0.24940790560873,4.6878462712801e-10
8.425,1294438313.5918,1172951237.77,1237299654.4183,715300677.33934,594732732.0824,661322463.02505,0.083977448292488,0.038724986678459,-0.065754767911084,243307672.3315,281411409.42818,0.00010851957873408,0.000126375,0.00016636359159402,1.0813456157529,1.4079927238071e-12,6.4382017769649e-19,0.024991905996189,0.92131819980947,0.10698807081608,0.073232929160177,0.1944769817046,0.080713367205282,505.07830305126,-1.4918396451472,0.14862386918427,0.36806224920984,426.61097017884,0.52912089186692,-1.1647886385781,4.687934934407e-10
8.475,1293179150.0782,1171590275.1988,1235990490.9081,714041513.82572,593371769.51125,660013299.51484,0.083977448292488,0.038724986678459,-0.065754767911084,243497792.86788,281167765.48177,0.00010955151869138,0.000127125,0.00016723924659186,1.0818326704524,1.4079927238071e-12,6.4382017769649e-19,0.025074198385086,0.59126394513713,0.10757910707505,0.073631885257837,0.19681306930809,0.081170443788744,504.98731042401,0.94907249434166,-0.3481084953681,1.280176984006,428.35768164042,1.0981236523573,1.3506718505433,4.6882062432606e-10
8.525,1291911697.1443,1170291064.9903,1234677816.9148,712774060.89181,592072559.30273,658700625.52154,0.083977448292488,0.038724986678459,-0.065754767911084,243672556.0051,280808607.18786,0.00011024113424027,0.000127875,0.00016820081012005,1.0823230955373,1.4079927238071e-12,6.4382017769649e-19,0.025246782363711,0.92134794889204,0.10818623648673,0.074045110098931,0.19738012212174,0.081628751488402,504.5721777767,0.60389441747587,-0.20812496622833,1.1016442051512,427.1788299123,0.56663121606022,0.35395608933765,4.6882544085233e-10
8.575,1290642603.7194,1168970524.6216,1233380212.7625,711504967.46694,590752018.93396,657403021.36917,0.083977448292488,0.038724986678459,-0.065754767911084,243848852.36398,280776414.35496,0.00011048534679143,0.000128625,0.00016891056040469,1.0828165498803,1.4079927238071e-12,6.4382017769649e-19,0.025646287943525,3.4758816441647,0.10879308131693,0.074457938475692,0.30083038850492,0.082087772520654,504.64758260137,-1.8805192136611,0.036003398061973,0.50999436819949,424.65890929696,0.40278419645865,-1.7510837112412,1.1192369317988e-09
8.625,1289225192.3655,1167515969.1325,1231930616.8757,710087556.11304,589297463.44488,655953425.48242,0.083977448292488,0.038724986678459,-0.065754767911084,244038680.49778,280692449.5131,0.0001109780386161,0.000129375,0.00016970840986022,1.0832979444245,1.4079927238071e-12,6.4382017769649e-19,0.026309677570356,29.422464452806,0.10938648990337,0.074861730735425,0.2592247013071,0.082546846379865,504.28085789556,-0.56466185071151,-0.15122725726909,0.55032901427415,426.51763483669,0.33128088857966,-0.39283545972949,1.1192401846046e-09
8.675,1287985540.9014,1166211906.5769,1230650758.2688,708847904.64895,587993400.88931,654673566.8755,0.083977448292488,0.038724986678459,-0.065754767911084,244212910.54912,280682973.45659,0.00011197454834524,0.000130125,0.00017063453741074,1.0837847443871,1.4079927238071e-12,6.4382017769649e-19,0.024879389211658,4.94835099497,0.10997673850778,0.075259553765761,0.24998590549121,0.08300296614428,504.55934366996,0.94887286766992,-0.36973876591316,1.4064576409028,427.80555938591,1.1316439427332,1.2409683505906,1.1192401861086e-09
8.725,1286749782.8241,1164963707.3067,1229370667.7996,707612146.57164,586745201.61908,653393476.40634,0.083977448292488,0.038724986678459,-0.065754767911084,244376215.65046,280409492.36834,0.00011240915513423,0.000130875,0.00017139225269076,1.0842723278373,1.4079927238071e-12,6.4382017769649e-19,0.025310017117685,1.8140544815774,0.11058193490916,0.075673253641286,0.22206133496053,0.083462607836947,504.10844635232,-0.83049616118706,-0.087946257885456,0.39268276162043,426.19326741864,0.59992706935932,-0.75030696000769,1.1192401889935e-09
8.775,1285503525.5927,1163640984.575,1228085103.6464,706365889.34027,585422478.88738,652107912.25316,0.083977448292488,0.038724986678459,-0.065754767911084,244551696.23214,279774960.49928,0.0001134558413595,0.000131625,0.00017233796524301,1.0847570649186,1.4079927238071e-12,6.4382017769649e-19,0.025181049197882,4.6648129199118,0.11116803607368,0.076067993516024,0.21610592884465,0.083918269007296,504.51426284071,1.6127466283148,-0.54117814796433,1.4241792596298,428.46668914968,1.324566993341,1.8533496549971,1.1192401896747e-09
8.825,1284289050.8816,1162416835.3327,1226823052.2745,705151414.62917,584198329.64507,650845860.88123,0.083977448292488,0.038724986678459,-0.065754767911084,244709969.39369,279705986.48751,0.0001138238040557,0.000132375,0.00017314733181892,1.0852477328553,1.4079927238071e-12,6.4382017769649e-19,0.025241706690345,1.4183740618237,0.11177595970715,0.076483462832825,0.20357615010455,0.084377358277431,503.64867753998,-1.3522615416462,-0.1069122703962,0.32879014228167,425.38620968991,0.58283720810984,-1.1218444557015,1.1192401912724e-09
8.875,1283096508.6594,1161137390.6121,1225571839.9567,703958872.40696,582918884.92449,649594648.56337,0.083977448292488,0.038724986678459,-0.065754767911084,244877373.21776,279564288.2185,0.00011447808845229,0.000133125,0.00017394577148162,1.0857328786145,1.4079927238071e-12,6.4382017769649e-19,0.025294942624632,3.4772014886875,0.11237248476115,0.076889739215589,0.20476376262322,0.084835302933639,503.61279775555,-0.9575219606684,-0.22254679936814,0.49378792272785,425.74889323538,0.74134602148855,-0.79209635514817,1.1192401922034e-09
8.925,1281877944.6124,1159852036.2933,1224334735.1866,702740308.3599,581633530.60571,648357543.79332,0.083977448292488,0.038724986678459,-0.065754767911084,245038433.13852,279457204.01844,0.00011546268769654,0.000133875,0.00017489405123802,1.0862197030902,1.4079927238071e-12,6.4382017769649e-19,0.025106959975652,3.2408637725661,0.11296250102562,0.077287688199787,0.20663951045652,0.085290446609945,504.13295412148,0.048181339887186,-0.47350045573334,1.3856469645927,426.62820782652,1.4140585449491,0.23806744189409,1.1192401926618e-09
8.975,1280655744.9443,1158613621.1086,1223053725.1632,701518108.69182,580395115.42103,647076533.76991,0.083977448292488,0.038724986678459,-0.065754767911084,245190689.36048,279296252.29922,0.00011631135270496,0.000134625,0.00017602880401129,1.0867098925943,1.4079927238071e-12,6.4382017769649e-19,0.025290570223934,4.0026158422101,0.1135612634344,0.077692894991627,0.2079353301655,0.08574606613749,504.15654286826,-0.7480167726811,-0.58388406564444,1.5312114648755,425.49780758448,1.4097961829657,-0.75015836531121,1.1192401931494e-09
9.025,1279463698.1829,1157402718.1388,1221806257.4729,700326061.93039,579184212.4512,645829066.0796,0.083977448292488,0.038724986678459,-0.065754767911084,245340114.92289,279172565.52241,0.00011659485548803,0.000135375,0.00017648636880081,1.0871971624018,1.4079927238071e-12,6.4382017769649e-19,0.025433464361794,1.1506185558229,0.11415902362814,0.078101154191299,0.2078321498563,0.086204584456959,502.82501209246,-0.92897371934336,-0.13969250218094,0.58745293845666,424.91403678063,0.41752911528303,-0.68426543193107,1.1192401950857e-09
9.075,1278287070.7825,1156150426.6023,1220580271.2797,699149434.52999,577931920.91475,644603079.88637,0.083977448292488,0.038724986678459,-0.065754767911084,245497183.15832,279124743.4524,0.00011711299025528,0.000136125,0.00017728095659372,1.0876810189895,1.4079927238071e-12,6.4382017769649e-19,0.02508310753523,1.366775429317,0.11475441762374,0.078506011039498,0.20838246030633,0.086661811122496,502.88360047636,-1.3224307095524,-0.11120059968026,0.42046069170942,425.06957513831,0.46222744831711,-0.93248542879671,1.1192402166262e-09
9.125,1277112857.8199,1154922460.1673,1219368592.1267,697975221.56744,576703954.47973,643391400.73342,0.083977448292488,0.038724986678459,-0.065754767911084,245647860.65241,279026981.39232,0.00011805209881518,0.000136875,0.00017814574455067,1.0881647341514,1.4079927238071e-12,6.4382017769649e-19,0.024895968128237,1.2006536526091,0.11534188432363,0.078902485035898,0.21017256429554,0.087116100878583,503.42582353837,0.57120067616082,-0.43178578841148,1.2826822228081,426.89983023929,1.0434561519113,0.71809686761748,1.1192404058611e-09
9.175,1275975827.3067,1153766610.6843,1218186315.6565,696838191.05423,575548104.99673,642209124.2632,0.083977448292488,0.038724986678459,-0.065754767911084,245786165.81709,278858198.1933,0.00011834213278856,0.000137625,0.00017885200812436,1.0886533117059,1.4079927238071e-12,6.4382017769649e-19,0.024947197656071,1.1232057443107,0.11594193259959,0.079311730404235,0.21036086911981,0.087573726229158,502.97604862436,-1.2789045832397,-0.11370253422066,0.47526439667715,425.12972123035,0.39228996482752,-1.0438681033474,1.1192407951888e-09
9.225,1274758876.429,1152510212.5835,1216907066.075,695621240.17653,574291706.89594,640929874.68167,0.083977448292488,0.038724986678459,-0.065754767911084,245938488.50822,278795067.44127,0.00011878655091164,0.000138375,0.00017964224660556,1.0891366311604,1.4079927238071e-12,6.4382017769649e-19,0.025162377221622,1.1017124883101,0.11653377584411,0.079713925581757,0.2110549303443,0.088030048813011,502.84655527895,-0.38376422610232,0.052529074335388,0.60230121283234,425.99177082959,0.46823903473118,-0.12330704131889,1.1192413721392e-09
9.275,1273622985.5163,1151312789.3525,1215705487.877,694485349.2638,573094283.66492,639728296.4837,0.083977448292488,0.038724986678459,-0.065754767911084,246081120.34752,278718360.63506,0.00011921569459485,0.000139125,0.0001804234520934,1.0896257378372,1.4079927238071e-12,6.4382017769649e-19,0.024896893955299,2.1629487541005,0.11712976261258,0.080119412489485,0.21167279381834,0.088486649386545,502.2261407416,-0.63191868837684,-0.23141466580877,0.46675868627415,424.98095924643,0.34806503236234,-0.30073405724299,1.1192419555387e-09
9.325,1272470052.7604,1150115085.6294,1214510870.3219,693332416.50797,571896579.9418,638533678.92863,0.083977448292488,0.038724986678459,-0.065754767911084,246222455.02131,278622730.86771,0.00012014532451119,0.000139875,0.00018126891285368,1.0901118848279,1.4079927238071e-12,6.4382017769649e-19,0.025183433653538,1.6295169517599,0.11771916541773,0.080516914109069,0.21355909941518,0.088939981307519,502.81347023711,-0.19042078442074,-0.31977673696054,1.161364156308,425.40956769682,1.0505630859037,-0.11800996981875,1.1192444720645e-09
9.375,1271332887.782,1148979067.8303,1213327482.6336,692195251.52953,570760562.14274,637350291.24031,0.083977448292488,0.038724986678459,-0.065754767911084,246353463.03473,278487729.08842,0.00012062630250763,0.000140625,0.00018207887800107,1.0905999466631,1.4079927238071e-12,6.4382017769649e-19,0.025170474030525,1.0229911344328,0.11831833876142,0.080925562450379,0.21371400522455,0.089396602225861,502.57585584631,-2.4360628656548,0.066286279794637,0.44864960775823,423.37747975184,0.63611922764642,-2.4935385900411,1.1192449676823e-09
9.425,1270192936.1706,1147786342.7404,1212133114.2183,691055299.91811,569567837.05283,636155922.82501,0.083977448292488,0.038724986678459,-0.065754767911084,246492964.91082,278351812.92575,0.0001210916743694,0.000141375,0.00018293300755333,1.0910849612342,1.4079927238071e-12,6.4382017769649e-19,0.025151525987888,1.0821132658164,0.11890860521196,0.08132617356251,0.21469456082336,0.089851616572579,502.36384677276,-1.4888985553433,0.039840174006312,0.67139032901924,424.00230012141,0.53964037648776,-1.3335456962041,1.1192454544362e-09
9.475,1269029969.8857,1146605867.1791,1210931854.9129,689892333.63328,568387361.49154,634954663.51965,0.083977448292488,0.038724986678459,-0.065754767911084,246625890.13713,277913554.37486,0.0001215628627703,0.000142125,0.00018350858363958,1.0915704957203,1.4079927238071e-12,6.4382017769649e-19,0.02515570848058,2.332734765976,0.11949927427867,0.081727144462979,0.21537781003159,0.090306486190499,502.42818264318,-0.96952894440229,-0.18472051779916,0.58144834829893,424.31836013268,0.51605094804938,-0.79868940322912,1.1192456672537e-09
9.525,1267724322.2108,1145374234.9125,1209672896.1546,688586685.95836,567155729.22492,633695704.76132,0.083977448292488,0.038724986678459,-0.065754767911084,246764554.98627,277773917.93695,0.00012204361056696,0.000142875,0.00018447071685757,1.0920563322516,1.4079927238071e-12,6.4382017769649e-19,0.025804368178754,5.775652772107,0.12009194131507,0.082130066754927,0.21625783903202,0.090761336530925,501.82135412859,-0.88571329113971,0.088631068346617,0.39076699904418,423.9343995755,0.75623510351127,-0.63529896683376,1.1192457978855e-09
9.575,1266521669.4321,1144154689.6912,1208413953.8997,687384033.17963,565936184.00357,632436762.5064,0.083977448292488,0.038724986678459,-0.065754767911084,246895567.43866,277690750.3106,0.00012305816358554,0.000143625,0.00018534924673503,1.0925429862829,1.4079927238071e-12,6.4382017769649e-19,0.025599489370594,4.2218601093132,0.12067461427241,0.082521795416418,0.22022362761221,0.091213191407722,501.95992774141,0.14834392055973,-0.40816596283408,1.4194444049811,424.90435471826,1.4482809262005,0.55496194238735,1.1192461602364e-09
9.625,1265378256.5129,1143049767.662,1207225419.0619,686240620.26046,564831261.97442,631248227.66864,0.083977448292488,0.038724986678459,-0.065754767911084,247015617.18449,277560172.17665,0.00012360378528424,0.000144375,0.00018606294988713,1.0930255481476,1.4079927238071e-12,6.4382017769649e-19,0.025421193055254,1.733691946697,0.12127032593122,0.082927698792745,0.2196512334883,0.091667801295566,501.7129017325,-0.45668430105794,-0.21068170671464,0.97030973483703,424.83351585722,0.96089813182548,-0.29866481638757,1.119246277842e-09
9.675,1264290395.3806,1141946621.0931,1206096645.1149,685152759.12809,563728115.40552,630119453.72159,0.083977448292488,0.038724986678459,-0.065754767911084,247139026.02651,277520805.67669,0.00012398682136404,0.000145125,0.00018680926856771,1.0935118361058,1.4079927238071e-12,6.4382017769649e-19,0.024766308252295,1.3216896002443,0.12186307378992,0.083330640697823,0.2200313283691,0.092122740110553,501.99153179206,-1.3964221143627,-0.27702709686177,0.67835565182979,423.98408774446,0.79803930354895,-1.4390088249117,1.1192463627184e-09
9.725,1263143673.6336,1140807551.0257,1204936114.2438,684006037.3811,562589045.33808,628958922.85048,0.083977448292488,0.038724986678459,-0.065754767911084,247267682.05733,277585123.73107,0.00012449443663093,0.000145875,0.00018765802306168,1.0939971720319,1.4079927238071e-12,6.4382017769649e-19,0.025028060753735,1.7002718037047,0.1224520325948,0.083730647171323,0.2206669096522,0.092576590384535,501.70569563512,-0.57142341913557,0.0055642576595048,0.56870642299188,424.38880367657,1.0334771621374,-0.25020408810113,1.1192465060512e-09
9.75,1262617111.0604,1140276288.3625,1204391637.0794,683479474.80795,562057782.67489,628414445.68616,0.083977448292488,0.038724986678459,-0.065754767911084,247325059.94319,277584936.09056,0.00012504167825024,0.00014625,0.0001881800177115,1.0942391649816,1.4079927238071e-12,6.4382017769649e-19,0.025396866487473,2.6511320604301,0.12273003043243,0.083916128144581,0.22194961578991,0.092801636960006,501.04816002097,3.2100125730128,-0.54967839208313,1.5989909791722,427.27668956399,1.8988129389569,3.7284443676438,1.1192470391833e-09
9.8,1261476639.0019,1139187248.5695,1203218645.0736,682339002.74944,560968742.88192,627241453.68031,0.083977448292488,0.038724986678459,-0.065754767911084,247437113.11132,277584935.56343,0.00012547721616498,0.000147,0.00018876404424242,1.0947289323562,1.4079927238071e-12,6.4382017769649e-19,0.025393226684862,3.9864690843688,0.12333469124253,0.084327705237355,0.22287914705241,0.093255637644181,501.39788084392,-1.4582360610117,-0.052048993439444,0.85275293590411,423.0361995337,0.41150595727894,-1.3112198086499,1.1192576470283e-09
9.85,1260307062.048,1138037609.2362,1202062616.5558,681169425.79551,559819103.54862,626085425.16248,0.083977448292488,0.038724986678459,-0.065754767911084,247557905.67089,277584935.11131,0.00012606844203658,0.00014775,0.00018963250804112,1.0952113450597,1.4079927238071e-12,6.4382017769649e-19,0.025485746773245,1.5321024393987,0.12392370573026,0.084727947990131,0.22388098179016,0.093709233962234,501.26043294642,-1.1642117669549,-0.14618025460686,0.67439217442258,423.72575312428,0.76972730780421,-1.0550460647851,1.1192591687834e-09
9.9,1259203265.2418,1136933852.152,1200956151.9802,680065628.98931,558715346.46444,624978960.5869,0.083977448292488,0.038724986678459,-0.065754767911084,247674597.76597,277584933.67642,0.000127030907124,0.0001485,0.00019051190292683,1.0957008208739,1.4079927238071e-12,6.4382017769649e-19,0.024789129564423,0.76555431544023,0.12450898076278,0.085121677834391,0.22583045069046,0.094159900285017,501.47012745405,-0.94814013517945,-0.67981977871498,1.4894461118121,423.38502783179,1.4620086035686,-0.66020793969543,1.119266707902e-09
9.95,1258077071.4472,1135853239.8146,1199827527.1053,678939435.19469,557634734.12705,623850335.71199,0.083977448292488,0.038724986678459,-0.065754767911084,247783677.85308,277584800.48169,0.00012731363236469,0.00014925,0.00019115357975325,1.0961845254885,1.4079927238071e-12,6.4382017769649e-19,0.025500249421081,0.87148542621585,0.12510161838609,0.085525743811959,0.22588370385161,0.094614271982895,500.19606913857,-1.5687792980611,-0.088809283179563,0.29837714690064,422.72907169319,0.38064802860426,-1.35746050667,1.1192671478052e-09
10,1257023845.7114,1134770054.8884,1198734823.918,677886209.45895,556551549.20077,622757632.52467,0.083977448292488,0.038724986678459,-0.065754767911084,247898386.75004,277583938.41452,0.00012780254255935,0.00015,0.00019247654774231,1.0966668360403,1.4079927238071e-12,6.4382017769649e-19,0.024834221758567,2.5511646347123,0.12569003235406,0.085925030512946,0.22681820016652,0.095066477484165,500.44691136941,-0.45065748236294,0.055390613532284,0.65488279409008,423.59523834015,0.11310927401233,-0.5512437098359,1.1192673851191e-09
10.05,1255953425.7727,1133701807.5638,1197637349.5486,676815789.5202,555483301.87621,621660158.15535,0.083977448292488,0.038724986678459,-0.065754767911084,248008053.66114,277571607.40697,0.00012838292275018,0.00015075,0.00019314771112628,1.0971517252228,1.4079927238071e-12,6.4382017769649e-19,0.024968630937029,2.0504832582628,0.12627803182789,0.08632318862268,0.22776217700639,0.095518653375354,500.77580788224,-1.4411875047544,0.031817162776328,0.78368758623837,423.15833961442,0.8906686310225,-1.2771374846195,1.1193524996698e-09
10.1,1254885851.6534,1132628850.798,1196540679.3806,675748215.4009,554410345.11045,620563487.98732,0.083977448292488,0.038724986678459,-0.065754767911084,248116110.13928,277541628.51075,0.00012873473113956,0.0001515,0.0001938126134123,1.0976371964704,1.4079927238071e-12,6.4382017769649e-19,0.024955618329408,3.4313972711776,0.12686698128271,0.086723812935998,0.22813176430225,0.095972378243929,500.16761689867,-1.8578637477997,-0.016285425813371,0.19301168425812,422.44911314152,0.4166526945385,-1.7418828847929,1.1195391686002e-09
10.15,1253829251.7774,1131546342.9906,1195464648.5512,674691615.52492,553327837.30297,619487457.15793,0.083977448292488,0.038724986678459,-0.065754767911084,248227480.09549,277500814.92406,0.00012934697867886,0.00015225,0.0001946218316719,1.0981212410537,1.4079927238071e-12,6.4382017769649e-19,0.024818323831019,0.78265334757811,0.12745300743584,0.087120947200262,0.22940536862153,0.096424057774334,500.75478244444,-1.9701176839276,-0.098983755584451,0.64451113215365,422.61226681864,0.63523560059365,-1.8354568759146,1.1195790971785e-09
10.2,1252763475.8274,1130493432.8566,1194398543.7598,673625839.57497,552274927.16901,618421352.36654,0.083977448292488,0.038724986678459,-0.065754767911084,248332387.23152,277451276.37964,0.00012992304586532,0.000153,0.00019535743736078,1.0986030672938,1.4079927238071e-12,6.4382017769649e-19,0.024923256984413,1.1200560032612,0.12803738389265,0.087517186339791,0.23044240116931,0.096875565696291,500.50031455426,-0.93689270876187,-0.28910735794621,0.79718127773493,423.6884682784,0.80109042071242,-0.85443388066858,1.1195869379812e-09
10.25,1251722774.0224,1129466262.9423,1193339874.5457,672585137.76995,551247757.25475,617362683.15245,0.083977448292488,0.038724986678459,-0.065754767911084,248434904.85998,277393962.49706,0.00013045734016398,0.00015375,0.00019615000468508,1.0990873179155,1.4079927238071e-12,6.4382017769649e-19,0.024733511740803,0.97922430852767,0.12862402756861,0.087915345278235,0.23101954636048,0.097327586445556,500.23973982639,-1.2343745526312,-0.039237973377798,0.50376749662143,423.26607106611,0.46634649197984,-1.1753729697743,1.1195921369152e-09
10.3,1250665379.6287,1128421862.8798,1192276559.7983,671527743.37621,550203357.19226,616299368.40503,0.083977448292488,0.038724986678459,-0.065754767911084,248538599.44756,277335654.03921,0.00013143421814481,0.0001545,0.00019709549792894,1.0995722876799,1.4079927238071e-12,6.4382017769649e-19,0.024882514287372,1.718896717394,0.12919995048722,0.08830224772704,0.23306826746691,0.097776050478779,500.18615621528,0.92861103268592,-0.45055611722319,1.4295020878298,424.80805758513,1.3558567193184,1.0575728766091,1.1195928693512e-09
10.35,1249625248.0729,1127434892.4535,1191213021.2819,670487611.82046,549216386.76593,615235829.88865,0.083977448292488,0.038724986678459,-0.065754767911084,248632839.93365,277177329.40271,0.00013184854294776,0.00015525,0.0001977745269918,1.1000587154705,1.4079927238071e-12,6.4382017769649e-19,0.025119504320006,2.490074424744,0.1297947898656,0.088707095793869,0.23319919208955,0.098227755531,499.39751623332,-0.71419159306528,-0.035473134882831,0.93841009454259,423.05532834277,0.81822325904046,-0.62485536709478,1.1195929723041e-09
10.4,1248581915.3924,1126400598.7877,1190130271.8038,669444279.13995,548182093.10009,614153080.4105,0.083977448292488,0.038724986678459,-0.065754767911084,248732435.36293,277095318.41019,0.00013275409732008,0.000156,0.00019860609077474,1.1005438271601,1.4079927238071e-12,6.4382017769649e-19,0.024926858784113,1.4059125159267,0.1303737162524,0.089096367749475,0.23499959258609,0.098676308113936,500.09508488389,-0.068363911204025,-0.47267960881613,1.5074068275395,423.81866272807,1.4715553634172,0.1740630041483,1.119593311098e-09
10.45,1247544376.7584,1125409305.6866,1189066186.6242,668406740.50591,547190799.999,613088995.23087,0.083977448292488,0.038724986678459,-0.065754767911084,248825351.27327,276916784.34895,0.00013329521567966,0.00015675,0.00019929103441931,1.1010271356672,1.4079927238071e-12,6.4382017769649e-19,0.025082755783919,1.0852732973409,0.13096398913813,0.089497927809731,0.23520895633277,0.099127946045019,499.86220361312,-1.4110581175472,-0.43372022972975,0.93235699234986,422.89672896886,0.9333630031145,-1.4144100076395,1.1195933311439e-09
10.5,1246533125.6112,1124403622.3808,1188027670.9595,667395489.35878,546185116.69319,612050479.56624,0.083977448292488,0.038724986678459,-0.065754767911084,248923267.47316,276820112.83958,0.00013353497983788,0.0001575,0.00019999391459582,1.1015138324744,1.4079927238071e-12,6.4382017769649e-19,0.024676964356708,0.50999358953276,0.13154951094442,0.089896016317487,0.23515100759268,0.099579386403008,499.08994072177,-0.95134142458011,0.025345797965464,0.51189425360441,422.4062547005,0.3647691615123,-0.97870785640109,1.1195933486187e-09
10.55,1245490457.066,1123363817.8742,1186965140.6744,666352820.8135,545145312.1866,610987949.28112,0.083977448292488,0.038724986678459,-0.065754767911084,249021469.7232,276747741.1905,0.00013405107244035,0.00015825,0.00020081833137776,1.1019955061421,1.4079927238071e-12,6.4382017769649e-19,0.024943735827974,0.78208625472865,0.13213350128905,0.090291735912142,0.23584664381332,0.10002981750673,499.14953264125,-1.0815252867787,0.07200131043921,0.57554889986956,422.6192024462,0.69871653435828,-0.94207862589208,1.1195934699092e-09
10.6,1244453411.7251,1122346609.1328,1185908612.6963,665315775.47262,544128103.44526,609931421.30298,0.083977448292488,0.038724986678459,-0.065754767911084,249116842.93481,276676145.0642,0.00013485416869865,0.000159,0.00020155720985322,1.1024836097352,1.4079927238071e-12,6.4382017769649e-19,0.024763242799052,1.7384008801201,0.13272150350307,0.090690622163701,0.23680522518651,0.10047954779515,498.88069988882,-1.4236798059999,-0.29665297671406,0.54333102680584,421.30427351533,1.295773830111,-1.3544670343968,1.1195946554515e-09
10.65,1243403306.6576,1121292853.3241,1184792100.0027,664265670.40516,543074347.63652,608814908.60938,0.083977448292488,0.038724986678459,-0.065754767911084,249207574.84526,276585871.46679,0.00013529592961041,0.00015975,0.00020230133923844,1.1029653535341,1.4079927238071e-12,6.4382017769649e-19,0.025502242526459,3.2466134609142,0.13330470543538,0.09108672660701,0.23725200609218,0.10093064987662,498.5690345748,-1.8532491180779,0.0036238539129002,0.26705468154475,421.4460290702,1.0754916484864,-1.6332063382225,1.1195947691455e-09
10.7,1242389921.8486,1120280333.5888,1183747963.3947,663252285.59609,542061827.90123,607770772.00137,0.083977448292488,0.038724986678459,-0.065754767911084,249301174.46549,276484848.36421,0.0001356965587147,0.0001605,0.00020299074735902,1.1034469308907,1.4079927238071e-12,6.4382017769649e-19,0.024705884228241,1.5595322381866,0.13388513990097,0.0914804686475,0.23785835533619,0.10138120514006,499.01056638008,-1.7988360839203,-0.10550836070499,0.19745047376624,421.89290421911,0.73459426239407,-1.3799869440527,1.1195948683533e-09
10.75,1241367097.587,1119273494.3096,1182706650.1775,662229461.33456,541054988.62206,606729458.78418,0.083977448292488,0.038724986678459,-0.065754767911084,249394378.32038,276386202.14118,0.0001361641743369,0.00016125,0.00020378218669862,1.1039315036914,1.4079927238071e-12,6.4382017769649e-19,0.024720681899514,0.65951377623351,0.13446792554126,0.091875779310092,0.23855517917364,0.10183032516081,498.7842314339,-0.82340707945309,-0.27654655962961,0.40534030717025,422.17783632214,1.1648233253519,-0.34076884449178,1.1195949575385e-09
10.8,1240268341.5776,1118204087.7413,1181543499.7897,661130705.32514,539985582.05374,605566308.39646,0.083977448292488,0.038724986678459,-0.065754767911084,249487021.85873,276262092.0478,0.00013664148802952,0.000162,0.00020453122553719,1.1044147296547,1.4079927238071e-12,6.4382017769649e-19,0.025305854466153,2.8147414495779,0.13504915534117,0.092268801229208,0.23928164309851,0.10227986494392,498.96234197311,-1.5244510005946,-0.30583257008641,0.56208144819762,421.80628535692,1.0609799969737,-1.185301821712,1.1195950440088e-09
10.85,1239220637.0942,1117193734.4072,1180472348.4151,660083000.84169,538975228.71958,604495157.0218,0.083977448292488,0.038724986678459,-0.065754767911084,249574624.72831,276167787.59,0.00013736261280981,0.00016275,0.00020532114944927,1.1048994606433,1.4079927238071e-12,6.4382017769649e-19,0.024953255095858,1.7891666429502,0.13562995303609,0.092661041647039,0.24048832641692,0.10272760581075,498.52227672872,-0.88096203004907,-0.26856306705466,0.9156703951279,421.66156898506,0.71609872807866,-0.74130594027376,1.1195950499254e-09
10.9,1238159436.3267,1116200430.9517,1179413762.6407,659021800.07428,537981925.26411,603436571.24743,0.083977448292488,0.038724986678459,-0.065754767911084,249657837.92885,276030390.99929,0.00013825129213643,0.0001635,0.0002061185040722,1.105384722038,1.4079927238071e-12,6.4382017769649e-19,0.025440788667193,3.7889017416065,0.1362090695079,0.093051144339859,0.24206701954939,0.10317434337633,498.37108396934,-0.65239420806931,-0.46691684350588,1.3807451892494,421.71731710806,1.0884357487765,-0.42425320940619,1.1195950500361e-09
10.95,1237152863.4416,1115263054.4621,1178398574.0486,658015227.18909,537044548.77456,602421382.65535,0.083977448292488,0.038724986678459,-0.065754767911084,249737763.68656,275850976.60955,0.00013865060978445,0.00016425,0.00020689124871077,1.105868076192,1.4079927238071e-12,6.4382017769649e-19,0.025111869994521,1.5035573922177,0.13679243175155,0.093446844613964,0.24223808278441,0.10362343201442,497.97958538065,-1.0168666282844,0.076191438554261,0.86350315407746,421.30156992703,0.87898453146793,-1.0653443402108,1.1195950583499e-09
11,1236148714.1063,1114304207.7046,1177372123.187,657011077.8538,536085702.01705,601394931.7937,0.083977448292488,0.038724986678459,-0.065754767911084,249819914.95902,275762750.15457,0.00013911374607293,0.000165,0.00020758839200377,1.1063498777052,1.4079927238071e-12,6.4382017769649e-19,0.025023245395806,3.0819794681452,0.1373735919323,0.093840966787485,0.24261846650509,0.10407282466448,497.77514275704,-1.5691231924444,-0.18855882997917,0.52272279097098,420.97705909404,0.78650822132504,-1.4406179496775,1.1195950617401e-09
11.05,1235161926.2235,1113347525.834,1176373831.6935,656024289.97108,535129020.1464,600396640.30021,0.083977448292488,0.038724986678459,-0.065754767911084,249903151.35833,275696123.22878,0.00014008753422672,0.00016575,0.00020840770440505,1.1068323133449,1.4079927238071e-12,6.4382017769649e-19,0.024734341275913,1.3616115100111,0.13794496815059,0.094224215212481,0.24457522651486,0.10451821012477,498.10944473038,0.025148810029631,-0.43394749828377,1.386398428667,422.53962017423,1.3920037854163,0.23737939034238,1.1195950659042e-09
11.1,1234165942.1565,1112438779.2214,1175380046.6834,655028305.90402,534220273.53383,599402855.29013,0.083977448292488,0.038724986678459,-0.065754767911084,249979356.35595,275509143.79185,0.00014055086484471,0.0001665,0.00020913205499054,1.1073184712651,1.4079927238071e-12,6.4382017769649e-19,0.024973271780766,1.1582983032583,0.13853057823794,0.094620628915831,0.24498882631504,0.10496662339699,498.47651364114,-1.5993133806389,-0.31134238663765,1.1040201649636,420.90676410421,0.98417634957905,-1.5751033118063,1.1195950664252e-09
11.15,1233091377.0939,1111441111.4229,1174302568.3838,653953740.84141,533222605.73533,598325376.99051,0.083977448292488,0.038724986678459,-0.065754767911084,250063053.03011,275406275.54834,0.00014140228400158,0.00016725,0.00020992447209071,1.1078056496747,1.4079927238071e-12,6.4382017769649e-19,0.025369732732985,3.0126274075238,0.13911307106953,0.09501531097464,0.24538723079496,0.10541521760744,497.52884851437,-2.880523784905,-0.11711785475367,0.37994531112619,419.1415730134,0.96619395545661,-2.512731475781,1.1195950673816e-09
11.2,1232058756.4888,1110457466.1988,1173270630.7188,652921120.23634,532238960.51122,597293439.32554,0.083977448292488,0.038724986678459,-0.065754767911084,250142618.04838,275348708.78677,0.0001417233202251,0.000168,0.00021065254994778,1.1082846031499,1.4079927238071e-12,6.4382017769649e-19,0.025231837055708,1.0422575182764,0.1396887623617,0.095404505855224,0.2461056821348,0.10586254554063,497.26705146205,-1.1060550032427,-0.082068396338112,0.72135425603883,420.80069476495,0.48827911150401,-1.0561651195596,1.1195950706782e-09
11.25,1231097081.9053,1109536810.2147,1172298176.0596,651959445.65286,531318304.52711,596320984.66627,0.083977448292488,0.038724986678459,-0.065754767911084,250218124.71275,275268027.182,0.00014223247943652,0.00016875,0.00021147175380659,1.1087646045519,1.4079927238071e-12,6.4382017769649e-19,0.024647175180038,1.2108320518009,0.1402652806772,0.095794901301045,0.24675325868129,0.1063100513449,497.30944910808,-0.96190512548254,0.061291373595292,0.64578519117835,421.47528662654,0.43379533849645,-0.71349389842229,1.1195950743819e-09
11.3,1230138590.8232,1108624885.655,1171322941.0885,651000954.57072,530406379.96741,595345749.69523,0.083977448292488,0.038724986678459,-0.065754767911084,250293137.54677,275185448.48432,0.00014291490732068,0.0001695,0.00021219535868719,1.1092476575362,1.4079927238071e-12,6.4382017769649e-19,0.024781689478623,2.5898517962896,0.14084504949961,0.096186606165817,0.24786970462263,0.10675636940323,497.69824262297,-1.6283296530404,-0.23046130268258,0.95188098190228,421.01816724152,0.94660496080813,-1.7494640713459,1.1195950788873e-09
11.35,1229181757.4102,1107724434.1891,1170365536.0735,650044121.15776,529505928.50149,594388344.68026,0.083977448292488,0.038724986678459,-0.065754767911084,250366206.6848,275060924.37668,0.00014340265920095,0.00017025,0.0002127762941809,1.1097380342471,1.4079927238071e-12,6.4382017769649e-19,0.024728581039184,1.2536366013729,0.14143004764878,0.09658243838593,0.24825862732534,0.10720336716726,498.16972578599,-4.308682955671,-0.42657146366506,0.81149459486818,418.00583407022,0.73876891710361,-4.3144265718307,1.1195950829098e-09
11.4,1228123670.4038,1106740529.3503,1169342346.0514,648986034.15133,528522023.66269,593365154.65809,0.083977448292488,0.038724986678459,-0.065754767911084,250445681.41754,292055969.40047,0.00014375496617875,0.000171,0.0002134171638651,1.1102159964639,1.4079927238071e-12,6.4382017769649e-19,0.025762908723983,3.7943129812623,0.1420016744771,0.09697058564524,0.2487716104803,0.10765141033678,496.49944406399,-2.0425937985031,0.16344439967907,0.23168694825094,419.76540712459,0.37439366401222,-1.8599300367176,1.1195950882815e-09
11.45,1227144433.4489,1105809108.4001,1168377165.7085,648006797.19643,527590602.71249,592399974.3152,0.083977448292488,0.038724986678459,-0.065754767911084,250521197.66335,292055970.1281,0.00014460957257294,0.00017175,0.00021414989293401,1.1106937069165,1.4079927238071e-12,6.4382017769649e-19,0.024572840978445,1.7980954829563,0.14257512753424,0.097358723941283,0.24966318236048,0.10809822631846,496.61706087188,-0.78095224662767,0.074698686483817,0.42914914251112,421.26794733036,0.76514227054137,-0.55180982782126,1.1195950964614e-09
11.5,1226199723.4488,1104921118.2457,1167439584.2049,647062087.19636,526702612.55808,591462392.81157,0.083977448292488,0.038724986678459,-0.065754767911084,250592341.33101,292055725.386,0.00014521295425926,0.0001725,0.00021496950651321,1.1111844450032,1.4079927238071e-12,6.4382017769649e-19,0.02440697978366,0.84315296759392,0.14315622049998,0.097749280370656,0.25101544186366,0.10854307129634,497.50088422308,-3.3655065779348,-0.20168355958007,1.1683492764544,418.50888656706,1.1803614786639,-3.1307029725531,1.1195951503282e-09
11.55,1225160283.8193,1103964519.2809,1166374361.8318,646022647.5668,525746013.59332,590397170.43856,0.083977448292488,0.038724986678459,-0.065754767911084,250662211.53416,292040696.61374,0.00014543386805549,0.00017325,0.00021561461312454,1.111663066374,1.4079927238071e-12,6.4382017769649e-19,0.025686103349532,2.8770460977546,0.14373012492239,0.09813880846738,0.25143041012564,0.10899001527478,496.34290762395,-1.6983331247276,-0.073921202811724,0.40560062250108,419.78344826133,0.64440746931232,-1.7230967299926,1.1195951561992e-09
11.6,1224177290.8033,1103034759.895,1165390108.9294,645039654.55083,524816254.20738,589412917.53608,0.083977448292488,0.038724986678459,-0.065754767911084,250731556.6995,292010716.29857,0.00014636259783136,0.000174,0.00021643861760754,1.1121483844091,1.4079927238071e-12,6.4382017769649e-19,0.024634448888752,1.8244408148383,0.14430130407586,0.098521441555931,0.25332861769903,0.10943310635168,496.88778617512,-1.7159242342356,-0.43396206636273,1.4002218325974,419.71738407703,1.3634227887015,-1.6565691545397,1.1195951576851e-09
11.65,1223205267.2996,1102158592.9928,1164411014.8983,644067631.04715,523940087.30522,588433823.50498,0.083977448292488,0.038724986678459,-0.065754767911084,250797470.31389,291335803.43591,0.00014678790142331,0.00017475,0.00021710883436874,1.1126295973397,1.4079927238071e-12,6.4382017769649e-19,0.025119684365401,1.448826122405,0.14488050396962,0.098915401522605,0.25338869035661,0.10988015148518,495.99750269652,-1.6189392522391,-0.37329852997996,0.53829212017974,419.60251084425,0.8628879430718,-1.5976635372232,1.1195951583988e-09
11.7,1222261293.7627,1101270295.1579,1163463367.8753,643123657.51019,523051789.47033,587486176.48197,0.083977448292488,0.038724986678459,-0.065754767911084,250866347.07288,291141393.44229,0.00014768219288165,0.0001755,0.00021790378005706,1.1131095499049,1.4079927238071e-12,6.4382017769649e-19,0.024645512889665,0.8772508886223,0.14544833665121,0.099296335080708,0.25510552084721,0.11032277299887,496.33744319235,0.017196127858785,-0.50589280632862,1.4116265560583,421.37687072946,1.4386814231808,0.20858914253997,1.1195951601223e-09
11.75,1221334393.82,1100432808.0686,1162539212.165,642196757.56756,522214302.381,586562020.77167,0.083977448292488,0.038724986678459,-0.065754767911084,250928086.87753,290913318.1489,0.00014795910437033,0.00017625,0.00021849512266212,1.1135923651247,1.4079927238071e-12,6.4382017769649e-19,0.024719013460869,0.70312555263988,0.14603115789461,0.099692441075585,0.25574703607058,0.11076946546787,496.10153279276,-2.2940845626738,-0.062430689666135,0.59342196235039,419.46682601385,0.82646303320845,-2.2818610404305,1.1195951648868e-09
11.8,1220421794.478,1099569478.8183,1161626083.5395,641284158.22555,521350973.13067,585648892.14617,0.083977448292488,0.038724986678459,-0.065754767911084,250994655.9634,290695317.2029,0.00014847454808462,0.000177,0.000219241848413,1.1140722378228,1.4079927238071e-12,6.4382017769649e-19,0.024560151386515,0.52583907595692,0.14660363731334,0.10007989890166,0.25637322449221,0.11121460777996,495.92753040074,-0.86138771395159,-0.28462980171457,0.73758271051325,420.62785891057,0.85145155789022,-0.59699788536118,1.1195951669991e-09
11.85,1219461730.133,1098688073.6034,1160671189.1214,640324093.88057,520469567.91583,584693997.72814,0.083977448292488,0.038724986678459,-0.065754767911084,251062448.10412,290195896.60953,0.00014912399395431,0.00017775,0.00022006399972581,1.1145615150787,1.4079927238071e-12,6.4382017769649e-19,0.024706136303328,1.6078910080998,0.14718512296677,0.100471255885,0.29011510367284,0.11165811946474,496.72057851311,-3.9046532826297,-0.033389206698341,1.148619618871,417.64592501219,1.1130795611739,-3.8810747849497,1.1195951678811e-09
11.9,1218501362.7644,1097814341.852,1159722022.6363,639363726.51191,519595836.16442,583744831.24302,0.083977448292488,0.038724986678459,-0.065754767911084,251125785.1697,290052246.44745,0.00014944166836444,0.0001785,0.00022086592622809,1.1150443789653,1.4079927238071e-12,6.4382017769649e-19,0.025686875579071,16.306257108746,0.14775923505543,0.10086137432973,0.25875044165831,0.1121038782117,494.60544145721,-2.946221445896,0.35172157714482,0.23347234331767,417.327299448,0.26190541631364,-2.7513753293157,1.1195951842681e-09
11.95,1217540666.9924,1096908399.2799,1158793619.7388,638403030.73998,518689893.59232,582816428.34551,0.083977448292488,0.038724986678459,-0.065754767911084,251190378.09238,289805397.9893,0.00014991286983041,0.00017925,0.00022158088367925,1.1155218250173,1.4079927238071e-12,6.4382017769649e-19,0.025099307092484,9.9591005525994,0.14833182761261,0.10124908549929,0.25956323290279,0.11254837996798,495.201842744,-2.5418082327931,0.1979655899523,0.44615771972471,418.27759129981,0.7486262187071,-2.5362826841837,1.1195952299802e-09
12,1216628585.7549,1096063690.9102,1157894979.5079,637490949.50247,517845185.22257,581917788.11457,0.083977448292488,0.038724986678459,-0.065754767911084,251252259.29735,289019729.76884,0.00015041046401469,0.00018,0.00022249431974854,1.1160032889613,1.4079927238071e-12,6.4382017769649e-19,0.024571176072489,2.6517300138553,0.14890651461895,0.10163774145888,0.26025914995685,0.11299277821313,495.48706706851,-3.3025902048849,0.44920584370353,0.58493104602257,417.76431412121,0.62705348978875,-3.2195081563437,1.1195952393374e-09
12.05,1215710113.4454,1095218334.0454,1156995419.8469,636572477.19294,516999828.35781,581018228.45366,0.083977448292488,0.038724986678459,-0.065754767911084,251313512.55391,288833565.65516,0.00015129007626208,0.00018075,0.00022328390582287,1.1164798852422,1.4079927238071e-12,6.4382017769649e-19,0.024762523003926,2.4387407793981,0.14946817611937,0.10201558379403,0.26158153314491,0.11343450343204,494.90749321461,1.3773377962485,-0.0032806869677296,1.3591309460909,421.76761316239,0.9510585656185,1.9112093518787,1.11959524554e-09
12.1,1214794466.5413,1094402306.1034,1156105420.6055,635656830.28888,516183800.41584,580128229.21219,0.083977448292488,0.038724986678459,-0.065754767911084,251369575.03027,288705237.9756,0.00015159106198174,0.0001815,0.00022383760331162,1.1169666271598,1.4079927238071e-12,6.4382017769649e-19,0.024634951779332,2.5119634699458,0.15005370342154,0.10241337506433,0.27049460941322,0.11387978194953,494.88756896631,-2.7296263074783,0.10913390034901,0.39279698033684,417.8883474487,0.31961016088746,-2.5432914322212,1.1195952730997e-09
12.15,1213844493.5474,1093519856.849,1155195075.5573,634706857.29495,515301351.16138,579217884.16405,0.083977448292488,0.038724986678459,-0.065754767911084,251431037.11174,288576940.72483,0.00015234970794341,0.00018225,0.00022469581751503,1.117452554117,1.4079927238071e-12,6.4382017769649e-19,0.025076509804609,6.0373819021891,0.15062708989663,0.10279896571399,0.26978561401702,0.1143226327885,495.73560496495,-4.4515737166677,-0.42911681635123,0.96948690743947,416.51223640199,0.91041226339838,-4.2350835586685,1.1195953290996e-09
12.2,1212874627.8516,1092654015.0284,1154240353.0831,633736991.59912,514435509.34079,578263161.68986,0.083977448292488,0.038724986678459,-0.065754767911084,251489934.65372,288426428.30198,0.00015266589612198,0.000183,0.00022527774608143,1.1179296065133,1.4079927238071e-12,6.4382017769649e-19,0.025264659132067,3.6168454631501,0.15119487506668,0.10318394412073,0.26994622016072,0.11476713460549,494.37506745879,-2.1505530292951,0.014339468263916,0.43152063487616,418.11717996251,0.48784843780433,-2.0349670409626,1.1195953508352e-09
12.25,1211966236.3957,1091801890.7123,1153332859.355,632828600.14329,513583385.0247,577355667.9617,0.083977448292488,0.038724986678459,-0.065754767911084,251548044.89614,288308296.34908,0.00015319680681147,0.00018375,0.00022619934094371,1.1184109630617,1.4079927238071e-12,6.4382017769649e-19,0.024500098447887,2.7598432197509,0.15176766543805,0.10357226345214,0.27016966119591,0.11521103041606,494.21822512332,-1.8431356144876,0.027613757897884,0.30456816997622,418.09065881586,0.45487392552793,-1.6177133188714,1.1195953582755e-09
12.3,1211028320.6972,1090944242.6983,1152416265.4307,631890684.44478,512725737.01072,576439074.03737,0.083977448292488,0.038724986678459,-0.065754767911084,251606474.82732,288194928.57241,0.0001538311533377,0.0001845,0.00022791716129162,1.1188909465689,1.4079927238071e-12,6.4382017769649e-19,0.025001666858167,4.0998568302478,0.15234074669515,0.10395971648141,0.27093977961986,0.11565310597273,494.59055477315,-1.9584255529489,-0.14919558150318,0.63436725669341,418.20865897982,0.38797920848479,-2.1078526381441,1.1195953683524e-09
12.35,1210124956.4715,1090115058.6947,1151517272.2991,630987320.21904,511896553.00714,575540080.90582,0.083977448292488,0.038724986678459,-0.065754767911084,251661821.55471,287838555.1384,0.00015520577689942,0.00018525,0.00022856862616214,1.119374216809,1.4079927238071e-12,6.4382017769649e-19,0.025045774248986,3.7494936393727,0.15291532775941,0.10434817960522,0.27161571635965,0.116095972404,494.57397643459,-2.8108299807371,-0.35631685406871,0.57192580169704,417.08416479173,0.58183701318483,-2.7733819936751,1.1195953883555e-09
12.4,1209138677.9505,1089204709.9235,1150586047.9455,630001041.69807,510986204.23596,574608856.55226,0.083977448292488,0.038724986678459,-0.065754767911084,251718200.42854,287636238.41923,0.00015561742569488,0.000186,0.0002292539014695,1.1198558454044,1.4079927238071e-12,6.4382017769649e-19,0.025314792539437,5.9634383777308,0.1534832734078,0.10472980458774,0.2726259922597,0.11653746238965,494.88376951398,-3.3738060502589,-0.41054480457914,1.1169466252723,416.96275327769,1.2173027292392,-3.2752570075395,1.1195954014483e-09
12.45,1208116723.4779,1088309738.3842,1149678584.0619,628979087.2254,510091232.69659,573701392.66865,0.083977448292488,0.038724986678459,-0.065754767911084,251772248.70708,287497042.38846,0.00015613157078567,0.00018675,0.00023043087201094,1.1203361593702,1.4079927238071e-12,6.4382017769649e-19,0.025267349540724,6.6173720807933,0.1540516639488,0.10511456123602,0.27301297678527,0.11697974213049,493.7927464799,-1.4153262712908,0.4655330464088,0.71335584952057,417.96176532186,0.99320029674732,-1.2747810212288,1.1195954094332e-09
12.475,1207695910.2094,1087933060.3123,1149254869.314,628558273.95697,509714554.62474,573277677.92076,0.083977448292488,0.038724986678459,-0.065754767911084,251797088.06522,287444776.6901,0.00015648795111353,0.000187125,0.00023057999083044,1.1205752366326,1.4079927238071e-12,6.4382017769649e-19,0.024897097442049,1.7564747137048,0.15433695918652,0.1053069290644,0.27343846253931,0.117200511043,493.94993811523,-1.8245109001612,-0.033711953322106,0.96643424570956,418.11902877389,0.99781040614222,-1.7791010989084,1.1195954189999e-09
12.525,1206814684.7499,1087149520.1878,1148389932.2572,627677048.49745,508931014.50018,572412740.86392,0.083977448292488,0.038724986678459,-0.065754767911084,251849443.22955,287301411.86222,0.00015675419983247,0.000187875,0.00023119265635606,1.1210574539132,1.4079927238071e-12,6.4382017769649e-19,0.024373439445183,0.84990712929713,0.15490754596471,0.10569281949906,0.27387256646036,0.11764355692356,494.27360231428,-2.3425659915011,-0.37767779599564,0.56940591532811,417.43936993129,1.2893108019625,-2.3337250215289,1.1195954295514e-09
12.575,1205841574.3396,1086270926.4549,1147415136.2359,626703938.08715,508052420.76734,571437944.84258,0.083977448292488,0.038724986678459,-0.065754767911084,251908095.00924,287179374.7465,0.00015723991397572,0.000188625,0.00023172915240305,1.1215365884311,1.4079927238071e-12,6.4382017769649e-19,0.024847345693305,3.2627594172066,0.15547628703115,0.10607742136209,0.27434440034692,0.11808635519617,494.23932013932,-3.0346409807942,-0.085260391802945,0.30241611901767,417.37776586858,0.92792453562352,-2.7235160528003,1.119595445582e-09
12.625,1204941279.0391,1085454454.7534,1146530639.3781,625803642.78665,507235949.06578,570553447.98478,0.083977448292488,0.038724986678459,-0.065754767911084,251962494.55225,286914844.64384,0.00015773205842386,0.000189375,0.00023239213127264,1.1220146927785,1.4079927238071e-12,6.4382017769649e-19,0.024564955966689,2.7009151474948,0.15604321474661,0.10646033232204,0.27494493872603,0.11852816465007,494.14737709916,-2.0411022118796,-0.20291894468491,0.6011171663549,418.33731116105,0.8194444058531,-1.9194501951199,1.1195954689188e-09
12.675,1204072424.6364,1084667900.1775,1145671056.7435,624934788.38397,506449394.48994,569693865.35024,0.083977448292488,0.038724986678459,-0.065754767911084,252013396.80965,286825282.21977,0.00015865537664634,0.000190125,0.00023309221398126,1.1224966594261,1.4079927238071e-12,6.4382017769649e-19,0.024351824685757,0.45805902823943,0.15660128338153,0.10683328216767,0.2768085871407,0.11896614762857,494.02524256363,-0.13627825213629,-0.57732538698473,1.5645812933512,419.77562951525,1.5870185818386,0.23238058562952,1.119595477849e-09
12.725,1203172990.4604,1083906088.1547,1144791926.5142,624035354.20791,505687582.46714,568814735.12089,0.083977448292488,0.038724986678459,-0.065754767911084,252060910.03109,286632074.2545,0.00015919220566503,0.000190875,0.00023380455188667,1.1229846737592,1.4079927238071e-12,6.4382017769649e-19,0.024883702656085,0.98106914236175,0.1571823723614,0.10722658398833,0.27703936144604,0.11940832418582,494.42583929564,-4.3550603653666,-0.48349033654323,0.87189630299272,415.65762441741,1.133954877784,-4.2056454484068,1.1195954790065e-09
12.775,1202200820.6243,1083046376.8877,1143826357.7411,623063184.37179,504827871.20012,567849166.34782,0.083977448292488,0.038724986678459,-0.065754767911084,252112922.8347,286512361.24172,0.00015968526477393,0.000191625,0.00023454730292974,1.1234600025196,1.4079927238071e-12,6.4382017769649e-19,0.02539456662473,2.7557544349761,0.15774418414703,0.1076064400224,0.27754038017988,0.11984972947986,493.20537637308,-1.4538378467441,-0.1836110857165,0.63169584699395,418.02906223551,0.63437307458968,-1.3385045181141,1.1195954817689e-09
12.825,1201327652.7704,1082257431.4356,1142971926.5988,622190016.51796,504038925.74797,566994735.20556,0.083977448292488,0.038724986678459,-0.065754767911084,252161510.13959,286401046.50137,0.00016022984135344,0.000192375,0.00023519741228328,1.1239373006345,1.4079927238071e-12,6.4382017769649e-19,0.024388760977384,1.8567732928993,0.15831196828183,0.10798968855125,0.27830352397156,0.12029028904748,493.63474698381,-1.85746583441,-0.18041460881675,0.83324559516739,418.44953612691,0.72304529245872,-1.7588700392636,1.1195954893898e-09
12.875,1200480013.6864,1081502353.7238,1142135502.7668,621342377.43398,503283848.03617,566158311.37354,0.083977448292488,0.038724986678459,-0.065754767911084,252209039.31619,286279311.31662,0.00016088877663241,0.000193125,0.00023593888069923,1.1244228438389,1.4079927238071e-12,6.4382017769649e-19,0.024281561598625,1.0961634452615,0.15888094165702,0.10837237944283,0.27951965837981,0.1207296240757,493.86977238694,-2.5542891105626,-0.12749329637378,1.0742197592215,417.13583786168,1.026730027925,-2.510629302762,1.1195955003556e-09
12.925,1199578304.0919,1080713856.7859,1141248104.3028,620440667.83946,502495351.0983,565270912.90949,0.083977448292488,0.038724986678459,-0.065754767911084,252256335.02108,286136092.86175,0.00016158872420722,0.000193875,0.00023665681418406,1.1249026973664,1.4079927238071e-12,6.4382017769649e-19,0.02509023288484,3.2233102499713,0.15944008870892,0.10874712094842,0.28111441104578,0.12116743195692,493.33263093981,-0.71091621726426,-0.57628403024605,1.5506936476352,418.51356421862,1.4735537431692,-0.7268059694545,1.1195955016596e-09
12.975,1198690733.6536,1079960917.8816,1140377871.4635,619553097.40116,501742412.19399,564400680.07017,0.083977448292488,0.038724986678459,-0.065754767911084,252301403.35163,286001256.50709,0.00016239196841541,0.000194625,0.00023733380699603,1.1253889305004,1.4079927238071e-12,6.4382017769649e-19,0.024790735236225,1.2197675960665,0.16001624542662,0.10913601782814,0.2817648038166,0.12160727048603,493.87223083073,-3.2789058706368,-0.52592780411888,1.383046850684,416.2238489219,1.3615991850309,-3.0113304897835,1.1195955122924e-09
13.025,1197730997.6005,1079128855.6927,1139439056.3032,618593361.34804,500910350.00511,563461864.90993,0.083977448292488,0.038724986678459,-0.065754767911084,252352729.44327,285453594.29094,0.00016261968508231,0.000195375,0.00023790276127345,1.125869724542,1.4079927238071e-12,6.4382017769649e-19,0.025525632394774,3.793020507117,0.16058079369532,0.10951925309079,0.28180926211603,0.12204923703354,492.32322140312,-2.1854367292287,-0.48578886569427,0.26880816736886,416.28165835344,0.33839364126658,-1.8754892859062,1.1195955348616e-09
13.075,1196769530.6786,1078294597.988,1138544371.0733,617631894.42612,500076092.30038,562567179.67998,0.083977448292488,0.038724986678459,-0.065754767911084,252400679.49532,285288660.61297,0.00016323917170331,0.000196125,0.00023865955327617,1.126349040331,1.4079927238071e-12,6.4382017769649e-19,0.025183419311347,3.3247109300629,0.16114663372886,0.10989935825826,0.28277594146083,0.12248810817922,493.164294602,-3.5605040110923,-0.41444801698074,1.0331542520268,415.73908999955,0.80056498900001,-3.3444026242593,1.1195955363011e-09
13.125,1195901223.2547,1077547079.0418,1137710772.8098,616763587.00223,499328573.35417,561733581.41653,0.083977448292488,0.038724986678459,-0.065754767911084,252444713.87584,285139502.19889,0.00016355584066114,0.000196875,0.00023925290594117,1.126824882393,1.4079927238071e-12,6.4382017769649e-19,0.024657380600405,1.6066576975092,0.16170916641338,0.11028017573286,0.28309267166998,0.12292804096454,492.35130792416,-1.3634634620308,-0.29745213299385,0.70454895142355,417.51698122754,0.5764004907828,-1.4160572900975,1.1195955393727e-09
13.175,1195064546.9638,1076807707.7044,1136891613.8822,615926910.7113,498589202.01686,560914422.48893,0.083977448292488,0.038724986678459,-0.065754767911084,252488382.26121,284999896.93457,0.0001639988568798,0.000197625,0.00023995752928431,1.1273036804043,1.4079927238071e-12,6.4382017769649e-19,0.024269746601987,0.81645339390598,0.16227551920133,0.11066239380171,0.28360126853618,0.12336805123968,492.50272332469,-1.6146579121776,-0.23148001299634,0.69802857756033,417.3678790927,0.47018240310489,-1.7147106292671,1.1195955462909e-09
13.225,1194211516.5215,1076052766.9251,1136035531.7418,615073880.26902,497834261.23748,560058340.34854,0.083977448292488,0.038724986678459,-0.065754767911084,252532467.87864,284883974.73661,0.00016436620598881,0.000198375,0.0002405962233974,1.1277822897862,1.4079927238071e-12,6.4382017769649e-19,0.024537077932812,2.5542729239552,0.16284141643788,0.11104458660222,0.28411497816449,0.12380796937375,492.38470642384,-1.9189778019135,-0.20507724432026,0.52396597490446,417.12438872343,0.64749364729031,-2.043538827146,1.1195955615149e-09
13.275,1193365721.2698,1075313396.4901,1135215038.8999,614228085.01732,497094890.80256,559237847.50664,0.083977448292488,0.038724986678459,-0.065754767911084,252576100.93279,284780221.16898,0.0001648946813316,0.000199125,0.00024121048705482,1.128259622136,1.4079927238071e-12,6.4382017769649e-19,0.024443112666094,0.90108458560657,0.16340368062049,0.1114236866247,0.28493857887527,0.12424676130386,492.32479690268,-1.3574845023704,-0.31493590492268,0.78511145131356,417.89073782256,0.57540646476448,-1.3981794007853,1.1195955789412e-09
13.325,1192537044.3593,1074594027.1053,1134413282.2511,613399408.10681,496375521.41769,558436090.85779,0.083977448292488,0.038724986678459,-0.065754767911084,252617931.32195,284646522.45396,0.00016533094916743,0.000199875,0.00024183347271187,1.1287392204133,1.4079927238071e-12,6.4382017769649e-19,0.024284911620566,0.83982972634104,0.16396951692115,0.11180601445123,0.28534708284977,0.12468595280723,492.4908610831,-1.9460132826564,-0.19630599096277,0.63948535767823,417.66066367035,0.49421519137221,-1.6510490333031,1.1195955898462e-09
13.375,1191708922.695,1073862639.6742,1133599486.2349,612571286.44257,495644133.98657,557622294.84163,0.083977448292488,0.038724986678459,-0.065754767911084,252660438.9381,284517870.11102,0.00016568280002784,0.000200625,0.00024247300355059,1.1292212228474,1.4079927238071e-12,6.4382017769649e-19,0.024370175595716,0.77876658568608,0.16453587762901,0.11218941918967,0.28761875683197,0.12512612952962,491.98992881609,-2.659784126319,0.08249369656331,0.24317896416473,416.2799877577,0.42743777141624,-2.6022995970881,1.1195956102372e-09
13.425,1190875453.4678,1073115365.077,1132785932.2479,611737817.21529,494896859.38939,556808740.85459,0.083977448292488,0.038724986678459,-0.065754767911084,252704134.48899,284366057.21924,0.00016614870117676,0.000201375,0.00024311495792346,1.1296990317011,1.4079927238071e-12,6.4382017769649e-19,0.02453227214632,1.2990681713497,0.16509921848619,0.11256965739996,0.28778137527954,0.12556472968401,492.00695855099,-2.7226613680935,0.087745481921336,0.60255858358239,416.46562166353,0.6671385810457,-2.5687566676383,1.1195956542426e-09
13.475,1190048080.9041,1072391108.5201,1131975620.7845,610910444.65162,494172602.83248,555998429.39117,0.083977448292488,0.038724986678459,-0.065754767911084,252744984.24219,284231107.63917,0.00016662555924879,0.000202125,0.00024382317787131,1.1301756974905,1.4079927238071e-12,6.4382017769649e-19,0.024342531851441,1.4272636055324,0.1656597357842,0.1129477821724,0.28823048004625,0.12600314074558,492.0006790927,-1.664768590726,-0.081276211517988,0.70087340034887,417.52613506981,0.58709716532054,-1.6413404641364,1.1195957523076e-09
13.525,1189236134.2496,1071684667.3975,1131178118.2333,610098497.99711,493466161.70996,555200926.84006,0.083977448292488,0.038724986678459,-0.065754767911084,252784676.03521,284108916.68467,0.00016708380309439,0.000202875,0.00024448912622939,1.1306547736626,1.4079927238071e-12,6.4382017769649e-19,0.024273232064835,1.3931341494517,0.16622278257241,0.11332755131529,0.28873014820673,0.12644126988701,491.97180117581,-1.6715687373791,0.051273880958398,0.67477500015701,417.43710225456,0.33845902642706,-1.486866323146,1.1195958870249e-09
13.575,1188392526.6209,1070964192.5567,1130356890.229,609254890.36842,492745686.8691,554379698.83576,0.083977448292488,0.038724986678459,-0.065754767911084,252824296.77018,283969242.14667,0.00016785520854113,0.000203625,0.00024522920652452,1.1311331977447,1.4079927238071e-12,6.4382017769649e-19,0.024615384859309,2.4477329833165,0.16677952338581,0.11370104319387,0.29007868185185,0.12687723386284,491.84454411421,-0.0041625728451136,-0.17515369937993,1.1990659271082,418.71587430677,0.90011871487203,0.20854466318923,1.1195962830287e-09
13.625,1187552998.6559,1070256129.3699,1129538310.2122,608415362.40339,492037623.68229,553561118.81893,0.083977448292488,0.038724986678459,-0.065754767911084,252861562.80465,283848782.7514,0.00016816295814157,0.000204375,0.00024585725091583,1.1316133285406,1.4079927238071e-12,6.4382017769649e-19,0.02458861972098,4.1226423565433,0.16734642339684,0.11408482679577,0.2901911434562,0.12731643659683,491.65050017348,-1.5927666039906,-0.13894224111213,0.4713460548212,417.34084484925,0.51877039810516,-1.5027884979341,1.1195963002314e-09
13.675,1186720234.3987,1069518782.3427,1128727275.7883,607582598.14619,491300276.65507,552750084.39504,0.083977448292488,0.038724986678459,-0.065754767911084,252902437.51898,283637977.83105,0.00016855810236181,0.000205125,0.00024645667823596,1.1320948282012,1.4079927238071e-12,6.4382017769649e-19,0.024537107286298,1.887605058676,0.16791115254809,0.11446671985192,0.29064924642906,0.1277548875108,491.52509129628,-2.5496027962224,-0.055798279657099,0.47046243859323,416.15587511039,0.59058861345407,-2.4018966254627,1.1195963441092e-09
13.725,1185870387.9577,1068784915.2398,1127912777.5692,606732751.70525,490566409.55223,551935586.17587,0.083977448292488,0.038724986678459,-0.065754767911084,252942240.08838,283483582.17687,0.00016948793345768,0.000205875,0.00024727360907819,1.1325742049017,1.4079927238071e-12,6.4382017769649e-19,0.024600744885893,1.4938208052005,0.16846390844265,0.11483579156405,0.29234364008235,0.12818861642649,491.51912147023,-0.89603597568982,-0.32674962667189,1.433506344289,417.59176045363,1.27640086283,-0.51738473681173,1.119596944819e-09
13.775,1185044702.7935,1068108021.7376,1127110755.2692,605907066.54104,489889516.05002,551133563.87588,0.083977448292488,0.038724986678459,-0.065754767911084,252977391.77421,283331533.88308,0.00016991528699607,0.000206625,0.00024793249132566,1.1330549102688,1.4079927238071e-12,6.4382017769649e-19,0.024667789763517,0.77733430075678,0.1690296539872,0.11521818103967,0.2923188299954,0.1286260842762,491.09919136757,-1.4591682485828,-0.043069006299872,0.73111967683059,416.85895520735,0.92323784743373,-1.1618766476475,1.1195969988031e-09
13.825,1184192556.4934,1067394162.1653,1126303001.2976,605054920.24097,489175656.47767,550325809.90432,0.083977448292488,0.038724986678459,-0.065754767911084,253014420.31199,283235819.9989,0.00017035068581702,0.000207375,0.00024862974807666,1.133535851311,1.4079927238071e-12,6.4382017769649e-19,0.024615169657564,0.78872708361267,0.1695941451502,0.11559896798651,0.29275845021324,0.12906365123916,490.82630531346,-2.6804704709034,0.20015098419176,0.56483781606085,415.52823477761,0.59563108424732,-2.2769974486136,1.1195971469641e-09
13.875,1183360469.62,1066673140.2607,1125477519.2086,604222833.36749,488454634.57312,549500327.81532,0.083977448292488,0.038724986678459,-0.065754767911084,253051782.80838,283125822.16693,0.00017081647425106,0.000208125,0.00024928618891689,1.1340108832319,1.4079927238071e-12,6.4382017769649e-19,0.024733694874628,1.5489701651925,0.17015251449199,0.1159757774244,0.29328469354337,0.12950063842611,490.76409831227,-1.9417742257489,0.11209767520249,0.52677089539673,416.50135687707,0.78686877156451,-1.818841500635,1.1195977710158e-09
13.925,1182548614.0201,1065979256.286,1124678644.3891,603410977.76762,487760750.59846,548701452.99583,0.083977448292488,0.038724986678459,-0.065754767911084,253088248.20271,283010854.41497,0.0001714309541543,0.000208875,0.00025058240843798,1.1344969488869,1.4079927238071e-12,6.4382017769649e-19,0.024153080515723,0.85192415973201,0.17072033327938,0.11635823746199,0.29410183821524,0.12993596374221,491.22577362974,-3.8168327407598,-0.21998039366954,0.98737916630792,414.0159860021,0.86469329657959,-3.9684478289489,1.1195992624235e-09
13.975,1181694740.5754,1065232946.4335,1123850166.6736,602557104.3229,487014440.74589,547872975.28031,0.083977448292488,0.038724986678459,-0.065754767911084,253123393.1048,282900404.66072,0.0001718874193716,0.000209625,0.00025111421519263,1.1349693202845,1.4079927238071e-12,6.4382017769649e-19,0.025529410876034,4.9710175626222,0.17127344945853,0.11673113705668,0.29476173266691,0.13037250524682,490.56601411964,-1.9082399062491,0.11969362391752,0.72517693067269,416.16315614966,0.6556750975567,-1.8489228673912,1.1196003012933e-09
14.025,1180904620.9304,1064554311.1764,1123086307.5187,601766984.67797,486335805.48879,547109116.12539,0.083977448292488,0.038724986678459,-0.065754767911084,253157850.50444,282795994.46559,0.00017236543478583,0.000210375,0.00025176208155197,1.1354449685069,1.4079927238071e-12,6.4382017769649e-19,0.024274815235968,4.3639980585821,0.17183251426526,0.11710828590015,0.29543213224574,0.13080884072834,490.80049415119,-1.8145478678379,-0.12833605405116,0.73823308455358,416.77067223796,0.44640320248288,-1.6950129169198,1.1196018662663e-09
14.075,1180113507.8952,1063879453.7135,1122318423.9812,600975871.64269,485660948.02594,546341232.58789,0.083977448292488,0.038724986678459,-0.065754767911084,253192601.24152,282677023.52694,0.00017321197073788,0.000211125,0.00025246143613904,1.1359275679129,1.4079927238071e-12,6.4382017769649e-19,0.024151081041418,1.6755675006555,0.17238923985551,0.11748063286368,0.2970360812434,0.13124175822572,490.92772708393,-1.8565794067094,-0.37827853229413,1.4414933943634,416.27451077387,1.0284973903245,-1.8123420314274,1.1196031535924e-09
14.125,1179300889.8848,1063215914.4455,1121536239.0974,600163253.63232,484997408.75795,545559047.70407,0.083977448292488,0.038724986678459,-0.065754767911084,253225026.6304,282535063.17686,0.00017380808301215,0.000211875,0.00025317498163768,1.1364043386341,1.4079927238071e-12,6.4382017769649e-19,0.024776508429212,1.4575640459144,0.17294887695403,0.11785898175697,0.29790605681954,0.13167791304643,490.21060152914,-1.8585338043021,0.11772254280173,0.71432608045646,416.17015169481,0.36072628191292,-1.6290151584901,1.1196033659392e-09
14.175,1178469305.654,1062513911.6655,1120749868.6482,599331669.40151,484295405.97789,544772677.25489,0.083977448292488,0.038724986678459,-0.065754767911084,253258811.86233,282426024.55268,0.00017446203863379,0.000212625,0.00025385495891463,1.1368923335755,1.4079927238071e-12,6.4382017769649e-19,0.024402956658332,1.5439086148456,0.17351595517368,0.1182400790463,0.29871286884424,0.13211221296191,491.22245523562,-5.1839339242996,-0.26457793350617,1.2232618268987,413.02816236271,1.1330214936951,-5.2060596490057,1.1196060265872e-09
14.225,1177559598.1729,1061796268.4359,1119906086.4284,598421961.92044,483577762.74836,543928895.03509,0.083977448292488,0.038724986678459,-0.065754767911084,253292232.04248,282292851.80834,0.00017476837257431,0.000213375,0.00025440486570478,1.1373647346206,1.4079927238071e-12,6.4382017769649e-19,0.025251496253486,2.1505342730104,0.17406717964926,0.11861201507864,0.299059688992,0.13254770158616,489.99482205981,-1.9016946795941,-0.15062370422575,0.76063185208576,415.73610589538,0.50909406927409,-1.9086871796811,1.1196070076587e-09
14.275,1176734987.2305,1061116131.988,1119128352.7987,597597350.97805,482897626.30045,543151161.40545,0.083977448292488,0.038724986678459,-0.065754767911084,253324731.92124,282191295.51144,0.00017542649691193,0.000214125,0.00025503543533171,1.1378404459753,1.4079927238071e-12,6.4382017769649e-19,0.024218098852949,1.4529480831943,0.17462167902444,0.11898417213764,0.30016825531733,0.13298117430436,490.38743801143,-1.1330868230689,-0.33122710657019,1.1262834962797,416.916469419,0.73170148358824,-1.1435885147199,1.1196087056681e-09
14.325,1175956556.5992,1060474763.5084,1118375688.6056,596818920.34675,482256257.82081,542398497.21227,0.083977448292488,0.038724986678459,-0.065754767911084,253355841.56662,282090070.63231,0.00017579064742115,0.000214875,0.00025572040215264,1.1383210574875,1.4079927238071e-12,6.4382017769649e-19,0.024269066165709,0.75655045399871,0.17518403540079,0.11936381274033,0.30041357646294,0.13341678411786,490.05401740032,-2.0378632354198,-0.22494722354341,0.74311249393894,415.71974868645,0.9384801791692,-1.9468045203582,1.1196090471809e-09
14.375,1175148253.1616,1059787025.0803,1117581678.9308,596010616.90917,481568519.39273,541604487.53754,0.083977448292488,0.038724986678459,-0.065754767911084,253389100.83194,281945527.03237,0.00017613371096518,0.000215625,0.00025629136468892,1.1388021206996,1.4079927238071e-12,6.4382017769649e-19,0.024711859120184,8.0457391493977,0.17574357468701,0.11974120460863,0.30053780473592,0.13385170541366,490.232357598,-3.1604432567322,-0.033103856265061,0.5248222385164,414.53444403544,0.39555491632342,-3.1290785291882,1.1196106481322e-09
14.425,1174271936.8275,1059057067.9378,1116787507.5674,595134300.57505,480838562.25026,540810316.17407,0.083977448292488,0.038724986678459,-0.065754767911084,253422355.29684,281824954.37274,0.00017655788735672,0.000216375,0.0002568883402721,1.1392790911708,1.4079927238071e-12,6.4382017769649e-19,0.024850149228613,2.1309790976368,0.17630084061277,0.12011779244012,0.3011349989546,0.13428738561606,489.20949075034,-3.1200177616712,0.28703288440908,0.16291199369701,414.38592082237,0.56543894736076,-2.7688364403116,1.1196141528756e-09
14.475,1173483646.995,1058388632.6149,1116044061.926,594346010.74249,480170126.92733,540066870.53272,0.083977448292488,0.038724986678459,-0.065754767911084,253454660.78603,281711155.27177,0.0001774252879014,0.000217125,0.00025767540993268,1.1397571122596,1.4079927238071e-12,6.4382017769649e-19,0.024179491025576,1.0610582850154,0.17684827834302,0.12048248949192,0.30300197148904,0.13471801014731,489.77009350285,-1.5052519754573,-0.26234961242689,1.332556420503,415.87829587354,1.122624988548,-1.1573442288156,1.1196159066718e-09
14.525,1172686173.0875,1057756938.5145,1115278374.2973,593548536.83507,479538432.82695,539301182.90398,0.083977448292488,0.038724986678459,-0.065754767911084,253483880.98257,281641577.2827,0.00017818405702448,0.000217875,0.00025837979174058,1.1402395109849,1.4079927238071e-12,6.4382017769649e-19,0.024532623966208,1.4102232903375,0.17740866450451,0.12085837296069,0.3038312186336,0.13515057458497,490.12453933444,-3.540472957875,-0.27358126965684,1.4334394924513,413.90140628369,1.1239245312172,-3.643744039916,1.1196165098821e-09
14.575,1171870628.2313,1057067324.0667,1114450440.9556,592732991.97881,478848818.37912,538473249.56236,0.083977448292488,0.038724986678459,-0.065754767911084,253513632.58118,281472843.985,0.00017850149712724,0.000218625,0.00025892711020636,1.1407174509456,1.4079927238071e-12,6.4382017769649e-19,0.02500145543793,4.0622024580585,0.1779659092605,0.12123467842395,0.30400977868712,0.13558540198594,489.55428821821,-3.2151394543049,-0.11847126793089,0.72174253807072,413.93500084264,0.58544436612196,-3.1626741068902,1.1196178734527e-09
14.625,1171034533.8191,1056370337.8682,1113629475.8445,591896897.5666,478151832.18065,537652284.45124,0.083977448292488,0.038724986678459,-0.065754767911084,253544421.96327,281296088.85694,0.00017883310020531,0.000219375,0.00025944868725752,1.1411943757577,1.4079927238071e-12,6.4382017769649e-19,0.025034892907575,3.9863473699119,0.17851929572756,0.12160845501983,0.30485968724339,0.13601993060515,488.5097754742,-2.2468655740054,0.13498844338418,0.42782911836273,414.25058441354,0.19174037907759,-2.2560181903083,1.1196277233849e-09
14.675,1170245574.2601,1055713424.5689,1112876169.4868,591107938.00765,477494918.88136,536898978.09347,0.083977448292488,0.038724986678459,-0.065754767911084,253574853.61408,281202550.26275,0.00017967886890874,0.000220125,0.00026022587290345,1.1416721040166,1.4079927238071e-12,6.4382017769649e-19,0.024517008818085,2.1578689446126,0.17907313077989,0.12197840350992,0.30650753286902,0.13645042579567,489.34736293412,-2.9014135865988,-0.27658576683746,1.3845085684514,414.21066263958,0.97166094869829,-2.9852585463816,1.1196284506761e-09
14.725,1169473419.5528,1055100080.3424,1112137948.4956,590335783.30038,476881574.65483,536160757.10232,0.083977448292488,0.038724986678459,-0.065754767911084,253602325.65502,281061231.81734,0.00018012414911935,0.000220875,0.00026080575984306,1.1421459843471,1.4079927238071e-12,6.4382017769649e-19,0.024477506695316,0.87484723445266,0.1796253906067,0.12235035985771,0.30704704639287,0.13688389399661,489.467305542,-1.9584452166095,-0.20850056334072,1.0392373959561,415.39283417603,0.89429231947314,-1.904619605592,1.1196290282683e-09
14.775,1168686357.7487,1054455993.7713,1111395112.1953,589548721.49619,476237488.08371,535417920.80203,0.083977448292488,0.038724986678459,-0.065754767911084,253630918.05282,280975699.65798,0.00018041609319748,0.000221625,0.00026133547020887,1.1426237415212,1.4079927238071e-12,6.4382017769649e-19,0.024357751532292,2.9609177584971,0.18018327007498,0.12272753782985,0.30913330107905,0.13731890716184,489.05013880273,-2.8023498571772,-0.13943326964021,0.37578774066091,414.37296129969,0.64541931548324,-2.9028296496646,1.1196297182838e-09
14.825,1167850619.9967,1053773340.2813,1110621045.4208,588712983.74429,475554834.59374,534643854.02753,0.083977448292488,0.038724986678459,-0.065754767911084,253665659.3151,280145865.67254,0.00018123691183777,0.000222375,0.00026208142444375,1.1430988389541,1.4079927238071e-12,6.4382017769649e-19,0.024466556645922,1.5958742899622,0.18072634612478,0.12308937539395,0.31065574206493,0.13774833786067,489.1802719192,-0.67751399047172,-0.36433506011275,1.4426548353151,416.58298481571,1.2605665721293,-0.55063087545274,1.1196305566433e-09
14.875,1167076772.8767,1053173379.5444,1109893016.1936,587939136.62424,474954873.85681,533915824.80028,0.083977448292488,0.038724986678459,-0.065754767911084,253691807.38074,280078095.67679,0.00018163409325315,0.000223125,0.00026267962152942,1.1435797929117,1.4079927238071e-12,6.4382017769649e-19,0.0243468026596,0.82997744349094,0.1812904353715,0.12347104488463,0.31078160713825,0.13818251925154,488.63784946014,-3.1375023962116,-0.27408893701202,0.69391296742248,414.02621256935,0.54849504796782,-3.1176279120544,1.1196314282503e-09
14.925,1166318698.8298,1052534968.109,1109160143.0417,587181062.57731,474316462.42138,533182951.64837,0.083977448292488,0.038724986678459,-0.065754767911084,253720651.4956,280043984.23413,0.00018189544883539,0.000223875,0.0002632757707548,1.1440611664842,1.4079927238071e-12,6.4382017769649e-19,0.024428021720677,2.6705999151755,0.18184469368029,0.1238452539353,0.31097628180603,0.1386171582878,487.46698725378,-2.6193317196254,0.044121867891553,0.28289227950542,413.0194536834,0.38434974415179,-2.6572782038823,1.1196354860126e-09
14.975,1165543420.9717,1051882932.5573,1108408776.9396,586405784.71925,473664426.86972,532431585.54627,0.083977448292488,0.038724986678459,-0.065754767911084,253749501.52181,279981446.32786,0.00018272672719467,0.000224625,0.00026398447063649,1.1445329213373,1.4079927238071e-12,6.4382017769649e-19,0.0246393139733,1.6660957194874,0.1823852544117,0.12420504627413,0.31330817549727,0.13904558898657,488.51627327728,-0.39581658585474,-0.29000073788015,1.437244508204,416.06959300276,1.2566805973559,-0.33968031408655,1.1196366237725e-09
15.025,1164771456.8387,1051286278.6568,1107686933.6283,585633820.58627,473067772.96925,531709742.235,0.083977448292488,0.038724986678459,-0.065754767911084,253774420.70027,279867023.60808,0.00018313788383553,0.000225375,0.00026455285440957,1.1450094947912,1.4079927238071e-12,6.4382017769649e-19,0.024401238394807,2.5351111529881,0.18294605272024,0.12458436501778,0.31362523753177,0.13947889080286,488.09055664304,-1.8075674288151,-0.21018903252385,0.80579005017105,415.0502467886,0.74302171251476,-1.7698299210532,1.1196383658766e-09
15.075,1164031036.0209,1050670371.2518,1106971089.5759,584893399.7684,472451865.56418,530993898.18258,0.083977448292488,0.038724986678459,-0.065754767911084,253801324.5954,279806987.60107,0.00018355365517388,0.000226125,0.00026517154138746,1.1454859628189,1.4079927238071e-12,6.4382017769649e-19,0.024172777653437,1.4094541230983,0.18350007538333,0.12495767030453,0.3140010130521,0.13991136343473,488.23640219572,-2.3713823806309,-0.083591752523979,0.64318632551918,414.75796006045,0.45998242499251,-2.2746926477468,1.1196441220824e-09
15.125,1163265505.8802,1050045016.8681,1106254046.1872,584127869.62778,471826511.1805,530276854.79394,0.083977448292488,0.038724986678459,-0.065754767911084,253828138.0716,279727688.66961,0.00018401699822326,0.000226875,0.00026577586391596,1.1459613047871,1.4079927238071e-12,6.4382017769649e-19,0.024192264019284,1.8372217398561,0.18405199615094,0.12532915297253,0.31450177965454,0.14034334272163,488.57862410416,-2.5315847807198,-0.21672354085841,0.73417431600514,415.005992787,0.67197001893664,-2.32267691182,1.1196500536059e-09
15.175,1162524496.6658,1049438538.1031,1105546848.7525,583386860.41334,471220032.4155,529569657.35921,0.083977448292488,0.038724986678459,-0.065754767911084,253854279.29432,279640042.24495,0.0001844754692836,0.000227625,0.00026647819073061,1.146437622661,1.4079927238071e-12,6.4382017769649e-19,0.024043676012543,0.78203323154515,0.1846049227416,0.12570128779631,0.31507490326869,0.14077498149279,488.34661732168,-2.3451222280465,-0.022514365558504,0.71238510869312,414.96252674439,0.58346011744121,-2.3001040070336,1.1196549089014e-09
15.225,1161785531.0594,1048836113.6587,1104838022.6968,582647894.80697,470617607.97115,528860831.30349,0.083977448292488,0.038724986678459,-0.065754767911084,253880074.38355,279547925.80033,0.00018513186691343,0.000228375,0.00026749165698953,1.1469195800864,1.4079927238071e-12,6.4382017769649e-19,0.024326736326252,8.5276579204315,0.18516006671089,0.12607312056806,0.31625464494905,0.14120412850864,488.67583895963,-3.817761435651,-0.15573557530171,1.2006517665884,413.24609087938,0.66648027703923,-3.9066259886405,1.1196591136499e-09
15.275,1161017767.2175,1048226366.197,1104108723.3658,581880130.96504,470007860.50937,528131531.97249,0.083977448292488,0.038724986678459,-0.065754767911084,253904632.14609,279450326.38359,0.00018548923293155,0.000229125,0.00026798739399099,1.1473941019225,1.4079927238071e-12,6.4382017769649e-19,0.024717520289444,1.8984335457579,0.18570805416691,0.12644251335598,0.3168263124735,0.14163575959285,487.9784969778,-2.067747945826,-0.093264820015289,0.74955915828512,414.65181791144,0.76728624219976,-1.9597422942532,1.1196602673709e-09
15.325,1160263692.2621,1047616271.2932,1103392873.9846,581126056.00962,469397765.60565,527415682.59132,0.083977448292488,0.038724986678459,-0.065754767911084,253929552.1904,279336439.28681,0.00018600525407365,0.000229875,0.00026857466221493,1.1478687014881,1.4079927238071e-12,6.4382017769649e-19,0.024181226582901,1.6311665197015,0.18625881670646,0.12681335071395,0.31756268425403,0.14206693692291,488.14807061443,-2.2750692181067,-0.0041192215602251,0.85602011089053,414.93987159892,0.7420771308079,-2.1824194013603,1.1196623630692e-09
15.375,1159531857.547,1047026137.6006,1102687591.9314,580394221.29452,468807631.91298,526710400.53807,0.083977448292488,0.038724986678459,-0.065754767911084,253954387.18492,279276770.47975,0.00018644387289001,0.000230625,0.00026921781150464,1.1483436930699,1.4079927238071e-12,6.4382017769649e-19,0.024112538794908,2.3615350657019,0.18681033586829,0.12718498589228,0.31806419756919,0.14249816291045,488.04378174076,-2.1933542519375,0.029351279652816,0.68940731579078,415.08280186384,0.55830827548194,-1.9786937015994,1.1196662239429e-09
15.425,1158798627.2462,1046429198.2076,1101989106.4828,579660990.9937,468210692.51999,526011915.08955,0.083977448292488,0.038724986678459,-0.065754767911084,253979053.59891,279171165.14329,0.00018710293888807,0.000231375,0.0002699326654587,1.1488192736976,1.4079927238071e-12,6.4382017769649e-19,0.024051464988524,0.97090681839741,0.1873592753645,0.12755322319653,0.31916041378284,0.14292737333785,488.15424410617,-1.8363379224296,-0.080891887083205,1.0783323225472,415.58989822332,0.6988669812132,-1.570907727679,1.119672506169e-09
15.475,1158077923.7997,1045855777.0858,1101297473.8312,578940287.5472,467637271.39822,525320282.43791,0.083977448292488,0.038724986678459,-0.065754767911084,254002237.4309,279057800.78214,0.00018745717240163,0.000232125,0.00027054637820914,1.1492981079005,1.4079927238071e-12,6.4382017769649e-19,0.024067880842947,0.71152937257609,0.18791349760885,0.12792718902914,0.3194469254357,0.14335902492363,487.96174959753,-2.9855385923712,0.047247273126629,0.65636663838045,414.27530781489,0.61890391222976,-2.8623744801608,1.1196767321884e-09
15.525,1157347331.125,1045261307.0304,1100595574.6283,578209694.8725,467042801.34279,524618383.235,0.083977448292488,0.038724986678459,-0.065754767911084,254026692.10354,278972797.59706,0.00018785109461534,0.000232875,0.0002711616258352,1.1497740190944,1.4079927238071e-12,6.4382017769649e-19,0.024211278298179,1.048657824841,0.1884593644197,0.12829442143077,0.32000204800661,0.14378966614315,488.07660286974,-1.9161855429811,-0.41219834387356,0.62911029662777,414.95624550649,0.6672503896965,-1.843276780281,1.1196817834218e-09
15.575,1156495738.3506,1044618291.6777,1099763676.7258,577358102.09813,466399785.99007,523786485.3325,0.083977448292488,0.038724986678459,-0.065754767911084,254053204.7536,278558518.39853,0.00018865167139461,0.000233625,0.00027184416910282,1.1502536623942,1.4079927238071e-12,6.4382017769649e-19,0.024473419871093,2.1781343846851,0.1890068176184,0.1286597458398,0.32133205498334,0.14421662846796,487.98588513441,-2.5087000419478,-0.51496827682995,1.4282520512945,414.17884273969,1.0692650058136,-2.2750243172184,1.1196891832896e-09
15.625,1155740722.5815,1044039511.0964,1099032689.1415,576603086.32906,465821005.40882,523055497.74822,0.083977448292488,0.038724986678459,-0.065754767911084,254075104.44182,278472513.71912,0.00018894977034221,0.000234375,0.00027240027539625,1.1507285641785,1.4079927238071e-12,6.4382017769649e-19,0.024618581684876,1.3188813558744,0.18955928711199,0.12903325096854,0.32158282092243,0.14464819473861,487.21511876469,-2.5907769329011,-0.041512453904273,0.57983266906665,413.97643771915,0.56967476117099,-2.4721376171716,1.1196940496884e-09
15.675,1155026152.8317,1043455472.7415,1098343864.5625,575888516.57922,465236967.05392,522366673.1692,0.083977448292488,0.038724986678459,-0.065754767911084,254098563.93614,278411801.45116,0.00018941779362645,0.000235125,0.00027304366723043,1.1512031388991,1.4079927238071e-12,6.4382017769649e-19,0.023982284390179,1.225953985495,0.19010742224805,0.12940204194737,0.32222930729616,0.14507777244411,487.38990218085,-2.3996994995998,-0.027065274856291,0.68047441183217,414.32922898536,0.5320429606046,-2.2492411393984,1.1197109600219e-09
15.725,1154314810.4561,1042886467.0371,1097657270.9862,575177174.20362,464667961.34949,521680079.59295,0.083977448292488,0.038724986678459,-0.065754767911084,254120982.93683,278344157.73429,0.00018994319218965,0.000235875,0.00027372003090514,1.1516831355858,1.4079927238071e-12,6.4382017769649e-19,0.024163182046814,1.6739515477154,0.19065745691819,0.12977046370625,0.3229981183761,0.14550589969342,487.75214419267,-3.3668123349465,-0.37369744654177,1.0847569969217,413.1483593449,0.8343095317155,-3.2832667899331,1.1197222390221e-09
15.775,1153555043.7456,1042286361.6697,1096926597.8859,574417407.49312,464067855.98215,520949406.49257,0.083977448292488,0.038724986678459,-0.065754767911084,254142650.6739,278267198.94307,0.00019057174668768,0.000236625,0.00027437447371312,1.1521590796282,1.4079927238071e-12,6.4382017769649e-19,0.024798085331961,6.8698375976099,0.19120507646631,0.13013754940631,0.32378724394793,0.1459336984164,487.36796617928,-3.082234895392,-0.39476273348279,1.2160722962843,413.26116999309,1.056911822779,-3.1611815524183,1.1197310750246e-09
15.825,1152784169.6141,1041708054.6571,1096226550.0664,573646533.36166,463489548.96949,520249358.67312,0.083977448292488,0.038724986678459,-0.065754767911084,254164350.40459,278136625.96791,0.00019134220711784,0.000237375,0.00027506242369569,1.152635105202,1.4079927238071e-12,6.4382017769649e-19,0.024364152932264,2.8672936680298,0.19174437428697,0.13049718009576,0.32508401478458,0.14635945614636,487.1110058258,-1.2573443540383,-0.54414113114102,1.6775827749448,414.79562794207,1.3364655903203,-1.1295859423012,1.1197386005483e-09
15.875,1152051695.3584,1041158086.4586,1095537184.1473,572914059.10592,462939580.77103,519559992.75405,0.083977448292488,0.038724986678459,-0.065754767911084,254184276.65347,278027726.38646,0.00019169407859908,0.000238125,0.00027555689308185,1.1531163037665,1.4079927238071e-12,6.4382017769649e-19,0.024351404663707,0.90518206936714,0.19230001420047,0.13087229997975,0.32487354200664,0.14679036212465,486.18988196223,-3.152402624164,-0.02827345208796,0.72291482119222,412.22154994761,0.9604887424904,-3.2211055874425,1.1197464073322e-09
15.925,1151300750.6643,1040548792.6147,1094811447.5696,572163114.41188,462330286.92716,518834256.17627,0.083977448292488,0.038724986678459,-0.065754767911084,254206909.67164,277972266.31107,0.00019244525902658,0.000238875,0.00027631100523086,1.1535909752119,1.4079927238071e-12,6.4382017769649e-19,0.024556023705417,4.1065263789421,0.19283960665416,0.13123159045745,0.32632694045755,0.14721530483059,486.86877197608,-1.9269134857863,-0.4958853193888,1.5132264669974,413.77266992807,1.3890639985576,-1.7357708375508,1.119753237779e-09
15.975,1150566655.5155,1039992174.9793,1094108047.9314,571429019.26305,461773669.29168,518130856.53808,0.083977448292488,0.038724986678459,-0.065754767911084,254226550.08019,277879430.64311,0.00019282524893167,0.000239625,0.00027743173690345,1.1540681513639,1.4079927238071e-12,6.4382017769649e-19,0.024404871221825,1.4257489716461,0.19339257611205,0.13160422093756,0.32698949749004,0.14764464012775,486.54698236081,-2.8851317409636,-0.33133568002384,1.0689686291653,412.61662927711,0.89743230025081,-2.9568236365872,1.1197584217173e-09
16.025,1149835581.4167,1039400684.8035,1093408557.4215,570697945.16426,461182179.1159,517431366.02817,0.083977448292488,0.038724986678459,-0.065754767911084,254247595.71129,277814266.78559,0.00019377963602916,0.000240375,0.00027798867490812,1.1545435768035,1.4079927238071e-12,6.4382017769649e-19,0.024432528410235,1.9294247169749,0.19394049898959,0.13197424265587,0.32702824709702,0.14807451824268,485.24028211776,-2.4522773833285,-0.29222125745649,0.57365318968462,412.50046858663,0.65198194637963,-2.4001001889305,1.1197669625121e-09
16.075,1149123440.5082,1038832332.6334,1092729858.262,569985804.25569,460613826.94584,516752666.86872,0.083977448292488,0.038724986678459,-0.065754767911084,254269107.38022,277747973.60619,0.00019411136432388,0.000241125,0.00027845785773033,1.1550134832452,1.4079927238071e-12,6.4382017769649e-19,0.024076219281316,1.3526466193833,0.19448463259917,0.13233972887742,0.32762900130545,0.14850293378,486.32522995331,-2.552938776084,-0.18509736804057,0.67754516540085,413.60511704659,0.69623517807443,-2.4764131138017,1.1197754469364e-09
16.125,1148432320.2436,1038286040.2405,1092070160.6028,569294683.99114,460067534.55288,516092969.20948,0.083977448292488,0.038724986678459,-0.065754767911084,254289579.95349,277689094.30956,0.00019468715759086,0.000241875,0.00027920957329641,1.1554971909435,1.4079927238071e-12,6.4382017769649e-19,0.023729853127601,1.3882265491301,0.19503852584306,0.13271135991593,0.32845032490275,0.14892992174432,486.88836894313,-5.1835108949668,-0.1297130680969,1.0479804462287,410.74840161324,0.90945142470822,-5.0156025108184,1.1197838530914e-09
16.175,1147674509.7594,1037700308.1723,1091349930.6344,568536873.5069,459481802.48468,515372739.24111,0.083977448292488,0.038724986678459,-0.065754767911084,254309805.10035,277566595.18524,0.00019498273318529,0.000242625,0.00027973812885309,1.1559676567547,1.4079927238071e-12,6.4382017769649e-19,0.024846047342874,3.61123375514,0.19558079394669,0.13307683573305,0.32876265895549,0.14935875423106,485.74826591033,-3.121429579023,-0.076386700777123,0.63072875678702,412.40674335236,0.58412812774094,-3.1006356912643,1.1197914222825e-09
16.225,1146980195.4724,1037149496.0706,1090688895.2077,567842559.21992,458930990.38301,514711703.81445,0.083977448292488,0.038724986678459,-0.065754767911084,254330184.64929,277477908.96103,0.00019572744811617,0.000243375,0.00028039456401838,1.1564409777655,1.4079927238071e-12,6.4382017769649e-19,0.023906485845834,1.4546335193064,0.19611743684833,0.13343398690206,0.33034609862307,0.14978277397001,486.2136258152,-1.5383865840441,-0.36790359110947,1.4509253885535,414.18446762479,1.0425744073921,-1.3203378881626,1.1197992876244e-09
16.275,1146277445.4666,1036618345.43,1090034838.6217,567139809.21414,458399839.7424,514057647.22843,0.083977448292488,0.038724986678459,-0.065754767911084,254348196.07112,277361975.64611,0.00019592739866911,0.000244125,0.00028086659120816,1.1569200112803,1.4079927238071e-12,6.4382017769649e-19,0.024160669931421,0.82702650314274,0.19667171061146,0.13380889519062,0.33057477328202,0.15021309836645,485.41856407317,-3.6161357932317,-0.17543297378466,0.41198466747693,411.60034804787,0.35707092253708,-3.4221117332436,1.119808464435e-09
16.325,1145521824.9961,1036013021.6404,1089337442.538,566384188.74363,457794515.95285,513360251.14468,0.083977448292488,0.038724986678459,-0.065754767911084,254369000.22048,277275807.21595,0.00019628470463652,0.000244875,0.00028140389783553,1.1573903418622,1.4079927238071e-12,6.4382017769649e-19,0.024396204649735,1.8960005956425,0.19721397533971,0.13417394660656,0.33096184327617,0.15064068611915,485.35855214278,-2.1247571922802,-0.099826829013232,0.58300277623338,413.26254824948,0.36666807844711,-2.0418494609136,1.1198238917182e-09
16.375,1144829453.1947,1035472455.3058,1088676004.2216,565691816.94224,457253949.61821,512698812.82836,0.083977448292488,0.038724986678459,-0.065754767911084,254388445.62679,277090578.96389,0.00019682394853007,0.000245625,0.00028202509061751,1.1578694147527,1.4079927238071e-12,6.4382017769649e-19,0.023825276153875,1.651299652738,0.19776156651735,0.1345405937942,0.33181460698704,0.15106681582547,486.30690911915,-3.9743587313234,-0.27584414406855,1.0863911769995,411.76843383752,0.81168753551203,-3.7000048811096,1.1198314992707e-09
16.425,1144085247.3405,1034897597.5247,1087974470.3922,564947611.08802,456679091.83712,511997278.99887,0.083977448292488,0.038724986678459,-0.065754767911084,254407568.40377,277017982.788,0.00019731601893644,0.000246375,0.00028259389937527,1.1583421773844,1.4079927238071e-12,6.4382017769649e-19,0.024556892600906,2.1795570733797,0.19830544071848,0.13490705981962,0.33510778458267,0.15149399274892,485.08228096671,-2.7291616913573,-0.090939647693218,0.66031396224176,412.43308633762,0.17345907052924,-2.4847356611277,1.1198379619518e-09
16.475,1143394011.6903,1034357701.253,1087325527.4755,564256375.43788,456139195.56543,511348336.08225,0.083977448292488,0.038724986678459,-0.065754767911084,254426385.8901,276954744.94049,0.00019756838837525,0.000247125,0.00028316788719152,1.158819002394,1.4079927238071e-12,6.4382017769649e-19,0.023973724097936,1.4229058861814,0.19885219707394,0.13527491924508,0.33478399085074,0.15192224581872,484.96924161609,-4.1357692913459,0.16472044420512,0.12722057397699,410.90226490088,0.46110693319623,-3.9713045321355,1.1198471126327e-09
16.525,1142693950.8782,1033800822.2605,1086657514.7761,563556314.62571,455582316.5729,510680323.38286,0.083977448292488,0.038724986678459,-0.065754767911084,254445874.74913,276874682.15929,0.00019794165037483,0.000247875,0.00028371522104449,1.1592894207457,1.4079927238071e-12,6.4382017769649e-19,0.024195044503798,1.7790159304374,0.19939294452501,0.13563832689995,0.33506984740202,0.15234937675606,484.92998885566,-2.7837273269837,-0.040086091069126,0.4880368219325,412.43691220554,0.62856971223735,-2.628281822034,1.1198545210936e-09
16.575,1142004333.3156,1033266201.6838,1086011384.36,562866697.06314,455047695.99617,510034192.96673,0.083977448292488,0.038724986678459,-0.065754767911084,254464222.58051,276810381.38319,0.00019837427388085,0.000248625,0.00028430307125102,1.1597647059745,1.4079927238071e-12,6.4382017769649e-19,0.023812808924486,1.5431515095137,0.19993706154498,0.13600398362852,0.33538672032028,0.15277668071521,484.90113205163,-3.5003943006759,-0.12890439569292,0.28052560906755,411.61680625011,0.60217463360019,-3.2616078714121,1.119862691596e-09
16.625,1141323980.8442,1032720978.4219,1085354590.8108,562186344.59174,454502472.73435,509377399.41748,0.083977448292488,0.038724986678459,-0.065754767911084,254482782.4831,276741267.68022,0.00019868393668708,0.000249375,0.00028492177085054,1.1602362560549,1.4079927238071e-12,6.4382017769649e-19,0.023995518528733,0.8031707834572,0.20047808234164,0.13636750062768,0.33591841842885,0.15320234652302,484.96271743829,-2.4578456610655,-0.23943245758841,0.65110422884564,412.79575919801,0.5202062375456,-2.1876296234373,1.1198794555266e-09
16.675,1140617129.4774,1032184981.5478,1084698473.7976,561479493.22493,453966475.86021,508721282.40431,0.083977448292488,0.038724986678459,-0.065754767911084,254500125.47275,276648359.26418,0.00019954315754522,0.000250125,0.00028565594482306,1.1607145199389,1.4079927238071e-12,6.4382017769649e-19,0.023900140490646,1.6555144275888,0.20101758338654,0.13672642294313,0.3373050192199,0.15362434123603,485.27150290286,-2.6275637165044,-0.43552807946158,1.4906420560045,412.47577617405,1.0993977578717,-2.4618452599744,1.1198842875398e-09
16.725,1139927296.5402,1031679405.6815,1084049031.911,560789660.28777,453460899.99388,508071840.51769,0.083977448292488,0.038724986678459,-0.065754767911084,254516267.24114,276533512.86605,0.00019979373448868,0.000250875,0.00028613002556843,1.1611901437814,1.4079927238071e-12,6.4382017769649e-19,0.024402232594903,0.74843527126698,0.20156146549558,0.13709338797407,0.33749508329868,0.15405104803077,484.89262765848,-2.5646952267888,-0.030992657834718,0.59691181946002,412.09770233845,0.13123016148912,-2.5568509689684,1.1198842886352e-09
16.775,1139234963.0159,1031137915.7221,1083384384.4093,560097326.76339,452919410.03448,507407193.01598,0.083977448292488,0.038724986678459,-0.065754767911084,254534116.31133,276477550.94431,0.00020006870990107,0.000251625,0.00028670283986607,1.1616654308578,1.4079927238071e-12,6.4382017769649e-19,0.02424307878309,2.4804321828709,0.20210662443921,0.13745994845246,0.33571887031649,0.15447780232164,483.9099177047,-3.6596228889509,0.0067450608312879,0.15583275486234,410.79873765001,0.2185826902424,-3.4420635982597,1.1198844024334e-09
16.825,1138557003.5334,1030598211.4387,1082748882.0648,559419367.28096,452379705.75109,506771690.6715,0.083977448292488,0.038724986678459,-0.065754767911084,254551919.1482,276395284.91155,0.00020051647108346,0.000252375,0.00028742862782191,1.162133760287,1.4079927238071e-12,6.4382017769649e-19,0.024032276380644,2.7238788851998,0.2026461688481,0.13782208671705,0.33629761418027,0.15490315381934,484.61642967737,-2.8009226356748,0.048215694203885,0.58854237880303,412.43231716578,0.37790324996876,-2.6899213360157,1.1198849459986e-09
16.875,1137886174.3439,1030080203.1775,1082120795.1273,558748538.0914,451861697.48994,506143603.73398,0.083977448292488,0.038724986678459,-0.065754767911084,254568735.38551,276307855.1016,0.00020091033751376,0.000253125,0.00028819757457014,1.1626070621369,1.4079927238071e-12,6.4382017769649e-19,0.023767286430622,2.7752243261263,0.2031893127346,0.13818769700458,0.33733250287193,0.15532902214931,484.55185902481,-2.2231810171819,0.0719832868733,0.51271163416658,412.7077400306,0.27437131946206,-2.2645638249762,1.1198881042469e-09
16.925,1137206387.8308,1029547334.9049,1081478433.5286,558068751.5783,451328829.2173,505501242.13533,0.083977448292488,0.038724986678459,-0.065754767911084,254586177.30885,276075825.55196,0.00020155137941146,0.000253875,0.0002890259353827,1.1630889677941,1.4079927238071e-12,6.4382017769649e-19,0.024095348976621,3.8085430755645,0.20373453463082,0.13855154997247,0.33806407194253,0.15575282207699,485.32922196454,-5.2100632217229,-0.30044734950818,1.1327803092723,409.93990584106,0.82277966188256,-5.3357186905492,1.1198885713476e-09
16.975,1136480232.431,1029005200.1492,1080766705.4473,557342596.17856,450786694.46157,504789514.05401,0.083977448292488,0.038724986678459,-0.065754767911084,254602846.80046,276042716.42019,0.0002022296500991,0.000254625,0.00028962109347334,1.1635574362741,1.4079927238071e-12,6.4382017769649e-19,0.024799115116351,3.068042126278,0.20426512299976,0.13890603971532,0.33927215261039,0.15617494907458,484.57504773586,-1.6051704169793,-0.26069470285728,1.3929209501368,413.24703356017,0.89681932395405,-1.4797077810609,1.1198896389306e-09
17.025,1135810813.8356,1028510643.5907,1080128542.072,556673177.58316,450292137.90308,504151350.67873,0.083977448292488,0.038724986678459,-0.065754767911084,254618000.75018,275959086.22205,0.00020222779964056,0.000255375,0.00029007675624521,1.1640348521897,1.4079927238071e-12,6.4382017769649e-19,0.023900320235293,1.9753459938162,0.2048127921641,0.13927513505141,0.33970916902316,0.15660059079879,484.41018771684,-3.4307948089837,0.016842446737113,0.63035337140419,411.30969562441,0.4968658189248,-3.4510036555981,1.1198960520673e-09
17.075,1135127586.2276,1027985398.607,1079479725.2044,555989949.97511,449766892.91938,503502533.8111,0.083977448292488,0.038724986678459,-0.065754767911084,254634606.72732,275917918.37921,0.00020264189419709,0.000256125,0.00029065976986567,1.1645055872915,1.4079927238071e-12,6.4382017769649e-19,0.024265371444739,2.0969932915622,0.20535107941171,0.13963633419615,0.34010072479025,0.15702512904844,484.33933133541,-2.7596336324085,-0.15824354881571,0.71302829302304,412.25885346693,0.44802200591639,-2.8326545153752,1.1199019036416e-09
17.125,1134467252.2184,1027480836.1504,1078854593.6248,555329615.96595,449262330.46282,502877402.23149,0.083977448292488,0.038724986678459,-0.065754767911084,254650432.04443,275795647.54665,0.00020307695235334,0.000256875,0.00029123378701513,1.1649781007807,1.4079927238071e-12,6.4382017769649e-19,0.023723518302594,0.78469027411009,0.20589189147905,0.13999965182379,0.34057543280789,0.15744962007204,484.27173906602,-2.688877200319,-0.19969537573906,0.65417404584324,412.59067980491,0.37570581524777,-2.486045482571,1.1199078879984e-09
17.175,1133816340.2399,1026981526.9258,1078234835.711,554678703.98742,448763021.23817,502257644.31775,0.083977448292488,0.038724986678459,-0.065754767911084,254665977.50623,275717127.65007,0.00020350552954768,0.000257625,0.00029178847474986,1.1654536586041,1.4079927238071e-12,6.4382017769649e-19,0.023807867729305,1.2121130157368,0.20643213905937,0.14036217705032,0.34115004194405,0.15787372859255,484.27403653044,-2.9412819256185,-0.076833242768842,0.65361735570573,411.90828294136,0.60325824328877,-2.9276443517939,1.1199139066292e-09
17.225,1133148623.9017,1026479816.2034,1077602535.9049,554010987.64924,448261310.51577,501625344.5116,0.083977448292488,0.038724986678459,-0.065754767911084,254681406.95003,275662571.01909,0.00020398065815836,0.000258375,0.00029235994198498,1.1659250151491,1.4079927238071e-12,6.4382017769649e-19,0.024156285149783,1.2510469900391,0.20697137717679,0.1407241128304,0.34183373695615,0.15829735917576,484.36631991615,-2.8845021381207,-0.20950294913475,0.81998006655081,412.4595826278,0.55958432727613,-2.6525082646381,1.1199190452534e-09
17.275,1132490673.6226,1025989239.7934,1076984831.7414,553353037.37011,447770734.10584,501007640.34813,0.083977448292488,0.038724986678459,-0.065754767911084,254696574.41218,275601220.04229,0.00020464779143692,0.000259125,0.00029305107426689,1.1663992433232,1.4079927238071e-12,6.4382017769649e-19,0.023811535871849,0.84088660067828,0.20750261586136,0.14107747035198,0.34345778034247,0.15871726574162,484.16845676451,-0.72775737610289,-0.29013650657449,1.5060392944067,413.98349597886,1.0085364298232,-0.7421622237606,1.1199212528813e-09
17.325,1131816285.8399,1025513750.1453,1076364979.4199,552678649.58742,447295244.45773,500387788.02659,0.083977448292488,0.038724986678459,-0.065754767911084,254710368.49729,275499382.37893,0.00020501757972767,0.000259875,0.00029389335235809,1.1668776444388,1.4079927238071e-12,6.4382017769649e-19,0.024124624557795,0.72674795100357,0.20805015429367,0.14144660932177,0.34485905942787,0.15914220485218,483.73718559412,-3.006096857423,0.028138887366238,0.6397353681365,411.1550760043,0.28662237651099,-3.4286028948084,1.1199271040028e-09
17.375,1131134758.269,1024998243.6136,1075729879.9824,551997122.0165,446779737.92603,499752688.5891,0.083977448292488,0.038724986678459,-0.065754767911084,254725651.06581,275437520.98145,0.00020556697105453,0.000260625,0.0002944701721278,1.1673532198627,1.4079927238071e-12,6.4382017769649e-19,0.024410533792699,2.11728199662,0.20859138846317,0.14180845170601,0.345437801886,0.1595643762927,484.16517899201,-4.7962731196615,-0.1773261752465,0.98837953146925,410.1213941185,0.64887891743257,-4.646111313752,1.1199318737466e-09
17.425,1130475961.8725,1024503554.5838,1075106179.674,551338325.62004,446285048.89618,499128988.28072,0.083977448292488,0.038724986678459,-0.065754767911084,254740016.41958,275368775.72043,0.00020594364116308,0.000261375,0.00029502800973157,1.1678248049115,1.4079927238071e-12,6.4382017769649e-19,0.024202331224149,2.4410775316458,0.20912738813653,0.14216876715129,0.34585018760221,0.15998721567648,483.62226065071,-3.1606265457567,-0.0076300535586559,0.76853617916321,411.36737458854,0.18219968509005,-3.3272128022015,1.1199371734347e-09
17.475,1129806161.6992,1024001812.21,1074483644.0925,550668525.44677,445783306.52238,498506452.69919,0.083977448292488,0.038724986678459,-0.065754767911084,254754488.50323,275303036.07876,0.00020624258114337,0.000262125,0.00029554190160604,1.1682990902773,1.4079927238071e-12,6.4382017769649e-19,0.023995911039153,2.5529136839537,0.20966658515282,0.14253146081841,0.34612009881429,0.16041178753171,482.92800489204,-3.7078539919882,0.070729235830009,0.28327288465274,410.64634757305,0.3041935604228,-3.3692028299386,1.1199462090936e-09
17.525,1129159178.2277,1023498458.1433,1073869737.5869,550021541.97525,445279952.4557,497892546.19362,0.083977448292488,0.038724986678459,-0.065754767911084,254769733.13867,275220356.48076,0.00020658183375895,0.000262875,0.00029603067662949,1.168775712676,1.4079927238071e-12,6.4382017769649e-19,0.023835119978922,1.007105757801,0.2102057351364,0.14289316768507,0.34657064317337,0.16083578459115,483.00445464361,-3.9746466666655,-0.11448197089565,0.39459833498595,409.62239730824,0.37290581368139,-3.8327450909679,1.1199529045483e-09
17.575,1128449414.3143,1022946706.9714,1073176881.6261,549311778.06185,444728201.28378,497199690.23278,0.083977448292488,0.038724986678459,-0.065754767911084,254784618.42283,275148314.45686,0.00020711824038368,0.000263625,0.00029670298265026,1.1692482443341,1.4079927238071e-12,6.4382017769649e-19,0.024808796565642,7.1653046819617,0.21073996838054,0.14324996368335,0.34733808923357,0.16125691993292,483.52815416591,-3.6670308214799,0.049796291899357,0.75767287686891,410.06575155693,0.86497175118581,-3.8937416604759,1.1199575917589e-09
17.625,1127768499.9573,1022439682.7363,1072526224.4149,548630863.70486,444221177.04867,496549033.02157,0.083977448292488,0.038724986678459,-0.065754767911084,254798212.42288,275062552.30283,0.00020762297816983,0.000264375,0.00029726461127371,1.1697219227417,1.4079927238071e-12,6.4382017769649e-19,0.024375922980664,2.8468944056449,0.21127637155852,0.14360915713813,0.34790255008052,0.16167868985245,483.40698912006,-3.6133150169973,0.011972937876825,0.9049877790354,409.99884992655,0.8842173925094,-3.5724016798558,1.1199625808206e-09
17.675,1127016940.746,1021907194.1694,1071822847.7047,547879304.49358,443688688.48185,495845656.31139,0.083977448292488,0.038724986678459,-0.065754767911084,254812289.7915,275005404.04465,0.00020806980864693,0.000265125,0.00029780493232748,1.1701905331107,1.4079927238071e-12,6.4382017769649e-19,0.024464750339637,2.0621950905474,0.21181128546469,0.14396806800204,0.34819397737019,0.16210076864099,483.37438497608,-3.3712750202851,-0.048751822533106,0.71068815194225,411.05492052529,0.64542011037105,-3.2498393391965,1.1199692371875e-09
17.725,1126358408.4048,1021427335.5846,1071210454.251,547220772.15238,443208829.89704,495233262.85768,0.083977448292488,0.038724986678459,-0.065754767911084,254825856.03539,274735160.5224,0.00020859687203335,0.000265875,0.00029840771093359,1.1706630081354,1.4079927238071e-12,6.4382017769649e-19,0.023708271824086,1.011289013821,0.21234775191455,0.14432782846841,0.34906959008517,0.16252261240255,483.50235005374,-3.3596166928027,-0.29345273913525,0.57942342662504,411.13870264869,0.70383718599276,-3.2217591155376,1.1199737877851e-09
17.775,1125707449.1014,1020944204.0617,1070599984.3202,546569812.84896,442725698.37412,494622792.92688,0.083977448292488,0.038724986678459,-0.065754767911084,254839698.43317,274515749.66924,0.00020910908151434,0.000266625,0.0002989545628604,1.1711331466759,1.4079927238071e-12,6.4382017769649e-19,0.023914475618647,1.8324955284977,0.21288303060231,0.14468674394158,0.34973969388791,0.16294429139475,483.44370775094,-2.8489286632195,-0.073515144903078,0.73301776426621,411.8650610131,0.64246174861769,-2.8331451308503,1.1199832233445e-09
17.825,1125059757.8424,1020473035.7356,1069993926.8659,545922121.58993,442254530.04806,494016735.4726,0.083977448292488,0.038724986678459,-0.065754767911084,254853407.93533,274408063.26827,0.00020989075069963,0.000267375,0.0002997703360192,1.1716089194948,1.4079927238071e-12,6.4382017769649e-19,0.023714513220752,1.8860605640115,0.21341283502493,0.14503850120772,0.35139099270195,0.16336187813502,483.19054048915,-1.9126015590631,-0.33394305177268,1.4853720527303,412.29858671634,1.0384588846533,-1.7694209152849,1.1199896634779e-09
17.875,1124394934.438,1020014834.4026,1069377604.0869,545257298.1855,441796328.71501,493400412.69364,0.083977448292488,0.038724986678459,-0.065754767911084,254865717.56008,274286160.19626,0.00021028431082577,0.000268125,0.00030079869000726,1.172085800772,1.4079927238071e-12,6.4382017769649e-19,0.024221168009481,1.5093732445831,0.21395533518115,0.14540247316819,0.35189102752683,0.16378349360962,483.61439019561,-4.029932976154,-0.37832363433886,1.0553178392387,410.20603008282,0.83846843714939,-4.1806725474273,1.1199949743515e-09
17.925,1123731183.5397,1019526311.7867,1068746904.7401,544593547.28728,441307806.09909,492769713.34677,0.083977448292488,0.038724986678459,-0.065754767911084,254878781.65331,274215909.87087,0.00021051570281047,0.000268875,0.00030117485645988,1.1725601426819,1.4079927238071e-12,6.4382017769649e-19,0.024698220499811,4.3601419788948,0.21449048172323,0.14576252117517,0.35199462720893,0.16420664140482,482.28716507507,-3.5546412645333,-0.018217682651702,0.43670212130604,409.78033795075,0.27224098135304,-3.5508134694665,1.1200038054067e-09
17.975,1123060961.8429,1019014334.2061,1068104387.0257,543923325.59043,440795828.51848,492127195.63237,0.083977448292488,0.038724986678459,-0.065754767911084,254892208.90187,274151395.55358,0.00021113355865685,0.000269625,0.00030181447429832,1.1730268990644,1.4079927238071e-12,6.4382017769649e-19,0.024220881683993,1.9836325421658,0.21502089440812,0.14611641331399,0.35318434927724,0.16462562462933,482.69046499588,-2.4555489764798,-0.046110689165306,1.0638653107857,411.75153562531,0.5208758565177,-2.3480197050993,1.1200099841874e-09
18.025,1122436613.1576,1018566873.2596,1067519429.9287,543298976.9051,440348367.572,491542238.5354,0.083977448292488,0.038724986678459,-0.065754767911084,254904172.88385,274094928.8625,0.00021154520531625,0.000270375,0.0003023864957852,1.1735042665215,1.4079927238071e-12,6.4382017769649e-19,0.023608290895537,2.2735037383298,0.21556072963534,0.14647794033303,0.35370353424318,0.16504694097389,483.18088122163,-4.4607197578394,-0.42251025274611,0.90451644796645,409.7227930467,0.47786506687713,-4.3783239379385,1.1200157620091e-09
18.075,1121762940.6911,1018071115.1155,1066900816.1057,542625304.43862,439852609.42791,490923624.71238,0.083977448292488,0.038724986678459,-0.065754767911084,254916788.18549,274094862.42217,0.00021189973462591,0.000271125,0.00030284787637576,1.1739773805545,1.4079927238071e-12,6.4382017769649e-19,0.024358061306682,4.2068173209015,0.21609498929178,0.14683765637638,0.35359043669618,0.16546847775037,481.5768187565,-3.1725793818168,0.08731689747838,0.37709354509179,409.62188494646,-0.051663154616846,-3.2235249717919,1.1200291388467e-09
18.125,1121080725.0424,1017565343.82,1066293294.4514,541943088.78996,439346838.13243,490316103.0581,0.083977448292488,0.038724986678459,-0.065754767911084,254929771.80464,273963429.38677,0.00021243908031427,0.000271875,0.00030337753415584,1.1744443306432,1.4079927238071e-12,6.4382017769649e-19,0.024197947437647,4.8591400826828,0.21662686619476,0.14719404379273,0.35431701784671,0.16588897109425,482.42076329224,-3.1186521043406,-0.095967614669988,0.7669684784618,410.96550859851,0.49241397810118,-3.1529366927847,1.1200378249443e-09
18.175,1120457508.5164,1017111684.8001,1065716578.7375,541319872.26389,438893179.11252,489739387.34418,0.083977448292488,0.038724986678459,-0.065754767911084,254941850.9474,273924436.21503,0.00021279235240136,0.000272625,0.00030392474832404,1.1749153146479,1.4079927238071e-12,6.4382017769649e-19,0.023494840213227,0.78804748690399,0.21716018175181,0.14755175703584,0.35491411594422,0.16630973098314,482.33657668476,-2.8048912768621,-0.033465538941294,0.65432996475917,411.35714129125,0.15381935452998,-2.4681500627879,1.1200445138574e-09
18.225,1119789178.5884,1016633021.4836,1065113535.5981,540651542.33596,438414515.79602,489136344.20484,0.083977448292488,0.038724986678459,-0.065754767911084,254954138.85501,273873997.35994,0.00021323707865339,0.000273375,0.00030456322288419,1.1753933503865,1.4079927238071e-12,6.4382017769649e-19,0.02384876909303,1.7567829773825,0.21769677986501,0.14791154071631,0.35581358582751,0.16672984495367,482.26901541601,-3.4360726692995,0.46288048023555,0.56191636493191,409.43904205403,0.10605642055261,-3.7896449611982,1.1200508870296e-09
18.25,1119473183.0576,1016403257.2141,1064820080.6151,540335546.80515,438184751.52655,488842889.22185,0.083977448292488,0.038724986678459,-0.065754767911084,254960132.35759,273836973.20182,0.00021347368973016,0.00027375,0.00030494722781299,1.1756315387099,1.4079927238071e-12,6.4382017769649e-19,0.02491071412181,5.8502230213562,0.21796377853352,0.14809029617874,0.35619460784142,0.16693962579761,481.76946099775,-4.147632640132,0.34732110145541,0.69092345455122,408.72617904576,0.45920662727678,-4.3846855068847,1.1200539089015e-09
18.3,1118756136.7037,1015905927.9498,1064185379.8749,539618500.45129,437687422.2622,488208188.48165,0.083977448292488,0.038724986678459,-0.065754767911084,254972059.78015,273749234.70332,0.0002138070281069,0.0002745,0.00030540844025474,1.1761030560338,1.4079927238071e-12,6.4382017769649e-19,0.024622610877542,5.6142815318268,0.2184973662848,0.14844901037162,0.37321722044896,0.16736032585415,481.10985325567,-3.8996692999895,0.45968864016703,0.20820220736077,408.61359611638,0.1060336670769,-3.9713555909628,1.1200608979144e-09
18.325,1118458010.4659,1015680973.8154,1063910477.434,539320374.2134,437462468.12781,487933286.04076,0.083977448292488,0.038724986678459,-0.065754767911084,254977925.53399,273707639.22525,0.00021411805223941,0.000274875,0.00030574358784329,1.1763364505254,1.4079927238071e-12,6.4382017769649e-19,0.024008214490259,4.0391827041607,0.21876335734028,0.14862637756984,0.36942595611292,0.16756928221647,481.46019520179,-4.1057004269819,0.25704682878811,0.83349342522419,409.19282414831,0.31849396647619,-4.0587431515281,1.1200763090461e-09
18.375,1117836162.5209,1015228100.9571,1063338513.6019,538698526.26841,437009595.26955,487361322.20863,0.083977448292488,0.038724986678459,-0.065754767911084,254989325.55361,273621432.84757,0.00021465419818835,0.000275625,0.00030636566189462,1.1768128345932,1.4079927238071e-12,6.4382017769649e-19,0.02346340816832,1.2788126888447,0.21929810740912,0.14898324798827,0.36789805788408,0.16798752215052,482.36736310294,-5.6625594900932,-0.33376621626818,1.0292438287193,407.90444478948,0.482807266955,-5.6394830877849,1.1200763123049e-09
18.425,1117176993.9096,1014772239.9181,1062746972.218,538039357.65712,436553734.23053,486769780.82476,0.083977448292488,0.038724986678459,-0.065754767911084,255000329.47629,273551556.09878,0.00021501150718237,0.000276375,0.0003068472147764,1.1772798312193,1.4079927238071e-12,6.4382017769649e-19,0.024381271002605,3.843143452299,0.21982261085543,0.14933531140487,0.36752997505585,0.16840745713135,481.69318020349,-2.3532093787297,-0.1551252613318,0.62020874269574,410.53259156603,0.27285810584648,-2.1015573432126,1.1201141876769e-09
18.475,1116522306.2088,1014297180.9917,1062162387.0023,537384669.95631,436078675.30413,486185195.60899,0.083977448292488,0.038724986678459,-0.065754767911084,255011600.34391,273511857.04331,0.00021528412380561,0.000277125,0.00030734727919823,1.1777515303023,1.4079927238071e-12,6.4382017769649e-19,0.024053121980169,4.7669823204149,0.2203589669533,0.1496956479471,0.36675302774387,0.16882824890331,481.18984515741,-3.7979220172304,0.17568509664212,0.16841842196841,409.26893201962,0.32748234429356,-3.7820191994528,1.1201371685337e-09
18.525,1115899988.4862,1013832650.1129,1061583028.2539,536762352.23371,435614144.42528,485605836.86061,0.083977448292488,0.038724986678459,-0.065754767911084,255023385.23389,273434178.74502,0.00021607194227589,0.000277875,0.0003080543819714,1.1782207434462,1.4079927238071e-12,6.4382017769649e-19,0.023755738778949,1.1250597143153,0.22088181360408,0.1500423763919,0.37128764831012,0.16924323031213,481.63079481628,-2.068428748789,-0.13331317866457,1.2738925547703,411.30225900119,0.73056275286534,-1.8469010009814,1.1201485287522e-09
18.575,1115272899.4808,1013405547.317,1061009888.1926,536135263.22835,435187041.62937,485032696.79928,0.083977448292488,0.038724986678459,-0.065754767911084,255033713.53463,273307529.63203,0.0002164328334818,0.000278625,0.00030867816220761,1.1786960457813,1.4079927238071e-12,6.4382017769649e-19,0.023812872279286,0.67851682288731,0.22141750910613,0.15040017063255,0.36826894811796,0.16966099732862,482.03829293215,-3.4134184035253,-0.20849746139759,1.1738971243993,409.89400960816,0.78076191442715,-3.4355281068644,1.1201589892442e-09
18.625,1114590371.815,1012920256.006,1060386568.7357,535452735.5625,434701750.31842,484409377.34241,0.083977448292488,0.038724986678459,-0.065754767911084,255046522.09122,273150549.50263,0.00021692677777184,0.000279375,0.00030910179647237,1.1791686345484,1.4079927238071e-12,6.4382017769649e-19,0.024657422549229,7.7778248826649,0.22195050146879,0.15075895096932,0.36761963872471,0.17008118677067,480.81235431155,-3.4350242988098,0.041982176807414,0.34618987711335,409.37491417943,0.49732370015512,-3.4290643225595,1.1201718836502e-09
18.675,1113943420.726,1012443328.8205,1059790757.6733,534805784.47351,434224823.13291,483813566.28005,0.083977448292488,0.038724986678459,-0.065754767911084,255058864.44402,272984231.73773,0.00021752274976298,0.000280125,0.00030964282743945,1.1796358206998,1.4079927238071e-12,6.4382017769649e-19,0.023877943615926,3.4749404670689,0.22247970607027,0.15111371425596,0.3675522268584,0.17050001205177,481.47129347687,-3.2643942412618,-0.059549120475758,0.64027029621238,410.47322418125,0.56102044090929,-3.1887893113194,1.1201826096632e-09
18.725,1113334920.8187,1012006271.9779,1059226958.6372,534197284.56625,433787766.29034,483249767.24395,0.083977448292488,0.038724986678459,-0.065754767911084,255069620.95084,272922975.23589,0.00021782900412768,0.000280875,0.00031018365685771,1.1801088009109,1.4079927238071e-12,6.4382017769649e-19,0.023450343637477,0.80210262881785,0.2230129373515,0.15147189690722,0.36744974163378,0.17092005948701,481.03268806277,-3.9616722464419,0.12634661725234,0.15588553225319,409.37105382594,0.4209248631135,-4.0122771063945,1.1201918687439e-09
18.775,1112722324.535,1011556490.941,1058654260.668,533584688.28257,433337985.25341,482677069.27474,0.083977448292488,0.038724986678459,-0.065754767911084,255080845.72961,272818687.68978,0.00021830821611546,0.000281625,0.00031082722896781,1.1805785848188,1.4079927238071e-12,6.4382017769649e-19,0.023696424573159,0.67926081187136,0.22353967123769,0.15182378767474,0.36741935363528,0.17133739305406,481.34408447919,-3.0831294823375,0.33553013443,0.58540755170604,410.29667054242,0.6458511790837,-2.9838708972908,1.1202040300276e-09
18.825,1112097907.9439,1011111662.2746,1058079353.3426,532960271.69141,432893156.58699,482102161.94933,0.083977448292488,0.038724986678459,-0.065754767911084,255091302.67915,272735637.75251,0.0002187264869643,0.000282375,0.0003114593344466,1.1810533022965,1.4079927238071e-12,6.4382017769649e-19,0.023831606918978,9.2268516928585,0.22407437521234,0.15218220502055,0.36752644884325,0.17175516934443,480.84804492601,-4.0026915383756,0.46570060814245,0.61735916407584,408.83752206731,0.64148392083435,-3.9174186916491,1.12021382193e-09
18.875,1111458921.7278,1010658192.7014,1057483958.3776,532321285.4753,432439687.01385,481506766.98427,0.083977448292488,0.038724986678459,-0.065754767911084,255101650.41728,272672737.73929,0.0002191030469363,0.000283125,0.00031198731987848,1.1815215635565,1.4079927238071e-12,6.4382017769649e-19,0.024151986440072,1.2109932010544,0.22460327194003,0.15253713617714,0.36757565682203,0.17217364636047,480.68944002673,-3.5313028695026,0.12881415681262,0.4459702807538,409.54986269536,0.60254036338052,-3.6158828523589,1.1202239567865e-09
18.925,1110856335.8545,1010215943.7055,1056923231.1288,531718699.60208,431997438.01787,480946039.73556,0.083977448292488,0.038724986678459,-0.065754767911084,255111964.90192,272603878.05449,0.00021956667934646,0.000283875,0.00031256150677392,1.1819933549338,1.4079927238071e-12,6.4382017769649e-19,0.023549894709669,1.3656782310154,0.22513350929265,0.15289241695408,0.36791660516513,0.17259214122012,480.42205972302,-4.1566160689192,-0.019270548648178,0.26415900188514,408.9413327959,0.55583993103088,-3.9086241198372,1.1202341531706e-09
18.975,1110262122.0452,1009778758.2895,1056360805.8058,531124485.79275,431560252.60189,480383614.41251,0.083977448292488,0.038724986678459,-0.065754767911084,255122277.63751,272534569.14952,0.00022003784720972,0.000284625,0.00031312562188488,1.1824593739406,1.4079927238071e-12,6.4382017769649e-19,0.023606919829133,0.59964452385426,0.22565968663745,0.15324485755923,0.36855850858793,0.17300936016369,480.5902690197,-2.6620008230077,0.14351992722322,0.52656746433052,410.71693143678,0.45997704346749,-2.5460881927533,1.120244710721e-09
19.025,1109669017.8955,1009354897.6669,1055814054.1887,530531381.64308,431136391.97931,479836862.79537,0.083977448292488,0.038724986678459,-0.065754767911084,255132023.27597,272478608.14879,0.00022042657804711,0.000285375,0.00031369747549919,1.1829299958872,1.4079927238071e-12,6.4382017769649e-19,0.023344239044068,1.1413870444697,0.22618851382567,0.15359902708126,0.36911801513509,0.17342699533967,480.93615643248,-2.7438725694085,0.075688740632456,0.49512943650244,410.73186917638,0.26639356407421,-2.6992788784363,1.1202546584737e-09
19.075,1109046230.3761,1008915040.3356,1055243172.1998,529908594.12364,430696534.64803,479265980.80649,0.083977448292488,0.038724986678459,-0.065754767911084,255141965.36861,272428851.83803,0.00022123382009529,0.000286125,0.00031438135647828,1.1834041486878,1.4079927238071e-12,6.4382017769649e-19,0.023746281685691,1.7563362128566,0.2267108121065,0.15394475937682,0.37086378802211,0.1738395306571,480.84206596388,-2.3185637777808,-0.31009445173987,1.4904142119288,411.03832930988,0.95225226323454,-2.0156507384212,1.1202663780131e-09
19.125,1108434359.2425,1008510260.6587,1054685709.7319,529296722.99002,430291754.9711,478708518.33863,0.083977448292488,0.038724986678459,-0.065754767911084,255150829.47104,272339209.86915,0.00022150595507813,0.000286875,0.00031484775881029,1.1838750052213,1.4079927238071e-12,6.4382017769649e-19,0.024037743282457,0.71435160691065,0.22724519843966,0.1543042421202,0.37085565511767,0.17425859865502,480.54417027569,-3.6466013363647,0.016767013941425,0.5258750258361,409.76771512558,0.4397407047027,-3.605493556681,1.12027396269e-09
19.175,1107836440.3719,1008078857.0711,1054127932.1413,528698804.1194,429860351.38355,478150740.74804,0.083977448292488,0.038724986678459,-0.065754767911084,255160791.87587,272282329.08361,0.00022227235280201,0.000287625,0.00031551049083842,1.1843449529413,1.4079927238071e-12,6.4382017769649e-19,0.023568455630121,1.3796639475192,0.22776378382304,0.15464781736044,0.37246633129744,0.17467119842629,480.86840985968,-1.7310630892985,-0.30731493260643,1.5129987987296,411.73223493543,0.98440627718009,-1.4512716466832,1.1202866185159e-09
19.225,1107206860.8055,1007670503.6586,1053555883.1655,528069224.55308,429451997.97099,477578691.77219,0.083977448292488,0.038724986678459,-0.065754767911084,255169753.53289,272191998.52095,0.00022298205255034,0.000288375,0.00031615353396521,1.1848214722426,1.4079927238071e-12,6.4382017769649e-19,0.023804031677099,0.61575620809469,0.22829212214017,0.15499845380466,0.37393049257455,0.17508398017025,480.78295392223,-2.7317763806284,-0.33525607054767,1.7790461680174,410.50875009701,1.2356584377914,-2.5976837801147,1.1202983689187e-09
19.275,1106591805.8742,1007265334.7945,1052988928.5063,527454169.62176,429046829.10693,477011737.11301,0.083977448292488,0.038724986678459,-0.065754767911084,255178395.48399,272102381.63428,0.00022323379376673,0.000289125,0.0003165736832756,1.1852951070547,1.4079927238071e-12,6.4382017769649e-19,0.024195008273129,0.95203691035686,0.22882691556625,0.1553594112394,0.37380373839997,0.17550352237242,479.36088272271,-3.9700809821281,0.027379187144245,0.23316689365512,408.68079175081,0.58941494337343,-3.7089291813049,1.1203053384257e-09
19.325,1106003787.5492,1006837323.7022,1052436590.1873,526866151.29674,428618818.01464,476459398.794,0.083977448292488,0.038724986678459,-0.065754767911084,255188373.54703,272089980.70288,0.00022360324052352,0.000289875,0.00031702395314525,1.1857601575485,1.4079927238071e-12,6.4382017769649e-19,0.02363047124949,0.82263216169171,0.22935249092246,0.15571108423244,0.37430304793297,0.17591995262302,480.22746232584,-3.5586985296928,-0.042097645900251,0.63655853078022,409.93416449435,0.63932260627508,-3.5215628834004,1.1203140244315e-09
19.375,1105423144.447,1006427165.7781,1051896616.3781,526285508.19453,428208660.09054,475919424.98485,0.083977448292488,0.038724986678459,-0.065754767911084,255197610.66843,272061508.26428,0.00022383822937199,0.000290625,0.00031756381812728,1.1862298701382,1.4079927238071e-12,6.4382017769649e-19,0.023266887132839,0.56653142982517,0.22988074240783,0.15606514371019,0.37472676110663,0.17633694185615,480.03523435457,-3.219745449054,-0.085384189260228,0.52115756394588,409.96803716152,0.36744318485672,-3.420061137202,1.1203231056096e-09
19.425,1104831261.8035,1006009823.077,1051349162.9825,525693625.55104,427791317.3894,475371971.58918,0.083977448292488,0.038724986678459,-0.065754767911084,255206824.87707,271963234.10794,0.00022440214685398,0.000291375,0.00031816872885391,1.1867049820815,1.4079927238071e-12,6.4382017769649e-19,0.02355188460056,1.8240832087377,0.2304081263167,0.1564158211883,0.37582832573205,0.17675045364642,480.80935234386,-4.2583798059701,-0.093626209666844,1.1988327280462,408.94367860791,0.45015714706381,-4.3421959376383,1.1203310361458e-09
19.475,1104211631.6517,1005591832.2195,1050788731.3379,525073995.39921,427373326.53189,474811539.94463,0.083977448292488,0.038724986678459,-0.065754767911084,255215434.54598,271885057.61237,0.00022481164555307,0.000292125,0.0003184612053199,1.1871742044718,1.4079927238071e-12,6.4382017769649e-19,0.024141283390078,1.6681530912238,0.23093475855672,0.15676887565997,0.3761273994613,0.17716653065292,480.26806169637,-4.0212780704422,-0.16657971103133,0.7236225685788,409.25239337571,0.38740762506317,-4.1325796475012,1.1203390226639e-09
19.525,1103615414.3173,1005169732.4216,1050246459.3063,524477778.06487,426951226.73406,474269267.91297,0.083977448292488,0.038724986678459,-0.065754767911084,255224186.92643,271817998.24232,0.00022522119207965,0.000292875,0.00031910851832613,1.1876417050037,1.4079927238071e-12,6.4382017769649e-19,0.023616100219935,3.0484818167837,0.23145853749705,0.15711931002905,0.3765268006908,0.17758207886029,480.01228384465,-3.0268446778505,0.013028825826651,0.70352709461832,410.279521608,0.48605593863264,-2.8900906280491,1.1203475334522e-09
19.575,1103027864.0178,1004747672.0505,1049686074.0084,523890227.76533,426529166.36287,473708882.61515,0.083977448292488,0.038724986678459,-0.065754767911084,255232899.30393,271762701.5941,0.00022573875678781,0.000293625,0.00031964444343078,1.1881107444869,1.4079927238071e-12,6.4382017769649e-19,0.023475630061127,1.2482630716436,0.23198488077939,0.15747153606765,0.37709909909987,0.17799726481244,480.21181441187,-3.1656716333451,-0.10844627856828,0.74628859753994,410.41515886762,0.54716440852321,-3.1440805770371,1.1203535848806e-09
19.625,1102447344.7214,1004346681.4041,1049150887.1151,523309708.46894,426128175.71653,473173695.72184,0.083977448292488,0.038724986678459,-0.065754767911084,255241434.09124,271730019.92273,0.00022633016093149,0.000294375,0.00032037989735287,1.1885812098016,1.4079927238071e-12,6.4382017769649e-19,0.02348755907694,0.96893417789079,0.23250760483099,0.15781977215243,0.37834693295616,0.17840997276423,480.06322242528,-2.0810339470105,-0.026863743085304,1.2592652243104,411.1654684995,0.61886257114567,-1.8194078896025,1.1203583866222e-09
19.675,1101853374.4446,1003954109.4784,1048607999.3404,522715738.19218,425735603.79081,472630807.94709,0.083977448292488,0.038724986678459,-0.065754767911084,255249587.88407,271607673.92175,0.00022702660234389,0.000295125,0.00032094189861693,1.1890555975249,1.4079927238071e-12,6.4382017769649e-19,0.023694055078766,0.95655929972872,0.23302764270529,0.1581642946272,0.37985116993571,0.17882078016827,479.94489732744,-1.7628861019902,-0.38957795046007,1.6425623683641,411.13055892107,1.0320737071126,-1.6748476860298,1.1203639656476e-09
19.725,1101247420.15,1003564411.3489,1048054958.6312,522109783.89757,425345905.66132,472077767.23787,0.083977448292488,0.038724986678459,-0.065754767911084,255257300.08133,271523937.92947,0.00022734900592095,0.000295875,0.00032135906492688,1.1895269145628,1.4079927238071e-12,6.4382017769649e-19,0.024060750199107,0.96690923260852,0.23355748764006,0.15852025889077,0.37977385536301,0.17923729531713,479.46514501832,-2.5793363485281,-0.07859805942005,0.75321080770945,410.19799228777,0.58746932838864,-2.4749924868461,1.1203713152882e-09
19.775,1100633815.6259,1003141527.1625,1047496430.2582,521496179.37347,424923021.47496,471519238.86491,0.083977448292488,0.038724986678459,-0.065754767911084,255265798.43241,271486890.77209,0.00022773623704289,0.000296625,0.00032206321763412,1.1899974490387,1.4079927238071e-12,6.4382017769649e-19,0.023785774915679,2.953159155315,0.23408544448684,0.15887244763972,0.38045652129057,0.17965109178472,480.18139403084,-4.4837514670544,-0.29944590261239,0.93326516739927,409.07145764283,0.83586082149582,-4.6965511829472,1.1203795683808e-09
19.825,1100049019.9395,1002743794.9427,1046959253.3714,520911383.68708,424525289.25513,470982061.97814,0.083977448292488,0.038724986678459,-0.065754767911084,255273878.39978,271441609.21875,0.00022808020472256,0.000297375,0.00032263459349159,1.1904650617192,1.4079927238071e-12,6.4382017769649e-19,0.023570475032112,0.66832917960665,0.23460771096975,0.15922223975606,0.38088313385458,0.18006557738,479.44219398504,-3.0200564426336,-0.072870491008436,0.71320514145243,410.14451492329,0.43521533434689,-2.9764109934569,1.1203867579925e-09
19.875,1099475265.4681,1002351146.8059,1046433533.5763,520337629.21568,424132641.11831,470456342.18302,0.083977448292488,0.038724986678459,-0.065754767911084,255281912.63198,271390912.854,0.00022881450737297,0.000298125,0.00032307272719411,1.1909330330077,1.4079927238071e-12,6.4382017769649e-19,0.023369455348957,1.0162148618139,0.23513217093478,0.15957320387314,0.38143111212367,0.18048019714892,479.79966125536,-3.2773167192424,-0.098424663552825,0.79158247812386,410.39600390619,0.648786253758,-3.1435386404275,1.1203948551134e-09
19.925,1098893959.7057,1001956838.868,1045901047.8985,519756323.45322,423738333.18046,469923856.50517,0.083977448292488,0.038724986678459,-0.065754767911084,255290208.27533,271341016.38772,0.00022957554189327,0.000298875,0.00032373783989636,1.1914080534206,1.4079927238071e-12,6.4382017769649e-19,0.023406204389709,0.66696072118219,0.23565319949204,0.15991835214799,0.38296979545411,0.180889835627,479.86630238981,-3.2405628363409,-0.29963529673993,1.5523864825677,409.91122423171,0.9661414893834,-3.1150900912541,1.1203977308362e-09
19.975,1098297693.39,1001572286.9983,1045362383.7245,519160057.13755,423353781.31072,469385192.33122,0.083977448292488,0.038724986678459,-0.065754767911084,255297596.17466,271227996.91939,0.00022985234000357,0.000299625,0.0003241792808965,1.1918801183573,1.4079927238071e-12,6.4382017769649e-19,0.024005261324889,0.85837542095137,0.23617998765283,0.16027147715161,0.38314946696333,0.18130423396145,479.28777856487,-3.578467620118,-0.089091817291271,0.90977724423415,408.94253569223,0.8314928589824,-3.4634420244935,1.1203985781139e-09
20.025,1097694168.4313,1001142213.1443,1044811458.6532,518556532.1788,422923707.45672,468834267.25988,0.083977448292488,0.038724986678459,-0.065754767911084,255305842.76422,271165507.50741,0.00023022579551338,0.000300375,0.00032474026487891,1.1923467571446,1.4079927238071e-12,6.4382017769649e-19,0.023970356852049,2.4045210106401,0.23670272667169,0.16062098123237,0.38365172519477,0.18171809415167,479.30815742368,-3.5846858660302,-0.037195333570464,0.9056556969316,409.52663892061,0.64459818461675,-3.7326431793627,1.1203989118141e-09
20.05,1097425037.3311,1000957126.6831,1044563404.6741,518287401.07868,422738620.99551,468586213.28077,0.083977448292488,0.038724986678459,-0.065754767911084,255309592.4064,271131025.67534,0.00023032147262269,0.00030075,0.00032494885269746,1.1925878378977,1.4079927238071e-12,6.4382017769649e-19,0.023390856118983,1.6089792723552,0.23696729108736,0.16079782152912,0.38373191704654,0.1819253081981,479.16842209187,-4.8690926406383,-0.17365846949051,0.66610361524614,407.65828729313,0.79619683923865,-4.8261700253488,1.1203996077991e-09
20.1,1096768257.8048,1000502198.3624,1043948592.9051,517630621.55232,422283692.67478,467971401.51178,0.083977448292488,0.038724986678459,-0.065754767911084,255317585.00919,271089358.73363,0.00023105943651827,0.0003015,0.00032562301531968,1.1930554079454,1.4079927238071e-12,6.4382017769649e-19,0.024548437016466,3.6721187994022,0.23748102195045,0.16113737245585,0.38530589931914,0.1823342068198,479.19119771784,-2.939363358004,-0.40952452070506,1.5667406201781,409.71541565803,1.1755814940115,-2.7613909013797,1.1204006936895e-09
20.15,1096182992.8753,1000129843.312,1043421955.6085,517045356.62284,421911337.62439,467444764.21517,0.083977448292488,0.038724986678459,-0.065754767911084,255324498.86934,270990845.61122,0.0002311958789106,0.00030225,0.00032601253510395,1.1935256849995,1.4079927238071e-12,6.4382017769649e-19,0.023684802185778,0.69291374007681,0.23800931386319,0.16149296207288,0.38527554429159,0.18274992144905,478.40367551639,-3.0929664328244,-0.33858217864683,0.63636907051916,408.97865990777,0.34016273554675,-3.0119149026388,1.1204038903828e-09
20.2,1095568646.356,999701746.9265,1042868761.6246,516431010.1035,421483241.23891,466891570.23129,0.083977448292488,0.038724986678459,-0.065754767911084,255332319.05205,270938554.08779,0.00023180145631526,0.000303,0.000326618797666,1.1939916352949,1.4079927238071e-12,6.4382017769649e-19,0.023646639768115,1.4252479596939,0.23852637572909,0.16183655303152,0.38637570799035,0.18316074233238,479.07860772124,-1.9954266205072,-0.1313734629099,1.2847977185613,410.63274988537,0.53939591145932,-1.8562901803221,1.1204087050023e-09
20.25,1094996768.0543,999323954.77232,1042345126.832,515859131.80179,421105449.08474,466367935.43875,0.083977448292488,0.038724986678459,-0.065754767911084,255339512.16276,270894317.81894,0.00023192997397933,0.00030375,0.00032713925645471,1.1944735921322,1.4079927238071e-12,6.4382017769649e-19,0.023520282301842,1.3704043953925,0.23905565255425,0.16219097322047,0.38642459155058,0.18357468475173,478.62721265614,-3.4812716494897,-0.05714750275464,0.54821398611873,406.9673907021,0.86286056889767,-4.1369575900366,1.1204157298108e-09
20.3,1094377278.698,998877049.59745,1041736472.5784,515239642.44554,420658543.90986,465759281.18513,0.083977448292488,0.038724986678459,-0.065754767911084,255347172.00332,270831491.44693,0.0002324298471852,0.0003045,0.00032772047215641,1.1949412353146,1.4079927238071e-12,6.4382017769649e-19,0.025228016179203,4.4014052807056,0.23957769850282,0.16253814686558,0.3873000443465,0.18398573443133,478.86585359965,-5.004072151687,-0.30143385328049,1.1275086285292,406.91912012709,1.0318343600024,-5.0232947402388,1.1204207825886e-09
20.35,1093781167.175,998452624.04351,1041167857.8095,514643530.92253,420234118.35593,465190666.41617,0.083977448292488,0.038724986678459,-0.065754767911084,255354169.0003,270771095.93658,0.00023267288219273,0.00030525,0.00032818949618012,1.1954127115293,1.4079927238071e-12,6.4382017769649e-19,0.023986158959442,4.6907651812815,0.24009808834717,0.16288542858667,0.38762511176983,0.18439793445619,478.62930351972,-4.7817790709672,-0.53676400496416,1.0907713266875,406.45420878564,1.3156197110963,-5.0867240077449,1.1204284061999e-09
20.4,1093130420.4902,998018219.40951,1040569105.5032,513992784.2377,419799713.72193,464591914.10992,0.083977448292488,0.038724986678459,-0.065754767911084,255361465.8959,270744258.17411,0.0002328880810268,0.000306,0.00032865355070516,1.1958778799705,1.4079927238071e-12,6.4382017769649e-19,0.024103299998196,1.9133978468386,0.24061519428692,0.16323101216515,0.38431669192979,0.1848105989218,477.90749101114,-3.2753050419227,-0.38016915613201,0.62161555989823,407.92528541715,0.91429470338378,-3.0719736980514,1.1204375418311e-09
20.45,1092558259.8281,997623707.94847,1040040440.4784,513420623.57565,419405202.26089,464063249.08508,0.083977448292488,0.038724986678459,-0.065754767911084,255368494.59016,270705344.36811,0.00023341606988059,0.00030675,0.00032921790377626,1.1963488382428,1.4079927238071e-12,6.4382017769649e-19,0.023587422668043,3.6930922965677,0.24113640034881,0.16357881178555,0.38660718024012,0.1852223173756,477.82193657497,-3.7442299503058,-0.31566001989296,0.62079704217997,407.46709356815,1.1118227419596,-3.4383987853021,1.1204439458976e-09
20.5,1091971586.4272,997207875.10472,1039488485.1089,512833950.17471,418989369.41714,463511293.71561,0.083977448292488,0.038724986678459,-0.065754767911084,255375490.96175,270665839.20415,0.00023369845639981,0.0003075,0.00032975301619883,1.1968173367142,1.4079927238071e-12,6.4382017769649e-19,0.023977291575409,2.3945574887274,0.24165711821076,0.16392650480965,0.38710839292869,0.1856349237428,477.77135128391,-3.8105747693657,-0.17090952231371,0.57320777955213,407.35703806158,0.9786534604805,-3.848198395244,1.1204503742512e-09
20.55,1091403209.718,996818823.45461,1038957836.5666,512265573.4655,418600317.76703,462980645.17334,0.083977448292488,0.038724986678459,-0.065754767911084,255382631.0956,270610005.46259,0.00023421089625739,0.00030825,0.00033028610390266,1.197286096945,1.4079927238071e-12,6.4382017769649e-19,0.023658391002727,1.9035799154154,0.24217510447039,0.16427160978148,0.38805696122122,0.18604534310025,478.59119463605,-4.0125759897313,-0.46815015266968,0.89808546586242,407.75246954887,0.80117077804727,-3.8759645038769,1.1204561556217e-09
20.6,1090788618.7142,996422507.9206,1038404470.7326,511650982.46171,418204002.23301,462427279.33936,0.083977448292488,0.038724986678459,-0.065754767911084,255390179.30206,270437364.70421,0.00023441074151756,0.000309,0.00033075753660851,1.1977662300479,1.4079927238071e-12,6.4382017769649e-19,0.023897902887261,1.3912977491155,0.24269689687974,0.1646200580486,0.38861855790862,0.18645724293508,478.04234897561,-4.3274977899216,-0.23605712075415,0.090110144936455,405.7710007279,0.75649704293622,-3.7824651307165,1.1204648773196e-09
20.65,1090114095.949,995990857.18696,1037815074.7986,510976459.69651,417772351.49938,461837883.4053,0.083977448292488,0.038724986678459,-0.065754767911084,255396987.97577,270378711.69044,0.00023483134896632,0.00030975,0.00033128905143502,1.1982297906587,1.4079927238071e-12,6.4382017769649e-19,0.025039710933931,2.5408686476866,0.24321596281802,0.16496687135456,0.38907470064138,0.18686863651092,477.59275984887,-4.3737034066796,-0.44924173568071,0.55451952158323,406.61431060052,0.82242204376313,-4.0219120274901,1.1204724408198e-09
20.7,1089516588.9467,995594629.80677,1037267379.4361,510378952.69428,417376124.11918,461290188.04285,0.083977448292488,0.038724986678459,-0.065754767911084,255403783.59356,270263407.08372,0.00023536516488878,0.0003105,0.00033185854418447,1.1986976075258,1.4079927238071e-12,6.4382017769649e-19,0.023650664707792,2.2849516581435,0.24373482800288,0.16531213777243,0.38999924602799,0.18727827470205,477.86121867579,-4.6765487457741,-0.109852910238,0.96220446501986,406.79218336145,0.7518826704807,-4.1473177839549,1.1204790676553e-09
20.75,1088959689.9044,995225407.83477,1036741958.4721,509822053.65194,417006902.14719,460764767.07882,0.083977448292488,0.038724986678459,-0.065754767911084,255410093.7782,270194555.36125,0.00023565304195352,0.00031125,0.0003323100292404,1.1991638055521,1.4079927238071e-12,6.4382017769649e-19,0.023615301327714,1.0279370625801,0.2442549997017,0.16566079892229,0.39240631440703,0.18769108850487,477.04085350577,-4.2669998868986,-0.026149050686416,0.31403990163325,406.91194780228,0.63900723454032,-4.1794881105384,1.1204806519494e-09
20.8,1088416030.5838,994848962.29482,1036235795.9566,509278394.33132,416630456.60724,460258604.56333,0.083977448292488,0.038724986678459,-0.065754767911084,255416880.38557,270149797.45351,0.00023647031878328,0.000312,0.00033248748276244,1.1996330142221,1.4079927238071e-12,6.4382017769649e-19,0.023256594128222,1.4965834356398,0.24476793001351,0.1659998966073,0.39339678988947,0.18809750446507,477.79813366983,-3.7629920674051,-0.21450273115591,1.4744470632312,407.81231128695,1.1596426589577,-3.533153794046,1.1204874867008e-09
20.85,1087844564.1607,994497448.99985,1035722411.4066,508706927.90825,416278943.31227,459745220.01328,0.083977448292488,0.038724986678459,-0.065754767911084,255422828.31035,270089950.96643,0.0002369162193792,0.00031275,0.00033325253761851,1.2001057001549,1.4079927238071e-12,6.4382017769649e-19,0.023716940859292,1.6121718772771,0.24529324744538,0.16635072179324,0.3939524336494,0.1885064903377,478.07923363071,-5.6080426905892,-0.17847926869601,1.34126939139,406.08354716465,0.92736992840208,-5.5996653325735,1.1204899403102e-09
20.9,1087258468.3874,994112922.46009,1035193843.7493,508120832.1349,415894416.77251,459216652.356,0.083977448292488,0.038724986678459,-0.065754767911084,255428944.31687,270018333.09054,0.00023741449857277,0.0003135,0.00033377927367369,1.2005673499921,1.4079927238071e-12,6.4382017769649e-19,0.024348161288231,9.3601933200369,0.24580223389585,0.16668913580695,0.39489365326404,0.18891503621034,477.67870902622,-2.5022148852736,-0.1317601268972,1.3398211526969,409.3592981113,0.91242517055787,-2.4096218291937,1.1204957128751e-09
20.95,1086712620.4213,993761071.74974,1034693551.3041,507574984.16885,415542566.06216,458716359.91085,0.083977448292488,0.038724986678459,-0.065754767911084,255434771.44697,269969264.80426,0.00023783183949183,0.00031425,0.0003342519036346,1.2010463680774,1.4079927238071e-12,6.4382017769649e-19,0.023244069250121,2.8647517456517,0.24632513956394,0.16703780560608,0.39504694822395,0.18932604102076,478.13722050351,-4.5195421491836,0.048490473350228,0.60872745442093,406.54104413413,0.92411421974393,-4.0906697830675,1.1205004888203e-09
21,1086103539.0932,993356330.71049,1034122821.2278,506965902.84078,415137825.0229,458145629.83451,0.083977448292488,0.038724986678459,-0.065754767911084,255441367.1304,269906856.68895,0.00023828221717792,0.000315,0.00033494497472734,1.2015163563344,1.4079927238071e-12,6.4382017769649e-19,0.024709807811793,1.8863177623305,0.24684105750845,0.16738107327583,0.39588220142173,0.18973468307131,477.52383221688,-3.7859074983216,-0.14077888354924,1.0195494945461,406.75070924111,0.93296238050793,-3.5906820133636,1.120506999973e-09
21.05,1085482954.2291,992941538.10465,1033579114.5137,506345317.97667,414723032.41706,457601923.12044,0.083977448292488,0.038724986678459,-0.065754767911084,255447521.62798,269803541.06262,0.0002385469706783,0.00031575,0.00033545238600478,1.2019839350373,1.4079927238071e-12,6.4382017769649e-19,0.024423111766836,3.5021793283216,0.24736213814648,0.16773040388836,0.39609419401553,0.19014609996334,476.5554062572,-3.7898081924711,0.03842333511749,0.52971929578884,406.45084292464,0.73344145276318,-4.1581520860209,1.1205148432381e-09
21.1,1084922810.1532,992563588.33501,1033073840.5279,505785173.90069,414345082.64742,457096649.13462,0.083977448292488,0.038724986678459,-0.065754767911084,255453834.47628,269748540.47829,0.00023893566423724,0.0003165,0.00033600909729611,1.2024515635272,1.4079927238071e-12,6.4382017769649e-19,0.023578544961196,1.4286842294651,0.24788007070715,0.16807522514539,0.39704031645419,0.19055451306046,477.32505496862,-4.9789001136855,-0.0036818639073944,0.85437838182789,406.365187106,0.69657228913286,-4.8483194248163,1.120522198183e-09
21.125,1084660532.0503,992388240.23686,1032834633.1589,505522895.79787,414169734.54928,456857441.76557,0.083977448292488,0.038724986678459,-0.065754767911084,255456741.6263,269711912.64612,0.00023907172739738,0.000316875,0.0003362481417296,1.2026867481026,1.4079927238071e-12,6.4382017769649e-19,0.023567762494608,2.2789331995967,0.24813848013615,0.16824805304136,0.39737608559033,0.19075986401006,476.76940357488,-4.6508789600038,-0.037122813084496,0.66423892303657,406.25715679221,0.66392039617601,-4.6284634557016,1.1205266538277e-09
21.175,1084092408.0337,992015062.54085,1032317527.9192,504954771.78121,413796556.85327,456340336.52592,0.083977448292488,0.038724986678459,-0.065754767911084,255462858.19173,269663511.26023,0.00023941870271976,0.000317625,0.00033672026872145,1.2031495919311,1.4079927238071e-12,6.4382017769649e-19,0.023669757185354,3.3485975419696,0.2486538425755,0.1685924276298,0.39752562522832,0.19117014067875,476.86883619345,-3.8981694242694,0.070220463838665,0.44312427499902,407.49731199597,0.67971317569939,-3.8873195856395,1.1205323019345e-09
21.225,1083557791.8319,991659750.73142,1031827649.1637,504420155.57939,413441245.04383,455850457.77045,0.083977448292488,0.038724986678459,-0.065754767911084,255468895.35425,269542715.06002,0.00023994064448621,0.000318375,0.00033735237928689,1.2036204379442,1.4079927238071e-12,6.4382017769649e-19,0.023072709807557,1.4521938847665,0.24917233806651,0.16893669499899,0.39847429360726,0.19157736942009,477.95724548325,-5.5520423636984,-0.24908982853508,1.159587373482,406.47395135361,0.94021472111842,-5.6291785806013,1.1205399520128e-09
21.275,1082991770.7009,991305527.95437,1031319493.7746,503854134.4484,413087022.26679,455342302.38134,0.083977448292488,0.038724986678459,-0.065754767911084,255474788.37688,269244455.54442,0.00024035698107798,0.000319125,0.00033788108182798,1.2040892741249,1.4079927238071e-12,6.4382017769649e-19,0.023665086213226,1.818758914037,0.24968726554323,0.16928043634594,0.39866802449437,0.19198606379666,477.24771920357,-4.5291662780548,0.054859690390088,0.87779984937402,406.78962653246,0.57153913050664,-4.2684139320286,1.1205440341937e-09
21.325,1082433750.0111,990933680.04407,1030775819.4733,503296113.75864,412715174.35648,454798628.08006,0.083977448292488,0.038724986678459,-0.065754767911084,255480702.4117,269224331.2279,0.0002406253667583,0.000319875,0.00033829985111188,1.2045588619497,1.4079927238071e-12,6.4382017769649e-19,0.023877986862977,2.4961104734212,0.25020487213097,0.16962730591996,0.39945604405503,0.19239724556437,476.07254271142,-4.6655548722215,0.25091096691534,0.18133759199376,405.89838513579,0.48448641598924,-4.5752579422975,1.120544227989e-09
21.375,1081862404.5433,990549585.04831,1030271155.8479,502724768.29081,412331079.36073,454293964.45461,0.083977448292488,0.038724986678459,-0.065754767911084,255486820.31336,269186404.6242,0.00024122636419644,0.000320625,0.00033883539125744,1.2050216521282,1.4079927238071e-12,6.4382017769649e-19,0.023590267191973,1.4354992764429,0.25071665228259,0.16996688284906,0.40025789551394,0.19280399565448,477.25334444422,-3.8826993881091,-0.015376785924526,1.1247078329553,407.63907899021,0.84603709923228,-3.7603511682344,1.1205464904199e-09
21.425,1081305719.9396,990191957.32739,1029769419.1917,502168083.68712,411973451.63981,453792227.79841,0.083977448292488,0.038724986678459,-0.065754767911084,255492226.67534,269134587.10092,0.00024156668789155,0.000321375,0.00033931335116763,1.2054913117866,1.4079927238071e-12,6.4382017769649e-19,0.023436995527253,1.934249619087,0.25123539032438,0.17031414043727,0.40050459690582,0.1932140339965,476.46867031313,-4.553885105956,0.15651801794081,0.39910991629131,406.61335417726,0.60715241106654,-4.3452957032516,1.1205516328813e-09
21.475,1080757983.389,989830912.98515,1029272877.2455,501620347.1365,411612407.29757,453295685.85219,0.083977448292488,0.038724986678459,-0.065754767911084,255498053.20965,269093413.0852,0.00024199810245941,0.000322125,0.00034004990765621,1.2059582053793,1.4079927238071e-12,6.4382017769649e-19,0.023509732296907,0.89194930082084,0.25175218901568,0.17065879943493,0.40110714768898,0.19362231513183,476.83345796874,-5.3044109118241,0.14013601062678,0.57568365594426,406.26633042059,0.56635224201544,-5.2267926852925,1.1205573351939e-09
21.525,1080222104.1776,989486265.05274,1028782915.9258,501084467.9251,411267759.36516,452805724.53255,0.083977448292488,0.038724986678459,-0.065754767911084,255503662.81375,269036830.22537,0.00024261330794508,0.000322875,0.00034063398673865,1.2064256033724,1.4079927238071e-12,6.4382017769649e-19,0.023375277869858,1.4506749467646,0.25226393061473,0.17099884011385,0.40222465089659,0.1940286080513,476.99609414792,-4.4318311777448,-0.063857748883361,1.1164560627816,407.21068554858,0.73985962802171,-4.2226324767245,1.1205618825485e-09
21.575,1079679397.2605,989142424.07351,1028279575.4053,500541761.00804,410923918.38593,452302384.01203,0.083977448292488,0.038724986678459,-0.065754767911084,255508848.6513,268983597.02366,0.0002428076953106,0.000323625,0.00034123352173649,1.2068942509906,1.4079927238071e-12,6.4382017769649e-19,0.02358244451326,3.3016060427489,0.25278019410071,0.17134374330375,0.40238763787302,0.19443788443426,476.36526462029,-4.1369096920691,-0.059579472804221,0.45066419380981,406.74663033232,0.73828667331121,-4.1850125881608,1.1205685066595e-09
21.625,1079139512.4684,988784908.80559,1027774755.26,500001876.21596,410566403.11801,451797563.86671,0.083977448292488,0.038724986678459,-0.065754767911084,255514311.54114,268941001.88835,0.00024343197125999,0.000324375,0.00034181032804999,1.2073640918941,1.4079927238071e-12,6.4382017769649e-19,0.023674971217603,3.3131216863538,0.25329149503313,0.17168277523199,0.40345989942371,0.19484363609029,476.74966291633,-4.1136996654899,0.11184607135026,1.2399204608924,406.80347699815,1.2270613242411,-3.897153860735,1.1205738459822e-09
21.675,1078590233.1358,988406800.88039,1027242545.3223,499452596.88329,410188295.19281,451265353.92897,0.083977448292488,0.038724986678459,-0.065754767911084,255519328.54985,268889435.95406,0.00024361776162701,0.000325125,0.00034249331938897,1.2078365555992,1.4079927238071e-12,6.4382017769649e-19,0.024176948225644,3.2929404651135,0.25380958379563,0.17202740776075,0.40435209763058,0.19524920004207,476.51120315832,-5.457513668407,-0.0039445425459592,1.2196681003992,405.19094664674,1.0019068667173,-5.5591611484865,1.1205774500218e-09
21.725,1078027675.7218,988055421.17855,1026723125.1318,498890039.46933,409836915.49097,450745933.73856,0.083977448292488,0.038724986678459,-0.065754767911084,255524332.37526,268844120.78818,0.0002439376905777,0.000325875,0.00034286941566478,1.2083036892521,1.4079927238071e-12,6.4382017769649e-19,0.024055767725165,5.0185995024492,0.25432374379341,0.17237252162247,0.4043377844882,0.19565912400962,474.905027595,-4.5709161683379,0.22663472252417,0.2926537559945,405.26013884468,0.57311521696007,-4.2486490802778,1.1205852122613e-09
21.775,1077496405.082,987702647.77539,1026239975.7109,498358768.82953,409484142.0878,450262784.31762,0.083977448292488,0.038724986678459,-0.065754767911084,255529821.67931,268797986.35068,0.00024442017122275,0.000326625,0.00034341897980118,1.2087703996434,1.4079927238071e-12,6.4382017769649e-19,0.023394787685508,1.3739406917627,0.25483778397722,0.1727135832162,0.40523196970891,0.19606504440196,476.55116343564,-5.7316339937014,-0.031345211109057,1.1472286941769,405.34532248515,0.91085274525337,-5.5460512509202,1.1205909707273e-09
21.825,1076947523.2379,987354881.61152,1025744653.1691,497809886.98547,409136375.92394,449767461.7758,0.083977448292488,0.038724986678459,-0.065754767911084,255534798.17648,268730435.78596,0.00024466733226164,0.000327375,0.00034378287700872,1.2092386845113,1.4079927238071e-12,6.4382017769649e-19,0.023664718932515,4.1273900653469,0.2553506550755,0.17305654545212,0.40535526807201,0.19647306348314,475.00261634619,-4.3410236460717,-0.20474898708836,0.30506881683612,405.35071021609,0.38726573512267,-3.9844399942027,1.1205938812601e-09
21.875,1076402557.884,986980562.47375,1025239652.15,497264921.63157,408762056.78616,449262460.75667,0.083977448292488,0.038724986678459,-0.065754767911084,255539970.21844,268697543.40082,0.00024492094204825,0.000328125,0.00034436343918553,1.2097016745441,1.4079927238071e-12,6.4382017769649e-19,0.023773768305079,4.1555559061285,0.25585955317825,0.17339359420249,0.40650471619134,0.19687781641201,476.20805055841,-4.0762824573253,-0.079428889213025,1.1928137007059,406.69628007659,0.85966456974166,-3.9494968425203,1.1206073572616e-09
21.925,1075872165.0949,986639353.86911,1024764208.1339,496734528.84244,408420848.18152,448787016.74057,0.083977448292488,0.038724986678459,-0.065754767911084,255544722.12745,268640408.04595,0.0002460769681209,0.000328875,0.00034482313776563,1.2101710019434,1.4079927238071e-12,6.4382017769649e-19,0.0236060537835,7.5661846913926,0.25637590927988,0.17373771051355,0.40696194626457,0.19728460436813,476.03427796946,-5.4317233281361,-0.07766196387098,0.88198086019428,405.51014086691,0.68564153183946,-5.1210691455708,1.1206087693851e-09
21.975,1075322059.3633,986265187.09211,1024263977.7815,496184423.11083,408046681.40452,448286786.38818,0.083977448292488,0.038724986678459,-0.065754767911084,255549663.56243,268595607.13901,0.00024638312981992,0.000329625,0.00034532395821502,1.2106346490238,1.4079927238071e-12,6.4382017769649e-19,0.023815444236538,3.496679366134,0.25688606571679,0.17407753021883,0.4075545833104,0.19769089007552,476.14584843683,-4.5378094917567,-0.050304436942275,0.92668790544972,406.67491728885,0.63586947105536,-4.7251724945786,1.1206147455953e-09
22.025,1074794170.4188,985930178.04293,1023785824.8974,495656534.16636,407711672.35535,447808633.50415,0.083977448292488,0.038724986678459,-0.065754767911084,255554487.7995,268504110.39157,0.00024676667720868,0.000330375,0.00034582743867377,1.2111043796053,1.4079927238071e-12,6.4382017769649e-19,0.023207524465089,1.0011066796797,0.25739874046571,0.17441939394555,0.4080254101162,0.19809772004029,476.00031663376,-4.8162778447604,0.040361154264648,0.8288019353074,405.85669150306,0.13634763480134,-5.0675357847699,1.1206224152394e-09
22.075,1074245084.0935,985547138.10149,1023279706.0423,495107447.84108,407328632.4139,447302514.64899,0.083977448292488,0.038724986678459,-0.065754767911084,255559399.03512,268470966.47512,0.00024701641943406,0.000331125,0.00034624146600603,1.2115727103622,1.4079927238071e-12,6.4382017769649e-19,0.023794623825864,2.7515017078423,0.25791084035776,0.17476190590082,0.40807859811751,0.19850634713108,474.61607826806,-3.720947127159,0.13006566249797,0.4704160702526,405.73030242964,0.35662576786268,-3.9644609361185,1.1206305897312e-09
22.125,1073706265.7418,985193672.82441,1022789634.1457,494568629.48936,406975167.13683,446812442.75237,0.083977448292488,0.038724986678459,-0.065754767911084,255564425.38841,268445404.68327,0.00024752811311169,0.000331875,0.00034678742389874,1.2120319269133,1.4079927238071e-12,6.4382017769649e-19,0.023506463930754,2.5583580002434,0.25841765623695,0.17509803722296,0.40916412872526,0.19891026397758,475.72275279469,-3.4050954828397,0.087998086553325,1.0490981358189,407.91107556156,0.5075838874846,-3.2116181668606,1.1206391418141e-09
22.175,1073192192.5659,984876552.73983,1022321187.7052,494054556.31348,406658047.05224,446343996.31192,0.083977448292488,0.038724986678459,-0.065754767911084,255568942.18476,268412486.90864,0.00024778974983047,0.000332625,0.00034706826300563,1.2125035122396,1.4079927238071e-12,6.4382017769649e-19,0.022942627758917,1.5483613259901,0.2589335608782,0.17544195362741,0.40966927443137,0.19931696151035,475.96080763411,-5.4516491525693,0.092657985684362,0.70256987680203,405.7047098157,0.16148778833526,-5.2632750873255,1.1206428775575e-09
22.225,1072640835.8336,984530475.6189,1021830615.0484,493503199.58112,406311969.93131,445853423.65509,0.083977448292488,0.038724986678459,-0.065754767911084,255573958.28526,268315620.26145,0.00024826498784533,0.000333375,0.00034770939758109,1.2129727058312,1.4079927238071e-12,6.4382017769649e-19,0.024006016970174,6.7782044625458,0.2594414592604,0.17577863083907,0.4105830867288,0.19972083371193,476.02393343276,-4.6279588050613,-0.1373826210224,1.1889265653749,406.06707201861,0.39707716053617,-4.3002265721778,1.1206498928719e-09
22.25,1072373963.716,984363535.37729,1021594964.5101,493236327.46354,406145029.68971,445617773.11682,0.083977448292488,0.038724986678459,-0.065754767911084,255576208.52261,268289657.64173,0.00024837672511691,0.00033375,0.00034791890946067,1.2132076896117,1.4079927238071e-12,6.4382017769649e-19,0.024027623772426,4.7235690894724,0.25969817139189,0.17595060920402,0.41052209936167,0.19992523173926,474.93163918727,-4.7166703735675,-0.10027005979416,0.43698970114433,405.41292820541,0.53894902919387,-4.7676647111446,1.1206543681228e-09
22.3,1071823138.5907,984008171.58202,1021086026.2093,492685502.33826,405789665.89443,445108834.81599,0.083977448292488,0.038724986678459,-0.065754767911084,255581261.34696,268266220.49352,0.00024905333970752,0.0003345,0.00034856294833835,1.2136698200889,1.4079927238071e-12,6.4382017769649e-19,0.023611483933502,5.3820248205004,0.26020065480976,0.17628218008174,0.41198583586492,0.20032642757178,475.57525205302,-3.1400687958368,-0.25443620929119,1.4176137875997,407.78038605795,0.90610517394988,-2.9853186035987,1.1206628566317e-09
22.35,1071295345.051,983701242.31676,1020618508.2712,492157708.79852,405482736.62917,444641316.87789,0.083977448292488,0.038724986678459,-0.065754767911084,255585453.17063,268190155.4306,0.00024993271842632,0.00033525,0.00034901435257995,1.2141375447378,1.4079927238071e-12,6.4382017769649e-19,0.023275003645451,1.1918789683025,0.26071654672539,0.17662753006296,0.41197673713755,0.20073320948792,475.2776610264,-4.046154249164,0.068829293654838,0.52589626589147,406.65456147075,0.656890695328,-4.1182413919046,1.1206724418453e-09
22.4,1070751413.9248,983366420.7816,1020137995.8713,491613777.6723,405147915.09401,444160804.47797,0.083977448292488,0.038724986678459,-0.065754767911084,255590098.24232,268151118.89345,0.00025015798043098,0.000336,0.00034948058198136,1.2146077130084,1.4079927238071e-12,6.4382017769649e-19,0.023423502620985,0.97113442110812,0.26122993661839,0.1769710573906,0.41214483588852,0.20114061624396,474.11695817506,-4.7100205258616,0.23941051429064,0.0033930064020043,405.15322905903,0.67993433572288,-4.5654612569744,1.1206792334224e-09
22.45,1070235886.9506,983026267.73074,1019637641.2794,491098250.69811,404807762.04316,443660449.88613,0.083977448292488,0.038724986678459,-0.065754767911084,255594901.12053,268116633.20414,0.00025075677311073,0.00033675,0.0003501357780535,1.2150671421323,1.4079927238071e-12,6.4382017769649e-19,0.023392855411826,0.91403526026416,0.26173147983342,0.17730204983773,0.41358941251314,0.20154148443485,475.3489488914,-3.1532934469652,-0.1363208816034,1.2953574403953,408.00298584464,0.86363689199655,-2.8684843956799,1.1206889090623e-09
22.5,1069723843.9112,982724781.03637,1019176938.401,490586207.65873,404506275.34879,443199747.00771,0.083977448292488,0.038724986678459,-0.065754767911084,255598965.4905,267924406.68637,0.00025094823195787,0.0003375,0.00035086715457727,1.2155346159857,1.4079927238071e-12,6.4382017769649e-19,0.02301487107245,0.67754477195908,0.26224839065305,0.17764838464036,0.41366523186353,0.20194862324087,475.18776094016,-4.3772487300843,0.11292802736509,0.61637831087778,406.71318113982,0.53938097037025,-4.5168353477858,1.1206959109266e-09
22.55,1069207398.3034,982401749.50309,1018703556.1139,490069762.05094,404183243.81551,442726364.72062,0.083977448292488,0.038724986678459,-0.065754767911084,255603477.50388,267922056.06479,0.00025141803375005,0.00033825,0.00035143923933917,1.2159979702619,1.4079927238071e-12,6.4382017769649e-19,0.02332430513622,1.9086225290637,0.26275397560181,0.17798413782615,0.41467617853903,0.20235127140591,475.17633290953,-2.5549353631477,0.19749927691712,1.2838174306503,408.48514188093,0.38328481208187,-2.4130767349772,1.1207026679573e-09
22.6,1068692430.2747,982089650.85622,1018243301.0117,489554794.02228,403871145.16863,442266109.61844,0.083977448292488,0.038724986678459,-0.065754767911084,255607687.42889,267286505.75324,0.00025165483403191,0.000339,0.00035179787329587,1.2164657485028,1.4079927238071e-12,6.4382017769649e-19,0.023158529399135,1.1860785485572,0.26326725099165,0.17832707135606,0.41489766298235,0.20275747491555,475.43261685268,-4.5677321119972,0.026379001828192,0.60771333847946,407.01917949704,0.60555652993613,-4.5211553638406,1.1207111716761e-09
22.65,1068172246.0805,981765642.0725,1017766164.873,489034609.82804,403547136.38491,441788973.47976,0.083977448292488,0.038724986678459,-0.065754767911084,255612164.98823,267253492.5319,0.000252184971928,0.00033975,0.00035236913674662,1.2169306045771,1.4079927238071e-12,6.4382017769649e-19,0.023281197843612,0.98181619787506,0.26377202152705,0.17866110715395,0.41622322222697,0.20315907830198,475.7072519642,-3.8228293022124,-0.14826302152643,1.32553098422,408.02400232499,0.72210101688796,-3.6602871580646,1.1207205173084e-09
22.7,1067656730.1402,981460596.98125,1017306635.555,488519093.88777,403242091.29366,441329444.16172,0.083977448292488,0.038724986678459,-0.065754767911084,255616204.80486,267082608.47827,0.00025237898519094,0.0003405,0.00035273943654328,1.2174021727072,1.4079927238071e-12,6.4382017769649e-19,0.023225045921642,1.2165532028665,0.26428676732653,0.17900635477271,0.41623240635749,0.20356578080618,474.2775683553,-4.9787543828662,-0.16633766500173,0.24779355906454,405.65114948933,0.39291872417497,-4.7967371775165,1.1207244405307e-09
22.75,1067142174.799,981135934.31469,1016842336.8232,488004538.54652,402917428.62711,440865145.42994,0.083977448292488,0.038724986678459,-0.065754767911084,255620548.66744,267070299.39507,0.00025285148287559,0.00034125,0.00035330289605707,1.217867552107,1.4079927238071e-12,6.4382017769649e-19,0.023344963143381,1.6424057994405,0.26479299649532,0.1793415970395,0.41724859471408,0.20396786697948,475.51026541148,-4.3872326189818,-0.33236804516175,1.1784556902499,406.46776895689,0.79214978347562,-4.4713856992805,1.1207246402903e-09
22.8,1066597434.5927,980800096.71686,1016363726.7912,487459798.34025,402581591.02928,440386535.3979,0.083977448292488,0.038724986678459,-0.065754767911084,255624557.14226,267039672.74498,0.00025319293488047,0.000342,0.00035376114727339,1.2183295911199,1.4079927238071e-12,6.4382017769649e-19,0.023696228811487,3.0480771709608,0.26530075882483,0.17968062772653,0.41764128026931,0.20437212429717,475.10438731505,-3.9408054306901,-0.20335104225423,0.86443427732534,407.39940278832,0.61452520731619,-4.0199382967867,1.1207277493329e-09
22.85,1066069150.3858,980477597.58245,1015905696.6022,486931514.13332,402259091.89487,439928505.20889,0.083977448292488,0.038724986678459,-0.065754767911084,255628633.67976,266995449.90584,0.00025342069535423,0.00034275,0.00035414459617826,1.2187965983506,1.4079927238071e-12,6.4382017769649e-19,0.023111113862188,2.0396811267072,0.26581013272157,0.18002077469886,0.41794649664316,0.20477693248842,474.65844893235,-3.9154826920241,0.019201694600351,0.53904082329517,406.84239355681,0.54975812447222,-4.0343470239635,1.1207338466986e-09
22.9,1065562238.4687,980163299.93939,1015448294.0538,486424602.21628,401944794.25181,439471102.66052,0.083977448292488,0.038724986678459,-0.065754767911084,255632702.44717,266955725.57772,0.00025397100447311,0.0003435,0.00035463520312093,1.2192599679301,1.4079927238071e-12,6.4382017769649e-19,0.023234426591333,0.93800857825907,0.26631783327117,0.18035923692492,0.41848950988941,0.20518027659373,475.05551580545,-3.8858473825741,-0.031213461651606,0.76422176693595,407.44324976219,0.69714971103319,-3.8323355129469,1.1207383399741e-09
22.95,1065055142.2695,979857200.04202,1014991383.6043,485917506.017,401638694.35443,439014192.21098,0.083977448292488,0.038724986678459,-0.065754767911084,255636663.38519,266895843.38057,0.00025455384117645,0.00034425,0.00035528387090166,1.2197296419575,1.4079927238071e-12,6.4382017769649e-19,0.023054783935346,0.93813142212251,0.26682158356665,0.1806914028982,0.41992367402169,0.20557938967407,475.13904761896,-3.9201297299226,-0.25530791556637,1.5850914818829,407.25548731611,1.1302217672646,-3.808813248658,1.1207411789534e-09
23,1064521471.8854,979555211.53373,1014517909.4322,485383835.63295,401336705.84614,438540718.03893,0.083977448292488,0.038724986678459,-0.065754767911084,255640322.57285,266865958.32696,0.00025476239336119,0.000345,0.00035569760079049,1.2201952407149,1.4079927238071e-12,6.4382017769649e-19,0.023588112068822,1.0905284549089,0.26733168118327,0.1810330291324,0.41988031468873,0.20598478864009,474.30038328705,-3.4172530606144,-0.22517851738237,0.72029591881168,407.12311357725,1.0324240018516,-3.4149077727958,1.120746683076e-09
23.05,1063962875.4814,979217683.20152,1014034748.5429,484825239.22892,400999177.51394,438057557.14963,0.083977448292488,0.038724986678459,-0.065754767911084,255644934.49009,266752140.17861,0.00025504022342504,0.00034575,0.00035619663598105,1.2206607312604,1.4079927238071e-12,6.4382017769649e-19,0.023238955060104,1.2114704136651,0.2678413110245,0.18137254122854,0.42017128272905,0.20638865863765,474.54850341725,-4.6918536829805,-0.095767351264439,0.51531055259015,406.26437268337,0.67419252665721,-4.6157313601764,1.1207529608632e-09
23.1,1063454621.9031,978902020.25152,1013574721.5871,484316985.65066,400683514.56393,437597530.19379,0.083977448292488,0.038724986678459,-0.065754767911084,255649192.75986,266655237.85778,0.00025573544342892,0.0003465,0.00035679842124733,1.2211302376438,1.4079927238071e-12,6.4382017769649e-19,0.023175595765577,1.7369478023448,0.2683478207074,0.18170810094002,0.42125663024486,0.20678902846011,475.10461673246,-5.70821142264,-0.016258718680961,1.2649048856687,405.41006430216,1.1670318421992,-5.432196410843,1.1207561318234e-09
23.125,1063206041.6039,978755864.40056,1013348536.7031,484068405.35148,400537358.71297,437371345.30984,0.083977448292488,0.038724986678459,-0.065754767911084,255650955.00109,266633430.80269,0.00025586372097747,0.000346875,0.00035697784112546,1.2213632003896,1.4079927238071e-12,6.4382017769649e-19,0.023673404784832,1.5379727894992,0.26860001478902,0.18187677489039,0.42117281663466,0.20699132464468,474.11986116464,-4.7975480805833,-0.071335078849956,0.78275523761909,405.57519472869,1.2600423733829,-4.7908181506365,1.1207592547969e-09
23.175,1062662248.1744,978404320.69415,1012850868.548,483524611.9219,400185815.00657,436873677.15472,0.083977448292488,0.038724986678459,-0.065754767911084,255655050.6674,266618986.80684,0.00025645385118311,0.000347625,0.00035746308048477,1.2218291407778,1.4079927238071e-12,6.4382017769649e-19,0.023432329249024,2.0762093890754,0.26910876655504,0.18221583817542,0.42152513136554,0.20739397298581,474.4639570909,-5.7382229820388,-0.0083143986440626,0.84979408051967,404.98354219179,1.1747078356023,-5.4917062824552,1.1207654518882e-09
23.225,1062157219.8266,978056187.54949,1012352316.0381,483019583.57411,399837681.86191,436375124.64481,0.083977448292488,0.038724986678459,-0.065754767911084,255658782.38576,266597237.0263,0.00025688419795575,0.000348375,0.0003579572723705,1.2222929752176,1.4079927238071e-12,6.4382017769649e-19,0.02360547525634,5.3197328812017,0.2696136731722,0.18255186563425,0.42197985691285,0.2077965762705,474.51374535209,-5.3058528981884,-0.21119479182574,0.76137088060217,405.34501708531,0.87703705035256,-5.3855106641962,1.1207724915525e-09
23.275,1061649545.9787,977743061.57374,1011886463.0879,482511909.72628,399524555.88616,435909271.69458,0.083977448292488,0.038724986678459,-0.065754767911084,255662460.43589,266557633.88845,0.00025736030420597,0.000349125,0.00035841990589877,1.2227574249351,1.4079927238071e-12,6.4382017769649e-19,0.023223899385584,2.4969410668191,0.27011432887085,0.1828843638607,0.42283484405116,0.2081974689727,474.33966001306,-3.3700683065994,-0.30814404067711,1.225978229113,406.63530601152,0.65920499350417,-3.0358748859912,1.1207805295504e-09
23.325,1061070940.951,977386554.89108,1011410174.7542,481933304.69855,399168049.2035,435432983.36092,0.083977448292488,0.038724986678459,-0.065754767911084,255666043.69817,266535625.84627,0.00025786945761446,0.000349875,0.00035892139251549,1.2232269592088,1.4079927238071e-12,6.4382017769649e-19,0.023901811612756,5.355356672329,0.27062016099075,0.18321970430198,0.42327386554403,0.20859843607298,474.16153471113,-3.5680156581918,-0.19582449175669,1.0961854328264,405.76472687582,0.95398892001414,-3.3591803606259,1.1207826105393e-09
23.375,1060487296.1467,977008836.31683,1010876426.2856,481349659.89425,398790330.62924,434899234.89233,0.083977448292488,0.038724986678459,-0.065754767911084,255669499.08262,266472631.75056,0.00025805695444382,0.000350625,0.0003594279875743,1.2236928251146,1.4079927238071e-12,6.4382017769649e-19,0.024450094432598,3.744566481287,0.27112698185763,0.1835578539522,0.4233892777302,0.20900208184704,473.22524788266,-3.8409922630132,-0.17598918443431,0.47476231429791,405.21549692964,0.97832308533893,-3.8796050000577,1.1207888205119e-09
23.425,1059962017.904,976669522.41216,1010391779.5209,480824381.65151,398451016.72458,434414588.12759,0.083977448292488,0.038724986678459,-0.065754767911084,255673130.2162,266429648.67955,0.00025868603360807,0.000351375,0.00035994137951681,1.2241514775592,1.4079927238071e-12,6.4382017769649e-19,0.023624619292185,2.4323235892294,0.27162745247887,0.1838890525896,0.42448190311764,0.20940078694709,473.72025102305,-2.7353120259673,0.010250419437174,1.2487812566669,407.42910152873,0.74306622516126,-2.5124953719681,1.1207963265523e-09
23.45,1059725733.681,976533861.3721,1010183878.134,480588097.42849,398315355.68452,434206686.74074,0.083977448292488,0.038724986678459,-0.065754767911084,255674716.80167,266395726.06468,0.00025885162474287,0.00035175,0.00036019500162545,1.2243850825165,1.4079927238071e-12,6.4382017769649e-19,0.022932217357634,1.384477379332,0.2718844045501,0.18406017457528,0.42461104863123,0.20960183348806,474.11688531912,-4.6115862735693,-0.067151866216281,1.0489745857877,406.16964185591,0.80553844949446,-4.775174645233,1.1207987993652e-09
23.5,1059226297.9819,976240863.35237,1009735647.1498,480088661.72943,398022357.66478,433758455.75654,0.083977448292488,0.038724986678459,-0.065754767911084,255678171.25423,266373242.32845,0.00025920480421855,0.0003525,0.00036069862241169,1.2248561757538,1.4079927238071e-12,6.4382017769649e-19,0.023175518071764,1.3080016262839,0.27238824009095,0.18439328032259,0.42540406879616,0.21000073836754,474.3537414692,-5.1261281475769,-0.2702170321763,1.3057669469221,405.23109060998,0.90654113613444,-4.9410950954153,1.1208066110076e-09
23.55,1058684713.5921,975923215.04174,1009250611.6487,479547077.33963,397704709.35415,433273420.25537,0.083977448292488,0.038724986678459,-0.065754767911084,255681433.15164,266331318.71658,0.00025966067177891,0.00035325,0.00036125911855684,1.2253231181706,1.4079927238071e-12,6.4382017769649e-19,0.024038691943796,2.5195464715031,0.27289162036178,0.18472676829734,0.42633913545236,0.21039975406856,474.13076786624,-5.2280490673278,-0.4570258912985,1.2934731136184,405.23317054687,1.0703431677685,-5.1790514142072,1.120814369392e-09
23.6,1058171472.01,975624982.49376,1008795408.473,479033835.75758,397406476.80617,432818217.07975,0.083977448292488,0.038724986678459,-0.065754767911084,255684751.5563,266277731.5135,0.00025982671954936,0.000354,0.00036162902082982,1.2257889676107,1.4079927238071e-12,6.4382017769649e-19,0.023411094725485,1.4882861722519,0.27339698344633,0.1850651325525,0.42622877589248,0.21080355864926,472.86327197756,-4.2332082753459,0.19013972453772,0.54458787711054,405.10258458551,0.59620657704809,-4.3513964389571,1.1208217758938e-09
23.65,1057675843.7533,975320180.44406,1008349870.7225,478538207.50088,397101674.75647,432372679.32925,0.083977448292488,0.038724986678459,-0.065754767911084,255688245.81566,266198474.63791,0.00026026115321847,0.00035475,0.00036218992656441,1.226251955342,1.4079927238071e-12,6.4382017769649e-19,0.023219009949943,1.5442952953727,0.27389781403455,0.18539639343106,0.42704603203986,0.21120297883112,473.97365661701,-3.9293133245691,0.19529363978857,1.1565699689161,406.27893239055,0.64297853386981,-3.6716009127597,1.1208306021711e-09
23.7,1057162752.4231,975013545.92515,1007897327.6875,478025116.17067,396795040.23756,431920136.29421,0.083977448292488,0.038724986678459,-0.065754767911084,255691474.36119,266167691.56629,0.00026051912937387,0.0003555,0.00036318450018174,1.226717717673,1.4079927238071e-12,6.4382017769649e-19,0.02330916115396,2.2289386793228,0.27440356493476,0.18573425003008,0.42756620314555,0.21160419735401,472.79343578705,-3.6520477388322,0.14696703213655,0.49676392059772,405.67470328252,0.35982844786675,-3.7478379979756,1.1208383812062e-09
23.75,1056668760.8814,974715845.17231,1007461376.2872,477531124.62889,396497339.48472,431484184.89391,0.083977448292488,0.038724986678459,-0.065754767911084,255694783.42408,266147849.14592,0.00026117885549846,0.00035625,0.00036375994796965,1.2271777090802,1.4079927238071e-12,6.4382017769649e-19,0.023309204822795,2.664590959749,0.27489916147326,0.18606152139306,0.42887837546442,0.21200155667299,473.50331660914,-1.9352244311114,0.027175976905658,1.3775066343723,408.28041174601,0.65802971490513,-1.743751764571,1.1208485636514e-09
23.8,1056173595.019,974434836.59635,1007024375.7413,477035958.7665,396216330.90876,431047184.34798,0.083977448292488,0.038724986678459,-0.065754767911084,255697890.54601,266108319.99932,0.00026177260868715,0.000357,0.00036422650606091,1.2276510668918,1.4079927238071e-12,6.4382017769649e-19,0.023064878496727,1.6647743594945,0.27541240156841,0.18640209624446,0.42954329627358,0.21240071828196,474.29229828144,-6.0626322932363,-0.021163221742055,1.3549936512642,404.6330160988,1.0612194036717,-5.9502546476372,1.1208560017489e-09
23.85,1055650485.7163,974133328.08516,1006543645.7822,476512849.4638,395914822.39758,430566454.38892,0.083977448292488,0.038724986678459,-0.065754767911084,255701057.13781,266052729.89233,0.00026251472992508,0.00035775,0.00036468791321628,1.2281144248116,1.4079927238071e-12,6.4382017769649e-19,0.023955416381946,2.8314990181855,0.27591048751965,0.18673285811171,0.43021605615605,0.21279993030641,473.77571508498,-4.3136705515828,-0.31789386958422,1.2433808950322,405.87973744435,0.89943426066125,-4.3145511999285,1.1208655434408e-09
23.9,1055130933.0175,973818565.50325,1006060786.5833,475993296.76502,395600059.81567,430083595.19003,0.083977448292488,0.038724986678459,-0.065754767911084,255704181.06602,266012565.69874,0.0002627647552922,0.0003585,0.00036499930240747,1.2285850627662,1.4079927238071e-12,6.4382017769649e-19,0.02343436722632,1.9258508159572,0.27641847594241,0.18707254300432,0.43192184067026,0.21320133508481,472.7628736251,-5.1373821591107,-0.41718901016746,0.54912178698334,403.69511273405,0.54246232013799,-5.0217588539235,1.1208735823512e-09
23.95,1054577519.6813,973458011.71889,1005606312.8307,475439883.42885,395239506.0313,429629121.43739,0.083977448292488,0.038724986678459,-0.065754767911084,255707458.50716,265909903.14014,0.00026303600405326,0.00035925,0.00036548387196494,1.2290449827719,1.4079927238071e-12,6.4382017769649e-19,0.023922801315458,1.6676665273007,0.27691839106849,0.1874049351939,0.43220689200304,0.21360212429029,472.4333361734,-4.1115356166779,-0.11518280543501,0.5682416734855,404.94583463258,0.47054854628485,-4.3579135616808,1.1208865513072e-09
24,1054057728.9928,973144029.8104,1005166378.4704,474920092.74035,394925524.12281,429189187.07709,0.083977448292488,0.038724986678459,-0.065754767911084,255710603.11375,265879917.31769,0.00026331606532774,0.00036,0.00036578015549739,1.2295151217136,1.4079927238071e-12,6.4382017769649e-19,0.02305827772808,1.3543975020577,0.27742535273511,0.18774188239275,0.4564508082074,0.21400075630922,472.24318193476,-6.0482726848827,0.13642621020075,0.38890039454213,402.81787333263,0.027674255431711,-5.8667487366962,1.1209157992328e-09
24.05,1053527176.254,972806398.56711,1004742381.0324,474389540.0015,394587892.87952,428765189.63907,0.083977448292488,0.038724986678459,-0.065754767911084,255713700.52344,265857729.54751,0.00026389447138341,0.00036075,0.00036647579730697,1.2299749514708,1.4079927238071e-12,6.4382017769649e-19,0.023862503036119,5.388848764637,0.27791683474365,0.18806542542163,0.45471129979824,0.21439560315213,472.73064796931,-3.3489657296258,-0.084714242121614,1.4043051313902,405.98958382149,0.61723706841645,-3.1458126364022,1.1209219551514e-09
24.1,1053012098.7759,972515554.96743,1004308264.2292,473874462.52341,394297049.27985,428331072.83594,0.083977448292488,0.038724986678459,-0.065754767911084,255716450.09452,265813298.29727,0.0002643971961882,0.0003615,0.00036699507547321,1.2304450704189,1.4079927238071e-12,6.4382017769649e-19,0.023359012658947,3.2713570934165,0.27842759058161,0.18840472291772,0.45459761078923,0.21479324211308,473.20306580755,-6.6446064022846,-0.33243924409967,1.3420913514785,403.34531061769,0.6442770176401,-6.6400453401606,1.1209226944102e-09
24.15,1052508942.8129,972225080.64951,1003862989.1423,473371306.56041,394006574.96193,427885797.74899,0.083977448292488,0.038724986678459,-0.065754767911084,255719344.87559,265740643.65696,0.00026472978225405,0.00036225,0.00036744207656314,1.2309114182063,1.4079927238071e-12,6.4382017769649e-19,0.023478907404967,1.7213405447941,0.27892580577279,0.18873674453373,0.45425394872391,0.21519235897829,473.16171730301,-4.9657306969706,-0.22709193702948,1.0173394035928,404.20703524595,0.76859105230941,-5.2865891483141,1.12092532614e-09
24.2,1051977849.5428,971933486.06952,1003398388.3663,472840213.29031,393714980.38194,427421196.97302,0.083977448292488,0.038724986678459,-0.065754767911084,255722259.32903,265705243.33045,0.00026494043878566,0.000363,0.0003679079238054,1.2313737371551,1.4079927238071e-12,6.4382017769649e-19,0.023961963995635,5.2737757770334,0.27942743448778,0.18907105152771,0.45436185135327,0.21559248229161,471.99214198213,-4.6954045332735,-0.0647164768926,0.42193674630536,404.35289988846,0.18042892132268,-4.6527965492308,1.1209263849666e-09
24.25,1051482628.6621,971638639.86968,1002952263.337,472344992.40961,393420134.1821,426975071.94374,0.083977448292488,0.038724986678459,-0.065754767911084,255725272.74931,265676354.1625,0.00026558919581102,0.00036375,0.00036853960805001,1.2318350624714,1.4079927238071e-12,6.4382017769649e-19,0.023139775594798,1.8262964275638,0.27992267770361,0.18939714609837,0.4548722473094,0.21598691848216,472.81029577857,-3.9876654487654,-0.20747050464396,1.4524155235351,405.93819451094,0.86244322181559,-3.8549493601097,1.1209302876716e-09
24.3,1050992989.7758,971376187.43781,1002520533.4662,471855353.52331,393157681.75023,426543342.07294,0.083977448292488,0.038724986678459,-0.065754767911084,255727957.86281,265634858.01646,0.00026610326242275,0.0003645,0.00036910548464081,1.2323054377297,1.4079927238071e-12,6.4382017769649e-19,0.023034570928309,0.81504779444461,0.2804289527514,0.18973184603266,0.45489559393835,0.21638350547666,473.38182908502,-6.5270698482458,-0.4429279590969,1.5368723423745,403.79485251584,1.0784896722872,-6.5796104469587,1.1209338907394e-09
24.325,1050753229.8803,971242560.96001,1002311819.0355,471615593.62783,393024055.27243,426334627.6422,0.083977448292488,0.038724986678459,-0.065754767911084,255729286.99936,265608085.77899,0.00026612250589405,0.000364875,0.00036911535420132,1.2325386862763,1.4079927238071e-12,6.4382017769649e-19,0.023558383985309,1.3461999401658,0.2806773113341,0.18989849396491,0.45483252502955,0.21658431877195,471.76259833536,-4.746822690535,-0.14777367292952,0.70965636231031,404.13546142739,0.61392886925867,-4.8439910679315,1.1209338988661e-09
24.375,1050253799.2821,970934486.4298,1001846898.7906,471116163.02964,392715980.74221,425869707.39731,0.083977448292488,0.038724986678459,-0.065754767911084,255732204.99724,265572361.34833,0.00026659401415685,0.000365625,0.00036965946975085,1.2330015683194,1.4079927238071e-12,6.4382017769649e-19,0.023438319649087,3.9666170646552,0.28117481497729,0.1902278847755,0.45505021701773,0.21698036900396,472.71608463841,-4.0162988307565,-0.13512626128756,1.2659396248991,405.12653190536,0.82049144327146,-4.1798789909621,1.1209339382793e-09
24.425,1049740977.9342,970601475.0542,1001353531.4841,470603341.68175,392382969.36662,425376340.09078,0.083977448292488,0.038724986678459,-0.065754767911084,255735161.89888,265521488.44088,0.00026711429567961,0.000366375,0.00037014446813391,1.2334598038106,1.4079927238071e-12,6.4382017769649e-19,0.023602713587535,2.3314825422691,0.28166990503128,0.19055640243174,0.45547466458367,0.21737722071041,472.35215996107,-1.7915776179735,0.062725779932325,1.3132341118139,407.5614389202,0.64585875862326,-1.7404932711313,1.1209353598619e-09
24.475,1049249455.4971,970310432.98077,1000913317.8806,470111819.24466,392091927.29318,424936126.48732,0.083977448292488,0.038724986678459,-0.065754767911084,255738265.94897,265470750.57767,0.00026733007241667,0.000367125,0.00037077419259248,1.2339295917669,1.4079927238071e-12,6.4382017769649e-19,0.022966841895349,1.6093292922022,0.28217856927013,0.1908960737686,0.45554157451831,0.21777788030038,471.68917503233,-4.8750444917302,0.17934700786211,0.37956010433597,404.45471375929,0.69296078480527,-4.6700573060547,1.1209353598631e-09
24.525,1048761675.5294,970016102.04961,1000475974.4376,469624039.2769,391797596.36202,424498783.04435,0.083977448292488,0.038724986678459,-0.065754767911084,255741456.63144,265373803.93791,0.00026771138126134,0.000367875,0.00037118095557341,1.2343901953763,1.4079927238071e-12,6.4382017769649e-19,0.023281230747333,1.0312241962038,0.28267889657459,0.19122842625219,0.45583079839553,0.21817543634089,472.76175995388,-5.7960678495673,-0.10402660610473,0.83369259855928,404.64626973739,0.89836911178943,-5.9519331815521,1.1209353662859e-09
24.575,1048294889.4641,969750643.40983,1000056192.1769,469157253.21165,391532137.72225,424079000.78361,0.083977448292488,0.038724986678459,-0.065754767911084,255744207.70754,265329391.57355,0.00026819887985631,0.000368625,0.00037160913828708,1.2348644647283,1.4079927238071e-12,6.4382017769649e-19,0.022762749247556,0.84595286969654,0.28317866596121,0.19156057034116,0.45586195379612,0.21857382044883,471.53668519518,-4.9929411589294,0.32169385755639,0.29025066202075,403.03616946684,0.98084994949897,-5.1247966731884,1.1209367459131e-09
24.625,1047732894.7724,969459552.67126,999586113.0359,468595258.51992,391241046.98368,423608921.64262,0.083977448292488,0.038724986678459,-0.065754767911084,255746983.09156,265284464.19636,0.00026846936465537,0.000369375,0.00037203900294265,1.2353306309363,1.4079927238071e-12,6.4382017769649e-19,0.024075741780119,1.645344541409,0.28367505969964,0.19188992200763,0.45610762387312,0.21897033126105,471.57563822477,-4.4493354444597,-0.66418710385239,0.51669376064068,403.32661676338,0.81609007883433,-4.4105167621132,1.1209383584192e-09
24.675,1047110316.5788,969147542.98185,999111809.38369,467972680.32631,390929037.29427,423134617.99041,0.083977448292488,0.038724986678459,-0.065754767911084,255749453.0977,265244285.38239,0.00026907891953581,0.000370125,0.00037265755651397,1.2357895006089,1.4079927238071e-12,6.4382017769649e-19,0.023826902315965,1.3012999617837,0.28416890777195,0.19221521414048,0.45685795413875,0.21936305107156,471.80706390208,-4.0877604966297,-0.55274782069002,1.4290698971442,404.97684617145,1.0016588714459,-4.0133531149756,1.1209384100023e-09
24.725,1046621978.2144,968895059.19239,998691760.58857,467484341.9619,390676553.5048,422714569.19528,0.083977448292488,0.038724986678459,-0.065754767911084,255751847.94448,265189466.75459,0.00026940201537968,0.000370875,0.00037316141136461,1.2362527525224,1.4079927238071e-12,6.4382017769649e-19,0.023035187050402,0.74152197454886,0.28467154826943,0.19254952810477,0.45704733251911,0.21976059532625,472.22318818024,-5.6922745896234,-0.24675323973723,1.0123093673783,404.15509922296,0.51973256997098,-5.4475630079942,1.1209398418545e-09
24.775,1046110906.0559,968606675.32611,998258242.7204,466973269.80341,390388169.63853,422281051.32711,0.083977448292488,0.038724986678459,-0.065754767911084,255754464.71301,265137306.27466,0.00026962163805086,0.000371625,0.00037373707964716,1.2367134860655,1.4079927238071e-12,6.4382017769649e-19,0.023241450814423,3.8996615377058,0.28516896546163,0.19288119537364,0.45727616591363,0.22015885005188,471.77375161121,-4.4629071378701,-0.082899270529025,0.571895302008,405.01350732558,0.40665176546995,-4.5147877323253,1.1209452261164e-09
24.825,1045638517.8748,968339437.24547,997841219.91126,466500881.62234,390120931.55788,421864028.51798,0.083977448292488,0.038724986678459,-0.065754767911084,255757261.71299,264993449.76104,0.00027014917814143,0.000372375,0.00037416114109422,1.2371723248872,1.4079927238071e-12,6.4382017769649e-19,0.022878899154585,2.3975711882768,0.28566610635738,0.1932110417457,0.4576434363169,0.22055516465181,472.23083240503,-4.462122588653,-0.12566715371816,0.88337546254533,405.89660278912,0.53333837519383,-4.5136774500878,1.1209496850894e-09
24.875,1045174259.3961,968078061.78876,997430389.76907,466036623.14368,389859556.10118,421453198.37578,0.083977448292488,0.038724986678459,-0.065754767911084,255759777.42245,264957542.74567,0.00027041201103675,0.000373125,0.0003746023067383,1.2376434458692,1.4079927238071e-12,6.4382017769649e-19,0.022659428446616,1.5318571862065,0.2861681406906,0.19354689397,0.45779871334351,0.22095338084023,471.09192957333,-4.790063240401,-0.024775694892157,0.25154172940518,404.023468026,0.61016893721199,-4.6841364005813,1.1209564306515e-09
24.925,1044709302.2844,967805425.58325,997002121.01478,465571666.03189,389586919.89567,421024929.62149,0.083977448292488,0.038724986678459,-0.065754767911084,255762469.11072,264922674.66614,0.00027056009597493,0.000373875,0.00037522402541009,1.2381103584964,1.4079927238071e-12,6.4382017769649e-19,0.023301361507466,1.7099703364824,0.28666746039786,0.19387810229761,0.45839836011887,0.22134881533261,470.71834903211,-4.8384713612303,0.043421675891292,0.40055813738324,402.8442404672,0.077087946737443,-4.9175206660276,1.1209636267543e-09
24.975,1044159759.5909,967483323.51798,996531835.34703,465022123.33848,389264817.83039,420554643.95374,0.083977448292488,0.038724986678459,-0.065754767911084,255765004.09604,264887575.73158,0.00027111446825886,0.000374625,0.00037545872827096,1.2385663391144,1.4079927238071e-12,6.4382017769649e-19,0.02390576100137,3.2668953581181,0.28716085516797,0.19420438250317,0.45895456494848,0.22174274027818,471.37824247049,-3.9677003430373,0.22934758784144,1.131588626477,404.98300071088,0.12903951314688,-3.8349361242753,1.1209656437715e-09
25.025,1043681004.2484,967218819.44464,996107598.28189,464543367.9959,389000313.75706,420130406.8886,0.083977448292488,0.038724986678459,-0.065754767911084,255767313.18654,264850664.68575,0.00027152333684454,0.000375375,0.00037603125232214,1.2390288690156,1.4079927238071e-12,6.4382017769649e-19,0.023025035239516,2.9489129122742,0.28765175067101,0.19452863418714,0.45961650882584,0.22213736631597,472.05641623747,-2.8866296444162,-0.15922640723575,1.1710332912832,406.17065616337,0.45786636533311,-2.9557833947809,1.1209673826375e-09
25.075,1043191122.0561,966945842.53292,995675040.33161,464053485.80366,388727336.84533,419697848.93833,0.083977448292488,0.038724986678459,-0.065754767911084,255769601.18305,264813914.18129,0.00027182233943558,0.000376125,0.00037654101205321,1.2394931948544,1.4079927238071e-12,6.4382017769649e-19,0.02346371887331,4.1621552750817,0.28815080999553,0.19486016269587,0.45988187017002,0.22253333344991,471.78267641131,-3.0976715865128,-0.21410319272283,1.0445447537014,405.68802661866,0.67508111028274,-3.2810779570289,1.1209722579411e-09
25.125,1042684316.3521,966662653.44017,995245125.38773,463546680.0996,388444147.75259,419267933.99444,0.083977448292488,0.038724986678459,-0.065754767911084,255772016.83721,264778375.54736,0.00027222431756855,0.000376875,0.00037703843926251,1.239956112525,1.4079927238071e-12,6.4382017769649e-19,0.023604586917422,2.1030335740316,0.28864815760092,0.19518902686654,0.46036939261953,0.22292859376006,471.94395524047,-4.1160452077776,-0.27951265884646,1.1609816474611,405.37215200797,0.43586751076897,-4.0525582063909,1.1209764262614e-09
25.175,1042202464.1573,966382499.64569,994814743.36431,463064827.90485,388163993.95811,418837551.97103,0.083977448292488,0.038724986678459,-0.065754767911084,255774388.3491,264744589.51924,0.00027256495820797,0.000377625,0.00037748837656171,1.2404381173758,1.4079927238071e-12,6.4382017769649e-19,0.023417773360197,5.1355310576732,0.28915167045978,0.19552547315413,0.4605241452333,0.22332529672394,471.08829099495,-4.4946856424911,-0.30278356917083,0.63313385732789,401.64374184853,0.18498978788068,-4.7222288940901,1.1209833211586e-09
25.225,1041589740.9587,965990610.92067,994246425.15304,462452104.70626,387772105.23308,418269233.75976,0.083977448292488,0.038724986678459,-0.065754767911084,255776849.73518,264728136.67395,0.0002728763007869,0.000378375,0.0003779803787541,1.2408909343556,1.4079927238071e-12,6.4382017769649e-19,0.02565578988973,4.9014380333576,0.28964636434482,0.19585438214947,0.46081698529571,0.22372140698545,470.51938810176,-4.5171745244295,-0.0069168066315391,0.58848703180435,403.49190666098,0.33590448632219,-4.5622455585459,1.1209897349962e-09
25.275,1041094624.5215,965711013.91244,993801481.82933,461956988.269,387492508.22485,417824290.43605,0.083977448292488,0.038724986678459,-0.065754767911084,255779195.90124,264700663.362,0.00027343604421409,0.000379125,0.00037851458117893,1.241349035974,1.4079927238071e-12,6.4382017769649e-19,0.022664170886617,1.8718083448606,0.29013785818908,0.19617914808229,0.46161257801379,0.22411430688332,471.20807443003,-3.1653109146381,-0.069778312335595,1.2487931074319,405.48117451565,0.23734610250569,-3.0860800769677,1.1209918600182e-09
25.325,1040635024.3643,965461784.97019,993397489.17702,461497388.1118,387243279.2826,417420297.78374,0.083977448292488,0.038724986678459,-0.065754767911084,255781389.67346,264636680.30657,0.00027406829497989,0.000379875,0.00037914620407191,1.2418186140628,1.4079927238071e-12,6.4382017769649e-19,0.022827925780844,1.4334088884819,0.29063336342431,0.19650555450029,0.4598236943032,0.22450572368439,471.65904776388,-4.5174571142545,-0.33449165436899,1.6037848112067,404.14859296736,1.0817773002699,-4.6714263378504,1.1209932021719e-09
25.375,1040127169.8014,965196453.89462,992948242.77328,460989533.54896,386977948.20703,416971051.38,0.083977448292488,0.038724986678459,-0.065754767911084,255783619.88047,264582016.79019,0.00027419550325099,0.000380625,0.00037958258977456,1.2422852707606,1.4079927238071e-12,6.4382017769649e-19,0.023940039722369,3.3471281339837,0.29113127444621,0.19683651955666,0.46203490080295,0.22490143650605,471.1258066621,-4.7185112204178,0.16793933455644,0.89365918445078,403.05678809705,1.1588788421568,-4.7963398652623,1.1210002583235e-09
25.425,1039634604.5798,964899245.90311,992479793.50534,460496968.3273,386680740.21552,416502602.11205,0.083977448292488,0.038724986678459,-0.065754767911084,255785899.5506,264537307.62584,0.00027460815204815,0.000381375,0.00038009658612887,1.2427546714854,1.4079927238071e-12,6.4382017769649e-19,0.023990040624369,4.3329988959934,0.29163021099694,0.19716658647642,0.46230283849304,0.22529391152124,471.18029830492,-6.07783259067,0.34644280323593,1.2078006779441,401.61409898033,1.0716255168382,-6.105256386989,1.1210041387262e-09
25.475,1039089826.6305,964596492.99371,991988209.53322,459952190.37804,386377987.30613,416011018.13994,0.083977448292488,0.038724986678459,-0.065754767911084,255788281.03857,264399293.68211,0.00027484545699189,0.000382125,0.00038044092796585,1.2432157326686,1.4079927238071e-12,6.4382017769649e-19,0.024596195889564,3.6181130126602,0.29212159831709,0.19749358670658,0.46247963591855,0.22568939096387,470.27890350013,-4.5469153283959,0.033951782014154,0.40055190357437,402.6734859153,0.55685406487683,-4.4211865232748,1.121011327583e-09
25.525,1038559638.6922,964303481.40797,991536797.70333,459422002.4397,386084975.72039,415559606.31005,0.083977448292488,0.038724986678459,-0.065754767911084,255790627.26571,264291041.94217,0.00027512578273777,0.000382875,0.00038101150566541,1.2436724861397,1.4079927238071e-12,6.4382017769649e-19,0.023458020347087,3.3148404030384,0.29261559977342,0.19782137509603,0.46268588622426,0.22608476031636,470.16981344543,-4.6089458337638,0.31950714280357,0.48753755159734,403.4803040919,0.61134522441158,-4.7450823012649,1.1210185797502e-09
25.575,1038109759.7482,964049840.72573,991134183.49079,458972123.49577,385831335.03814,415156992.0975,0.083977448292488,0.038724986678459,-0.065754767911084,255792863.44898,264251275.63938,0.0002756076700214,0.000383625,0.00038152726250232,1.2441336996635,1.4079927238071e-12,6.4382017769649e-19,0.022622636613163,2.4005433905107,0.29310849479394,0.19814715359279,0.46336695651892,0.22647734107231,471.0963920524,-5.1158682993916,0.20502025039329,1.0470999615283,403.72436109909,1.0721909941807,-5.3387122159353,1.1210237567975e-09
25.625,1037654137.9228,963779218.0708,990713307.69028,458516501.67035,385560712.38322,414736116.297,0.083977448292488,0.038724986678459,-0.065754767911084,255794950.67912,264211165.22332,0.00027608494242966,0.000384375,0.0003821762858435,1.2445977215291,1.4079927238071e-12,6.4382017769649e-19,0.023170546519369,5.6492883597518,0.29360402813226,0.19847525837244,0.46385157248397,0.22687026037262,471.20710629474,-5.8316520408556,-0.0014162703492503,1.2140410825651,403.22328611461,0.91813151169049,-5.8877784228845,1.12102703678e-09
25.675,1037196103.0703,963527026.8162,990297467.67392,458058466.81782,385308521.12862,414320276.28063,0.083977448292488,0.038724986678459,-0.065754767911084,255797040.73081,264171192.61218,0.00027648523443774,0.000385125,0.0003822938976876,1.2450614498907,1.4079927238071e-12,6.4382017769649e-19,0.023184741876659,1.6317513742163,0.29409759837891,0.19880367478477,0.4639714164089,0.22726646544103,470.15748741383,-5.0116733011985,0.12700482935751,0.47962025306753,403.02770674421,0.68788795221889,-4.9327918283266,1.121035027585e-09
25.725,1036712333.0128,963247457.58919,989879812.95385,457574696.76035,385028951.90161,413902621.56056,0.083977448292488,0.038724986678459,-0.065754767911084,255799299.43887,264109997.06873,0.00027707592953641,0.000385875,0.00038294809914884,1.2455213385822,1.4079927238071e-12,6.4382017769649e-19,0.023116261400863,1.8021143268988,0.29458568384503,0.19912456126063,0.46513253979891,0.22765595476247,470.76354014635,-4.3097071236833,-0.1506109417032,1.5534080382276,404.58641363341,1.1548819692933,-4.2198196934175,1.1210381608418e-09
25.775,1036257794.0859,963010989.12546,989480188.11399,457120157.83346,384792483.43787,413502996.7207,0.083977448292488,0.038724986678459,-0.065754767911084,255801244.50243,264074543.33019,0.00027891654233955,0.000386625,0.0003830722084585,1.2459852162629,1.4079927238071e-12,6.4382017769649e-19,0.022938675967834,1.084048662563,0.29508379831485,0.19945748380823,0.46513472590407,0.22805311857747,469.69221147697,-4.8726588716374,0.088931061688532,0.40630477972835,403.33286314042,0.77945037251333,-4.6648065780548,1.1212419459083e-09
25.825,1035797003.3928,962735042.80921,989073715.57324,456659367.14035,384516537.12162,413096524.17995,0.083977448292488,0.038724986678459,-0.065754767911084,255803485.63676,264035898.95579,0.00027909991111465,0.000387375,0.00038355748731347,1.2464456013146,1.4079927238071e-12,6.4382017769649e-19,0.023144262818197,3.1813649548372,0.29557801158446,0.19978417689673,0.46556981407767,0.22844661187119,470.73247786841,-5.9558025210705,-0.18511745442649,0.79874862426139,403.04505362588,0.6061366451235,-5.9770396230271,1.1212419693439e-09
25.875,1035324757.4369,962483339.03809,988668606.09458,456187121.18439,384264833.35051,412691414.70129,0.083977448292488,0.038724986678459,-0.065754767911084,255805607.18752,263979855.75119,0.00027932352683854,0.000388125,0.00038390411362386,1.246907956189,1.4079927238071e-12,6.4382017769649e-19,0.023212127924312,2.8350316136185,0.29607009014895,0.20011148110559,0.46577349161434,0.22884157550994,469.92913107197,-4.9126600209325,0.086289612450664,0.26818238448199,403.34344194943,0.25819643010829,-4.6047116685521,1.1212421394352e-09
25.925,1034870704.1553,962215500.34427,988257656.06184,455733067.90287,383996994.65668,412280464.66856,0.083977448292488,0.038724986678459,-0.065754767911084,255807763.32195,263950582.01724,0.00027967175791436,0.000388875,0.00038445035738902,1.2473636025452,1.4079927238071e-12,6.4382017769649e-19,0.02311930841769,1.3041967403754,0.29656071451965,0.20043671152172,0.46609152121746,0.22923486851395,470.43547333214,-4.2202114406442,0.12194002787006,0.75462776832628,404.99912247618,0.40529368167711,-4.2461932192133,1.121242488345e-09
25.975,1034428889.1612,961975394.97392,987861779.61296,455291252.90875,383756889.28634,411884588.21967,0.083977448292488,0.038724986678459,-0.065754767911084,255809770.62204,263917934.82606,0.00028010440344827,0.000389625,0.00038508782807619,1.2478275407575,1.4079927238071e-12,6.4382017769649e-19,0.022550814306052,2.1616086236336,0.29705443601701,0.20076396318861,0.46652621021257,0.22962696676703,470.74640637691,-4.4600700985395,0.15923313556204,1.0274422658915,404.42230239723,0.46346425109377,-5.0700995638511,1.121243159464e-09
26.025,1033981358.6481,961721160.62956,987460503.02986,454843722.39559,383502654.94197,411483311.63658,0.083977448292488,0.038724986678459,-0.065754767911084,255811762.03391,263894351.28268,0.00028036856596647,0.000390375,0.00038549643792994,1.248287895994,1.4079927238071e-12,6.4382017769649e-19,0.023188710519925,1.8734395873973,0.29754789227125,0.20109179845864,0.46674658783312,0.23002116187407,470.44469484507,-4.8464088553269,-0.028595337837372,0.68310890027878,404.46749011718,0.85310887365023,-4.9419916471957,1.1212465630449e-09
26.075,1033540697.0246,961476390.76478,987063066.39142,454403060.77215,383257885.0772,411085874.99814,0.083977448292488,0.038724986678459,-0.065754767911084,255813858.95997,263863090.38921,0.00028075033763026,0.000391125,0.00038598420146306,1.2487556206334,1.4079927238071e-12,6.4382017769649e-19,0.022726160397363,1.6781869556666,0.29804286190915,0.20141848146714,0.46734833557247,0.23041232783698,470.64813062815,-5.6717590830207,-0.1886177569131,1.1981207413138,402.71650416369,0.44365004806984,-5.981897800541,1.1212493815674e-09
26.125,1033033454.2239,961174803.00613,986658420.07919,453895817.97143,382956297.31855,410681228.68591,0.083977448292488,0.038724986678459,-0.065754767911084,255815770.96348,263784002.56977,0.0002811091717957,0.000391875,0.00038646350828983,1.2492128863464,1.4079927238071e-12,6.4382017769649e-19,0.02409462245164,3.331040119699,0.29852465602442,0.20173641703318,0.46804897581926,0.23080311919285,470.24989863003,-2.4427209008991,-0.28753949509961,1.3330746938094,405.72431102513,0.61966016880929,-2.4674969495479,1.1212542618209e-09
26.15,1032816454.2969,961059370.08931,986467358.50923,453678818.04446,382840864.40172,410490167.11595,0.083977448292488,0.038724986678459,-0.065754767911084,255816672.64477,263767876.51608,0.00028117424127923,0.00039225,0.00038677727119031,1.2494424582698,1.4079927238071e-12,6.4382017769649e-19,0.022988533097417,1.0159298930953,0.29875640400279,0.20188779341593,0.46877353259109,0.2309964569769,469.10600280234,1.4089101459954,-0.46859885268961,1.7925239367486,408.80634197339,0.988729267378,1.7368387701135,1.1212569732002e-09
26.2,1032330232.5302,960814904.12648,986018158.16799,453192596.27776,382596398.43889,410040966.77471,0.083977448292488,0.038724986678459,-0.065754767911084,255818383.02321,263756082.17114,0.00028148388506499,0.000393,0.00038710883169366,1.2499136400821,1.4079927238071e-12,6.4382017769649e-19,0.023256320218211,2.7723213655104,0.29926869120524,0.20222955890805,0.46859334474004,0.23139176260051,470.03167864236,-4.95647794784,-0.44336387931952,0.81844723385227,403.00959701641,0.32184232598134,-5.0910146417065,1.1212606802381e-09
26.25,1031777646.3067,960502119.55223,985558528.38243,452640010.05423,382283613.86465,409581336.98915,0.083977448292488,0.038724986678459,-0.065754767911084,255820466.0572,263628287.10493,0.00028197409482223,0.00039375,0.0003876658463855,1.2503668729532,1.4079927238071e-12,6.4382017769649e-19,0.02381678798814,3.0373330047115,0.29974935609325,0.2025461272592,0.46936704260922,0.23178125840284,469.91035908182,-1.7537160195212,-0.24730912296074,1.3589711983995,406.73823250457,0.38526879092295,-1.5053545171571,1.1212635474521e-09
26.3,1031332698.7673,960267585.45004,985165194.9355,452195062.51484,382049079.76245,409188003.54222,0.083977448292488,0.038724986678459,-0.065754767911084,255822378.36652,263559435.21417,0.00028213616829588,0.0003945,0.00038800060895518,1.2508327116553,1.4079927238071e-12,6.4382017769649e-19,0.022592507600397,1.4487763279254,0.30024731795844,0.20287739560924,0.46931780895757,0.23217618479425,469.55631519978,-3.8891507503436,0.058110544135646,0.48930956219693,404.33834627753,0.21068516829515,-3.925204080264,1.1212705090876e-09
26.35,1030883040.1321,960002044.46467,984760659.76719,451745403.87961,381783538.77709,408783468.3739,0.083977448292488,0.038724986678459,-0.065754767911084,255824353.91225,263500617.35352,0.00028262856696899,0.00039525,0.00038861046760962,1.2512891782202,1.4079927238071e-12,6.4382017769649e-19,0.02318513045378,1.1096715741813,0.3007324449741,0.20319712693564,0.47002072668651,0.23256588680887,470.11868780244,-2.6133421555852,-0.042759142060304,1.3536711813517,406.40646619832,0.44105206749489,-2.4912707449469,1.1212755830327e-09
26.375,1030672438.0131,959889402.57574,984575369.57564,451534801.76065,381670896.88816,408598178.18236,0.083977448292488,0.038724986678459,-0.065754767911084,255825213.22726,263484428.52577,0.00028288576182647,0.000395625,0.00038888946850739,1.2515166735177,1.4079927238071e-12,6.4382017769649e-19,0.022763618937016,2.3515075576116,0.30095969048281,0.20334553985276,0.47075982372934,0.23275880967049,468.9817684603,2.5428380773801,-0.280450847464,1.6089554375067,410.44154850536,0.90638766835003,3.0156361586596,1.1212780785516e-09
26.425,1030203556.0655,959653367.3976,984173630.28815,451065919.81299,381434861.71002,408196438.89486,0.083977448292488,0.038724986678459,-0.065754767911084,255826812.07136,263476551.45528,0.00028346140501109,0.000396375,0.00038932661587307,1.2519877337766,1.4079927238071e-12,6.4382017769649e-19,0.022962058692481,2.5229586992286,0.30147022444324,0.20368422566297,0.47071995883784,0.23315107383138,470.24546394806,-4.6899667598293,-0.28865582595611,1.1015222929778,404.38647664443,0.82695258442477,-4.7701809517161,1.121279697439e-09
26.475,1029739205.8285,959402086.8928,983755590.96286,450601569.57605,381183581.20522,407778399.56958,0.083977448292488,0.038724986678459,-0.065754767911084,255828701.36623,263466198.63255,0.0002839713954213,0.000397125,0.00038991523412418,1.2524518185458,1.4079927238071e-12,6.4382017769649e-19,0.023416650521406,1.8706929435257,0.30195793118682,0.20400502537554,0.47170166385784,0.23353891767613,470.33481663975,-4.5813150586227,-0.40240863179608,1.5466012073122,404.55802135383,0.86908435085329,-4.7616475857746,1.1212822348876e-09
26.525,1029281483.5314,959171403.60091,983350044.66085,450143847.2789,380952897.91333,407372853.26756,0.083977448292488,0.038724986678459,-0.065754767911084,255830382.95786,263413993.00319,0.000284175609857,0.000397875,0.00039045252078345,1.2529233335422,1.4079927238071e-12,6.4382017769649e-19,0.023110334841767,1.0480310001974,0.30245346208881,0.20433352103357,0.47169465844358,0.23393030381573,469.75946199736,-5.8399513674885,-0.21480520613348,1.0112448481997,401.68231590813,0.65268746525725,-5.7524630636231,1.1212865110022e-09
26.575,1028776526.2608,958876701.44329,982901980.78528,449638890.00838,380658195.75571,406924789.392,0.083977448292488,0.038724986678459,-0.065754767911084,255832450.85921,263377057.48106,0.00028444977937437,0.000398625,0.00039086761536243,1.2533872814102,1.4079927238071e-12,6.4382017769649e-19,0.024576983324723,5.417765618649,0.3029438517425,0.20465948246491,0.47174813301907,0.23432244679693,469.0678250631,-5.6357491026076,0.28440760589208,0.65029873523671,401.38928756516,0.9064322947686,-5.6194493835208,1.1212927952899e-09
26.625,1028289407.5696,958606615.1155,982432753.52336,449151771.31713,380388109.42791,406455562.13007,0.083977448292488,0.038724986678459,-0.065754767911084,255834311.99439,263351314.15895,0.00028480070851872,0.000399375,0.00039131751260931,1.2538369241309,1.4079927238071e-12,6.4382017769649e-19,0.02396734675935,5.5045653712875,0.30342260937495,0.20497535017284,0.47199051025006,0.23471223240464,469.1288543242,-2.4096646160008,0.11823994757449,1.1213032644431,405.62902895525,0.62188447028531,-2.0224342831271,1.1212985452468e-09
26.675,1027851737.8858,958377042.41756,982036281.60585,448714101.63335,380158536.72997,406059090.21256,0.083977448292488,0.038724986678459,-0.065754767911084,255835963.83584,263320218.9718,0.00028506292526789,0.000400125,0.00039177904076169,1.2543118696786,1.4079927238071e-12,6.4382017769649e-19,0.022435463030253,3.8257809427003,0.30392574549128,0.20530905975069,0.47394157221311,0.2351047945747,469.06796519018,-5.5837822076757,0.33469758169195,0.50770626221538,400.60209648772,0.75044782117351,-5.7531150949778,1.121305509329e-09
26.725,1027296528.7315,957984846.54937,981503175.81798,448158892.479,379766340.86178,405525984.42469,0.083977448292488,0.038724986678459,-0.065754767911084,255837785.36008,263297174.40481,0.0002853860919769,0.000400875,0.00039200001420435,1.2547666145872,1.4079927238071e-12,6.4382017769649e-19,0.025239219856473,15.342882373352,0.30440980757362,0.20562964165618,0.47430581217585,0.23549717023347,468.50221971866,-4.8844073736309,0.15594350549054,0.40103750957462,402.25349259669,0.55934577598737,-4.7342701128392,1.1213124573371e-09
26.775,1026838887.6167,957713082.2032,981085504.08646,447701251.36419,379494576.51562,405108312.69318,0.083977448292488,0.038724986678459,-0.065754767911084,255839551.2773,263248247.90736,0.00028557973078695,0.000401625,0.00039252294693852,1.2552279335464,1.4079927238071e-12,6.4382017769649e-19,0.022840272851579,5.7715286967884,0.30490034353231,0.20595485453459,0.47423766000437,0.23588945399302,468.97953549768,-5.6434795751901,0.33662467457958,0.42269161821189,401.74251867776,0.28782718354253,-5.3869432242712,1.1213189443899e-09
26.825,1026383200.766,957459114.04253,980671741.64176,447245564.51358,379240608.35495,404694550.24847,0.083977448292488,0.038724986678459,-0.065754767911084,255841323.8612,263219157.69491,0.00028626251824381,0.000402375,0.00039352894706121,1.2556844499358,1.4079927238071e-12,6.4382017769649e-19,0.023670426069141,4.6694080569773,0.30538746266689,0.20627680426202,0.47475273166339,0.23628043378899,469.11765500953,-5.5362100968571,0.22138436215038,0.61310862490697,402.54653632764,0.45928005071503,-5.5291897666369,1.1213249291227e-09
26.875,1025949591.9136,957226026.19214,980283591.26584,446811955.66117,379007520.50455,404306399.87256,0.083977448292488,0.038724986678459,-0.065754767911084,255843027.69918,263188268.68038,0.00028677692730937,0.000403125,0.00039402492291557,1.2561420910851,1.4079927238071e-12,6.4382017769649e-19,0.022850000099653,4.2642653859183,0.30586689265593,0.2065913372054,0.47594282065391,0.2366664571282,469.30959204019,-3.5810517060389,-0.041562715882852,1.4217403830035,404.8814454093,0.62401513932691,-3.5635749400476,1.121326153719e-09
26.925,1025515205.5601,957011394.07461,979902894.39431,446377569.30759,378792888.38702,403925703.00102,0.083977448292488,0.038724986678459,-0.065754767911084,255844528.57428,263156998.34065,0.00028708248800911,0.000403875,0.00039434742127922,1.2566118556561,1.4079927238071e-12,6.4382017769649e-19,0.022686962595812,0.94764764284341,0.30636157305775,0.20691714371329,0.47658636827037,0.23705467404241,470.05374519799,-6.3415165732426,-0.06633855143978,1.47053176094,402.24696645916,0.5268143805389,-6.4144576892536,1.1213264393351e-09
26.975,1025059938.2014,956772253.98429,979498107.48698,445922301.94895,378553748.29671,403520916.09369,0.083977448292488,0.038724986678459,-0.065754767911084,255846101.4009,263114025.70923,0.00028729914237119,0.000404625,0.00039484196972523,1.2570707835573,1.4079927238071e-12,6.4382017769649e-19,0.023982395637992,7.4919466077724,0.30684541133193,0.20723848237361,0.47729487258398,0.23744578763259,468.75740340674,-4.1231062879605,0.34653306970417,0.93697553868247,403.48423956569,0.018754929998314,-4.2997636907231,1.1213282281556e-09
27.025,1024616962.1492,956520547.63602,979099683.39964,445479325.89675,378302041.94844,403122492.00635,0.083977448292488,0.038724986678459,-0.065754767911084,255847732.58381,263078388.14626,0.00028774730258436,0.000405375,0.00039540563542811,1.2575264390193,1.4079927238071e-12,6.4382017769649e-19,0.023133296446491,5.9873208835834,0.30732931416516,0.20755709281603,0.47828047480749,0.2378333914118,469.50695187811,-4.2022984399421,0.063017335268429,1.3095260560992,404.83317821064,0.50689213708815,-4.2616323661301,1.1213313769241e-09
27.075,1024191468.6289,956300647.10481,978721201.52152,445053832.37644,378082141.41723,402744010.12823,0.083977448292488,0.038724986678459,-0.065754767911084,255849256.54137,263058869.87793,0.00028789492040391,0.000406125,0.00039571489320388,1.2579944395955,1.4079927238071e-12,6.4382017769649e-19,0.022542477627123,1.1613562131187,0.30782077527448,0.20788358481513,0.48632619234271,0.23822514664451,468.85536567795,-5.4343586987941,0.16937747507613,0.38213971303581,402.52449403225,-0.0013084909387123,-5.3891008980187,1.1213365276179e-09
27.125,1023750958.5705,956056725.23192,978325338.52193,444613322.31799,377838219.54433,402348147.12865,0.083977448292488,0.038724986678459,-0.065754767911084,255850953.36844,262980957.14421,0.00028815307035411,0.000406875,0.00039624329177573,1.2584568381238,1.4079927238071e-12,6.4382017769649e-19,0.023294665573366,1.5710160619351,0.30830577938731,0.20820398605827,0.48356709130088,0.23861371419852,469.42015961717,-5.1850223698607,-0.068511215566177,0.89844301588261,402.72066923047,0.65175136609393,-5.4757403168965,1.1213387076335e-09
27.175,1023290772.055,955814111.84376,977909470.67488,444153135.80255,377595606.15617,401932279.2816,0.083977448292488,0.038724986678459,-0.065754767911084,255852496.07938,262957985.67549,0.00028882932109605,0.000407625,0.0003967405014962,1.2589226177142,1.4079927238071e-12,6.4382017769649e-19,0.023449662901203,4.1208081245643,0.30879447304575,0.20852543850812,0.48367362021132,0.23900126577178,469.4674267707,-6.4820521627872,-0.31488479739795,1.1762839963936,401.11868080961,1.2229843158778,-6.5393927779295,1.1213422833886e-09
27.225,1022723811.407,955495675.67152,977481647.3499,443586175.15455,377277169.98393,401504455.95662,0.083977448292488,0.038724986678459,-0.065754767911084,255853990.41,262930991.74138,0.00028925069497451,0.000408375,0.00039719160278132,1.2593803444103,1.4079927238071e-12,6.4382017769649e-19,0.024174520925823,2.7619787997899,0.30927799501223,0.20884442807461,0.48401258250849,0.23938873775819,469.03363490587,-5.9305193000324,-0.052990667072863,1.2515654044752,402.16304814669,0.82690835236903,-5.7802603733792,1.1213455035313e-09
27.275,1022272134.8631,955246183.33438,977090835.70425,443134498.6106,377027677.6468,401113644.31096,0.083977448292488,0.038724986678459,-0.065754767911084,255855455.25055,262901818.69769,0.00028893248645957,0.000409125,0.00039760081518026,1.2598516209029,1.4079927238071e-12,6.4382017769649e-19,0.02290272281319,2.0356417847729,0.3097662534307,0.20916717316221,0.48425018771307,0.23977742742731,469.16252871183,-6.44900193371,-0.28839687564526,0.97712759202407,400.25600503639,0.56082521794234,-6.0509096493612,1.1213481569896e-09
27.325,1021697236.3152,954945789.94193,976667675.74866,442559600.06269,376727284.25434,400690484.35538,0.083977448292488,0.038724986678459,-0.065754767911084,255856990.37399,262875652.16081,0.0002869680652897,0.000409875,0.00039802826707253,1.260303944582,1.4079927238071e-12,6.4382017769649e-19,0.024815606239967,2.8802589584471,0.31025007685893,0.20948811733134,0.48456065548028,0.24016699123915,467.95123743512,-5.1463518113879,0.080912472819543,0.62162721889456,402.12011212978,0.7489961968732,-5.1227923963982,1.121355807527e-09
27.375,1021259254.4489,954705997.96932,976290426.1688,442121618.19646,376487492.28173,400313234.77551,0.083977448292488,0.038724986678459,-0.065754767911084,255858522.08885,262850166.46761,0.00028724846757446,0.000410625,0.00039847452355371,1.2607682260033,1.4079927238071e-12,6.4382017769649e-19,0.022649860770532,5.8812286779827,0.31073957231741,0.20981319485362,0.48483411941087,0.24055650827575,467.63454686334,-5.779478241767,-0.013570028651264,0.29069630513801,400.50779460206,0.82966884439509,-5.7702835653686,1.1213604093121e-09
27.425,1020766401.8026,954433924.99876,975859434.38687,441628765.55017,376215419.31118,399882242.99358,0.083977448292488,0.038724986678459,-0.065754767911084,255860054.60461,262829706.3937,0.00028780563898511,0.000411375,0.00039901092834489,1.2612223527102,1.4079927238071e-12,6.4382017769649e-19,0.023583203564619,2.2332622607589,0.31121937801594,0.21012927320465,0.48534873812645,0.2409438489296,468.50225293676,-4.8513325806121,-0.23320606033304,0.96374680683244,402.76385170225,0.99337515805626,-4.8558679733499,1.121364676197e-09
27.475,1020331264.7124,954201015.23065,975457382.39265,441193628.45993,375982509.54306,399480190.99937,0.083977448292488,0.038724986678459,-0.065754767911084,255861486.4126,262729245.30415,0.00028839784315809,0.000412125,0.00039953027427628,1.2616785615093,1.4079927238071e-12,6.4382017769649e-19,0.022939053866909,4.3675309768114,0.31169954045649,0.21044527879153,0.48591230958306,0.2413294779149,468.60184996026,-3.3731062358829,-0.19797243700762,1.3210976951349,404.59423936987,0.87012823973914,-3.3271675454691,1.1213670269159e-09
27.525,1019904141.991,953987670.63744,975074918.05089,440766505.73857,375769164.94986,399097726.6576,0.083977448292488,0.038724986678459,-0.065754767911084,255862847.92536,262725094.12149,0.00028882230955478,0.000412875,0.00039996355581704,1.2621356614777,1.4079927238071e-12,6.4382017769649e-19,0.022660398021684,1.1723547678216,0.31218517334496,0.21076632436941,0.48628478469417,0.24171755813314,468.77220053536,-3.2710853152512,-0.054985684847206,1.1587502333217,405.30658274827,0.75191032949402,-3.2857996849684,1.1213720196264e-09
27.575,1019487413.8502,953774193.44505,974699626.98803,440349777.59772,375555687.75747,398722435.59475,0.083977448292488,0.038724986678459,-0.065754767911084,255864288.238,262153121.35496,0.00028919367664161,0.000413625,0.00040041307577641,1.2625977529318,1.4079927238071e-12,6.4382017769649e-19,0.022630808996843,1.9007243160011,0.31267220764638,0.21108813206057,0.48620339566711,0.24210470322778,468.96038624878,-4.2224412359448,0.023332143126698,1.1589031117493,404.46618412253,0.53201968062559,-4.28619230462,1.121375061312e-09
27.625,1019063061.9576,953560341.98807,974325252.56474,439925425.70515,375341836.30049,398348061.17145,0.083977448292488,0.038724986678459,-0.065754767911084,255865671.9559,262153121.13761,0.00028982570954523,0.000414375,0.00040102867576811,1.2630618559562,1.4079927238071e-12,6.4382017769649e-19,0.022848977290556,2.1300815839304,0.3131514845056,0.21140190087769,0.48696609731271,0.24248789909594,468.802276002,-3.9898035942874,-0.30072903475866,1.7835243894881,404.62889893583,1.1535584386897,-4.0032635725178,1.1213779120087e-09
27.675,1018631326.1215,953356595.16585,973943300.71943,439493689.86899,375138089.47826,397966109.32614,0.083977448292488,0.038724986678459,-0.065754767911084,255866940.95899,262153117.46715,0.00029001339354741,0.000415125,0.00040136016142059,1.2635304542337,1.4079927238071e-12,6.4382017769649e-19,0.023047115514648,1.2138594012878,0.31364314364529,0.21172830675895,0.48738864831493,0.24287804237528,467.94625732419,-5.4079248163976,-0.065544596836099,0.5405214854777,401.80994905283,0.62823870312668,-5.7872251387419,1.1213834332473e-09
27.725,1018200415.1032,953122780.54953,973539357.19795,439062778.85071,374904274.86195,397562165.80467,0.083977448292488,0.038724986678459,-0.065754767911084,255868371.4003,262153116.80681,0.00029033179587531,0.000415875,0.00040178291920985,1.2639862591994,1.4079927238071e-12,6.4382017769649e-19,0.023454933961606,1.6259551272859,0.31412392249702,0.2120459949742,0.48761909464231,0.24326530921166,468.15541143042,-4.6200838347438,0.047650490463815,0.97976375797744,403.23676381915,0.62741481875073,-4.6394934041111,1.1213845474962e-09
27.775,1017782523.3305,952908124.16182,973160041.75375,438644887.07801,374689618.47423,397182850.36046,0.083977448292488,0.038724986678459,-0.065754767911084,255869726.5475,262153115.74972,0.00029065190791156,0.000416625,0.00040227776917723,1.2644447448061,1.4079927238071e-12,6.4382017769649e-19,0.02263073565437,2.4159118094023,0.31460831011612,0.21236527450325,0.48816282812693,0.24365142650167,468.70581431325,-5.63068123602,-0.0047495906596984,1.3034032493453,403.10995652391,0.67112470692119,-5.7022534825196,1.1213904755946e-09
27.825,1017357203.6642,952694310.13651,972779936.53846,438219567.41171,374475804.44892,396802745.14517,0.083977448292488,0.038724986678459,-0.065754767911084,255871043.24844,262153115.2623,0.00029085897597307,0.000417375,0.00040268821351853,1.264914801307,1.4079927238071e-12,6.4382017769649e-19,0.022758151401245,1.8093764203311,0.31509441557885,0.21268751792696,0.48840264719478,0.24403887083669,468.1135328708,-5.3667823713293,-0.20625619806579,0.4976911249238,401.34805834889,0.58577756189223,-5.329837315799,1.1213957412846e-09
27.875,1016881876.0669,952440240.59636,972371305.22961,437744239.81446,374221734.90877,396394113.83633,0.083977448292488,0.038724986678459,-0.065754767911084,255872527.27868,262133626.25675,0.00029121472184977,0.000418125,0.00040323380674006,1.2653667960432,1.4079927238071e-12,6.4382017769649e-19,0.024105211506251,3.1710399601716,0.31557322509641,0.21300273501467,0.48898442033058,0.24442456765613,467.88437345453,-4.3782273625618,-0.045326136659593,1.0614248198099,403.38541510862,0.73133706302878,-4.4116146926121,1.1214008890117e-09
27.925,1016467184.9555,952233044.65207,972004552.72503,437329548.70308,374014538.96448,396027361.33174,0.083977448292488,0.038724986678459,-0.065754767911084,255873807.81212,262131802.40726,0.00029145483204279,0.000418875,0.00040364778991893,1.2658283786417,1.4079927238071e-12,6.4382017769649e-19,0.022521588878992,2.2420642467156,0.31605778313738,0.21332354570018,0.48937175266589,0.2448132735284,467.88911359057,-4.8906061699173,-0.16960162049172,0.6389570877808,402.60868603875,0.51835978197244,-5.1393971512985,1.12140784703e-09
27.975,1016006130.2219,952004318.34258,971616640.61027,436868493.96944,373785812.65499,395639449.21699,0.083977448292488,0.038724986678459,-0.065754767911084,255875148.42856,262124281.05886,0.00029169223706179,0.000419625,0.00040419030634133,1.266283978217,1.4079927238071e-12,6.4382017769649e-19,0.023067839521678,2.2176164305412,0.31654013226038,0.21364272374568,0.48981722669848,0.24520041436005,467.50854420331,-4.6477134784233,0.032565835649199,0.60078011465802,403.26540740317,0.52109071698123,-4.6588273131922,1.1214142124694e-09
28.025,1015595343.4212,951788074.13401,971248586.605,436457707.16873,373569568.44642,395271395.21171,0.083977448292488,0.038724986678459,-0.065754767911084,255876457.86849,262110347.39884,0.00029192879495324,0.000420375,0.00040456339935219,1.2667427615278,1.4079927238071e-12,6.4382017769649e-19,0.022428567808014,1.0396836465992,0.31702487804254,0.21396337473358,0.49024561458281,0.24558809581027,467.72313828025,-5.4698442260431,0.1828322698073,0.56725698539944,402.75629373366,0.63392825087714,-5.4849706897027,1.1214200939017e-09
28.075,1015184553.0653,951575201.72856,970877968.43061,436046916.8128,373356696.04097,394900777.03732,0.083977448292488,0.038724986678459,-0.065754767911084,255877775.65869,262090218.55131,0.00029252090030602,0.000421125,0.00040516454865919,1.2671991371053,1.4079927238071e-12,6.4382017769649e-19,0.022503278620971,1.0169427082856,0.31749770646155,0.2142726130896,0.49135153339942,0.24596972078313,468.08109865642,-3.5235860002761,-0.11949194917052,1.5080666035372,405.14530319568,0.9206341597562,-3.457769139737,1.1214214075546e-09
28.125,1014773319.4785,951380774.39541,970513143.22408,435635683.22605,373162268.70782,394535951.8308,0.083977448292488,0.038724986678459,-0.065754767911084,255878920.49555,262074793.90576,0.00029272908893536,0.000421875,0.00040560276865653,1.2676660574766,1.4079927238071e-12,6.4382017769649e-19,0.022517053407957,0.6902134395823,0.31798851499148,0.21459872032358,0.4919251416672,0.24635891784247,467.34011157612,-5.3418626718608,0.44974245695192,0.35265622929065,402.12779747093,0.28186274060147,-5.231319478995,1.1214265628702e-09
28.175,1014342398.3549,951149541.07385,970119644.36871,435204762.10243,372931035.38627,394142452.97542,0.083977448292488,0.038724986678459,-0.065754767911084,255880252.53216,262051042.07571,0.0002928451933323,0.000422625,0.00040592810981675,1.2681289065616,1.4079927238071e-12,6.4382017769649e-19,0.023250594449284,2.3692284041808,0.31846522576726,0.21491312697465,0.49227942593611,0.24674676953771,466.85193495466,-2.8469633622144,0.50109626035855,0.33578093338415,402.9765639953,0.040135443447744,-2.5671325945308,1.1214333862512e-09
28.225,1013892582.5983,950903423.75555,969704891.71734,434754946.34587,372684918.06797,393727700.32406,0.083977448292488,0.038724986678459,-0.065754767911084,255881599.0837,262027177.40496,0.00029316876689701,0.000423375,0.00040641869788307,1.2685861325982,1.4079927238071e-12,6.4382017769649e-19,0.023753991705196,3.5187913656265,0.31895139256904,0.21523381102778,0.49283331273869,0.24713309912823,467.06618093151,-5.1336130841576,0.30036816601034,0.50379006964175,402.02386078822,-0.15376181790606,-5.2467178682519,1.121438556522e-09
28.275,1013458413.7572,950668478.77164,969303120.03061,434320777.50474,372449973.08406,393325928.63733,0.083977448292488,0.038724986678459,-0.065754767911084,255882869.9056,262003961.39945,0.00029353305395369,0.000424125,0.00040682786606668,1.2690470954994,1.4079927238071e-12,6.4382017769649e-19,0.022902654071317,2.9210136371316,0.31943473063217,0.21555210832325,0.49358761357704,0.24751779141244,467.85421486134,-6.1417970624032,-0.17030403503219,1.0821536142284,401.41824646227,0.027404962590536,-6.4397865052251,1.1214425671244e-09
28.325,1013024089.714,950458614.21791,968931418.76094,433886453.46157,372240108.53032,392954227.36766,0.083977448292488,0.038724986678459,-0.065754767911084,255884051.96973,261981416.95122,0.0002937758871607,0.000424875,0.00040723123448282,1.269509212346,1.4079927238071e-12,6.4382017769649e-19,0.023113755272414,4.9014608991031,0.31990914441309,0.21586584174532,0.49385807850719,0.24790334801665,466.63825809665,-2.8179485201698,0.028840920632031,0.28726612542282,402.8307434701,0.32843116243465,-2.5710587746953,1.1214509534727e-09
28.375,1012588528.5927,950230560.24195,968538105.21133,433450892.34025,372012054.55437,392560913.81805,0.083977448292488,0.038724986678459,-0.065754767911084,255885249.95408,261954021.3944,0.00029428020425023,0.000425625,0.00040791527835158,1.2699644961026,1.4079927238071e-12,6.4382017769649e-19,0.023734645647013,2.2326739148099,0.32039226393158,0.21618324524625,0.49463480799659,0.24828658510658,467.59590066667,-5.0856795782055,0.18038684700032,1.097724903189,402.68004050756,0.58763483835222,-5.1092328504043,1.1214587455289e-09
28.425,1012147674.7328,950018082.21729,968158264.26615,433010038.48035,371799576.5297,392181072.87286,0.083977448292488,0.038724986678459,-0.065754767911084,255886406.23167,261929499.54281,0.00029464857047523,0.000426375,0.00040842836516913,1.270426355791,1.4079927238071e-12,6.4382017769649e-19,0.022783954406526,2.8645119788912,0.32087329552484,0.21649983711218,0.4945704130919,0.24867121959762,468.02092143346,-6.3434507463904,-0.0069442336579205,1.0179004481084,401.85855621383,0.99689483092293,-6.2305141464026,1.1214644105034e-09
28.475,1011700883.1003,949812371.36892,967776956.90344,432563246.84782,371593865.68133,391799765.51016,0.083977448292488,0.038724986678459,-0.065754767911084,255887713.50028,261751575.61116,0.00029499074780337,0.000427125,0.00040889371349139,1.2708922364455,1.4079927238071e-12,6.4382017769649e-19,0.022989222922527,1.4171484763372,0.32135704277368,0.21681965045691,0.49492980913223,0.24905704616361,467.29521919826,-6.8159091794009,0.20325214504802,0.56319937383203,400.02615491408,-0.13014166565593,-6.5023232701908,1.1214726096457e-09
28.525,1011246915.9848,949548770.2552,967383860.91043,432109279.73231,371330264.56761,391406669.51715,0.083977448292488,0.038724986678459,-0.065754767911084,255888930.68365,261716005.52925,0.00029522201499718,0.000427875,0.0004094049887692,1.2713466677249,1.4079927238071e-12,6.4382017769649e-19,0.023943555701663,7.6347861471662,0.32182653262032,0.21712850134066,0.4991936951047,0.24944111384833,466.61435667125,-2.8646104377388,0.37438672575934,1.0322684153044,402.7657071958,0.10629190017781,-2.966699322723,1.1214811921822e-09
28.575,1010787582.7154,949293034.73493,967009585.70188,431649946.46296,371074529.04735,391032394.3086,0.083977448292488,0.038724986678459,-0.065754767911084,255890042.2619,261705246.39636,0.00029568494240186,0.000428625,0.00041003432773654,1.2718078460783,1.4079927238071e-12,6.4382017769649e-19,0.023434496504576,4.269066735295,0.32231314215304,0.21744877296541,0.49763213940039,0.24982412537007,467.40668761271,-6.2766603826227,0.055689736583492,1.2717923735029,400.93975089829,0.43280267919278,-6.5404750057685,1.1214900299618e-09
28.625,1010313677.8301,949026438.35087,966633149.89026,431176041.5776,370807932.66328,390655958.49698,0.083977448292488,0.038724986678459,-0.065754767911084,255891149.72519,261693788.24501,0.00029586946270873,0.000429375,0.00041046509856253,1.2722700557732,1.4079927238071e-12,6.4382017769649e-19,0.023166783686915,2.1624670941728,0.32279393060771,0.21776786986675,0.49862465724614,0.25021016935421,465.5882759552,-4.7577450453927,0.64276840413762,0.31707467536014,400.42944329678,0.93817512675275,-4.854382301145,1.1214984319528e-09
28.675,1009901364.9038,948790663.12474,966177408.69119,430763728.65138,370572157.43715,390200217.2979,0.083977448292488,0.038724986678459,-0.065754767911084,255892235.42997,261690380.94644,0.00029615808380034,0.000430125,0.00041094233013047,1.2727289599357,1.4079927238071e-12,6.4382017769649e-19,0.023365647106958,3.1423693077121,0.3232752987335,0.21808610520612,0.49924888194148,0.25059544362594,465.28862327796,-5.6023368837076,0.44127133117704,0.20141231865541,399.77166920871,0.87297094029232,-5.5509089954173,1.1215055503042e-09
28.725,1009497491.3362,948566009.47612,965780499.81677,430359855.08369,370347503.78854,389803308.42348,0.083977448292488,0.038724986678459,-0.065754767911084,255893337.98308,261679918.95711,0.00029672732323089,0.000430875,0.00041151998307264,1.2731841304606,1.4079927238071e-12,6.4382017769649e-19,0.022934412482655,3.4278047327939,0.32375101604935,0.2183975956994,0.49995290649297,0.25097558757338,466.47838453557,-5.9005516485268,0.045278709346918,1.2837472625912,401.19706858814,1.0407398194494,-5.7191300223496,1.1215149107236e-09
28.775,1009082758.0562,948376372.1321,965419944.29791,429945121.80377,370157866.44451,389442752.90463,0.083977448292488,0.038724986678459,-0.065754767911084,255894335.70418,261659046.43954,0.00029698405070271,0.000431625,0.00041190327573673,1.2736445895981,1.4079927238071e-12,6.4382017769649e-19,0.022460511729299,1.2962608573072,0.32423082859382,0.21871423361901,0.50034860066896,0.25135965673476,466.68272439297,-5.7161721177826,0.27394602122212,1.0230244451829,401.10173490661,0.90525864083727,-5.8697389461041,1.1215200615972e-09
28.825,1008651300.5501,948157871.35766,965053663.72488,429513664.29761,369939365.67008,389076472.3316,0.083977448292488,0.038724986678459,-0.065754767911084,255895391.14831,261634993.87665,0.00029729422437487,0.000432375,0.00041234879453855,1.2741020111175,1.4079927238071e-12,6.4382017769649e-19,0.022935534429537,5.2535697642308,0.32470905853928,0.21902856526678,0.50086097346058,0.25174250846775,467.05282500805,-6.0001334237338,0.087929465641347,1.0871958404855,401.49955537123,0.82987669319507,-6.3454853720139,1.12152824001e-09
28.875,1008235582.9355,947955437.16629,964691216.26434,429097946.68307,369736931.47871,388714024.87106,0.083977448292488,0.038724986678459,-0.065754767911084,255896438.27311,261571661.9918,0.0002977283518576,0.000433125,0.00041286059097711,1.2745595517112,1.4079927238071e-12,6.4382017769649e-19,0.022624955755737,2.6575098819353,0.32518376482782,0.21934037525946,0.50147399735653,0.25212439372554,467.28405126938,-5.1918296027294,0.028840643276346,1.3831062100826,402.68987555854,0.82347665161922,-5.2868403083998,1.1215376719113e-09
28.925,1007824974.8385,947756267.40324,964325472.2741,428687338.58608,369537761.71566,388348280.88082,0.083977448292488,0.038724986678459,-0.065754767911084,255897443.05216,261567383.78305,0.00029789194453046,0.000433875,0.00041340865398239,1.2750222572415,1.4079927238071e-12,6.4382017769649e-19,0.022741315663218,2.9482630298607,0.32566215703118,0.21965728292586,0.50214657768148,0.2525097772117,465.88431003513,-3.6505648872744,0.5276952800782,0.5299291301915,402.1154237945,0.24677998283859,-4.094458091459,1.1215473773245e-09
28.975,1007407467.6283,947529715.65191,963957288.09123,428269831.37587,369311209.96433,387980096.69795,0.083977448292488,0.038724986678459,-0.065754767911084,255898531.78998,261563706.09629,0.00029811979546819,0.000434625,0.00041402009779014,1.275476415332,1.4079927238071e-12,6.4382017769649e-19,0.023427112882234,3.4205884142732,0.32613775548756,0.21997208720499,0.50398816995095,0.25289318626332,466.15874707537,-2.4896932220459,0.54572302293668,0.89653136535946,403.58840432447,0.53830953071575,-2.8401571896103,1.1215543978347e-09
29.025,1007006808.0447,947302490.12669,963596133.02481,427869171.79225,369083984.4391,387618941.63152,0.083977448292488,0.038724986678459,-0.065754767911084,255899583.64913,261549901.14943,0.00029851609328063,0.000435375,0.00041446783734597,1.2759337315535,1.4079927238071e-12,6.4382017769649e-19,0.023447859662361,11.158091707172,0.32661972261869,0.22028905059777,0.50411008995492,0.25327598372989,466.73819623847,-5.184536821186,0.2892459696967,1.0451417973679,402.50864107714,0.63292927414539,-5.2463431312807,1.121562729217e-09
29.075,1006607739.5926,947083954.14038,963230881.28686,427470103.34011,368865448.4528,387253689.89357,0.083977448292488,0.038724986678459,-0.065754767911084,255900612.6175,261532596.16606,0.0002987300755753,0.000436125,0.00041483691517838,1.2763932740545,1.4079927238071e-12,6.4382017769649e-19,0.022683471990876,2.2022646009535,0.32710035678057,0.22060751844113,0.50447733636288,0.25366079391953,466.25579462752,-5.5161987645636,0.30227456303734,0.3499607197131,401.83640045908,0.64114221510737,-5.635246723249,1.1215719076523e-09
29.125,1006214314.3469,946886477.0188,962876411.33534,427076678.09441,368667971.33122,386899219.94205,0.083977448292488,0.038724986678459,-0.065754767911084,255901667.41703,261515735.44196,0.00029924980302804,0.000436875,0.00041527436063492,1.2768614434702,1.4079927238071e-12,6.4382017769649e-19,0.022501166234643,2.1386123188163,0.32757982321591,0.22092361432355,0.50513877682559,0.25404379193377,466.53533752946,-5.722778396162,0.28996010073154,0.64006531067294,400.19146722985,0.43896694327756,-5.3827209426847,1.1215818823664e-09
29.175,1005759402.2335,946636642.75128,962441156.76734,426621765.98103,368418137.06369,386463965.37406,0.083977448292488,0.038724986678459,-0.065754767911084,255902719.10981,261477419.22285,0.00030034835212333,0.000437625,0.00041575684543885,1.277328138001,1.4079927238071e-12,6.4382017769649e-19,0.024392999668104,6.9691665108008,0.32806140439677,0.22124150914908,0.50572113768596,0.25442627641081,466.41134759411,-8.1755674181637,-0.064476602894147,0.91549669647391,397.33174014364,1.5851417962581,-7.6983996683169,1.1215882314748e-09
29.225,1005199228.7239,946321397.66211,961960549.05652,426061592.47146,368102891.97452,385983357.66324,0.083977448292488,0.038724986678459,-0.065754767911084,255904057.19082,261358144.68697,0.00030057086203183,0.000438375,0.00041616550617495,1.2777824589951,1.4079927238071e-12,6.4382017769649e-19,0.025241449023063,13.189662547891,0.32853239680952,0.22155330203476,0.50616442482173,0.25481053429378,464.48994167981,-4.6055641314456,0.22554073750057,0.32577387502426,399.21169960249,1.096286862316,-4.6860467764475,1.1215961662585e-09
29.275,1004757389.3395,946046963.07534,961538650.75661,425619753.08705,367828457.38775,385561459.36333,0.083977448292488,0.038724986678459,-0.065754767911084,255905107.23667,261318016.64335,0.00030107414605001,0.000439125,0.00041669655299035,1.2782354162284,1.4079927238071e-12,6.4382017769649e-19,0.023406876464161,5.6084111339585,0.32901027751378,0.22186677641651,0.50688514256178,0.25519082037236,466.14506041168,-6.6517462652124,-0.22895346135968,0.99718241868769,399.74565084473,1.3737502689648,-6.6036738773756,1.1216056187663e-09
29.325,1004336503.3275,945838279.87354,961161771.56266,425198867.07502,367619774.18595,385184580.16938,0.083977448292488,0.038724986678459,-0.065754767911084,255906086.19808,261271177.46224,0.00030212079772199,0.000439875,0.0004172030496422,1.2786942807237,1.4079927238071e-12,6.4382017769649e-19,0.022898685882037,3.8374794224989,0.32948416502893,0.22217799189792,0.50762263755408,0.25557096794239,466.65759999807,-6.5356626654457,-0.27296844535865,1.3721686921278,400.2066553033,1.5235987109041,-6.3789830918522,1.1216140516077e-09
29.375,1003892050.5561,945600970.26818,960778954.84947,424754414.30362,367382464.58059,384801763.45618,0.083977448292488,0.038724986678459,-0.065754767911084,255907018.87027,261233248.14838,0.00030219413935653,0.000440625,0.00041763499492704,1.279158551697,1.4079927238071e-12,6.4382017769649e-19,0.023479668700677,3.7197601222439,0.32995983441581,0.22249300012725,0.50801762252863,0.25595540969459,464.96790897589,-4.8691205835834,-0.2067655144488,0.17935046541109,399.60008362301,1.2529452222763,-4.119306050283,1.1216226925547e-09
29.425,1003430356.4705,945357520.21011,960372254.64867,424292720.21805,367139014.52252,384395063.25539,0.083977448292488,0.038724986678459,-0.065754767911084,255908030.244,261219370.17597,0.00030269515938736,0.000441375,0.00041835326820558,1.279613469124,1.4079927238071e-12,6.4382017769649e-19,0.023868205815255,4.0027763498565,0.33043592643333,0.22280552872506,0.50888598443118,0.25633528139335,465.46176073632,-5.6164163053818,0.20596291520696,0.79971862172496,400.02442567804,1.1043733453971,-5.3935400911324,1.1216296900315e-09
29.475,1003013879.1991,945151793.31233,960002212.42087,423876242.94668,366933287.62474,384025021.02759,0.083977448292488,0.038724986678459,-0.065754767911084,255908940.12306,261195681.15496,0.000302855315045,0.000442125,0.00041898265325086,1.2800755259066,1.4079927238071e-12,6.4382017769649e-19,0.023017714698168,2.6476944903802,0.33091101004195,0.22311805644394,0.50969582969407,0.25671697939652,465.43767739878,-4.6758509675428,-0.068306515120848,0.75219075402806,399.74318741766,1.0857063510487,-4.935751960224,1.1216335428633e-09
29.525,1002571567.6785,944919914.33804,959618540.91942,423433931.42601,366701408.65045,383641349.52614,0.083977448292488,0.038724986678459,-0.065754767911084,255909860.51773,261178325.49591,0.00030294882033271,0.000442875,0.0004194550158131,1.2805258321376,1.4079927238071e-12,6.4382017769649e-19,0.02395475024312,7.1821075561262,0.33137755015068,0.22342449170025,0.50992571407673,0.2570973350501,465.15954427277,-2.3592829175775,-0.40251651404986,0.92766197728948,402.83216477223,1.0072334317486,-2.2388951057371,1.1216383145507e-09
29.575,1002129573.942,944682150.03953,959254814.3533,422991937.6895,366463644.35194,383277622.96002,0.083977448292488,0.038724986678459,-0.065754767911084,255910732.69808,261150641.62573,0.00030376142381817,0.000443625,0.00041976453761114,1.2809937927764,1.4079927238071e-12,6.4382017769649e-19,0.0229279695951,3.6000770816141,0.33186406102664,0.22374630231426,0.51103993419471,0.25747933061935,465.07404073132,-6.73291773916,-0.16936698861357,0.18261427570856,398.67266982334,1.0667973976483,-6.3660390955741,1.1217192726189e-09
29.625,1001727930.5516,944467190.20512,958871656.58982,422590294.29911,366248684.51754,382894465.19654,0.083977448292488,0.038724986678459,-0.065754767911084,255911670.34161,261135006.03196,0.0003041304480244,0.000444375,0.00042053243844879,1.2814469414825,1.4079927238071e-12,6.4382017769649e-19,0.023392339559303,1.932817540879,0.3323345583749,0.2240545606344,0.51235887120457,0.25785804740726,465.48031334788,-5.6922376259035,-0.017149909091228,1.1816982453878,400.51702846199,1.2483085657757,-5.6217163358052,1.1217196317867e-09
29.675,1001337546.6444,944273058.8589,958515536.97755,422199910.39189,366054553.17131,382538345.58427,0.083977448292488,0.038724986678459,-0.065754767911084,255912520.59997,261111323.228,0.00030440462318588,0.000445125,0.00042084074129275,1.2819050980599,1.4079927238071e-12,6.4382017769649e-19,0.022644981171621,4.8122547739629,0.33280914719878,0.22436836577649,0.51292750556035,0.25824053457386,465.1312091366,-5.3212418495211,0.063505628094878,0.45154597260905,400.44303714665,1.3351987426903,-5.3165764685627,1.1217226880566e-09
29.725,1000925664.6058,944055868.48618,958136561.44247,421788028.35339,365837362.7986,382159370.04919,0.083977448292488,0.038724986678459,-0.065754767911084,255913446.74987,261075748.14555,0.00030488167907353,0.000445875,0.00042133539561254,1.2823582401804,1.4079927238071e-12,6.4382017769649e-19,0.022944437638337,2.9028112725865,0.33328183212825,0.2246780162865,0.51374845034849,0.25861842369187,465.69653996903,-5.6908200453706,-0.079847115645854,1.2783940099767,401.55120307301,1.2298650162842,-5.542300023372,1.1217266805865e-09
29.775,1000544126.3645,943877152.43072,957793014.85104,421406490.11205,365658646.74313,381815823.45775,0.083977448292488,0.038724986678459,-0.065754767911084,255914276.25234,261039584.25318,0.00030523908830024,0.000446625,0.00042300306720868,1.2828251624438,1.4079927238071e-12,6.4382017769649e-19,0.022196812138544,1.1547304560196,0.33376135483489,0.22499303459144,0.51441275633059,0.25899694495767,466.24874672115,-7.2873422739088,-0.28076506284726,1.3343502382267,399.52757251477,1.707971003707,-7.376300302774,1.1217293494448e-09
29.825,1000115111.4769,943666034.37858,957370911.93893,420977475.22448,365447528.691,381393720.54565,0.083977448292488,0.038724986678459,-0.065754767911084,255915113.22388,261019521.02953,0.00030548607183713,0.000447375,0.00042313374290636,1.2832764301028,1.4079927238071e-12,6.4382017769649e-19,0.023397955552266,1.8736667397273,0.33423157940935,0.22530361973392,0.51495096251699,0.25937823387471,464.98787917248,-4.7067788503441,0.32185248288135,0.9690610106541,401.9536593187,0.94220234844022,-4.8732764918753,1.1217347631273e-09
29.875,999730034.55838,943484129.31118,957025890.1791,420592398.30591,365265623.62359,381048698.78582,0.083977448292488,0.038724986678459,-0.065754767911084,255915964.93834,260995554.33103,0.00030588547455125,0.000448125,0.00042352298517051,1.2837353556728,1.4079927238071e-12,6.4382017769649e-19,0.022166400223385,1.2533406634679,0.3347041729839,0.22561565032796,0.51566078552482,0.25975923448886,465.08679195915,-3.9196123355073,0.63718846832609,0.78485027804866,402.13559655518,0.85478198818863,-3.926342539288,1.1217382048495e-09
29.925,999318501.9484,943268146.83073,956659092.51434,420180865.69594,365049641.14315,380681901.12106,0.083977448292488,0.038724986678459,-0.065754767911084,255916831.73947,260979529.79844,0.00030618181575659,0.000448875,0.00042400959903371,1.2841948881955,1.4079927238071e-12,6.4382017769649e-19,0.023043635715004,2.0974042376132,0.33518069206433,0.22592811946914,0.51615744223223,0.26013770464881,465.87916595646,-5.8062083794311,0.10409481997841,1.2279186735437,401.23723574875,1.0946510934045,-5.9806234621681,1.1217412843196e-09
29.975,998908229.76367,943063711.32362,956285472.13807,419770593.51121,364845205.63604,380308280.74478,0.083977448292488,0.038724986678459,-0.065754767911084,255917655.48333,260962365.46721,0.00030643237441978,0.000449625,0.00042436222374833,1.2846593448269,1.4079927238071e-12,6.4382017769649e-19,0.022970764067005,2.5781415210085,0.33565929548704,0.22624456381576,0.51658321000437,0.26051957515376,465.38165973548,-6.4263326617314,-0.091419963366674,0.48752785278295,399.49763974224,0.64001001974824,-6.3989572694046,1.1217434368228e-09
30.025,998490939.52225,942831866.06477,955870705.40081,419353303.26979,364613360.37719,379893514.00753,0.083977448292488,0.038724986678459,-0.065754767911084,255918580.95232,260897993.73186,0.00030674331751741,0.000450375,0.00042469037434188,1.2851088726896,1.4079927238071e-12,6.4382017769649e-19,0.023919147418135,10.000391991565,0.33612406888732,0.22655151412541,0.5171862818601,0.26090031689945,464.771877959,-2.5015647770291,0.091433729448414,0.69532564692172,402.94958221671,0.81510262195614,-2.5328660251375,1.1217507838715e-09
30.075,998068406.22174,942593400.09839,955489981.53416,418930769.96928,364374894.41081,379512790.14087,0.083977448292488,0.038724986678459,-0.065754767911084,255919457.86084,260868846.09572,0.00030695630253761,0.000451125,0.00042513065472663,1.2855652081252,1.4079927238071e-12,6.4382017769649e-19,0.022822187568744,4.247101652152,0.33660283596269,0.22686724378559,0.51766992814606,0.26128186294543,465.01931432605,-5.25535057957,0.23258699923832,0.46314301703746,401.56838828511,0.78267511369459,-5.2390874850876,1.1217526616437e-09
30.125,997676747.51025,942389425.08526,955138147.84893,418539111.25779,364170919.39768,379160956.45564,0.083977448292488,0.038724986678459,-0.065754767911084,255920322.63908,260847669.28139,0.00030724087023058,0.000451875,0.00042553688510403,1.286028789579,1.4079927238071e-12,6.4382017769649e-19,0.02248924717919,2.3510934083182,0.33707986032153,0.22718158213952,0.5181911822311,0.26166220532386,465.26670470406,-6.5582402836121,0.17480923005012,0.45911708984992,399.92472877282,0.72295688391733,-6.4503544106971,1.1217544409523e-09
30.175,997269321.62407,942195513.15506,954769685.67961,418131685.37161,363977007.46748,378792494.28633,0.083977448292488,0.038724986678459,-0.065754767911084,255921193.65241,260839560.17003,0.00030757056130848,0.000452625,0.00042606495893452,1.2864863156817,1.4079927238071e-12,6.4382017769649e-19,0.023035029929742,3.2174038539009,0.33754844248658,0.22749048849374,0.52040425416277,0.26204154269993,464.25344663544,-4.1140357887752,0.42156430146651,0.43882413028486,400.94320011535,0.47475732744539,-4.0085724822982,1.1217545224715e-09
30.225,996869584.73929,941994647.65823,954387614.76109,417731948.48682,363776141.97065,378410423.3678,0.083977448292488,0.038724986678459,-0.065754767911084,255922047.82354,260810916.00211,0.00030784164310094,0.000453375,0.00042642943864844,1.2869428100944,1.4079927238071e-12,6.4382017769649e-19,0.023305415650185,6.0050499591283,0.33802326705144,0.2278036515786,0.52050449547841,0.26242102566029,464.91547551652,-5.5876246707418,0.1716670205569,0.49896691368362,400.47343271661,0.95722885642051,-5.4134653363684,1.1217572030555e-09
30.275,996454708.2897,941797803.18048,954003152.97934,417317072.03723,363579297.49289,378025961.58605,0.083977448292488,0.038724986678459,-0.065754767911084,255922993.6161,260707671.63863,0.0003082973985574,0.000454125,0.00042688358384384,1.2873998376505,1.4079927238071e-12,6.4382017769649e-19,0.02283951008287,2.4095102292773,0.33849243074326,0.22811036231128,0.52116851341058,0.26279865599865,465.54969691194,-6.2782936358674,-0.47704871494391,1.1300365276882,400.59000023615,1.0797150779721,-5.7964962533026,1.1217641255522e-09
30.325,996043300.95467,941608377.8493,953644566.52447,416905664.70221,363389872.16171,377667375.13118,0.083977448292488,0.038724986678459,-0.065754767911084,255923804.49067,260662025.08651,0.00030844161251392,0.000454875,0.00042721073013796,1.2878557088534,1.4079927238071e-12,6.4382017769649e-19,0.022919426016565,2.5106371887841,0.33896464997844,0.228422141343,0.52162334257005,0.26317953382338,464.86888064185,-5.3468604858057,-0.46640326860889,0.58519741142194,400.98826463827,0.76055728167946,-5.213349710951,1.1217660811324e-09
30.375,995614746.5797,941399143.49781,953278902.44952,416477110.32723,363180637.81022,377301711.05624,0.083977448292488,0.038724986678459,-0.065754767911084,255924613.69223,260625350.71776,0.00030875359771165,0.000455625,0.00042761081376406,1.2883044089055,1.4079927238071e-12,6.4382017769649e-19,0.022703289581227,2.8828953251002,0.33943401045325,0.22873169902094,0.52224623418156,0.26355843054246,464.8124980016,-4.1883909338153,-0.086601636919814,0.87930397482072,402.89889257404,0.77837546262025,-4.2341695494266,1.1217707681509e-09
30.425,995243483.94064,941228261.45272,952952554.10271,416105847.68818,363009755.76513,376975362.70943,0.083977448292488,0.038724986678459,-0.065754767911084,255925374.92548,260595799.75564,0.00030912708270684,0.000456375,0.00042801952918592,1.2887634476125,1.4079927238071e-12,6.4382017769649e-19,0.021946443498345,2.2501392729306,0.33990994726785,0.22904552875627,0.52275526581634,0.26393863288126,465.26185969556,-6.0937527149653,-0.0094525374096895,0.65178828431766,401.23344627383,0.9063807376604,-6.1933647336604,1.1217766937234e-09
30.475,994858821.16157,941045182.97262,952607243.11752,415721184.90911,362826677.28504,376630051.72423,0.083977448292488,0.038724986678459,-0.065754767911084,255926175.53446,260549055.96821,0.00030944692173914,0.000457125,0.00042845328941164,1.2892148415398,1.4079927238071e-12,6.4382017769649e-19,0.022522342246088,1.0642580126967,0.34038022034504,0.22935571991059,0.52341804280661,0.26431812501838,465.22203462277,-5.4050665361103,-0.044625773591837,0.63682151131437,402.42223888776,0.8662780824431,-5.5206945052685,1.1218774160858e-09
30.525,994487111.76631,940874628.46226,952279292.33854,415349475.51385,362656122.77468,376302100.94526,0.083977448292488,0.038724986678459,-0.065754767911084,255926930.59392,260543661.93274,0.00030976151416078,0.000457875,0.00042882666110544,1.2896681458149,1.4079927238071e-12,6.4382017769649e-19,0.02198515216148,0.78070041745379,0.34085114554234,0.22966601450456,0.52402846042605,0.26469687267023,465.43914230989,-5.1226749780065,0.056504900173573,0.69444906173094,403.1366132453,0.69742422460559,-5.3119152797476,1.1219119113252e-09
30.575,994115194.66757,940706058.28787,951954249.76964,414977558.4151,362487552.60028,375977058.37635,0.083977448292488,0.038724986678459,-0.065754767911084,255927668.69877,260517135.69525,0.00030975727000953,0.000458625,0.00042845130484479,1.2901306009309,1.4079927238071e-12,6.4382017769649e-19,0.022029803640347,0.64377098687705,0.34132155741764,0.22997598217321,0.52508437029216,0.26507470458588,464.84498367876,-4.1074330355496,0.37463278887087,0.57486206345595,402.48976326832,0.54964007282209,-4.0446212568715,1.1219119113658e-09
30.625,993687080.01189,940480271.66329,951595555.34597,414549443.75942,362261765.97571,375618363.95269,0.083977448292488,0.038724986678459,-0.065754767911084,255928410.62633,260489662.93097,0.00031024870699218,0.000459375,0.00042905991245424,1.2905890074145,1.4079927238071e-12,6.4382017769649e-19,0.023369289105429,3.4226474465893,0.3417946148823,0.2302861165398,0.5258791396347,0.26545095272283,465.39818792622,-5.5718973051607,0.22293348638127,1.1866824412076,401.75058573179,0.75234122169001,-5.8584339582127,1.1219119115724e-09
30.675,993236982.93369,940273140.32243,951230264.99042,414099346.68123,362054634.63484,375253073.59713,0.083977448292488,0.038724986678459,-0.065754767911084,255929112.11184,260467616.59094,0.00031052523263266,0.000460125,0.0004278773239624,1.2910529691278,1.4079927238071e-12,6.4382017769649e-19,0.022791001280911,1.9674770436651,0.34227206415094,0.23060061794209,0.526717297848,0.26582811253671,465.37429786676,-8.1601618074685,0.058437520219287,1.1371313366751,399.2178140392,0.44386746805129,-8.0459261869093,1.1219119121557e-09
30.725,992840298.61271,940087579.32316,950864494.8481,413702662.36025,361869073.63558,374887303.45482,0.083977448292488,0.038724986678459,-0.065754767911084,255929812.22061,260444933.37533,0.0003106301577618,0.000460875,0.00042847782168466,1.2915148042705,1.4079927238071e-12,6.4382017769649e-19,0.023829356624837,9.4361747246377,0.34273717656039,0.23090756084962,0.52749909494315,0.26620660607764,464.52146650391,-5.3775476326406,-0.4657523517638,0.92722479987508,399.68740114106,0.074768583790986,-5.7149846542191,1.1219125162988e-09
30.775,992393294.57937,939826772.73612,950510846.65516,413255658.32691,361608267.04854,374533655.26187,0.083977448292488,0.038724986678459,-0.065754767911084,255930508.03722,260424688.16686,0.00031093222744657,0.000461625,0.0004289110390166,1.2919689674912,1.4079927238071e-12,6.4382017769649e-19,0.024265770255206,9.3525517471259,0.34320813824159,0.23121861548844,0.52800176075114,0.26658564210272,463.78831066476,-4.8888121734161,0.092915747260387,0.31321599121749,400.16461305373,0.41866682916526,-5.2079925158217,1.1219132504868e-09
30.825,991974421.3334,939606618.80483,950142138.41884,412836785.08093,361388113.11725,374164947.02556,0.083977448292488,0.038724986678459,-0.065754767911084,255931211.41712,260406202.97533,0.00031145144252642,0.000462375,0.00042953544567886,1.2924309723439,1.4079927238071e-12,6.4382017769649e-19,0.022874754867967,5.1217889480378,0.34368433967253,0.23153035179095,0.52872063158414,0.26696039213082,464.75284093938,-8.1768428658227,0.0033959772774952,1.2420838112508,398.17875706486,0.846912051795,-8.4078840899875,1.1219153639649e-09
30.875,991571867.83504,939418786.87962,949788835.58351,412434231.58257,361200281.19204,373811644.19022,0.083977448292488,0.038724986678459,-0.065754767911084,255931880.27232,260382885.92565,0.00031167819179164,0.000463125,0.00043038154002832,1.2928846241444,1.4079927238071e-12,6.4382017769649e-19,0.023159004328385,3.3791417772881,0.34414831776695,0.23183494529628,0.52943379086006,0.2673364983006,464.67321796437,-6.0394354776301,-0.082834919327495,1.1231502068571,400.15348674688,0.88194730423226,-6.1532009177059,1.1219189914181e-09
30.925,991157576.83228,939213547.11046,949441651.65996,412019940.57982,360995041.42287,373464460.26668,0.083977448292488,0.038724986678459,-0.065754767911084,255932528.95833,260352609.34716,0.00031203050928313,0.000463875,0.00043078347654144,1.2933363565682,1.4079927238071e-12,6.4382017769649e-19,0.022795124478641,2.8652315950841,0.34461784102347,0.23214402367807,0.53013578492812,0.26771300446392,464.81091464893,-6.268978260696,-0.058726302471575,1.1279656711982,401.01472955427,0.80636268193767,-6.4341941669442,1.1219219729655e-09
30.975,990789018.27165,939039565.03564,949115178.21517,411651382.01919,360821059.34806,373137986.82189,0.083977448292488,0.038724986678459,-0.065754767911084,255933181.38711,260332051.67785,0.00031241307601759,0.000464625,0.0004312270205719,1.2937927094639,1.4079927238071e-12,6.4382017769649e-19,0.022133892179329,2.132498186248,0.34508307318286,0.23244928904008,0.53087499163936,0.26808783482557,464.9983179019,-4.9539639022496,0.25615871077125,1.3108107790629,402.14523967137,0.82695719841332,-5.0245377143957,1.1219231138636e-09
31.025,990379919.97737,938856841.70652,948779935.72137,411242283.72491,360638336.01894,372802744.32809,0.083977448292488,0.038724986678459,-0.065754767911084,255933817.02152,260313376.71406,0.00031275175222149,0.000465375,0.00043162162478352,1.2942563596744,1.4079927238071e-12,6.4382017769649e-19,0.022709652781921,2.7623672097905,0.34555584532865,0.23276050911108,0.53139475892213,0.26846489650882,465.27805196592,-6.1362964321658,0.36158315726346,0.93603208178849,400.23734880647,1.096194092597,-6.3507241507974,1.1219234196977e-09
31.075,989958629.45064,938657879.94932,948402000.15976,410820993.19818,360439374.26174,372424808.76648,0.083977448292488,0.038724986678459,-0.065754767911084,255934493.92876,260292373.34772,0.00031295523228683,0.000466125,0.00043198819904499,1.2947154805049,1.4079927238071e-12,6.4382017769649e-19,0.02358988050532,2.8683407405427,0.34602367874224,0.23306881683504,0.53183694570001,0.26884317758241,463.4270131546,-4.470929164229,0.43497659644735,0.42665432610177,400.14931967236,0.63559097136878,-4.4599094047676,1.1219234944419e-09
31.125,989515488.08485,938452308.05731,948018339.07931,410377851.83238,360233802.36973,372041147.68603,0.083977448292488,0.038724986678459,-0.065754767911084,255935175.06264,260277011.27171,0.00031330617031641,0.000466875,0.00043254013357783,1.2951625762892,1.4079927238071e-12,6.4382017769649e-19,0.023134520417635,2.931777645739,0.34648656737383,0.2333721407464,0.53274194460554,0.26921697633356,464.01139635311,-3.3147509992541,0.29593759529311,1.1932122859551,402.96396847498,0.58623781039099,-3.2750273345899,1.1219237040341e-09
31.175,989140084.15988,938287522.80436,947690786.5636,410002447.90742,360069017.11677,371713595.17031,0.083977448292488,0.038724986678459,-0.065754767911084,255935768.55504,260261875.18108,0.00031356503849154,0.000467625,0.00043295968628656,1.2956234792411,1.4079927238071e-12,6.4382017769649e-19,0.022076055199468,2.0321716329956,0.34696145369369,0.23368376015359,0.53331672488786,0.26959376664473,464.79462419677,-6.3507891035514,0.063179932441486,0.90781543663058,400.70796127963,0.95212243288035,-6.4424073118481,1.1219242539077e-09
31.2,988961514.20836,938203716.34076,947527132.93164,409823877.95589,359985210.65318,371549941.53836,0.083977448292488,0.038724986678459,-0.065754767911084,255936080.61033,260247076.28277,0.00031376139969146,0.000468,0.00043283335675803,1.2958475708589,1.4079927238071e-12,6.4382017769649e-19,0.02265769334739,1.4752681430513,0.34718765545022,0.23383202580965,0.53380802379725,0.26978076121557,463.95592365787,-3.3612698156224,0.22665710433284,1.202505778635,403.15534157128,1.0455582464541,-3.2828748647012,1.1219244890161e-09
31.25,988602660.31893,938042146.24068,947201972.28048,409465024.06647,359823640.55309,371224780.8872,0.083977448292488,0.038724986678459,-0.065754767911084,255936683.38384,260232861.27473,0.00031402441913309,0.00046875,0.00043328326900208,1.2963139948891,1.4079927238071e-12,6.4382017769649e-19,0.022138227017231,2.6106555531964,0.34766281002883,0.23414615836767,0.53412583171134,0.27015813410737,463.4796310064,-4.0362060069057,0.39579998711164,0.44810270692057,400.50411084597,0.78893053599489,-4.1016996491047,1.1219251565971e-09
31.3,988208338.57426,937840754.85394,946856462.90384,409070702.3218,359622249.16635,370879271.51056,0.083977448292488,0.038724986678459,-0.065754767911084,255937345.27495,260208465.29198,0.00031441635394438,0.0004695,0.00043434198058529,1.2967671433948,1.4079927238071e-12,6.4382017769649e-19,0.023810371649669,4.0127976737199,0.3481305705899,0.23445235095317,0.53535724936112,0.27053224560863,464.1358173641,-5.6522992864376,0.042849340061145,1.2913277295532,400.5840699924,1.2984501423826,-5.8735102590809,1.1219258535753e-09
31.35,987829083.59855,937631642.74549,946516415.72266,408691447.34609,359413137.05791,370539224.32937,0.083977448292488,0.038724986678459,-0.065754767911084,255937961.22129,260172234.0359,0.00031460209795761,0.00047025,0.00043454233269119,1.2972205081539,1.4079927238071e-12,6.4382017769649e-19,0.022703084563989,3.3106303670107,0.3485907602196,0.23475556981658,0.53614852676781,0.27090911363109,463.57735033935,-2.1858568425367,0.28946040217052,0.73700270777877,402.86481907354,0.9371595616054,-2.071047144531,1.1219259774943e-09
31.4,987431446.59685,937431475.1879,946168807.90384,408293810.34439,359212969.50031,370191616.51056,0.083977448292488,0.038724986678459,-0.065754767911084,255938582.12002,260151018.86659,0.0003150888613878,0.000471,0.0004360215382248,1.2976794380895,1.4079927238071e-12,6.4382017769649e-19,0.023067546742289,5.0082728493238,0.3490642076554,0.23506567753299,0.53771677857461,0.27128301432041,464.32802865778,-5.4758698351606,0.088630362438932,1.0971329145905,400.89824891873,0.82557882716487,-5.7113842091235,1.1219366894325e-09
31.425,987249419.88882,937347764.18555,945997587.75495,408111783.63635,359129258.49796,370020396.36166,0.083977448292488,0.038724986678459,-0.065754767911084,255938872.92735,260141266.86341,0.00031520177091742,0.000471375,0.00043538195371075,1.2979046156295,1.4079927238071e-12,6.4382017769649e-19,0.022970311899215,6.4901280323064,0.34929272963549,0.23521632986643,0.53804329816291,0.27147145467483,463.44768971353,-3.1154432899879,0.15594277126666,1.0053279251911,402.57089943854,0.76463647248498,-3.2111486777058,1.1219374777412e-09
31.475,986875984.43183,937174960.63593,945666988.42834,407738348.17937,358956454.94835,369689797.03505,0.083977448292488,0.038724986678459,-0.065754767911084,255939475.19909,260115218.24516,0.0003154304427859,0.000472125,0.00043477253289958,1.2983650378049,1.4079927238071e-12,6.4382017769649e-19,0.022438354422705,8.2178756978238,0.3497634288917,0.23552599734046,0.53873948913303,0.27184772408421,463.66443034258,-4.0641238996939,0.24886465502735,0.66199106684144,401.1602370026,0.79989951597913,-4.1736639576223,1.1219404940787e-09
31.525,986501001.92078,936966349.03007,945332807.9904,407363365.66832,358747843.34249,369355616.59712,0.083977448292488,0.038724986678459,-0.065754767911084,255940082.17748,260097689.19772,0.00031577573955108,0.000472875,0.00043516429558065,1.298817853673,1.4079927238071e-12,6.4382017769649e-19,0.023085566257781,6.8337355625567,0.35023033416812,0.23583283696611,0.5395855666263,0.27222199518361,463.88084223238,-4.2953166677571,0.42187996099465,1.0094197528895,401.76748150901,0.89452494114177,-4.4086063138899,1.1219472255213e-09
31.575,986130310.90576,936789917.31821,945010746.8121,406992674.65329,358571411.63063,369033555.41882,0.083977448292488,0.038724986678459,-0.065754767911084,255940655.4122,260084615.56268,0.00031611098958814,0.000473625,0.00043554815045708,1.2992735950728,1.4079927238071e-12,6.4382017769649e-19,0.022495226347009,2.0842791927407,0.35069532777729,0.23613787776385,0.54005581959574,0.27259661010968,463.9385600979,-3.8745970321159,0.41956365338816,0.96512599097241,402.28171908848,0.69635258153347,-3.8443637891519,1.1219503094959e-09
31.625,985757446.00506,936623544.1583,944685009.26076,406619809.7526,358405038.47072,368707817.86748,0.083977448292488,0.038724986678459,-0.065754767911084,255941228.37059,260060108.06438,0.0003164355450765,0.000474375,0.00043609260446489,1.2997322990488,1.4079927238071e-12,6.4382017769649e-19,0.022495810560556,2.2312605342809,0.35116344518572,0.23644516992995,0.54076055440514,0.27297063778146,464.11526438158,-4.8096288808347,0.028270285583455,1.1797170406506,401.43718224198,0.39190227040575,-5.0022670956317,1.1219563680472e-09
31.675,985365781.98976,936446233.5334,944353607.83148,406228145.7373,358227727.84582,368376416.4382,0.083977448292488,0.038724986678459,-0.065754767911084,255941806.21325,260049135.91873,0.00031658372250606,0.000475125,0.00043672284576443,1.3001868735749,1.4079927238071e-12,6.4382017769649e-19,0.022720399643317,1.9197448685261,0.35163262831361,0.23675525386469,0.54177113211978,0.2733478900816,463.14784978364,-5.0879699499358,0.1403202615481,0.43048197645926,401.06752744307,0.72053067989939,-5.2035775264801,1.1219587654847e-09
31.725,985008927.93429,936281794.31976,944029870.85793,405871291.68183,358063288.63218,368052679.46464,0.083977448292488,0.038724986678459,-0.065754767911084,255942405.78011,260029030.6132,0.0003168806027152,0.000475875,0.00043712799447752,1.3006438638633,1.4079927238071e-12,6.4382017769649e-19,0.022086667872453,2.1099025428859,0.35209767291555,0.23706148834776,0.54169349005269,0.27372342778226,462.88284158736,-3.1681870473214,0.49270556906365,0.71871870099197,401.6260969208,0.63906693564234,-3.1879658805741,1.1219648480838e-09
31.775,984638426.61273,936111955.53562,943692559.17539,405500790.36027,357893449.84803,367715367.78211,0.083977448292488,0.038724986678459,-0.065754767911084,255942985.9807,260027477.56221,0.0003172627385459,0.000476625,0.00043763179540771,1.3010966852188,1.4079927238071e-12,6.4382017769649e-19,0.022748147596796,6.0612561356327,0.35256399179052,0.2373663786953,0.54244303368747,0.27409620142294,463.96273352292,-5.2895912543267,0.17978601292536,1.2401686898938,401.58002490625,0.87805965747388,-5.3271765829567,1.1219700421349e-09
31.825,984266915.34112,935948574.39392,943362706.08137,405129279.08866,357730068.70633,367385514.68809,0.083977448292488,0.038724986678459,-0.065754767911084,255943525.96493,260008111.885,0.00031742929788682,0.000477375,0.0004381300225531,1.3015513410467,1.4079927238071e-12,6.4382017769649e-19,0.022521707675917,5.1683724919506,0.35303201310591,0.23767523159824,0.54329971938873,0.2744732515853,463.39496197341,-5.7398810372347,0.26415265536709,0.44627203725047,400.98367982737,0.55906299435679,-5.8824949416228,1.1219710704801e-09
31.875,983900319.45543,935773708.46085,943029331.26382,404762683.20297,357555202.77326,367052139.87054,0.083977448292488,0.038724986678459,-0.065754767911084,255944282.23617,260005941.95038,0.00031780018761441,0.000478125,0.0004387255105525,1.3020095415575,1.4079927238071e-12,6.4382017769649e-19,0.022236482980404,2.9382543209247,0.35350098282978,0.23798268799605,0.54377433420627,0.27484889164622,464.23617838253,-8.1457394394495,0.11967913899664,0.81005074014263,398.96441470607,0.5435580764171,-7.9747696996002,1.1219752146653e-09
31.925,983507541.95156,935594954.63076,942691003.47295,404369905.69909,357376448.94318,366713812.07967,0.083977448292488,0.038724986678459,-0.065754767911084,255944909.63636,259980414.22116,0.00031808496591541,0.000478875,0.00043916292760513,1.3024636126469,1.4079927238071e-12,6.4382017769649e-19,0.023318959692221,11.455463204097,0.35395905275649,0.2382831684454,0.54515672396887,0.27522210848002,464.10615757965,-5.2773874377088,0.37636680515224,1.0646423853811,401.06374444602,0.81474317629679,-5.4630841975906,1.1219846844937e-09
31.975,983121912.87786,935423820.71146,942339776.36546,403984276.6254,357205315.02388,366362584.97218,0.083977448292488,0.038724986678459,-0.065754767911084,255945447.03031,259941171.86231,0.00031847548532618,0.000479625,0.00043977369299277,1.3029324968589,1.4079927238071e-12,6.4382017769649e-19,0.022911310506406,2.8012487031483,0.3544337042964,0.23859645227612,0.54561218984305,0.27559584143011,463.78153287023,-8.1367561911671,0.22625020342499,0.63505696076688,397.03108182498,0.34184090267116,-8.1635183779094,1.1219916753098e-09
32.025,982723047.55356,935211177.97671,941944077.76968,403585411.30109,356992672.28913,365966886.37639,0.083977448292488,0.038724986678459,-0.065754767911084,255946013.19985,259904587.78955,0.00031882573760595,0.000480375,0.00044009294171325,1.3033840427595,1.4079927238071e-12,6.4382017769649e-19,0.024502692767686,6.3766111624124,0.35489183529188,0.23889750013047,0.54621335942674,0.27597080630268,462.05311543954,-5.2332697652357,0.11582843573119,0.23786020041201,399.12156920034,0.59335691730582,-4.9421978204566,1.1219954658674e-09
32.075,982355671.22385,935016971.55533,941581036.39557,403218034.97138,356798465.86775,365603845.00229,0.083977448292488,0.038724986678459,-0.065754767911084,255946545.304,259882981.6629,0.00031898819443512,0.000481125,0.00044045614283487,1.303844813483,1.4079927238071e-12,6.4382017769649e-19,0.022789846769634,3.8070236303328,0.35535656820194,0.23920174255459,0.54675410734359,0.27634310377589,462.50622860087,-5.9446301118995,-0.87208583008929,0.37912193949614,398.3233071455,0.70782517541288,-5.4819483163003,1.1219991830597e-09
32.125,981924244.76037,934823038.55982,941157177.12941,402786608.5079,356604532.87224,365179985.73613,0.083977448292488,0.038724986678459,-0.065754767911084,255947039.71349,259864908.87235,0.00031936115464954,0.000481875,0.00044098134211332,1.3042918997949,1.4079927238071e-12,6.4382017769649e-19,0.023831442748533,5.205309215199,0.35581600760908,0.23950247311255,0.54737851759076,0.27671526208646,462.76554456916,-4.3340307748137,-0.24039270496596,0.8923990058538,400.83682062579,0.82278135479514,-4.1433368578599,1.1220048251393e-09
32.175,981540480.15071,934655478.20706,940807541.34614,402402843.89824,356436972.51948,364830349.95285,0.083977448292488,0.038724986678459,-0.065754767911084,255947528.81579,259840359.32724,0.00031966618103681,0.000482625,0.00044158230083388,1.3047432424692,1.4079927238071e-12,6.4382017769649e-19,0.022289324404545,1.9699035902071,0.35627842957456,0.23980588837716,0.54800495120557,0.27708794153518,463.04549052677,-3.6799165693843,-0.0089289198057693,1.0058927520225,401.94012057047,0.78957653316584,-3.8468155107645,1.1220096178296e-09
32.2,981371655.34533,934580235.95265,940658397.45983,402234019.09286,356361730.26506,364681206.06654,0.083977448292488,0.038724986678459,-0.065754767911084,255947771.38829,259827315.3093,0.00031978660849066,0.000483,0.00044176084247231,1.3049767819907,1.4079927238071e-12,6.4382017769649e-19,0.022270907235193,1.6111091389375,0.35651623571347,0.23996282496194,0.54817929184169,0.27727508643182,463.00275748393,-6.1004094182381,-0.13075061827905,0.59455094564751,399.43900327254,0.91044664309097,-6.1564788044213,1.1220100215674e-09
32.25,980976125.34211,934352211.25078,940315419.52327,401838489.08965,356133705.5632,364338228.12998,0.083977448292488,0.038724986678459,-0.065754767911084,255948291.98011,259806908.78448,0.00032032212438392,0.00048375,0.00044219301361925,1.3054356892881,1.4079927238071e-12,6.4382017769649e-19,0.023351428710341,2.0886478687624,0.35697976565752,0.24026809512505,0.54869984738529,0.27764839831147,462.0907360889,-5.6458412629912,0.29946821372624,0.27227935531157,398.78018943211,0.68289723341837,-5.1983830930915,1.1220132088066e-09
32.275,980799603.13315,934270372.86642,940156665.16767,401661966.88068,356051867.17883,364179473.77439,0.083977448292488,0.038724986678459,-0.065754767911084,255948562.3722,259794806.60586,0.00032043372890783,0.000484125,0.00044242054868399,1.3056591010348,1.4079927238071e-12,6.4382017769649e-19,0.022954704269933,11.076459733942,0.35721216995363,0.24042037417991,0.54898682916453,0.2778351082826,462.10620304342,-6.2610050070052,0.075222178908385,0.69398589619598,399.14435196642,0.78937099427166,-6.2744446727684,1.1220138039999e-09
32.325,980444370.02606,934109539.05894,939829507.093,401306733.77359,355891033.37135,363852315.69972,0.083977448292488,0.038724986678459,-0.065754767911084,255949080.47923,259760443.77613,0.00032057253456012,0.000484875,0.00044281682052083,1.3061123296188,1.4079927238071e-12,6.4382017769649e-19,0.022058194787947,13.22511262609,0.35766861305454,0.24072060069901,0.54950340192339,0.27821042946159,462.0074561842,-2.5331258383667,0.53699220885175,0.71615158386085,401.38130890505,0.88274076224262,-2.4067517465641,1.1220147089035e-09
32.375,980065115.56404,933928896.15922,939450169.19554,400927479.31157,355710390.47164,363472977.80226,0.083977448292488,0.038724986678459,-0.065754767911084,255949602.23044,259759770.21187,0.00032099393204996,0.000485625,0.0004434001730144,1.3065649748919,1.4079927238071e-12,6.4382017769649e-19,0.023735144090312,9.7928916173867,0.35813607055293,0.24102643037165,0.55028057022763,0.27858128905349,463.26097664675,-5.729722211414,0.088166861384903,1.0978580275173,400.47916327118,0.81466545593809,-5.789188261022,1.1220203234152e-09
32.425,979702976.84306,933766017.24785,939114406.3312,400565340.5906,355547511.56026,363137214.93791,0.083977448292488,0.038724986678459,-0.065754767911084,255950081.57611,259738263.98769,0.00032127274632584,0.000486375,0.00044381786869296,1.3070218764586,1.4079927238071e-12,6.4382017769649e-19,0.022608091146606,4.4263785873318,0.35859676694863,0.24133007097331,0.55076271756916,0.27895469661603,462.70613283806,-3.1596281133742,0.27865730919713,0.75216754252933,401.32187200328,0.82152454863502,-3.3985222498932,1.1220233029639e-09
32.475,979328218.20182,933581250.68281,938766154.71526,400190581.94936,355362744.99523,362788963.32198,0.083977448292488,0.038724986678459,-0.065754767911084,255950590.02781,259709942.67027,0.00032165730683681,0.000487125,0.00044433737068602,1.3074831432396,1.4079927238071e-12,6.4382017769649e-19,0.022993093650432,2.3988355524868,0.35906788324544,0.24163827400651,0.55141424035688,0.27932568519191,463.5469609151,-7.2757954853299,0.25572573604875,1.0984576428691,398.41479932638,0.5117815162603,-7.64701274598,1.1220287853482e-09
32.525,978939116.96937,933395878.58291,938395652.9248,399801480.71691,355177372.89533,362418461.53152,0.083977448292488,0.038724986678459,-0.065754767911084,255951076.7789,259694053.22148,0.00032183184791106,0.000487875,0.00044471953211903,1.3079326596367,1.4079927238071e-12,6.4382017769649e-19,0.02381858134618,11.96913342111,0.35952047091414,0.24193540046996,0.55198422082778,0.27969928995598,462.62849456177,-3.5351179757505,0.29132268331044,0.79211791082746,401.07435639243,0.31980739694996,-3.50694955531,1.1220320049196e-09
32.575,978565080.847,933217487.25488,938063681.60521,399427444.59453,354998981.5673,362086490.21193,0.083977448292488,0.038724986678459,-0.065754767911084,255951546.48612,259664588.26135,0.00032214893760362,0.000488625,0.00044501153785776,1.3083852471873,1.4079927238071e-12,6.4382017769649e-19,0.022898771340619,7.6335766222233,0.35997878985322,0.24223539066793,0.55260095169307,0.28007035885442,462.94614380298,-2.3708494580022,-0.012980187459491,1.3869170010478,402.26743166848,1.0377135588616,-2.4925850997809,1.12203807463e-09
32.6,978390180.42719,933134035.97424,937898868.70086,399252544.17473,354915530.28666,361921677.30758,0.083977448292488,0.038724986678459,-0.065754767911084,255951771.58164,259654048.07696,0.00032227051740558,0.000489,0.00044525953058665,1.3086198956988,1.4079927238071e-12,6.4382017769649e-19,0.023107957060927,2.7228651903193,0.36021647931199,0.24239250059037,0.55278860648731,0.2802586474856,461.20978261341,-3.9311490411725,0.35785355620051,0.40885520337783,399.66643845226,0.42515208267781,-3.7711501670838,1.122038498312e-09
32.65,977996028.8153,932917450.71552,937476676.12196,398858392.56284,354698945.02794,361499484.72868,0.083977448292488,0.038724986678459,-0.065754767911084,255952286.94439,259639529.27517,0.00032274404870459,0.00048975,0.00044582602798325,1.3090644525934,1.4079927238071e-12,6.4382017769649e-19,0.024054557460598,4.3097550423419,0.36067020967985,0.24268909266817,0.55356972918559,0.28062780814381,462.38334450008,-2.0683207236634,0.44237290047403,1.2810108294222,403.11908969147,0.53403142872384,-1.8762234860941,1.1220434434247e-09
32.7,977643860.9299,932766214.81665,937151807.74029,398506224.67744,354547709.12906,361174616.347,0.083977448292488,0.038724986678459,-0.065754767911084,255952740.37285,259601606.46315,0.0003228773298586,0.0004905,0.00044638429205107,1.3095229532169,1.4079927238071e-12,6.4382017769649e-19,0.022077399625017,1.8117610206176,0.3611358672226,0.24299590458486,0.55389542918239,0.28100120374004,462.58368151691,-2.9519859698521,0.5935735830456,0.93333008804677,401.91707637405,0.80044825744538,-2.8966304732534,1.1220527109158e-09
32.75,977287076.87523,932598465.62768,936810128.00739,398149440.62277,354379959.94009,360832936.6141,0.083977448292488,0.038724986678459,-0.065754767911084,255953225.90916,259576846.4598,0.00032321395678089,0.00049125,0.00044690398892367,1.309979128231,1.4079927238071e-12,6.4382017769649e-19,0.022981769900954,5.9182123184133,0.36160438685338,0.24330398076311,0.55445073180011,0.28137391545508,462.23538764713,-5.5792223862781,0.26055929766893,0.55276046827763,399.86177876033,0.55183050423151,-5.6719815330837,1.122052731989e-09
32.8,976936224.48607,932432016.28645,936488084.24206,397798588.23361,354213510.59886,360510892.84878,0.083977448292488,0.038724986678459,-0.065754767911084,255953711.74685,259575995.9924,0.00032346456945113,0.000492,0.00044769200497714,1.3104282079624,1.4079927238071e-12,6.4382017769649e-19,0.022431096664046,2.9539749362372,0.36206325344993,0.24360530403271,0.5550696868414,0.28174597977165,462.41430070109,-4.4289457654575,0.25372127001773,0.70914533997655,401.45792590549,0.34112144620616,-4.4412613845465,1.1220527878325e-09
32.85,976587352.25887,932275741.97547,936181389.78536,397449716.00641,354057236.28789,360204198.39207,0.083977448292488,0.038724986678459,-0.065754767911084,255954178.54761,259548296.74133,0.00032371784732177,0.00049275,0.00044803844122042,1.3108853941841,1.4079927238071e-12,6.4382017769649e-19,0.022050015888148,2.0854119818403,0.36252613903599,0.24390961972377,0.55572229517733,0.28211875968778,462.89016017917,-4.9961695215282,0.079882288503831,0.81005613436254,400.72781967129,0.67330146185962,-4.9726509553487,1.1220611244113e-09
32.9,976205616.34415,932107372.79154,935854744.49638,397067980.09169,353888867.10395,359877553.1031,0.083977448292488,0.038724986678459,-0.065754767911084,255954768.5378,259439224.85822,0.00032389929946116,0.0004935,0.0004485338580876,1.3113482635344,1.4079927238071e-12,6.4382017769649e-19,0.022697721415532,1.9010793502002,0.3629931833173,0.24421575238085,0.55643653120571,0.28248941391606,462.09829490417,-7.1555014491763,0.31308452052273,0.48757283295493,397.52102261337,0.87411741975697,-7.6110442273325,1.1220701953475e-09
32.95,975852706.46932,931944184.48741,935518242.66659,396715070.21686,353725678.79983,359541051.2733,0.083977448292488,0.038724986678459,-0.065754767911084,255955219.40757,259415964.99055,0.00032416193388211,0.00049425,0.0004490947340884,1.3118000920465,1.4079927238071e-12,6.4382017769649e-19,0.022946000894327,1.2502822864081,0.36345209722507,0.24451655201866,0.55713694203372,0.28285942653404,461.92553201497,-6.8136058595541,0.34416493760572,0.99379931800386,398.42057301998,1.0157559159012,-6.9136948824769,1.1220716280677e-09
33,975513204.96341,931785335.94225,935180093.89286,396375568.71095,353566830.25466,359202902.49958,0.083977448292488,0.038724986678459,-0.065754767911084,255955637.55179,259397960.86264,0.00032450518123521,0.000495,0.00044937578178214,1.312249594671,1.4079927238071e-12,6.4382017769649e-19,0.022411710619684,3.4165218946029,0.36390607621156,0.2448150425852,0.55770990752752,0.28323144430734,461.63452317484,-3.6036131242922,0.25506213794155,0.72350227463124,400.98706916049,0.82175152746221,-3.4605456636726,1.1220739398579e-09
33.05,975171484.03277,931609267.84976,934836575.63755,396033847.7803,353390762.16218,358859384.24427,0.083977448292488,0.038724986678459,-0.065754767911084,255956071.54463,259367971.93922,0.00032490824903834,0.00049575,0.00044988638087854,1.3127036534865,1.4079927238071e-12,6.4382017769649e-19,0.022556509129388,3.9508158379376,0.36437041966486,0.2451184941668,0.55835750747538,0.2836011423283,462.68940140339,-6.3971800522318,0.34013653698047,0.96982269524336,399.81343124714,1.3628113174392,-6.5115870217954,1.1220795553819e-09
33.1,974823189.45499,931430822.84311,934477985.23044,395685553.20253,353212317.15553,358500793.83715,0.083977448292488,0.038724986678459,-0.065754767911084,255956492.12975,259349383.65814,0.00032535197681772,0.0004965,0.00045041521898999,1.3131617273185,1.4079927238071e-12,6.4382017769649e-19,0.022636642298403,3.4689311607049,0.36482916907999,0.24541792860599,0.55888840546458,0.28397006608318,462.47107902145,-6.2708805870372,0.47145032261775,1.2676107682788,399.37997603621,0.93471925171398,-6.1682810733076,1.1220845336685e-09
33.15,974461582.05964,931238429.22944,934126815.57002,395323945.80718,353019923.54186,358149624.17673,0.083977448292488,0.038724986678459,-0.065754767911084,255956904.36621,259334137.91261,0.00032582851946046,0.00049725,0.00045082244658174,1.3136129258589,1.4079927238071e-12,6.4382017769649e-19,0.023020287489338,3.7436057660705,0.36528921640355,0.24572012797085,0.55963726690748,0.28434062847499,462.23964188,-5.3391903025284,0.32413806117715,0.97876337836497,400.22336629827,0.92004311157974,-5.6159840564213,1.1220878539397e-09
33.2,974105900.45181,931081367.89509,933810255.81593,394968264.19935,352862862.20751,357833064.42264,0.083977448292488,0.038724986678459,-0.065754767911084,255957327.86676,259317996.50052,0.0003260638262745,0.000498,0.00045115281942289,1.3140695892314,1.4079927238071e-12,6.4382017769649e-19,0.022361731022667,3.3108530001188,0.36575186293529,0.24602451662215,0.56007095649313,0.28471315149338,462.16292783742,-6.334125863455,0.011917338240761,0.50638582479363,399.11267438502,1.5564616101312,-6.5064427141844,1.1220904454709e-09
33.25,973712492.92422,930906435.92751,933469756.32195,394574856.67175,352687930.23992,357492564.92867,0.083977448292488,0.038724986678459,-0.065754767911084,255957771.60326,259305878.70602,0.00032629466186845,0.00049875,0.00045157095339087,1.3145201991161,1.4079927238071e-12,6.4382017769649e-19,0.02300315473367,5.2630350338756,0.36620623306334,0.24632216580821,0.56070420698446,0.28508322001428,461.9319195488,-3.8565216308406,0.14502461418224,0.85676839294679,400.97493753543,1.0984166513677,-3.9205360470256,1.1220991713834e-09
33.3,973360034.04474,930738378.68069,933159216.13404,394222397.79228,352519872.99311,357182024.74076,0.083977448292488,0.038724986678459,-0.065754767911084,255958174.71957,259288150.20483,0.00032662291643154,0.0004995,0.00045204996017332,1.3149768428143,1.4079927238071e-12,6.4382017769649e-19,0.022745937115253,6.2699181112521,0.36666459037934,0.2466219299875,0.56145908991447,0.28545140176978,462.40304346527,-4.0478689554271,-0.028156231315549,1.3820184118975,400.74973214592,1.3270910743696,-4.1639015103774,1.1221092172028e-09
33.35,972979237.68531,930538352.46574,932828245.58583,393841601.43285,352319846.77815,356851054.19255,0.083977448292488,0.038724986678459,-0.065754767911084,255958573.16493,259209526.75244,0.00032689365562971,0.00050025,0.00045263426317207,1.3154384319548,1.4079927238071e-12,6.4382017769649e-19,0.023379363300519,4.0907875437639,0.36712425181424,0.24692325189835,0.56216587765123,0.28582091291617,461.32808115443,-2.6210438543692,0.33934681826098,1.2393335628564,399.94853349989,1.3573913262719,-2.6569288127669,1.1221112299495e-09
33.4,972551603.36802,930335321.39878,932489880.37536,393413967.11556,352116815.71119,356512688.98207,0.083977448292488,0.038724986678459,-0.065754767911084,255958967.62085,259198192.14216,0.00032727899596693,0.000501,0.00045303603848165,1.3158999752657,1.4079927238071e-12,6.4382017769649e-19,0.02457144120214,6.2812583005767,0.36759126437883,0.24722916915811,0.56273299298637,0.28618923376686,461.69018830426,-5.9114899563532,0.11859249565141,0.89269425889427,397.67821849805,1.153205915631,-5.9539094391881,1.1221177390329e-09
33.45,972111395.95824,930118111.9255,932149674.53614,392973759.70577,351899606.23792,356172483.14285,0.083977448292488,0.038724986678459,-0.065754767911084,255959399.59002,259183761.47425,0.00032753289594112,0.00050175,0.00045348251290923,1.3163462615758,1.4079927238071e-12,6.4382017769649e-19,0.023853412168392,4.1601027562734,0.36804762042782,0.24752905704073,0.56326116327886,0.2865597041813,460.89182616841,-4.653107202896,0.39238256053992,0.74275989094205,399.56236581129,1.0593767573753,-4.7865842756785,1.1221207195406e-09
33.5,971754564.36341,929957065.5507,931848730.71366,392616928.11095,351738559.86311,355871539.32038,0.083977448292488,0.038724986678459,-0.065754767911084,255959803.8516,259171147.26811,0.00032788065463758,0.0005025,0.00045387195197786,1.316792845544,1.4079927238071e-12,6.4382017769649e-19,0.021875551526236,1.861252490016,0.36850413892906,0.2478280002616,0.56401706278711,0.2869286478419,461.70599757157,-4.5434608604238,0.22241568681203,0.9239178889987,401.1147723403,0.96073985099196,-4.6061088166128,1.1221279207082e-09
33.55,971424495.4139,929817867.45166,931554383.88893,392286859.16144,351599361.76408,355577192.49564,0.083977448292488,0.038724986678459,-0.065754767911084,255960189.36021,259161843.48966,0.00032812355247083,0.00050325,0.0004541850341038,1.3172484875011,1.4079927238071e-12,6.4382017769649e-19,0.021661617590537,1.1884503036321,0.36896657246705,0.24813167167547,0.56445862976002,0.28729964919386,461.73609000328,-5.854172901709,0.19292222139537,0.56792064677448,399.79419226978,0.84014598157056,-6.1344022163516,1.1221299581308e-09
33.6,971087859.59259,929672346.40476,931251724.10705,391950223.34013,351453840.71718,355274532.71376,0.083977448292488,0.038724986678459,-0.065754767911084,255960596.42346,259136283.42986,0.00032861242674799,0.000504,0.00045465242433238,1.3177167426966,1.4079927238071e-12,6.4382017769649e-19,0.022107165275123,0.98306870059194,0.36943033856294,0.24843465925015,0.56504276283474,0.28766805508412,462.41935170004,-8.4987031532147,0.52454568503278,0.74449495632343,396.29520082464,1.4236242256764,-8.2658222963596,1.1221315933811e-09
33.625,970908652.87806,929594863.9307,931085689.53846,391771016.62559,351376358.24312,355108498.14517,0.083977448292488,0.038724986678459,-0.065754767911084,255960792.78265,259125318.1954,0.00032934903839932,0.000504375,0.00045480074729158,1.3179445591361,1.4079927238071e-12,6.4382017769649e-19,0.02395867548412,6.8681009827505,0.36965447904361,0.24858216850797,0.56526817802839,0.28785300797055,460.42488330757,-5.8058278209371,0.12600067473079,0.36842939180935,397.28486590247,1.6272895367488,-5.7054530489333,1.1221326981063e-09
33.675,970503735.08822,929382731.76029,930710388.96118,391366098.83576,351164226.0727,354733197.5679,0.083977448292488,0.038724986678459,-0.065754767911084,255961200.10633,259116323.81055,0.00032960752211575,0.000505125,0.00045512302137022,1.3183980561708,1.4079927238071e-12,6.4382017769649e-19,0.023796441461087,5.8581638980839,0.37011373469303,0.24888396700312,0.56641666670363,0.28822175206793,460.82422480957,-5.7964597129761,0.23341210062273,0.43060962452912,397.42896444898,1.5601843957827,-5.7734839749886,1.1221356435941e-09
33.725,970140654.07559,929218469.35247,930380078.29659,391003017.82312,350999963.66489,354402886.90331,0.083977448292488,0.038724986678459,-0.065754767911084,255961597.16375,259116249.53811,0.00032988764945009,0.000505875,0.00045565441895791,1.3188444719457,1.4079927238071e-12,6.4382017769649e-19,0.022714519855411,2.2507016591793,0.37056071325075,0.24917646099945,0.56707631141696,0.28859007745084,460.69224570732,-1.9326717825994,0.052473580459409,0.66952085690624,400.98825530839,1.0863102991589,-2.0178400135121,1.1224534016156e-09
33.75,969976484.87801,929147319.41693,930236875.09827,390838848.62554,350928813.72935,354259683.70499,0.083977448292488,0.038724986678459,-0.065754767911084,255961771.84804,259109128.75769,0.00033008609600813,0.00050625,0.00045583006457595,1.3190770979425,1.4079927238071e-12,6.4382017769649e-19,0.022842366824546,5.08990591977,0.37080163169653,0.24933472056251,0.56735969008368,0.28877453682619,460.88469076609,-7.0106921006273,0.27726665255295,0.43405501513571,397.30130285035,1.1905351062171,-6.9299794636634,1.1224534053833e-09
33.8,969614488.38142,928988727.72234,929899078.99559,390476852.12895,350770222.03475,353921887.60231,0.083977448292488,0.038724986678459,-0.065754767911084,255962160.41658,259094905.02884,0.00033035743337435,0.000507,0.00045614096140795,1.319533006301,1.4079927238071e-12,6.4382017769649e-19,0.023775038472893,6.2008597961431,0.37125428612737,0.24963023746747,0.56783924412583,0.28914175517143,461.4482186808,-5.8347935414752,0.43688949742926,0.67004525987026,397.856312612,1.1552995771039,-5.5552234878023,1.1224534057312e-09
33.85,969241210.37513,928820412.97044,929548884.39597,390103574.12267,350601907.28285,353571693.00269,0.083977448292488,0.038724986678459,-0.065754767911084,255962522.04462,259079454.91891,0.00033090405072264,0.00050775,0.00045656567377313,1.3199808239002,1.4079927238071e-12,6.4382017769649e-19,0.02362218344706,9.2210442370326,0.3717099273425,0.24992759531546,0.56871104909622,0.28950826686906,461.23434804331,-5.8829028710595,0.37598765344319,1.0800677520996,399.06425611429,1.0595920961425,-5.9100550693213,1.122466140315e-09
33.9,968898535.65177,928675393.87204,929243920.54396,389760899.39931,350456888.18445,353266729.15068,0.083977448292488,0.038724986678459,-0.065754767911084,255962867.49417,259064106.33177,0.00033115514332309,0.0005085,0.00045697504933714,1.3204298467904,1.4079927238071e-12,6.4382017769649e-19,0.022146489296795,2.5303346859415,0.37216127845058,0.25022335249161,0.56933638719741,0.28987567917865,461.22617786967,-3.0568381465531,0.38627754676464,0.97669162454452,401.46794687867,1.0514826598611,-3.4019127666131,1.1224690019404e-09
33.95,968539549.00687,928522605.79006,928942657.27455,389401912.7544,350304100.10247,352965465.88126,0.083977448292488,0.038724986678459,-0.065754767911084,255963220.34715,259033817.45583,0.00033140824356241,0.00050925,0.00045712673312713,1.3208977415732,1.4079927238071e-12,6.4382017769649e-19,0.022282913976446,2.978193496733,0.37262308127251,0.25052748813629,0.56987716321506,0.29024533861428,460.38598536361,-4.1227593280041,0.18968151447106,0.39709236668258,397.99295193875,0.49654466542507,-4.1599861127313,1.122469009125e-09
34,968135214.68538,928321282.99286,928605017.15485,388997578.43292,350102777.30528,352627825.76157,0.083977448292488,0.038724986678459,-0.065754767911084,255963633.89329,259019413.14597,0.00033175097591619,0.00051,0.00045760731744001,1.321340252535,1.4079927238071e-12,6.4382017769649e-19,0.02389667827002,4.9195236424421,0.3730790634776,0.25082622145636,0.57058848468654,0.29061251488203,460.70138791154,-4.7707430681677,0.013250189315751,0.81265141675619,399.91013097955,1.1838146140704,-4.8584403526197,1.1224690356181e-09
34.05,967806658.80291,928179939.16477,928317131.15047,388669022.55044,349961433.47718,352339939.75719,0.083977448292488,0.038724986678459,-0.065754767911084,255963978.87669,258925469.705,0.00033258832961414,0.00051075,0.00045805264108976,1.3218031127667,1.4079927238071e-12,6.4382017769649e-19,0.021645105099167,1.7588021129679,0.37354282109819,0.25112944085132,0.57127900738945,0.2909797038051,461.37327606844,-7.9422970811784,-0.26244890731511,0.84453883202972,396.62461681696,1.6471369075548,-7.8551548294763,1.1224692900002e-09
34.1,967441554.47451,928021513.281,928005347.21248,388303918.22204,349803007.59342,352028155.8192,0.083977448292488,0.038724986678459,-0.065754767911084,255964321.93826,258925406.22888,0.0003328739527794,0.0005115,0.00045853426297269,1.3222544434251,1.4079927238071e-12,6.4382017769649e-19,0.023224843427967,8.0869501560803,0.37399799807102,0.25142670075431,0.57195160829948,0.29134577238478,461.40610965855,-7.9282516953965,-0.31937680469729,1.1062482767028,397.36913944089,1.9107442497331,-8.0754559645697,1.1224700896245e-09
34.15,967086561.09528,927856176.59709,927686926.44015,387948924.84281,349637670.9095,351709735.04686,0.083977448292488,0.038724986678459,-0.065754767911084,255964655.80982,258922662.71709,0.00033311095644951,0.00051225,0.0004588765454965,1.3227010449052,1.4079927238071e-12,6.4382017769649e-19,0.022324298127626,4.0976748556066,0.37445053124634,0.25172465205453,0.57254791925372,0.29171415440421,460.76361237925,-6.1455101954202,-0.13508927477592,0.65444770812619,399.16120142911,1.48657717618,-6.5428054655078,1.1224704808698e-09
34.2,966763361.68654,927715295.98882,927389919.68406,387625725.43407,349496790.30124,351412728.29078,0.083977448292488,0.038724986678459,-0.065754767911084,255964991.24054,258915975.38062,0.00033352558141982,0.000513,0.00045934387849066,1.3231554046814,1.4079927238071e-12,6.4382017769649e-19,0.021671180335448,2.4256926660054,0.37490898389985,0.2520255678741,0.5731053220664,0.29208129350201,461.39737211158,-7.6217367647707,-0.030225421637993,1.0122497180113,398.34318997069,1.651405265241,-7.6082158325375,1.1224854904374e-09
34.25,966436857.03934,927558965.73547,927061685.98466,387299220.78688,349340460.04789,351084494.59138,0.083977448292488,0.038724986678459,-0.065754767911084,255965327.66656,258901705.98309,0.00033385828774683,0.00051375,0.0004597723376861,1.3236025603681,1.4079927238071e-12,6.4382017769649e-19,0.022318838664531,2.7819491925619,0.37535654380817,0.25231906082337,0.57370219603025,0.29244883443415,461.16338053635,-3.9679030412746,-0.043195122578489,0.98692633916969,401.29571950511,1.2354258532414,-4.2576440293411,1.1224873793083e-09
34.3,966100841.52464,927416691.90226,926757055.73508,386963205.27218,349198186.21468,350779864.34179,0.083977448292488,0.038724986678459,-0.065754767911084,255965657.71748,258888872.78381,0.0003340983872547,0.0005145,0.00046011423921868,1.3240555788429,1.4079927238071e-12,6.4382017769649e-19,0.021955483174766,1.395919323604,0.37581661266933,0.2526220261059,0.57418895527207,0.29281806868818,460.88882644621,-5.527969383712,0.18416325193276,0.47865906709211,400.12749082464,1.0400313828092,-5.7033695520177,1.1224887969586e-09
34.35,965769746.30271,927273209.87489,926451244.22658,386632110.05024,349054704.1873,350474052.8333,0.083977448292488,0.038724986678459,-0.065754767911084,255966001.62786,258879132.38267,0.0003342971936552,0.00051525,0.00046054107376552,1.3245122062115,1.4079927238071e-12,6.4382017769649e-19,0.022037391566207,1.9309858876812,0.37627479880705,0.25292141287378,0.57468954207225,0.2931850835218,461.28376285695,-7.1197284608315,0.15047416309568,0.68370211528238,398.75291276977,1.4867203276974,-7.1255928553748,1.1224911093676e-09
34.4,965433764.20799,927127905.99503,926117449.08185,386296127.95553,348909400.30744,350140257.68857,0.083977448292488,0.038724986678459,-0.065754767911084,255966330.94672,258867794.08954,0.00033466075400972,0.000516,0.00046097862477706,1.324957788359,1.4079927238071e-12,6.4382017769649e-19,0.022419359638491,2.0614767780625,0.37672195627354,0.25321358329591,0.57537484048335,0.29355095101449,461.13907425888,-4.3588907793993,0.065666462392545,1.0300820933841,401.66389490302,1.2460085953872,-4.2767883734085,1.1224957696989e-09
34.45,965105642.6185,926990765.00194,925817453.75961,385968006.36604,348772259.31436,349840262.36632,0.083977448292488,0.038724986678459,-0.065754767911084,255966644.23938,258846914.10815,0.00033503819950675,0.00051675,0.00046157860593362,1.3254111450844,1.4079927238071e-12,6.4382017769649e-19,0.02176325404487,1.966622227436,0.37718006027602,0.25351388131814,0.57602196075761,0.29391645953957,461.59798223488,-5.4898237077192,0.074976260035431,1.1695549992782,401.07313669937,1.2707063913572,-5.8103986132762,1.122501623642e-09
34.5,964776086.78813,926858050.62593,925527839.16338,385638450.53567,348639544.93834,349550647.7701,0.083977448292488,0.038724986678459,-0.065754767911084,255966957.4157,258833884.1654,0.00033526493668849,0.0005175,0.0004616089423637,1.3258720610853,1.4079927238071e-12,6.4382017769649e-19,0.022091311777779,2.527938606391,0.37763016516875,0.25380920317363,0.57652646999694,0.29428445681137,460.18593048225,-1.8052349111608,0.65398090454333,0.78367599063108,401.47549478467,1.0169019561235,-1.613111995906,1.1225036383836e-09
34.55,964410880.08459,926674988.17037,925166139.69597,385273243.83213,348456482.48279,349188948.30269,0.083977448292488,0.038724986678459,-0.065754767911084,255967280.63664,258815100.69704,0.00033558549016839,0.00051825,0.00046226158226582,1.3263268133884,1.4079927238071e-12,6.4382017769649e-19,0.024120803154613,8.1080695167643,0.37808664656241,0.25410880258671,0.57738177506931,0.29464995686357,460.45656024166,-2.7104110911011,0.43204157221483,0.8569812493545,400.78650796276,1.3711752710112,-3.1555080781563,1.1225074427191e-09
34.6,964041938.3175,926506773.84094,924846882.56208,384904302.06503,348288268.15335,348869691.16879,0.083977448292488,0.038724986678459,-0.065754767911084,255967590.918,258801163.10014,0.00033594155865213,0.000519,0.00046264607819927,1.3267775146273,1.4079927238071e-12,6.4382017769649e-19,0.023210315527977,5.2319598064325,0.37854545531775,0.25440917996298,0.57785701979191,0.29501631922613,460.33453734181,-5.5997855220105,0.53506215018772,0.73755812073255,399.46380062704,1.6943997933219,-5.6187716844363,1.1225091129188e-09
34.65,963720277.03491,926361484.34648,924547813.39822,384582640.78245,348142978.65889,348570622.00494,0.083977448292488,0.038724986678459,-0.065754767911084,255967898.45942,258791054.50723,0.00033605743071807,0.00051975,0.00046293718124578,1.327238743042,1.4079927238071e-12,6.4382017769649e-19,0.022090523167884,2.208281386896,0.37899398405422,0.25470328819959,0.57836089706114,0.29538405283346,459.62782998727,-2.311348785022,0.53116422325766,0.44860043423992,399.66371739338,1.6056728568544,-1.9895501351983,1.1226109720541e-09
34.675,963542213.95032,926281177.2273,924399824.90287,384404577.69786,348062671.53971,348422633.50958,0.083977448292488,0.038724986678459,-0.065754767911084,255968048.63613,258786909.48593,0.00033649505196116,0.000520125,0.00046318628285795,1.3274675364625,1.4079927238071e-12,6.4382017769649e-19,0.023692861769326,4.481815015525,0.37923100484891,0.25485816362482,0.57862087427854,0.29556660002001,459.30625941579,-6.865708079373,0.28457432451902,0.54382333866547,396.68804883434,1.5711144867717,-7.0616747727847,1.1226109733357e-09
34.725,963184416.92487,926113565.26578,924092120.32796,384046780.67241,347895059.5782,348114928.93468,0.083977448292488,0.038724986678459,-0.065754767911084,255968359.29248,258774258.20787,0.0003367260285109,0.000520875,0.00046355137336624,1.3279137038149,1.4079927238071e-12,6.4382017769649e-19,0.022908524259529,3.5385580083765,0.37967369980984,0.25514763350025,0.57925093372566,0.29593215012825,459.42398843277,-1.8205475218106,0.37432899517162,0.72678866754719,400.41302238391,1.653257498046,-1.9972806215041,1.1227545693249e-09
34.775,962832155.32064,925942656.70536,923789305.8667,383694519.06818,347724151.01778,347812114.47342,0.083977448292488,0.038724986678459,-0.065754767911084,255968655.15154,258758681.6845,0.00033744201025208,0.000521625,0.00046403870451291,1.328368520808,1.4079927238071e-12,6.4382017769649e-19,0.022694723340297,7.2210572160407,0.38013071085135,0.25544812011301,0.58146390086168,0.29629808361913,459.59326724854,-2.4199136897954,0.4743013413388,0.69407942285046,399.70204917205,1.8897368146456,-2.4225525736097,1.1227634596945e-09
34.825,962422363.61778,925712637.74615,923462833.03706,383284727.36531,347494132.05856,347485641.64377,0.083977448292488,0.038724986678459,-0.065754767911084,255968954.47238,258746527.60355,0.00033827526357808,0.000522375,0.00046442278137623,1.3288230877925,1.4079927238071e-12,6.4382017769649e-19,0.023985363957698,9.5279745153131,0.38059015865612,0.25574845090298,0.5817037107068,0.29666296760798,459.85892465465,-5.9642986014403,0.2972427589989,0.49349326141607,397.54211166819,1.3915632537724,-6.0737648162391,1.1228806835535e-09
34.875,962029587.00331,925520069.96839,923149561.84846,382891950.75084,347301564.2808,347172370.45517,0.083977448292488,0.038724986678459,-0.065754767911084,255969252.43699,258735170.66672,0.00033869245888993,0.000523125,0.00046476150098552,1.3292789549487,1.4079927238071e-12,6.4382017769649e-19,0.023113724231459,6.0357340422407,0.38103954614848,0.25604235657257,0.58247987203861,0.29702788148449,459.66776969748,-4.5891431622594,0.42266082217314,0.49898800841572,398.20281576942,1.224700926452,-4.4671928899761,1.1228809818871e-09
34.925,961663102.62051,925339002.04742,922836936.9122,382525466.36805,347120496.35983,346859745.51892,0.083977448292488,0.038724986678459,-0.065754767911084,255969543.47812,258725963.11121,0.00033920452700334,0.000523875,0.0004651766574789,1.3297252382438,1.4079927238071e-12,6.4382017769649e-19,0.023146939797255,3.9874339517106,0.38148815119575,0.25633495706295,0.58284931347797,0.29739171601728,460.14990441829,-3.9614196135814,0.081458069791076,0.8272330680358,400.09309775042,1.1491096567688,-3.9346311598574,1.1228843557701e-09
34.975,961313539.04335,925197823.9731,922526648.96115,382175902.79089,346979318.28551,346549457.56786,0.083977448292488,0.038724986678459,-0.065754767911084,255969824.8205,258697180.94313,0.00033953484769026,0.000524625,0.00046566466697875,1.3301805026894,1.4079927238071e-12,6.4382017769649e-19,0.022289843110386,3.5369635242819,0.38194867773895,0.25663624638596,0.583341469531,0.29775719505952,460.71739850828,-7.5562934993863,0.22274062669425,0.76651369260103,397.7273759416,1.482920706036,-7.6375742938938,1.1228884373711e-09
35.025,960979949.95301,925055923.60814,922214498.60285,381842313.70055,346837417.92056,346237307.20956,0.083977448292488,0.038724986678459,-0.065754767911084,255970121.11144,258650613.75767,0.00033995688308025,0.000525375,0.00046611079618081,1.3306379418061,1.4079927238071e-12,6.4382017769649e-19,0.022407624666458,2.4449513292185,0.38240064309487,0.25693113237803,0.58395602298916,0.29812148555149,460.72815606064,-7.2153197576887,-0.029130673065094,0.96661341833612,397.198881273,1.4576516763698,-6.9965160064145,1.1228927148386e-09
35.075,960627852.27473,924897022.76707,921869495.69106,381490216.02227,346678517.07948,345892304.29777,0.083977448292488,0.038724986678459,-0.065754767911084,255970423.51751,258637186.96782,0.00034026973787579,0.000526125,0.00046648681634957,1.3310922125104,1.4079927238071e-12,6.4382017769649e-19,0.023605698800948,9.9178679234189,0.38284584960967,0.25722393984965,0.58433706737582,0.29848687042785,459.63789021739,-3.8882656078901,0.12791936274127,0.83584195561181,398.76591896299,1.3563872329559,-3.6030914496611,1.1228981470542e-09
35.125,960283663.82958,924744998.99927,921529053.24502,381146027.57712,346526493.31168,345551861.85174,0.083977448292488,0.038724986678459,-0.065754767911084,255970703.15367,258626802.6081,0.00034036506932147,0.000526875,0.00046694078069127,1.3315495626605,1.4079927238071e-12,6.4382017769649e-19,0.023383874052223,6.0872259487786,0.3833025750495,0.2575235817093,0.58474367513416,0.2988516172376,459.34970239059,-6.4891756535381,-0.29037152600602,0.12775312314827,396.56577307225,1.630268110567,-6.3517167571306,1.1229036853687e-09
35.175,959919133.56825,924597610.06303,921169029.98898,380781497.31578,346379104.37544,345191838.5957,0.083977448292488,0.038724986678459,-0.065754767911084,255970988.74165,258625045.6026,0.00034073300801676,0.000527625,0.00046746217528023,1.3319954763489,1.4079927238071e-12,6.4382017769649e-19,0.022873492309057,3.7633330250127,0.38375325856459,0.25781632812713,0.58537101926939,0.29921391448267,460.15926024113,-7.0396995254835,-0.29077414791454,1.0729843821283,397.74038691008,1.4887617193398,-7.0915134791643,1.1229052829296e-09
35.2,959765312.2821,924537460.84229,921028612.50454,380627676.02964,346318955.1547,345051421.11126,0.083977448292488,0.038724986678459,-0.065754767911084,255971117.74981,258606416.2135,0.00034102394698682,0.000528,0.00046758552069131,1.3322182330564,1.4079927238071e-12,6.4382017769649e-19,0.021904294411029,5.2321022294879,0.383976662178,0.25796306927886,0.58553787821356,0.29939740358152,459.41733773238,-6.0514188137013,-0.10253506583415,0.65968803743043,398.61033993976,1.3505161632555,-6.1163133031357,1.1229078624594e-09
35.25,959449309.83785,924411138.57395,920740581.56074,380311673.58538,346192632.88636,344763390.16746,0.083977448292488,0.038724986678459,-0.065754767911084,255971398.38792,258541774.77643,0.00034133954877244,0.00052875,0.00046802799239788,1.3326760624909,1.4079927238071e-12,6.4382017769649e-19,0.021586228863432,3.9652275037365,0.38443194860626,0.25826177441609,0.58606880969462,0.29976205385397,460.21989436441,-7.7169985182275,-0.28876433590447,0.48561008385221,396.96009578469,1.6614615895563,-7.1437775358273,1.1229134792194e-09
35.3,959062180.06283,924226434.46181,920407182.05981,379924543.81036,346007928.77422,344429990.66653,0.083977448292488,0.038724986678459,-0.065754767911084,255971670.87377,258534299.53272,0.00034167963736684,0.0005295,0.00046842871909493,1.3331181897496,1.4079927238071e-12,6.4382017769649e-19,0.022934985721213,3.0015971073357,0.38487689795283,0.2585524179234,0.58657296151524,0.30012615722226,459.51745138231,-5.0376157538109,0.038168441923649,0.79319644595451,399.9257302896,1.1496842645887,-5.0275304372833,1.122916838081e-09
35.35,958747966.26977,924099660.03909,920129253.03773,379610330.01731,345881154.3515,344152061.64444,0.083977448292488,0.038724986678459,-0.065754767911084,255971937.02969,258503984.03043,0.00034219972033623,0.00053025,0.00046892151630931,1.3335656575936,1.4079927238071e-12,6.4382017769649e-19,0.021320485261816,1.8084353907825,0.38532292227034,0.25884274885125,0.58732366821151,0.30048747150585,460.24514495812,-3.7351608242778,-0.039152349092672,1.2432526698473,401.90634758721,1.0943614707017,-3.7839772619015,1.1229194264722e-09
35.4,958432388.02814,923980466.13543,919852632.93618,379294751.77568,345761960.44784,343875441.5429,0.083977448292488,0.038724986678459,-0.065754767911084,255972188.73696,258495075.18341,0.00034235448472932,0.000531,0.00046923725655867,1.3340360965031,1.4079927238071e-12,6.4382017769649e-19,0.021622888887227,0.90749803155854,0.38578072402599,0.25914499216367,0.58762669201373,0.30085467312921,458.68963120537,-4.0366783085045,0.18993311007909,0.23814484746654,397.68297054945,1.0072424743628,-4.1307828849145,1.1229234834294e-09
35.45,958017475.5882,923808832.52061,919525459.14034,378879839.33574,345590326.83302,343548267.74705,0.083977448292488,0.038724986678459,-0.065754767911084,255972488.619,258470511.12193,0.00034159482974538,0.00053175,0.00046967656946756,1.3344803000451,1.4079927238071e-12,6.4382017769649e-19,0.023675199105356,2.3495727225627,0.3862290330284,0.25943864791814,0.58813934697395,0.30121900168916,459.18880364079,-3.3404981065365,0.021525006610116,0.54424228595235,399.47566479643,1.5952163563114,-3.6240534827428,1.1229278571863e-09
35.5,957680498.51452,923660857.94712,919230677.94852,378542862.26206,345442352.25954,343253486.55524,0.083977448292488,0.038724986678459,-0.065754767911084,255972754.8126,258467676.77067,0.00034273703381633,0.0005325,0.00047019231905514,1.3349343254787,1.4079927238071e-12,6.4382017769649e-19,0.022409674716554,4.8151935514387,0.38668396007247,0.25973464761069,0.58884132417998,0.30157953840326,460.25916043406,-6.60795811312,-0.18768707436637,1.3224502575629,398.21007598024,1.4036812126677,-6.7893470480564,1.1229322299884e-09
35.55,957323504.03715,923528293.24798,918938195.4205,378185867.78469,345309787.56039,342961004.02722,0.083977448292488,0.038724986678459,-0.065754767911084,255973000.57234,258456547.32135,0.00034309701686429,0.00053325,0.00047065980964305,1.3353920759042,1.4079927238071e-12,6.4382017769649e-19,0.022568175782533,3.4424524027581,0.3871381916572,0.26003085967034,0.58946595479899,0.30194174565348,460.23177991734,-8.5487399597407,-0.22845748799714,1.009507940494,396.30982103698,0.91131239138816,-8.5655371275896,1.1229352721278e-09
35.6,956980808.87319,923368259.78504,918618870.01735,377843172.62073,345149754.09746,342641678.62407,0.083977448292488,0.038724986678459,-0.065754767911084,255973248.30566,258442456.9068,0.00034352089252096,0.000534,0.00047096898329796,1.3358450025882,1.4079927238071e-12,6.4382017769649e-19,0.022894405647413,3.0685048950981,0.3875827367081,0.26032123837452,0.58993895218462,0.30230446014075,459.35587775633,-6.5202270656237,-0.38911857568289,0.5928800993896,397.19476144426,1.1716008144194,-6.1336900109315,1.1229395078214e-09
35.65,956600150.92065,923152626.14072,918308884.55569,377462514.66819,344934120.45313,342331693.16241,0.083977448292488,0.038724986678459,-0.065754767911084,255973498.73274,258429144.14378,0.00034384662939728,0.00053475,0.00047137001180526,1.336295795655,1.4079927238071e-12,6.4382017769649e-19,0.022846054095997,5.0108180488132,0.38803208626526,0.26061657856753,0.59042763640006,0.30266925232089,458.40543163091,-5.3795022635031,0.063253623819523,0.30384542538597,397.64538999619,0.99577228217684,-5.2966187472199,1.1229452961769e-09
35.7,956286161.02826,923006285.45785,918015185.87251,377148524.7758,344787779.77026,342037994.47923,0.083977448292488,0.038724986678459,-0.065754767911084,255973759.17591,258416480.52187,0.00034411398400722,0.0005355,0.00047187523037424,1.336728702366,1.4079927238071e-12,6.4382017769649e-19,0.022098890808209,4.8254186533788,0.38845338755463,0.26089149408224,0.59166856025382,0.30303088529023,458.65420922651,6.3590316642915,0.082079031089577,1.114696155787,407.82987713539,1.5110851157024,6.7973288108756,1.1229564160128e-09
35.725,956131870.73102,922935380.6228,917875975.42391,376994234.47856,344716874.93521,341898784.03062,0.083977448292488,0.038724986678459,-0.065754767911084,255973875.46517,258409820.76096,0.00034439117737585,0.000535875,0.00047211884515706,1.336971704048,1.4079927238071e-12,6.4382017769649e-19,0.022501244215108,6.0908645380168,0.38870860999462,0.26105860221678,0.59182223926277,0.30321245219048,459.58289533842,-6.6181915738461,-0.046827146234913,0.68241643342674,397.8512799915,1.3090080348721,-6.8144033858496,1.122957737496e-09
35.775,955743348.24147,922727457.54318,917511593.15494,376605711.989,344508951.8556,341534401.76165,0.083977448292488,0.038724986678459,-0.065754767911084,255974145.32679,258392406.04823,0.00034499481404603,0.000536625,0.00047259965410717,1.3374227622285,1.4079927238071e-12,6.4382017769649e-19,0.02461274979462,7.1311077777536,0.38915654884088,0.26135183864595,0.59238450882808,0.30357431945801,458.88644177818,-5.5069189430808,0.17175942393429,0.82102937481708,398.47885751218,1.142266465721,-5.586532494568,1.1229600508531e-09
35.825,955428090.77353,922598925.09727,917232418.28898,376290454.52107,344380419.40968,341255226.8957,0.083977448292488,0.038724986678459,-0.065754767911084,255974388.65163,258376869.51949,0.00034541839128153,0.000537375,0.00047302303440385,1.3378676260539,1.4079927238071e-12,6.4382017769649e-19,0.021956379078668,2.1980927032605,0.38960187727275,0.26164245290602,0.59294416464768,0.30393587075245,459.49228261209,-4.6462461960281,0.17497077012475,0.93757940169688,400.48398020343,1.1477261287645,-4.6896350085006,1.1229638956556e-09
35.875,955116847.37873,922471804.38469,916958002.42721,375979211.12626,344253298.69711,340980811.03392,0.083977448292488,0.038724986678459,-0.065754767911084,255974628.21991,258362519.7848,0.00034571963866077,0.000538125,0.0004732204599896,1.3383215229903,1.4079927238071e-12,6.4382017769649e-19,0.021481831153753,1.1448296694965,0.39004752782713,0.26193443950763,0.59338029139387,0.30429947207657,459.28255747828,-3.2707100909028,0.36039075343349,0.72490123605895,400.86912825508,0.78747899757904,-3.3840831709231,1.1230435738076e-09
35.925,954784126.66785,922340312.12403,916668802.74564,375646490.41539,344121806.43644,340691611.35235,0.083977448292488,0.038724986678459,-0.065754767911084,255974870.64904,258348722.65543,0.00034599066680062,0.000538875,0.00047368212952198,1.3387795658042,1.4079927238071e-12,6.4382017769649e-19,0.02247789917501,3.0188719205737,0.39050386569562,0.26223289816009,0.59413702664837,0.30466211665682,459.70836416867,-6.4347345705531,-0.040595351984597,0.49501099530923,398.08365355551,1.0353864330977,-6.6197243446018,1.1230462340263e-09
35.975,954436742.89778,922198088.67349,916372458.07074,375299106.64532,343979582.9859,340395266.67745,0.083977448292488,0.038724986678459,-0.065754767911084,255975113.10551,258326991.70015,0.0003463163984596,0.000539625,0.00047410785834609,1.3392263679085,1.4079927238071e-12,6.4382017769649e-19,0.022762182073987,4.4533016964578,0.39094812910535,0.26252277612793,0.59393188261764,0.30502386555487,459.54396661427,-4.7138462239503,0.18091243914917,0.82495137316411,399.96756392738,1.0358525002419,-4.7992134241042,1.1230479467418e-09
36.025,954117011.58062,922075852.91844,916094450.00058,374979375.32816,343857347.23086,340117258.6073,0.083977448292488,0.038724986678459,-0.065754767911084,255975344.17933,258313242.13828,0.00034659167581415,0.000540375,0.00047447511296053,1.339681318315,1.4079927238071e-12,6.4382017769649e-19,0.021825974616883,2.2817205235242,0.3913985746409,0.26281680781745,0.59500746368219,0.30538529651405,459.88900388745,-6.0966732628377,-0.13141665025678,0.77802188902119,398.85402785378,0.67418354934874,-6.287439404853,1.1230499503978e-09
36.075,953792971.8061,921935508.13208,915808876.41011,374655335.55364,343717002.4445,339831685.01682,0.083977448292488,0.038724986678459,-0.065754767911084,255975577.71791,258284295.27162,0.00034701149224448,0.000541125,0.00047491425471936,1.3401347554509,1.4079927238071e-12,6.4382017769649e-19,0.022279296273253,2.7028368812381,0.39184966269986,0.26311083494186,0.59559338509332,0.30574706284543,459.58830847377,-7.4941687663859,-0.08080529049624,0.90799543441445,397.60462545621,1.0839624978028,-7.4877088620598,1.1230546993999e-09
36.125,953466512.75331,921793247.2669,915525295.92466,374328876.50085,343574741.57932,339548104.53138,0.083977448292488,0.038724986678459,-0.065754767911084,255975812.36895,258226423.86301,0.00034727670557017,0.000541875,0.00047535466531086,1.3405769984835,1.4079927238071e-12,6.4382017769649e-19,0.022217559780643,2.6196121419895,0.39228640710399,0.26339551412554,0.59640043591238,0.30610737651618,459.21693639136,-3.1986023724894,0.16984802006345,1.1456272983716,401.82821712104,0.94992222501332,-2.8917813731577,1.1230597988613e-09
36.175,953154152.47847,921669374.79461,915251919.37074,374016516.22601,343450869.10703,339274727.97746,0.083977448292488,0.038724986678459,-0.065754767911084,255976030.24426,258211656.97827,0.00034758566098247,0.000542625,0.00047574374371545,1.3410374669936,1.4079927238071e-12,6.4382017769649e-19,0.021498743085375,2.739765213943,0.39274184907104,0.2636935082552,0.5971689315226,0.30646846005071,459.6661752233,-5.7495626411374,-0.22116639332501,0.64245183313249,398.76196370918,0.43779162711147,-5.7304426543424,1.123065283292e-09
36.225,952806120.75296,921508796.85752,914959114.0894,373668484.5005,343290291.16994,338981922.69612,0.083977448292488,0.038724986678459,-0.065754767911084,255976255.36016,258195142.1195,0.00034784087590416,0.000543375,0.00047614811263506,1.341483152285,1.4079927238071e-12,6.4382017769649e-19,0.023127058762986,3.5246780159282,0.39318777602085,0.26398573137943,0.59761013974686,0.30683076178621,458.88849516585,-4.6003872353047,0.15952374196464,0.80743046459873,400.16289682503,0.71851688419706,-5.0136568292823,1.1230714680216e-09
36.275,952497079.79269,921384703.01451,914685463.17053,373359443.54023,343166197.32692,338708271.77725,0.083977448292488,0.038724986678459,-0.065754767911084,255976481.33782,258179876.86003,0.00034799638225867,0.000544125,0.00047655668354669,1.3419432228604,1.4079927238071e-12,6.4382017769649e-19,0.021511494314683,2.6289811005844,0.39363846739531,0.26428044241662,0.59805110599333,0.30719263660254,458.94173834573,-5.8736804492688,0.28971567015595,0.47627317375971,398.08373880523,1.1645416078933,-6.1577012040288,1.1230772195635e-09
36.325,952166769.75449,921250746.7656,914368803.50497,373029133.50203,343032241.07801,338391612.11168,0.083977448292488,0.038724986678459,-0.065754767911084,255976708.79618,258168609.5168,0.00034828631258456,0.000544875,0.0004769899614231,1.3423861924949,1.4079927238071e-12,6.4382017769649e-19,0.022585961343993,3.1708367446889,0.39408214652314,0.26457000617773,0.59868398208359,0.30755313679746,459.23996756589,-4.9764279897909,0.21717975241793,0.76680725067943,400.16443096481,0.90233140356235,-5.1704012887478,1.1230841256586e-09
36.35,952022226.74208,921194816.34489,914236035.74894,372884590.48962,342976310.65731,338258844.35566,0.083977448292488,0.038724986678459,-0.065754767911084,255976814.97906,258161078.30695,0.00034897387406154,0.00054525,0.00047721774842433,1.3426184551399,1.4079927238071e-12,6.4382017769649e-19,0.021416945551675,3.1450423713808,0.39430615334914,0.26471733555379,0.5992603759362,0.3077346994176,457.85348886604,-4.1796067619957,0.24618435562998,0.20303630750462,398.83476438346,1.1173806009983,-4.391902567958,1.123088180902e-09
36.4,951654780.58515,921032990.81865,913922168.37483,372517144.33268,342814485.13106,337944976.98155,0.083977448292488,0.038724986678459,-0.065754767911084,255977043.30253,258150471.27846,0.0003491032329817,0.000546,0.00047765453920658,1.3430632551294,1.4079927238071e-12,6.4382017769649e-19,0.023014850132404,2.9153117996333,0.3947528011119,0.26500790229858,0.59990226071552,0.30809488715989,458.95934965726,-4.9383668754763,0.40217493531696,0.73989040282368,399.68553262754,1.2233320182254,-5.2273358860035,1.1230956875598e-09
36.45,951325781.58657,920911810.31269,913645014.0511,372188145.33411,342693304.62511,337667822.65781,0.083977448292488,0.038724986678459,-0.065754767911084,255977257.19616,258128399.35268,0.00034959281981877,0.00054675,0.00047808060264851,1.3435096178509,1.4079927238071e-12,6.4382017769649e-19,0.021590736380089,1.328248122841,0.39519718202163,0.26529709345033,0.60067454840946,0.30845263606889,459.26994493054,-4.5266316928457,0.17225964739016,1.2300805421328,401.1976629512,0.99927188576051,-4.7687861020618,1.1231051123471e-09
36.475,951182353.6949,920859386.53316,913517993.93891,372044717.44244,342640880.84557,337540802.54563,0.083977448292488,0.038724986678459,-0.065754767911084,255977356.30748,258121001.79437,0.00034963682162915,0.000547125,0.00047823274422878,1.3437414765444,1.4079927238071e-12,6.4382017769649e-19,0.021420090602924,1.0490619051251,0.39542497690554,0.26544640386487,0.60081785040767,0.30863493336507,459.18900014766,-6.3059414791934,0.11262102835699,0.67784863338746,398.92570608069,1.1641636928653,-6.5658751827048,1.123106949339e-09
36.525,950845022.54097,920726606.34754,913207125.65956,371707386.28851,342508100.65995,337229934.26627,0.083977448292488,0.038724986678459,-0.065754767911084,255977593.75093,258105860.50319,0.00034992445042397,0.000547875,0.00047861188870945,1.3441886762226,1.4079927238071e-12,6.4382017769649e-19,0.022602979967456,2.9064769690035,0.39586642235185,0.26573513159471,0.60144690149781,0.30899537062043,458.88479368103,-3.4188246091076,0.23286865673319,1.0624367087067,401.02705947717,0.82295361357816,-3.3231380796872,1.1231121203481e-09
36.575,950532704.75399,920597836.27638,912934462.88405,371395068.50152,342379330.5888,336957271.49076,0.083977448292488,0.038724986678459,-0.065754767911084,255977805.99753,258104268.54822,0.00035019516215166,0.000548625,0.0004789947161864,1.3446425490466,1.4079927238071e-12,6.4382017769649e-19,0.021836399483043,2.2695835260021,0.39631606625176,0.26602869997975,0.60199982413382,0.3093555154607,458.83653649979,-4.6455107342294,0.057088975110926,0.92129475338407,399.73635684194,0.86438294602002,-4.7050005313528,1.1231229724478e-09
36.625,950207151.97164,920466698.37187,912659335.62177,371069515.71917,342248192.68429,336682144.22849,0.083977448292488,0.038724986678459,-0.065754767911084,255978011.91139,258086216.3222,0.0003505576530059,0.000549375,0.00047938530683317,1.3450909606773,1.4079927238071e-12,6.4382017769649e-19,0.022629875488233,3.9104386001768,0.39676052145301,0.26631876137157,0.60261376483301,0.30971625044567,458.87030175268,-4.0596439545249,0.20701759635295,0.93305003635175,400.4776372394,1.0826158573915,-4.3140285127909,1.1231339320135e-09
36.675,949880886.01349,920333195.26849,912386593.27399,370743249.76103,342114689.5809,336409401.88071,0.083977448292488,0.038724986678459,-0.065754767911084,255978220.88827,258072950.2535,0.00035086790905648,0.000550125,0.00047982742917107,1.3455443978098,1.4079927238071e-12,6.4382017769649e-19,0.022107644693352,1.8060494661179,0.3972131696805,0.26661453950623,0.60316115514466,0.31007607498266,459.50278308157,-6.7607124414511,0.079772433156149,0.96160033312026,398.91132642166,1.5136276255851,-7.1147197809794,1.1231415364464e-09
36.725,949570372.93768,920216122.09002,912109510.66386,370432736.68522,341997616.40244,336132319.27058,0.083977448292488,0.038724986678459,-0.065754767911084,255978428.83161,258059337.0195,0.00035114286962565,0.000550875,0.00048017643498057,1.3459914147409,1.4079927238071e-12,6.4382017769649e-19,0.021944943146341,1.8962142619383,0.3976577045929,0.26690608664056,0.6035466674573,0.31043825116373,458.70837476248,-5.7004282770549,0.19412650436782,0.59006910483231,399.84157459327,1.3195511854734,-5.8091274134139,1.1231474853958e-09
36.775,949273750.9229,920102915.09727,911840626.52256,370136114.67044,341884409.40969,335863435.12927,0.083977448292488,0.038724986678459,-0.065754767911084,255978641.17159,258051343.16502,0.00035144178062836,0.000551625,0.00048061811404156,1.3464571560021,1.4079927238071e-12,6.4382017769649e-19,0.021378435852112,1.0041801991794,0.39811008480223,0.26720132076745,0.60405297971291,0.31079834683062,459.20372030916,-8.0751937501159,-0.018122505757273,0.56433714396807,395.37828483293,1.4290846991493,-8.257372168572,1.1231506935771e-09
36.825,948912485.75745,919941702.28712,911471471.03362,369774849.50499,341723196.59954,335494279.64034,0.083977448292488,0.038724986678459,-0.065754767911084,255978846.72888,258039466.90308,0.00035165774819829,0.000552375,0.00048100229950209,1.346907366468,1.4079927238071e-12,6.4382017769649e-19,0.024634870129506,3.9765064480064,0.39855461062005,0.26749281710728,0.60465065631498,0.31115991423654,457.63097491784,-6.681227242849,0.1195571593614,0.28730507106331,396.05124453587,1.6620727976678,-6.5761022003396,1.1231564927871e-09
36.875,948600414.4216,919801729.26191,911162899.67321,369462778.16914,341583223.57432,335185708.27992,0.083977448292488,0.038724986678459,-0.065754767911084,255979057.05709,258023079.76862,0.00035169253069578,0.000553125,0.00048138568757973,1.3473528205068,1.4079927238071e-12,6.4382017769649e-19,0.022468928687343,3.5723412034943,0.39899555823484,0.26778101540085,0.60515598761291,0.31151986118593,457.48474346635,-4.9690849528019,-0.13364762004808,0.54646411893308,397.75975365005,1.3768893775766,-5.0434963776291,1.1231585858954e-09
36.925,948292316.74085,919670510.6716,910880484.19027,369154680.48839,341452004.98402,334903292.79698,0.083977448292488,0.038724986678459,-0.065754767911084,255979254.10716,258013248.41685,0.0003520818423482,0.000553875,0.00048182114016646,1.3478030344257,1.4079927238071e-12,6.4382017769649e-19,0.021949490864619,2.506248893954,0.39944487275728,0.26807337143901,0.60581403974755,0.31187801647886,458.793507114,-7.386575707342,0.1447204829822,1.0083275438227,396.91619468875,1.653287596163,-7.7497560751651,1.1231631035393e-09
36.975,947957564.85133,919542930.23566,910578751.93226,368819928.59887,341324424.54807,334601560.53897,0.083977448292488,0.038724986678459,-0.065754767911084,255979449.41258,258011444.72581,0.00035233884578643,0.000554625,0.00048214060501171,1.3482510074131,1.4079927238071e-12,6.4382017769649e-19,0.022381227339863,3.7279112353202,0.39988265878922,0.26835940995931,0.60636255055823,0.31223754964977,457.67572056751,-3.5512832689912,-0.15083562484588,0.46812431079793,399.20970649681,1.355433516737,-3.6401321677661,1.1231678273428e-09
37.025,947641369.26366,919411168.60443,910285986.91905,368503733.01119,341192662.91685,334308795.52576,0.083977448292488,0.038724986678459,-0.065754767911084,255979639.31906,258002471.78431,0.00035277779501719,0.000555375,0.00048258524763769,1.3486982051157,1.4079927238071e-12,6.4382017769649e-19,0.022278744644239,2.1643078815741,0.40032958285224,0.26865118093547,0.60693885097092,0.31259650217139,458.4480633246,-5.0097712009444,0.21779268304578,0.70047734376381,399.31264575064,1.6138820204434,-5.3898698475654,1.123173976375e-09
37.075,947332465.30214,919280371.13636,910000168.26759,368194829.04968,341061865.44877,334022976.87431,0.083977448292488,0.038724986678459,-0.065754767911084,255979829.20012,257994268.73532,0.00035319455629346,0.000556125,0.00048306875216339,1.3491437497952,1.4079927238071e-12,6.4382017769649e-19,0.021829296041104,1.2512028376202,0.40076908128513,0.26893652704346,0.60774774837594,0.3129527601496,458.66659734458,-4.1827976675266,0.074943126380649,1.3478883071976,401.17775252022,1.400226711577,-4.3479194425193,1.1231824180378e-09
37.125,947035187.13678,919175647.29524,909736090.93579,367897550.88431,340957141.60766,333758899.54251,0.083977448292488,0.038724986678459,-0.065754767911084,255980006.97785,257965373.87273,0.00035355427656918,0.000556875,0.00048351545833576,1.3496028473769,1.4079927238071e-12,6.4382017769649e-19,0.021410511480485,1.287048266943,0.40122161005393,0.26923260572227,0.6083368599075,0.31331057066012,459.29251270248,-7.3201608810296,0.038331823897792,1.0275325398681,398.28398959368,1.6327719350479,-7.5344024499312,1.1231914941949e-09
37.15,946884139.31757,919116921.40679,909599303.80868,367746503.06511,340898415.71921,333622112.4154,0.083977448292488,0.038724986678459,-0.065754767911084,255980098.17027,257959404.70536,0.0003535694736694,0.00055725,0.00048372698123687,1.3498302191041,1.4079927238071e-12,6.4382017769649e-19,0.022221862397257,3.7695509143506,0.4014404705612,0.26937642239955,0.60836010199098,0.31349192293255,457.02590794038,-5.2534342552331,0.32426115979655,0.54689238938892,398.47823739437,1.5017916740063,-5.2986661812364,1.1231934349007e-09
37.2,946579648.79325,918983883.47158,909301538.52554,367442012.54079,340765377.78399,333324347.13225,0.083977448292488,0.038724986678459,-0.065754767911084,255980302.34572,257933990.12785,0.00035387499406115,0.000558,0.00048413347344765,1.3502757037777,1.4079927238071e-12,6.4382017769649e-19,0.02205813182752,3.7844649093013,0.40188581500423,0.26966674623985,0.6090019184946,0.31384954668471,458.81790573647,-6.4849390440271,-0.027003201282944,1.0423664739835,399.03132749465,1.6382492701985,-6.8646019222987,1.1232009695577e-09
37.225,946437977.65753,918930031.83964,909172932.45836,367300341.40507,340711526.15205,333195741.06508,0.083977448292488,0.038724986678459,-0.065754767911084,255980392.84397,257927875.54601,0.00035406746586115,0.000558375,0.00048429423107127,1.3504993950947,1.4079927238071e-12,6.4382017769649e-19,0.021464496913835,2.0168433719772,0.40210721439622,0.26981178139434,0.60920848771818,0.31403031869963,458.31822932077,-6.2596755090631,0.11637417854779,0.61555707770486,399.25806302123,1.5397652150101,-6.5034445189358,1.123203721644e-09
37.275,946133971.95197,918815822.86837,908900293.97916,366996335.69951,340597317.18078,332923102.58588,0.083977448292488,0.038724986678459,-0.065754767911084,255980587.21507,257921584.92577,0.00035427874966579,0.000559125,0.00048484610767321,1.3509539459886,1.4079927238071e-12,6.4382017769649e-19,0.021394498255769,1.6960209156454,0.40254953686134,0.2701013291534,0.60991203987354,0.31438986065214,458.10096301459,-4.5752157210643,0.23271759327212,0.62416454000921,399.08262477879,1.5571725997213,-4.4449784348225,1.1232104813536e-09
37.325,945817095.23172,918684796.13654,908613685.88996,366679458.97926,340466290.44896,332636494.49667,0.083977448292488,0.038724986678459,-0.065754767911084,255980787.97257,257911545.6949,0.00035462377847466,0.000559875,0.00048524525071214,1.3514072776983,1.4079927238071e-12,6.4382017769649e-19,0.022697599817588,5.7620870728845,0.40300214271875,0.27039620917052,0.61029363452671,0.31474756264639,458.97406804769,-9.3921005743599,0.26388031073647,0.87160240033219,396.20957231271,1.3578701383036,-9.477151568324,1.1232327446063e-09
37.375,945499699.60589,918563229.29083,908337450.09002,366362063.35342,340344723.60325,332360258.69673,0.083977448292488,0.038724986678459,-0.065754767911084,255980968.31948,257883189.78864,0.00035493128992201,0.000560625,0.00048570318888118,1.3518521923722,1.4079927238071e-12,6.4382017769649e-19,0.022093198493088,2.4283391631309,0.40343977099928,0.27068135191391,0.61126231604948,0.31510520655616,458.78774234915,-6.8428377328326,0.21690339758419,1.00401143699,398.62857819602,1.3509330049267,-7.2596889610133,1.1232374605266e-09
37.425,945205785.42019,918449745.45527,908056971.346,366068149.16773,340231239.76769,332079779.95272,0.083977448292488,0.038724986678459,-0.065754767911084,255981141.79824,257870189.5528,0.00035513499507318,0.000561375,0.00048606141475005,1.3523068602178,1.4079927238071e-12,6.4382017769649e-19,0.021449893736504,1.88824424057,0.40388632025469,0.2709733637844,0.61171118033561,0.31546444378935,458.52207697874,-7.2217537590768,0.35305251003266,0.64295231600954,397.38916487477,1.5089583173715,-7.5111379679969,1.1232429816968e-09
37.475,944897680.79532,918325681.35135,907776116.15721,365760044.54286,340107175.66376,331798924.76393,0.083977448292488,0.038724986678459,-0.065754767911084,255981318.2468,257849813.05387,0.00035543896845106,0.000562125,0.00048645049716126,1.3527529058503,1.4079927238071e-12,6.4382017769649e-19,0.022480026238749,6.6900339596084,0.40432743072492,0.27126085440059,0.61235329771543,0.31582220482986,458.70030864982,-6.8031480297697,0.57630092517909,0.80688409087327,398.52210528952,1.3754232080682,-7.2560718141341,1.1232516005219e-09
37.525,944590318.03264,918210269.35338,907483560.62591,365452681.78018,339991763.66579,331506369.23263,0.083977448292488,0.038724986678459,-0.065754767911084,255981491.39015,257823776.90742,0.0003558066142029,0.000562875,0.00048692707310297,1.3532013526307,1.4079927238071e-12,6.4382017769649e-19,0.021686539041235,2.9055627859712,0.4047687058026,0.27154789370097,0.61313842075709,0.31617833322046,459.0177337414,-6.6334945794869,0.36223337232735,1.1898913232121,399.21049874954,1.1804869664818,-7.1090411929629,1.1232583414166e-09
37.575,944294327.28723,918105285.41491,907217189.84359,365156691.03476,339886779.72732,331239998.4503,0.083977448292488,0.038724986678459,-0.065754767911084,255981659.87919,257793171.85228,0.00035611547597119,0.000563625,0.00048731909145936,1.3536545886339,1.4079927238071e-12,6.4382017769649e-19,0.021548054901898,1.2211810203259,0.40521204852244,0.27183598966425,0.61371627976248,0.31653597687162,459.19937085817,-7.6966987128488,0.21937001894268,1.1220990207549,398.33889575738,1.3389550853549,-7.9186587088092,1.1232613637748e-09
37.625,943989803.9807,917991861.57623,906946439.48229,364852167.72823,339773355.88864,330969248.089,0.083977448292488,0.038724986678459,-0.065754767911084,255981831.44454,257781024.7622,0.00035643101052972,0.000564375,0.00048762764701871,1.3541039784953,1.4079927238071e-12,6.4382017769649e-19,0.021923088676928,1.6656532344885,0.40564301077621,0.27211869725288,0.61417168195872,0.31689626046005,457.64198456168,-1.4095617932855,0.45560213080164,0.53909847760717,401.42576938316,0.64675359317906,-1.7340696283091,1.1232627522804e-09
37.675,943657930.03618,917841705.13045,906650169.74029,364520293.78371,339623199.44286,330672978.347,0.083977448292488,0.038724986678459,-0.065754767911084,255982004.34722,257763790.13516,0.00035701661633615,0.000565125,0.00048817121339949,1.3545438606323,1.4079927238071e-12,6.4382017769649e-19,0.022713707185886,5.4880615205301,0.40607658652065,0.27239930644471,0.61507370161444,0.31724972770403,457.9764885136,-0.27346165554916,0.29749293996671,1.5064430666076,404.6543862832,1.5280068794587,-0.1672789000753,1.1232713866817e-09
37.725,943354037.55427,917727793.95476,906379774.17413,364216401.30181,339509288.26718,330402582.78085,0.083977448292488,0.038724986678459,-0.065754767911084,255982156.81892,257754751.14472,0.00035711243967763,0.000565875,0.00048855068597482,1.3550204198132,1.4079927238071e-12,6.4382017769649e-19,0.02150012933844,1.8450002221394,0.40653158034095,0.27269822888544,0.61560441808444,0.31760802043165,457.0036905784,-1.6090415814579,0.71185273657249,0.92411730940899,398.67891026297,1.1116515024081,-2.1934553959662,1.1232732389418e-09
37.775,943023852.96327,917579730.61724,906079021.72865,363886216.71081,339361224.92965,330101830.33536,0.083977448292488,0.038724986678459,-0.065754767911084,255982330.87337,257746188.23631,0.00035734616690399,0.000566625,0.00048959040646122,1.3554763448539,1.4079927238071e-12,6.4382017769649e-19,0.02483676511176,4.9870990530987,0.40697762982769,0.27298655992433,0.61622943233088,0.31796476537926,457.63301397665,-5.5329156579721,0.34058857892112,0.60517910696983,396.16893483843,0.80712652887606,-5.4448122470919,1.1232755521762e-09
37.825,942664501.48749,917405400.68164,905762561.84243,363526865.23503,339186894.99406,329785370.44915,0.083977448292488,0.038724986678459,-0.065754767911084,255982500.08732,257735726.01767,0.00035766430837241,0.000567375,0.00048978852557583,1.3559204598851,1.4079927238071e-12,6.4382017769649e-19,0.023946908766729,4.8177264343093,0.40741525169798,0.27327199169918,0.61684176204952,0.31832233837066,456.8596913279,-4.2780548870066,0.59844884231328,0.64945840350277,397.63270285165,0.62834863832506,-4.1385505675945,1.1232805284605e-09
37.875,942347806.79751,917267800.23187,905480721.54078,363210170.54504,339049294.54428,329503530.1475,0.083977448292488,0.038724986678459,-0.065754767911084,255982665.24219,257725753.91638,0.00035796017580621,0.000568125,0.00049032677297337,1.3563724768877,1.4079927238071e-12,6.4382017769649e-19,0.022625874873217,6.8073832921137,0.40786061886645,0.27356239817767,0.61732143941891,0.31867863840129,457.45600066902,-6.3302022814381,0.59691506550298,0.30829729566382,396.00867461224,0.80191954904675,-6.6015265561548,1.1232826839642e-09
37.925,942022005.30463,917113126.32448,905169265.58115,362884369.05216,338894620.6369,329192074.18787,0.083977448292488,0.038724986678459,-0.065754767911084,255982831.26055,257720603.96499,0.00035912801483889,0.000568875,0.00049063638394377,1.3568211571868,1.4079927238071e-12,6.4382017769649e-19,0.02320991533286,5.0574007223348,0.40829769126886,0.27384732619071,0.61783715992673,0.31903485880894,456.86521463884,-4.6577108313353,0.55818240320815,0.54904686758979,397.37747853193,1.1819357416388,-4.795114423279,1.1232912331479e-09
37.975,941718287.87461,916990910.56273,904873947.97598,362580651.62214,338772404.87515,328896756.58269,0.083977448292488,0.038724986678459,-0.065754767911084,255982993.73891,257710807.15464,0.00035944354027771,0.000569625,0.0004911036604215,1.3572753824522,1.4079927238071e-12,6.4382017769649e-19,0.022205421953511,2.2011258292799,0.40874128332968,0.27413593729737,0.61833143615025,0.31939076617556,457.2876481554,-6.7198094216994,0.76894502716754,0.3624214670672,395.59743878732,1.4700641420515,-6.4595932803443,1.1233052183331e-09
38.025,941408821.1297,916830925.26261,904570489.91505,362271184.87723,338612419.57503,328593298.52176,0.083977448292488,0.038724986678459,-0.065754767911084,255983149.93134,257703716.38562,0.00035966816984479,0.000570375,0.00049151002036613,1.3577172364674,1.4079927238071e-12,6.4382017769649e-19,0.022980952493536,2.4755191394527,0.40917160243174,0.27441727994833,0.61897646896161,0.31974642081192,456.68527600838,-1.9219956521665,0.55335221285349,0.67401054823238,399.48943599294,0.76847637941524,-1.6710661351469,1.1233120244967e-09
38.075,941089737.60997,916684905.6022,904262862.21313,361952101.3575,338466399.91462,328285670.81985,0.083977448292488,0.038724986678459,-0.065754767911084,255983306.73222,257682556.86221,0.00035998954269635,0.000571125,0.0004920050900145,1.3581686322758,1.4079927238071e-12,6.4382017769649e-19,0.022852066432327,3.7629936917895,0.40961782027473,0.27470859130089,0.61947324144741,0.32010345043413,456.90057206975,-4.3104294413977,0.3691265027371,0.53955113251215,397.86201303157,1.1090469543142,-4.3234865730671,1.1233166444713e-09
38.125,940765905.20876,916505354.35797,903903910.4222,361628268.9563,338286848.67039,327926719.02891,0.083977448292488,0.038724986678459,-0.065754767911084,255983477.81858,257663669.6892,0.00036006693833507,0.000571875,0.00049237090985483,1.3586219534677,1.4079927238071e-12,6.4382017769649e-19,0.022788655533909,3.3705802176544,0.41005696541311,0.27499523748442,0.61995711710999,0.32045876645059,457.40070020518,-3.9876159102053,-0.062077308634813,0.6848424129521,397.79304820976,1.4108060570712,-4.0022383938081,1.1233237249463e-09
38.175,940418231.88667,916347076.94446,903591483.73455,361280595.63421,338128571.25688,327614292.34127,0.083977448292488,0.038724986678459,-0.065754767911084,255983636.38652,257653749.49181,0.0003603014609238,0.000572625,0.00049274573880977,1.359071009631,1.4079927238071e-12,6.4382017769649e-19,0.023379386006797,10.420981528676,0.41049547415986,0.27527961585794,0.62048120261055,0.32081403719188,457.56653794078,-3.6776111854453,0.17012626455294,0.86080510569969,398.38044891999,1.4037212980117,-3.6253758999923,1.1233312237463e-09
38.2,940265208.26688,916285959.24927,903451994.02111,361127572.01442,338067453.56168,327474802.62782,0.083977448292488,0.038724986678459,-0.065754767911084,255983710.65364,257649703.59784,0.00036044038487893,0.000573,0.00049291683878588,1.3592981302203,1.4079927238071e-12,6.4382017769649e-19,0.02313734193619,4.6208233013462,0.41072208420324,0.27542698952124,0.62064085142483,0.32099271050972,457.02638167425,-6.6667896830932,0.16921850418749,0.50782944863783,396.13554200919,1.6151174802933,-6.9655940952117,1.1233340806457e-09
38.25,939940068.17908,916144999.02861,903131502.10257,360802431.92661,337926493.34102,327154310.70929,0.083977448292488,0.038724986678459,-0.065754767911084,255983868.18903,257634949.01287,0.00036063737604749,0.00057375,0.00049329584178334,1.3597557595662,1.4079927238071e-12,6.4382017769649e-19,0.022641298803208,4.1633315696007,0.41115476692873,0.27570921839944,0.62117899232998,0.321350193161,456.41484867686,-2.0912374391678,0.45693688171771,0.30775098686267,396.72713372343,1.216329047047,-2.5959713566961,1.1233415573499e-09
38.3,939607965.75728,915994585.39282,902849294.0535,360470329.50482,337776079.70523,326872102.66022,0.083977448292488,0.038724986678459,-0.065754767911084,255984030.80464,257618670.35677,0.0003609763971225,0.0005745,0.00049363814172827,1.3602000395491,1.4079927238071e-12,6.4382017769649e-19,0.023649022180531,5.9202365537793,0.41159741936221,0.27599763219758,0.62178219238813,0.32170497050822,456.61678836749,-4.9285474608664,0.1842891806713,0.33370783980835,396.67825651653,1.4940566205587,-4.9943185480826,1.1233496387719e-09
38.35,939267793.73161,915833662.49961,902556199.72536,360130157.47915,337615156.81203,326579008.33207,0.083977448292488,0.038724986678459,-0.065754767911084,255984224.52166,257547573.72671,0.0003611163627321,0.00057525,0.00049404607026358,1.3606533735221,1.4079927238071e-12,6.4382017769649e-19,0.022316301947213,4.3574384752896,0.41202907772784,0.27627843053129,0.62236889180056,0.32205953075749,456.47751810283,-0.82927871086006,0.82669101950568,0.45114396799612,398.34952330182,0.64317897000714,-0.47772465570262,1.1233569731313e-09
38.4,938895699.74131,915614979.95793,902252630.75888,359758063.48884,337396474.27034,326275439.36559,0.083977448292488,0.038724986678459,-0.065754767911084,255984383.97608,257526078.56323,0.00036176194809073,0.000576,0.00049446303243343,1.3611100014804,1.4079927238071e-12,6.4382017769649e-19,0.024269136481827,4.1063905885536,0.41247855657557,0.2765717753843,0.6230729716226,0.32241457144552,456.20795915673,-4.9139145033167,0.38811675741029,0.4996478054818,394.83990225465,1.8175484210176,-4.7447489330932,1.1233667125547e-09
38.45,938503115.89275,915416099.84226,901926052.15703,359365479.64029,337197594.15467,325948860.76374,0.083977448292488,0.038724986678459,-0.065754767911084,255984547.72148,257480150.93649,0.00036189617096136,0.00057675,0.00049478516932758,1.3615532480418,1.4079927238071e-12,6.4382017769649e-19,0.023703639172385,3.2068910272377,0.41291341503426,0.27685456433841,0.6236557031115,0.32276905071574,456.19710440872,-3.8093750597502,0.26867372487416,0.63896881387779,396.88246143553,1.3133804297986,-3.6861549381659,1.1233742976604e-09
38.5,938193711.11637,915281350.86776,901642505.41453,359056074.86391,337062845.18017,325665314.02124,0.083977448292488,0.038724986678459,-0.065754767911084,255984705.13271,257345757.68132,0.00036204679548282,0.0005775,0.00049512121718374,1.361993318394,1.4079927238071e-12,6.4382017769649e-19,0.022218264964836,3.3939433243636,0.41334434146033,0.27713521402415,0.62419068310371,0.32312297628709,456.29007981242,-0.62837543644495,0.61052181308754,1.0112560529637,400.39028733914,1.376144313248,-0.74748006729296,1.1233840288185e-09
38.55,937892899.75457,915156208.07052,901374667.30477,358755263.5021,336937702.38293,325397475.91149,0.083977448292488,0.038724986678459,-0.065754767911084,255984843.0839,257320051.78369,0.00036244681867367,0.00057825,0.0004957444195083,1.3624524070335,1.4079927238071e-12,6.4382017769649e-19,0.022005548313897,6.3034597521422,0.41379905609023,0.27743147098257,0.62553092057599,0.32347693561108,457.22344707442,-7.2188688796328,0.28937612440444,0.91014498454021,395.43592088185,1.6210294400829,-7.4314683084151,1.1233887655354e-09
38.6,937587825.53852,915029335.30245,901083174.73602,358450189.28605,336810829.61486,325105983.34274,0.083977448292488,0.038724986678459,-0.065754767911084,255984986.09418,257257855.94003,0.00036265969722499,0.000579,0.00049616888437304,1.3628986438717,1.4079927238071e-12,6.4382017769649e-19,0.022478337875162,4.0009767683196,0.4142375016967,0.27771709305127,0.6262670497404,0.32383084457375,457.0144279834,-7.2784545010847,0.43543291466341,0.74779119461754,396.13877807488,1.2381926038542,-7.7321077915313,1.1233983671503e-09
38.65,937308403.43832,914920500.596,900829195.65118,358170767.18586,336701994.90842,324852004.2579,0.083977448292488,0.038724986678459,-0.065754767911084,255985120.94464,257224186.10748,0.00036298777805702,0.00057975,0.00049652177170348,1.3633458803006,1.4079927238071e-12,6.4382017769649e-19,0.021469999155447,2.6816656579841,0.41467474188216,0.27800138203693,0.62675946504564,0.32418495214109,457.06393028767,-7.7683313510355,0.24795508262919,0.7623517707061,396.28761712286,1.6993813287378,-7.81643048188,1.1234046924887e-09
38.7,937023538.65959,914815763.74041,900570450.99425,357885902.40712,336597258.05282,324593259.60096,0.083977448292488,0.038724986678459,-0.065754767911084,255985254.5214,257214065.25685,0.0003631710607161,0.0005805,0.00049686657811188,1.3637865286551,1.4079927238071e-12,6.4382017769649e-19,0.021401902023408,1.4700857610071,0.41510631374559,0.27828314565469,0.62729038072058,0.32454053744744,456.70668532631,-4.8130296184342,0.4711444376182,0.58587148796095,399.21457016075,1.2977291733513,-4.8826994196023,1.1234099414828e-09
38.75,936749129.535,914714586.63316,900321601.96099,357611493.28254,336496080.94557,324344410.56771,0.083977448292488,0.038724986678459,-0.065754767911084,255985391.35199,257206429.8575,0.00036340104854475,0.00058125,0.00049720752755506,1.3642315884306,1.4079927238071e-12,6.4382017769649e-19,0.020980555916666,1.528939413083,0.41554272695064,0.27856731611151,0.62777247335315,0.32489541861149,457.31758274909,-4.345096259795,0.46771911169907,0.81384981035503,400.25942956458,1.0970995308263,-4.3865997345559,1.1234199799436e-09
38.8,936466405.22993,914609624.69181,900067601.25423,357328768.97746,336391119.00423,324090409.86095,0.083977448292488,0.038724986678459,-0.065754767911084,255985527.5812,257178892.96387,0.00036365367268464,0.000582,0.00049757510656008,1.364679827529,1.4079927238071e-12,6.4382017769649e-19,0.021424069452466,1.5554334384707,0.41598485414409,0.2788555599278,0.62821517367124,0.32525102787849,457.67224064499,-6.4168152617928,0.33102226474923,0.5916849129461,399.15243950916,1.2742441258685,-6.6634814989852,1.1234261815336e-09
38.85,936186750.49132,914511087.82224,899815437.11049,357049114.23886,336292582.13465,323838245.7172,0.083977448292488,0.038724986678459,-0.065754767911084,255985665.39756,257154043.12114,0.0003642167457439,0.00058275,0.00049825764379179,1.3651364514727,1.4079927238071e-12,6.4382017769649e-19,0.021237197811479,1.0956700109352,0.41642361452353,0.2791414461696,0.62957493745947,0.32560380162605,457.39136195647,-6.9922946958257,0.61202723666578,0.71653470870139,397.51102610133,1.1610260564296,-6.8269422659771,1.1234345820809e-09
38.9,935882664.01167,914373156.06098,899534921.71834,356745027.75921,336154650.3734,323557730.32505,0.083977448292488,0.038724986678459,-0.065754767911084,255985798.96601,257137485.02695,0.00036444253607531,0.0005835,0.00049858043644058,1.3655850619901,1.4079927238071e-12,6.4382017769649e-19,0.022349977462083,2.6553971099264,0.41686015605734,0.27942524398636,0.63013673487129,0.32595795206276,457.23659698628,-7.1627489938697,0.59568244561315,0.76377698708445,397.51629074516,1.275666944606,-6.9467733100453,1.1234439259595e-09
38.95,935594414.54168,914240902.9843,899245483.72618,356456778.28922,336022397.29671,323268292.33289,0.083977448292488,0.038724986678459,-0.065754767911084,255985935.57409,257129396.74138,0.00036473423106673,0.00058425,0.00049889829127938,1.3660297982629,1.4079927238071e-12,6.4382017769649e-19,0.021777290452186,2.7650872386349,0.41729095665838,0.27970592981268,0.63060379059556,0.32631268007339,456.789559818,-3.9231496525377,0.47137502842325,0.7327619980146,399.70059454747,1.6240833701402,-3.9763895669196,1.1234538573949e-09
39,935304224.76624,914135088.53466,898986207.54602,356166588.51377,335916582.84707,323009016.15273,0.083977448292488,0.038724986678459,-0.065754767911084,255986066.96014,257114736.8672,0.00036509529034654,0.000585,0.00049928992703936,1.3664846846495,1.4079927238071e-12,6.4382017769649e-19,0.021709485878378,3.5038651296092,0.41773176543561,0.27999242445012,0.63108149110833,0.32666548185066,457.22692902803,-5.7760544093206,0.11357229622438,1.0121959626054,398.02812346922,1.8356884971525,-5.5799940888323,1.1234643766656e-09
39.05,934991753.83732,914017208.32257,898705276.24929,355854117.58486,335798702.63498,322728084.856,0.083977448292488,0.038724986678459,-0.065754767911084,255986191.7015,257107762.43963,0.00036552291364784,0.00058575,0.00049958656072984,1.3669355031991,1.4079927238071e-12,6.4382017769649e-19,0.022480997338921,3.5722061968214,0.41816782746062,0.28027759878158,0.63157522052795,0.32701993203984,456.37045837915,-4.3496446332812,0.29972438277411,0.68238315773928,398.06348513124,1.9061207416531,-4.9863856966569,1.1234685977385e-09
39.1,934684380.29765,913887915.92597,898434031.06587,355546744.04519,335669410.23839,322456839.67259,0.083977448292488,0.038724986678459,-0.065754767911084,255986317.02025,257099939.49973,0.00036590893282495,0.0005865,0.00050004635788709,1.3673845570412,1.4079927238071e-12,6.4382017769649e-19,0.022179606390547,2.6293440922615,0.41860821211361,0.28056385409657,0.632244733122,0.32737150988813,457.24688189434,-7.0524783300514,0.075141876908898,1.0961228304727,397.28363942247,1.7642353644989,-7.266491777633,1.123480317268e-09
39.15,934390444.22833,913778256.26337,898175845.48026,355252807.97586,335559750.57578,322198654.08697,0.083977448292488,0.038724986678459,-0.065754767911084,255986436.58907,257085518.2868,0.00036628712503724,0.00058725,0.0005003316743808,1.3678358529999,1.4079927238071e-12,6.4382017769649e-19,0.021921821078809,2.7953817376193,0.41902993538517,0.28083974263444,0.63282988615101,0.32772477082992,455.88943854012,0.63869684754034,0.019365841591702,0.69446841740763,400.93787271183,1.3097260926655,0.44773558302504,1.123486228616e-09
39.2,934061263.18371,913641673.86166,897890376.81949,354923626.93125,335423168.17407,321913185.4262,0.083977448292488,0.038724986678459,-0.065754767911084,255986609.45845,257032377.72975,0.00036658142217467,0.000588,0.00050082907703215,1.3682845257877,1.4079927238071e-12,6.4382017769649e-19,0.023346578233081,5.781070177513,0.41947068498981,0.28112555377198,0.63329656394219,0.32807754789438,455.8954128257,-2.2435086554191,0.5536731574895,0.72349418188842,399.20987498469,1.2397802069658,-2.8983476403402,1.1234956520583e-09
39.225,933910005.04093,913575492.99568,897758451.42737,354772368.78847,335356987.30809,321781260.03409,0.083977448292488,0.038724986678459,-0.065754767911084,255986672.97115,257032005.12127,0.0003667742771929,0.000588375,0.00050103250538778,1.3685150013041,1.4079927238071e-12,6.4382017769649e-19,0.022672389769839,6.4705316165832,0.41969947128218,0.28127456291456,0.6334570618595,0.32825409533593,456.22613468711,-7.1031515277573,0.20136297791198,0.70818452036593,395.81036650057,1.7774659083689,-7.3918204294879,1.1234979212229e-09
39.275,933597174.4167,913444254.29724,897455867.03637,354459538.16423,335225748.60965,321478675.64309,0.083977448292488,0.038724986678459,-0.065754767911084,255986804.77498,257013288.4092,0.00036698374637245,0.000589125,0.00050126253599785,1.3689661536523,1.4079927238071e-12,6.4382017769649e-19,0.022761445190823,3.4345024962972,0.42012953518819,0.28155494118612,0.63389865572642,0.3286075146657,456.0615891784,-4.2223055021164,0.31184467777146,0.60832987446322,396.89446206094,1.3450219998487,-4.8183055226871,1.1235037246758e-09
39.325,933252807.38508,913302769.04729,897169220.20378,354115171.13262,335084263.3597,321192028.8105,0.083977448292488,0.038724986678459,-0.065754767911084,255986928.21977,257007552.56902,0.00036718318923248,0.000589875,0.00050187437683177,1.3694137819959,1.4079927238071e-12,6.4382017769649e-19,0.02290343992277,5.1961302131308,0.42056615766629,0.28183908031227,0.63432644290876,0.32896045989374,456.01724380067,-4.5884831509387,0.39767006485328,0.58180024533104,396.95626239658,1.4788706601599,-5.0627461288282,1.1235112360225e-09
39.375,932937666.68912,913181151.13152,896884425.71423,353800030.43665,334962645.44394,320907234.32094,0.083977448292488,0.038724986678459,-0.065754767911084,255987049.14439,256986088.9189,0.0003674616789719,0.00059211428407487,0.00050229154901367,1.3698618715113,1.4079927238071e-12,6.4382017769649e-19,0.022354922442045,3.184881655351,0.42101056821969,0.28212819102894,0.63511818287528,0.32931240628205,456.69225672378,-6.6400643212334,0.37833541599942,0.62701159286304,396.54410499418,1.1857604248124,-6.5256109593655,1.1235197959307e-09
39.425,932634785.36471,913066909.86177,896612842.46203,353497149.11224,334848404.17419,320635651.06875,0.083977448292488,0.038724986678459,-0.065754767911084,255987177.34095,256963877.31126,0.0003676871598876,0.000591375,0.00050254584397192,1.3703126478158,1.4079927238071e-12,6.4382017769649e-19,0.023002009147558,19.511374381085,0.42144313120596,0.28240985994087,0.63578637333407,0.32966493403609,455.81875275224,-6.7193671525745,0.27492606974019,0.21256856549715,395.67121489599,1.8369518738699,-6.405775336854,1.1235285191066e-09
39.475,932305649.29565,912909822.99698,896315846.00312,353168013.04319,334691317.3094,320338654.60984,0.083977448292488,0.038724986678459,-0.065754767911084,255987316.32052,256928680.39591,0.00036803866519702,0.000592125,0.00050302836160641,1.3707600174166,1.4079927238071e-12,6.4382017769649e-19,0.022985110931167,8.8520027423833,0.42187803500444,0.2826932821665,0.63640317781656,0.33001738610302,456.13041270357,-7.5660322084981,0.26323544120873,0.52364141724696,395.43189580377,1.6664109943835,-7.729295608133,1.1235338986068e-09
39.525,932008900.82277,912789695.64228,896027810.14726,352871264.57031,334571189.9547,320050618.75397,0.083977448292488,0.038724986678459,-0.065754767911084,255987436.80042,256925084.65455,0.00036853596966032,0.000592875,0.00050345959216367,1.3712054467912,1.4079927238071e-12,6.4382017769649e-19,0.021989377036554,3.8766340339383,0.42231150299098,0.28297481350702,0.63699587231658,0.33036826734932,456.70724548594,-7.794441469738,0.27164214420531,0.90995967280817,396.1463479615,1.2642169016298,-7.9056460845752,1.1235380761466e-09
39.575,931714970.34783,912689377.10418,895775480.81574,352577334.09537,334470871.41659,319798289.42246,0.083977448292488,0.038724986678459,-0.065754767911084,255987564.95856,256896389.62109,0.00036867697113341,0.000593625,0.0005038087402887,1.3716470361488,1.4079927238071e-12,6.4382017769649e-19,0.021657523956481,3.3421854018173,0.42274298784106,0.28325576828733,0.63751027596509,0.33072085137554,456.6344299637,-6.866815356738,0.43606994303635,0.7147119593112,397.74478855224,1.4650886813831,-7.1756237626435,1.1235437828743e-09
39.625,931442801.24915,912596759.45086,895532873.70554,352305164.99669,334378253.76328,319555682.31226,0.083977448292488,0.038724986678459,-0.065754767911084,255987678.11376,256895265.80113,0.00036869860631247,0.000594375,0.00050398406732552,1.372062325994,1.4079927238071e-12,6.4382017769649e-19,0.021094224449033,2.1573517287538,0.42311198872041,0.28349466856964,0.63856667287444,0.33107023949062,453.59021828397,16.978525322508,0.16697219409271,0.61769194241772,417.05512217923,0.96408883442077,17.816079876864,1.1235707080402e-09
39.675,931165893.26129,912496217.30298,895306012.72855,352028257.00882,334277711.6154,319328821.33527,0.083977448292488,0.038724986678459,-0.065754767911084,255987768.31118,256890900.60247,0.00036934743323572,0.000595125,0.00050453821306326,1.3725463243832,1.4079927238071e-12,6.4382017769649e-19,0.020914580913554,3.5241396103394,0.42359995160242,0.28381183110303,0.63895740387612,0.33142160856761,456.19655106472,-2.2661618524557,-0.019082722903131,1.1006634505987,400.49709861072,1.0091796388753,-2.7296741464575,1.1235713611375e-09
39.725,930848375.80173,912384522.50605,895023222.53126,351710739.54926,334166016.81846,319046031.13797,0.083977448292488,0.038724986678459,-0.065754767911084,255987886.94569,256882459.77779,0.00036965677666125,0.000595875,0.00050487352312633,1.372997627568,1.4079927238071e-12,6.4382017769649e-19,0.023717455392728,5.4269528977756,0.42404214261013,0.28409959182354,0.63939191508433,0.33177369555876,456.41393009837,-5.9652833804805,0.23625700206178,0.80862746626806,397.95964028799,1.3070940283202,-6.3464791038709,1.1235746624346e-09
39.775,930565738.15873,912278845.18667,894757051.03836,351428101.90626,334060339.49909,318779859.64508,0.083977448292488,0.038724986678459,-0.065754767911084,255988001.19969,256872846.80733,0.00036986069768412,0.000596625,0.00050469509081905,1.3734523321394,1.4079927238071e-12,6.4382017769649e-19,0.021682238193132,3.8042563496022,0.42447186220115,0.28437984076727,0.63984118099763,0.33212697148759,455.88406300283,-3.5992806523995,-0.011618423019584,0.37824488361401,397.93986795313,1.6010902495271,-3.8382075617001,1.1235814483208e-09
39.825,930244007.50195,912159221.00563,894482128.80376,351106371.24949,333940715.31804,318504937.41048,0.083977448292488,0.038724986678459,-0.065754767911084,255988115.51506,256867394.26441,0.00037032910288092,0.000597375,0.00050509425262314,1.3739031906734,1.4079927238071e-12,6.4382017769649e-19,0.022665716042157,3.4780162975839,0.42491249613711,0.28466799892184,0.64030035547295,0.33247871855021,455.6484220224,-5.5462669998597,-0.098536373124898,0.48452250554204,396.33797296655,1.2217445470121,-5.6751838372388,1.1235874758017e-09
39.875,929902012.47762,912026730.25455,894198599.57625,350764376.22515,333808224.56696,318221408.18296,0.083977448292488,0.038724986678459,-0.065754767911084,255988230.50562,256853291.17861,0.00037047579964642,0.000598125,0.00050541862779213,1.3743667656269,1.4079927238071e-12,6.4382017769649e-19,0.022461201970483,4.7603130532026,0.42534602616215,0.28494988440614,0.64077842532184,0.33283054815986,455.82891479486,-5.1757020925156,0.063900944781434,0.5736451481852,393.96068307791,1.0566741321193,-4.8510837346175,1.1235937597185e-09
39.9,929741265.24894,911960416.23245,894046150.42875,350603628.99647,333741910.54487,318068959.03546,0.083977448292488,0.038724986678459,-0.065754767911084,255988288.1647,256849320.01018,0.00037075081408257,0.0005985,0.00050553646152335,1.374590478414,1.4079927238071e-12,6.4382017769649e-19,0.024678742826055,4.0188845599493,0.4255630147231,0.28509046645831,0.64103556581994,0.33300560855713,453.59624862629,-5.5864393656859,-0.052860628732224,0.34350165309429,393.55209598711,1.1208370051106,-5.5179231175508,1.1235972671318e-09
39.95,929344251.47253,911792623.05175,893667335.48817,350206615.22007,333574117.36416,317690144.09489,0.083977448292488,0.038724986678459,-0.065754767911084,255988400.21375,256839588.27028,0.00037137727216961,0.00059925,0.0005059884371093,1.3750320398977,1.4079927238071e-12,6.4382017769649e-19,0.023717934306886,5.4785587594241,0.42599750775175,0.28537205305919,0.64155784642814,0.33335520709105,455.03590411053,-6.8118038650845,0.21416136287337,0.32940315921272,394.15530462304,1.1698034463278,-6.8902017176139,1.1236001522491e-09
40,929069947.84112,911675416.1619,893414525.66272,349932311.58866,333456910.47432,317437334.26944,0.083977448292488,0.038724986678459,-0.065754767911084,255988505.9208,256829586.53217,0.00037176626561452,0.0006,0.00050631783969388,1.3754819177854,1.4079927238071e-12,6.4382017769649e-19,0.022082319255683,4.4632270331437,0.42643204783862,0.28565413545249,0.64208963917349,0.33370512257735,455.71812373969,-8.1248576073236,-0.053325040525517,0.64578399623136,393.47739034542,1.437368694903,-8.2173347086993,1.1236043842979e-09
40.05,928774161.46839,911517524.96658,893150129.17894,349636525.21592,333299019.27899,317172937.78566,0.083977448292488,0.038724986678459,-0.065754767911084,255988620.60157,256774030.18373,0.00037227517652476,0.00060075,0.00050661790404929,1.3759285804194,1.4079927238071e-12,6.4382017769649e-19,0.022885520929665,4.6417695245135,0.42685776119572,0.2859322793725,0.64261119720045,0.33405603259366,454.32808009775,-4.9159497127917,-0.012952815350423,0.33737728557559,395.28992553783,1.0820597721234,-4.9352339421294,1.1236109052801e-09
40.1,928473767.56601,911399021.33411,892879192.8573,349336131.31355,333180515.64653,316902001.46401,0.083977448292488,0.038724986678459,-0.065754767911084,255988737.48598,256731431.98577,0.0003719581293801,0.0006015,0.00050687446053446,1.3763746180222,1.4079927238071e-12,6.4382017769649e-19,0.022182487534939,3.9407733159971,0.42728939140857,0.28621187516858,0.64323321568287,0.3344055314408,455.90770353463,-5.9924417504109,-0.61968632587986,0.58726325454398,395.35240128854,1.6653716602592,-5.8023270142687,1.1236205652151e-09
40.125,928316561.96704,911337047.13999,892747109.05909,349178925.71458,333118541.4524,316769917.66581,0.083977448292488,0.038724986678459,-0.065754767911084,255988787.96955,256725161.10437,0.00037224674202922,0.000601875,0.00050708759085071,1.3765924977936,1.4079927238071e-12,6.4382017769649e-19,0.023582399319768,7.8791785367744,0.42749400906084,0.28634411908608,0.64356787884724,0.33457986572454,454.44913525283,-1.5400240312414,-0.23614938747943,0.9011430570465,398.64651811968,1.3504670513521,-1.7727458689198,1.1236240357055e-09
40.175,928014721.31366,911198697.34209,892464432.64835,348877085.0612,332980191.65451,316487241.25506,0.083977448292488,0.038724986678459,-0.065754767911084,255988886.97624,256707295.44004,0.0003727601802652,0.000602625,0.00050747177530763,1.3770414389388,1.4079927238071e-12,6.4382017769649e-19,0.02230348563491,8.0657100994496,0.42793971758658,0.28663340276029,0.64410882143418,0.33492918803447,455.92680362778,-8.0123060753392,-0.23598871553257,0.77489829564706,395.31733122095,1.180543208163,-7.9789968890015,1.1236310024583e-09
40.225,927734945.72926,911097901.0253,892215270.04477,348597309.4768,332879395.33772,316238078.65148,0.083977448292488,0.038724986678459,-0.065754767911084,255988988.10369,256670261.66565,0.00037307344611395,0.000603375,0.00050791967247296,1.3774868128809,1.4079927238071e-12,6.4382017769649e-19,0.021668048293981,1.9361376212359,0.42836776018126,0.28691034837291,0.64488156400791,0.33527721619482,456.10724933401,-6.5763178340533,-0.24789255453397,1.249800269167,396.82166792316,1.4351693993324,-7.0672491669653,1.1236406032803e-09
40.275,927454850.60414,911004190.26049,891963319.28467,348317214.35168,332785684.57291,315986127.89138,0.083977448292488,0.038724986678459,-0.065754767911084,255989082.52139,256669655.62709,0.00037329139293334,0.000604125,0.00050816990147882,1.3779357535649,1.4079927238071e-12,6.4382017769649e-19,0.021331037723293,1.5379800524332,0.42880134861495,0.28719327467764,0.6452304860146,0.33562943728429,455.24143781706,-6.7602788836743,0.3247258527059,0.29402509113737,396.08662978197,1.556021930232,-6.9090654034358,1.1236467056844e-09
40.325,927185499.55039,910905509.85312,891712320.27779,348047863.29792,332687004.16554,315735128.8845,0.083977448292488,0.038724986678459,-0.065754767911084,255989183.34273,256667522.12222,0.00037327666049987,0.000604875,0.00050855926821904,1.3783717020194,1.4079927238071e-12,6.4382017769649e-19,0.021542473378345,2.4003773916988,0.42921429014976,0.28746177170299,0.6459638609422,0.33597920379604,454.95301774623,0.81179089111744,0.34697341039796,0.9289608428277,402.2940023301,1.4263722674267,0.3145672546088,1.1236599833822e-09
40.375,926916657.63762,910807108.86159,891471220.68463,347779021.38516,332588603.17401,315494029.29134,0.083977448292488,0.038724986678459,-0.065754767911084,255989275.82766,256666494.53247,0.00037372505703427,0.000605625,0.00050891790020007,1.3788402486246,1.4079927238071e-12,6.4382017769649e-19,0.021827895290143,8.0713798162222,0.42966259147883,0.28775458331994,0.64634508289695,0.33632976893432,455.64262099364,-5.9541993887586,0.050268158089916,0.38614291360409,395.64657833285,1.5347109674817,-5.2898998235717,1.123665682126e-09
40.425,926578763.48129,910668281.7571,891159131.71674,347441127.22882,332449776.06951,315181940.32345,0.083977448292488,0.038724986678459,-0.065754767911084,255989388.35891,256040988.21355,0.00037405278283054,0.000606375,0.00050966019144453,1.3792921879246,1.4079927238071e-12,6.4382017769649e-19,0.023953239157767,5.0055148328686,0.43009727303085,0.28803735530855,0.64721436175305,0.33667910247303,454.64062117203,-6.5931909484355,0.15803212134412,0.1472301979965,394.73476229621,1.8225109191551,-6.1147873690313,1.1236728920352e-09
40.475,926263902.73711,910530794.63301,890882953.34821,347126266.48465,332312288.94542,314905761.95493,0.083977448292488,0.038724986678459,-0.065754767911084,255989487.05191,256040782.15573,0.00037518288346446,0.000607125,0.00050993077590993,1.3797416785404,1.4079927238071e-12,6.4382017769649e-19,0.022710023865841,7.513436240364,0.43052882256748,0.28831794892702,0.64769638834283,0.33702746294661,455.05230376225,-7.116688358587,0.21965733775628,0.4513586307623,393.98626742739,1.7467145432241,-7.1736729512164,1.1236792678034e-09
40.525,925981001.64575,910425040.40017,890634885.94898,346843365.39329,332206534.71259,314657694.5557,0.083977448292488,0.038724986678459,-0.065754767911084,255989577.97443,256040719.01287,0.00037753397710547,0.000607875,0.00051027088689567,1.3801893581711,1.4079927238071e-12,6.4382017769649e-19,0.022724457137796,5.5803649009312,0.43094544450552,0.28858920404085,0.64805888594813,0.3373766243102,453.53483818247,0.34833504693624,-0.039253227403996,0.75116725944977,397.6942945286,1.5675966721598,0.25457787615877,1.1236866004079e-09
40.575,925675425.45402,910250495.47454,890349079.15672,346537789.20156,332031989.78695,314371887.76343,0.083977448292488,0.038724986678459,-0.065754767911084,255989671.45864,256040581.61614,0.00037743055848878,0.000608625,0.00051072086858472,1.3806273822123,1.4079927238071e-12,6.4382017769649e-19,0.024186155671447,26.050900593178,0.43138152238179,0.28887100631185,0.64884959644203,0.33772283458455,454.60529001143,-4.2644830330824,-0.093861461474869,0.87225716910046,397.5634535255,1.5853297627612,-4.3685165969249,1.1236970878886e-09
40.625,925396251.14482,910147651.87816,890099257.1417,346258614.89236,331929146.19058,314122065.74842,0.083977448292488,0.038724986678459,-0.065754767911084,255989758.5179,256040564.98962,0.0003773087107515,0.000609375,0.00051113852831746,1.3810749573684,1.4079927238071e-12,6.4382017769649e-19,0.021711666720269,8.9725951634908,0.43181400302354,0.28915078441812,0.64951129369714,0.33807045193209,455.78378598358,-6.4088815475887,-0.16658129769023,1.1067847843041,396.94367531545,1.6691664740735,-6.4199371563211,1.1237111490361e-09
40.675,925100787.6273,910037423.57691,889849248.26256,345963151.37483,331818917.88933,313872056.86928,0.083977448292488,0.038724986678459,-0.065754767911084,255989847.21172,256040532.69167,0.00037781089355289,0.000610125,0.00051108443253419,1.3815375473914,1.4079927238071e-12,6.4382017769649e-19,0.021677968005218,1.6688220182048,0.43224189484125,0.2894311203689,0.64994911143994,0.33841940579315,454.85057541787,-2.4107750974836,0.49816236566982,0.35258387624255,396.96994685393,1.5811357418644,-2.420574911994,1.1237169734283e-09
40.725,924703280.85596,909898394.01768,889568656.08699,345565644.6035,331679888.3301,313591464.69371,0.083977448292488,0.038724986678459,-0.065754767911084,255989935.99745,256040421.19164,0.00037787542025079,0.000610875,0.00051165430687894,1.3819817848005,1.4079927238071e-12,6.4382017769649e-19,0.024244864729451,6.6569836656204,0.43267162411163,0.28970920751513,0.65058466752472,0.33876655851815,454.81041181385,-3.5405711741331,0.49812601847471,0.35921450490334,397.33204104056,1.522923550727,-3.8593156777728,1.1237297756332e-09
40.775,924397434.24701,909785706.78972,889301458.92612,345259797.99455,331567201.10213,313324267.53283,0.083977448292488,0.038724986678459,-0.065754767911084,255990024.29387,256040235.1735,0.00037831419697935,0.000611625,0.00051294804507609,1.3824291146964,1.4079927238071e-12,6.4382017769649e-19,0.022449074965611,3.480590583271,0.43309622087142,0.28998540875983,0.65074933447632,0.33911403117723,453.95442286235,-2.1381812035669,0.34623856905807,0.64298945552069,397.54229570631,1.6802971774081,-2.1856852073237,1.1237365732383e-09
40.8,924265842.80483,909730442.41263,889173296.1569,345128206.55237,331511936.72504,313196104.76362,0.083977448292488,0.038724986678459,-0.065754767911084,255990067.39836,256040158.90579,0.00037840536898911,0.000612,0.00051287213467335,1.3826521423265,1.4079927238071e-12,6.4382017769649e-19,0.022859476759587,5.096323412563,0.43330130480931,0.29011794751847,0.65126261445237,0.33928676824497,453.58980603914,2.517305995016,0.24121530401004,1.0422872986949,400.84061294183,1.3856053480864,2.2479750105436,1.1237438598974e-09
40.825,924111765.87966,909662234.55905,889036033.78392,344974129.6272,331443728.87147,313058842.39064,0.083977448292488,0.038724986678459,-0.065754767911084,255990109.96631,256040085.3392,0.00037849266502726,0.000612375,0.00051298896875936,1.3828904160766,1.4079927238071e-12,6.4382017769649e-19,0.023940682232278,7.4009453105859,0.43353368036736,0.29026845444545,0.6515999363217,0.33946111128799,453.73376248209,-5.5003382887781,0.35405493773829,0.41376196716872,394.04755327027,1.7268345720199,-5.1015240881678,1.123745784476e-09
40.875,923795128.61592,909525942.20379,888704678.74045,344657492.36346,331307436.5162,312727487.34717,0.083977448292488,0.038724986678459,-0.065754767911084,255990200.74927,256039922.89915,0.00037882057069469,0.000613125,0.00051331050189308,1.3833344464888,1.4079927238071e-12,6.4382017769649e-19,0.025336371710982,22.251986442279,0.43395648296055,0.29054232558456,0.65225572299913,0.33980740236921,453.69137998693,-2.659014891792,0.6346616885752,0.77068383480718,396.30251000345,1.994022601889,-2.8051965135359,1.1237565574303e-09
40.9,923666971.2197,909467852.97371,888566425.87866,344529334.96724,331249347.28612,312589234.48537,0.083977448292488,0.038724986678459,-0.065754767911084,255990242.20855,256039692.27385,0.00037905185804606,0.0006135,0.00051350807409811,1.3835665287597,1.4079927238071e-12,6.4382017769649e-19,0.02293609285711,9.8203723867706,0.43417657388461,0.29068566844657,0.65242746834191,0.33998078753385,452.57212393869,-5.6251996545101,0.51491440063219,0.35423899253796,393.35302308799,1.7239536988636,-5.1052950354119,1.1237594112308e-09
40.95,923343628.67254,909241807.40604,888221699.14133,344205992.42008,331023301.71846,312244507.74805,0.083977448292488,0.038724986678459,-0.065754767911084,255990346.73144,276817057.93169,0.00037932807454231,0.00061425,0.00051391371103125,1.3840004271993,1.4079927238071e-12,6.4382017769649e-19,0.023869500565605,13.591820513994,0.43459859431507,0.29095999601146,0.65321134489098,0.34032636774631,453.84781168548,-3.6687681882153,0.37019497422959,0.731749811846,396.95561060818,1.5259368661521,-3.7618017622851,1.1237710009059e-09
41,923078427.22365,909151977.9879,887984327.04899,343940790.97119,330933472.30032,312007135.65571,0.083977448292488,0.038724986678459,-0.065754767911084,255990415.09538,258474266.89959,0.00037946479389806,0.000615,0.00051420745786701,1.3844415887179,1.4079927238071e-12,6.4382017769649e-19,0.021247469638845,2.9917479395454,0.43502358973826,0.29123632991043,0.65373456338912,0.34067376861123,454.48606550097,-1.919904650218,0.58276425758133,0.40434199558964,399.13475876829,1.4625307308237,-2.0196225386881,1.1237784262401e-09
41.05,922816215.72157,909058102.11897,887744258.26298,343678579.4691,330839596.43139,311767066.8697,0.083977448292488,0.038724986678459,-0.065754767911084,255990497.9647,258329508.50863,0.00037969718299577,0.00061575,0.00051453761034045,1.3848997081069,1.4079927238071e-12,6.4382017769649e-19,0.021875823928505,5.4137959127009,0.43545538878903,0.29151624328512,0.65424989170807,0.34102124417957,453.88332970928,-3.077483114849,0.34168566407545,0.35687558729797,396.32797709337,1.0016675693961,-3.2924400330739,1.123783617784e-09
41.1,922524090.01398,908913374.32827,887472605.14077,343386453.76152,330694868.64069,311495413.74749,0.083977448292488,0.038724986678459,-0.065754767911084,255990578.69455,257158760.29225,0.00038008120712744,0.0006165,0.0005149644192107,1.3853452704146,1.4079927238071e-12,6.4382017769649e-19,0.023336032287772,3.9643928095978,0.43588948547751,0.29179876740588,0.65492324419535,0.34136754547033,454.21135388492,-5.35395589467,0.52544140939371,0.81860448341488,395.78948751567,1.3021437444704,-5.6059069950009,1.1239064692441e-09
41.15,922249879.59587,908790654.42356,887230241.11959,343112243.34341,330572148.73598,311253049.72631,0.083977448292488,0.038724986678459,-0.065754767911084,255990660.66356,256998305.7616,0.00038027306898731,0.00061725,0.00051520045067964,1.3857955640272,1.4079927238071e-12,6.4382017769649e-19,0.021854296149606,2.3151781655879,0.43631527191784,0.29207413078645,0.65556296652936,0.34171450571034,454.69599382379,-5.1855635836093,0.58151099940316,0.6606988629234,395.80946401099,1.2246485430585,-5.6261965947962,1.1239067723465e-09
41.2,921951470.00464,908687766.14335,886987673.43416,342813833.75218,330469260.45576,311010482.04088,0.083977448292488,0.038724986678459,-0.065754767911084,255990740.12469,256954196.63152,0.00038046247871649,0.000618,0.00051560098017494,1.3862467173058,1.4079927238071e-12,6.4382017769649e-19,0.022189857008021,2.5677022333443,0.43675036527188,0.29235680674374,0.65611448484447,0.34206109928585,454.87177666322,-8.473340503708,0.47797220049575,0.54330661658302,393.53925353459,1.5756419719383,-8.9774661334079,1.1239072893031e-09
41.25,921675548.73219,908590523.74022,886739329.69071,342537912.47973,330372018.05264,310762138.29743,0.083977448292488,0.038724986678459,-0.065754767911084,255990820.27875,256864138.05982,0.00038071288749903,0.00061875,0.00051587069217705,1.3866826752638,1.4079927238071e-12,6.4382017769649e-19,0.0222029232292,3.7240860264638,0.43716107669189,0.29262313027121,0.65684729239881,0.34240695716049,453.92612880182,-2.5614900640352,0.45822120575737,0.46471835749842,398.72872579062,1.4086198087598,-2.4812160365466,1.1239077284799e-09
41.3,921421464.951,908493332.31407,886488442.78225,342283828.69853,330274826.62649,310511251.38897,0.083977448292488,0.038724986678459,-0.065754767911084,255990897.26553,256802999.45066,0.00038114457847989,0.0006195,0.00051617977535137,1.3871298166675,1.4079927238071e-12,6.4382017769649e-19,0.021513269581227,2.847341412251,0.43759904531924,0.29290801186406,0.6572595741302,0.34275364681038,454.94237787379,-6.6838450955433,0.50980251963173,0.66815071209707,396.54509385622,1.6032655204703,-6.9907058758056,1.1239085768353e-09
41.35,921162725.21208,908406051.70227,886239649.88913,342025088.95961,330187546.01469,310262458.49584,0.083977448292488,0.038724986678459,-0.065754767911084,255990977.38706,256795869.93067,0.00038128543558714,0.00062025,0.00051652389429996,1.3875801502004,1.4079927238071e-12,6.4382017769649e-19,0.02134451036354,2.0626538229895,0.43802598840804,0.29318440658586,0.65795094873616,0.34309877028192,455.14180419517,-6.5667761876614,0.41980812409525,0.78981149833824,396.50255519364,1.5921305795738,-6.9012542808102,1.1239107717389e-09
41.375,921038178.50343,908362992.34775,886121167.49716,341900542.25097,330144486.66016,310143976.10387,0.083977448292488,0.038724986678459,-0.065754767911084,255991015.89137,256790770.44875,0.00038130613848236,0.000620625,0.0005167362692932,1.3878086542262,1.4079927238071e-12,6.4382017769649e-19,0.021461163597218,1.8497236655734,0.4382406782709,0.29332452254568,0.65813535314118,0.34327319536567,454.2871792331,-6.9153159930946,0.30186652486578,0.40555246834424,395.28160183473,1.3930144430442,-7.0543347319979,1.1239112748681e-09
41.425,920765293.62289,908266942.13299,885855328.14777,341627657.37043,330048436.4454,309878136.75448,0.083977448292488,0.038724986678459,-0.065754767911084,255991094.9138,256773600.04293,0.00038246568747389,0.000621375,0.0005170149249522,1.3882567723409,1.4079927238071e-12,6.4382017769649e-19,0.022639774975541,6.5739244021592,0.43866247354671,0.29359944190289,0.65862169244401,0.34362033698154,454.10630731804,-3.3970720993364,0.74384515467014,0.29515622789639,397.38191598908,1.0929552929696,-3.5189434237705,1.1239137021185e-09
41.475,920487420.58089,908160297.81981,885607437.73868,341349784.32843,329941792.13223,309630246.3454,0.083977448292488,0.038724986678459,-0.065754767911084,255991173.03125,256726842.90591,0.00038577641957468,0.000622125,0.00051740636155561,1.388703119784,1.4079927238071e-12,6.4382017769649e-19,0.022375944599014,4.366022219957,0.43909069384127,0.2938772877572,0.65926857380867,0.34396573744745,454.17312158138,-3.7635299869708,0.52788703742605,0.53419939964115,397.24780525762,1.6379246737966,-3.8890756038569,1.1239171741676e-09
41.525,920217113.3501,908029657.52782,885322270.8986,341079477.09764,329811151.84024,309345079.50531,0.083977448292488,0.038724986678459,-0.065754767911084,255991249.31657,256726842.00163,0.00038524647365763,0.000622875,0.00051781848472107,1.3891547567251,1.4079927238071e-12,6.4382017769649e-19,0.022749939516268,6.046184715992,0.439525368328,0.29415907538317,0.65969396009042,0.3443116495676,454.59167533067,-7.3809131071989,0.39850566275568,0.39011923833612,394.59920353571,1.7314633501985,-7.5824808297448,1.1239173357435e-09
41.575,919948166.51497,907934886.19148,885073899.63408,340810530.26251,329716380.5039,309096708.2408,0.083977448292488,0.038724986678459,-0.065754767911084,255991325.88606,256726628.5575,0.00038520959075221,0.000623625,0.00051816871071296,1.3895962664121,1.4079927238071e-12,6.4382017769649e-19,0.022222548380357,3.3761214460475,0.43994467885772,0.29443082849934,0.66031262180166,0.34465739458226,454.36515862865,-4.5258688197185,0.20727228887613,0.58216506640558,397.26480845671,1.246025228996,-4.173689343845,1.1239191852719e-09
41.625,919663843.60824,907826627.45756,884829101.36445,340526207.35578,329608121.76998,308851909.97117,0.083977448292488,0.038724986678459,-0.065754767911084,255991400.04261,256719682.8787,0.00038536171072144,0.000624375,0.00051869052725706,1.3900478936862,1.4079927238071e-12,6.4382017769649e-19,0.021831919355583,3.0524441130133,0.4403773044161,0.29471169739254,0.66074813904953,0.34500305489801,454.05037506718,-7.2437566874782,0.43205115527988,0.38371494904029,394.55861969231,1.6374497289009,-7.1752909382147,1.1241062664797e-09
41.675,919392129.6953,907722735.37246,884585713.33967,340254493.44284,329504229.68487,308608521.94639,0.083977448292488,0.038724986678459,-0.065754767911084,255991475.68243,256710120.27376,0.00038536341153154,0.000625125,0.0005189384017504,1.3905002304466,1.4079927238071e-12,6.4382017769649e-19,0.022056238266295,3.5069046383898,0.44080204829191,0.29498824359755,0.66116191377142,0.34534926880616,452.82930534035,-5.0699967157591,0.46614172884598,0.48604861427937,394.41426901281,1.2800033179018,-5.3391353612687,1.1241065303752e-09
41.725,919121384.06153,907595053.17909,884346750.73611,339983747.80907,329376547.49151,308369559.34283,0.083977448292488,0.038724986678459,-0.065754767911084,255991549.574,256709426.12626,0.00038545797362806,0.000625875,0.00051937227289556,1.3909378978538,1.4079927238071e-12,6.4382017769649e-19,0.022441777319213,4.3116562559759,0.44121685976308,0.29525688702879,0.66195916727176,0.34569411910079,452.60288847458,-1.0002933427776,0.38742238985227,0.36129287520682,398.1974030372,1.151668345299,-1.2925887067471,1.1241065449207e-09
41.775,918858928.49958,907466681.77417,884106420.03816,339721292.24712,329248176.08659,308129228.64488,0.083977448292488,0.038724986678459,-0.065754767911084,255991620.55277,256708524.94144,0.00038571667510152,0.000626625,0.00051973956207697,1.3913906118916,1.4079927238071e-12,6.4382017769649e-19,0.021883471029333,3.4595093919135,0.44165322999106,0.29554026473703,0.66244234241756,0.34603923671129,454.17592150307,-4.2603904030184,0.37567428451003,0.47471105040587,396.10827647123,1.2891144472693,-4.5371240112811,1.1241129540038e-09
41.825,918583021.02161,907350664.66975,883837705.47338,339445384.76915,329132158.98216,307860514.0801,0.083977448292488,0.038724986678459,-0.065754767911084,255991697.3688,256686457.16026,0.00038586734822184,0.000627375,0.00052016845959832,1.3918370418131,1.4079927238071e-12,6.4382017769649e-19,0.023565906239792,15.218812547803,0.44207095012223,0.29581073018984,0.66310286147225,0.34638402738152,453.86853498521,-1.5709433810264,0.13103938242689,0.59396047026822,397.89157508805,1.3542089065063,-1.8124174268941,1.1241169846081e-09
41.85,918448285.91206,907300943.70598,883718342.09176,339310649.6596,329082438.01839,307741150.69848,0.083977448292488,0.038724986678459,-0.065754767911084,255991731.70289,256684048.52956,0.00038591253232065,0.00062775,0.00052035740411765,1.3920545072795,1.4079927238071e-12,6.4382017769649e-19,0.022947644337597,4.84386725033,0.44227717399087,0.29594371598331,0.66349998129919,0.34655488378132,452.92356585699,1.1044030866488,0.035079253914686,1.0829838358074,400.38220934052,1.1808059550764,0.90084435506273,1.1241187699539e-09
41.9,918147589.52715,907170212.59838,883458142.17512,339009953.27469,328951706.91079,307480950.78184,0.083977448292488,0.038724986678459,-0.065754767911084,255991799.01062,256679621.32419,0.00038630248920778,0.0006285,0.00052079019510054,1.3925154774069,1.4079927238071e-12,6.4382017769649e-19,0.022684081861692,11.124089963441,0.44271561580226,0.29622938786488,0.66376752064563,0.34690113755475,454.03634671518,-3.0305172788389,0.083375022295143,0.60454324318012,395.75917622298,1.5915423605295,-3.4151623773734,1.1241233527452e-09
41.95,917862929.87748,907032832.86919,883180346.08476,338725293.62502,328814327.18161,307203154.69148,0.083977448292488,0.038724986678459,-0.065754767911084,255991872.4898,256533904.09914,0.0003863501440711,0.00062925,0.00052130277740573,1.392962580803,1.4079927238071e-12,6.4382017769649e-19,0.023800751539503,5.7876439050642,0.44314460018153,0.29650755481803,0.66438343895163,0.34724558934521,453.17940116317,-5.0209720351678,0.54489528808878,0.36790688063147,394.66109215077,1.1690721068113,-4.893673544815,1.1241990903219e-09
42,917601987.23972,906904620.47483,882913189.88185,338464350.98726,328686114.78725,306935998.48856,0.083977448292488,0.038724986678459,-0.065754767911084,255991942.95034,256531507.93563,0.00038649350569034,0.00063,0.00052161327234047,1.3934042895417,1.4079927238071e-12,6.4382017769649e-19,0.022152660668541,4.2098279799014,0.44356601783658,0.29678077320178,0.66477210472536,0.34759079445968,453.21414759607,-3.8787816333225,0.50559662881222,0.40876225566891,396.24613532053,1.3452840971661,-3.7903112581991,1.1241990903228e-09
42.05,917334298.26991,906781371.96813,882668600.03225,338196662.01745,328562866.28054,306691408.63896,0.083977448292488,0.038724986678459,-0.065754767911084,255992011.3021,256526753.51214,0.00038657171403349,0.00063075,0.00052204383859528,1.3938569928582,1.4079927238071e-12,6.4382017769649e-19,0.021552332664343,2.9069699642986,0.44399794053272,0.29706050689086,0.66545925020999,0.34793543947272,453.69898182671,-6.4547420653325,0.25124175980463,0.31601086764155,393.96597087794,1.5834189985044,-6.7369812103331,1.1241991039186e-09
42.1,917052578.8838,906655946.00506,882432116.1194,337914942.63134,328437440.31747,306454924.72611,0.083977448292488,0.038724986678459,-0.065754767911084,255992080.86194,256526116.22446,0.00038698199172446,0.0006315,0.0005224257780813,1.3943012793519,1.4079927238071e-12,6.4382017769649e-19,0.022197522779079,2.2892673712858,0.44442301261537,0.2973353076519,0.66629128593348,0.34827719027721,454.15725891425,-7.3000835526438,0.27998458157709,1.1005130207324,394.64961608678,1.5238895398454,-7.4477467742191,1.1241992311659e-09
42.15,916787581.78242,906553966.27595,882207673.5395,337649945.52995,328335460.58837,306230482.14622,0.083977448292488,0.038724986678459,-0.065754767911084,255992145.54167,256517797.85735,0.00038720794971933,0.00063225,0.00052300456389924,1.3947413693217,1.4079927238071e-12,6.4382017769649e-19,0.021480800214399,2.7290017631931,0.44482994025227,0.29759858578678,0.66659803280599,0.34862139672732,453.52971179467,0.5375240792504,0.030839871039597,1.0328895572501,400.10730745774,1.0279015462584,0.20328945323205,1.1242000076422e-09
42.2,916526652.79838,906442898.93748,881972199.07589,337389016.54592,328224393.2499,305995007.6826,0.083977448292488,0.038724986678459,-0.065754767911084,255992211.74113,256430551.6597,0.00038800453992944,0.000633,0.00052313323782858,1.3951973277239,1.4079927238071e-12,6.4382017769649e-19,0.021977067490552,3.6087708467666,0.4452638787571,0.29788112474404,0.66689150868451,0.34896633092582,453.30494371817,-3.0714390911542,0.29048459769036,0.71263130023667,396.50709896335,1.8400077121199,-3.1229554732515,1.124204121065e-09
42.25,916247351.18556,906311948.92577,881695298.62535,337109714.93309,328093443.23819,305718107.23207,0.083977448292488,0.038724986678459,-0.065754767911084,255992279.94947,256429535.36091,0.00038809508950816,0.00063375,0.00052344320392753,1.3956521893284,1.4079927238071e-12,6.4382017769649e-19,0.023367438025288,6.6854472105123,0.44569615587965,0.29816138613226,0.6677209968369,0.34931053405269,453.23918201782,-7.3270234402483,-0.020999096679247,0.25557383000916,393.21170676744,2.0813009928964,-7.0903807272232,1.1242081754024e-09
42.3,915934746.93115,906139048.44105,881401974.44556,336797110.67869,327920542.75347,305424783.05227,0.083977448292488,0.038724986678459,-0.065754767911084,255992363.40864,256423896.14529,0.00038816337165119,0.0006345,0.00052350734327721,1.396103531633,1.4079927238071e-12,6.4382017769649e-19,0.022949442385628,8.4052357773939,0.446123927763,0.29843789986064,0.66861384928274,0.34965400517288,453.87299945768,-9.6281412237414,0.2560577258557,0.68210520578937,391.58602670948,1.8197484987153,-9.1844886888852,1.1243630680333e-09
42.35,915673110.97776,906037346.65681,881162256.12053,336535474.7253,327818840.96922,305185064.72724,0.083977448292488,0.038724986678459,-0.065754767911084,255992428.90409,256419545.66798,0.0003882680971251,0.00063525,0.00052404982166636,1.3965410210368,1.4079927238071e-12,6.4382017769649e-19,0.022476839443805,4.7441416452813,0.44653840940804,0.29870682111599,0.66942681281926,0.34999768685624,452.4068991281,-5.4988692799672,0.29668221494791,0.36209217009219,394.66829003534,1.5235212628628,-5.9167918572351,1.1244541314015e-09
42.4,915427233.5527,905952559.14398,880934032.21486,336289597.30024,327734053.45639,304956840.82158,0.083977448292488,0.038724986678459,-0.065754767911084,255992492.97595,256416423.00901,0.00038849020573458,0.000636,0.00052452200372473,1.3969774847917,1.4079927238071e-12,6.4382017769649e-19,0.021134717117791,1.9891484809274,0.44696333799754,0.29898221573466,0.66981752153848,0.3503407027361,453.62454873453,-6.902024290284,0.27096867189887,0.68436627972973,395.93063001325,1.5425011215267,-7.2826817549027,1.1244998421007e-09
42.45,915188249.44022,905876876.14725,880712806.91401,336050613.18775,327658370.45966,304735615.52073,0.083977448292488,0.038724986678459,-0.065754767911084,255992555.79447,256413853.29916,0.00038856732733828,0.00063675,0.00052471250049729,1.3974213408902,1.4079927238071e-12,6.4382017769649e-19,0.020468020298536,1.0903183244271,0.44737967379479,0.2992526715984,0.67049674665893,0.35068653817068,453.81272319677,-3.8506681950288,0.023515507718323,0.27896626203532,397.84309567313,1.0912537422687,-4.1895691955243,1.1245346762032e-09
42.5,914928696.25005,905773498.90539,880481688.68249,335791059.99758,327554993.21781,304504497.2892,0.083977448292488,0.038724986678459,-0.065754767911084,255992620.69947,256405552.16242,0.00038876574338244,0.0006375,0.00052500125430596,1.3978712617879,1.4079927238071e-12,6.4382017769649e-19,0.021612528590513,2.8030348683728,0.44780601013671,0.2995292929466,0.67096191091579,0.3510307574762,453.70041758277,-3.8402819853343,0.17985259660566,0.74420250385464,397.14839145962,1.0170736586146,-4.1605956614086,1.1245551308898e-09
42.55,914671544.66523,905648251.52478,880247762.76861,335533908.41277,327429745.8372,304270571.37533,0.083977448292488,0.038724986678459,-0.065754767911084,255992685.71729,256403347.15532,0.00038898321474665,0.00063825,0.00052525035749969,1.3983138130673,1.4079927238071e-12,6.4382017769649e-19,0.022177803362508,4.0399295165657,0.44822151595346,0.29979844911536,0.67164429688151,0.35137233143951,453.75853791567,-0.86829270178578,0.61714898588358,1.101296861939,399.76897359453,1.0022871433697,-1.3419813858256,1.1245647220487e-09
42.6,914415255.47469,905543650.16281,880017302.62209,335277619.22223,327325144.47523,304040111.2288,0.083977448292488,0.038724986678459,-0.065754767911084,255992746.71388,256402169.71754,0.00038920788332203,0.000639,0.00052581932526405,1.3987772791684,1.4079927238071e-12,6.4382017769649e-19,0.021987280733246,6.291725715916,0.44865877793431,0.3000826487767,0.67232148562482,0.35171470435314,453.81692071358,-5.7016219277927,0.39024293383732,0.59614627279482,394.67713292539,1.186332617044,-5.9462339785264,1.1245839945885e-09
42.65,914133523.12308,905406793.37449,879751773.89206,334995886.87062,327188287.6869,303774582.49878,0.083977448292488,0.038724986678459,-0.065754767911084,255992810.39996,256339729.32842,0.00038934212204443,0.00063975,0.00052620154832467,1.3992356012056,1.4079927238071e-12,6.4382017769649e-19,0.023675347311556,5.131225170282,0.44907730980078,0.30035474523477,0.67339666095763,0.35205838153897,453.2973809316,-3.2468162448066,-0.27186065093338,0.48890835103437,394.19248561982,1.1120403953796,-3.2041663450805,1.1245950625849e-09
42.7,913831568.80092,905274608.55984,879445166.22425,334693932.54846,327056102.87226,303467974.83097,0.083977448292488,0.038724986678459,-0.065754767911084,255992875.39778,256339477.56456,0.00038912556480729,0.0006405,0.00052626698536138,1.3996982483657,1.4079927238071e-12,6.4382017769649e-19,0.024841184044607,3.4798320691715,0.44950263346003,0.30062818204615,0.67262849176325,0.35240177414897,453.02599994328,-5.0216464076562,0.60985720667543,0.1063278704483,390.69764195423,0.60398250237832,-4.4592146704208,1.1245992302699e-09
42.75,913472224.77843,905114153.78378,879053044.1995,334334588.52597,326895648.09619,303075852.80622,0.083977448292488,0.038724986678459,-0.065754767911084,255992939.41952,256339432.24117,0.00038945841877688,0.00064125,0.000526686978845,1.4001451060457,1.4079927238071e-12,6.4382017769649e-19,0.026450105348826,9.6013218514594,0.44992489495048,0.30090263785327,0.67369415947378,0.35274118115658,451.43111794913,-5.1432911338878,0.70585760550984,0.32757641972879,390.5423693264,1.1195022399337,-4.7986898206842,1.1246052228921e-09
42.8,913204106.49982,904937270.33759,878654529.51076,334066470.24736,326718764.65001,302677338.11748,0.083977448292488,0.038724986678459,-0.065754767911084,255992997.15559,256337697.54915,0.00038981538907315,0.000642,0.00052706450038603,1.4005705378231,1.4079927238071e-12,6.4382017769649e-19,0.023895482986966,5.9770964325675,0.45033851103335,0.30116916354202,0.67449620350937,0.35308117416363,452.06767088606,-3.1718202494927,-0.017929719325871,0.75167519561533,395.39138154497,1.136145960647,-3.6840849204609,1.1246299636737e-09
42.85,912962511.03565,904850782.9322,878422527.50469,333824874.78319,326632277.24461,302445336.1114,0.083977448292488,0.038724986678459,-0.065754767911084,255993053.44679,256334941.57184,0.00039016164638153,0.00064275,0.00052741065730979,1.4010185426963,1.4079927238071e-12,6.4382017769649e-19,0.020933665332772,2.1744226946471,0.45076879197595,0.30144860442429,0.67494293562804,0.35342334469207,453.49912587843,-6.551956158029,-0.15555858463541,0.66043268620783,393.46152213517,1.3181083669274,-6.5291980710303,1.1246383684308e-09
42.9,912691109.63226,904731883.73462,878174779.0575,333553473.3798,326513378.04704,302197587.66421,0.083977448292488,0.038724986678459,-0.065754767911084,255993111.98912,256326969.39567,0.00039061860817455,0.0006435,0.00052775475038925,1.4014582359798,1.4079927238071e-12,6.4382017769649e-19,0.022450457379104,3.5914896589143,0.45118476010238,0.30171902379523,0.67554222790621,0.35376516365792,452.83866816538,-3.9634817744057,0.0062229947691116,0.91692517546786,395.97875513247,1.478959821125,-3.8829534884191,1.124648865844e-09
42.95,912441477.68737,904619798.72294,877944993.5351,333303841.4349,326401293.03535,301967802.14182,0.083977448292488,0.038724986678459,-0.065754767911084,255993168.82558,256308974.58042,0.0003907465402994,0.00064425,0.00052800347051559,1.4018656702599,1.4079927238071e-12,6.4382017769649e-19,0.021402929285753,4.9030334273586,0.45155400250846,0.30195709301264,0.67673168613823,0.35410393538176,450.21079501954,15.081413898594,0.098724171454466,0.81991100664702,413.29590751002,1.5623867943087,15.646900238666,1.1246872887781e-09
42.975,912334457.9407,904583559.25134,877853113.1818,333196821.68824,326365053.56376,301875921.78851,0.083977448292488,0.038724986678459,-0.065754767911084,255993192.2494,256307963.42786,0.00039118479964155,0.000644625,0.00052841471155363,1.4021295442786,1.4079927238071e-12,6.4382017769649e-19,0.0200964408218,3.2921713967763,0.45182146916135,0.30213125099804,0.67698236304085,0.35427566806204,453.82774738926,-6.257844534699,0.066635739036602,0.75309202412975,395.15359086098,1.9600930457731,-6.6497577350951,1.124687289372e-09
43.025,912024311.87981,904470834.48688,877570232.93429,332886675.62735,326252328.79929,301593041.54101,0.083977448292488,0.038724986678459,-0.065754767911084,255993268.37903,256307859.89702,0.00039141033309608,0.000645375,0.00052868343971242,1.402579937026,1.4079927238071e-12,6.4382017769649e-19,0.026034433678593,5.1104415233397,0.45224188561836,0.30240425779941,0.6774649571998,0.3546176048506,452.0955091339,-4.8838778781924,0.34923949297912,0.54161544664226,395.20777793349,1.1872290391569,-4.744442800805,1.1246878725799e-09
43.075,911768127.43707,904389262.56624,877335989.09273,332630491.18461,326170756.87865,301358797.69944,0.083977448292488,0.038724986678459,-0.065754767911084,255993326.63696,256306099.49854,0.00039175006459212,0.000646125,0.00052909650040498,1.4030288232739,1.4079927238071e-12,6.4382017769649e-19,0.021571356215596,5.8725273975212,0.45267280057519,0.30268280240066,0.67809341227952,0.35495837303921,453.79763626235,-8.8465832652961,-0.1761655274075,0.75623500582911,392.98888633497,1.265082373341,-9.123073399336,1.124695663069e-09
43.1,911643146.08872,904349248.26876,877225039.46926,332505509.83626,326130742.58118,301247848.07597,0.083977448292488,0.038724986678459,-0.065754767911084,255993354.35943,256305848.66484,0.00039169105412672,0.0006465,0.00052922178902691,1.4032414038329,1.4079927238071e-12,6.4382017769649e-19,0.021925318496302,4.6248567149427,0.45286220189949,0.30280496998402,0.67845664264809,0.35512937234342,452.09380406828,0.036672084001136,-0.08801220563632,1.07184693098,399.42577108372,1.1235997732735,-0.13493866022099,1.1247032177292e-09
43.15,911366899.69328,904216467.62067,876973478.48925,332229263.44081,325997961.93309,300996287.09597,0.083977448292488,0.038724986678459,-0.065754767911084,255993412.88872,256300327.12242,0.00039191866261391,0.00064725,0.00052962621966651,1.4037011401672,1.4079927238071e-12,6.4382017769649e-19,0.021439636537115,3.9107355236183,0.45329419570325,0.30308597022226,0.6790399473517,0.35547192653296,452.87812820102,-3.1483939792779,0.52558213446095,0.63479534137779,395.55404805204,1.2404475539001,-3.4772710829456,1.1247038699618e-09
43.2,911085905.9903,904121019.64697,876733284.09786,331948269.73784,325902513.95939,300756092.70457,0.083977448292488,0.038724986678459,-0.065754767911084,255993470.95566,256299976.53938,0.00039215949898222,0.00064799999999999,0.0005298908863513,1.4041459718676,1.4079927238071e-12,6.4382017769649e-19,0.023107692021084,3.1714732736746,0.45371716644116,0.30335995327247,0.67946478490024,0.35581309429861,452.48918755155,-5.156529730507,0.2919042589357,0.38798706507563,394.86570422043,1.1325936780239,-4.9836652348443,1.1247065022188e-09
43.25,910809239.13846,904029932.16403,876487814.64794,331671602.886,325811426.47644,300510623.25465,0.083977448292488,0.038724986678459,-0.065754767911084,255993526.73916,256298719.71787,0.00039246196840767,0.00064875,0.00053020916951701,1.4045876564311,1.4079927238071e-12,6.4382017769649e-19,0.022072933943935,2.998614841586,0.45413760482421,0.30363186806224,0.67983405357554,0.35615460207581,452.45028783601,-5.8005934608927,0.16825212935863,0.31137137404844,394.85068095815,1.0643617819333,-5.7650307587876,1.124712635348e-09
43.3,910550462.31426,903946581.39196,876250816.63516,331412826.06179,325728075.70438,300273625.24188,0.083977448292488,0.038724986678459,-0.065754767911084,255993583.0438,256293094.0222,0.00039275768383645,0.00064949999999999,0.00053057170069948,1.405030873225,1.4079927238071e-12,6.4382017769649e-19,0.021311530517971,3.6673280924896,0.45455613726794,0.30390267137701,0.68039206712185,0.35649502620759,453.36341910752,-4.7514998765376,0.15092791224876,0.60068348466824,396.45912176789,1.30922023943,-4.806059320319,1.1247222384373e-09
43.35,910305659.76844,903866925.92939,876021947.81649,331168023.51598,325648420.2418,300044756.42321,0.083977448292488,0.038724986678459,-0.065754767911084,255993637.6495,256289888.49048,0.00039288514243521,0.00065024999999999,0.000530846325324,1.4054936262444,1.4079927238071e-12,6.4382017769649e-19,0.021459551584602,2.2045734381537,0.4549766777323,0.30417673865475,0.68077600147319,0.35683819777143,453.47092098014,-3.0102181473153,0.10761310661014,0.28789153444356,394.34600671354,1.2749429165277,-3.07277822575,1.1247257543079e-09
43.375,910170589.34385,903806459.2154,875889702.12033,331032953.09139,325587953.52781,299912510.72705,0.083977448292488,0.038724986678459,-0.065754767911084,255993665.05426,256289170.04276,0.00039313054330021,0.00065062499999999,0.00053094453848027,1.4057214687259,1.4079927238071e-12,6.4382017769649e-19,0.025536888504487,11.953340177351,0.45519047310725,0.30431425793389,0.68101318628224,0.3570074203729,451.78373132152,-5.2697061892396,0.39516843887326,0.47342581752293,392.45277411463,1.4803422733828,-4.6945345494741,1.1247280725124e-09
43.425,909811157.84723,903558441.07764,875547826.86419,330673521.59477,325339935.39006,299570635.4709,0.083977448292488,0.038724986678459,-0.065754767911084,255993717.36212,256288230.77682,0.00039377648377102,0.00065137499999999,0.0005313628344775,1.4061674701836,1.4079927238071e-12,6.4382017769649e-19,0.025745885722636,7.6632048541555,0.45561188134065,0.30458440168563,0.68176523867144,0.35734557656725,451.73826574928,-7.5002950454183,0.85304184791051,0.15217750629469,391.14469827963,1.4577057807488,-7.0182256369843,1.1247287804822e-09
43.475,909557647.00288,903459598.52945,875308339.25614,330420010.75042,325241092.84187,299331147.86286,0.083977448292488,0.038724986678459,-0.065754767911084,255993768.97845,256287678.18311,0.00039383011681508,0.00065212499999999,0.00053148684821744,1.4065611585676,1.4079927238071e-12,6.4382017769649e-19,0.022959593052435,8.8357437015515,0.4559566554095,0.30480649507159,0.68779014034668,0.35768152827452,447.89042988525,19.834316497862,0.78558691338352,0.68959276896634,415.11093278191,0.88776218654729,20.830077075613,1.1247569991896e-09
43.525,909327067.94998,903364617.80736,875127294.59259,330189431.69751,325146112.11977,299150103.19931,0.083977448292488,0.038724986678459,-0.065754767911084,255993807.4949,256277007.94419,0.0003942822123367,0.00065287499999999,0.00053180788667588,1.4069893349351,1.4079927238071e-12,6.4382017769649e-19,0.020122558853687,7.188232214769,0.45636785178922,0.30507256350625,0.68757737480337,0.35802052183999,451.20413529341,21.976045904429,0.77825355569397,0.58869683005777,419.72486385009,0.98521088245515,23.323278075083,1.1247684951522e-09
43.575,909075557.87353,903251127.66408,874887547.98952,329937921.62106,325032621.9765,298910356.59623,0.083977448292488,0.038724986678459,-0.065754767911084,255993855.53011,256270471.0348,0.00039541681300858,0.00065362499999999,0.00053233602689109,1.4075057931328,1.4079927238071e-12,6.4382017769649e-19,0.022417468992077,3.9962912827752,0.45685896168091,0.30539294009564,0.68701716458636,0.35835956513104,452.04802263974,-2.7433284575927,0.39531806875903,0.41990194814341,394.70187751083,1.6360181157159,-2.4267915847436,1.1247709852036e-09
43.6,908939167.29026,903188748.80523,874740412.64131,329801531.03779,324970243.11765,298763221.24802,0.083977448292488,0.038724986678459,-0.065754767911084,255993883.97287,256268785.82999,0.0003954198339535,0.00065399999999999,0.00053256700296491,1.4077325440959,1.4079927238071e-12,6.4382017769649e-19,0.0263741174605,6.9719898093689,0.45705787239505,0.30552235592988,0.68724379621949,0.35852953839681,450.22336665169,3.4915219693519,0.79365750430252,0.94104944194572,397.21672349052,1.2085061505777,3.1824546893925,1.1247763512552e-09
43.65,908644123.21651,902997258.37488,874417519.9888,329506486.96405,324778752.68729,298440328.59551,0.083977448292488,0.038724986678459,-0.065754767911084,255993938.1096,256267186.04361,0.00039580540696678,0.00065474999999999,0.00053307124473839,1.4081856920487,1.4079927238071e-12,6.4382017769649e-19,0.025275597355978,8.5593857643619,0.45749473818775,0.30580444719243,0.68751767425533,0.35886808649366,451.07368935476,-5.0554633556864,0.74428386187134,0.29823210247403,391.9548990669,1.4125839705541,-5.3112391811518,1.1247782936708e-09
43.675,908513006.20299,902947556.06395,874306006.52951,329375369.95052,324729050.37636,298328815.13622,0.083977448292488,0.038724986678459,-0.065754767911084,255993962.57603,256266943.63759,0.00039600188090875,0.00065512499999999,0.00053319290859695,1.4084003715021,1.4079927238071e-12,6.4382017769649e-19,0.023128722890627,13.445921566671,0.45768674482436,0.30592870239341,0.68776382418935,0.35903809983381,450.14343305345,3.1214395224026,0.74175646886231,0.89331478191391,397.66975366561,1.0379938708054,3.041707741169,1.1247855904688e-09
43.725,908196287.36362,902746679.8248,874019822.47964,329058651.11116,324528174.13722,298042631.08636,0.083977448292488,0.038724986678459,-0.065754767911084,255994012.43866,256265281.37035,0.00039650748933598,0.00065587499999999,0.00053355392739424,1.408854809148,1.4079927238071e-12,6.4382017769649e-19,0.024051033617032,8.8484569490265,0.45812647510188,0.3062142457316,0.68799348872475,0.35937710151545,451.67457632528,-6.5115272599822,0.20107255787398,0.33169703945318,391.54073038197,2.0443249860502,-6.6053525402522,1.1247901512274e-09
43.775,907928552.48153,902637556.96864,873780480.18141,328790916.22907,324419051.28106,297803288.78813,0.083977448292488,0.038724986678459,-0.065754767911084,255994061.77281,256264403.61549,0.00039684423871697,0.00065662499999999,0.00053392131036237,1.4093003183272,1.4079927238071e-12,6.4382017769649e-19,0.022684298773868,4.0122455778941,0.45854862969227,0.30648748365334,0.68840238344351,0.35971585714429,451.83605728479,-8.2320744029001,0.26430504253148,0.55891083032703,390.97552295063,2.4111619275263,-8.3153172531931,1.1247959697986e-09
43.825,907661376.64693,902537065.89031,873532656.26495,328523740.39446,324318560.20272,297555464.87166,0.083977448292488,0.038724986678459,-0.065754767911084,255994110.43072,256263463.06983,0.00039714362884116,0.00065737499999999,0.00053501001131983,1.4097480486908,1.4079927238071e-12,6.4382017769649e-19,0.021742021046064,3.9722073465179,0.45897225993779,0.30676288618449,0.68899439980113,0.36005375222577,451.89543847304,-9.6309091357474,0.46968232269606,0.6036000093519,389.88924640235,1.8339464838932,-10.057693240473,1.1247987997643e-09
43.875,907384641.31455,902410319.5075,873295913.44287,328247005.06209,324191813.81991,297318722.04958,0.083977448292488,0.038724986678459,-0.065754767911084,255994160.50292,256262247.64454,0.00039730780990952,0.00065812499999999,0.00053528530599746,1.4101822695686,1.4079927238071e-12,6.4382017769649e-19,0.022185561978146,7.4980519779381,0.45938220474425,0.3070277977814,0.68937258639059,0.36039305700164,452.16284881266,-6.5297371557423,0.17268341118063,0.71259596481287,394.04674757597,1.5204574915199,-6.679365814085,1.1248050860843e-09
43.9,907274105.55335,902373669.35938,873192268.87546,328136469.30089,324155163.6718,297215077.48218,0.083977448292488,0.038724986678459,-0.065754767911084,255994184.11008,256261357.69935,0.00039739415242854,0.00065849999999999,0.00053541222712401,1.4103986456267,1.4079927238071e-12,6.4382017769649e-19,0.020740883313134,1.9726681742756,0.45958285702024,0.30715743927658,0.68953862838342,0.3605633911166,451.24814594587,-3.2958626110513,0.49308142440761,0.60206184875618,396.70775758555,1.3496662915285,-3.642896515419,1.1248083334318e-09
43.95,907035425.60174,902278315.98547,872973699.72459,327897789.34928,324059810.29789,296996508.3313,0.083977448292488,0.038724986678459,-0.065754767911084,255994232.34793,256259296.51396,0.00039748456292614,0.00065924999999999,0.00053530526213476,1.4108428298042,1.4079927238071e-12,6.4382017769649e-19,0.020727792205284,4.8111676728372,0.4600040084569,0.30743154478089,0.6898427339724,0.3609045195405,452.33842572041,-3.7314397218133,0.32278874275448,0.47912269160724,396.93001479874,1.4199097135388,-3.9824565175229,1.1248307798694e-09
44,906798472.21698,902198676.38546,872738918.82425,327660835.96452,323980170.69787,296761727.43097,0.083977448292488,0.038724986678459,-0.065754767911084,255994281.50935,256258885.15735,0.00039778671690342,0.00065999999999999,0.00053597576545977,1.4112892861011,1.4079927238071e-12,6.4382017769649e-19,0.021537018332217,3.6222823038455,0.46042723527155,0.30770550307891,0.69016097021499,0.36124317061736,452.76415072418,-5.7582203729557,0.82392392647642,0.79389669428693,395.84642657032,1.3707883259385,-5.8906126848393,1.1248370434377e-09
44.05,906562462.83787,902109455.30707,872510753.99268,327424826.58541,323890949.61949,296533562.5994,0.083977448292488,0.038724986678459,-0.065754767911084,255994330.56701,256238172.88585,0.00039802879661141,0.00066074999999999,0.00053629232909032,1.4117476061795,1.4079927238071e-12,6.4382017769649e-19,0.02125679463622,1.954978148383,0.46084598590081,0.30797738999809,0.6904888439101,0.36158444232196,451.97996254744,-4.6095243929121,0.29457058877729,0.3656332252463,393.66653996361,1.7323884716903,-4.8097218086415,1.1248390534805e-09
44.1,906306758.44318,901984065.69571,872254899.67024,327169122.19072,323765560.00813,296277708.27696,0.083977448292488,0.038724986678459,-0.065754767911084,255994382.71897,256236379.59051,0.00039823523001491,0.00066149999999999,0.00053665148280689,1.4121877412691,1.4079927238071e-12,6.4382017769649e-19,0.022784010883037,5.315130361284,0.46126471619862,0.30824833243216,0.69091833216362,0.36192271659732,452.31662175086,-5.9475032140755,0.54274116107086,0.40861150216853,394.16667648047,1.540274121514,-6.3453828350234,1.124839650558e-09
44.125,906189489.2173,901938653.94806,872146977.66316,327051852.96484,323720148.26047,296169786.26988,0.083977448292488,0.038724986678459,-0.065754767911084,255994406.50534,256235418.04346,0.00039856234396328,0.00066187499999999,0.00053681702586537,1.4124060071385,1.4079927238071e-12,6.4382017769649e-19,0.021670233522746,3.2439199360498,0.46146586817326,0.30837844685901,0.6911035327299,0.36209236411795,451.3440599524,-2.466852048287,0.69408357193406,0.63638790074327,396.68986788698,1.1858166751955,-2.7589635655245,1.1248398715842e-09
44.175,905954462.33384,901837738.27575,871900746.21822,326816826.08138,323619232.58816,295923554.82493,0.083977448292488,0.038724986678459,-0.065754767911084,255994452.23776,256234981.5696,0.0003988603216875,0.00066262499999999,0.00053706467517508,1.4128446893143,1.4079927238071e-12,6.4382017769649e-19,0.022143078065192,10.861712635327,0.46188336094801,0.30864779867787,0.69159437394952,0.36243093142841,452.81003345958,-3.55475930978,0.24404647838574,0.87650402657773,397.77942057716,1.7119734231707,-3.7677690036642,1.1248862525827e-09
44.225,905707910.48301,901746222.49346,871671824.30472,326570274.23054,323527716.80588,295694632.91143,0.083977448292488,0.038724986678459,-0.065754767911084,255994506.29987,256234794.02737,0.00039901541642417,0.00066337499999999,0.00053741861367889,1.4132513292923,1.4079927238071e-12,6.4382017769649e-19,0.021448560828058,7.3697440914258,0.46222937819751,0.30887085538959,0.69326089639618,0.36276538983001,448.2570353992,23.398954978294,0.38378093793864,1.0177853473655,419.34134126042,1.6322417032367,24.209965577888,1.1248862781308e-09
44.275,905491893.79807,901662165.41548,871484830.93472,326354257.54561,323443659.7279,295507639.54143,0.083977448292488,0.038724986678459,-0.065754767911084,255994540.19698,256209050.47824,0.00039962004572121,0.00066412499999999,0.00053847944318607,1.413762374884,1.4079927238071e-12,6.4382017769649e-19,0.020992713256351,4.4729041879665,0.46272535044237,0.30919407833534,0.69382369916293,0.36310264459582,452.49857986685,-4.0996495473191,0.91310574506361,0.36900588720398,393.50679791886,1.7453420775016,-4.5337775372502,1.1248873512015e-09
44.325,905158229.36929,901509362.02696,871203719.20964,326020593.11683,323290856.33937,295226527.81636,0.083977448292488,0.038724986678459,-0.065754767911084,255994591.60664,256208238.8143,0.00039982509393719,0.00066487499999999,0.00053881478960715,1.4142080237637,1.4079927238071e-12,6.4382017769649e-19,0.026340867447714,4.0347308744295,0.46314242987666,0.30946429139354,0.69418866979726,0.3634410989325,450.75886836845,-3.000863475736,0.66239525560911,0.33130448261841,393.99330985789,1.7303923714395,-3.6827775730058,1.124889103975e-09
44.375,904897274.35913,901384536.41683,870977069.7552,325759638.10666,323166030.72925,294999878.36191,0.083977448292488,0.038724986678459,-0.065754767911084,255994638.1154,256207502.5995,0.00040001573174153,0.00066562499999999,0.00053918284136113,1.4146539367827,1.4079927238071e-12,6.4382017769649e-19,0.022524495256682,5.7085890333503,0.46355712046227,0.30973361461496,0.6947577633487,0.36377926921364,450.97714984211,-1.6256836535255,0.86706807242807,0.44024469957408,394.93556039476,1.4790988750114,-2.1730027166525,1.1248999109816e-09
44.4,904776756.66883,901305012.28439,870867305.5492,325639120.41637,323086506.59681,294890114.15592,0.083977448292488,0.038724986678459,-0.065754767911084,255994660.61136,256205724.83176,0.00040015171883085,0.00066599999999999,0.00053929153692319,1.4148785129961,1.4079927238071e-12,6.4382017769649e-19,0.022693622231839,6.1307131930157,0.46375946566297,0.30986401187141,0.69495976772128,0.363948797684,450.45749151595,0.97118888729883,0.74874748618691,0.36954142101627,396.20306525232,1.6394798133958,0.75529416531467,1.124904870123e-09
44.45,904406119.78428,901053579.10371,870597409.9006,325268483.53182,322835073.41613,294620218.50731,0.083977448292488,0.038724986678459,-0.065754767911084,255994707.06793,256200307.66191,0.00040046886887804,0.00066674999999999,0.00053970855508968,1.4153209529591,1.4079927238071e-12,6.4382017769649e-19,0.024037417113436,5.1287263437938,0.46419000436329,0.3101414896136,0.69558312434456,0.36428530336548,452.31798626336,-6.3277787754543,0.10213431308128,0.94710485536882,393.71633580489,1.5431312054415,-6.6824344226363,1.1249213137404e-09
44.5,904150225.46958,900964262.07813,870377444.92931,325012589.21712,322745756.39054,294400253.53602,0.083977448292488,0.038724986678459,-0.065754767911084,255994750.38609,256199400.02675,0.00040059780190606,0.00066749999999999,0.00053999997161356,1.4157709001726,1.4079927238071e-12,6.4382017769649e-19,0.021403388281786,3.6554962957847,0.46460585214123,0.31041174057085,0.69577269431244,0.36462450667523,451.13991984545,-4.8845033007343,0.32003681898942,0.26068185064233,393.25995991886,1.0645768060261,-5.0198380618286,1.1249256370026e-09
44.55,903915123.06049,900882554.65914,870146107.23372,324777486.80803,322664048.97155,294168915.84043,0.083977448292488,0.038724986678459,-0.065754767911084,255994793.97262,256194547.19052,0.00040075624784832,0.00066824999999999,0.00054023728213997,1.4162155259549,1.4079927238071e-12,6.4382017769649e-19,0.021716437841618,4.4397668744835,0.46501950767779,0.31067845949427,0.6962235983378,0.36496310099856,452.00045639344,-4.0810947625316,0.29810773132562,0.41748976196875,394.37165342103,1.4201700016742,-4.0943058220744,1.1249378670891e-09
44.6,903669484.01974,900781359.10617,869914963.9254,324531847.76727,322562853.41858,293937772.53211,0.083977448292488,0.038724986678459,-0.065754767911084,255994836.75364,256194442.89708,0.0004008640777757,0.00066899999999999,0.00054047979188287,1.4166650332136,1.4079927238071e-12,6.4382017769649e-19,0.022686812281402,4.0415060376574,0.46543378382195,0.31094587946335,0.69660973534957,0.36529961886566,451.51684335701,-2.9761950454749,0.51069831760293,0.59108467628664,394.59355961088,1.516134335982,-2.4049306012716,1.1249492765626e-09
44.65,903406609.75517,900662198.33076,869667196.6746,324268973.5027,322443692.64317,293690005.28131,0.083977448292488,0.038724986678459,-0.065754767911084,255994879.37284,256191841.74882,0.00040104442149771,0.00066974999999999,0.00054073805053831,1.4171140318047,1.4079927238071e-12,6.4382017769649e-19,0.023255749331729,5.3082204989249,0.46585781142555,0.31122083265134,0.69695261800186,0.36563693220451,451.46915379702,-6.3415844286792,0.54194219957779,0.2084758736195,391.94450912378,1.5143312529494,-6.4239413075172,1.1249563698604e-09
44.7,903148921.99928,900545453.99018,869415781.56525,324011285.74681,322326948.3026,293438590.17197,0.083977448292488,0.038724986678459,-0.065754767911084,255994921.18961,256190973.21375,0.00040112282100313,0.00067049999999999,0.00054099618808131,1.4175543232973,1.4079927238071e-12,6.4382017769649e-19,0.022277927148376,3.7675105252748,0.46626727772996,0.31148482064914,0.69746750497054,0.36597532430149,451.9747897617,-3.6863336333277,0.31700051325729,0.38558167125374,394.60182644758,0.69806497944822,-3.4943104074934,1.1249789765724e-09
44.75,902906407.8886,900428424.84363,869185323.87637,323768771.63614,322209919.15605,293208132.48308,0.083977448292488,0.038724986678459,-0.065754767911084,255994962.79913,256186653.05004,0.00040141625628234,0.00067124999999999,0.00054133690544587,1.4179911790801,1.4079927238071e-12,6.4382017769649e-19,0.022681254215951,4.6287623773795,0.46668422360356,0.31175488267345,0.69789789364693,0.36631264010694,451.70259302158,-4.6279933709167,0.6808590109794,0.60205462570685,395.24776620985,1.3011634924228,-4.6820060534974,1.1249870667127e-09
44.8,902674380.32674,900336214.9028,868966245.3276,323536744.07428,322117709.21521,292989053.93432,0.083977448292488,0.038724986678459,-0.065754767911084,255995003.7876,256177542.25761,0.00040169530594681,0.00067199999999999,0.00054163800635591,1.4184344840269,1.4079927238071e-12,6.4382017769649e-19,0.021317982893635,2.9908252016007,0.46709446454233,0.31202084951738,0.69829633561631,0.36664992496104,452.02377197546,-1.6734052832128,0.48055970425627,0.63499215012345,397.47781393349,1.4011424681298,-1.6096807415728,1.1249950342334e-09
44.85,902439138.89555,900252747.11482,868742260.44995,323301502.64308,322034241.42723,292765069.05667,0.083977448292488,0.038724986678459,-0.065754767911084,255995044.94627,256174773.58912,0.00040183524225012,0.00067274999999999,0.00054188894151089,1.4188817496314,1.4079927238071e-12,6.4382017769649e-19,0.021884793854533,3.8691938923226,0.46751414310399,0.31229139409805,0.6987006106682,0.36698785853235,452.02864138414,-3.5349578811078,0.67938252952462,0.46249493207916,395.86215390795,1.3917524938129,-3.7668647751975,1.1250066088836e-09
44.9,902196860.12495,900159186.3166,868509307.02982,323059223.87248,321940680.62901,292532115.63654,0.083977448292488,0.038724986678459,-0.065754767911084,255995085.60601,256173049.73822,0.00040220057778021,0.00067349999999999,0.00054221892087773,1.4193305070664,1.4079927238071e-12,6.4382017769649e-19,0.022353776826546,4.5564738822871,0.46793441046609,0.31256355880861,0.69892850135652,0.36732582462392,451.67390711081,-5.3994820838458,0.71256400775442,0.36097661894475,394.28682574508,1.3438385180263,-5.1316265887437,1.1250144637731e-09
44.95,901955671.96509,900059318.50099,868278848.21014,322818035.71262,321840812.8134,292301656.81685,0.083977448292488,0.038724986678459,-0.065754767911084,255995127.25391,256170775.04402,0.00040227329571286,0.00067424999999999,0.00054241783607324,1.4197367687969,1.4079927238071e-12,6.4382017769649e-19,0.021776936980182,2.8019947785749,0.46829303636058,0.31279443733906,0.70002755607365,0.36765991993369,449.18002154843,15.083595464705,0.78544129989485,0.558063578651,412.42847068832,1.2527488761652,15.891760929199,1.1250223918746e-09
45,901745151.42887,899985771.04852,868087153.54573,322607515.17641,321767265.36094,292109962.15244,0.083977448292488,0.038724986678459,-0.065754767911084,255995160.30933,256166957.78003,0.00040286478872163,0.00067499999999999,0.00054291312036629,1.4202280463352,1.4079927238071e-12,6.4382017769649e-19,0.020511977159815,5.0991522185834,0.46876751547921,0.31310236943758,0.70022649392279,0.36799744457505,452.24498632128,-6.154963851871,0.70458855018236,0.63435665906714,393.10713253135,1.5131076379784,-6.8750283690747,1.1250283684972e-09
45.05,901476469.99095,899881861.9654,867843054.45152,322338833.73848,321663356.27782,291865863.05823,0.083977448292488,0.038724986678459,-0.065754767911084,255995203.3635,256161203.45913,0.00040338588243939,0.00067574999999999,0.00054321350728283,1.4206714126939,1.4079927238071e-12,6.4382017769649e-19,0.024288845223015,4.6259101277338,0.46918195612816,0.31336923587791,0.70069042080098,0.36833366645668,451.78795899201,-7.1157750830394,0.42784939510999,0.53198940542228,393.02093532006,1.846819051406,-7.4220847449798,1.125033365635e-09
45.1,901228508.37206,899800817.87507,867610652.42853,322090872.1196,321582312.18749,291633461.03524,0.083977448292488,0.038724986678459,-0.065754767911084,255995242.68665,256161203.0679,0.00040362368398712,0.00067649999999999,0.00054351930542135,1.4211270914646,1.4079927238071e-12,6.4382017769649e-19,0.021542457980964,2.7982306427861,0.46959185935414,0.31363547786554,0.70108162898777,0.3686698378274,451.42181242316,-3.2705994815904,0.50493686888471,0.44873787284605,393.71175009329,1.5945970659011,-3.6069300976928,1.1250385417455e-09
45.15,900938851.41485,899682803.66987,867377264.47654,321801215.16239,321464297.98229,291400073.08326,0.083977448292488,0.038724986678459,-0.065754767911084,255995281.91194,256126338.17094,0.00040430359097395,0.00067724999999999,0.00054377320746187,1.4215630619487,1.4079927238071e-12,6.4382017769649e-19,0.023648854474954,8.4162782994183,0.4699991737783,0.31389940614928,0.70149196461926,0.36900576836611,450.52309358783,-0.98395954515589,0.45684523261311,0.38049018631371,395.80489578074,1.4381568071289,-1.2595403040709,1.1250441624783e-09
45.175,900823286.30834,899623886.69333,867270683.91952,321685650.05587,321405381.00575,291293492.52623,0.083977448292488,0.038724986678459,-0.065754767911084,255995300.92195,256125158.82326,0.00040455208851865,0.00067762499999999,0.0005439527402413,1.421801009719,1.4079927238071e-12,6.4382017769649e-19,0.02281860766349,6.1674404265895,0.47021713293677,0.31403912850431,0.70156401026345,0.36917280391111,450.36284401413,-5.5876652142303,0.056232529734349,0.26200087164269,390.87367465107,1.7941855377284,-5.6159579414233,1.1250455680244e-09
45.225,900502715.39514,899383346.60026,866973088.53735,321365079.14268,321164840.91268,290995897.14406,0.083977448292488,0.038724986678459,-0.065754767911084,255995339.36695,256125097.69689,0.00040483897017441,0.00067837499999999,0.000544245323205,1.4222351948426,1.4079927238071e-12,6.4382017769649e-19,0.025775757311524,8.5693522014544,0.4706295243941,0.31430517514463,0.70204764158841,0.36950813592535,450.752460443,-5.9365164487212,0.13123371688053,0.57626453187658,392.65053534171,1.6215263870445,-6.257906058976,1.1250528154463e-09
45.275,900272870.75324,899307207.29717,866756185.49964,321135234.50077,321088701.60958,290778994.10636,0.083977448292488,0.038724986678459,-0.065754767911084,255995376.36277,256124736.23105,0.00040430782465819,0.00067912499999999,0.00054444338431169,1.4226390223584,1.4079927238071e-12,6.4382017769649e-19,0.020895174130553,2.5459543117057,0.47098798161221,0.31453378226392,0.70301728380315,0.36984191205003,448.69144822255,13.213651632884,0.60743577652571,0.4703376977454,410.12713661702,1.3328963109422,13.803644823607,1.125074204759e-09
45.325,900056991.75832,899235506.74693,866573922.12178,320919355.50586,321017001.05935,290596730.72849,0.083977448292488,0.038724986678459,-0.065754767911084,255995407.67074,256124517.59474,0.00040529632176006,0.00067987499999999,0.00054492670435356,1.4231241921033,1.4079927238071e-12,6.4382017769649e-19,0.020333348684518,3.2110313624744,0.47145189719799,0.31483565675234,0.70329434260096,0.37017789264105,452.85291372949,-3.7843321127836,0.33084230693392,0.6687781371332,394.90525065256,1.8826870630535,-3.8808298476222,1.1250820791031e-09
45.375,899767752.08676,899128751.37526,866299685.17812,320630115.83429,320910245.68767,290322493.78484,0.083977448292488,0.038724986678459,-0.065754767911084,255995448.23992,256123907.84062,0.00040556815990864,0.00068062499999999,0.00054524514694527,1.4235744960794,1.4079927238071e-12,6.4382017769649e-19,0.024968260324755,4.8846222580669,0.47187512056873,0.31510807096741,0.70382596602306,0.37051206635824,452.00347795284,-7.9754172853066,0.25419857201338,0.81408176051286,392.01132844597,1.7233494384811,-8.1666271298984,1.1250922465256e-09
45.425,899527010.14224,899038431.72203,866075609.27651,320389373.88977,320819926.03445,290098417.88322,0.083977448292488,0.038724986678459,-0.065754767911084,255995485.90598,256122723.92071,0.00040613936017954,0.00068137499999999,0.00054555259506605,1.4240218032699,1.4079927238071e-12,6.4382017769649e-19,0.02213690766457,4.4336063356858,0.47228360073492,0.31537237073896,0.70415077698985,0.37084668535886,451.09490806517,-4.4195296811314,0.53007607275015,0.81309956639079,393.81533428891,1.143106555166,-4.6693564519088,1.1250959434459e-09
45.475,899295321.27429,898918782.37801,865845633.0758,320157685.02183,320700276.69043,289868441.68251,0.083977448292488,0.038724986678459,-0.065754767911084,255995522.7576,256119833.64154,0.00040620332656723,0.00068212499999999,0.00054585709777627,1.4244643660267,1.4079927238071e-12,6.4382017769649e-19,0.022776373421453,9.3398403178695,0.47269704906142,0.31563828197229,0.70457226152496,0.37118206698432,451.53117613523,-5.8752314779777,0.3843113036157,0.73960257125868,393.72926072437,1.2398737755037,-5.2793151540647,1.1251213325146e-09
45.525,899060388.64269,898819193.60045,865624985.84996,319922752.39023,320600687.91286,289647794.45667,0.083977448292488,0.038724986678459,-0.065754767911084,255995561.72484,256117044.66057,0.00040649158590361,0.00068287499999999,0.00054617538571841,1.4249040025657,1.4079927238071e-12,6.4382017769649e-19,0.021953409970533,8.1924678605866,0.47310944615338,0.31590555714063,0.70503924748841,0.37151761579671,451.84996793619,-5.2603230255851,0.305883987075,0.62036792831641,394.99812211611,1.2654356811899,-5.4666158533364,1.1251300013669e-09
45.575,898818927.59299,898737465.08594,865412342.95538,319681291.34052,320518959.39836,289435151.56209,0.083977448292488,0.038724986678459,-0.065754767911084,255995597.91612,256116950.70507,0.00040658419758795,0.00068362499999999,0.00054640626667921,1.4253438688941,1.4079927238071e-12,6.4382017769649e-19,0.021496209599471,6.3365845369412,0.47351050082366,0.31616489345696,0.70556552903492,0.37185353463215,451.07502145139,0.163766032013,0.39654833998428,0.5529984946413,398.58480349458,0.82326406625686,0.5598588554662,1.1251383998311e-09
45.625,898581826.0635,898594998.53399,865201956.83366,319444189.81103,320376492.84641,289224765.44038,0.083977448292488,0.038724986678459,-0.065754767911084,255995633.52461,256114682.00392,0.00040669198163681,0.00068437499999999,0.00054675791784222,1.4257655276953,1.4079927238071e-12,6.4382017769649e-19,0.022175253789043,5.5255309862091,0.47388948410442,0.31640805521051,0.71524511119183,0.37218623283236,449.31566433471,12.325113460558,0.60066916610842,0.61214999743533,409.24466496991,1.1760635721399,13.02912700527,1.1251533951429e-09
45.675,898351441.43251,898481886.34074,865011533.90583,319213805.18005,320263380.65316,289034342.51254,0.083977448292488,0.038724986678459,-0.065754767911084,255995667.23566,256113462.13934,0.00040690877419415,0.00068512499999999,0.00054729715608129,1.4262543218104,1.4079927238071e-12,6.4382017769649e-19,0.021645275934436,3.1844870365468,0.47434906690146,0.31670821443789,0.71440130357893,0.37252068839986,451.80144518434,-3.0518246974524,0.10593778455633,0.75288731900993,393.94518763467,1.9980136546858,-3.9418511200905,1.1251547904734e-09
45.7,898234007.35536,898421754.09526,864896669.30474,319096371.10289,320203248.40768,288919477.91145,0.083977448292488,0.038724986678459,-0.065754767911084,255995685.99815,256112509.93365,0.00040977019013657,0.00068549999999999,0.00054737153087351,1.4264749175946,1.4079927238071e-12,6.4382017769649e-19,0.025746491809006,6.5600861516505,0.47453734699762,0.31683049333856,0.71467017522073,0.37268754285042,449.34613417022,5.5508889950886,0.25954411187026,1.150139489515,399.03730457332,1.4135146623698,5.5429914385684,1.1251940733211e-09
45.75,897965056.95128,898142345.99439,864609640.23088,318827420.69882,319923840.30681,288632448.83759,0.083977448292488,0.038724986678459,-0.065754767911084,255995720.7632,256111720.55156,0.00041057145589268,0.00068624999999999,0.00054774188148954,1.4268816037765,1.4079927238071e-12,6.4382017769649e-19,0.025979538000536,15.76650033526,0.474910533669,0.31707060539539,0.71593246915879,0.37301815121508,447.86849923144,18.614405261111,0.4690563074385,1.0854526965408,413.23423233993,1.7031322584525,19.56223410352,1.1252029109573e-09
45.8,897759533.5923,898054747.15936,864418148.28642,318621897.33983,319836241.47177,288440956.89314,0.083977448292488,0.038724986678459,-0.065754767911084,255995750.10035,256110792.74783,0.00041071687610401,0.00068699999999999,0.00054919405736825,1.4273846983121,1.4079927238071e-12,6.4382017769649e-19,0.021650993758384,5.5570338416052,0.47538718444032,0.31737848955947,0.71567861797405,0.37335182320429,451.85876910198,-4.0209852459268,0.71089386755486,0.6866179927986,391.93140977669,2.0260622391251,-4.3496179899513,1.1252049634307e-09
45.85,897469720.32609,897917385.63286,864128612.67239,318332084.07362,319698879.94527,288151421.27911,0.083977448292488,0.038724986678459,-0.065754767911084,255995788.01461,256109375.00022,0.00041091448316533,0.00068774999999999,0.00054937461450148,1.4278320591854,1.4079927238071e-12,6.4382017769649e-19,0.02764366022343,9.0633040794058,0.4757965708054,0.31764311906832,0.71610305219569,0.37368639696346,449.84468053817,-3.179077926233,0.98553804068936,0.33636657534966,391.81336169311,2.1634260325947,-3.422770751749,1.1252095895895e-09
45.9,897215679.47362,897805803.53843,863893379.18121,318078043.22115,319587297.85085,287916187.78792,0.083977448292488,0.038724986678459,-0.065754767911084,255995822.56189,256105558.18406,0.00041110281482626,0.00068849999999999,0.00054971188193191,1.4282760625265,1.4079927238071e-12,6.4382017769649e-19,0.023284302922451,5.5919623851796,0.47620447841105,0.31790795548053,0.71635061673255,0.37402044518396,449.60728055983,-0.18386739774962,0.91714497426367,0.63771660138039,393.72314668582,1.6469827730246,-0.24607365689713,1.1252127199526e-09
45.95,896950661.08618,897622123.24595,863658128.68035,317813024.83372,319403617.55836,287680937.28706,0.083977448292488,0.038724986678459,-0.065754767911084,255995859.30509,256103379.68155,0.00041107440828069,0.00068924999999999,0.00054990275969375,1.4286683222192,1.4079927238071e-12,6.4382017769649e-19,0.023171516398779,4.4188915300439,0.47655306726801,0.31813274874377,0.7173888711198,0.37434895490051,446.27134125524,21.955015776437,0.85457825037372,0.57825291034135,415.45470025969,1.3225608330288,22.630444461309,1.1252380538889e-09
46,896752126.3511,897545574.59714,863484260.29543,317614490.09863,319327068.90955,287507068.90215,0.083977448292488,0.038724986678459,-0.065754767911084,255995884.72329,256081466.67837,0.00041163063814506,0.00068999999999999,0.00055056278874254,1.429172426215,1.4079927238071e-12,6.4382017769649e-19,0.020617869604095,4.1507842563134,0.47703740125509,0.31844604538938,0.71739850083287,0.37468297802812,451.33943029212,-4.7386867073701,1.0013180371002,0.62896659320576,391.61346290287,1.7606088627564,-4.9922048497151,1.1252400734996e-09
46.049999999999,896470182.03574,897391365.31515,863214150.55868,317332545.78328,319172859.62757,287236959.1654,0.083977448292488,0.038724986678459,-0.065754767911084,255995921.51291,256081138.62532,0.00041154897274029,0.00069074999999999,0.00055085221776335,1.4295946334714,1.4079927238071e-12,6.4382017769649e-19,0.025868079043479,4.4961527707292,0.47741186491007,0.31868715623866,0.71816760103421,0.37501540197687,450.32762631646,10.613773999323,0.49625324074466,1.4996515295121,404.33540184558,1.0391569060291,10.684270027809,1.1252603006639e-09
46.099999999999,896198861.34564,897178573.47475,862931512.44786,317061225.09317,318960067.78717,286954321.05458,0.083977448292488,0.038724986678459,-0.065754767911084,255995953.78937,256079524.51969,0.00041217720044676,0.00069149999999999,0.00055109520615578,1.4300088539372,1.4079927238071e-12,6.4382017769649e-19,0.02347891201911,5.9434304892568,0.4777867746638,0.31892790643397,0.71902227473277,0.3753461421757,448.26500009742,22.598170014558,0.2353742939087,1.0174731004306,416.53263200101,1.312566696411,22.898627933155,1.1252778971511e-09
46.124999999999,896086762.95658,897125766.64885,862827894.56386,316949126.70412,318907260.96126,286850703.17057,0.083977448292488,0.038724986678459,-0.065754767911084,255995968.02409,256074252.47447,0.00041242615680592,0.00069187499999999,0.00055148756173387,1.4302977861365,1.4079927238071e-12,6.4382017769649e-19,0.022212614960889,3.0637223333437,0.47806391661155,0.31910762392334,0.71888415737293,0.37551278734872,451.52351667466,-3.999449015671,0.48391857775396,0.29820097844425,391.67427566102,1.893946233826,-3.768114807319,1.125278239923e-09
46.174999999999,895715920.13922,896876192.04386,862484685.45919,316578283.88675,318657686.35627,286507494.06591,0.083977448292488,0.038724986678459,-0.065754767911084,255996008.32365,256073822.23549,0.00041254993313826,0.00069262499999999,0.00055174549585627,1.4307613685475,1.4079927238071e-12,6.4382017769649e-19,0.031957239867881,13.197739223491,0.4784772244219,0.3193748160395,0.71908250948137,0.37584766749939,449.55099474705,-3.2151730454481,0.55579097180334,0.4581510693263,388.77592141314,1.6129866706047,-3.3175211705888,1.1252789656261e-09
46.199999999999,895590756.29788,896829479.93688,862376178.97353,316453120.04542,318610974.24929,286398987.58024,0.083977448292488,0.038724986678459,-0.065754767911084,255996025.47055,256073712.04109,0.00041262556719992,0.00069299999999999,0.00055188596423395,1.430977709775,1.4079927238071e-12,6.4382017769649e-19,0.02413697601065,5.7599280847981,0.47866944191836,0.31949959236206,0.71925569344407,0.37601383893832,448.07092676027,2.9760361412891,0.67362982803441,0.78886861523188,393.11383517236,1.6194188028154,2.3509863825471,1.1252868008878e-09
46.249999999999,895301458.87955,896607161.92466,862133737.66506,316163822.62709,318388656.23707,286156546.27177,0.083977448292488,0.038724986678459,-0.065754767911084,255996058.16039,256070303.37206,0.00041299436950348,0.00069374999999999,0.00055221680475334,1.4314118622516,1.4079927238071e-12,6.4382017769649e-19,0.026104473216832,18.159714750361,0.47909035872339,0.31977098839849,0.7194946769815,0.3763453201454,449.25619445581,-3.0197518178629,0.63216798414824,0.52451433368047,392.22130027499,1.9039808583701,-3.5798643549265,1.125292331705e-09
46.274999999999,895187363.30189,896563306.67037,862037684.02078,316049727.04942,318344800.98278,286060492.6275,0.083977448292488,0.038724986678459,-0.065754767911084,255996073.39404,256070224.13705,0.00041311758831705,0.00069412499999999,0.00055229465420216,1.4316288789344,1.4079927238071e-12,6.4382017769649e-19,0.022028302077373,6.1204197849439,0.47928567276647,0.31989675139742,0.71961938190805,0.37651250510773,449.42947032274,1.6483898491485,0.65084170457618,0.95420050417962,395.6804940483,1.6487650146874,1.0495550430145,1.1253003492769e-09
46.299999999999,895069131.67831,896511006.16321,861930839.58637,315931495.42585,318292500.47563,285953648.19308,0.083977448292488,0.038724986678459,-0.065754767911084,255996088.80701,256069513.99747,0.00041298588059398,0.00069449999999999,0.0005524364129052,1.4318455429069,1.4079927238071e-12,6.4382017769649e-19,0.023785603114227,7.052552284526,0.47948677701658,0.32002531387119,0.71977578434043,0.37667871710523,449.10851724238,3.1587242110387,0.23024805479939,0.98821568325709,397.50863979027,1.3337065429112,2.5355244946095,1.1253068253422e-09
46.324999999999,894954367.4654,896449139.44212,861810554.60427,315816731.21294,318230633.75454,285833363.21098,0.083977448292488,0.038724986678459,-0.065754767911084,255996104.4621,256068957.12447,0.00041287589572221,0.00069487499999999,0.00055252803578315,1.4320427043151,1.4079927238071e-12,6.4382017769649e-19,0.023866912765791,10.662347938344,0.4796595460178,0.32013533703841,0.72037541818277,0.37684270354323,445.53518428576,13.761385041955,0.73072128764988,0.73310970115272,407.60102238461,1.3081282518398,14.294226853432,1.1253162118837e-09
46.349999999999,894844478.90292,896396830.61952,861719219.09615,315706842.65046,318178324.93193,285742027.70286,0.083977448292488,0.038724986678459,-0.065754767911084,255996117.62641,256068956.71516,0.00041326445566603,0.00069524999999999,0.0005528747069175,1.4322998053013,1.4079927238071e-12,6.4382017769649e-19,0.021608835144494,11.561797394424,0.47991518406274,0.32030149226344,0.72030567983475,0.37700950052428,450.49099931645,-5.0785484398386,0.74785204230199,0.26444313416007,392.19201210943,1.9398603794066,-5.0068097463464,1.1253169399864e-09
46.399999999999,894546053.22189,896264019.56657,861459006.40927,315408416.96943,318045513.87899,285481815.01598,0.083977448292488,0.038724986678459,-0.065754767911084,255996176.4957,256067794.06724,0.00041346917792993,0.00069599999999999,0.00055323135014714,1.432747394791,1.4079927238071e-12,6.4382017769649e-19,0.026739408847861,13.693779768289,0.48032593849793,0.32056716717756,0.72072015220076,0.37734188192677,450.30331254831,-4.7333802763881,0.3349159252384,0.78281847682605,392.22509317387,2.1941401555328,-4.9929614608436,1.1253185489754e-09
46.449999999999,894313733.11381,896187539.54376,861246008.52398,315176096.86134,317969033.85617,285268817.13069,0.083977448292488,0.038724986678459,-0.065754767911084,255996208.04374,256067511.65031,0.00041365693573827,0.00069674999999999,0.00055342354112592,1.4331927303724,1.4079927238071e-12,6.4382017769649e-19,0.022220229645183,4.4642907053838,0.48073859549506,0.32083342676209,0.72094401396007,0.37767531598824,449.83991932306,-6.2375261657963,0.69219729489054,0.47864231068858,391.04096407597,2.0841058690243,-6.0873478227123,1.1256103990109e-09
46.499999999999,894083985.47671,896105908.76034,861012973.56812,314946349.22424,317887403.07276,285035782.17484,0.083977448292488,0.038724986678459,-0.065754767911084,255996238.8735,256067159.52133,0.00041393948194657,0.00069749999999999,0.00055365736458646,1.4336291580898,1.4079927238071e-12,6.4382017769649e-19,0.021838338405358,5.1653472906799,0.4811440574318,0.32109580987335,0.72136090726886,0.37800816338314,450.05986099291,-4.381497980566,0.87111992939109,0.48009325482393,393.55026245773,1.8036122619238,-4.4652248036497,1.1256104079164e-09
46.549999999999,893852311.85528,896019797.95838,860805309.34118,314714675.60281,317801292.2708,284828117.94789,0.083977448292488,0.038724986678459,-0.065754767911084,255996268.73139,256067103.61675,0.0004139862533331,0.00069824999999999,0.00055388470354254,1.4340331455309,1.4079927238071e-12,6.4382017769649e-19,0.021481668439055,9.4594224379902,0.48150442413746,0.32132806919658,0.72220563884478,0.37833832444029,447.75304261017,13.481959958277,0.38161621391166,0.6439383119568,409.93519081665,1.8833880813327,14.541792835877,1.1256104285046e-09
46.599999999999,893647941.82433,895946221.74473,860625429.53943,314510305.57187,317727716.05715,284648238.14614,0.083977448292488,0.038724986678459,-0.065754767911084,255996295.40272,256066518.23124,0.00041431272365819,0.00069899999999999,0.00055430534982305,1.4345235245894,1.4079927238071e-12,6.4382017769649e-19,0.020237356899116,3.2472198506355,0.48196999562773,0.32163017598732,0.72233051206702,0.37867244492793,451.00879020567,-6.6394091141056,0.75039710801881,0.40421997737055,391.16710767435,2.4562178292928,-7.4588033182805,1.1256104511824e-09
46.649999999999,893390616.39924,895844074.85212,860374738.11489,314252980.14677,317625569.16453,284397546.7216,0.083977448292488,0.038724986678459,-0.065754767911084,255996328.47917,256066177.49963,0.00041452177770328,0.00069974999999999,0.00055455413450105,1.4349719469964,1.4079927238071e-12,6.4382017769649e-19,0.02418365023947,3.8004684939774,0.48237093579047,0.32188835187952,0.72269894091408,0.37900469014275,450.075147203,-2.5255422180349,0.86795045956594,0.90866249146679,393.30618736036,2.1727816265921,-2.3621951387382,1.1256111720032e-09
46.699999999999,893131042.42493,895732540.89189,860146461.13483,313993406.17247,317514035.2043,284169269.74155,0.083977448292488,0.038724986678459,-0.065754767911084,255996357.21286,256066023.22458,0.00041600398109596,0.00070049999999999,0.00055492798472692,1.435425535387,1.4079927238071e-12,6.4382017769649e-19,0.023839354630943,7.2511846890321,0.48278520052201,0.32215489865862,0.72300516551097,0.37933607448108,449.74040087596,-4.9546467638434,0.43358906853052,0.13779882599004,390.90561151155,2.2411657329073,-4.5422027185176,1.1256146786646e-09
46.749999999999,892862516.08721,895609249.89786,859912976.27251,313724879.83475,317390744.21028,283935784.87922,0.083977448292488,0.038724986678459,-0.065754767911084,255996386.48526,256065585.82604,0.00041596603971613,0.00070124999999999,0.00055527350528179,1.4358717867044,1.4079927238071e-12,6.4382017769649e-19,0.02402633796028,6.6868313006936,0.48320077588588,0.3224228556159,0.72353661813464,0.37966747461789,450.13902816542,-8.2838010407628,0.031522080031503,0.42385286729268,389.00008647514,2.1914075967864,-8.5643005578269,1.1256256656524e-09
46.799999999999,892611100.47724,895517627.13922,859699830.37773,313473464.22477,317299121.45164,283722638.98444,0.083977448292488,0.038724986678459,-0.065754767911084,255996416.13137,256058809.33377,0.00041616656146762,0.00070199999999999,0.00055560148878372,1.4363028162054,1.4079927238071e-12,6.4382017769649e-19,0.022739831932973,8.4346812310399,0.4836005061546,0.32268108795363,0.72380754750147,0.37999870114336,449.45483743777,-4.7042659514773,0.36930882879334,0.40263165041299,393.20499264855,1.901641571385,-5.1895897018478,1.1256310750776e-09
46.849999999999,892383561.51882,895439035.92182,859498498.68631,313245925.26636,317220530.23424,283521307.29303,0.083977448292488,0.038724986678459,-0.065754767911084,255996444.47779,256058438.21786,0.00041594578702172,0.00070274999999999,0.00055585459841898,1.4367491546205,1.4079927238071e-12,6.4382017769649e-19,0.020945837543119,4.5872889332774,0.48400698686164,0.32294433728146,0.72421557416631,0.38033092647056,449.96685890201,-3.205773465528,0.72747001170977,0.31401218870997,393.85362242906,1.6736694567921,-3.3509723820164,1.1256354776018e-09
46.899999999999,892150288.65277,895327316.78168,859273668.46527,313012652.40031,317108811.0941,283296477.07198,0.083977448292488,0.038724986678459,-0.065754767911084,255996473.27754,256058437.64042,0.00041619452232959,0.00070349999999999,0.00055618138639848,1.4371893027186,1.4079927238071e-12,6.4382017769649e-19,0.022345072029965,3.6789461279241,0.48441980484769,0.32321058191632,0.72463006943707,0.38066209859704,449.85259840607,-6.2651471373654,0.34593948080649,0.42791632034769,392.81734198918,1.7911576280049,-6.3760222458762,1.1256422886064e-09
46.949999999999,891930814.53957,895254435.44544,859074014.85871,312793178.2871,317035929.75786,283096823.46543,0.083977448292488,0.038724986678459,-0.065754767911084,255996501.1385,256058435.8415,0.00041625424875991,0.00070424999999999,0.00055644930522579,1.4376402238805,1.4079927238071e-12,6.4382017769649e-19,0.020837834071199,2.1772732631917,0.48483465431807,0.32347881580548,0.72501046976336,0.38099291712206,451.31025751601,-9.0545123105821,-0.21468208613228,0.52665293704259,391.0909980067,2.2936423953782,-8.8296912488513,1.1256521722586e-09
46.999999999999,891699526.26418,895183394.57594,858856970.14153,312561890.01172,316964888.88836,282879778.74824,0.083977448292488,0.038724986678459,-0.065754767911084,255996528.90618,256058341.58145,0.00041643642451761,0.00070499999999999,0.00055672411460661,1.4380773899342,1.4079927238071e-12,6.4382017769649e-19,0.021642488415889,2.6143451428981,0.48523523267794,0.32373654638381,0.7255266979949,0.38132363844635,450.27747546375,-5.7628537440686,0.046653016814214,0.37214680843767,393.67832618389,1.8426957244591,-5.907263183494,1.1256651875469e-09
47.024999999999,891591443.89026,895147668.63534,858760999.84818,312453807.6378,316929162.94775,282783808.4549,0.083977448292488,0.038724986678459,-0.065754767911084,255996542.61462,256058323.04977,0.00041649382301893,0.00070537499999999,0.00055688964168705,1.4382903517386,1.4079927238071e-12,6.4382017769649e-19,0.0212026117389,5.013606203413,0.48542503494896,0.32385866881751,0.72598545374085,0.38148844429041,449.34229200566,-0.042057813214941,0.2388364537101,0.9258698026564,398.52011770857,1.775606001025,-0.47605807631848,1.125675520402e-09
47.074999999999,891360665.15381,895050021.80147,858560485.32886,312223028.90135,316831516.11389,282583293.93557,0.083977448292488,0.038724986678459,-0.065754767911084,255996568.77636,256058256.06501,0.00041664078718462,0.00070612499999999,0.00055721195993718,1.4387441670476,1.4079927238071e-12,6.4382017769649e-19,0.020896702145496,4.1702080262428,0.4858556335391,0.32413609349273,0.72646132835939,0.38181944329351,451.64689013286,-9.9154577436102,0.14296850000671,0.66846210604619,391.91888950516,1.9224568440757,-10.013737574904,1.1256817545517e-09
47.124999999999,891145424.91098,894980555.51618,858358937.89172,312007788.65852,316762049.8286,282381746.49844,0.083977448292488,0.038724986678459,-0.065754767911084,255996597.28113,256057820.38397,0.00041670911483046,0.00070687499999999,0.00055727468426837,1.4391551624222,1.4079927238071e-12,6.4382017769649e-19,0.021515232733265,3.0106465789918,0.48619217365262,0.32435447253338,0.72760314112562,0.3821462479104,446.93287152352,17.67834574378,0.14443182442524,0.44193369135412,413.22774845915,2.0826366218305,18.755496554785,1.125701000957e-09
47.174999999999,890930029.53218,894905013.53744,858163836.13129,311792393.27972,316686507.84985,282186644.73801,0.083977448292488,0.038724986678459,-0.065754767911084,255996618.5407,256055868.44904,0.00041701575767991,0.00070762499999999,0.00055790079130797,1.4396567226048,1.4079927238071e-12,6.4382017769649e-19,0.020769348812323,2.5323496936249,0.48666272142804,0.32465967612858,0.72769384172343,0.38247655834573,450.16371504485,-5.1049909039017,-0.0027487257532637,0.37737935094695,391.48050922793,2.5252627281778,-5.2375218565983,1.1257055763067e-09
47.199999999999,890812290.41014,894864992.00362,858045078.08047,311674654.15767,316646486.31603,282067886.68718,0.083977448292488,0.038724986678459,-0.065754767911084,255996632.95802,256055515.50631,0.0004169450519723,0.00070799999999999,0.00056138555733695,1.4398772767215,1.4079927238071e-12,6.4382017769649e-19,0.02579201167548,4.5417584875397,0.48685177591904,0.32478149506567,0.7279908264787,0.38264246892061,447.59622235528,2.1673997769316,0.096696868337462,0.75340831953403,395.43471573427,1.9433519053706,2.5651378379288,1.1257076842684e-09
47.249999999999,890570341.9685,894754349.64838,857814688.83221,311432705.71604,316535843.96079,281837497.43892,0.083977448292488,0.038724986678459,-0.065754767911084,255996661.27194,256054986.76931,0.00041738626543934,0.00070874999999999,0.0005609145482874,1.4403195786614,1.4079927238071e-12,6.4382017769649e-19,0.023863808469552,17.559808848439,0.48727360656816,0.32505300318409,0.72821289504194,0.38297145924867,449.33678739633,-5.0655876638024,0.28512628535959,0.95891002684542,392.60634292072,2.1701576585894,-5.1489487272036,1.1257130890036e-09
47.299999999999,890348688.71984,894682828.63155,857605952.92709,311211052.46737,316464322.94396,281628761.53381,0.083977448292488,0.038724986678459,-0.065754767911084,255996687.66343,256054655.59044,0.00041791099887687,0.00070949999999999,0.00056077211341632,1.4407158206943,1.4079927238071e-12,6.4382017769649e-19,0.021427559259114,3.2793600593826,0.48762435678124,0.32527942562405,0.72918376062838,0.38329937206236,447.0196491329,15.330491343575,0.33578884048925,0.76898947170343,411.57026528593,1.6093546030872,16.063303839793,1.1257321234356e-09
47.349999999999,890162643.89988,894614379.56966,857424841.53979,311025007.64741,316395873.88207,281447650.1465,0.083977448292488,0.038724986678459,-0.065754767911084,255996711.14531,256053887.89951,0.00041828029466311,0.00071024999999999,0.00056105590273332,1.4412073017624,1.4079927238071e-12,6.4382017769649e-19,0.019771847859354,8.8959619503145,0.48808959358659,0.3255799586921,0.72939020754295,0.38362899719681,450.0056341072,-6.5015267127429,0.3093788536419,0.29910780611674,392.07312688597,2.264036285034,-6.3844248409127,1.1257359484845e-09
47.399999999999,889919887.14694,894499508.9364,857186632.10163,310782250.89447,316281003.24882,281209440.70834,0.083977448292488,0.038724986678459,-0.065754767911084,255996740.33367,256053733.72601,0.00041853927810635,0.00071099999999999,0.00056122445858465,1.441656819788,1.4079927238071e-12,6.4382017769649e-19,0.023745376494579,6.5058192789346,0.48848580464638,0.32583509690345,0.72978220036933,0.38396117077872,448.95757935485,-1.0100992672614,0.35389739847971,0.66122998527307,393.47013717951,3.1775525883933,-1.4440230290019,1.1257429585428e-09
47.449999999999,889689695.95685,894403994.18575,856953713.14797,310552059.70439,316185488.49817,280976521.75468,0.083977448292488,0.038724986678459,-0.065754767911084,255996767.37622,256053688.03543,0.00041883873172896,0.00071174999999999,0.00056170496427332,1.442103425946,1.4079927238071e-12,6.4382017769649e-19,0.022830310190652,4.7909977337913,0.48890062395335,0.32610377984032,0.73013623670862,0.38429054777455,448.34351078325,-4.1872642760353,0.82339313341447,0.14643646378438,391.0819170352,2.2690806722338,-4.8099761903355,1.1257527692145e-09
47.499999999999,889455130.52671,894286484.14793,856738355.69246,310317494.27425,316067978.46034,280761164.29918,0.083977448292488,0.038724986678459,-0.065754767911084,255996792.63991,256052428.54558,0.00041902217284976,0.00071249999999999,0.0005619543372091,1.4424947715862,1.4079927238071e-12,6.4382017769649e-19,0.022582173990537,3.6489334052484,0.48924710798844,0.3263261959442,0.73115359994651,0.38461585655721,445.66460420023,16.93474291057,0.92671057769741,0.60595583653612,411.74282553095,1.5768580720845,17.204615754335,1.1257742019842e-09
47.549999999999,889270210.8649,894217913.78358,856577776.33962,310132574.61244,315999408.09599,280600584.94633,0.083977448292488,0.038724986678459,-0.065754767911084,255996812.69122,256051533.75889,0.00041939247238281,0.00071324999999999,0.00056254043212602,1.4429955702654,1.4079927238071e-12,6.4382017769649e-19,0.019560885065341,5.1242230168679,0.48971443412096,0.32662835632447,0.73131284766108,0.38494616429446,450.11488663923,-5.39071210552,0.51221721953407,0.52243699852787,390.66783648584,2.5592123489687,-5.7774465064815,1.125777936691e-09
47.599999999999,888992705.70675,894091405.3845,856332580.12969,309855069.45428,315872899.69691,280355388.7364,0.083977448292488,0.038724986678459,-0.065754767911084,255996847.53702,256051350.29825,0.00041946439215118,0.00071399999999999,0.00056280746820095,1.4434481930492,1.4079927238071e-12,6.4382017769649e-19,0.025941438871162,5.5262451102738,0.49011835705741,0.32688815401175,0.73168313532724,0.38527457604516,449.27267630303,-4.9280985532714,0.34894598821093,0.42334337256549,390.53357405295,2.6267301071279,-4.54075308279,1.1257857906827e-09
47.624999999999,888868006.74671,894040986.85911,856219446.49371,309730370.49425,315822481.17152,280242255.10042,0.083977448292488,0.038724986678459,-0.065754767911084,255996860.88516,256051241.2533,0.00041941814372473,0.00071437499999999,0.00056301412875251,1.4436804476909,1.4079927238071e-12,6.4382017769649e-19,0.024140592792947,5.9667232929605,0.49031954916554,0.32701902479961,0.73165547404862,0.38544083810815,447.6680493633,-2.5336315354737,0.9086952071742,0.37795351789848,389.37409793728,2.1538857104247,-2.1932561591307,1.1257865950202e-09
47.674999999999,888586956.01694,893834916.10019,855949251.81883,309449319.76448,315616410.4126,279972060.42555,0.083977448292488,0.038724986678459,-0.065754767911084,255996886.48386,256050410.39167,0.00041954497828109,0.00071512499999999,0.0005632570670608,1.4440778949446,1.4079927238071e-12,6.4382017769649e-19,0.026816641348085,13.226696304567,0.49068101588897,0.32725120460248,0.73535018575201,0.38576744131414,446.0853724741,11.417116101861,0.44349802690426,0.68854861306777,404.98844083893,1.9104485382727,12.402050224276,1.1257934602347e-09
47.724999999999,888403482.52131,893768850.46524,855753352.11125,309265846.26885,315550344.77766,279776160.71796,0.083977448292488,0.038724986678459,-0.065754767911084,255996907.53972,256050372.57899,0.00042001550960549,0.00071587499999999,0.00056374187898356,1.4445486458724,1.4079927238071e-12,6.4382017769649e-19,0.020343868646718,2.8006310777515,0.49113932903813,0.32754766998978,0.73404020132204,0.38609654576464,450.08656789439,-8.5227997361733,0.37726135861626,0.90574850339718,390.18478966483,2.6879598327983,-8.9930647811765,1.1257985363908e-09
47.774999999999,888181051.0227,893696593.55918,855539523.24375,309043414.77024,315478087.8716,279562331.85046,0.083977448292488,0.038724986678459,-0.065754767911084,255996933.16359,256049963.53318,0.00041958001677002,0.00071662499999999,0.00056390202527621,1.44499314816,1.4079927238071e-12,6.4382017769649e-19,0.023172398418957,9.1416743777616,0.49154037148742,0.32780737073365,0.73429358793892,0.38642658337979,449.03981155016,-6.0339445243805,-0.017456550901522,0.70173226512077,391.62325553403,2.2784732031559,-5.7168018867652,1.1258036752243e-09
47.824999999999,887968256.05841,893629359.1655,855320410.21354,308830619.80595,315410853.47792,279343218.82026,0.083977448292488,0.038724986678459,-0.065754767911084,255996957.87832,256049721.07616,0.0004196362190917,0.00071737499999999,0.0005642233843569,1.4454371932526,1.4079927238071e-12,6.4382017769649e-19,0.022416712122918,12.864009745721,0.49194488852029,0.32806842674062,0.73467140722804,0.38675602564196,449.61291079387,-5.4174746029766,0.31271243419863,0.3784001434903,392.11566063305,2.2900728374079,-5.3808070822049,1.1258129435008e-09
47.874999999999,887705528.57454,893534369.71201,855100421.10969,308567892.32208,315315864.02443,279123229.71641,0.083977448292488,0.038724986678459,-0.065754767911084,255996981.59293,256049555.68419,0.0004199838589074,0.00071812499999999,0.00056440029376119,1.4458381323096,1.4079927238071e-12,6.4382017769649e-19,0.022560310333289,8.193881670828,0.49229422162829,0.32829145048057,0.73548775689583,0.38708113060758,446.28108935664,14.933715558079,0.98180687243813,0.77237730654965,410.23797427064,2.0869178110034,16.076032377063,1.1258351586668e-09
47.924999999999,887498680.90039,893446141.59446,854929248.07115,308361044.64793,315227635.90688,278952056.67786,0.083977448292488,0.038724986678459,-0.065754767911084,255997001.44276,256048963.97379,0.00042129145011997,0.00071887499999999,0.00056485133822418,1.4463350761149,1.4079927238071e-12,6.4382017769649e-19,0.020281470852457,2.8864892495647,0.49276792877567,0.32859707575919,0.7357165223007,0.38741007477711,451.31047005683,-10.862834882638,-0.061482941148694,0.70340449526345,387.97177442042,3.2154385764771,-10.878560698444,1.125853803905e-09
47.974999999999,887223311.38913,893348540.31661,854700340.13829,308085675.13667,315130034.62902,278723148.74501,0.083977448292488,0.038724986678459,-0.065754767911084,255997028.24131,256048672.74333,0.00042146871135334,0.00071962499999999,0.00056524707386938,1.4467779840611,1.4079927238071e-12,6.4382017769649e-19,0.026072999545413,6.8062060937782,0.49316060447084,0.32885077927501,0.73611628268945,0.38773930141578,448.27261377668,-4.5472268695661,0.22046263099151,0.34699387146334,391.37701123261,2.8435825219175,-5.2638547988971,1.1258546446522e-09
48.024999999999,886988885.72448,893249572.05191,854502435.24244,307851249.47202,315031066.36433,278525243.84916,0.083977448292488,0.038724986678459,-0.065754767911084,255997052.51052,256047835.0907,0.00042113611609414,0.00072037499999999,0.00056531514410843,1.4472296162106,1.4079927238071e-12,6.4382017769649e-19,0.02225617864765,6.3257667440624,0.49356598507612,0.32911199944217,0.73674989477824,0.3880673160557,448.75808645327,-5.8479094677753,0.26628781125641,0.22558114944373,389.75647037253,2.0138880591235,-5.2511238390608,1.1258576001414e-09
48.074999999999,886732661.10472,893144139.29266,854292914.57771,307595024.85226,314925633.60508,278315723.18443,0.083977448292488,0.038724986678459,-0.065754767911084,255997076.25258,256047708.30929,0.00042127375059382,0.00072112499999999,0.00056645287170388,1.4476792988632,1.4079927238071e-12,6.4382017769649e-19,0.024286231438011,10.373068451986,0.49396905202628,0.32937264526469,0.73709664870078,0.38839447160895,449.19472017319,-4.7311617813722,0.35830445313848,0.02649951767452,389.7821467024,2.8718273034503,-4.8647216411533,1.1258582808247e-09
48.099999999999,886593280.83343,893091259.90297,854186601.35367,307455644.58097,314872754.21538,278209409.96038,0.083977448292488,0.038724986678459,-0.065754767911084,255997087.25307,256047352.27589,0.00042146793805366,0.00072149999999999,0.00056653983790842,1.4478939825555,1.4079927238071e-12,6.4382017769649e-19,0.024403262217292,6.7935605410445,0.4941653500233,0.32949875111668,0.73794553630009,0.38855669084542,447.06345027537,-2.9999065249269,0.78288713499323,0.46676704360469,391.64337286435,2.329419678951,-3.5407990988732,1.1258619884559e-09
48.149999999999,886363568.76569,892998703.80585,853984021.62169,307225932.51323,314780198.11827,278006830.2284,0.083977448292488,0.038724986678459,-0.065754767911084,255997108.73851,256046858.25359,0.0004216170816161,0.00072224999999999,0.00056670522974895,1.4483418216249,1.4079927238071e-12,6.4382017769649e-19,0.022019379255682,4.8121779885171,0.4945701790814,0.32976059515604,0.738454656291,0.38888493734803,448.55626676667,-3.7262830851326,0.67836976137197,0.52537751622165,390.74931409916,2.270638402849,-3.602476934558,1.125866922707e-09
48.174999999999,886259835.85022,892961563.1102,853886956.20507,307122199.59776,314743057.42262,277909764.81178,0.083977448292488,0.038724986678459,-0.065754767911084,255997119.70565,256046726.86894,0.00042168385680328,0.00072262499999999,0.00056683170393259,1.4485511730565,1.4079927238071e-12,6.4382017769649e-19,0.022491824385063,5.3113398735732,0.49475859222599,0.32988126081009,0.73884124359663,0.389047423898,447.07860345019,1.666526652963,0.55250773117024,0.89738552073889,395.71289159577,1.083364394176,1.3575277233139,1.1258748456289e-09
48.224999999999,886032596.11148,892804621.11473,853667107.08733,306894959.85902,314586115.42714,277689915.69405,0.083977448292488,0.038724986678459,-0.065754767911084,255997140.69177,256046320.27731,0.00042175749967916,0.00072337499999999,0.00056705738314826,1.4489562285482,1.4079927238071e-12,6.4382017769649e-19,0.022304935274066,6.5298141569191,0.49511652467713,0.33011167700511,0.73985748542935,0.38937215391127,445.38489382048,18.055530165856,0.57861272263131,0.6204595353702,411.15754065188,1.5275532952863,18.398886695505,1.1258958586855e-09
48.274999999999,885836605.22225,892705863.67291,853499445.86786,306698968.96978,314487357.98533,277522254.47458,0.083977448292488,0.038724986678459,-0.065754767911084,255997158.6206,256045757.91405,0.00042241456937967,0.00072412499999999,0.00056757721597233,1.4494449555297,1.4079927238071e-12,6.4382017769649e-19,0.020796824147703,3.5498454514446,0.49558644385317,0.33041503211068,0.74013441754228,0.38969935067241,449.70124576876,-7.6552489829026,0.33068724262342,0.65594883219208,390.63762829246,2.3776536731854,-8.2935809307799,1.1258991763827e-09
48.324999999999,885599344.19857,892632706.14854,853283033.13015,306461707.94611,314414200.46095,277305841.73687,0.083977448292488,0.038724986678459,-0.065754767911084,255997185.89335,256045624.14524,0.00042240490483418,0.00072487499999999,0.00056769541986605,1.4498410857597,1.4079927238071e-12,6.4382017769649e-19,0.023363653904722,2.249414879051,0.4959323520165,0.33063636323378,0.7410615705416,0.39002397080276,446.8480679826,13.368168426414,0.6053523553872,0.67299034302601,410.24172868826,1.7478352709486,14.124904524229,1.1259154526356e-09
48.374999999999,885422498.21119,892579235.85573,853122428.81461,306284861.95872,314360730.16815,277145237.42133,0.083977448292488,0.038724986678459,-0.065754767911084,255997204.44741,256037120.87864,0.0004228311321438,0.00072562499999999,0.00056817904828729,1.4503423197779,1.4079927238071e-12,6.4382017769649e-19,0.019481059041248,6.7179501165933,0.49638467601013,0.33092757370103,0.74129297101351,0.39035284006817,450.47965529709,-2.864562421907,-0.35929298851593,0.73854503152232,392.47015436055,2.1864617261212,-2.6351706621011,1.1259171284088e-09
48.424999999999,885128898.89607,892436915.37248,852871640.01766,305991262.6436,314218409.68489,276894448.62437,0.083977448292488,0.038724986678459,-0.065754767911084,255997229.93378,256036906.47925,0.00042229300994048,0.00072637499999999,0.00056837913345326,1.4507346135714,1.4079927238071e-12,6.4382017769649e-19,0.027163383154728,5.6614506611781,0.49672160937452,0.33114398137642,0.74279229055122,0.39067708853263,445.37406734054,20.626547832334,0.46291834755014,0.50187011956869,413.32862993469,1.5590921377843,21.654824138024,1.1259359238327e-09
48.474999999999,884918250.68647,892327743.64854,852692360.16743,305780614.43401,314109237.96095,276715168.77414,0.083977448292488,0.038724986678459,-0.065754767911084,255997247.84681,256036383.33984,0.00042318881955556,0.00072712499999999,0.00056907295678939,1.4512317155122,1.4079927238071e-12,6.4382017769649e-19,0.021590528869539,7.9333092700288,0.49718994238664,0.33144666219187,0.74283191248077,0.39100321585595,448.88088027754,-3.1042286882557,0.16188408129811,0.57339252745813,392.28790650075,1.9694594038866,-3.0423468925652,1.1259372134183e-09
48.524999999999,884664780.84462,892234884.04704,852463755.93509,305527144.59215,314016378.35946,276486564.5418,0.083977448292488,0.038724986678459,-0.065754767911084,255997272.08398,256035179.23657,0.00042331585885425,0.00072787499999999,0.00056939928554482,1.4516503237246,1.4079927238071e-12,6.4382017769649e-19,0.025215784475268,6.1993251519881,0.49756421813009,0.33168701806844,0.7438176035044,0.39132922456074,448.60853970689,8.9864456579774,0.34924207155285,1.2533260432181,403.55294261925,1.7282267945166,8.3060638034119,1.1259496693497e-09
48.549999999999,884560173.03711,892197569.16528,852369075.46471,305422536.78465,313979063.47769,276391884.07142,0.083977448292488,0.038724986678459,-0.065754767911084,255997282.19225,256034419.22446,0.00042319222402211,0.00072824999999999,0.00056955733924538,1.4518997162199,1.4079927238071e-12,6.4382017769649e-19,0.021380756412138,6.485513501257,0.49779627911885,0.33183696455539,0.74367233528891,0.39149398003476,449.04243543315,-3.4127428335196,0.21599899930497,0.50463481794055,392.34044919625,2.2413279843715,-3.7788759013927,1.1259496808565e-09
48.574999999999,884416759.33099,892122120.26141,852254931.63521,305279123.07852,313903614.57383,276277740.24193,0.083977448292488,0.038724986678459,-0.065754767911084,255997294.2546,256034096.06571,0.00042350260697974,0.00072862499999999,0.00056973484460322,1.452124225355,1.4079927238071e-12,6.4382017769649e-19,0.026338386548508,9.9741411908248,0.49800081533191,0.33196834259895,0.74395060852463,0.39165570677335,447.95623906401,-5.7918252046576,0.12695393543308,0.76414882672877,390.76927778689,2.297776425159,-6.1428388722161,1.1259512139863e-09
48.624999999999,884159670.44526,892036584.38631,852050923.0748,305022034.1928,313818078.69873,276073731.68152,0.083977448292488,0.038724986678459,-0.065754767911084,255997315.41641,256033663.39856,0.00042344994706126,0.00072937499999999,0.0005699802034246,1.452569110695,1.4079927238071e-12,6.4382017769649e-19,0.021708321815774,6.2496528525168,0.49840209361596,0.33222670457724,0.74457355263827,0.39198300961887,448.2454753868,-5.9154612985659,-0.11274686982896,0.074281215730738,390.40665941879,2.1013057150377,-5.7363164308122,1.1260116932339e-09
48.674999999999,883934451.30465,891956511.30329,851842358.04493,304796815.05218,313738005.6157,275865166.65165,0.083977448292488,0.038724986678459,-0.065754767911084,255997336.06948,256033592.77766,0.00042327539818858,0.00073012499999999,0.00057022186973283,1.453006108434,1.4079927238071e-12,6.4382017769649e-19,0.021786308039095,3.5367181008993,0.49878844659025,0.33247580129635,0.74418996647073,0.39231133496095,447.87538396456,1.7965694154329,0.18510826119391,0.38271580592051,395.24698915888,2.1337188358738,1.6232167784898,1.1260334599363e-09
48.724999999999,883713805.34383,891858100.86515,851602155.25773,304576169.09137,313639595.17756,275624963.86444,0.083977448292488,0.038724986678459,-0.065754767911084,255997356.84484,256033517.65799,0.00042338066192576,0.00073087499999999,0.00057038311270137,1.4533932883599,1.4079927238071e-12,6.4382017769649e-19,0.022759288887823,6.3268688901891,0.49913337697376,0.33269675380024,0.74543257082475,0.39263515421513,445.69762815043,21.372040108432,0.25725795554786,0.76243413197864,415.7048641681,1.7376788453601,21.821578171916,1.1260432444142e-09
48.774999999999,883534212.32245,891797857.28059,851438901.22222,304396576.06999,313579351.59301,275461709.82893,0.083977448292488,0.038724986678459,-0.065754767911084,255997373.63237,256032129.70628,0.00042392329950605,0.00073162499999999,0.00057085537770064,1.4538998100548,1.4079927238071e-12,6.4382017769649e-19,0.01971902786817,4.3456831040081,0.49960506305309,0.3330030839298,0.74576713494963,0.39296214885782,450.22923246992,-3.9818904820309,0.12839405353197,0.76054319424399,392.74757620075,2.4410826441617,-4.3924904007878,1.1260433300926e-09
48.824999999999,883272054.70957,891708400.51708,851207009.84317,304134418.45711,313489894.8295,275229818.44989,0.083977448292488,0.038724986678459,-0.065754767911084,255997395.7688,256031869.32986,0.00042473133975075,0.00073237499999999,0.00057110179137846,1.4543490216846,1.4079927238071e-12,6.4382017769649e-19,0.025782520423948,5.051809590025,0.50000365199048,0.33325976374078,0.74605495219579,0.39329010003495,448.68695403135,-1.3477349134623,-0.11148722217805,0.46784552434655,392.41798927602,1.9477311499319,-1.7846136373161,1.126043605909e-09
48.849999999999,883160680.23755,891672846.26478,851108677.64755,304023043.98509,313454340.5772,275131486.25427,0.083977448292488,0.038724986678459,-0.065754767911084,255997406.25829,256031690.37958,0.00042526288275007,0.00073274999999999,0.0005711715568796,1.4545701224065,1.4079927238071e-12,6.4382017769649e-19,0.023021541616228,4.9491253119205,0.50020320176122,0.33338784683481,0.74648437029359,0.39345230892144,447.13095284967,-1.2576334935067,0.045500054405744,0.53731214472559,392.70913619542,1.8972427646739,-1.5604157052836,1.126043619213e-09
48.899999999999,882892867.74187,891560199.66387,850893770.73729,303755231.48941,313341693.97629,274916579.34401,0.083977448292488,0.038724986678459,-0.065754767911084,255997426.05346,256031460.49539,0.00042574196537133,0.00073349999999999,0.0005716023355312,1.4549880195342,1.4079927238071e-12,6.4382017769649e-19,0.023495604762031,12.050148454734,0.50058737502395,0.33363350736454,0.7477282175899,0.3937736742432,448.24906241161,4.5045102912346,-0.081909371700893,1.7516329492471,401.55482996536,1.9516677880161,4.2672220384445,1.126060971684e-09
48.924999999999,882800415.59703,891533304.18147,850809865.63028,303662779.34457,313314798.49389,274832674.237,0.083977448292488,0.038724986678459,-0.065754767911084,255997434.95398,256031188.26334,0.00042587432640329,0.00073387499999999,0.0005717216581743,1.4552244970909,1.4079927238071e-12,6.4382017769649e-19,0.020081834571899,2.6770294423486,0.50080890169131,0.33377707404235,0.74751960815957,0.39393905568859,448.16124659034,-3.2499651756846,0.19545386055386,0.55432785436151,394.1076782302,1.7275280402236,-3.5018206802864,1.1260609761615e-09
48.974999999999,882566952.53486,891462883.73726,850585537.98415,303429316.2824,313244378.04968,274608346.59087,0.083977448292488,0.038724986678459,-0.065754767911084,255997456.82581,256030270.09681,0.00042586312244145,0.00073462499999999,0.00057205067527589,1.4556726067489,1.4079927238071e-12,6.4382017769649e-19,0.02325194482192,7.4623159314724,0.50120481569662,0.33403263396257,0.74771738679652,0.39426639368199,447.88848368532,-0.34104145880664,-0.038839186380926,0.62199963538367,394.12729255405,1.8615172189814,-0.53052072561492,1.1260609822381e-09
49.024999999999,882353559.85675,891377052.73801,850355621.43145,303215923.60429,313158547.05042,274378430.03816,0.083977448292488,0.038724986678459,-0.065754767911084,255997477.05258,256030116.76019,0.00042640737371604,0.00073537499999999,0.00057229906891256,1.4561104958447,1.4079927238071e-12,6.4382017769649e-19,0.023258879629224,9.7461328356604,0.50160605848493,0.33429213246034,0.74829350535818,0.39459193851484,448.28251471656,-0.21435386322493,-0.18710491381286,0.45486824089369,395.29876923866,2.0305582180542,-0.59421363139917,1.1260651765457e-09
49.074999999999,882127052.2668,891268825.93017,850149574.32631,302989416.01434,313050320.24258,274172382.93303,0.083977448292488,0.038724986678459,-0.065754767911084,255997496.04336,256029996.42152,0.00042700585602451,0.00073612499999999,0.00057258555750914,1.4565648608379,1.4079927238071e-12,6.4382017769649e-19,0.022431677941525,6.5722751093937,0.50201883006686,0.33455816030923,0.7487019143362,0.39491680582146,448.99751144583,-5.3296924332199,0.072493323060448,0.42291848977498,391.23124758062,2.548304190087,-5.4862268990347,1.1260703218841e-09
49.124999999999,881892074.93639,891178452.2006,849928113.88098,302754438.68393,312959946.51302,273950922.4877,0.083977448292488,0.038724986678459,-0.065754767911084,255997515.59289,256028481.56613,0.0004273559761622,0.00073687499999999,0.00057272798299733,1.4570091369193,1.4079927238071e-12,6.4382017769649e-19,0.023765497051831,7.8429388571194,0.50241573220063,0.3348155459937,0.74942299598794,0.39524319863252,447.90940640234,-3.303143138812,-0.024431312775411,0.33164674953567,391.54496150022,1.8042894071545,-3.1138505686696,1.1260760978348e-09
49.174999999999,881679714.28123,891099823.80115,849712727.61842,302542078.02877,312881318.11356,273735536.22513,0.083977448292488,0.038724986678459,-0.065754767911084,255997534.35695,256028460.17848,0.00042755919878588,0.00073762499999999,0.00057300941593205,1.4574419331179,1.4079927238071e-12,6.4382017769649e-19,0.022389347925383,5.9822089898862,0.50281714054574,0.33507148962824,0.75003902577753,0.39556746453527,448.21412881975,-5.2722899984978,0.211577008796,0.4646999148029,392.3210343797,2.4658937600841,-5.5026097673612,1.126084697891e-09
49.224999999999,881467481.96038,891032960.58371,849514668.67369,302329845.70792,312814454.89613,273537477.28041,0.083977448292488,0.038724986678459,-0.065754767911084,255997552.47453,256028460.06644,0.00042802129839154,0.00073837499999999,0.00057268056576182,1.457887177028,1.4079927238071e-12,6.4382017769649e-19,0.021110499464818,4.0536661106688,0.50321688817869,0.33532775614684,0.75063845418219,0.39589295427252,449.06131273905,-5.4844913446383,0.039146963854424,0.20336469955677,392.12645918017,1.9878464131199,-5.3827661220754,1.1260911140386e-09
49.274999999999,881230403.44484,890909767.5419,849300422.18553,302092767.19238,312691261.85432,273323230.79224,0.083977448292488,0.038724986678459,-0.065754767911084,255997571.4281,256028459.76869,0.00042777064492362,0.00073912499999999,0.00057290428772246,1.4582926558859,1.4079927238071e-12,6.4382017769649e-19,0.02244514250005,4.0984076913273,0.50356039620246,0.33554814089506,0.75142056863941,0.39621637366291,445.30713348299,15.326771479565,0.39256564586046,0.57589375551767,409.41671538728,1.5249782213173,15.999906573828,1.1261089981078e-09
49.299999999999,881144325.21662,890880818.26865,849221343.93966,302006688.96415,312662312.58107,273244152.54638,0.083977448292488,0.038724986678459,-0.065754767911084,255997579.16306,256028222.74407,0.0004284090560148,0.00073949999999999,0.00057327835190588,1.4585547189348,1.4079927238071e-12,6.4382017769649e-19,0.019958855327004,2.7360448857897,0.50382092531753,0.33571611065766,0.75154746360146,0.39637852571786,449.45033153359,-7.7450502489515,-0.2022074079899,0.61112633765305,390.99194761349,2.5141097799281,-8.0384471078951,1.126109611394e-09
49.349999999999,880892237.91686,890738859.4993,848972307.2802,301754601.6644,312520353.81172,272995115.88691,0.083977448292488,0.038724986678459,-0.065754767911084,255997600.86269,256026982.37825,0.0004289128609751,0.00074024999999999,0.00057361278904308,1.4589945272493,1.4079927238071e-12,6.4382017769649e-19,0.025971179651235,8.0344149464197,0.50420730216187,0.33596585909503,0.75200633688935,0.39670364047969,447.87699202628,-1.497617461554,0.17214851379007,0.71776625966135,394.65691319461,2.3296309681281,-1.4646540860229,1.1261133127822e-09
49.399999999999,880681478.44771,890670680.4743,848767776.34935,301543842.19525,312452174.78672,272790584.95607,0.083977448292488,0.038724986678459,-0.065754767911084,255997619.55886,256026691.73441,0.00042900163974174,0.00074099999999999,0.00057368622698517,1.4593940656381,1.4079927238071e-12,6.4382017769649e-19,0.021424519744109,2.9685684061228,0.50455311157399,0.33618774600385,0.75294961565538,0.39702664471399,446.06441489417,17.928289043953,0.226015154964,0.52793036773726,412.55633908227,1.7679233174211,18.147086925632,1.1261309603557e-09
49.449999999999,880495075.52897,890591930.34157,848594691.77666,301357439.2765,312373424.65398,272617500.38338,0.083977448292488,0.038724986678459,-0.065754767911084,255997635.60323,256025978.31838,0.00042888656396767,0.00074174999999999,0.00057419897664463,1.4598962669732,1.4079927238071e-12,6.4382017769649e-19,0.020485220031532,6.3437163424976,0.50500788235252,0.33647987879229,0.75312386294916,0.39735389823495,448.26180247631,-1.5297954440413,0.44305805877375,0.2230347567588,392.15960144884,1.7319884107003,-1.6009896191349,1.126131305511e-09
49.499999999999,880252631.96369,890486658.26888,848357616.63962,301114995.71122,312268152.58129,272380425.24633,0.083977448292488,0.038724986678459,-0.065754767911084,255997656.80812,256025761.15296,0.00042934193105107,0.00074249999999999,0.0005745118415056,1.4603313767737,1.4079927238071e-12,6.4382017769649e-19,0.025816017751111,9.5455305576848,0.50541251104987,0.33674003468719,0.75366152852885,0.397677048456,447.55466565541,-4.3521826367428,0.047858608244568,0.5868183031072,392.38634790013,2.2396149954158,-4.488555453643,1.1261336618787e-09
49.524999999999,880152937.15839,890450562.41946,848266372.22029,301015300.90593,312232056.73188,272289180.827,0.083977448292488,0.038724986678459,-0.065754767911084,255997665.56885,256025732.05669,0.00042949234425946,0.00074287499999999,0.00057458209585457,1.4605517110955,1.4079927238071e-12,6.4382017769649e-19,0.021214137427902,8.3301738674533,0.50560291094936,0.33686178596025,0.75382499543097,0.39784020649698,447.20515604421,-0.69451945383626,0.15271180919431,0.54512407572275,394.43008552368,2.1248727161353,-0.87593801330024,1.1261364310799e-09
49.574999999999,879923081.12665,890340695.07893,848054190.83009,300785444.87419,312122189.39135,272076999.4368,0.083977448292488,0.038724986678459,-0.065754767911084,255997684.29255,256025685.13152,0.00042961487650778,0.00074362499999999,0.00057471764290409,1.4609449901597,1.4079927238071e-12,6.4382017769649e-19,0.022397804948728,18.566865034143,0.50594603930688,0.3370831361048,0.75471662426689,0.3981611489291,444.49705578647,19.766460998411,0.30290768249322,0.49644725660995,413.46733028466,1.5628148144029,20.799027997492,1.126153168794e-09
49.624999999999,879754488.29924,890273007.11127,847897712.48108,300616852.04678,312054501.42369,271920521.08779,0.083977448292488,0.038724986678459,-0.065754767911084,255997698.33314,256025663.59241,0.00043096562281496,0.00074437499999999,0.00057531491471326,1.4614387775585,1.4079927238071e-12,6.4382017769649e-19,0.01997982897497,4.932799532216,0.5064123844564,0.3373834315899,0.75497375392289,0.3984852265666,448.71875635129,-5.3400993605086,0.32644513688933,0.33065487385386,391.898980257,3.0177248554271,-5.3112506435712,1.1261549994039e-09
49.674999999999,879530905.94517,890186103.38202,847682993.37149,300393269.6927,311967597.69443,271705801.97821,0.083977448292488,0.038724986678459,-0.065754767911084,255997717.36443,256025410.74776,0.0004310090021838,0.00074512499999999,0.00057569454240065,1.4618732940772,1.4079927238071e-12,6.4382017769649e-19,0.024101986286992,4.271204181597,0.5068006844309,0.33763328686855,0.75550011961627,0.39880937582716,448.04422463884,-0.93917480969492,0.14727680520802,0.57835277178228,395.77069218655,2.7259296012386,-1.1242871445265,1.1261595803774e-09
49.724999999999,879330574.09082,890122720.27903,847496380.72943,300192937.83836,311904214.59144,271519189.33615,0.083977448292488,0.038724986678459,-0.065754767911084,255997735.06517,256025159.00473,0.00043118472026218,0.00074587499999999,0.00057587218530538,1.4623252956175,1.4079927238071e-12,6.4382017769649e-19,0.021219212357616,6.6541389868647,0.5072045260804,0.33789366167371,0.75600392186822,0.399133419431,447.59478859429,-2.3461962145485,0.48421451728957,0.28297373123047,393.74240133238,1.5677996626807,-2.3303606956804,1.1261645867429e-09
49.774999999999,879117392.45,890047732.68625,847303675.5326,299979756.19753,311829226.99866,271326484.13931,0.083977448292488,0.038724986678459,-0.065754767911084,255997752.09562,256024844.74859,0.00043146787930711,0.00074662499999999,0.00057611632647219,1.4627717248991,1.4079927238071e-12,6.4382017769649e-19,0.022386043598795,5.9590825049321,0.50760442401456,0.3381509071231,0.75643160653593,0.39945839186266,447.97645759246,-2.1570943587937,0.22921663337503,0.48643519645567,393.22774364725,1.628919497436,-2.4484779536695,1.1261659110865e-09
49.799999999999,879006042.84462,890006487.65197,847204118.19686,299868406.59216,311787981.96438,271226926.80357,0.083977448292488,0.038724986678459,-0.065754767911084,255997760.61401,256024120.57274,0.00043147566908413,0.00074699999999999,0.00057621669256093,1.4629837058418,1.4079927238071e-12,6.4382017769649e-19,0.023386437776639,10.352574419216,0.50779193817421,0.33827118310857,0.7567410977442,0.39961955320306,446.7591247789,2.8330001257867,0.10358901835504,0.8288571014087,397.38309765777,1.2454719534578,2.5083453062813,1.1261697404621e-09
49.824999999999,878878170.37417,889953373.94,847102227.84211,299740534.12171,311734868.25242,271125036.44882,0.083977448292488,0.038724986678459,-0.065754767911084,255997768.8722,256024018.42718,0.00043146164608748,0.00074737499999999,0.00057661142149356,1.463203439909,1.4079927238071e-12,6.4382017769649e-19,0.022949954299243,13.452036233766,0.50798513794108,0.33839519249478,0.7569976088105,0.39978304482218,447.38054596421,4.8624417784437,-0.22543736962722,0.47410869746566,398.92095700229,1.7428656820179,4.2908359439702,1.1261724108989e-09
49.874999999999,878640576.86729,889838300.02653,846901350.50842,299502940.61483,311619794.33894,270924159.11513,0.083977448292488,0.038724986678459,-0.065754767911084,255997785.65705,256023680.20137,0.00043174030488453,0.00074812499999999,0.00057694801234156,1.4636618332943,1.4079927238071e-12,6.4382017769649e-19,0.024662254538632,10.083595360779,0.50840781695251,0.33866746605331,0.75767655121003,0.40010654654792,448.91785465934,-4.3785569862868,-0.098339081893726,0.60901757761296,391.56972109544,1.0075749376668,-4.958203031666,1.1261724674879e-09
49.924999999999,878402187.6221,889731207.68652,846694184.30829,299264551.36963,311512701.99894,270716992.915,0.083977448292488,0.038724986678459,-0.065754767911084,255997802.67288,256022771.41923,0.00043182297526276,0.00074887499999999,0.00057702238620176,1.4641006600371,1.4079927238071e-12,6.4382017769649e-19,0.024147808447348,6.3939237478246,0.50879637251543,0.33891833351671,0.75814229097766,0.40043144477881,448.34263516823,0.028212410525851,-0.056515428501645,0.62898205067467,394.51355985193,1.3069577239517,0.24532688750953,1.1261726737366e-09
49.974999999999,878186087.22146,889657331.28434,846499304.48035,299048450.96899,311438825.59675,270522113.08707,0.083977448292488,0.038724986678459,-0.065754767911084,255997819.33498,256022770.23713,0.00043214050139261,0.00074962499999999,0.00057736084809073,1.4645526648011,1.4079927238071e-12,6.4382017769649e-19,0.023453998630067,7.9777932480673,0.50921130239194,0.33918345397441,0.7587223599543,0.40075325936426,448.98879941874,-8.3352608129318,0.1010678248005,0.44872762365608,388.80628593416,1.9093817769818,-8.2769704528369,1.126174824024e-09
